5.605e-07,-0.005827090731306706
5.606e-07,-0.004655215731306707
5.607e-07,-0.004373965731306707
5.608e-07,-0.004655215731306707
5.609e-07,-0.004100527731306707
5.61e-07,-0.0026552152645037065
5.611e-07,-0.0013036527313067068
5.612e-07,-0.0006552157313067068
5.613e-07,-0.0011708407313067066
5.614e-07,-0.0026552152645037065
5.615e-07,-0.004366152731306707
5.616e-07,-0.004655215731306707
5.617e-07,-0.003452090231306707
5.618e-07,-0.0026552152645037065
5.619e-07,-0.0035380277313067066
5.62e-07,-0.004655215731306707
5.621e-07,-0.004670840731306707
5.622e-07,-0.004655215731306707
5.623e-07,-0.005600527731306707
5.624e-07,-0.006655215731306707
5.625e-07,-0.0061708407313067065
5.626e-07,-0.004655215731306707
5.627e-07,-0.0038505277313067065
5.628e-07,-0.004655215731306707
5.629e-07,-0.005702090731306706
5.63e-07,-0.004655215731306707
5.631e-07,-0.0013036527313067068
5.632e-07,0.0013447852686932936
5.633e-07,0.0004619722686932935
5.634e-07,-0.0026552152645037065
5.635e-07,-0.004936465731306707
5.636e-07,-0.004655215731306707
5.637e-07,-0.0031942777313067067
5.638e-07,-0.0026552152645037065
5.639e-07,-0.0037255277313067068
5.64e-07,-0.004655215731306707
5.641e-07,-0.003967715731306706
5.642e-07,-0.0026552152645037065
5.643e-07,-0.0026786527613067066
5.644e-07,-0.004655215731306707
5.645e-07,-0.0071708407313067065
5.646e-07,-0.008655215731306707
5.647e-07,-0.008288027731306706
5.648e-07,-0.006655215731306707
5.649e-07,-0.004538027731306706
5.65e-07,-0.0026552152645037065
5.651e-07,-0.0012802157313067067
5.652e-07,-0.0006552157313067068
5.653e-07,-0.0011552157313067066
5.654e-07,-0.0026552152645037065
5.655e-07,-0.004319277731306707
5.656e-07,-0.004655215731306707
5.657e-07,-0.0035614652313067066
5.658e-07,-0.0026552152645037065
5.659e-07,-0.002897402731306707
5.66e-07,-0.0026552152645037065
5.661e-07,-0.0012255277313067067
5.662e-07,-0.0006552157313067068
5.663e-07,-0.0025067777313067066
5.664e-07,-0.004655215731306707
5.665e-07,-0.004420840731306707
5.666e-07,-0.0026552152645037065
5.667e-07,-0.0018895902313067067
5.668e-07,-0.0026552152645037065
5.669e-07,-0.0039286527313067065
5.67e-07,-0.004655215731306707
5.671e-07,-0.004303652731306707
5.672e-07,-0.0026552152645037065
5.673e-07,-0.0007802157313067067
5.674e-07,-0.0006552157313067068
5.675e-07,-0.0027099027613067066
5.676e-07,-0.004655215731306707
5.677e-07,-0.0048661527313067065
5.678e-07,-0.004655215731306707
5.679e-07,-0.005561465731306707
5.68e-07,-0.006655215731306707
5.681e-07,-0.006248965731306707
5.682e-07,-0.004655215731306707
5.683e-07,-0.003272402731306707
5.684e-07,-0.0026552152645037065
5.685e-07,-0.0025067777313067066
5.686e-07,-0.0026552152645037065
5.687e-07,-0.003272402731306707
5.688e-07,-0.004655215731306707
5.689e-07,-0.006248965731306707
5.69e-07,-0.006655215731306707
5.691e-07,-0.005491152731306707
5.692e-07,-0.004655215731306707
5.693e-07,-0.005014590731306707
5.694e-07,-0.004655215731306707
5.695e-07,-0.002389590231306707
5.696e-07,-0.0006552157313067068
5.697e-07,-0.0014989657313067067
5.698e-07,-0.0026552152645037065
5.699e-07,-0.0019286527313067067
5.7e-07,-0.0006552157313067068
5.701e-07,-0.0012958407313067067
5.702e-07,-0.0026552152645037065
5.703e-07,-0.0029755277313067065
5.704e-07,-0.0026552152645037065
5.705e-07,-0.0032333402313067068
5.706e-07,-0.004655215731306707
5.707e-07,-0.0058974027313067065
5.708e-07,-0.006655215731306707
5.709e-07,-0.0068974027313067066
5.71e-07,-0.006655215731306707
5.711e-07,-0.005709902731306707
5.712e-07,-0.004655215731306707
5.713e-07,-0.003670840731306707
5.714e-07,-0.0026552152645037065
5.715e-07,-0.0019833402313067065
5.716e-07,-0.0026552152645037065
5.717e-07,-0.004366152731306707
5.718e-07,-0.004655215731306707
5.719e-07,-0.0026395902613067066
5.72e-07,-0.0006552157313067068
5.721e-07,-0.0011708407313067066
5.722e-07,-0.0026552152645037065
5.723e-07,-0.0029911527313067066
5.724e-07,-0.0026552152645037065
5.725e-07,-0.003264590231306707
5.726e-07,-0.004655215731306707
5.727e-07,-0.005733340731306706
5.728e-07,-0.006655215731306707
5.729e-07,-0.007334902731306707
5.73e-07,-0.006655215731306707
5.731e-07,-0.004342715731306707
5.732e-07,-0.0026552152645037065
5.733e-07,-0.0027099027613067066
5.734e-07,-0.0026552152645037065
5.735e-07,-0.0012333407313067067
5.736e-07,-0.0006552157313067068
5.737e-07,-0.0026161527613067065
5.738e-07,-0.004655215731306707
5.739e-07,-0.004241152731306707
5.74e-07,-0.0026552152645037065
5.741e-07,-0.002334902731306707
5.742e-07,-0.0026552152645037065
5.743e-07,-0.0020224027313067066
5.744e-07,-0.0006552157313067068
5.745e-07,-3.802773130670654e-05
5.746e-07,-0.0006552157313067068
5.747e-07,-0.0018895902313067067
5.748e-07,-0.0026552152645037065
5.749e-07,-0.0026942777613067066
5.75e-07,-0.0026552152645037065
5.751e-07,-0.002866152731306707
5.752e-07,-0.0026552152645037065
5.753e-07,-0.0015849027313067066
5.754e-07,-0.0006552157313067068
5.755e-07,-0.0011005277313067066
5.756e-07,-0.0026552152645037065
5.757e-07,-0.0036161527313067067
5.758e-07,-0.0026552152645037065
5.759e-07,-0.0002255277313067067
5.76e-07,0.0013447852686932936
5.761e-07,0.0006650972686932932
5.762e-07,-0.0006552157313067068
5.763e-07,-0.0009052157313067066
5.764e-07,-0.0006552157313067068
5.765e-07,-0.0008895907313067068
5.766e-07,-0.0006552157313067068
5.767e-07,0.0006650972686932932
5.768e-07,0.0013447852686932936
5.769e-07,0.00021197226869329325
5.77e-07,-0.0006552157313067068
5.771e-07,0.00037603526869329313
5.772e-07,0.0013447852686932936
5.773e-07,0.00043072226869329345
5.774e-07,-0.0006552157313067068
5.775e-07,7.134726869329313e-05
5.776e-07,0.0013447852686932936
5.777e-07,0.001383847268693293
5.778e-07,0.0013447852686932936
5.779e-07,0.002461972268693293
5.78e-07,0.0033447852686932936
5.781e-07,0.002461972268693293
5.782e-07,0.0013447852686932936
5.783e-07,0.001352597268693293
5.784e-07,0.0013447852686932936
5.785e-07,0.00011041026869329333
5.786e-07,-0.0006552157313067068
5.787e-07,0.0003447852686932931
5.788e-07,0.0013447852686932936
5.789e-07,0.0006025972686932932
5.79e-07,-0.0006552157313067068
5.791e-07,-0.0007411527313067067
5.792e-07,-0.0006552157313067068
5.793e-07,-0.0015770907313067068
5.794e-07,-0.0026552152645037065
5.795e-07,-0.0022489652313067068
5.796e-07,-0.0006552157313067068
5.797e-07,0.0007744722686932933
5.798e-07,0.0013447852686932936
5.799e-07,0.0013604102686932936
5.8e-07,0.0013447852686932936
5.801e-07,0.0014541602686932937
5.802e-07,0.0013447852686932936
5.803e-07,0.0005244722686932931
5.804e-07,-0.0006552157313067068
5.805e-07,-0.0012880277313067068
5.806e-07,-0.0006552157313067068
5.807e-07,0.0012119722686932933
5.808e-07,0.0033447852686932936
5.809e-07,0.004329160268693294
5.81e-07,0.0033447852686932936
5.811e-07,0.0009463472686932935
5.812e-07,-0.0006552157313067068
5.813e-07,-0.0001395897313067069
5.814e-07,0.0013447852686932936
5.815e-07,0.0023916602686932936
5.816e-07,0.0033447852686932936
5.817e-07,0.004102597268693294
5.818e-07,0.0033447852686932936
5.819e-07,0.0008447852686932931
5.82e-07,-0.0006552157313067068
5.821e-07,0.0009072852686932932
5.822e-07,0.0033447852686932936
5.823e-07,0.003540097268693293
5.824e-07,0.0013447852686932936
5.825e-07,-0.0007802157313067067
5.826e-07,-0.0006552157313067068
5.827e-07,0.0015010352686932937
5.828e-07,0.0033447852686932936
5.829e-07,0.003579160268693293
5.83e-07,0.0033447852686932936
5.831e-07,0.004126035268693293
5.832e-07,0.005344785268693293
5.833e-07,0.0051416602686932935
5.834e-07,0.0033447852686932936
5.835e-07,0.001477597268693293
5.836e-07,0.0013447852686932936
5.837e-07,0.0031104102686932934
5.838e-07,0.005344785268693293
5.839e-07,0.0061416602686932935
5.84e-07,0.005344785268693293
5.841e-07,0.004008847268693294
5.842e-07,0.0033447852686932936
5.843e-07,0.003383847268693293
5.844e-07,0.0033447852686932936
5.845e-07,0.002586972268693293
5.846e-07,0.0013447852686932936
5.847e-07,0.0006572852686932934
5.848e-07,0.0013447852686932936
5.849e-07,0.0028525972686932934
5.85e-07,0.0033447852686932936
5.851e-07,0.002368222268693293
5.852e-07,0.0013447852686932936
5.853e-07,0.0018994722686932934
5.854e-07,0.0033447852686932936
5.855e-07,0.004055722268693294
5.856e-07,0.0033447852686932936
5.857e-07,0.0024697852686932937
5.858e-07,0.0033447852686932936
5.859e-07,0.005821347268693293
5.86e-07,0.007344785268693293
5.861e-07,0.006391660268693294
5.862e-07,0.005344785268693293
5.863e-07,0.0061729102686932935
5.864e-07,0.007344785268693293
5.865e-07,0.006586972268693293
5.866e-07,0.005344785268693293
5.867e-07,0.005235410268693293
5.868e-07,0.005344785268693293
5.869e-07,0.0042197852686932935
5.87e-07,0.0033447852686932936
5.871e-07,0.004243222268693293
5.872e-07,0.005344785268693293
5.873e-07,0.004844785268693293
5.874e-07,0.0033447852686932936
5.875e-07,0.0022979102686932935
5.876e-07,0.0013447852686932936
5.877e-07,0.0005869722686932932
5.878e-07,0.0013447852686932936
5.879e-07,0.004352597268693293
5.88e-07,0.007344785268693293
5.881e-07,0.008086977268693294
5.882e-07,0.007344785268693293
5.883e-07,0.006860410268693294
5.884e-07,0.007344785268693293
5.885e-07,0.007751037268693294
5.886e-07,0.007344785268693293
5.887e-07,0.006118222268693293
5.888e-07,0.005344785268693293
5.889e-07,0.005376035268693293
5.89e-07,0.005344785268693293
5.891e-07,0.004383847268693293
5.892e-07,0.0033447852686932936
5.893e-07,0.0032197852686932935
5.894e-07,0.0033447852686932936
5.895e-07,0.0032354102686932935
5.896e-07,0.0033447852686932936
5.897e-07,0.004376035268693294
5.898e-07,0.005344785268693293
5.899e-07,0.0049463472686932936
5.9e-07,0.0033447852686932936
5.901e-07,0.002227597268693293
5.902e-07,0.0033447852686932936
5.903e-07,0.006532285268693294
5.904e-07,0.009344787268693294
5.905e-07,0.009415097268693294
5.906e-07,0.007344785268693293
5.907e-07,0.0049307222686932935
5.908e-07,0.0033447852686932936
5.909e-07,0.0027588472686932933
5.91e-07,0.0033447852686932936
5.911e-07,0.004610410268693293
5.912e-07,0.005344785268693293
5.913e-07,0.005094785268693293
5.914e-07,0.005344785268693293
5.915e-07,0.006711972268693293
5.916e-07,0.007344785268693293
5.917e-07,0.0057432222686932925
5.918e-07,0.0033447852686932936
5.919e-07,0.0020244722686932936
5.92e-07,0.0013447852686932936
5.921e-07,0.0006807222686932932
5.922e-07,0.0013447852686932936
5.923e-07,0.003751035268693293
5.924e-07,0.005344785268693293
5.925e-07,0.004540097268693293
5.926e-07,0.0033447852686932936
5.927e-07,0.004047910268693293
5.928e-07,0.005344785268693293
5.929e-07,0.004579160268693293
5.93e-07,0.0013447852686932936
5.931e-07,-0.0015849027313067066
5.932e-07,-0.0006552157313067068
5.933e-07,0.003907285268693293
5.934e-07,0.007344785268693293
5.935e-07,0.006766660268693294
5.936e-07,0.005344785268693293
5.937e-07,0.006243222268693293
5.938e-07,0.007344785268693293
5.939e-07,0.005219785268693293
5.94e-07,0.0013447852686932936
5.941e-07,-0.0003505277313067068
5.942e-07,0.0013447852686932936
5.943e-07,0.004211972268693293
5.944e-07,0.005344785268693293
5.945e-07,0.0042197852686932935
5.946e-07,0.0033447852686932936
5.947e-07,0.004368222268693293
5.948e-07,0.005344785268693293
5.949e-07,0.004461972268693293
5.95e-07,0.0033447852686932936
5.951e-07,0.004032285268693293
5.952e-07,0.005344785268693293
5.953e-07,0.004938535268693293
5.954e-07,0.0033447852686932936
5.955e-07,0.002547910268693293
5.956e-07,0.0033447852686932936
5.957e-07,0.004743222268693293
5.958e-07,0.005344785268693293
5.959e-07,0.004579160268693293
5.96e-07,0.0033447852686932936
5.961e-07,0.0028213472686932934
5.962e-07,0.0033447852686932936
5.963e-07,0.003907285268693293
5.964e-07,0.0033447852686932936
5.965e-07,0.0019385352686932932
5.966e-07,0.0013447852686932936
5.967e-07,0.0023291602686932936
5.968e-07,0.0033447852686932936
5.969e-07,0.0027900972686932934
5.97e-07,0.0013447852686932936
5.971e-07,0.0007432222686932933
5.972e-07,0.0013447852686932936
5.973e-07,0.0024854102686932937
5.974e-07,0.0033447852686932936
5.975e-07,0.003657285268693293
5.976e-07,0.0033447852686932936
5.977e-07,0.002430722268693293
5.978e-07,0.0013447852686932936
5.979e-07,0.0007900972686932933
5.98e-07,0.0013447852686932936
5.981e-07,0.0031416602686932934
5.982e-07,0.005344785268693293
5.983e-07,0.006336972268693293
5.984e-07,0.005344785268693293
5.985e-07,0.0029385352686932932
5.986e-07,0.0013447852686932936
5.987e-07,0.0018604102686932932
5.988e-07,0.0033447852686932936
5.989e-07,0.0039463472686932935
5.99e-07,0.0033447852686932936
5.991e-07,0.0022197852686932935
5.992e-07,0.0013447852686932936
5.993e-07,0.0010479102686932933
5.994e-07,0.0013447852686932936
5.995e-07,0.002227597268693293
5.996e-07,0.0033447852686932936
5.997e-07,0.004008847268693294
5.998e-07,0.0033447852686932936
5.999e-07,0.0017744722686932933
6e-07,0.0013447852686932936
6.001e-07,0.002594785268693293
6.002e-07,0.0033447852686932936
6.003e-07,0.0021494722686932937
6.004e-07,0.0013447852686932936
6.005e-07,0.0029697852686932933
6.006e-07,0.005344785268693293
6.007e-07,0.005446347268693294
6.008e-07,0.0033447852686932936
6.009e-07,0.0009385352686932932
6.01e-07,-0.0006552157313067068
6.011e-07,-0.0012099027313067067
6.012e-07,-0.0006552157313067068
6.013e-07,0.0006650972686932932
6.014e-07,0.0013447852686932936
6.015e-07,0.0011260352686932934
6.016e-07,0.0013447852686932936
6.017e-07,0.002579160268693293
6.018e-07,0.0033447852686932936
6.019e-07,0.0025010352686932937
6.02e-07,0.0013447852686932936
6.021e-07,0.0016963472686932933
6.022e-07,0.0033447852686932936
6.023e-07,0.0042666602686932936
6.024e-07,0.0033447852686932936
6.025e-07,0.0010322852686932933
6.026e-07,-0.0006552157313067068
6.027e-07,-0.00037396473130670667
6.028e-07,0.0013447852686932936
6.029e-07,0.0029697852686932933
6.03e-07,0.0033447852686932936
6.031e-07,0.002524472268693293
6.032e-07,0.0013447852686932936
6.033e-07,0.0002979102686932935
6.034e-07,-0.0006552157313067068
6.035e-07,-0.0012411527313067067
6.036e-07,-0.0006552157313067068
6.037e-07,0.0013447852686932936
6.038e-07,0.0033447852686932936
6.039e-07,0.0038838472686932935
6.04e-07,0.0033447852686932936
6.041e-07,0.002461972268693293
6.042e-07,0.0013447852686932936
6.043e-07,2.4472268693293085e-05
6.044e-07,-0.0006552157313067068
6.045e-07,2.4472268693293085e-05
6.046e-07,0.0013447852686932936
6.047e-07,0.0019385352686932932
6.048e-07,0.0013447852686932936
6.049e-07,0.00013384726869329318
6.05e-07,-0.0006552157313067068
6.051e-07,-0.00017865273130670666
6.052e-07,0.0013447852686932936
6.053e-07,0.0029385352686932932
6.054e-07,0.0033447852686932936
6.055e-07,0.002305722268693293
6.056e-07,0.0013447852686932936
6.057e-07,0.0012666602686932935
6.058e-07,0.0013447852686932936
6.059e-07,0.0009541602686932932
6.06e-07,0.0013447852686932936
6.061e-07,0.002782285268693293
6.062e-07,0.0033447852686932936
6.063e-07,0.001493222268693293
6.064e-07,-0.0006552157313067068
6.065e-07,-0.0009130277313067067
6.066e-07,-0.0006552157313067068
6.067e-07,-0.0015692777313067068
6.068e-07,-0.0026552152645037065
6.069e-07,-0.002569277761306707
6.07e-07,-0.0026552152645037065
6.071e-07,-0.003358340231306707
6.072e-07,-0.0026552152645037065
6.073e-07,0.0006260352686932934
6.074e-07,0.0033447852686932936
6.075e-07,0.002383847268693293
6.076e-07,-0.0006552157313067068
6.077e-07,-0.0021395902313067067
6.078e-07,-0.0006552157313067068
6.079e-07,0.0020947852686932934
6.08e-07,0.0033447852686932936
6.081e-07,0.0018682222686932934
6.082e-07,-0.0006552157313067068
6.083e-07,-0.0022645902313067068
6.084e-07,-0.0026552152645037065
6.085e-07,-0.0022020902313067067
6.086e-07,-0.0006552157313067068
6.087e-07,0.0018604102686932932
6.088e-07,0.0033447852686932936
6.089e-07,0.002493222268693293
6.09e-07,0.0013447852686932936
6.091e-07,0.0013447852686932936
6.092e-07,0.0013447852686932936
6.093e-07,0.00011041026869329333
6.094e-07,-0.0006552157313067068
6.095e-07,0.00037603526869329313
6.096e-07,0.0013447852686932936
6.097e-07,8.847268693293504e-06
6.098e-07,-0.0026552152645037065
6.099e-07,-0.004295840731306707
6.1e-07,-0.004655215731306707
6.101e-07,-0.004092715731306706
6.102e-07,-0.0026552152645037065
6.103e-07,-0.0004442777313067069
6.104e-07,0.0013447852686932936
6.105e-07,0.0017588472686932933
6.106e-07,0.0013447852686932936
6.107e-07,0.0011260352686932934
6.108e-07,0.0013447852686932936
6.109e-07,0.0010010352686932933
6.11e-07,-0.0006552157313067068
6.111e-07,-0.0032411527313067068
6.112e-07,-0.004655215731306707
6.113e-07,-0.003459902731306707
6.114e-07,-0.0006552157313067068
6.115e-07,0.001415097268693293
6.116e-07,0.0013447852686932936
6.117e-07,-0.0005458407313067067
6.118e-07,-0.0026552152645037065
6.119e-07,-0.003459902731306707
6.12e-07,-0.0026552152645037065
6.121e-07,-0.0012020907313067067
6.122e-07,-0.0006552157313067068
6.123e-07,-0.0015067777313067068
6.124e-07,-0.0026552152645037065
6.125e-07,-0.0030302152313067066
6.126e-07,-0.0026552152645037065
6.127e-07,-0.002334902731306707
6.128e-07,-0.0026552152645037065
6.129e-07,-0.0031317777313067067
6.13e-07,-0.0026552152645037065
6.131e-07,-0.0013427157313067068
6.132e-07,-0.0006552157313067068
6.133e-07,-0.0015067777313067068
6.134e-07,-0.0026552152645037065
6.135e-07,-0.002858340231306707
6.136e-07,-0.0026552152645037065
6.137e-07,-0.003264590231306707
6.138e-07,-0.004655215731306707
6.139e-07,-0.005483340731306707
6.14e-07,-0.004655215731306707
6.141e-07,-0.0029442777313067065
6.142e-07,-0.0026552152645037065
6.143e-07,-0.004116152731306707
6.144e-07,-0.004655215731306707
6.145e-07,-0.0026239652613067065
6.146e-07,-0.0006552157313067068
6.147e-07,-0.0017724027313067068
6.148e-07,-0.004655215731306707
6.149e-07,-0.006006777731306707
6.15e-07,-0.004655215731306707
6.151e-07,-0.0022177152313067067
6.152e-07,-0.0006552157313067068
6.153e-07,-0.0010224027313067068
6.154e-07,-0.0026552152645037065
6.155e-07,-0.0042020907313067065
6.156e-07,-0.004655215731306707
6.157e-07,-0.004342715731306707
6.158e-07,-0.004655215731306707
6.159e-07,-0.005873965731306706
6.16e-07,-0.006655215731306707
6.161e-07,-0.005975527731306707
6.162e-07,-0.004655215731306707
6.163e-07,-0.0036317777313067067
6.164e-07,-0.0026552152645037065
6.165e-07,-0.0013817777313067066
6.166e-07,-0.0006552157313067068
6.167e-07,-0.0018661527313067069
6.168e-07,-0.004655215731306707
6.169e-07,-0.007006777731306707
6.17e-07,-0.006655215731306707
6.171e-07,-0.004084902731306707
6.172e-07,-0.0026552152645037065
6.173e-07,-0.004311465731306707
6.174e-07,-0.006655215731306707
6.175e-07,-0.006553652731306706
6.176e-07,-0.004655215731306707
6.177e-07,-0.0036161527313067067
6.178e-07,-0.004655215731306707
6.179e-07,-0.006334902731306706
6.18e-07,-0.006655215731306707
6.181e-07,-0.004952090731306707
6.182e-07,-0.0026552152645037065
6.183e-07,-0.0017333402313067067
6.184e-07,-0.0026552152645037065
6.185e-07,-0.0042177157313067065
6.186e-07,-0.004655215731306707
6.187e-07,-0.003733340731306707
6.188e-07,-0.0026552152645037065
6.189e-07,-0.0024911527313067065
6.19e-07,-0.0026552152645037065
6.191e-07,-0.0025458402313067066
6.192e-07,-0.0026552152645037065
6.193e-07,-0.0036942777313067067
6.194e-07,-0.004655215731306707
6.195e-07,-0.004623965731306707
6.196e-07,-0.004655215731306707
6.197e-07,-0.005147402731306707
6.198e-07,-0.004655215731306707
6.199e-07,-0.0029286527313067065
6.2e-07,-0.0026552152645037065
6.201e-07,-0.005014590731306707
6.202e-07,-0.006655215731306707
6.203e-07,-0.004498965731306707
6.204e-07,-0.0006552157313067068
6.205e-07,0.0008135352686932931
6.206e-07,-0.0006552157313067068
6.207e-07,-0.0031708402313067067
6.208e-07,-0.004655215731306707
6.209e-07,-0.004827090731306707
6.21e-07,-0.004655215731306707
6.211e-07,-0.004756777731306706
6.212e-07,-0.004655215731306707
6.213e-07,-0.004225527731306707
6.214e-07,-0.004655215731306707
6.215e-07,-0.006225527731306707
6.216e-07,-0.006655215731306707
6.217e-07,-0.004584902731306706
6.218e-07,-0.0026552152645037065
6.219e-07,-0.0032255277313067068
6.22e-07,-0.004655215731306707
6.221e-07,-0.0048192777313067064
6.222e-07,-0.004655215731306707
6.223e-07,-0.005694277731306707
6.224e-07,-0.006655215731306707
6.225e-07,-0.005998965731306706
6.226e-07,-0.004655215731306707
6.227e-07,-0.004272402731306707
6.228e-07,-0.004655215731306707
6.229e-07,-0.0048192777313067064
6.23e-07,-0.004655215731306707
6.231e-07,-0.005061465731306707
6.232e-07,-0.006655215731306707
6.233e-07,-0.008530215731306707
6.234e-07,-0.008655215731306707
6.235e-07,-0.006538027731306706
6.236e-07,-0.004655215731306707
6.237e-07,-0.005100527731306707
6.238e-07,-0.006655215731306707
6.239e-07,-0.007116152731306707
6.24e-07,-0.006655215731306707
6.241e-07,-0.006459902731306706
6.242e-07,-0.006655215731306707
6.243e-07,-0.006686465731306707
6.244e-07,-0.006655215731306707
6.245e-07,-0.0068192777313067065
6.246e-07,-0.006655215731306707
6.247e-07,-0.005748965731306706
6.248e-07,-0.004655215731306707
6.249e-07,-0.004225527731306707
6.25e-07,-0.004655215731306707
6.251e-07,-0.005655215731306706
6.252e-07,-0.006655215731306707
6.253e-07,-0.0071239657313067065
6.254e-07,-0.006655215731306707
6.255e-07,-0.005530215731306707
6.256e-07,-0.004655215731306707
6.257e-07,-0.004616152731306706
6.258e-07,-0.004655215731306707
6.259e-07,-0.004428652731306707
6.26e-07,-0.004655215731306707
6.261e-07,-0.005780215731306706
6.262e-07,-0.006655215731306707
6.263e-07,-0.006538027731306706
6.264e-07,-0.006655215731306707
6.265e-07,-0.0077880277313067065
6.266e-07,-0.008655215731306707
6.267e-07,-0.007928652731306707
6.268e-07,-0.006655215731306707
6.269e-07,-0.006334902731306706
6.27e-07,-0.006655215731306707
6.271e-07,-0.006194277731306707
6.272e-07,-0.004655215731306707
6.273e-07,-0.0031083402313067067
6.274e-07,-0.0026552152645037065
6.275e-07,-0.004053652731306707
6.276e-07,-0.006655215731306707
6.277e-07,-0.008780215731306707
6.278e-07,-0.008655215731306707
6.279e-07,-0.006483340731306707
6.28e-07,-0.004655215731306707
6.281e-07,-0.005014590731306707
6.282e-07,-0.006655215731306707
6.283e-07,-0.007405215731306707
6.284e-07,-0.006655215731306707
6.285e-07,-0.005264590731306707
6.286e-07,-0.004655215731306707
6.287e-07,-0.005327090731306707
6.288e-07,-0.006655215731306707
6.289e-07,-0.007452090731306707
6.29e-07,-0.006655215731306707
6.291e-07,-0.004577090731306707
6.292e-07,-0.0026552152645037065
6.293e-07,-0.0021083402313067066
6.294e-07,-0.0026552152645037065
6.295e-07,-0.003670840731306707
6.296e-07,-0.004655215731306707
6.297e-07,-0.005725527731306707
6.298e-07,-0.006655215731306707
6.299e-07,-0.007006777731306707
6.3e-07,-0.006655215731306707
6.301e-07,-0.005709902731306707
6.302e-07,-0.004655215731306707
6.303e-07,-0.004077090731306706
6.304e-07,-0.004655215731306707
6.305e-07,-0.006006777731306707
6.306e-07,-0.006655215731306707
6.307e-07,-0.005842715731306706
6.308e-07,-0.004655215731306707
6.309e-07,-0.0038661527313067065
6.31e-07,-0.0026552152645037065
6.311e-07,-0.0009833407313067067
6.312e-07,-0.0006552157313067068
6.313e-07,-0.0031161527313067067
6.314e-07,-0.006655215731306707
6.315e-07,-0.008202090731306707
6.316e-07,-0.006655215731306707
6.317e-07,-0.0038036527313067064
6.318e-07,-0.0026552152645037065
6.319e-07,-0.0038974027313067065
6.32e-07,-0.004655215731306707
6.321e-07,-0.0029520902313067065
6.322e-07,-0.0006552157313067068
6.323e-07,-0.0006942777313067067
6.324e-07,-0.0026552152645037065
6.325e-07,-0.004366152731306707
6.326e-07,-0.004655215731306707
6.327e-07,-0.004420840731306707
6.328e-07,-0.004655215731306707
6.329e-07,-0.005616152731306707
6.33e-07,-0.006655215731306707
6.331e-07,-0.006913027731306707
6.332e-07,-0.006655215731306707
6.333e-07,-0.006459902731306706
6.334e-07,-0.006655215731306707
6.335e-07,-0.006780215731306707
6.336e-07,-0.006655215731306707
6.337e-07,-0.005983340731306706
6.338e-07,-0.004655215731306707
6.339e-07,-0.0031786527313067067
6.34e-07,-0.0026552152645037065
6.341e-07,-0.0035380277313067066
6.342e-07,-0.004655215731306707
6.343e-07,-0.005045840731306707
6.344e-07,-0.004655215731306707
6.345e-07,-0.004413027731306707
6.346e-07,-0.004655215731306707
6.347e-07,-0.004983340731306707
6.348e-07,-0.004655215731306707
6.349e-07,-0.004100527731306707
6.35e-07,-0.004655215731306707
6.351e-07,-0.006733340731306707
6.352e-07,-0.008655215731306707
6.353e-07,-0.008498965731306707
6.354e-07,-0.006655215731306707
6.355e-07,-0.0049442777313067066
6.356e-07,-0.004655215731306707
6.357e-07,-0.005623965731306707
6.358e-07,-0.006655215731306707
6.359e-07,-0.006873965731306707
6.36e-07,-0.006655215731306707
6.361e-07,-0.006538027731306706
6.362e-07,-0.006655215731306707
6.363e-07,-0.006694277731306706
6.364e-07,-0.006655215731306707
6.365e-07,-0.006733340731306707
6.366e-07,-0.006655215731306707
6.367e-07,-0.005975527731306707
6.368e-07,-0.004655215731306707
6.369e-07,-0.003264590231306707
6.37e-07,-0.0026552152645037065
6.371e-07,-0.003381777731306707
6.372e-07,-0.004655215731306707
6.373e-07,-0.005780215731306706
6.374e-07,-0.006655215731306707
6.375e-07,-0.0071708407313067065
6.376e-07,-0.006655215731306707
6.377e-07,-0.005256777731306707
6.378e-07,-0.004655215731306707
6.379e-07,-0.005631777731306707
6.38e-07,-0.006655215731306707
6.381e-07,-0.005991152731306707
6.382e-07,-0.004655215731306707
6.383e-07,-0.0042489657313067065
6.384e-07,-0.004655215731306707
6.385e-07,-0.004858340731306707
6.386e-07,-0.004655215731306707
6.387e-07,-0.004069277731306707
6.388e-07,-0.0026552152645037065
6.389e-07,-0.0009364657313067066
6.39e-07,-0.0006552157313067068
6.391e-07,-0.0026161527613067065
6.392e-07,-0.004655215731306707
6.393e-07,-0.004569277731306706
6.394e-07,-0.0026552152645037065
6.395e-07,-0.0009364657313067066
6.396e-07,-0.0006552157313067068
6.397e-07,-0.0016239657313067068
6.398e-07,-0.0026552152645037065
6.399e-07,-0.0029520902313067065
6.4e-07,-0.0026552152645037065
6.401e-07,-0.002413027731306707
6.402e-07,-0.0026552152645037065
6.403e-07,-0.0029755277313067065
6.404e-07,-0.0026552152645037065
6.405e-07,-0.0016552152313067067
6.406e-07,-0.0006552157313067068
6.407e-07,-0.00038177773130670684
6.408e-07,-0.0006552157313067068
6.409e-07,-0.0009364657313067066
6.41e-07,-0.0006552157313067068
6.411e-07,-0.0003036527313067068
6.412e-07,-0.0006552157313067068
6.413e-07,-0.0018583402313067069
6.414e-07,-0.0026552152645037065
6.415e-07,-0.0025067777313067066
6.416e-07,-0.0026552152645037065
6.417e-07,-0.0037880277313067064
6.418e-07,-0.004655215731306707
6.419e-07,-0.0038974027313067065
6.42e-07,-0.0026552152645037065
6.421e-07,-0.002342715231306707
6.422e-07,-0.0026552152645037065
6.423e-07,-0.0022177152313067067
6.424e-07,-0.0006552157313067068
6.425e-07,0.0008994722686932934
6.426e-07,0.0013447852686932936
6.427e-07,0.0003447852686932931
6.428e-07,-0.0006552157313067068
6.429e-07,-0.0008583407313067068
6.43e-07,-0.0006552157313067068
6.431e-07,-0.0012255277313067067
6.432e-07,-0.0026552152645037065
6.433e-07,-0.004061465731306706
6.434e-07,-0.004655215731306707
6.435e-07,-0.004538027731306706
6.436e-07,-0.004655215731306707
6.437e-07,-0.005014590731306707
6.438e-07,-0.004655215731306707
6.439e-07,-0.002788027731306707
6.44e-07,-0.0006552157313067068
6.441e-07,0.00012603526869329335
6.442e-07,-0.0006552157313067068
6.443e-07,-0.0019442777313067067
6.444e-07,-0.0026552152645037065
6.445e-07,-0.0026552152645037065
6.446e-07,-0.0026552152645037065
6.447e-07,-0.002889590231306707
6.448e-07,-0.0026552152645037065
6.449e-07,-0.0016161527313067066
6.45e-07,-0.0006552157313067068
6.451e-07,-0.0005849027313067066
6.452e-07,-0.0006552157313067068
6.453e-07,6.353526869329329e-05
6.454e-07,0.0013447852686932936
6.455e-07,0.0019385352686932932
6.456e-07,0.0013447852686932936
6.457e-07,-6.7777313067065095e-06
6.458e-07,-0.0006552157313067068
6.459e-07,-0.00045209073130670664
6.46e-07,-0.0006552157313067068
6.461e-07,-0.0018974027313067067
6.462e-07,-0.0026552152645037065
6.463e-07,-0.0017411527313067067
6.464e-07,-0.0006552157313067068
6.465e-07,-0.0011474027313067067
6.466e-07,-0.0026552152645037065
6.467e-07,-0.003295840231306707
6.468e-07,-0.0026552152645037065
6.469e-07,-0.0014599027313067067
6.47e-07,-0.0006552157313067068
6.471e-07,-0.0004599027313067069
6.472e-07,-0.0006552157313067068
6.473e-07,-0.0008192777313067068
6.474e-07,-0.0006552157313067068
6.475e-07,-0.00045209073130670664
6.476e-07,-0.0006552157313067068
6.477e-07,-0.0010536527313067068
6.478e-07,-0.0006552157313067068
6.479e-07,0.0006104102686932933
6.48e-07,0.0013447852686932936
6.481e-07,0.0004697852686932932
6.482e-07,-0.0006552157313067068
6.483e-07,-0.0008114657313067067
6.484e-07,-0.0006552157313067068
6.485e-07,-0.0010067777313067067
6.486e-07,-0.0006552157313067068
6.487e-07,0.0008838472686932934
6.488e-07,0.0013447852686932936
6.489e-07,-0.0006317777313067066
6.49e-07,-0.0026552152645037065
6.491e-07,-0.0026942777613067066
6.492e-07,-0.0026552152645037065
6.493e-07,-0.004045840731306706
6.494e-07,-0.004655215731306707
6.495e-07,-0.0021395902313067067
6.496e-07,0.0013447852686932936
6.497e-07,0.0024854102686932937
6.498e-07,0.0013447852686932936
6.499e-07,8.847268693293504e-06
6.5e-07,-0.0006552157313067068
6.501e-07,-0.0008583407313067068
6.502e-07,-0.0006552157313067068
6.503e-07,-0.0003270897313067066
6.504e-07,-0.0006552157313067068
6.505e-07,-0.0013739657313067068
6.506e-07,-0.0006552157313067068
6.507e-07,0.0017432222686932933
6.508e-07,0.0033447852686932936
6.509e-07,0.002532285268693293
6.51e-07,0.0013447852686932936
6.511e-07,0.0019697852686932932
6.512e-07,0.0033447852686932936
6.513e-07,0.0031025972686932937
6.514e-07,0.0013447852686932936
6.515e-07,-0.0002802147313067066
6.516e-07,-0.0006552157313067068
6.517e-07,0.00013384726869329318
6.518e-07,0.0013447852686932936
6.519e-07,0.0024229102686932937
6.52e-07,0.0033447852686932936
6.521e-07,0.0038213472686932934
6.522e-07,0.0033447852686932936
6.523e-07,0.0020479102686932933
6.524e-07,0.0013447852686932936
6.525e-07,0.0021416602686932934
6.526e-07,0.0033447852686932936
6.527e-07,0.0030791602686932934
6.528e-07,0.0013447852686932936
6.529e-07,-0.00048334073130670667
6.53e-07,-0.0006552157313067068
6.531e-07,0.0011338472686932932
6.532e-07,0.0033447852686932936
6.533e-07,0.0041729102686932935
6.534e-07,0.0033447852686932936
6.535e-07,0.0014541602686932937
6.536e-07,-0.0006552157313067068
6.537e-07,-0.0022567777313067068
6.538e-07,-0.0026552152645037065
6.539e-07,-0.0017567777313067068
6.54e-07,-0.0006552157313067068
6.541e-07,-0.0003114647313067066
6.542e-07,-0.0006552157313067068
6.543e-07,-0.0009130277313067067
6.544e-07,-0.0006552157313067068
6.545e-07,-0.0002255277313067067
6.546e-07,-0.0006552157313067068
6.547e-07,-0.0019677152313067065
6.548e-07,-0.0026552152645037065
6.549e-07,-0.0018583402313067069
6.55e-07,-0.0006552157313067068
6.551e-07,-0.0003505277313067068
6.552e-07,-0.0006552157313067068
6.553e-07,-0.0007020907313067066
6.554e-07,-0.0006552157313067068
6.555e-07,-0.0012958407313067067
6.556e-07,-0.0026552152645037065
6.557e-07,-0.0035614652313067066
6.558e-07,-0.0026552152645037065
6.559e-07,-0.00025677773130670673
6.56e-07,0.0013447852686932936
6.561e-07,0.0007197852686932934
6.562e-07,-0.0006552157313067068
6.563e-07,-0.0009833407313067067
6.564e-07,-0.0006552157313067068
6.565e-07,-0.0011708407313067066
6.566e-07,-0.0026552152645037065
6.567e-07,-0.003670840731306707
6.568e-07,-0.0026552152645037065
6.569e-07,-0.00014740273130670663
6.57e-07,0.0013447852686932936
6.571e-07,0.0004932222686932935
6.572e-07,-0.0006552157313067068
6.573e-07,-0.0005067777313067065
6.574e-07,-0.0006552157313067068
6.575e-07,-0.0026552152645037065
6.576e-07,-0.004655215731306707
6.577e-07,-0.004288027731306707
6.578e-07,-0.0026552152645037065
6.579e-07,-0.0020614652313067066
6.58e-07,-0.0026552152645037065
6.581e-07,-0.0030927152313067066
6.582e-07,-0.0026552152645037065
6.583e-07,-0.0015927157313067068
6.584e-07,-0.0006552157313067068
6.585e-07,-0.00038177773130670684
6.586e-07,-0.0006552157313067068
6.587e-07,-0.0013895907313067066
6.588e-07,-0.0026552152645037065
6.589e-07,-0.0041708407313067065
6.59e-07,-0.004655215731306707
6.591e-07,-0.003717715731306707
6.592e-07,-0.0026552152645037065
6.593e-07,-0.0026161527613067065
6.594e-07,-0.0026552152645037065
6.595e-07,-0.0017255277313067067
6.596e-07,-0.0006552157313067068
6.597e-07,-0.0009208407313067066
6.598e-07,-0.0026552152645037065
6.599e-07,-0.004889590731306707
6.6e-07,-0.006655215731306707
6.601e-07,-0.007319277731306707
6.602e-07,-0.006655215731306707
6.603e-07,-0.004780215731306707
6.604e-07,-0.0026552152645037065
6.605e-07,-0.0011552157313067066
6.606e-07,-0.0006552157313067068
6.607e-07,-0.0012333407313067067
6.608e-07,-0.0026552152645037065
6.609e-07,-0.0041395907313067064
6.61e-07,-0.004655215731306707
6.611e-07,-0.0039130277313067065
6.612e-07,-0.0026552152645037065
6.613e-07,-0.0021708402313067067
6.614e-07,-0.0026552152645037065
6.615e-07,-0.003264590231306707
6.616e-07,-0.0026552152645037065
6.617e-07,-0.0011083407313067068
6.618e-07,-0.0006552157313067068
6.619e-07,-0.0024520902313067065
6.62e-07,-0.004655215731306707
6.621e-07,-0.005256777731306707
6.622e-07,-0.004655215731306707
6.623e-07,-0.004373965731306707
6.624e-07,-0.004655215731306707
6.625e-07,-0.004709902731306706
6.626e-07,-0.004655215731306707
6.627e-07,-0.004709902731306706
6.628e-07,-0.004655215731306707
6.629e-07,-0.004373965731306707
6.63e-07,-0.004655215731306707
6.631e-07,-0.005256777731306707
6.632e-07,-0.004655215731306707
6.633e-07,-0.002420840231306707
6.634e-07,-0.0006552157313067068
6.635e-07,-0.0011786527313067067
6.636e-07,-0.0026552152645037065
6.637e-07,-0.0031395902313067067
6.638e-07,-0.0026552152645037065
6.639e-07,-0.0024520902313067065
6.64e-07,-0.0026552152645037065
6.641e-07,-0.002803652731306707
6.642e-07,-0.0026552152645037065
6.643e-07,-0.0025849027613067065
6.644e-07,-0.0026552152645037065
6.645e-07,-0.002780215231306707
6.646e-07,-0.0026552152645037065
6.647e-07,-0.002420840231306707
6.648e-07,-0.0026552152645037065
6.649e-07,-0.003655215731306707
6.65e-07,-0.004655215731306707
6.651e-07,-0.0048974027313067065
6.652e-07,-0.004655215731306707
6.653e-07,-0.004538027731306706
6.654e-07,-0.004655215731306707
6.655e-07,-0.004670840731306707
6.656e-07,-0.004655215731306707
6.657e-07,-0.004702090731306707
6.658e-07,-0.004655215731306707
6.659e-07,-0.004498965731306707
6.66e-07,-0.004655215731306707
6.661e-07,-0.005014590731306707
6.662e-07,-0.004655215731306707
6.663e-07,-0.003420840231306707
6.664e-07,-0.0026552152645037065
6.665e-07,-0.0035224027313067066
6.666e-07,-0.004655215731306707
6.667e-07,-0.004788027731306706
6.668e-07,-0.004655215731306707
6.669e-07,-0.004983340731306707
6.67e-07,-0.004655215731306707
6.671e-07,-0.0037255277313067068
6.672e-07,-0.004655215731306707
6.673e-07,-0.008186465731306707
6.674e-07,-0.010655215731306707
6.675e-07,-0.008733340731306707
6.676e-07,-0.004655215731306707
6.677e-07,-0.002819277731306707
6.678e-07,-0.004655215731306707
6.679e-07,-0.007709902731306706
6.68e-07,-0.008655215731306707
6.681e-07,-0.006741152731306706
6.682e-07,-0.004655215731306707
6.683e-07,-0.0048817777313067065
6.684e-07,-0.006655215731306707
6.685e-07,-0.007545840731306707
6.686e-07,-0.006655215731306707
6.687e-07,-0.0051864657313067065
6.688e-07,-0.004655215731306707
6.689e-07,-0.005413027731306707
6.69e-07,-0.006655215731306707
6.691e-07,-0.007256777731306707
6.692e-07,-0.006655215731306707
6.693e-07,-0.005452090731306707
6.694e-07,-0.004655215731306707
6.695e-07,-0.004584902731306706
6.696e-07,-0.004655215731306707
6.697e-07,-0.004514590731306707
6.698e-07,-0.004655215731306707
6.699e-07,-0.005538027731306707
6.7e-07,-0.006655215731306707
6.701e-07,-0.007116152731306707
6.702e-07,-0.006655215731306707
6.703e-07,-0.005694277731306707
6.704e-07,-0.004655215731306707
6.705e-07,-0.003702090731306707
6.706e-07,-0.0026552152645037065
6.707e-07,-0.0020302152313067066
6.708e-07,-0.0026552152645037065
6.709e-07,-0.004670840731306707
6.71e-07,-0.006655215731306707
6.711e-07,-0.007248965731306707
6.712e-07,-0.006655215731306707
6.713e-07,-0.0061708407313067065
6.714e-07,-0.006655215731306707
6.715e-07,-0.007342715731306707
6.716e-07,-0.006655215731306707
6.717e-07,-0.004319277731306707
6.718e-07,-0.0026552152645037065
6.719e-07,-0.0032255277313067068
6.72e-07,-0.004655215731306707
6.721e-07,-0.005014590731306707
6.722e-07,-0.004655215731306707
6.723e-07,-0.004655215731306707
6.724e-07,-0.004655215731306707
6.725e-07,-0.0038427157313067066
6.726e-07,-0.0026552152645037065
6.727e-07,-0.002288027731306707
6.728e-07,-0.0026552152645037065
6.729e-07,-0.0029833402313067066
6.73e-07,-0.0026552152645037065
6.731e-07,-0.0016708402313067067
6.732e-07,-0.0006552157313067068
6.733e-07,-0.0007489657313067067
6.734e-07,-0.0026552152645037065
6.735e-07,-0.005452090731306707
6.736e-07,-0.006655215731306707
6.737e-07,-0.005084902731306707
6.738e-07,-0.0026552152645037065
6.739e-07,-0.0013661527313067066
6.74e-07,-0.0006552157313067068
6.741e-07,0.00048541026869329323
6.742e-07,0.0013447852686932936
6.743e-07,0.0006885352686932934
6.744e-07,-0.0006552157313067068
6.745e-07,-0.0016474027313067067
6.746e-07,-0.0026552152645037065
6.747e-07,-0.003983340731306706
6.748e-07,-0.004655215731306707
6.749e-07,-0.0038505277313067065
6.75e-07,-0.0026552152645037065
6.751e-07,-0.002295840231306707
6.752e-07,-0.0026552152645037065
6.753e-07,-0.002342715231306707
6.754e-07,-0.0006552157313067068
6.755e-07,0.0017744722686932933
6.756e-07,0.0033447852686932936
6.757e-07,0.0028994722686932935
6.758e-07,0.0013447852686932936
6.759e-07,-9.271473130670685e-05
6.76e-07,-0.0006552157313067068
6.761e-07,-0.0007255277313067067
6.762e-07,-0.0006552157313067068
6.763e-07,-0.0006161527313067066
6.764e-07,-0.0006552157313067068
6.765e-07,-0.0007411527313067067
6.766e-07,-0.0006552157313067068
6.767e-07,-0.0004599027313067069
6.768e-07,-0.0006552157313067068
6.769e-07,-0.0009833407313067067
6.77e-07,-0.0006552157313067068
6.771e-07,0.0005400972686932931
6.772e-07,0.0013447852686932936
6.773e-07,0.0006650972686932932
6.774e-07,-0.0006552157313067068
6.775e-07,-0.0011786527313067067
6.776e-07,-0.0006552157313067068
6.777e-07,0.0003447852686932931
6.778e-07,0.0013447852686932936
6.779e-07,0.0018291602686932931
6.78e-07,0.0013447852686932936
6.781e-07,5.572226869329311e-05
6.782e-07,-0.0006552157313067068
6.783e-07,5.572226869329311e-05
6.784e-07,0.0013447852686932936
6.785e-07,0.0018291602686932931
6.786e-07,0.0013447852686932936
6.787e-07,0.00037603526869329313
6.788e-07,-0.0006552157313067068
6.789e-07,-0.0012255277313067067
6.79e-07,-0.0006552157313067068
6.791e-07,0.0007900972686932933
6.792e-07,0.0013447852686932936
6.793e-07,0.0002979102686932935
6.794e-07,-0.0006552157313067068
6.795e-07,4.7910268693293276e-05
6.796e-07,0.0013447852686932936
6.797e-07,0.0016650972686932932
6.798e-07,0.0013447852686932936
6.799e-07,0.0013760352686932936
6.8e-07,0.0013447852686932936
6.801e-07,0.0009385352686932932
6.802e-07,0.0013447852686932936
6.803e-07,0.002797910268693293
6.804e-07,0.0033447852686932936
6.805e-07,0.0020244722686932936
6.806e-07,0.0013447852686932936
6.807e-07,0.0031338472686932937
6.808e-07,0.005344785268693293
6.809e-07,0.0051416602686932935
6.81e-07,0.0033447852686932936
6.811e-07,0.0019854102686932933
6.812e-07,0.0013447852686932936
6.813e-07,0.0009385352686932932
6.814e-07,0.0013447852686932936
6.815e-07,0.0027119722686932933
6.816e-07,0.0033447852686932936
6.817e-07,0.0022979102686932935
6.818e-07,0.0013447852686932936
6.819e-07,0.0020244722686932936
6.82e-07,0.0033447852686932936
6.821e-07,0.0036963472686932933
6.822e-07,0.0033447852686932936
6.823e-07,0.0032510352686932935
6.824e-07,0.0033447852686932936
6.825e-07,0.002766660268693293
6.826e-07,0.0013447852686932936
6.827e-07,-6.146473130670682e-05
6.828e-07,-0.0006552157313067068
6.829e-07,-7.708973130670684e-05
6.83e-07,0.0013447852686932936
6.831e-07,0.0027432222686932933
6.832e-07,0.0033447852686932936
6.833e-07,0.003688535268693293
6.834e-07,0.005344785268693293
6.835e-07,0.007680727268693293
6.836e-07,0.007344785268693293
6.837e-07,0.0031807222686932937
6.838e-07,-0.0006552157313067068
6.839e-07,-0.0005614657313067067
6.84e-07,0.0013447852686932936
6.841e-07,0.001719785268693293
6.842e-07,0.0013447852686932936
6.843e-07,0.002704160268693293
6.844e-07,0.005344785268693293
6.845e-07,0.007118222268693294
6.846e-07,0.007344785268693293
6.847e-07,0.006579160268693294
6.848e-07,0.005344785268693293
6.849e-07,0.004055722268693294
6.85e-07,0.0033447852686932936
6.851e-07,0.003274472268693293
6.852e-07,0.0033447852686932936
6.853e-07,0.0032354102686932935
6.854e-07,0.0033447852686932936
6.855e-07,0.004102597268693294
6.856e-07,0.005344785268693293
6.857e-07,0.006571347268693293
6.858e-07,0.007344785268693293
6.859e-07,0.007501037268693294
6.86e-07,0.007344785268693293
6.861e-07,0.006696347268693293
6.862e-07,0.005344785268693293
6.863e-07,0.0037432222686932934
6.864e-07,0.0033447852686932936
6.865e-07,0.004508847268693293
6.866e-07,0.005344785268693293
6.867e-07,0.004540097268693293
6.868e-07,0.0033447852686932936
6.869e-07,0.0036650972686932933
6.87e-07,0.005344785268693293
6.871e-07,0.006860410268693294
6.872e-07,0.007344785268693293
6.873e-07,0.007172910268693293
6.874e-07,0.007344785268693293
6.875e-07,0.0076963472686932925
6.876e-07,0.007344785268693293
6.877e-07,0.005508847268693294
6.878e-07,0.0033447852686932936
6.879e-07,0.0024385352686932937
6.88e-07,0.0033447852686932936
6.881e-07,0.004860410268693293
6.882e-07,0.005344785268693293
6.883e-07,0.004376035268693294
6.884e-07,0.0033447852686932936
6.885e-07,0.003352597268693293
6.886e-07,0.0033447852686932936
6.887e-07,0.002383847268693293
6.888e-07,0.0013447852686932936
6.889e-07,0.0012432222686932933
6.89e-07,0.0013447852686932936
6.891e-07,0.0010166602686932933
6.892e-07,0.0013447852686932936
6.893e-07,0.0032510352686932935
6.894e-07,0.005344785268693293
6.895e-07,0.005485410268693293
6.896e-07,0.0033447852686932936
6.897e-07,0.0006182222686932932
6.898e-07,-0.0006552157313067068
6.899e-07,0.0001494722686932932
6.9e-07,0.0013447852686932936
6.901e-07,0.001594785268693293
6.902e-07,0.0013447852686932936
6.903e-07,0.0018994722686932934
6.904e-07,0.0033447852686932936
6.905e-07,0.004735410268693293
6.906e-07,0.005344785268693293
6.907e-07,0.005336972268693294
6.908e-07,0.005344785268693293
6.909e-07,0.005461972268693294
6.91e-07,0.005344785268693293
6.911e-07,0.004438535268693294
6.912e-07,0.0033447852686932936
6.913e-07,0.0028369722686932934
6.914e-07,0.0033447852686932936
6.915e-07,0.004383847268693293
6.916e-07,0.005344785268693293
6.917e-07,0.005688535268693293
6.918e-07,0.005344785268693293
6.919e-07,0.004454160268693294
6.92e-07,0.0033447852686932936
6.921e-07,0.0021963472686932937
6.922e-07,0.0013447852686932936
6.923e-07,0.0010322852686932933
6.924e-07,0.0013447852686932936
6.925e-07,0.002243222268693293
6.926e-07,0.0033447852686932936
6.927e-07,0.0039619722686932935
6.928e-07,0.0033447852686932936
6.929e-07,0.0015322852686932929
6.93e-07,-0.0006552157313067068
6.931e-07,-0.0016161527313067066
6.932e-07,-0.0006552157313067068
6.933e-07,0.0016338472686932932
6.934e-07,0.0033447852686932936
6.935e-07,0.003501035268693293
6.936e-07,0.0033447852686932936
6.937e-07,0.0041572852686932935
6.938e-07,0.005344785268693293
6.939e-07,0.0056963472686932925
6.94e-07,0.005344785268693293
6.941e-07,0.004665097268693293
6.942e-07,0.0033447852686932936
6.943e-07,0.0015557222686932931
6.944e-07,0.0013447852686932936
6.945e-07,0.0033916602686932936
6.946e-07,0.005344785268693293
6.947e-07,0.005415097268693294
6.948e-07,0.005344785268693293
6.949e-07,0.006532285268693294
6.95e-07,0.007344785268693293
6.951e-07,0.0057744722686932926
6.952e-07,0.0033447852686932936
6.953e-07,0.002508847268693293
6.954e-07,0.0033447852686932936
6.955e-07,0.003985410268693293
6.956e-07,0.0033447852686932936
6.957e-07,0.0020166602686932933
6.958e-07,0.0013447852686932936
6.959e-07,0.0021260352686932934
6.96e-07,0.0033447852686932936
6.961e-07,0.003782285268693293
6.962e-07,0.0033447852686932936
6.963e-07,0.0030166602686932933
6.964e-07,0.0033447852686932936
6.965e-07,0.0042510352686932935
6.966e-07,0.005344785268693293
6.967e-07,0.005907285268693293
6.968e-07,0.005344785268693293
6.969e-07,0.0039463472686932935
6.97e-07,0.0033447852686932936
6.971e-07,0.0042197852686932935
6.972e-07,0.005344785268693293
6.973e-07,0.005469785268693293
6.974e-07,0.005344785268693293
6.975e-07,0.0056494722686932924
6.976e-07,0.005344785268693293
6.977e-07,0.003938535268693293
6.978e-07,0.0033447852686932936
6.979e-07,0.004586972268693293
6.98e-07,0.005344785268693293
6.981e-07,0.004071347268693294
6.982e-07,0.0033447852686932936
6.983e-07,0.005149472268693293
6.984e-07,0.007344785268693293
6.985e-07,0.0070479102686932926
6.986e-07,0.005344785268693293
6.987e-07,0.004735410268693293
6.988e-07,0.005344785268693293
6.989e-07,0.005258847268693294
6.99e-07,0.0033447852686932936
6.991e-07,0.0006025972686932932
6.992e-07,-0.0006552157313067068
6.993e-07,0.0007900972686932933
6.994e-07,0.0033447852686932936
6.995e-07,0.005008847268693294
6.996e-07,0.005344785268693293
6.997e-07,0.005352597268693294
6.998e-07,0.005344785268693293
6.999e-07,0.004774472268693293
7e-07,0.0033447852686932936
7.001e-07,0.0017275972686932933
7.002e-07,0.0013447852686932936
7.003e-07,0.002876035268693293
7.004e-07,0.005344785268693293
7.005e-07,0.0070479102686932926
7.006e-07,0.007344785268693293
7.007e-07,0.006524472268693293
7.008e-07,0.005344785268693293
7.009e-07,0.0041885352686932935
7.01e-07,0.0033447852686932936
7.011e-07,0.0030322852686932933
7.012e-07,0.0033447852686932936
7.013e-07,0.0042197852686932935
7.014e-07,0.005344785268693293
7.015e-07,0.005930722268693293
7.016e-07,0.005344785268693293
7.017e-07,0.004016660268693293
7.018e-07,0.0033447852686932936
7.019e-07,0.004110410268693293
7.02e-07,0.005344785268693293
7.021e-07,0.0057119722686932925
7.022e-07,0.005344785268693293
7.023e-07,0.005055722268693294
7.024e-07,0.005344785268693293
7.025e-07,0.005688535268693293
7.026e-07,0.005344785268693293
7.027e-07,0.004227597268693293
7.028e-07,0.0033447852686932936
7.029e-07,0.0032979102686932936
7.03e-07,0.0033447852686932936
7.031e-07,0.0030947852686932934
7.032e-07,0.0033447852686932936
7.033e-07,0.004618222268693293
7.034e-07,0.005344785268693293
7.035e-07,0.004430722268693293
7.036e-07,0.0033447852686932936
7.037e-07,0.003860410268693293
7.038e-07,0.005344785268693293
7.039e-07,0.006422910268693294
7.04e-07,0.007344785268693293
7.041e-07,0.008024477268693294
7.042e-07,0.007344785268693293
7.043e-07,0.004938535268693293
7.044e-07,0.0033447852686932936
7.045e-07,0.004180722268693293
7.046e-07,0.005344785268693293
7.047e-07,0.004704160268693293
7.048e-07,0.0033447852686932936
7.049e-07,0.0031338472686932937
7.05e-07,0.0033447852686932936
7.051e-07,0.0030635352686932934
7.052e-07,0.0033447852686932936
7.053e-07,0.005305722268693294
7.054e-07,0.007344785268693293
7.055e-07,0.0076963472686932925
7.056e-07,0.007344785268693293
7.057e-07,0.007383847268693294
7.058e-07,0.007344785268693293
7.059e-07,0.006376035268693294
7.06e-07,0.005344785268693293
7.061e-07,0.005118222268693294
7.062e-07,0.005344785268693293
7.063e-07,0.0048213472686932934
7.064e-07,0.0033447852686932936
7.065e-07,0.0022666602686932935
7.066e-07,0.0033447852686932936
7.067e-07,0.006133847268693293
7.068e-07,0.007344785268693293
7.069e-07,0.005415097268693294
7.07e-07,0.0033447852686932936
7.071e-07,0.0039307222686932935
7.072e-07,0.005344785268693293
7.073e-07,0.004860410268693293
7.074e-07,0.0033447852686932936
7.075e-07,0.0029463472686932935
7.076e-07,0.0033447852686932936
7.077e-07,0.0033291602686932936
7.078e-07,0.0033447852686932936
7.079e-07,0.004297910268693294
7.08e-07,0.005344785268693293
7.081e-07,0.005571347268693294
7.082e-07,0.005344785268693293
7.083e-07,0.005344785268693293
7.084e-07,0.005344785268693293
7.085e-07,0.0051416602686932935
7.086e-07,0.005344785268693293
7.087e-07,0.006274472268693293
7.088e-07,0.007344785268693293
7.089e-07,0.007586977268693293
7.09e-07,0.007344785268693293
7.091e-07,0.007141660268693293
7.092e-07,0.007344785268693293
7.093e-07,0.007532287268693294
7.094e-07,0.007344785268693293
7.095e-07,0.006540097268693293
7.096e-07,0.005344785268693293
7.097e-07,0.004149472268693294
7.098e-07,0.0033447852686932936
7.099e-07,0.0031494722686932937
7.1e-07,0.0033447852686932936
7.101e-07,0.004024472268693294
7.102e-07,0.005344785268693293
7.103e-07,0.0068838472686932935
7.104e-07,0.007344785268693293
7.105e-07,0.006360410268693294
7.106e-07,0.005344785268693293
7.107e-07,0.005376035268693293
7.108e-07,0.005344785268693293
7.109e-07,0.004274472268693293
7.11e-07,0.0033447852686932936
7.111e-07,0.0039463472686932935
7.112e-07,0.005344785268693293
7.113e-07,0.006376035268693294
7.114e-07,0.007344785268693293
7.115e-07,0.008657287268693293
7.116e-07,0.009344787268693294
7.117e-07,0.008501037268693293
7.118e-07,0.007344785268693293
7.119e-07,0.0070322852686932925
7.12e-07,0.007344785268693293
7.121e-07,0.007352597268693294
7.122e-07,0.007344785268693293
7.123e-07,0.007501037268693294
7.124e-07,0.007344785268693293
7.125e-07,0.006376035268693294
7.126e-07,0.005344785268693293
7.127e-07,0.005133847268693294
7.128e-07,0.005344785268693293
7.129e-07,0.005415097268693294
7.13e-07,0.005344785268693293
7.131e-07,0.005415097268693294
7.132e-07,0.005344785268693293
7.133e-07,0.005133847268693294
7.134e-07,0.005344785268693293
7.135e-07,0.006376035268693294
7.136e-07,0.007344785268693293
7.137e-07,0.007501037268693294
7.138e-07,0.007344785268693293
7.139e-07,0.007352597268693294
7.14e-07,0.007344785268693293
7.141e-07,0.0070322852686932925
7.142e-07,0.007344785268693293
7.143e-07,0.008501037268693293
7.144e-07,0.009344787268693294
7.145e-07,0.008657287268693293
7.146e-07,0.007344785268693293
7.147e-07,0.006376035268693294
7.148e-07,0.005344785268693293
7.149e-07,0.003985410268693293
7.15e-07,0.0033447852686932936
7.151e-07,0.0042354102686932935
7.152e-07,0.005344785268693293
7.153e-07,0.005461972268693294
7.154e-07,0.005344785268693293
7.155e-07,0.006165097268693293
7.156e-07,0.007344785268693293
7.157e-07,0.007735407268693293
7.158e-07,0.007344785268693293
7.159e-07,0.006610410268693294
7.16e-07,0.005344785268693293
7.161e-07,0.0037900972686932934
7.162e-07,0.0033447852686932936
7.163e-07,0.004438535268693294
7.164e-07,0.005344785268693293
7.165e-07,0.005102597268693294
7.166e-07,0.005344785268693293
7.167e-07,0.007297910268693293
7.168e-07,0.009344787268693294
7.169e-07,0.009211977268693293
7.17e-07,0.007344785268693293
7.171e-07,0.0056650972686932925
7.172e-07,0.005344785268693293
7.173e-07,0.005704160268693293
7.174e-07,0.005344785268693293
7.175e-07,0.004071347268693294
7.176e-07,0.0033447852686932936
7.177e-07,0.004211972268693293
7.178e-07,0.005344785268693293
7.179e-07,0.005461972268693294
7.18e-07,0.005344785268693293
7.181e-07,0.0062197852686932936
7.182e-07,0.007344785268693293
7.183e-07,0.007571347268693294
7.184e-07,0.007344785268693293
7.185e-07,0.007383847268693294
7.186e-07,0.007344785268693293
7.187e-07,0.006469785268693294
7.188e-07,0.005344785268693293
7.189e-07,0.004876035268693293
7.19e-07,0.005344785268693293
7.191e-07,0.006376035268693294
7.192e-07,0.007344785268693293
7.193e-07,0.007594787268693294
7.194e-07,0.007344785268693293
7.195e-07,0.006610410268693294
7.196e-07,0.005344785268693293
7.197e-07,0.004407285268693294
7.198e-07,0.005344785268693293
7.199e-07,0.007540097268693294
7.2e-07,0.007344785268693293
7.201e-07,0.0032979102686932936
7.202e-07,-0.0006552157313067068
7.203e-07,-0.0002099027313067067
7.204e-07,0.0033447852686932936
7.205e-07,0.006383847268693293
7.206e-07,0.007344785268693293
7.207e-07,0.007290097268693294
7.208e-07,0.007344785268693293
7.209e-07,0.007516657268693293
7.21e-07,0.007344785268693293
7.211e-07,0.006477597268693293
7.212e-07,0.005344785268693293
7.213e-07,0.004797910268693293
7.214e-07,0.005344785268693293
7.215e-07,0.006391660268693294
7.216e-07,0.007344785268693293
7.217e-07,0.007657287268693294
7.218e-07,0.007344785268693293
7.219e-07,0.007008847268693294
7.22e-07,0.007344785268693293
7.221e-07,0.007836977268693293
7.222e-07,0.007344785268693293
7.223e-07,0.005352597268693294
7.224e-07,0.0033447852686932936
7.225e-07,0.003290097268693293
7.226e-07,0.005344785268693293
7.227e-07,0.007540097268693294
7.228e-07,0.007344785268693293
7.229e-07,0.004454160268693294
7.23e-07,0.0013447852686932936
7.231e-07,0.0009072852686932932
7.232e-07,0.0033447852686932936
7.233e-07,0.006391660268693294
7.234e-07,0.007344785268693293
7.235e-07,0.0060947852686932934
7.236e-07,0.005344785268693293
7.237e-07,0.006407285268693294
7.238e-07,0.007344785268693293
7.239e-07,0.005977597268693293
7.24e-07,0.0033447852686932936
7.241e-07,0.0021572852686932934
7.242e-07,0.0033447852686932936
7.243e-07,0.0051104102686932934
7.244e-07,0.005344785268693293
7.245e-07,0.004016660268693293
7.246e-07,0.0033447852686932936
7.247e-07,0.004993222268693294
7.248e-07,0.007344785268693293
7.249e-07,0.007657287268693294
7.25e-07,0.005344785268693293
7.251e-07,0.0023604102686932936
7.252e-07,0.0013447852686932936
7.253e-07,0.0029463472686932935
7.254e-07,0.005344785268693293
7.255e-07,0.006704160268693294
7.256e-07,0.007344785268693293
7.257e-07,0.007797907268693293
7.258e-07,0.007344785268693293
7.259e-07,0.005297910268693293
7.26e-07,0.0033447852686932936
7.261e-07,0.0030010352686932933
7.262e-07,0.0033447852686932936
7.263e-07,0.0032197852686932935
7.264e-07,0.0033447852686932936
7.265e-07,0.004415097268693293
7.266e-07,0.005344785268693293
7.267e-07,0.004774472268693293
7.268e-07,0.0033447852686932936
7.269e-07,0.0026963472686932933
7.27e-07,0.0033447852686932936
7.271e-07,0.004579160268693293
7.272e-07,0.005344785268693293
7.273e-07,0.004860410268693293
7.274e-07,0.0033447852686932936
7.275e-07,0.0017744722686932933
7.276e-07,0.0013447852686932936
7.277e-07,0.0022979102686932935
7.278e-07,0.0033447852686932936
7.279e-07,0.0036182222686932932
7.28e-07,0.0033447852686932936
7.281e-07,0.0032197852686932935
7.282e-07,0.0033447852686932936
7.283e-07,0.003415097268693293
7.284e-07,0.0033447852686932936
7.285e-07,0.003751035268693293
7.286e-07,0.005344785268693293
7.287e-07,0.007251035268693293
7.288e-07,0.007344785268693293
7.289e-07,0.005024472268693294
7.29e-07,0.0033447852686932936
7.291e-07,0.0041885352686932935
7.292e-07,0.005344785268693293
7.293e-07,0.004501035268693293
7.294e-07,0.0033447852686932936
7.295e-07,0.004024472268693294
7.296e-07,0.005344785268693293
7.297e-07,0.004969785268693293
7.298e-07,0.0033447852686932936
7.299e-07,0.002508847268693293
7.3e-07,0.0033447852686932936
7.301e-07,0.0048838472686932935
7.302e-07,0.005344785268693293
7.303e-07,0.0042666602686932936
7.304e-07,0.0033447852686932936
7.305e-07,0.003540097268693293
7.306e-07,0.0033447852686932936
7.307e-07,0.0019072852686932932
7.308e-07,0.0013447852686932936
7.309e-07,0.003196347268693293
7.31e-07,0.005344785268693293
7.311e-07,0.0051260352686932934
7.312e-07,0.0033447852686932936
7.313e-07,0.002493222268693293
7.314e-07,0.0033447852686932936
7.315e-07,0.0042666602686932936
7.316e-07,0.0033447852686932936
7.317e-07,0.0008604102686932931
7.318e-07,-0.0006552157313067068
7.319e-07,0.0006572852686932934
7.32e-07,0.0033447852686932936
7.321e-07,0.004579160268693293
7.322e-07,0.0033447852686932936
7.323e-07,0.001352597268693293
7.324e-07,0.0013447852686932936
7.325e-07,0.003610410268693293
7.326e-07,0.005344785268693293
7.327e-07,0.004657285268693293
7.328e-07,0.0033447852686932936
7.329e-07,0.0032979102686932936
7.33e-07,0.0033447852686932936
7.331e-07,0.001657285268693293
7.332e-07,-0.0006552157313067068
7.333e-07,-0.0009208407313067066
7.334e-07,0.0013447852686932936
7.335e-07,0.0042197852686932935
7.336e-07,0.005344785268693293
7.337e-07,0.004329160268693294
7.338e-07,0.0033447852686932936
7.339e-07,0.004047910268693293
7.34e-07,0.005344785268693293
7.341e-07,0.0051104102686932934
7.342e-07,0.0033447852686932936
7.343e-07,0.0016025972686932932
7.344e-07,0.0013447852686932936
7.345e-07,0.0023447852686932936
7.346e-07,0.0033447852686932936
7.347e-07,0.003540097268693293
7.348e-07,0.0033447852686932936
7.349e-07,0.0033760352686932936
7.35e-07,0.0033447852686932936
7.351e-07,0.002579160268693293
7.352e-07,0.0013447852686932936
7.353e-07,0.0006729102686932934
7.354e-07,0.0013447852686932936
7.355e-07,0.0027744722686932934
7.356e-07,0.0033447852686932936
7.357e-07,0.0024385352686932937
7.358e-07,0.0013447852686932936
7.359e-07,0.0012588472686932929
7.36e-07,0.0013447852686932936
7.361e-07,0.0004775972686932935
7.362e-07,-0.0006552157313067068
7.363e-07,-0.0005536527313067066
7.364e-07,0.0013447852686932936
7.365e-07,0.0038838472686932935
7.366e-07,0.005344785268693293
7.367e-07,0.004844785268693293
7.368e-07,0.0033447852686932936
7.369e-07,0.001610410268693293
7.37e-07,-0.0006552157313067068
7.371e-07,-0.003389590231306707
7.372e-07,-0.004655215731306707
7.373e-07,-0.0031239652313067067
7.374e-07,-0.0006552157313067068
7.375e-07,0.0006885352686932934
7.376e-07,0.0013447852686932936
7.377e-07,0.0020635352686932933
7.378e-07,0.0013447852686932936
7.379e-07,-0.0011161527313067066
7.38e-07,-0.0026552152645037065
7.381e-07,-0.0015927157313067068
7.382e-07,-0.0006552157313067068
7.383e-07,-0.0019208402313067067
7.384e-07,-0.0026552152645037065
7.385e-07,-0.00021771473130670653
7.386e-07,0.0033447852686932936
7.387e-07,0.004446347268693293
7.388e-07,0.0033447852686932936
7.389e-07,0.0021260352686932934
7.39e-07,0.0013447852686932936
7.391e-07,0.00030572226869329333
7.392e-07,-0.0006552157313067068
7.393e-07,-0.0014364657313067066
7.394e-07,-0.0026552152645037065
7.395e-07,-0.003811465731306707
7.396e-07,-0.0026552152645037065
7.397e-07,0.001008847268693293
7.398e-07,0.0033447852686932936
7.399e-07,0.0019229102686932932
7.4e-07,-0.0006552157313067068
7.401e-07,-0.0011786527313067067
7.402e-07,-0.0006552157313067068
7.403e-07,-0.0013661527313067066
7.404e-07,-0.0026552152645037065
7.405e-07,-0.0024442777313067065
7.406e-07,-0.0006552157313067068
7.407e-07,0.001008847268693293
7.408e-07,0.0013447852686932936
7.409e-07,0.0003838472686932934
7.41e-07,-0.0006552157313067068
7.411e-07,-0.0008661527313067066
7.412e-07,-0.0006552157313067068
7.413e-07,-0.0007255277313067067
7.414e-07,-0.0006552157313067068
7.415e-07,-0.0003349027313067068
7.416e-07,-0.0006552157313067068
7.417e-07,-0.0019520902313067067
7.418e-07,-0.0026552152645037065
7.419e-07,-0.0017020902313067067
7.42e-07,-0.0006552157313067068
7.421e-07,-0.0012099027313067067
7.422e-07,-0.0026552152645037065
7.423e-07,-0.003256777731306707
7.424e-07,-0.0026552152645037065
7.425e-07,-0.0016161527313067066
7.426e-07,-0.0006552157313067068
7.427e-07,-0.00017865273130670666
7.428e-07,-0.0006552157313067068
7.429e-07,-0.0018739652313067069
7.43e-07,-0.0026552152645037065
7.431e-07,-0.0025380277313067066
7.432e-07,-0.0026552152645037065
7.433e-07,-0.0036942777313067067
7.434e-07,-0.004655215731306707
7.435e-07,-0.004178652731306707
7.436e-07,-0.0026552152645037065
7.437e-07,-0.0012645907313067067
7.438e-07,-0.0006552157313067068
7.439e-07,-0.0006161527313067066
7.44e-07,-0.0006552157313067068
7.441e-07,-0.0007255277313067067
7.442e-07,-0.0006552157313067068
7.443e-07,-0.0006552157313067068
7.444e-07,-0.0006552157313067068
7.445e-07,-0.0006708407313067068
7.446e-07,-0.0006552157313067068
7.447e-07,-0.0011161527313067066
7.448e-07,-0.0026552152645037065
7.449e-07,-0.004936465731306707
7.45e-07,-0.006655215731306707
7.451e-07,-0.006405215731306707
7.452e-07,-0.004655215731306707
7.453e-07,-0.002420840231306707
7.454e-07,-0.0006552157313067068
7.455e-07,0.0005244722686932931
7.456e-07,0.0013447852686932936
7.457e-07,0.001688535268693293
7.458e-07,0.0013447852686932936
7.459e-07,0.00030572226869329333
7.46e-07,-0.0006552157313067068
7.461e-07,-0.0010302157313067067
7.462e-07,-0.0006552157313067068
7.463e-07,-0.00036615273130670683
7.464e-07,-0.0006552157313067068
7.465e-07,-0.0011786527313067067
7.466e-07,-0.0006552157313067068
7.467e-07,0.0008213472686932934
7.468e-07,0.0013447852686932936
7.469e-07,-0.0003114647313067066
7.47e-07,-0.0026552152645037065
7.471e-07,-0.0035302152313067066
7.472e-07,-0.0026552152645037065
7.473e-07,-0.0017802152313067068
7.474e-07,-0.0026552152645037065
7.475e-07,-0.004506777731306706
7.476e-07,-0.004655215731306707
7.477e-07,-0.002311465231306707
7.478e-07,-0.0006552157313067068
7.479e-07,-0.0022020902313067067
7.48e-07,-0.004655215731306707
7.481e-07,-0.004623965731306707
7.482e-07,-0.0026552152645037065
7.483e-07,-0.0011474027313067067
7.484e-07,-0.0006552157313067068
7.485e-07,-0.0010067777313067067
7.486e-07,-0.0026552152645037065
7.487e-07,-0.005342715731306707
7.488e-07,-0.006655215731306707
7.489e-07,-0.005163027731306707
7.49e-07,-0.0026552152645037065
7.491e-07,-0.0016708402313067067
7.492e-07,-0.0026552152645037065
7.493e-07,-0.0041864657313067065
7.494e-07,-0.004655215731306707
7.495e-07,-0.004256777731306707
7.496e-07,-0.004655215731306707
7.497e-07,-0.0061239657313067065
7.498e-07,-0.006655215731306707
7.499e-07,-0.004795840731306707
7.5e-07,-0.0026552152645037065
7.501e-07,-0.002788027731306707
7.502e-07,-0.004655215731306707
7.503e-07,-0.0061708407313067065
7.504e-07,-0.006655215731306707
7.505e-07,-0.006209902731306707
7.506e-07,-0.004655215731306707
7.507e-07,-0.002295840231306707
7.508e-07,-0.0006552157313067068
7.509e-07,-0.0010692777313067068
7.51e-07,-0.0026552152645037065
7.511e-07,-0.004030215731306706
7.512e-07,-0.004655215731306707
7.513e-07,-0.004733340731306707
7.514e-07,-0.004655215731306707
7.515e-07,-0.004639590731306707
7.516e-07,-0.004655215731306707
7.517e-07,-0.004702090731306707
7.518e-07,-0.004655215731306707
7.519e-07,-0.004100527731306707
7.52e-07,-0.0026552152645037065
7.521e-07,-0.0009755277313067067
7.522e-07,-0.0006552157313067068
7.523e-07,-0.0024677152313067065
7.524e-07,-0.004655215731306707
7.525e-07,-0.005311465731306707
7.526e-07,-0.004655215731306707
7.527e-07,-0.0041708407313067065
7.528e-07,-0.004655215731306707
7.529e-07,-0.005803652731306707
7.53e-07,-0.006655215731306707
7.531e-07,-0.006311465731306707
7.532e-07,-0.004655215731306707
7.533e-07,-0.002342715231306707
7.534e-07,-0.0006552157313067068
7.535e-07,-0.0007489657313067067
7.536e-07,-0.0026552152645037065
7.537e-07,-0.005264590731306707
7.538e-07,-0.006655215731306707
7.539e-07,-0.006006777731306707
7.54e-07,-0.004655215731306707
7.541e-07,-0.0041395907313067064
7.542e-07,-0.004655215731306707
7.543e-07,-0.005108340731306707
7.544e-07,-0.004655215731306707
7.545e-07,-0.0034989652313067066
7.546e-07,-0.0026552152645037065
7.547e-07,-0.0026083402613067065
7.548e-07,-0.0026552152645037065
7.549e-07,-0.0019833402313067065
7.55e-07,-0.0006552157313067068
7.551e-07,5.572226869329311e-05
7.552e-07,-0.0006552157313067068
7.553e-07,-0.0027255277613067066
7.554e-07,-0.004655215731306707
7.555e-07,-0.005327090731306707
7.556e-07,-0.004655215731306707
7.557e-07,-0.0034989652313067066
7.558e-07,-0.0026552152645037065
7.559e-07,-0.002428652731306707
7.56e-07,-0.0026552152645037065
7.561e-07,-0.003319277731306707
7.562e-07,-0.004655215731306707
7.563e-07,-0.0061395907313067065
7.564e-07,-0.006655215731306707
7.565e-07,-0.005694277731306707
7.566e-07,-0.004655215731306707
7.567e-07,-0.004647402731306706
7.568e-07,-0.004655215731306707
7.569e-07,-0.0036317777313067067
7.57e-07,-0.0026552152645037065
7.571e-07,-0.0026317777613067066
7.572e-07,-0.0026552152645037065
7.573e-07,-0.0021708402313067067
7.574e-07,-0.0026552152645037065
7.575e-07,-0.0049286527313067065
7.576e-07,-0.006655215731306707
7.577e-07,-0.005600527731306707
7.578e-07,-0.0026552152645037065
7.579e-07,-0.0005849027313067066
7.58e-07,-0.0006552157313067068
7.581e-07,-0.0020302152313067066
7.582e-07,-0.0026552152645037065
7.583e-07,-0.0022333402313067068
7.584e-07,-0.0026552152645037065
7.585e-07,-0.004842715731306707
7.586e-07,-0.006655215731306707
7.587e-07,-0.0061239657313067065
7.588e-07,-0.004655215731306707
7.589e-07,-0.004272402731306707
7.59e-07,-0.004655215731306707
7.591e-07,-0.004038027731306707
7.592e-07,-0.0026552152645037065
7.593e-07,-0.0019442777313067067
7.594e-07,-0.0026552152645037065
7.595e-07,-0.004084902731306707
7.596e-07,-0.004655215731306707
7.597e-07,-0.003303652731306707
7.598e-07,-0.0006552157313067068
7.599e-07,0.0012041602686932934
7.6e-07,0.0013447852686932936
7.601e-07,-0.00038177773130670684
7.602e-07,-0.0026552152645037065
7.603e-07,-0.0038349027313067064
7.604e-07,-0.0026552152645037065
7.605e-07,-0.00045209073130670664
7.606e-07,-0.0006552157313067068
7.607e-07,-0.004569277731306706
7.608e-07,-0.008655215731306707
7.609e-07,-0.009069277731306707
7.61e-07,-0.006655215731306707
7.611e-07,-0.004022402731306707
7.612e-07,-0.0026552152645037065
7.613e-07,-0.0022255277313067067
7.614e-07,-0.0026552152645037065
7.615e-07,-0.0038349027313067064
7.616e-07,-0.004655215731306707
7.617e-07,-0.004131777731306707
7.618e-07,-0.0026552152645037065
7.619e-07,-0.0012958407313067067
7.62e-07,-0.0006552157313067068
7.621e-07,-0.0012255277313067067
7.622e-07,-0.0026552152645037065
7.623e-07,-0.004147402731306707
7.624e-07,-0.004655215731306707
7.625e-07,-0.003811465731306707
7.626e-07,-0.0026552152645037065
7.627e-07,-0.002288027731306707
7.628e-07,-0.0026552152645037065
7.629e-07,-0.0029833402313067066
7.63e-07,-0.0026552152645037065
7.631e-07,-0.0016708402313067067
7.632e-07,-0.0006552157313067068
7.633e-07,-0.00025677773130670673
7.634e-07,-0.0006552157313067068
7.635e-07,-0.0016552152313067067
7.636e-07,-0.0026552152645037065
7.637e-07,-0.0031239652313067067
7.638e-07,-0.0026552152645037065
7.639e-07,-0.0014989657313067067
7.64e-07,-0.0006552157313067068
7.641e-07,-0.0006239657313067068
7.642e-07,-0.0006552157313067068
7.643e-07,-0.0003505277313067068
7.644e-07,-0.0006552157313067068
7.645e-07,-0.0018974027313067067
7.646e-07,-0.0026552152645037065
7.647e-07,-0.0018817777313067067
7.648e-07,-0.0006552157313067068
7.649e-07,-0.00045209073130670664
7.65e-07,-0.0006552157313067068
7.651e-07,-9.271473130670685e-05
7.652e-07,0.0013447852686932936
7.653e-07,0.002211972268693293
7.654e-07,0.0013447852686932936
7.655e-07,-0.0009052157313067066
7.656e-07,-0.0026552152645037065
7.657e-07,-0.002819277731306707
7.658e-07,-0.0026552152645037065
7.659e-07,-0.003413027731306707
7.66e-07,-0.004655215731306707
7.661e-07,-0.004569277731306706
7.662e-07,-0.0026552152645037065
7.663e-07,-3.0214731306706794e-05
7.664e-07,0.0013447852686932936
7.665e-07,0.0011729102686932934
7.666e-07,0.0013447852686932936
7.667e-07,0.002657285268693293
7.668e-07,0.0033447852686932936
7.669e-07,0.0016650972686932932
7.67e-07,-0.0006552157313067068
7.671e-07,-0.0013661527313067066
7.672e-07,-0.0006552157313067068
7.673e-07,-0.00028802773130670676
7.674e-07,-0.0006552157313067068
7.675e-07,-0.0009364657313067066
7.676e-07,-0.0006552157313067068
7.677e-07,0.00024322226869329328
7.678e-07,0.0013447852686932936
7.679e-07,0.0019072852686932932
7.68e-07,0.0013447852686932936
7.681e-07,5.572226869329311e-05
7.682e-07,-0.0006552157313067068
7.683e-07,4.7910268693293276e-05
7.684e-07,0.0013447852686932936
7.685e-07,0.0018682222686932934
7.686e-07,0.0013447852686932936
7.687e-07,0.00026666026869329347
7.688e-07,-0.0006552157313067068
7.689e-07,-0.0005067777313067065
7.69e-07,0.0013447852686932936
7.691e-07,0.004063535268693293
7.692e-07,0.005344785268693293
7.693e-07,0.0038213472686932934
7.694e-07,0.0013447852686932936
7.695e-07,0.00037603526869329313
7.696e-07,0.0013447852686932936
7.697e-07,0.002797910268693293
7.698e-07,0.0033447852686932936
7.699e-07,0.002586972268693293
7.7e-07,0.0013447852686932936
7.701e-07,0.0007275972686932933
7.702e-07,0.0013447852686932936
7.703e-07,0.0026650972686932933
7.704e-07,0.0033447852686932936
7.705e-07,0.0026650972686932933
7.706e-07,0.0013447852686932936
7.707e-07,0.0006572852686932934
7.708e-07,0.0013447852686932936
7.709e-07,0.0027119722686932933
7.71e-07,0.0033447852686932936
7.711e-07,0.002610410268693293
7.712e-07,0.0013447852686932936
7.713e-07,0.0008760352686932931
7.714e-07,0.0013447852686932936
7.715e-07,0.001797910268693293
7.716e-07,0.0013447852686932936
7.717e-07,0.0001885352686932934
7.718e-07,-0.0006552157313067068
7.719e-07,0.0002588472686932933
7.72e-07,0.0033447852686932936
7.721e-07,0.0067744722686932934
7.722e-07,0.007344785268693293
7.723e-07,0.004297910268693294
7.724e-07,0.0013447852686932936
7.725e-07,0.0015010352686932937
7.726e-07,0.0033447852686932936
7.727e-07,0.003922910268693293
7.728e-07,0.0033447852686932936
7.729e-07,0.0030322852686932933
7.73e-07,0.0033447852686932936
7.731e-07,0.0034385352686932937
7.732e-07,0.0033447852686932936
7.733e-07,0.003383847268693293
7.734e-07,0.0033447852686932936
7.735e-07,0.002735410268693293
7.736e-07,0.0013447852686932936
7.737e-07,-0.0002099027313067067
7.738e-07,-0.0006552157313067068
7.739e-07,0.0004229102686932932
7.74e-07,0.0013447852686932936
7.741e-07,0.0012588472686932929
7.742e-07,0.0013447852686932936
7.743e-07,0.002571347268693293
7.744e-07,0.0033447852686932936
7.745e-07,0.0024541602686932937
7.746e-07,0.0013447852686932936
7.747e-07,0.0018682222686932934
7.748e-07,0.0033447852686932936
7.749e-07,0.003938535268693293
7.75e-07,0.0033447852686932936
7.751e-07,0.0027119722686932933
7.752e-07,0.0033447852686932936
7.753e-07,0.0048213472686932934
7.754e-07,0.005344785268693293
7.755e-07,0.0042197852686932935
7.756e-07,0.0033447852686932936
7.757e-07,0.0041416602686932934
7.758e-07,0.005344785268693293
7.759e-07,0.004938535268693293
7.76e-07,0.0033447852686932936
7.761e-07,0.0024697852686932937
7.762e-07,0.0033447852686932936
7.763e-07,0.004938535268693293
7.764e-07,0.005344785268693293
7.765e-07,0.0041416602686932934
7.766e-07,0.0033447852686932936
7.767e-07,0.004321347268693293
7.768e-07,0.005344785268693293
7.769e-07,0.004626035268693293
7.77e-07,0.0033447852686932936
7.771e-07,0.0031885352686932935
7.772e-07,0.0033447852686932936
7.773e-07,0.002907285268693293
7.774e-07,0.0033447852686932936
7.775e-07,0.005579160268693293
7.776e-07,0.007344785268693293
7.777e-07,0.006719785268693294
7.778e-07,0.005344785268693293
7.779e-07,0.0051416602686932935
7.78e-07,0.005344785268693293
7.781e-07,0.004501035268693293
7.782e-07,0.0033447852686932936
7.783e-07,0.003555722268693293
7.784e-07,0.005344785268693293
7.785e-07,0.007172910268693293
7.786e-07,0.007344785268693293
7.787e-07,0.005977597268693293
7.788e-07,0.005344785268693293
7.789e-07,0.006422910268693294
7.79e-07,0.007344785268693293
7.791e-07,0.006422910268693294
7.792e-07,0.005344785268693293
7.793e-07,0.005915097268693293
7.794e-07,0.007344785268693293
7.795e-07,0.007219785268693293
7.796e-07,0.005344785268693293
7.797e-07,0.003461972268693293
7.798e-07,0.0033447852686932936
7.799e-07,0.004735410268693293
7.8e-07,0.005344785268693293
7.801e-07,0.003813535268693293
7.802e-07,0.0013447852686932936
7.803e-07,0.0003447852686932931
7.804e-07,0.0013447852686932936
7.805e-07,0.0030166602686932933
7.806e-07,0.0033447852686932936
7.807e-07,0.002766660268693293
7.808e-07,0.0033447852686932936
7.809e-07,0.005735410268693293
7.81e-07,0.007344785268693293
7.811e-07,0.005946347268693293
7.812e-07,0.0033447852686932936
7.813e-07,0.0028369722686932934
7.814e-07,0.005344785268693293
7.815e-07,0.008391657268693294
7.816e-07,0.009344787268693294
7.817e-07,0.007469787268693294
7.818e-07,0.005344785268693293
7.819e-07,0.0048838472686932935
7.82e-07,0.005344785268693293
7.821e-07,0.004829160268693293
7.822e-07,0.0033447852686932936
7.823e-07,0.0021025972686932936
7.824e-07,0.0013447852686932936
7.825e-07,0.0009385352686932932
7.826e-07,0.0013447852686932936
7.827e-07,0.002626035268693293
7.828e-07,0.0033447852686932936
7.829e-07,0.0030947852686932934
7.83e-07,0.0033447852686932936
7.831e-07,0.004696347268693293
7.832e-07,0.005344785268693293
7.833e-07,0.0036963472686932933
7.834e-07,0.0013447852686932936
7.835e-07,0.0005791602686932933
7.836e-07,0.0013447852686932936
7.837e-07,0.0019385352686932932
7.838e-07,0.0013447852686932936
7.839e-07,0.00013384726869329318
7.84e-07,-0.0006552157313067068
7.841e-07,-0.00010833973130670686
7.842e-07,0.0013447852686932936
7.843e-07,0.002751035268693293
7.844e-07,0.0033447852686932936
7.845e-07,0.003227597268693293
7.846e-07,0.0033447852686932936
7.847e-07,0.004165097268693293
7.848e-07,0.005344785268693293
7.849e-07,0.005860410268693293
7.85e-07,0.005344785268693293
7.851e-07,0.0036338472686932933
7.852e-07,0.0013447852686932936
7.853e-07,-0.0005614657313067067
7.854e-07,-0.0006552157313067068
7.855e-07,0.0012666602686932935
7.856e-07,0.0033447852686932936
7.857e-07,0.0039307222686932935
7.858e-07,0.0033447852686932936
7.859e-07,0.0024541602686932937
7.86e-07,0.0013447852686932936
7.861e-07,5.572226869329311e-05
7.862e-07,-0.0006552157313067068
7.863e-07,-6.7777313067065095e-06
7.864e-07,0.0013447852686932936
7.865e-07,0.0019854102686932933
7.866e-07,0.0013447852686932936
7.867e-07,4.7910268693293276e-05
7.868e-07,-0.0006552157313067068
7.869e-07,4.7910268693293276e-05
7.87e-07,0.0013447852686932936
7.871e-07,0.0020166602686932933
7.872e-07,0.0013447852686932936
7.873e-07,-1.458973130670678e-05
7.874e-07,-0.0006552157313067068
7.875e-07,3.228526869329326e-05
7.876e-07,0.0013447852686932936
7.877e-07,0.0024229102686932937
7.878e-07,0.0033447852686932936
7.879e-07,0.004336972268693293
7.88e-07,0.005344785268693293
7.881e-07,0.005211972268693294
7.882e-07,0.0033447852686932936
7.883e-07,0.0005869722686932932
7.884e-07,-0.0006552157313067068
7.885e-07,0.0003838472686932934
7.886e-07,0.0013447852686932936
7.887e-07,0.00039166026869329315
7.888e-07,-0.0006552157313067068
7.889e-07,0.00013384726869329318
7.89e-07,0.0013447852686932936
7.891e-07,0.001368222268693293
7.892e-07,0.0013447852686932936
7.893e-07,0.002579160268693293
7.894e-07,0.0033447852686932936
7.895e-07,0.0018135352686932931
7.896e-07,-0.0006552157313067068
7.897e-07,-0.0016083407313067068
7.898e-07,-0.0006552157313067068
7.899e-07,0.0007510352686932935
7.9e-07,0.0013447852686932936
7.901e-07,0.0011807222686932932
7.902e-07,0.0013447852686932936
7.903e-07,0.0023604102686932936
7.904e-07,0.0033447852686932936
7.905e-07,0.0030479102686932933
7.906e-07,0.0013447852686932936
7.907e-07,-0.0004442777313067069
7.908e-07,-0.0006552157313067068
7.909e-07,0.0005869722686932932
7.91e-07,0.0013447852686932936
7.911e-07,0.0008682222686932934
7.912e-07,0.0013447852686932936
7.913e-07,0.003735410268693293
7.914e-07,0.005344785268693293
7.915e-07,0.0038057222686932934
7.916e-07,0.0013447852686932936
7.917e-07,0.0007822852686932935
7.918e-07,0.0013447852686932936
7.919e-07,0.0007900972686932933
7.92e-07,-0.0006552157313067068
7.921e-07,-0.0012880277313067068
7.922e-07,-0.0006552157313067068
7.923e-07,0.0004932222686932935
7.924e-07,0.0013447852686932936
7.925e-07,0.001610410268693293
7.926e-07,0.0013447852686932936
7.927e-07,0.0010557222686932931
7.928e-07,0.0013447852686932936
7.929e-07,0.001782285268693293
7.93e-07,0.0013447852686932936
7.931e-07,-1.458973130670678e-05
7.932e-07,-0.0006552157313067068
7.933e-07,0.0002979102686932935
7.934e-07,0.0013447852686932936
7.935e-07,0.0007510352686932935
7.936e-07,-0.0006552157313067068
7.937e-07,-0.0012177157313067067
7.938e-07,-0.0006552157313067068
7.939e-07,0.0003291602686932931
7.94e-07,0.0013447852686932936
7.941e-07,0.0019385352686932932
7.942e-07,0.0013447852686932936
7.943e-07,-0.0006239657313067068
7.944e-07,-0.0026552152645037065
7.945e-07,-0.003334902731306707
7.946e-07,-0.0026552152645037065
7.947e-07,-0.0014520907313067067
7.948e-07,-0.0006552157313067068
7.949e-07,-0.0005770907313067068
7.95e-07,-0.0006552157313067068
7.951e-07,-0.0006239657313067068
7.952e-07,-0.0006552157313067068
7.953e-07,-0.0008270907313067068
7.954e-07,-0.0006552157313067068
7.955e-07,-0.0002255277313067067
7.956e-07,-0.0006552157313067068
7.957e-07,-0.0026161527613067065
7.958e-07,-0.004655215731306707
7.959e-07,-0.005178652731306707
7.96e-07,-0.004655215731306707
7.961e-07,-0.0038505277313067065
7.962e-07,-0.0026552152645037065
7.963e-07,-0.0010692777313067068
7.964e-07,-0.0006552157313067068
7.965e-07,-0.0019052152313067067
7.966e-07,-0.0026552152645037065
7.967e-07,-0.0015380277313067068
7.968e-07,-0.0006552157313067068
7.969e-07,-0.0016942777313067067
7.97e-07,-0.0026552152645037065
7.971e-07,-0.0018036527313067068
7.972e-07,-0.0006552157313067068
7.973e-07,-0.0013427157313067068
7.974e-07,-0.0026552152645037065
7.975e-07,-0.002342715231306707
7.976e-07,-0.0006552157313067068
7.977e-07,0.0003291602686932931
7.978e-07,-0.0006552157313067068
7.979e-07,-0.0030067777313067066
7.98e-07,-0.004655215731306707
7.981e-07,-0.004288027731306707
7.982e-07,-0.0026552152645037065
7.983e-07,-0.0012255277313067067
7.984e-07,-0.0006552157313067068
7.985e-07,-0.0005927157313067068
7.986e-07,-0.0006552157313067068
7.987e-07,-0.0011552157313067066
7.988e-07,-0.0026552152645037065
7.989e-07,-0.004475527731306707
7.99e-07,-0.004655215731306707
7.991e-07,-0.0026083402613067065
7.992e-07,-0.0006552157313067068
7.993e-07,-0.0005849027313067066
7.994e-07,-0.0006552157313067068
7.995e-07,0.0005322852686932933
7.996e-07,0.0013447852686932936
7.997e-07,-0.00019427773130670668
7.998e-07,-0.0026552152645037065
7.999e-07,-0.0035302152313067066
8e-07,-0.0026552152645037065
8.001e-07,-0.0018974027313067067
8.002e-07,-0.0026552152645037065
8.003e-07,-0.004288027731306707
8.004e-07,-0.004655215731306707
8.005e-07,-0.002756777731306707
8.006e-07,-0.0006552157313067068
8.007e-07,-0.0002958397313067066
8.008e-07,-0.0006552157313067068
8.009e-07,-0.00046771573130670666
8.01e-07,-0.0006552157313067068
8.011e-07,-0.0020302152313067066
8.012e-07,-0.0026552152645037065
8.013e-07,-0.0014130277313067067
8.014e-07,-0.0006552157313067068
8.015e-07,-0.002420840231306707
8.016e-07,-0.004655215731306707
8.017e-07,-0.004538027731306706
8.018e-07,-0.0026552152645037065
8.019e-07,-0.0010692777313067068
8.02e-07,-0.0006552157313067068
8.021e-07,-0.0007724027313067068
8.022e-07,-0.0006552157313067068
8.023e-07,-0.00046771573130670666
8.024e-07,-0.0006552157313067068
8.025e-07,-0.0011317777313067066
8.026e-07,-0.0006552157313067068
8.027e-07,0.0007822852686932935
8.028e-07,0.0013447852686932936
8.029e-07,-0.0004208397313067067
8.03e-07,-0.0026552152645037065
8.031e-07,-0.0031864652313067067
8.032e-07,-0.0026552152645037065
8.033e-07,-0.0025302152313067066
8.034e-07,-0.0026552152645037065
8.035e-07,-0.0024520902313067065
8.036e-07,-0.0026552152645037065
8.037e-07,-0.003311465231306707
8.038e-07,-0.0026552152645037065
8.039e-07,-0.00017865273130670666
8.04e-07,0.0013447852686932936
8.041e-07,-0.00021771473130670653
8.042e-07,-0.0026552152645037065
8.043e-07,-0.003334902731306707
8.044e-07,-0.0026552152645037065
8.045e-07,-0.002389590231306707
8.046e-07,-0.0026552152645037065
8.047e-07,-0.0027255277613067066
8.048e-07,-0.0026552152645037065
8.049e-07,-0.0032333402313067068
8.05e-07,-0.004655215731306707
8.051e-07,-0.005694277731306707
8.052e-07,-0.004655215731306707
8.053e-07,-0.0018661527313067069
8.054e-07,-0.0006552157313067068
8.055e-07,-0.0025927152613067065
8.056e-07,-0.004655215731306707
8.057e-07,-0.004030215731306706
8.058e-07,-0.0026552152645037065
8.059e-07,-0.003248965231306707
8.06e-07,-0.004655215731306707
8.061e-07,-0.004436465731306707
8.062e-07,-0.0026552152645037065
8.063e-07,-0.0011942777313067067
8.064e-07,-0.0006552157313067068
8.065e-07,-0.0006239657313067068
8.066e-07,-0.0006552157313067068
8.067e-07,-0.0011161527313067066
8.068e-07,-0.0026552152645037065
8.069e-07,-0.005014590731306707
8.07e-07,-0.006655215731306707
8.071e-07,-0.006280215731306707
8.072e-07,-0.004655215731306707
8.073e-07,-0.003256777731306707
8.074e-07,-0.0026552152645037065
8.075e-07,-0.0020692777313067066
8.076e-07,-0.0006552157313067068
8.077e-07,0.0010166602686932933
8.078e-07,0.0013447852686932936
8.079e-07,-0.00045209073130670664
8.08e-07,-0.0026552152645037065
8.081e-07,-0.003373965231306707
8.082e-07,-0.0026552152645037065
8.083e-07,-0.0021239652313067067
8.084e-07,-0.0026552152645037065
8.085e-07,-0.0038895907313067067
8.086e-07,-0.004655215731306707
8.087e-07,-0.004116152731306707
8.088e-07,-0.0026552152645037065
8.089e-07,-0.0011942777313067067
8.09e-07,-0.0006552157313067068
8.091e-07,-0.0012645907313067067
8.092e-07,-0.0026552152645037065
8.093e-07,-0.004092715731306706
8.094e-07,-0.004655215731306707
8.095e-07,-0.003967715731306706
8.096e-07,-0.0026552152645037065
8.097e-07,-0.0014599027313067067
8.098e-07,-0.0006552157313067068
8.099e-07,-0.0003505277313067068
8.1e-07,-0.0006552157313067068
8.101e-07,-0.0016864652313067067
8.102e-07,-0.0026552152645037065
8.103e-07,-0.002897402731306707
8.104e-07,-0.0026552152645037065
8.105e-07,-0.0020614652313067066
8.106e-07,-0.0006552157313067068
8.107e-07,0.0006104102686932933
8.108e-07,-0.0006552157313067068
8.109e-07,-0.004498965731306707
8.11e-07,-0.006655215731306707
8.111e-07,-0.004288027731306707
8.112e-07,-0.0006552157313067068
8.113e-07,0.00019634726869329324
8.114e-07,-0.0006552157313067068
8.115e-07,-0.0008270907313067068
8.116e-07,-0.0006552157313067068
8.117e-07,-0.0016395907313067066
8.118e-07,-0.0026552152645037065
8.119e-07,-0.0025302152313067066
8.12e-07,-0.0026552152645037065
8.121e-07,-0.004428652731306707
8.122e-07,-0.006655215731306707
8.123e-07,-0.007342715731306707
8.124e-07,-0.006655215731306707
8.125e-07,-0.005538027731306707
8.126e-07,-0.004655215731306707
8.127e-07,-0.003702090731306707
8.128e-07,-0.0026552152645037065
8.129e-07,-0.0016239657313067068
8.13e-07,-0.0006552157313067068
8.131e-07,-0.00021771473130670653
8.132e-07,-0.0006552157313067068
8.133e-07,-0.0018895902313067067
8.134e-07,-0.0026552152645037065
8.135e-07,-0.0025849027613067065
8.136e-07,-0.0026552152645037065
8.137e-07,-0.0037255277313067068
8.138e-07,-0.004655215731306707
8.139e-07,-0.004616152731306706
8.14e-07,-0.004655215731306707
8.141e-07,-0.005225527731306707
8.142e-07,-0.004655215731306707
8.143e-07,-0.0021942777313067067
8.144e-07,-0.0006552157313067068
8.145e-07,-0.0022255277313067067
8.146e-07,-0.004655215731306707
8.147e-07,-0.005178652731306707
8.148e-07,-0.004655215731306707
8.149e-07,-0.004772402731306706
8.15e-07,-0.004655215731306707
8.151e-07,-0.003413027731306707
8.152e-07,-0.0026552152645037065
8.153e-07,-0.0037099027313067068
8.154e-07,-0.004655215731306707
8.155e-07,-0.003811465731306707
8.156e-07,-0.0026552152645037065
8.157e-07,-0.0031786527313067067
8.158e-07,-0.004655215731306707
8.159e-07,-0.005256777731306707
8.16e-07,-0.004655215731306707
8.161e-07,-0.004069277731306707
8.162e-07,-0.004655215731306707
8.163e-07,-0.006014590731306706
8.164e-07,-0.006655215731306707
8.165e-07,-0.005811465731306706
8.166e-07,-0.004655215731306707
8.167e-07,-0.004452090731306707
8.168e-07,-0.004655215731306707
8.169e-07,-0.003991152731306707
8.17e-07,-0.0026552152645037065
8.171e-07,-0.0019520902313067067
8.172e-07,-0.0026552152645037065
8.173e-07,-0.004670840731306707
8.174e-07,-0.006655215731306707
8.175e-07,-0.007413027731306707
8.176e-07,-0.006655215731306707
8.177e-07,-0.0048192777313067064
8.178e-07,-0.0026552152645037065
8.179e-07,-0.0014755277313067067
8.18e-07,-0.0026552152645037065
8.181e-07,-0.005983340731306706
8.182e-07,-0.008655215731306707
8.183e-07,-0.008452090731306707
8.184e-07,-0.006655215731306707
8.185e-07,-0.005288027731306707
8.186e-07,-0.004655215731306707
8.187e-07,-0.004311465731306707
8.188e-07,-0.004655215731306707
8.189e-07,-0.005905215731306706
8.19e-07,-0.006655215731306707
8.191e-07,-0.005811465731306706
8.192e-07,-0.004655215731306707
8.193e-07,-0.004498965731306707
8.194e-07,-0.004655215731306707
8.195e-07,-0.004498965731306707
8.196e-07,-0.004655215731306707
8.197e-07,-0.005709902731306707
8.198e-07,-0.006655215731306707
8.199e-07,-0.0062020907313067065
8.2e-07,-0.004655215731306707
8.201e-07,-0.003733340731306707
8.202e-07,-0.004655215731306707
8.203e-07,-0.006506777731306706
8.204e-07,-0.006655215731306707
8.205e-07,-0.004420840731306707
8.206e-07,-0.0026552152645037065
8.207e-07,-0.0038974027313067065
8.208e-07,-0.006655215731306707
8.209e-07,-0.0077880277313067065
8.21e-07,-0.006655215731306707
8.211e-07,-0.004952090731306707
8.212e-07,-0.004655215731306707
8.213e-07,-0.005764590731306706
8.214e-07,-0.006655215731306707
8.215e-07,-0.006061465731306706
8.216e-07,-0.004655215731306707
8.217e-07,-0.0036083402313067067
8.218e-07,-0.0026552152645037065
8.219e-07,-0.0014208407313067066
8.22e-07,-0.0006552157313067068
8.221e-07,-0.0013583407313067068
8.222e-07,-0.0026552152645037065
8.223e-07,-0.003655215731306707
8.224e-07,-0.004655215731306707
8.225e-07,-0.005998965731306706
8.226e-07,-0.006655215731306707
8.227e-07,-0.0058505277313067065
8.228e-07,-0.004655215731306707
8.229e-07,-0.0038661527313067065
8.23e-07,-0.0026552152645037065
8.231e-07,-0.0008739657313067068
8.232e-07,-0.0006552157313067068
8.233e-07,-0.002866152731306707
8.234e-07,-0.004655215731306707
8.235e-07,-0.0039599027313067066
8.236e-07,-0.0026552152645037065
8.237e-07,-0.003288027731306707
8.238e-07,-0.004655215731306707
8.239e-07,-0.004389590731306707
8.24e-07,-0.0026552152645037065
8.241e-07,-0.0016708402313067067
8.242e-07,-0.0026552152645037065
8.243e-07,-0.0048974027313067065
8.244e-07,-0.006655215731306707
8.245e-07,-0.006459902731306706
8.246e-07,-0.004655215731306707
8.247e-07,-0.002858340231306707
8.248e-07,-0.0026552152645037065
8.249e-07,-0.0038974027313067065
8.25e-07,-0.004655215731306707
8.251e-07,-0.0038974027313067065
8.252e-07,-0.0026552152645037065
8.253e-07,-0.002366152731306707
8.254e-07,-0.0026552152645037065
8.255e-07,-0.0027020902613067066
8.256e-07,-0.0026552152645037065
8.257e-07,-0.003420840231306707
8.258e-07,-0.004655215731306707
8.259e-07,-0.005702090731306706
8.26e-07,-0.006655215731306707
8.261e-07,-0.007217715731306707
8.262e-07,-0.006655215731306707
8.263e-07,-0.005100527731306707
8.264e-07,-0.004655215731306707
8.265e-07,-0.005936465731306706
8.266e-07,-0.006655215731306707
8.267e-07,-0.004975527731306707
8.268e-07,-0.0026552152645037065
8.269e-07,-0.0020614652313067066
8.27e-07,-0.0026552152645037065
8.271e-07,-0.002866152731306707
8.272e-07,-0.0026552152645037065
8.273e-07,-0.003256777731306707
8.274e-07,-0.004655215731306707
8.275e-07,-0.006006777731306707
8.276e-07,-0.006655215731306707
8.277e-07,-0.006178652731306707
8.278e-07,-0.004655215731306707
8.279e-07,-0.0030145902313067066
8.28e-07,-0.0026552152645037065
8.281e-07,-0.003780215731306707
8.282e-07,-0.004655215731306707
8.283e-07,-0.003983340731306706
8.284e-07,-0.0026552152645037065
8.285e-07,-0.0021786527313067067
8.286e-07,-0.0026552152645037065
8.287e-07,-0.0035380277313067066
8.288e-07,-0.004655215731306707
8.289e-07,-0.005975527731306707
8.29e-07,-0.006655215731306707
8.291e-07,-0.006006777731306707
8.292e-07,-0.004655215731306707
8.293e-07,-0.003459902731306707
8.294e-07,-0.0026552152645037065
8.295e-07,-0.002280215231306707
8.296e-07,-0.0026552152645037065
8.297e-07,-0.0036786527313067067
8.298e-07,-0.004655215731306707
8.299e-07,-0.004920840731306707
8.3e-07,-0.004655215731306707
8.301e-07,-0.004584902731306706
8.302e-07,-0.004655215731306707
8.303e-07,-0.004256777731306707
8.304e-07,-0.0026552152645037065
8.305e-07,-0.0002802147313067066
8.306e-07,0.0013447852686932936
8.307e-07,0.0005244722686932931
8.308e-07,-0.0026552152645037065
8.309e-07,-0.006498965731306707
8.31e-07,-0.008655215731306707
8.311e-07,-0.008272402731306708
8.312e-07,-0.006655215731306707
8.313e-07,-0.005334902731306707
8.314e-07,-0.004655215731306707
8.315e-07,-0.0038505277313067065
8.316e-07,-0.0026552152645037065
8.317e-07,-0.0018427152313067068
8.318e-07,-0.0026552152645037065
8.319e-07,-0.004858340731306707
8.32e-07,-0.006655215731306707
8.321e-07,-0.006444277731306706
8.322e-07,-0.004655215731306707
8.323e-07,-0.0030849027313067066
8.324e-07,-0.0026552152645037065
8.325e-07,-0.0029052152313067065
8.326e-07,-0.0026552152645037065
8.327e-07,-0.0015927157313067068
8.328e-07,-0.0006552157313067068
8.329e-07,-0.0010224027313067068
8.33e-07,-0.0026552152645037065
8.331e-07,-0.004366152731306707
8.332e-07,-0.004655215731306707
8.333e-07,-0.0036083402313067067
8.334e-07,-0.0026552152645037065
8.335e-07,-0.0026552152645037065
8.336e-07,-0.0026552152645037065
8.337e-07,-0.0017489652313067068
8.338e-07,-0.0006552157313067068
8.339e-07,-0.0009052157313067066
8.34e-07,-0.0026552152645037065
8.341e-07,-0.004491152731306707
8.342e-07,-0.004655215731306707
8.343e-07,-0.003295840231306707
8.344e-07,-0.0026552152645037065
8.345e-07,-0.003741152731306707
8.346e-07,-0.004655215731306707
8.347e-07,-0.003741152731306707
8.348e-07,-0.0026552152645037065
8.349e-07,-0.003295840231306707
8.35e-07,-0.004655215731306707
8.351e-07,-0.004452090731306707
8.352e-07,-0.0026552152645037065
8.353e-07,-0.0009833407313067067
8.354e-07,-0.0006552157313067068
8.355e-07,-0.0015458407313067067
8.356e-07,-0.0026552152645037065
8.357e-07,-0.0030614652313067066
8.358e-07,-0.0026552152645037065
8.359e-07,-0.0022489652313067068
8.36e-07,-0.0026552152645037065
8.361e-07,-0.003397402731306707
8.362e-07,-0.0026552152645037065
8.363e-07,-0.0003036527313067068
8.364e-07,0.0013447852686932936
8.365e-07,0.0006104102686932933
8.366e-07,-0.0006552157313067068
8.367e-07,-0.0007411527313067067
8.368e-07,-0.0006552157313067068
8.369e-07,-0.0022255277313067067
8.37e-07,-0.004655215731306707
8.371e-07,-0.005725527731306707
8.372e-07,-0.004655215731306707
8.373e-07,-0.002866152731306707
8.374e-07,-0.0026552152645037065
8.375e-07,-0.0041395907313067064
8.376e-07,-0.004655215731306707
8.377e-07,-0.0027020902613067066
8.378e-07,-0.0006552157313067068
8.379e-07,-0.0010302157313067067
8.38e-07,-0.0026552152645037065
8.381e-07,-0.0032177152313067068
8.382e-07,-0.0026552152645037065
8.383e-07,-0.002897402731306707
8.384e-07,-0.004655215731306707
8.385e-07,-0.006608340731306707
8.386e-07,-0.006655215731306707
8.387e-07,-0.004467715731306707
8.388e-07,-0.0026552152645037065
8.389e-07,-0.0032177152313067068
8.39e-07,-0.004655215731306707
8.391e-07,-0.004905215731306707
8.392e-07,-0.004655215731306707
8.393e-07,-0.0049442777313067066
8.394e-07,-0.004655215731306707
8.395e-07,-0.0031395902313067067
8.396e-07,-0.0026552152645037065
8.397e-07,-0.004670840731306707
8.398e-07,-0.006655215731306707
8.399e-07,-0.0061708407313067065
8.4e-07,-0.004655215731306707
8.401e-07,-0.004295840731306707
8.402e-07,-0.004655215731306707
8.403e-07,-0.004131777731306707
8.404e-07,-0.0026552152645037065
8.405e-07,-0.0017958402313067068
8.406e-07,-0.0026552152645037065
8.407e-07,-0.004342715731306707
8.408e-07,-0.004655215731306707
8.409e-07,-0.0031786527313067067
8.41e-07,-0.0026552152645037065
8.411e-07,-0.004756777731306706
8.412e-07,-0.006655215731306707
8.413e-07,-0.005452090731306707
8.414e-07,-0.0026552152645037065
8.415e-07,-0.0011395907313067066
8.416e-07,-0.0006552157313067068
8.417e-07,-0.0002255277313067067
8.418e-07,-0.0006552157313067068
8.419e-07,-0.002756777731306707
8.42e-07,-0.004655215731306707
8.421e-07,-0.004842715731306707
8.422e-07,-0.004655215731306707
8.423e-07,-0.005569277731306707
8.424e-07,-0.006655215731306707
8.425e-07,-0.0062177157313067066
8.426e-07,-0.004655215731306707
8.427e-07,-0.003264590231306707
8.428e-07,-0.0026552152645037065
8.429e-07,-0.0025380277313067066
8.43e-07,-0.0026552152645037065
8.431e-07,-0.002788027731306707
8.432e-07,-0.0026552152645037065
8.433e-07,-0.002420840231306707
8.434e-07,-0.0026552152645037065
8.435e-07,-0.0036161527313067067
8.436e-07,-0.004655215731306707
8.437e-07,-0.005014590731306707
8.438e-07,-0.004655215731306707
8.439e-07,-0.0038427157313067066
8.44e-07,-0.0026552152645037065
8.441e-07,-0.0013427157313067068
8.442e-07,-0.0006552157313067068
8.443e-07,-0.0007255277313067067
8.444e-07,-0.0006552157313067068
8.445e-07,-0.00025677773130670673
8.446e-07,-0.0006552157313067068
8.447e-07,-0.0026395902613067066
8.448e-07,-0.004655215731306707
8.449e-07,-0.004756777731306706
8.45e-07,-0.0026552152645037065
8.451e-07,1.6660268693293248e-05
8.452e-07,0.0013447852686932936
8.453e-07,0.0006572852686932934
8.454e-07,-0.0006552157313067068
8.455e-07,-0.0016239657313067068
8.456e-07,-0.0026552152645037065
8.457e-07,-0.004014590731306706
8.458e-07,-0.004655215731306707
8.459e-07,-0.003733340731306707
8.46e-07,-0.0026552152645037065
8.461e-07,-0.0031005277313067067
8.462e-07,-0.004655215731306707
8.463e-07,-0.005459902731306707
8.464e-07,-0.004655215731306707
8.465e-07,-0.0025849027613067065
8.466e-07,-0.0006552157313067068
8.467e-07,1.6660268693293248e-05
8.468e-07,-0.0006552157313067068
8.469e-07,-0.0019052152313067067
8.47e-07,-0.0026552152645037065
8.471e-07,-0.0026942777613067066
8.472e-07,-0.0026552152645037065
8.473e-07,-0.002881777731306707
8.474e-07,-0.0026552152645037065
8.475e-07,-0.0016942777313067067
8.476e-07,-0.0006552157313067068
8.477e-07,-0.00046771573130670666
8.478e-07,-0.0006552157313067068
8.479e-07,-0.0006239657313067068
8.48e-07,-0.0006552157313067068
8.481e-07,-0.0013895907313067066
8.482e-07,-0.0026552152645037065
8.483e-07,-0.0038505277313067065
8.484e-07,-0.004655215731306707
8.485e-07,-0.004959902731306707
8.486e-07,-0.004655215731306707
8.487e-07,-0.003733340731306707
8.488e-07,-0.0026552152645037065
8.489e-07,-0.0016395907313067066
8.49e-07,-0.0006552157313067068
8.491e-07,-0.00010833973130670686
8.492e-07,-0.0006552157313067068
8.493e-07,-0.0025380277313067066
8.494e-07,-0.004655215731306707
8.495e-07,-0.005561465731306707
8.496e-07,-0.004655215731306707
8.497e-07,-0.0030145902313067066
8.498e-07,-0.0026552152645037065
8.499e-07,-0.0038739657313067066
8.5e-07,-0.004655215731306707
8.501e-07,-0.003670840731306707
8.502e-07,-0.0026552152645037065
8.503e-07,-0.003334902731306707
8.504e-07,-0.004655215731306707
8.505e-07,-0.004452090731306707
8.506e-07,-0.0026552152645037065
8.507e-07,-0.0010224027313067068
8.508e-07,-0.0006552157313067068
8.509e-07,-0.0015770907313067068
8.51e-07,-0.0026552152645037065
8.511e-07,-0.0030302152313067066
8.512e-07,-0.0026552152645037065
8.513e-07,-0.002366152731306707
8.514e-07,-0.0026552152645037065
8.515e-07,-0.0035380277313067066
8.516e-07,-0.004655215731306707
8.517e-07,-0.005295840731306707
8.518e-07,-0.004655215731306707
8.519e-07,-0.0031005277313067067
8.52e-07,-0.0026552152645037065
8.521e-07,-0.0038661527313067065
8.522e-07,-0.004655215731306707
8.523e-07,-0.0035927152313067067
8.524e-07,-0.0026552152645037065
8.525e-07,-0.0035692777313067066
8.526e-07,-0.004655215731306707
8.527e-07,-0.0039286527313067065
8.528e-07,-0.0026552152645037065
8.529e-07,-0.0025849027613067065
8.53e-07,-0.0026552152645037065
8.531e-07,-0.0015849027313067066
8.532e-07,-0.0006552157313067068
8.533e-07,-0.0013895907313067066
8.534e-07,-0.0026552152645037065
8.535e-07,-0.0029286527313067065
8.536e-07,-0.0026552152645037065
8.537e-07,-0.002772402731306707
8.538e-07,-0.0026552152645037065
8.539e-07,-0.0016942777313067067
8.54e-07,-0.0006552157313067068
8.541e-07,-0.0004755277313067065
8.542e-07,-0.0006552157313067068
8.543e-07,-0.0005849027313067066
8.544e-07,-0.0006552157313067068
8.545e-07,-0.0014989657313067067
8.546e-07,-0.0026552152645037065
8.547e-07,-0.0031708402313067067
8.548e-07,-0.0026552152645037065
8.549e-07,-0.0015067777313067068
8.55e-07,-0.0006552157313067068
8.551e-07,-0.0005380277313067065
8.552e-07,-0.0006552157313067068
8.553e-07,-0.0006161527313067066
8.554e-07,-0.0006552157313067068
8.555e-07,-0.0008974027313067067
8.556e-07,-0.0006552157313067068
8.557e-07,0.0003838472686932934
8.558e-07,0.0013447852686932936
8.559e-07,0.0009385352686932932
8.56e-07,-0.0006552157313067068
8.561e-07,-0.0022255277313067067
8.562e-07,-0.0026552152645037065
8.563e-07,-0.0018114652313067068
8.564e-07,-0.0006552157313067068
8.565e-07,-0.0002099027313067067
8.566e-07,-0.0006552157313067068
8.567e-07,-0.0011786527313067067
8.568e-07,-0.0006552157313067068
8.569e-07,0.0007354102686932935
8.57e-07,0.0013447852686932936
8.571e-07,0.0003838472686932934
8.572e-07,-0.0006552157313067068
8.573e-07,-0.0006552157313067068
8.574e-07,-0.0006552157313067068
8.575e-07,-0.0017333402313067067
8.576e-07,-0.0026552152645037065
8.577e-07,-0.0019364652313067067
8.578e-07,-0.0006552157313067068
8.579e-07,-0.0003114647313067066
8.58e-07,-0.0006552157313067068
8.581e-07,-0.0007333407313067067
8.582e-07,-0.0006552157313067068
8.583e-07,-0.0007802157313067067
8.584e-07,-0.0006552157313067068
8.585e-07,0.00021978526869329343
8.586e-07,0.0013447852686932936
8.587e-07,0.0017744722686932933
8.588e-07,0.0013447852686932936
8.589e-07,0.00030572226869329333
8.59e-07,-0.0006552157313067068
8.591e-07,-0.0010536527313067068
8.592e-07,-0.0006552157313067068
8.593e-07,0.0002744722686932933
8.594e-07,0.0013447852686932936
8.595e-07,0.0018525972686932934
8.596e-07,0.0013447852686932936
8.597e-07,9.478526869329332e-05
8.598e-07,-0.0006552157313067068
8.599e-07,-0.0005302157313067067
8.6e-07,-0.0006552157313067068
8.601e-07,-0.0018036527313067068
8.602e-07,-0.0026552152645037065
8.603e-07,-0.0019833402313067065
8.604e-07,-0.0006552157313067068
8.605e-07,-0.00019427773130670668
8.606e-07,-0.0006552157313067068
8.607e-07,-0.0014599027313067067
8.608e-07,-0.0026552152645037065
8.609e-07,-0.004061465731306706
8.61e-07,-0.004655215731306707
8.611e-07,-0.003741152731306707
8.612e-07,-0.0026552152645037065
8.613e-07,-0.0024989652313067066
8.614e-07,-0.0026552152645037065
8.615e-07,-0.0024989652313067066
8.616e-07,-0.0026552152645037065
8.617e-07,-0.0031864652313067067
8.618e-07,-0.0026552152645037065
8.619e-07,-0.0003895897313067067
8.62e-07,0.0013447852686932936
8.621e-07,0.0002588472686932933
8.622e-07,-0.0026552152645037065
8.623e-07,-0.004803652731306706
8.624e-07,-0.004655215731306707
8.625e-07,-0.002756777731306707
8.626e-07,-0.0006552157313067068
8.627e-07,0.0005869722686932932
8.628e-07,0.0013447852686932936
8.629e-07,0.0017588472686932933
8.63e-07,0.0013447852686932936
8.631e-07,-0.0004286527313067069
8.632e-07,-0.0026552152645037065
8.633e-07,-0.004116152731306707
8.634e-07,-0.004655215731306707
8.635e-07,-0.004733340731306707
8.636e-07,-0.004655215731306707
8.637e-07,-0.004022402731306707
8.638e-07,-0.0026552152645037065
8.639e-07,-0.0010692777313067068
8.64e-07,-0.0006552157313067068
8.641e-07,-0.0017020902313067067
8.642e-07,-0.0026552152645037065
8.643e-07,-0.0020614652313067066
8.644e-07,-0.0006552157313067068
8.645e-07,-6.146473130670682e-05
8.646e-07,-0.0006552157313067068
8.647e-07,-0.0017802152313067068
8.648e-07,-0.0026552152645037065
8.649e-07,-0.0029755277313067065
8.65e-07,-0.0026552152645037065
8.651e-07,-0.0017333402313067067
8.652e-07,-0.0006552157313067068
8.653e-07,0.00033697226869329336
8.654e-07,0.0013447852686932936
8.655e-07,0.0018916602686932932
8.656e-07,0.0013447852686932936
8.657e-07,-9.271473130670685e-05
8.658e-07,-0.0006552157313067068
8.659e-07,0.0003135352686932931
8.66e-07,0.0013447852686932936
8.661e-07,0.0007744722686932933
8.662e-07,-0.0006552157313067068
8.663e-07,-0.0012958407313067067
8.664e-07,-0.0006552157313067068
8.665e-07,5.572226869329311e-05
8.666e-07,-0.0006552157313067068
8.667e-07,-0.002366152731306707
8.668e-07,-0.0026552152645037065
8.669e-07,-0.0005849027313067066
8.67e-07,0.0013447852686932936
8.671e-07,0.0008525972686932934
8.672e-07,-0.0006552157313067068
8.673e-07,-0.0009520907313067067
8.674e-07,-0.0006552157313067068
8.675e-07,-0.0013427157313067068
8.676e-07,-0.0026552152645037065
8.677e-07,-0.0031239652313067067
8.678e-07,-0.0026552152645037065
8.679e-07,-0.0017411527313067067
8.68e-07,-0.0006552157313067068
8.681e-07,0.0005010352686932932
8.682e-07,0.0013447852686932936
8.683e-07,0.0015322852686932929
8.684e-07,0.0013447852686932936
8.685e-07,0.0011104102686932934
8.686e-07,0.0013447852686932936
8.687e-07,0.0016338472686932932
8.688e-07,0.0013447852686932936
8.689e-07,0.00025103526869329346
8.69e-07,-0.0006552157313067068
8.691e-07,-0.0008114657313067067
8.692e-07,-0.0006552157313067068
8.693e-07,-0.0011786527313067067
8.694e-07,-0.0026552152645037065
8.695e-07,-0.003702090731306707
8.696e-07,-0.0026552152645037065
8.697e-07,9.478526869329332e-05
8.698e-07,0.0013447852686932936
8.699e-07,-0.0004599027313067069
8.7e-07,-0.0026552152645037065
8.701e-07,-0.002342715231306707
8.702e-07,-0.0006552157313067068
8.703e-07,-9.271473130670685e-05
8.704e-07,-0.0006552157313067068
8.705e-07,-0.0009677157313067067
8.706e-07,-0.0006552157313067068
8.707e-07,-0.0004755277313067065
8.708e-07,-0.0006552157313067068
8.709e-07,-0.0008583407313067068
8.71e-07,-0.0006552157313067068
8.711e-07,-0.0003036527313067068
8.712e-07,-0.0006552157313067068
8.713e-07,-0.0019286527313067067
8.714e-07,-0.0026552152645037065
8.715e-07,-0.0018583402313067069
8.716e-07,-0.0006552157313067068
8.717e-07,-0.0004208397313067067
8.718e-07,-0.0006552157313067068
8.719e-07,-0.0005145907313067067
8.72e-07,-0.0006552157313067068
8.721e-07,-0.0017020902313067067
8.722e-07,-0.0026552152645037065
8.723e-07,-0.0026474027643067066
8.724e-07,-0.0026552152645037065
8.725e-07,-0.0031708402313067067
8.726e-07,-0.0026552152645037065
8.727e-07,-0.0003895897313067067
8.728e-07,0.0013447852686932936
8.729e-07,0.0006885352686932934
8.73e-07,-0.0006552157313067068
8.731e-07,-0.0008114657313067067
8.732e-07,-0.0006552157313067068
8.733e-07,-0.0016474027313067067
8.734e-07,-0.0026552152645037065
8.735e-07,-0.0020927152313067066
8.736e-07,-0.0006552157313067068
8.737e-07,-3.802773130670654e-05
8.738e-07,-0.0006552157313067068
8.739e-07,-0.0017411527313067067
8.74e-07,-0.0026552152645037065
8.741e-07,-0.0029755277313067065
8.742e-07,-0.0026552152645037065
8.743e-07,-0.0017333402313067067
8.744e-07,-0.0006552157313067068
8.745e-07,0.00037603526869329313
8.746e-07,0.0013447852686932936
8.747e-07,0.0018213472686932934
8.748e-07,0.0013447852686932936
8.749e-07,3.228526869329326e-05
8.75e-07,-0.0006552157313067068
8.751e-07,6.353526869329329e-05
8.752e-07,0.0013447852686932936
8.753e-07,0.0017432222686932933
8.754e-07,0.0013447852686932936
8.755e-07,0.0004697852686932932
8.756e-07,-0.0006552157313067068
8.757e-07,-0.0019442777313067067
8.758e-07,-0.0026552152645037065
8.759e-07,-0.0020614652313067066
8.76e-07,-0.0006552157313067068
8.761e-07,0.00021197226869329325
8.762e-07,-0.0006552157313067068
8.763e-07,-0.0029052152313067065
8.764e-07,-0.004655215731306707
8.765e-07,-0.004295840731306707
8.766e-07,-0.0026552152645037065
8.767e-07,-0.0011786527313067067
8.768e-07,-0.0006552157313067068
8.769e-07,-0.0007020907313067066
8.77e-07,-0.0006552157313067068
8.771e-07,-0.0005067777313067065
8.772e-07,-0.0006552157313067068
8.773e-07,-0.0009755277313067067
8.774e-07,-0.0006552157313067068
8.775e-07,0.0004697852686932932
8.776e-07,0.0013447852686932936
8.777e-07,0.0007119722686932933
8.778e-07,-0.0006552157313067068
8.779e-07,-0.0012645907313067067
8.78e-07,-0.0006552157313067068
8.781e-07,0.0005713472686932931
8.782e-07,0.0013447852686932936
8.783e-07,0.0009385352686932932
8.784e-07,-0.0006552157313067068
8.785e-07,-0.002405215231306707
8.786e-07,-0.0026552152645037065
8.787e-07,-0.0008583407313067068
8.788e-07,0.0013447852686932936
8.789e-07,0.002579160268693293
8.79e-07,0.0033447852686932936
8.791e-07,0.0039619722686932935
8.792e-07,0.0033447852686932936
8.793e-07,0.001024472268693293
8.794e-07,-0.0006552157313067068
8.795e-07,1.0352686932932342e-06
8.796e-07,0.0013447852686932936
8.797e-07,0.0013916602686932936
8.798e-07,0.0013447852686932936
8.799e-07,0.002415097268693293
8.8e-07,0.0033447852686932936
8.801e-07,0.002602597268693293
8.802e-07,0.0013447852686932936
8.803e-07,0.0011104102686932934
8.804e-07,0.0013447852686932936
8.805e-07,0.0006650972686932932
8.806e-07,-0.0006552157313067068
8.807e-07,-0.0013349027313067066
8.808e-07,-0.0006552157313067068
8.809e-07,0.0007354102686932935
8.81e-07,0.0013447852686932936
8.811e-07,0.0005713472686932931
8.812e-07,-0.0006552157313067068
8.813e-07,-0.0010614657313067067
8.814e-07,-0.0006552157313067068
8.815e-07,-0.0003349027313067068
8.816e-07,-0.0006552157313067068
8.817e-07,-0.0010927157313067068
8.818e-07,-0.0006552157313067068
8.819e-07,0.0006104102686932933
8.82e-07,0.0013447852686932936
8.821e-07,0.0005791602686932933
8.822e-07,-0.0006552157313067068
8.823e-07,-0.0009520907313067067
8.824e-07,-0.0006552157313067068
8.825e-07,-0.0006161527313067066
8.826e-07,-0.0006552157313067068
8.827e-07,-0.00048334073130670667
8.828e-07,-0.0006552157313067068
8.829e-07,-0.0011786527313067067
8.83e-07,-0.0006552157313067068
8.831e-07,0.001493222268693293
8.832e-07,0.0033447852686932936
8.833e-07,0.0030166602686932933
8.834e-07,0.0013447852686932936
8.835e-07,-1.458973130670678e-05
8.836e-07,-0.0006552157313067068
8.837e-07,-0.0009677157313067067
8.838e-07,-0.0006552157313067068
8.839e-07,0.00039166026869329315
8.84e-07,0.0013447852686932936
8.841e-07,0.0014854102686932937
8.842e-07,0.0013447852686932936
8.843e-07,0.001415097268693293
8.844e-07,0.0013447852686932936
8.845e-07,0.0005088472686932931
8.846e-07,-0.0006552157313067068
8.847e-07,-0.0012802157313067067
8.848e-07,-0.0006552157313067068
8.849e-07,0.0006572852686932934
8.85e-07,0.0013447852686932936
8.851e-07,0.0006807222686932932
8.852e-07,-0.0006552157313067068
8.853e-07,-0.0017411527313067067
8.854e-07,-0.0026552152645037065
8.855e-07,-0.0036942777313067067
8.856e-07,-0.004655215731306707
8.857e-07,-0.004452090731306707
8.858e-07,-0.0026552152645037065
8.859e-07,-6.927773130670657e-05
8.86e-07,0.0013447852686932936
8.861e-07,0.0006885352686932934
8.862e-07,-0.0006552157313067068
8.863e-07,-0.0010302157313067067
8.864e-07,-0.0006552157313067068
8.865e-07,-0.0005614657313067067
8.866e-07,-0.0006552157313067068
8.867e-07,-0.0006083407313067068
8.868e-07,-0.0006552157313067068
8.869e-07,-0.0009520907313067067
8.87e-07,-0.0006552157313067068
8.871e-07,0.0005400972686932931
8.872e-07,0.0013447852686932936
8.873e-07,0.0006650972686932932
8.874e-07,-0.0006552157313067068
8.875e-07,-0.0011786527313067067
8.876e-07,-0.0006552157313067068
8.877e-07,0.00030572226869329333
8.878e-07,0.0013447852686932936
8.879e-07,0.0019385352686932932
8.88e-07,0.0013447852686932936
8.881e-07,-0.00014740273130670663
8.882e-07,-0.0006552157313067068
8.883e-07,0.0005010352686932932
8.884e-07,0.0013447852686932936
8.885e-07,0.00043072226869329345
8.886e-07,-0.0006552157313067068
8.887e-07,-3.0214731306706794e-05
8.888e-07,0.0013447852686932936
8.889e-07,0.0016963472686932933
8.89e-07,0.0013447852686932936
8.891e-07,0.001305722268693293
8.892e-07,0.0013447852686932936
8.893e-07,0.0010947852686932933
8.894e-07,0.0013447852686932936
8.895e-07,0.0025010352686932937
8.896e-07,0.0033447852686932936
8.897e-07,0.0026650972686932933
8.898e-07,0.0013447852686932936
8.899e-07,0.0008213472686932934
8.9e-07,0.0013447852686932936
8.901e-07,0.002305722268693293
8.902e-07,0.0033447852686932936
8.903e-07,0.003907285268693293
8.904e-07,0.0033447852686932936
8.905e-07,0.0018994722686932934
8.906e-07,0.0013447852686932936
8.907e-07,0.002383847268693293
8.908e-07,0.0033447852686932936
8.909e-07,0.0026963472686932933
8.91e-07,0.0013447852686932936
8.911e-07,0.0008994722686932934
8.912e-07,0.0013447852686932936
8.913e-07,0.0015869722686932932
8.914e-07,0.0013447852686932936
8.915e-07,0.0011104102686932934
8.916e-07,0.0013447852686932936
8.917e-07,0.0022041602686932935
8.918e-07,0.0033447852686932936
8.919e-07,0.004008847268693294
8.92e-07,0.0033447852686932936
8.921e-07,0.001352597268693293
8.922e-07,-0.0006552157313067068
8.923e-07,-0.0013661527313067066
8.924e-07,-0.0006552157313067068
8.925e-07,0.0011338472686932932
8.926e-07,0.0033447852686932936
8.927e-07,0.005094785268693293
8.928e-07,0.005344785268693293
8.929e-07,0.003688535268693293
8.93e-07,0.0013447852686932936
8.931e-07,0.00026666026869329347
8.932e-07,0.0013447852686932936
8.933e-07,0.003719785268693293
8.934e-07,0.005344785268693293
8.935e-07,0.0048994722686932935
8.936e-07,0.0033447852686932936
8.937e-07,0.002461972268693293
8.938e-07,0.0033447852686932936
8.939e-07,0.005024472268693294
8.94e-07,0.005344785268693293
8.941e-07,0.0039463472686932935
8.942e-07,0.0033447852686932936
8.943e-07,0.004610410268693293
8.944e-07,0.005344785268693293
8.945e-07,0.003501035268693293
8.946e-07,0.0013447852686932936
8.947e-07,0.0016650972686932932
8.948e-07,0.0033447852686932936
8.949e-07,0.003860410268693293
8.95e-07,0.0033447852686932936
8.951e-07,0.0031416602686932934
8.952e-07,0.0033447852686932936
8.953e-07,0.0033291602686932936
8.954e-07,0.0033447852686932936
8.955e-07,0.003579160268693293
8.956e-07,0.0033447852686932936
8.957e-07,0.0022979102686932935
8.958e-07,0.0013447852686932936
8.959e-07,0.0012197852686932934
8.96e-07,0.0013447852686932936
8.961e-07,0.0012588472686932929
8.962e-07,0.0013447852686932936
8.963e-07,0.002258847268693293
8.964e-07,0.0033447852686932936
8.965e-07,0.003735410268693293
8.966e-07,0.0033447852686932936
8.967e-07,0.0029463472686932935
8.968e-07,0.0033447852686932936
8.969e-07,0.004391660268693294
8.97e-07,0.005344785268693293
8.971e-07,0.005532285268693293
8.972e-07,0.005344785268693293
8.973e-07,0.005219785268693293
8.974e-07,0.005344785268693293
8.975e-07,0.004907285268693293
8.976e-07,0.0033447852686932936
8.977e-07,0.0015010352686932937
8.978e-07,0.0013447852686932936
8.979e-07,0.003415097268693293
8.98e-07,0.005344785268693293
8.981e-07,0.005047910268693293
8.982e-07,0.0033447852686932936
8.983e-07,0.0025010352686932937
8.984e-07,0.0033447852686932936
8.985e-07,0.004782285268693293
8.986e-07,0.005344785268693293
8.987e-07,0.005024472268693294
8.988e-07,0.005344785268693293
8.989e-07,0.006688535268693294
8.99e-07,0.007344785268693293
8.991e-07,0.0057432222686932925
8.992e-07,0.0033447852686932936
8.993e-07,0.0025010352686932937
8.994e-07,0.0033447852686932936
8.995e-07,0.004547910268693293
8.996e-07,0.005344785268693293
8.997e-07,0.005626035268693293
8.998e-07,0.005344785268693293
8.999e-07,0.0049307222686932935
9e-07,0.005344785268693293
9.001e-07,0.006618222268693293
9.002e-07,0.007344785268693293
9.003e-07,0.006547910268693294
9.004e-07,0.005344785268693293
9.005e-07,0.005016660268693293
9.006e-07,0.005344785268693293
9.007e-07,0.005461972268693294
9.008e-07,0.005344785268693293
9.009e-07,0.005352597268693294
9.01e-07,0.005344785268693293
9.011e-07,0.005180722268693294
9.012e-07,0.005344785268693293
9.013e-07,0.006149472268693293
9.014e-07,0.007344785268693293
9.015e-07,0.007969787268693294
9.016e-07,0.007344785268693293
9.017e-07,0.005891660268693293
9.018e-07,0.005344785268693293
9.019e-07,0.005899472268693293
9.02e-07,0.005344785268693293
9.021e-07,0.002876035268693293
9.022e-07,0.0013447852686932936
9.023e-07,0.0030166602686932933
9.024e-07,0.005344785268693293
9.025e-07,0.005688535268693293
9.026e-07,0.005344785268693293
9.027e-07,0.006376035268693294
9.028e-07,0.007344785268693293
9.029e-07,0.006493222268693293
9.03e-07,0.005344785268693293
9.031e-07,0.005915097268693293
9.032e-07,0.007344785268693293
9.033e-07,0.007774477268693293
9.034e-07,0.007344785268693293
9.035e-07,0.0070322852686932925
9.036e-07,0.007344785268693293
9.037e-07,0.007626037268693294
9.038e-07,0.007344785268693293
9.039e-07,0.006829160268693294
9.04e-07,0.007344785268693293
9.041e-07,0.008821347268693294
9.042e-07,0.009344787268693294
9.043e-07,0.007579157268693293
9.044e-07,0.005344785268693293
9.045e-07,0.004743222268693293
9.046e-07,0.005344785268693293
9.047e-07,0.005555722268693294
9.048e-07,0.005344785268693293
9.049e-07,0.005344785268693293
9.05e-07,0.005344785268693293
9.051e-07,0.0051572852686932935
9.052e-07,0.005344785268693293
9.053e-07,0.005899472268693293
9.054e-07,0.005344785268693293
9.055e-07,0.003258847268693293
9.056e-07,0.0013447852686932936
9.057e-07,0.0015479102686932929
9.058e-07,0.0033447852686932936
9.059e-07,0.004985410268693293
9.06e-07,0.005344785268693293
9.061e-07,0.004977597268693294
9.062e-07,0.005344785268693293
9.063e-07,0.006610410268693294
9.064e-07,0.007344785268693293
9.065e-07,0.006501035268693294
9.066e-07,0.005344785268693293
9.067e-07,0.0051104102686932934
9.068e-07,0.005344785268693293
9.069e-07,0.004704160268693293
9.07e-07,0.0033447852686932936
9.071e-07,0.002657285268693293
9.072e-07,0.0033447852686932936
9.073e-07,0.004844785268693293
9.074e-07,0.005344785268693293
9.075e-07,0.004344785268693294
9.076e-07,0.0033447852686932936
9.077e-07,0.003907285268693293
9.078e-07,0.005344785268693293
9.079e-07,0.006461972268693293
9.08e-07,0.007344785268693293
9.081e-07,0.008422907268693294
9.082e-07,0.009344787268693294
9.083e-07,0.008938537268693293
9.084e-07,0.007344785268693293
9.085e-07,0.005594785268693293
9.086e-07,0.005344785268693293
9.087e-07,0.006547910268693294
9.088e-07,0.007344785268693293
9.089e-07,0.006461972268693293
9.09e-07,0.005344785268693293
9.091e-07,0.005329160268693293
9.092e-07,0.005344785268693293
9.093e-07,0.004297910268693294
9.094e-07,0.0033447852686932936
9.095e-07,0.004024472268693294
9.096e-07,0.005344785268693293
9.097e-07,0.0056963472686932925
9.098e-07,0.005344785268693293
9.099e-07,0.005219785268693293
9.1e-07,0.005344785268693293
9.101e-07,0.005329160268693293
9.102e-07,0.005344785268693293
9.103e-07,0.005501035268693293
9.104e-07,0.005344785268693293
9.105e-07,0.004493222268693293
9.106e-07,0.0033447852686932936
9.107e-07,0.002751035268693293
9.108e-07,0.0033447852686932936
9.109e-07,0.004704160268693293
9.11e-07,0.005344785268693293
9.111e-07,0.005016660268693293
9.112e-07,0.005344785268693293
9.113e-07,0.0068213472686932935
9.114e-07,0.007344785268693293
9.115e-07,0.005422910268693293
9.116e-07,0.0033447852686932936
9.117e-07,0.003626035268693293
9.118e-07,0.005344785268693293
9.119e-07,0.006055722268693293
9.12e-07,0.005344785268693293
9.121e-07,0.0042197852686932935
9.122e-07,0.0033447852686932936
9.123e-07,0.0029775972686932935
9.124e-07,0.0033447852686932936
9.125e-07,0.004360410268693294
9.126e-07,0.005344785268693293
9.127e-07,0.005618222268693294
9.128e-07,0.005344785268693293
9.129e-07,0.005079160268693293
9.13e-07,0.005344785268693293
9.131e-07,0.0057744722686932926
9.132e-07,0.005344785268693293
9.133e-07,0.003477597268693293
9.134e-07,0.0013447852686932936
9.135e-07,0.0004697852686932932
9.136e-07,0.0013447852686932936
9.137e-07,0.0033760352686932936
9.138e-07,0.005344785268693293
9.139e-07,0.0062041602686932935
9.14e-07,0.005344785268693293
9.141e-07,0.003243222268693293
9.142e-07,0.0013447852686932936
9.143e-07,0.0007588472686932933
9.144e-07,0.0013447852686932936
9.145e-07,0.0023916602686932936
9.146e-07,0.0033447852686932936
9.147e-07,0.004243222268693293
9.148e-07,0.005344785268693293
9.149e-07,0.006047910268693293
9.15e-07,0.005344785268693293
9.151e-07,0.0031494722686932937
9.152e-07,0.0013447852686932936
9.153e-07,0.0015869722686932932
9.154e-07,0.0033447852686932936
9.155e-07,0.004797910268693293
9.156e-07,0.005344785268693293
9.157e-07,0.0048213472686932934
9.158e-07,0.0033447852686932936
9.159e-07,0.0016494722686932932
9.16e-07,0.0013447852686932936
9.161e-07,0.0026650972686932933
9.162e-07,0.0033447852686932936
9.163e-07,0.0018135352686932931
9.164e-07,-0.0006552157313067068
9.165e-07,-0.0015849027313067066
9.166e-07,-0.0006552157313067068
9.167e-07,0.0008682222686932934
9.168e-07,0.0013447852686932936
9.169e-07,0.001024472268693293
9.17e-07,0.0013447852686932936
9.171e-07,0.0031338472686932937
9.172e-07,0.005344785268693293
9.173e-07,0.0061416602686932935
9.174e-07,0.005344785268693293
9.175e-07,0.0039775972686932936
9.176e-07,0.0033447852686932936
9.177e-07,0.003352597268693293
9.178e-07,0.0033447852686932936
9.179e-07,0.002555722268693293
9.18e-07,0.0013447852686932936
9.181e-07,0.0007041602686932934
9.182e-07,0.0013447852686932936
9.183e-07,0.002735410268693293
9.184e-07,0.0033447852686932936
9.185e-07,0.0024697852686932937
9.186e-07,0.0013447852686932936
9.187e-07,0.0011025972686932932
9.188e-07,0.0013447852686932936
9.189e-07,0.0012979102686932935
9.19e-07,0.0013447852686932936
9.191e-07,0.001766660268693293
9.192e-07,0.0013447852686932936
9.193e-07,-0.0006552157313067068
9.194e-07,-0.0026552152645037065
9.195e-07,-0.0029833402313067066
9.196e-07,-0.0026552152645037065
9.197e-07,-0.0022567777313067068
9.198e-07,-0.0006552157313067068
9.199e-07,0.0021885352686932934
9.2e-07,0.0033447852686932936
9.201e-07,0.001321347268693293
9.202e-07,-0.0006552157313067068
9.203e-07,0.0005479102686932933
9.204e-07,0.0033447852686932936
9.205e-07,0.0038682222686932935
9.206e-07,0.0013447852686932936
9.207e-07,-0.0019208402313067067
9.208e-07,-0.0026552152645037065
9.209e-07,-0.0006161527313067066
9.21e-07,0.0013447852686932936
9.211e-07,0.0009072852686932932
9.212e-07,-0.0006552157313067068
9.213e-07,-0.0010458407313067067
9.214e-07,-0.0006552157313067068
9.215e-07,-0.0011083407313067068
9.216e-07,-0.0026552152645037065
9.217e-07,-0.004038027731306707
9.218e-07,-0.004655215731306707
9.219e-07,-0.004178652731306707
9.22e-07,-0.0026552152645037065
9.221e-07,-0.0004286527313067069
9.222e-07,0.0013447852686932936
9.223e-07,0.0018838472686932934
9.224e-07,0.0013447852686932936
9.225e-07,0.00026666026869329347
9.226e-07,-0.0006552157313067068
9.227e-07,-0.0010067777313067067
9.228e-07,-0.0006552157313067068
9.229e-07,0.00019634726869329324
9.23e-07,0.0013447852686932936
9.231e-07,0.0019072852686932932
9.232e-07,0.0013447852686932936
9.233e-07,-3.0214731306706794e-05
9.234e-07,-0.0006552157313067068
9.235e-07,0.0001885352686932934
9.236e-07,0.0013447852686932936
9.237e-07,0.0011025972686932932
9.238e-07,-0.0006552157313067068
9.239e-07,-0.002428652731306707
9.24e-07,-0.0026552152645037065
9.241e-07,-0.0014208407313067066
9.242e-07,-0.0006552157313067068
9.243e-07,-0.0014208407313067066
9.244e-07,-0.0026552152645037065
9.245e-07,-0.002397402731306707
9.246e-07,-0.0006552157313067068
9.247e-07,0.0010947852686932933
9.248e-07,0.0013447852686932936
9.249e-07,0.00019634726869329324
9.25e-07,-0.0006552157313067068
9.251e-07,-9.271473130670685e-05
9.252e-07,0.0013447852686932936
9.253e-07,0.0024697852686932937
9.254e-07,0.0033447852686932936
9.255e-07,0.0038916602686932932
9.256e-07,0.0033447852686932936
9.257e-07,0.0012510352686932935
9.258e-07,-0.0006552157313067068
9.259e-07,-0.0010380277313067068
9.26e-07,-0.0006552157313067068
9.261e-07,-0.0006474027313067066
9.262e-07,-0.0006552157313067068
9.263e-07,0.0001729102686932934
9.264e-07,0.0013447852686932936
9.265e-07,0.0018447852686932931
9.266e-07,0.0013447852686932936
9.267e-07,0.0003447852686932931
9.268e-07,-0.0006552157313067068
9.269e-07,-0.0011630277313067067
9.27e-07,-0.0006552157313067068
9.271e-07,0.0005479102686932933
9.272e-07,0.0013447852686932936
9.273e-07,0.0012510352686932935
9.274e-07,0.0013447852686932936
9.275e-07,0.0018525972686932934
9.276e-07,0.0013447852686932936
9.277e-07,-0.0008192777313067068
9.278e-07,-0.0026552152645037065
9.279e-07,-0.0022489652313067068
9.28e-07,-0.0006552157313067068
9.281e-07,1.6660268693293248e-05
9.282e-07,-0.0006552157313067068
9.283e-07,-0.0012645907313067067
9.284e-07,-0.0006552157313067068
9.285e-07,0.0007744722686932933
9.286e-07,0.0013447852686932936
9.287e-07,0.0003525972686932934
9.288e-07,-0.0006552157313067068
9.289e-07,-0.0001395897313067069
9.29e-07,0.0013447852686932936
9.291e-07,0.0019463472686932935
9.292e-07,0.0013447852686932936
9.293e-07,0.0001885352686932934
9.294e-07,-0.0006552157313067068
9.295e-07,-0.0009442777313067067
9.296e-07,-0.0006552157313067068
9.297e-07,-0.0003349027313067068
9.298e-07,-0.0006552157313067068
9.299e-07,-0.0016708402313067067
9.3e-07,-0.0026552152645037065
9.301e-07,-0.0029364652313067065
9.302e-07,-0.0026552152645037065
9.303e-07,-0.002311465231306707
9.304e-07,-0.0026552152645037065
9.305e-07,-0.0032099027313067068
9.306e-07,-0.0026552152645037065
9.307e-07,-0.0010614657313067067
9.308e-07,-0.0006552157313067068
9.309e-07,-0.0021005277313067066
9.31e-07,-0.0026552152645037065
9.311e-07,-0.0005458407313067067
9.312e-07,0.0013447852686932936
9.313e-07,2.4472268693293085e-05
9.314e-07,-0.0026552152645037065
9.315e-07,-0.0035614652313067066
9.316e-07,-0.0026552152645037065
9.317e-07,-0.0015849027313067066
9.318e-07,-0.0006552157313067068
9.319e-07,0.0005010352686932932
9.32e-07,0.0013447852686932936
9.321e-07,0.0008838472686932934
9.322e-07,-0.0006552157313067068
9.323e-07,-0.0022177152313067067
9.324e-07,-0.0026552152645037065
9.325e-07,-0.0018036527313067068
9.326e-07,-0.0006552157313067068
9.327e-07,-0.0003036527313067068
9.328e-07,-0.0006552157313067068
9.329e-07,-0.0009833407313067067
9.33e-07,-0.0006552157313067068
9.331e-07,-0.0001161527313067066
9.332e-07,-0.0006552157313067068
9.333e-07,-0.0021395902313067067
9.334e-07,-0.0026552152645037065
9.335e-07,-0.0014520907313067067
9.336e-07,-0.0006552157313067068
9.337e-07,-0.0017333402313067067
9.338e-07,-0.0026552152645037065
9.339e-07,-0.0012177157313067067
9.34e-07,0.0013447852686932936
9.341e-07,0.0023291602686932936
9.342e-07,0.0013447852686932936
9.343e-07,-0.00010833973130670686
9.344e-07,-0.0006552157313067068
9.345e-07,-0.0004989657313067067
9.346e-07,-0.0006552157313067068
9.347e-07,-0.0016786527313067067
9.348e-07,-0.0026552152645037065
9.349e-07,-0.002334902731306707
9.35e-07,-0.0006552157313067068
9.351e-07,0.0010479102686932933
9.352e-07,0.0013447852686932936
9.353e-07,0.00025103526869329346
9.354e-07,-0.0006552157313067068
9.355e-07,-0.0005849027313067066
9.356e-07,-0.0006552157313067068
9.357e-07,-0.0017724027313067068
9.358e-07,-0.0026552152645037065
9.359e-07,-0.0019755277313067065
9.36e-07,-0.0006552157313067068
9.361e-07,-0.0003036527313067068
9.362e-07,-0.0006552157313067068
9.363e-07,-0.0007099027313067067
9.364e-07,-0.0006552157313067068
9.365e-07,-0.0008192777313067068
9.366e-07,-0.0006552157313067068
9.367e-07,-0.00017083973130670692
9.368e-07,-0.0006552157313067068
9.369e-07,-0.0022567777313067068
9.37e-07,-0.0026552152645037065
9.371e-07,-0.0006552157313067068
9.372e-07,0.0013447852686932936
9.373e-07,0.0009385352686932932
9.374e-07,-0.0006552157313067068
9.375e-07,-0.0012177157313067067
9.376e-07,-0.0006552157313067068
9.377e-07,-0.00034271473130670664
9.378e-07,-0.0006552157313067068
9.379e-07,-0.0009286527313067067
9.38e-07,-0.0006552157313067068
9.381e-07,-0.00026458973130670657
9.382e-07,-0.0006552157313067068
9.383e-07,-0.0018974027313067067
9.384e-07,-0.0026552152645037065
9.385e-07,-0.0019286527313067067
9.386e-07,-0.0006552157313067068
9.387e-07,-0.00025677773130670673
9.388e-07,-0.0006552157313067068
9.389e-07,-0.0009442777313067067
9.39e-07,-0.0006552157313067068
9.391e-07,-0.00034271473130670664
9.392e-07,-0.0006552157313067068
9.393e-07,-0.0016942777313067067
9.394e-07,-0.0026552152645037065
9.395e-07,-0.002866152731306707
9.396e-07,-0.0026552152645037065
9.397e-07,-0.0025849027613067065
9.398e-07,-0.0026552152645037065
9.399e-07,-0.0026474027643067066
9.4e-07,-0.0026552152645037065
9.401e-07,-0.002780215231306707
9.402e-07,-0.0026552152645037065
9.403e-07,-0.0018974027313067067
9.404e-07,-0.0006552157313067068
9.405e-07,0.00012603526869329335
9.406e-07,-0.0006552157313067068
9.407e-07,-0.002866152731306707
9.408e-07,-0.004655215731306707
9.409e-07,-0.0048505277313067065
9.41e-07,-0.004655215731306707
9.411e-07,-0.0049286527313067065
9.412e-07,-0.004655215731306707
9.413e-07,-0.0027411527613067066
9.414e-07,-0.0006552157313067068
9.415e-07,-0.00014740273130670663
9.416e-07,-0.0006552157313067068
9.417e-07,-0.0008270907313067068
9.418e-07,-0.0006552157313067068
9.419e-07,-0.0007333407313067067
9.42e-07,-0.0006552157313067068
9.421e-07,-0.00036615273130670683
9.422e-07,-0.0006552157313067068
9.423e-07,-0.0019286527313067067
9.424e-07,-0.0026552152645037065
9.425e-07,-0.0017880277313067068
9.426e-07,-0.0006552157313067068
9.427e-07,-0.0005380277313067065
9.428e-07,-0.0006552157313067068
9.429e-07,-0.0003036527313067068
9.43e-07,-0.0006552157313067068
9.431e-07,-0.0022177152313067067
9.432e-07,-0.0026552152645037065
9.433e-07,-0.0006474027313067066
9.434e-07,0.0013447852686932936
9.435e-07,0.0008525972686932934
9.436e-07,-0.0006552157313067068
9.437e-07,-0.0009833407313067067
9.438e-07,-0.0006552157313067068
9.439e-07,-0.0012645907313067067
9.44e-07,-0.0026552152645037065
9.441e-07,-0.003288027731306707
9.442e-07,-0.0026552152645037065
9.443e-07,-0.0014520907313067067
9.444e-07,-0.0006552157313067068
9.445e-07,-0.0006161527313067066
9.446e-07,-0.0006552157313067068
9.447e-07,7.91602686932933e-05
9.448e-07,0.0013447852686932936
9.449e-07,0.0019775972686932935
9.45e-07,0.0013447852686932936
9.451e-07,-0.0005302157313067067
9.452e-07,-0.0026552152645037065
9.453e-07,-0.003655215731306707
9.454e-07,-0.0026552152645037065
9.455e-07,-0.0003270897313067066
9.456e-07,0.0013447852686932936
9.457e-07,0.0009697852686932932
9.458e-07,-0.0006552157313067068
9.459e-07,-0.0015614657313067068
9.46e-07,-0.0006552157313067068
9.461e-07,0.0011025972686932932
9.462e-07,0.0013447852686932936
9.463e-07,-0.0006864657313067069
9.464e-07,-0.0026552152645037065
9.465e-07,-0.002350527731306707
9.466e-07,-0.0006552157313067068
9.467e-07,0.0006260352686932934
9.468e-07,0.0013447852686932936
9.469e-07,0.0018291602686932931
9.47e-07,0.0013447852686932936
9.471e-07,-0.0001864647313067065
9.472e-07,-0.0006552157313067068
9.473e-07,0.0012197852686932934
9.474e-07,0.0033447852686932936
9.475e-07,0.0031885352686932935
9.476e-07,0.0013447852686932936
9.477e-07,-0.00028802773130670676
9.478e-07,-0.0006552157313067068
9.479e-07,2.4472268693293085e-05
9.48e-07,0.0013447852686932936
9.481e-07,0.0027432222686932933
9.482e-07,0.0033447852686932936
9.483e-07,0.002610410268693293
9.484e-07,0.0013447852686932936
9.485e-07,0.0001885352686932934
9.486e-07,-0.0006552157313067068
9.487e-07,-0.0010849027313067068
9.488e-07,-0.0006552157313067068
9.489e-07,0.0005713472686932931
9.49e-07,0.0013447852686932936
9.491e-07,0.0007588472686932933
9.492e-07,-0.0006552157313067068
9.493e-07,-0.0018192777313067068
9.494e-07,-0.0026552152645037065
9.495e-07,-0.0030458402313067066
9.496e-07,-0.0026552152645037065
9.497e-07,-0.0010067777313067067
9.498e-07,0.0013447852686932936
9.499e-07,0.0030869722686932936
9.5e-07,0.0033447852686932936
9.501e-07,0.002290097268693293
9.502e-07,0.0013447852686932936
9.503e-07,0.0012979102686932935
9.504e-07,0.0013447852686932936
9.505e-07,0.0005166602686932933
9.506e-07,-0.0006552157313067068
9.507e-07,-0.0011239657313067068
9.508e-07,-0.0006552157313067068
9.509e-07,0.00022759726869329326
9.51e-07,0.0013447852686932936
9.511e-07,0.002571347268693293
9.512e-07,0.0033447852686932936
9.513e-07,0.0034072852686932937
9.514e-07,0.0033447852686932936
9.515e-07,0.0029775972686932935
9.516e-07,0.0013447852686932936
9.517e-07,-0.0013661527313067066
9.518e-07,-0.0026552152645037065
9.519e-07,-0.0010145907313067067
9.52e-07,0.0013447852686932936
9.521e-07,0.0019072852686932932
9.522e-07,0.0013447852686932936
9.523e-07,0.0012510352686932935
9.524e-07,0.0013447852686932936
9.525e-07,0.0010479102686932933
9.526e-07,0.0013447852686932936
9.527e-07,0.002704160268693293
9.528e-07,0.0033447852686932936
9.529e-07,0.001735410268693293
9.53e-07,-0.0006552157313067068
9.531e-07,-0.0015692777313067068
9.532e-07,-0.0006552157313067068
9.533e-07,0.0008213472686932934
9.534e-07,0.0013447852686932936
9.535e-07,0.001024472268693293
9.536e-07,0.0013447852686932936
9.537e-07,0.002688535268693293
9.538e-07,0.0033447852686932936
9.539e-07,0.0022979102686932935
9.54e-07,0.0013447852686932936
9.541e-07,0.0021416602686932934
9.542e-07,0.0033447852686932936
9.543e-07,0.002860410268693293
9.544e-07,0.0013447852686932936
9.545e-07,0.0006650972686932932
9.546e-07,0.0013447852686932936
9.547e-07,0.002540097268693293
9.548e-07,0.0033447852686932936
9.549e-07,0.003501035268693293
9.55e-07,0.0033447852686932936
9.551e-07,0.0032197852686932935
9.552e-07,0.0033447852686932936
9.553e-07,0.0034229102686932937
9.554e-07,0.0033447852686932936
9.555e-07,0.0032197852686932935
9.556e-07,0.0033447852686932936
9.557e-07,0.003540097268693293
9.558e-07,0.0033447852686932936
9.559e-07,0.002461972268693293
9.56e-07,0.0013447852686932936
9.561e-07,0.0008604102686932931
9.562e-07,0.0013447852686932936
9.563e-07,0.002461972268693293
9.564e-07,0.0033447852686932936
9.565e-07,0.003540097268693293
9.566e-07,0.0033447852686932936
9.567e-07,0.0032510352686932935
9.568e-07,0.0033447852686932936
9.569e-07,0.003383847268693293
9.57e-07,0.0033447852686932936
9.571e-07,0.003274472268693293
9.572e-07,0.0033447852686932936
9.573e-07,0.003383847268693293
9.574e-07,0.0033447852686932936
9.575e-07,0.0032510352686932935
9.576e-07,0.0033447852686932936
9.577e-07,0.003571347268693293
9.578e-07,0.0033447852686932936
9.579e-07,0.002415097268693293
9.58e-07,0.0013447852686932936
9.581e-07,0.0009463472686932935
9.582e-07,0.0013447852686932936
9.583e-07,0.0022979102686932935
9.584e-07,0.0033447852686932936
9.585e-07,0.004407285268693294
9.586e-07,0.005344785268693293
9.587e-07,0.005805722268693293
9.588e-07,0.005344785268693293
9.589e-07,0.0041416602686932934
9.59e-07,0.0033447852686932936
9.591e-07,0.003766660268693293
9.592e-07,0.005344785268693293
9.593e-07,0.006829160268693294
9.594e-07,0.007344785268693293
9.595e-07,0.0070479102686932926
9.596e-07,0.007344785268693293
9.597e-07,0.008024477268693294
9.598e-07,0.007344785268693293
9.599e-07,0.004352597268693293
9.6e-07,0.0013447852686932936
9.601e-07,0.0011338472686932932
9.602e-07,0.0033447852686932936
9.603e-07,0.005383847268693294
9.604e-07,0.005344785268693293
9.605e-07,0.003415097268693293
9.606e-07,0.0013447852686932936
9.607e-07,0.0012041602686932934
9.608e-07,0.0033447852686932936
9.609e-07,0.006266660268693294
9.61e-07,0.007344785268693293
9.611e-07,0.0056650972686932925
9.612e-07,0.0033447852686932936
9.613e-07,0.002540097268693293
9.614e-07,0.0033447852686932936
9.615e-07,0.004508847268693293
9.616e-07,0.005344785268693293
9.617e-07,0.0056963472686932925
9.618e-07,0.005344785268693293
9.619e-07,0.004243222268693293
9.62e-07,0.0033447852686932936
9.621e-07,0.0032666602686932935
9.622e-07,0.0033447852686932936
9.623e-07,0.0031572852686932934
9.624e-07,0.0033447852686932936
9.625e-07,0.004305722268693293
9.626e-07,0.005344785268693293
9.627e-07,0.005532285268693293
9.628e-07,0.005344785268693293
9.629e-07,0.005438535268693293
9.63e-07,0.005344785268693293
9.631e-07,0.004532285268693293
9.632e-07,0.0033447852686932936
9.633e-07,0.0022822852686932935
9.634e-07,0.0013447852686932936
9.635e-07,0.0007510352686932935
9.636e-07,0.0013447852686932936
9.637e-07,0.0038213472686932934
9.638e-07,0.007344785268693293
9.639e-07,0.009766657268693293
9.64e-07,0.009344787268693294
9.641e-07,0.006251035268693294
9.642e-07,0.0033447852686932936
9.643e-07,0.002594785268693293
9.644e-07,0.0033447852686932936
9.645e-07,0.003719785268693293
9.646e-07,0.0033447852686932936
9.647e-07,0.0030166602686932933
9.648e-07,0.0033447852686932936
9.649e-07,0.0038369722686932934
9.65e-07,0.0033447852686932936
9.651e-07,0.0020244722686932936
9.652e-07,0.0013447852686932936
9.653e-07,0.002227597268693293
9.654e-07,0.0033447852686932936
9.655e-07,0.003383847268693293
9.656e-07,0.0033447852686932936
9.657e-07,0.004297910268693294
9.658e-07,0.005344785268693293
9.659e-07,0.0049307222686932935
9.66e-07,0.0033447852686932936
9.661e-07,0.0018682222686932934
9.662e-07,0.0013447852686932936
9.663e-07,0.001461972268693293
9.664e-07,0.0013447852686932936
9.665e-07,0.0009854102686932932
9.666e-07,0.0013447852686932936
9.667e-07,0.002688535268693293
9.668e-07,0.0033447852686932936
9.669e-07,0.0023760352686932936
9.67e-07,0.0013447852686932936
9.671e-07,0.0019854102686932933
9.672e-07,0.0033447852686932936
9.673e-07,0.0037744722686932934
9.674e-07,0.0033447852686932936
9.675e-07,0.0031025972686932937
9.676e-07,0.0033447852686932936
9.677e-07,0.003540097268693293
9.678e-07,0.0033447852686932936
9.679e-07,0.0030713472686932936
9.68e-07,0.0033447852686932936
9.681e-07,0.004305722268693293
9.682e-07,0.005344785268693293
9.683e-07,0.005657285268693293
9.684e-07,0.005344785268693293
9.685e-07,0.005094785268693293
9.686e-07,0.005344785268693293
9.687e-07,0.005633847268693292
9.688e-07,0.005344785268693293
9.689e-07,0.004274472268693293
9.69e-07,0.0033447852686932936
9.691e-07,0.003626035268693293
9.692e-07,0.005344785268693293
9.693e-07,0.007141660268693293
9.694e-07,0.007344785268693293
9.695e-07,0.005524472268693294
9.696e-07,0.0033447852686932936
9.697e-07,0.002579160268693293
9.698e-07,0.0033447852686932936
9.699e-07,0.004180722268693293
9.7e-07,0.0033447852686932936
9.701e-07,0.001508847268693293
9.702e-07,0.0013447852686932936
9.703e-07,0.003657285268693293
9.704e-07,0.005344785268693293
9.705e-07,0.004415097268693293
9.706e-07,0.0033447852686932936
9.707e-07,0.004860410268693293
9.708e-07,0.007344785268693293
9.709e-07,0.007461977268693293
9.71e-07,0.005344785268693293
9.711e-07,0.0033916602686932936
9.712e-07,0.0033447852686932936
9.713e-07,0.004547910268693293
9.714e-07,0.005344785268693293
9.715e-07,0.004735410268693293
9.716e-07,0.0033447852686932936
9.717e-07,0.002688535268693293
9.718e-07,0.0033447852686932936
9.719e-07,0.004180722268693293
9.72e-07,0.0033447852686932936
9.721e-07,0.0013916602686932936
9.722e-07,0.0013447852686932936
9.723e-07,0.004454160268693294
9.724e-07,0.007344785268693293
9.725e-07,0.006977597268693294
9.726e-07,0.005344785268693293
9.727e-07,0.005032285268693293
9.728e-07,0.005344785268693293
9.729e-07,0.004344785268693294
9.73e-07,0.0033447852686932936
9.731e-07,0.003993222268693294
9.732e-07,0.005344785268693293
9.733e-07,0.005165097268693294
9.734e-07,0.0033447852686932936
9.735e-07,0.0010947852686932933
9.736e-07,-0.0006552157313067068
9.737e-07,-0.0012177157313067067
9.738e-07,-0.0006552157313067068
9.739e-07,0.0006260352686932934
9.74e-07,0.0013447852686932936
9.741e-07,0.001321347268693293
9.742e-07,0.0013447852686932936
9.743e-07,0.002211972268693293
9.744e-07,0.0033447852686932936
9.745e-07,0.003751035268693293
9.746e-07,0.0033447852686932936
9.747e-07,0.002907285268693293
9.748e-07,0.0033447852686932936
9.749e-07,0.004461972268693293
9.75e-07,0.005344785268693293
9.751e-07,0.004907285268693293
9.752e-07,0.0033447852686932936
9.753e-07,0.0017432222686932933
9.754e-07,0.0013447852686932936
9.755e-07,0.0022666602686932935
9.756e-07,0.0033447852686932936
9.757e-07,0.003626035268693293
9.758e-07,0.0033447852686932936
9.759e-07,0.003211972268693293
9.76e-07,0.0033447852686932936
9.761e-07,0.003415097268693293
9.762e-07,0.0033447852686932936
9.763e-07,0.003305722268693293
9.764e-07,0.0033447852686932936
9.765e-07,0.0033447852686932936
9.766e-07,0.0033447852686932936
9.767e-07,0.003305722268693293
9.768e-07,0.0033447852686932936
9.769e-07,0.003383847268693293
9.77e-07,0.0033447852686932936
9.771e-07,0.0031885352686932935
9.772e-07,0.0033447852686932936
9.773e-07,0.0036182222686932932
9.774e-07,0.0033447852686932936
9.775e-07,0.0022510352686932935
9.776e-07,0.0013447852686932936
9.777e-07,0.0012979102686932935
9.778e-07,0.0013447852686932936
9.779e-07,0.0005791602686932933
9.78e-07,-0.0006552157313067068
9.781e-07,-0.0011786527313067067
9.782e-07,-0.0006552157313067068
9.783e-07,0.0005322852686932933
9.784e-07,0.0013447852686932936
9.785e-07,0.0015322852686932929
9.786e-07,0.0013447852686932936
9.787e-07,0.0013291602686932935
9.788e-07,0.0013447852686932936
9.789e-07,0.0011963472686932933
9.79e-07,0.0013447852686932936
9.791e-07,0.0021494722686932937
9.792e-07,0.0033447852686932936
9.793e-07,0.004376035268693294
9.794e-07,0.005344785268693293
9.795e-07,0.005860410268693293
9.796e-07,0.005344785268693293
9.797e-07,0.0034229102686932937
9.798e-07,0.0013447852686932936
9.799e-07,0.0005479102686932933
9.8e-07,0.0013447852686932936
9.801e-07,0.0027744722686932934
9.802e-07,0.0033447852686932936
9.803e-07,0.002540097268693293
9.804e-07,0.0013447852686932936
9.805e-07,0.0009775972686932935
9.806e-07,0.0013447852686932936
9.807e-07,0.0021416602686932934
9.808e-07,0.0033447852686932936
9.809e-07,0.004774472268693293
9.81e-07,0.005344785268693293
9.811e-07,0.004415097268693293
9.812e-07,0.0033447852686932936
9.813e-07,0.0031494722686932937
9.814e-07,0.0033447852686932936
9.815e-07,0.0031182222686932937
9.816e-07,0.0033447852686932936
9.817e-07,0.004422910268693294
9.818e-07,0.005344785268693293
9.819e-07,0.004797910268693293
9.82e-07,0.0033447852686932936
9.821e-07,0.0021338472686932937
9.822e-07,0.0013447852686932936
9.823e-07,0.0005088472686932931
9.824e-07,-0.0006552157313067068
9.825e-07,-0.0013349027313067066
9.826e-07,-0.0006552157313067068
9.827e-07,0.0014541602686932937
9.828e-07,0.0033447852686932936
9.829e-07,0.0037744722686932934
9.83e-07,0.0033447852686932936
9.831e-07,0.003211972268693293
9.832e-07,0.0033447852686932936
9.833e-07,0.003227597268693293
9.834e-07,0.0033447852686932936
9.835e-07,0.0037119722686932933
9.836e-07,0.0033447852686932936
9.837e-07,0.0019072852686932932
9.838e-07,0.0013447852686932936
9.839e-07,0.002540097268693293
9.84e-07,0.0033447852686932936
9.841e-07,0.0022979102686932935
9.842e-07,0.0013447852686932936
9.843e-07,0.0022979102686932935
9.844e-07,0.0033447852686932936
9.845e-07,0.0025010352686932937
9.846e-07,0.0013447852686932936
9.847e-07,0.0019854102686932933
9.848e-07,0.0033447852686932936
9.849e-07,0.003579160268693293
9.85e-07,0.0033447852686932936
9.851e-07,0.003508847268693293
9.852e-07,0.0033447852686932936
9.853e-07,0.0021650972686932937
9.854e-07,0.0013447852686932936
9.855e-07,0.0020713472686932936
9.856e-07,0.0033447852686932936
9.857e-07,0.0032197852686932935
9.858e-07,0.0013447852686932936
9.859e-07,-0.0006552157313067068
9.86e-07,-0.0006552157313067068
9.861e-07,0.0015010352686932937
9.862e-07,0.0033447852686932936
9.863e-07,0.002907285268693293
9.864e-07,0.0013447852686932936
9.865e-07,0.0007354102686932935
9.866e-07,0.0013447852686932936
9.867e-07,0.0018525972686932934
9.868e-07,0.0013447852686932936
9.869e-07,0.0001885352686932934
9.87e-07,-0.0006552157313067068
9.871e-07,-0.0007411527313067067
9.872e-07,-0.0006552157313067068
9.873e-07,-0.0007802157313067067
9.874e-07,-0.0006552157313067068
9.875e-07,0.00022759726869329326
9.876e-07,0.0013447852686932936
9.877e-07,0.001735410268693293
9.878e-07,0.0013447852686932936
9.879e-07,0.0009072852686932932
9.88e-07,0.0013447852686932936
9.881e-07,0.0020557222686932936
9.882e-07,0.0013447852686932936
9.883e-07,-0.0010614657313067067
9.884e-07,-0.0026552152645037065
9.885e-07,-0.0017880277313067068
9.886e-07,-0.0006552157313067068
9.887e-07,-0.0013739657313067068
9.888e-07,-0.0026552152645037065
9.889e-07,-0.0022099027313067067
9.89e-07,-0.0006552157313067068
9.891e-07,0.0005244722686932931
9.892e-07,0.0013447852686932936
9.893e-07,0.0024229102686932937
9.894e-07,0.0033447852686932936
9.895e-07,0.0029697852686932933
9.896e-07,0.0013447852686932936
9.897e-07,-0.00041302773130670687
9.898e-07,-0.0006552157313067068
9.899e-07,0.0005557222686932931
9.9e-07,0.0013447852686932936
9.901e-07,0.0004619722686932935
9.902e-07,-0.0006552157313067068
9.903e-07,-0.0001552147313067069
9.904e-07,0.0013447852686932936
9.905e-07,0.0020557222686932936
9.906e-07,0.0013447852686932936
9.907e-07,7.134726869329313e-05
9.908e-07,-0.0006552157313067068
9.909e-07,-0.00021771473130670653
9.91e-07,0.0013447852686932936
9.911e-07,0.0029775972686932935
9.912e-07,0.0033447852686932936
9.913e-07,0.0022510352686932935
9.914e-07,0.0013447852686932936
9.915e-07,0.001383847268693293
9.916e-07,0.0013447852686932936
9.917e-07,0.00030572226869329333
9.918e-07,-0.0006552157313067068
9.919e-07,-0.00010052773130670659
9.92e-07,0.0013447852686932936
9.921e-07,0.0020479102686932933
9.922e-07,0.0013447852686932936
9.923e-07,6.353526869329329e-05
9.924e-07,-0.0006552157313067068
9.925e-07,-6.146473130670682e-05
9.926e-07,0.0013447852686932936
9.927e-07,0.0026338472686932932
9.928e-07,0.0033447852686932936
9.929e-07,0.0034229102686932937
9.93e-07,0.0033447852686932936
9.931e-07,0.0032197852686932935
9.932e-07,0.0033447852686932936
9.933e-07,0.0034697852686932937
9.934e-07,0.0033447852686932936
9.935e-07,0.002508847268693293
9.936e-07,0.0013447852686932936
9.937e-07,0.00018072226869329322
9.938e-07,-0.0006552157313067068
9.939e-07,-0.0009052157313067066
9.94e-07,-0.0006552157313067068
9.941e-07,-0.00026458973130670657
9.942e-07,-0.0006552157313067068
9.943e-07,-0.0018192777313067068
9.944e-07,-0.0026552152645037065
9.945e-07,-0.0020224027313067066
9.946e-07,-0.0006552157313067068
9.947e-07,0.0005713472686932931
9.948e-07,0.0013447852686932936
9.949e-07,0.0016963472686932933
9.95e-07,0.0013447852686932936
9.951e-07,0.0001494722686932932
9.952e-07,-0.0006552157313067068
9.953e-07,-9.271473130670685e-05
9.954e-07,0.0013447852686932936
9.955e-07,0.002547910268693293
9.956e-07,0.0033447852686932936
9.957e-07,0.0031807222686932937
9.958e-07,0.0013447852686932936
9.959e-07,-0.0014677157313067067
9.96e-07,-0.0026552152645037065
9.961e-07,-0.0008895907313067068
9.962e-07,0.0013447852686932936
9.963e-07,0.0012666602686932935
9.964e-07,-0.0006552157313067068
9.965e-07,-0.0017880277313067068
9.966e-07,-0.0006552157313067068
9.967e-07,0.001782285268693293
9.968e-07,0.0033447852686932936
9.969e-07,0.002829160268693293
9.97e-07,0.0013447852686932936
9.971e-07,0.0006104102686932933
9.972e-07,0.0013447852686932936
9.973e-07,0.0021807222686932937
9.974e-07,0.0013447852686932936
9.975e-07,-0.0011552157313067066
9.976e-07,-0.0026552152645037065
9.977e-07,-0.0018192777313067068
9.978e-07,-0.0006552157313067068
9.979e-07,-0.0007567777313067067
9.98e-07,-0.0006552157313067068
9.981e-07,0.0008838472686932934
9.982e-07,0.0013447852686932936
9.983e-07,-0.0013739657313067068
9.984e-07,-0.004655215731306707
9.985e-07,-0.004889590731306707
9.986e-07,-0.0026552152645037065
9.987e-07,-0.0003036527313067068
9.988e-07,0.0013447852686932936
9.989e-07,0.0021025972686932936
9.99e-07,0.0013447852686932936
9.991e-07,-0.0009520907313067067
9.992e-07,-0.0026552152645037065
9.993e-07,-0.0022020902313067067
9.994e-07,-0.0006552157313067068
9.995e-07,-6.7777313067065095e-06
9.996e-07,-0.0006552157313067068
9.997e-07,-0.0018270902313067068
9.998e-07,-0.0026552152645037065
9.999e-07,-0.002827090231306707
1e-06,-0.0026552152645037065
1.0001e-06,-0.0024520902313067065
1.0002e-06,-0.0026552152645037065
1.0003e-06,-0.0029364652313067065
1.0004e-06,-0.0026552152645037065
1.0005e-06,-0.0016239657313067068
1.0006e-06,-0.0006552157313067068
1.0007e-06,-0.00045209073130670664
1.0008e-06,-0.0006552157313067068
1.0009e-06,-0.0007724027313067068
1.001e-06,-0.0006552157313067068
1.0011e-06,-0.0006630277313067067
1.0012e-06,-0.0006552157313067068
1.0013e-06,-0.0005849027313067066
1.0014e-06,-0.0006552157313067068
1.0015e-06,-0.0013114657313067068
1.0016e-06,-0.0026552152645037065
1.0017e-06,-0.004092715731306706
1.0018e-06,-0.004655215731306707
1.0019e-06,-0.0038895907313067067
1.002e-06,-0.0026552152645037065
1.0021e-06,-0.0016239657313067068
1.0022e-06,-0.0006552157313067068
1.0023e-06,0.0005635352686932933
1.0024e-06,0.0013447852686932936
1.0025e-06,0.0007822852686932935
1.0026e-06,-0.0006552157313067068
1.0027e-06,-0.0020067777313067066
1.0028e-06,-0.0026552152645037065
1.0029e-06,-0.002327090231306707
1.003e-06,-0.0006552157313067068
1.0031e-06,0.0012666602686932935
1.0032e-06,0.0013447852686932936
1.0033e-06,-0.0008739657313067068
1.0034e-06,-0.0026552152645037065
1.0035e-06,-0.0019520902313067067
1.0036e-06,-0.0006552157313067068
1.0037e-06,-0.0011239657313067068
1.0038e-06,-0.0026552152645037065
1.0039e-06,-0.0031786527313067067
1.004e-06,-0.0026552152645037065
1.0041e-06,-0.0018661527313067069
1.0042e-06,-0.0006552157313067068
1.0043e-06,0.0009072852686932932
1.0044e-06,0.0013447852686932936
1.0045e-06,0.00013384726869329318
1.0046e-06,-0.0006552157313067068
1.0047e-06,0.00022759726869329326
1.0048e-06,0.0013447852686932936
1.0049e-06,0.0007510352686932935
1.005e-06,-0.0006552157313067068
1.0051e-06,-0.0011786527313067067
1.0052e-06,-0.0006552157313067068
1.0053e-06,-0.00026458973130670657
1.0054e-06,-0.0006552157313067068
1.0055e-06,-0.0016161527313067066
1.0056e-06,-0.0026552152645037065
1.0057e-06,-0.0031708402313067067
1.0058e-06,-0.0026552152645037065
1.0059e-06,-0.0014208407313067066
1.006e-06,-0.0006552157313067068
1.0061e-06,-0.0007802157313067067
1.0062e-06,-0.0006552157313067068
1.0063e-06,-6.927773130670657e-05
1.0064e-06,-0.0006552157313067068
1.0065e-06,-0.0030145902313067066
1.0066e-06,-0.004655215731306707
1.0067e-06,-0.003811465731306707
1.0068e-06,-0.0026552152645037065
1.0069e-06,-0.003381777731306707
1.007e-06,-0.004655215731306707
1.0071e-06,-0.004178652731306707
1.0072e-06,-0.0026552152645037065
1.0073e-06,-0.0019911527313067065
1.0074e-06,-0.0026552152645037065
1.0075e-06,-0.003288027731306707
1.0076e-06,-0.0026552152645037065
1.0077e-06,-0.0011474027313067067
1.0078e-06,-0.0006552157313067068
1.0079e-06,-0.0018895902313067067
1.008e-06,-0.0026552152645037065
1.0081e-06,-0.0016474027313067067
1.0082e-06,-0.0006552157313067068
1.0083e-06,-0.0015380277313067068
1.0084e-06,-0.0026552152645037065
1.0085e-06,-0.0020224027313067066
1.0086e-06,-0.0006552157313067068
1.0087e-06,-0.0007958407313067067
1.0088e-06,-0.0026552152645037065
1.0089e-06,-0.004553652731306706
1.009e-06,-0.004655215731306707
1.0091e-06,-0.003288027731306707
1.0092e-06,-0.0026552152645037065
1.0093e-06,-0.003303652731306707
1.0094e-06,-0.0026552152645037065
1.0095e-06,0.00012603526869329335
1.0096e-06,0.0013447852686932936
1.0097e-06,-0.0019520902313067067
1.0098e-06,-0.006655215731306707
1.0099e-06,-0.008170840731306707
1.01e-06,-0.006655215731306707
1.0101e-06,-0.004975527731306707
1.0102e-06,-0.004655215731306707
1.0103e-06,-0.0048974027313067065
1.0104e-06,-0.004655215731306707
1.0105e-06,-0.0036786527313067067
1.0106e-06,-0.0026552152645037065
1.0107e-06,-0.002334902731306707
1.0108e-06,-0.0026552152645037065
1.0109e-06,-0.002897402731306707
1.011e-06,-0.0026552152645037065
1.0111e-06,-0.0024520902313067065
1.0112e-06,-0.0026552152645037065
1.0113e-06,-0.0034989652313067066
1.0114e-06,-0.004655215731306707
1.0115e-06,-0.005295840731306707
1.0116e-06,-0.004655215731306707
1.0117e-06,-0.0031786527313067067
1.0118e-06,-0.0026552152645037065
1.0119e-06,-0.0036317777313067067
1.012e-06,-0.004655215731306707
1.0121e-06,-0.004100527731306707
1.0122e-06,-0.0026552152645037065
1.0123e-06,-0.0020458402313067066
1.0124e-06,-0.0026552152645037065
1.0125e-06,-0.003334902731306707
1.0126e-06,-0.0026552152645037065
1.0127e-06,-0.0005927157313067068
1.0128e-06,0.0013447852686932936
1.0129e-06,0.001305722268693293
1.013e-06,-0.0006552157313067068
1.0131e-06,-0.0032177152313067068
1.0132e-06,-0.004655215731306707
1.0133e-06,-0.004327090731306707
1.0134e-06,-0.0026552152645037065
1.0135e-06,-0.0009755277313067067
1.0136e-06,-0.0006552157313067068
1.0137e-06,-0.0017177152313067067
1.0138e-06,-0.0026552152645037065
1.0139e-06,-0.0026239652613067065
1.014e-06,-0.0026552152645037065
1.0141e-06,-0.0036395902313067067
1.0142e-06,-0.004655215731306707
1.0143e-06,-0.004256777731306707
1.0144e-06,-0.0026552152645037065
1.0145e-06,-0.0012255277313067067
1.0146e-06,-0.0006552157313067068
1.0147e-06,-0.0011474027313067067
1.0148e-06,-0.0026552152645037065
1.0149e-06,-0.004373965731306707
1.015e-06,-0.004655215731306707
1.0151e-06,-0.003366152731306707
1.0152e-06,-0.0026552152645037065
1.0153e-06,-0.003702090731306707
1.0154e-06,-0.004655215731306707
1.0155e-06,-0.0038661527313067065
1.0156e-06,-0.0026552152645037065
1.0157e-06,-0.0030614652313067066
1.0158e-06,-0.004655215731306707
1.0159e-06,-0.005420840731306707
1.016e-06,-0.004655215731306707
1.0161e-06,-0.003264590231306707
1.0162e-06,-0.0026552152645037065
1.0163e-06,-0.003373965231306707
1.0164e-06,-0.004655215731306707
1.0165e-06,-0.005256777731306707
1.0166e-06,-0.004655215731306707
1.0167e-06,-0.003420840231306707
1.0168e-06,-0.0026552152645037065
1.0169e-06,-0.0026630277643067066
1.017e-06,-0.0026552152645037065
1.0171e-06,-0.002389590231306707
1.0172e-06,-0.0026552152645037065
1.0173e-06,-0.0038192777313067064
1.0174e-06,-0.004655215731306707
1.0175e-06,-0.004006777731306707
1.0176e-06,-0.0026552152645037065
1.0177e-06,-0.0021708402313067067
1.0178e-06,-0.0026552152645037065
1.0179e-06,-0.0031708402313067067
1.018e-06,-0.0026552152645037065
1.0181e-06,-0.0013505277313067066
1.0182e-06,-0.0006552157313067068
1.0183e-06,-0.0013895907313067066
1.0184e-06,-0.0026552152645037065
1.0185e-06,-0.0036161527313067067
1.0186e-06,-0.004655215731306707
1.0187e-06,-0.006045840731306706
1.0188e-06,-0.006655215731306707
1.0189e-06,-0.0052489657313067066
1.019e-06,-0.0026552152645037065
1.0191e-06,-0.0007880277313067068
1.0192e-06,-0.0006552157313067068
1.0193e-06,-0.0018583402313067069
1.0194e-06,-0.0026552152645037065
1.0195e-06,-0.0025067777313067066
1.0196e-06,-0.0026552152645037065
1.0197e-06,-0.0038895907313067067
1.0198e-06,-0.004655215731306707
1.0199e-06,-0.0041864657313067065
1.02e-06,-0.004655215731306707
1.0201e-06,-0.007069277731306707
1.0202e-06,-0.008655215731306707
1.0203e-06,-0.007006777731306707
1.0204e-06,-0.004655215731306707
1.0205e-06,-0.004295840731306707
1.0206e-06,-0.004655215731306707
1.0207e-06,-0.0031552152313067067
1.0208e-06,-0.0006552157313067068
1.0209e-06,0.0002979102686932935
1.021e-06,-0.0006552157313067068
1.0211e-06,-0.0026083402613067065
1.0212e-06,-0.004655215731306707
1.0213e-06,-0.005780215731306706
1.0214e-06,-0.004655215731306707
1.0215e-06,-0.0019989652313067065
1.0216e-06,-0.0006552157313067068
1.0217e-06,-0.002334902731306707
1.0218e-06,-0.004655215731306707
1.0219e-06,-0.004709902731306706
1.022e-06,-0.0026552152645037065
1.0221e-06,-0.0007489657313067067
1.0222e-06,-0.0006552157313067068
1.0223e-06,-0.002373965231306707
1.0224e-06,-0.004655215731306707
1.0225e-06,-0.006233340731306707
1.0226e-06,-0.006655215731306707
1.0227e-06,-0.005959902731306707
1.0228e-06,-0.004655215731306707
1.0229e-06,-0.003288027731306707
1.023e-06,-0.0026552152645037065
1.0231e-06,-0.002795840231306707
1.0232e-06,-0.0026552152645037065
1.0233e-06,-0.0015927157313067068
1.0234e-06,-0.0006552157313067068
1.0235e-06,-0.0011630277313067067
1.0236e-06,-0.0026552152645037065
1.0237e-06,-0.004053652731306707
1.0238e-06,-0.004655215731306707
1.0239e-06,-0.004256777731306707
1.024e-06,-0.0026552152645037065
1.0241e-06,-0.0007802157313067067
1.0242e-06,-0.0006552157313067068
1.0243e-06,-0.002819277731306707
1.0244e-06,-0.004655215731306707
1.0245e-06,-0.004100527731306707
1.0246e-06,-0.0026552152645037065
1.0247e-06,-0.002366152731306707
1.0248e-06,-0.0026552152645037065
1.0249e-06,-0.0024599027313067065
1.025e-06,-0.0026552152645037065
1.0251e-06,-0.003952090731306706
1.0252e-06,-0.004655215731306707
1.0253e-06,-0.0035692777313067066
1.0254e-06,-0.0026552152645037065
1.0255e-06,-0.0035067777313067066
1.0256e-06,-0.004655215731306707
1.0257e-06,-0.0041395907313067064
1.0258e-06,-0.0026552152645037065
1.0259e-06,-0.0020302152313067066
1.026e-06,-0.0026552152645037065
1.0261e-06,-0.003256777731306707
1.0262e-06,-0.0026552152645037065
1.0263e-06,-0.0011864657313067066
1.0264e-06,-0.0006552157313067068
1.0265e-06,-0.0017333402313067067
1.0266e-06,-0.0026552152645037065
1.0267e-06,-0.0019286527313067067
1.0268e-06,-0.0006552157313067068
1.0269e-06,-0.0004911527313067065
1.027e-06,-0.0006552157313067068
1.0271e-06,6.353526869329329e-05
1.0272e-06,0.0013447852686932936
1.0273e-06,0.0018057222686932934
1.0274e-06,0.0013447852686932936
1.0275e-06,0.0003838472686932934
1.0276e-06,-0.0006552157313067068
1.0277e-06,-0.0017020902313067067
1.0278e-06,-0.0026552152645037065
1.0279e-06,-0.0031239652313067067
1.028e-06,-0.0026552152645037065
1.0281e-06,-0.0014520907313067067
1.0282e-06,-0.0006552157313067068
1.0283e-06,-0.0007802157313067067
1.0284e-06,-0.0006552157313067068
1.0285e-06,0.00044634726869329346
1.0286e-06,0.0013447852686932936
1.0287e-06,0.0007354102686932935
1.0288e-06,-0.0006552157313067068
1.0289e-06,-0.0017333402313067067
1.029e-06,-0.0026552152645037065
1.0291e-06,-0.0038505277313067065
1.0292e-06,-0.004655215731306707
1.0293e-06,-0.004163027731306707
1.0294e-06,-0.0026552152645037065
1.0295e-06,-0.0011864657313067066
1.0296e-06,-0.0006552157313067068
1.0297e-06,-0.0007645907313067067
1.0298e-06,-0.0006552157313067068
1.0299e-06,-0.0002255277313067067
1.03e-06,-0.0006552157313067068
1.0301e-06,-0.0026395902613067066
1.0302e-06,-0.004655215731306707
1.0303e-06,-0.004725527731306706
1.0304e-06,-0.0026552152645037065
1.0305e-06,-3.0214731306706794e-05
1.0306e-06,0.0013447852686932936
1.0307e-06,0.0007744722686932933
1.0308e-06,-0.0006552157313067068
1.0309e-06,-0.0018974027313067067
1.031e-06,-0.0026552152645037065
1.0311e-06,-0.0030067777313067066
1.0312e-06,-0.0026552152645037065
1.0313e-06,-0.0016083407313067068
1.0314e-06,-0.0006552157313067068
1.0315e-06,-0.0009911527313067067
1.0316e-06,-0.0026552152645037065
1.0317e-06,-0.004319277731306707
1.0318e-06,-0.004655215731306707
1.0319e-06,-0.0035302152313067066
1.032e-06,-0.0026552152645037065
1.0321e-06,-0.003288027731306707
1.0322e-06,-0.004655215731306707
1.0323e-06,-0.004741152731306706
1.0324e-06,-0.0026552152645037065
1.0325e-06,0.00021978526869329343
1.0326e-06,0.0013447852686932936
1.0327e-06,-0.0003036527313067068
1.0328e-06,-0.0026552152645037065
1.0329e-06,-0.0035302152313067066
1.033e-06,-0.0026552152645037065
1.0331e-06,-0.0018192777313067068
1.0332e-06,-0.0026552152645037065
1.0333e-06,-0.004420840731306707
1.0334e-06,-0.004655215731306707
1.0335e-06,-0.0030224027313067066
1.0336e-06,-0.0026552152645037065
1.0337e-06,-0.004975527731306707
1.0338e-06,-0.006655215731306707
1.0339e-06,-0.004452090731306707
1.034e-06,-0.0006552157313067068
1.0341e-06,0.0006885352686932934
1.0342e-06,-0.0006552157313067068
1.0343e-06,-0.002303652731306707
1.0344e-06,-0.0026552152645037065
1.0345e-06,-0.002311465231306707
1.0346e-06,-0.0026552152645037065
1.0347e-06,-0.003952090731306706
1.0348e-06,-0.004655215731306707
1.0349e-06,-0.0037099027313067068
1.035e-06,-0.0026552152645037065
1.0351e-06,-0.0027099027613067066
1.0352e-06,-0.0026552152645037065
1.0353e-06,-0.0013739657313067068
1.0354e-06,-0.0006552157313067068
1.0355e-06,-0.0017802152313067068
1.0356e-06,-0.0026552152645037065
1.0357e-06,-0.0011395907313067066
1.0358e-06,0.0013447852686932936
1.0359e-06,0.0021416602686932934
1.036e-06,0.0013447852686932936
1.0361e-06,0.0001885352686932934
1.0362e-06,-0.0006552157313067068
1.0363e-06,-0.0011395907313067066
1.0364e-06,-0.0006552157313067068
1.0365e-06,0.0005947852686932933
1.0366e-06,0.0013447852686932936
1.0367e-06,0.0005791602686932933
1.0368e-06,-0.0006552157313067068
1.0369e-06,-0.0010692777313067068
1.037e-06,-0.0006552157313067068
1.0371e-06,-0.0003036527313067068
1.0372e-06,-0.0006552157313067068
1.0373e-06,-0.0016161527313067066
1.0374e-06,-0.0026552152645037065
1.0375e-06,-0.0031005277313067067
1.0376e-06,-0.0026552152645037065
1.0377e-06,-0.0015380277313067068
1.0378e-06,-0.0006552157313067068
1.0379e-06,-0.0004599027313067069
1.038e-06,-0.0006552157313067068
1.0381e-06,-0.0007802157313067067
1.0382e-06,-0.0006552157313067068
1.0383e-06,-0.0005770907313067068
1.0384e-06,-0.0006552157313067068
1.0385e-06,-0.0008114657313067067
1.0386e-06,-0.0006552157313067068
1.0387e-06,-0.0004208397313067067
1.0388e-06,-0.0006552157313067068
1.0389e-06,-0.0016239657313067068
1.039e-06,-0.0026552152645037065
1.0391e-06,-0.0029364652313067065
1.0392e-06,-0.0026552152645037065
1.0393e-06,-0.0024520902313067065
1.0394e-06,-0.0026552152645037065
1.0395e-06,-0.0029286527313067065
1.0396e-06,-0.0026552152645037065
1.0397e-06,-0.0016317777313067067
1.0398e-06,-0.0006552157313067068
1.0399e-06,-0.0004208397313067067
1.04e-06,-0.0006552157313067068
1.0401e-06,-0.0012255277313067067
1.0402e-06,-0.0026552152645037065
1.0403e-06,-0.004498965731306707
1.0404e-06,-0.004655215731306707
1.0405e-06,-0.0024833402313067065
1.0406e-06,-0.0006552157313067068
1.0407e-06,-0.0013036527313067068
1.0408e-06,-0.0026552152645037065
1.0409e-06,-0.0022645902313067068
1.041e-06,-0.0006552157313067068
1.0411e-06,9.478526869329332e-05
1.0412e-06,-0.0006552157313067068
1.0413e-06,-0.0018974027313067067
1.0414e-06,-0.0026552152645037065
1.0415e-06,-0.002811465231306707
1.0416e-06,-0.0026552152645037065
1.0417e-06,-0.0026083402613067065
1.0418e-06,-0.0026552152645037065
1.0419e-06,-0.0021786527313067067
1.042e-06,-0.0006552157313067068
1.0421e-06,0.0011260352686932934
1.0422e-06,0.0013447852686932936
1.0423e-06,-0.0005849027313067066
1.0424e-06,-0.0026552152645037065
1.0425e-06,-0.0031239652313067067
1.0426e-06,-0.0026552152645037065
1.0427e-06,-0.0026083402613067065
1.0428e-06,-0.0026552152645037065
1.0429e-06,-0.0019677152313067065
1.043e-06,-0.0006552157313067068
1.0431e-06,1.0352686932932342e-06
1.0432e-06,-0.0006552157313067068
1.0433e-06,-0.0020302152313067066
1.0434e-06,-0.0026552152645037065
1.0435e-06,-0.002334902731306707
1.0436e-06,-0.0026552152645037065
1.0437e-06,-0.004616152731306706
1.0438e-06,-0.006655215731306707
1.0439e-06,-0.006577090731306707
1.044e-06,-0.004655215731306707
1.0441e-06,-0.002756777731306707
1.0442e-06,-0.0026552152645037065
1.0443e-06,-0.0039442777313067065
1.0444e-06,-0.004655215731306707
1.0445e-06,-0.003741152731306707
1.0446e-06,-0.0026552152645037065
1.0447e-06,-0.0026161527613067065
1.0448e-06,-0.0026552152645037065
1.0449e-06,-0.0016942777313067067
1.045e-06,-0.0006552157313067068
1.0451e-06,-0.0012177157313067067
1.0452e-06,-0.0026552152645037065
1.0453e-06,-0.003303652731306707
1.0454e-06,-0.0026552152645037065
1.0455e-06,-0.0014989657313067067
1.0456e-06,-0.0006552157313067068
1.0457e-06,-0.0009442777313067067
1.0458e-06,-0.0026552152645037065
1.0459e-06,-0.004592715731306707
1.046e-06,-0.004655215731306707
1.0461e-06,-0.0024520902313067065
1.0462e-06,-0.0006552157313067068
1.0463e-06,-0.0012099027313067067
1.0464e-06,-0.0026552152645037065
1.0465e-06,-0.0025067777313067066
1.0466e-06,-0.0006552157313067068
1.0467e-06,0.000993222268693293
1.0468e-06,0.0013447852686932936
1.0469e-06,0.0005010352686932932
1.047e-06,-0.0006552157313067068
1.0471e-06,-0.0012333407313067067
1.0472e-06,-0.0006552157313067068
1.0473e-06,0.00014166026869329336
1.0474e-06,-0.0006552157313067068
1.0475e-06,-0.0030927152313067066
1.0476e-06,-0.004655215731306707
1.0477e-06,-0.003373965231306707
1.0478e-06,-0.0006552157313067068
1.0479e-06,0.0011025972686932932
1.048e-06,0.0013447852686932936
1.0481e-06,0.0011025972686932932
1.0482e-06,0.0013447852686932936
1.0483e-06,0.001688535268693293
1.0484e-06,0.0013447852686932936
1.0485e-06,0.0001494722686932932
1.0486e-06,-0.0006552157313067068
1.0487e-06,-0.0005380277313067065
1.0488e-06,-0.0006552157313067068
1.0489e-06,-0.0018895902313067067
1.049e-06,-0.0026552152645037065
1.0491e-06,-0.0017333402313067067
1.0492e-06,-0.0006552157313067068
1.0493e-06,-0.0007489657313067067
1.0494e-06,-0.0006552157313067068
1.0495e-06,0.0006182222686932932
1.0496e-06,0.0013447852686932936
1.0497e-06,-0.0003036527313067068
1.0498e-06,-0.0026552152645037065
1.0499e-06,-0.003342715231306707
1.05e-06,-0.0026552152645037065
1.0501e-06,-0.0022255277313067067
1.0502e-06,-0.0026552152645037065
1.0503e-06,-0.0035380277313067066
1.0504e-06,-0.004655215731306707
1.0505e-06,-0.005373965731306707
1.0506e-06,-0.004655215731306707
1.0507e-06,-0.002420840231306707
1.0508e-06,-0.0006552157313067068
1.0509e-06,-0.0005067777313067065
1.051e-06,-0.0006552157313067068
1.0511e-06,-0.00023333973130670654
1.0512e-06,-0.0006552157313067068
1.0513e-06,-0.002858340231306707
1.0514e-06,-0.004655215731306707
1.0515e-06,-0.004084902731306707
1.0516e-06,-0.0026552152645037065
1.0517e-06,-0.002381777731306707
1.0518e-06,-0.0026552152645037065
1.0519e-06,-0.0019052152313067067
1.052e-06,-0.0006552157313067068
1.0521e-06,-0.0002255277313067067
1.0522e-06,-0.0006552157313067068
1.0523e-06,-0.0010458407313067067
1.0524e-06,-0.0006552157313067068
1.0525e-06,0.00030572226869329333
1.0526e-06,0.0013447852686932936
1.0527e-06,0.0016650972686932932
1.0528e-06,0.0013447852686932936
1.0529e-06,0.0004619722686932935
1.053e-06,-0.0006552157313067068
1.0531e-06,-0.0018583402313067069
1.0532e-06,-0.0026552152645037065
1.0533e-06,-0.002811465231306707
1.0534e-06,-0.0026552152645037065
1.0535e-06,-0.0025849027613067065
1.0536e-06,-0.0026552152645037065
1.0537e-06,-0.0026317777613067066
1.0538e-06,-0.0026552152645037065
1.0539e-06,-0.0026708402613067066
1.054e-06,-0.0026552152645037065
1.0541e-06,-0.002569277761306707
1.0542e-06,-0.0026552152645037065
1.0543e-06,-0.0029208402313067065
1.0544e-06,-0.0026552152645037065
1.0545e-06,-0.0015927157313067068
1.0546e-06,-0.0006552157313067068
1.0547e-06,-0.0005145907313067067
1.0548e-06,-0.0006552157313067068
1.0549e-06,-0.0009833407313067067
1.055e-06,-0.0026552152645037065
1.0551e-06,-0.005522402731306707
1.0552e-06,-0.006655215731306707
1.0553e-06,-0.0042020907313067065
1.0554e-06,-0.0006552157313067068
1.0555e-06,0.0010166602686932933
1.0556e-06,0.0013447852686932936
1.0557e-06,0.0016807222686932933
1.0558e-06,0.0013447852686932936
1.0559e-06,-0.0006239657313067068
1.056e-06,-0.0026552152645037065
1.0561e-06,-0.0030770902313067066
1.0562e-06,-0.0026552152645037065
1.0563e-06,-0.0026942777613067066
1.0564e-06,-0.0026552152645037065
1.0565e-06,-0.0017802152313067068
1.0566e-06,-0.0006552157313067068
1.0567e-06,-0.0003114647313067066
1.0568e-06,-0.0006552157313067068
1.0569e-06,-0.0009364657313067066
1.057e-06,-0.0006552157313067068
1.0571e-06,-0.00026458973130670657
1.0572e-06,-0.0006552157313067068
1.0573e-06,-0.0019286527313067067
1.0574e-06,-0.0026552152645037065
1.0575e-06,-0.002413027731306707
1.0576e-06,-0.0026552152645037065
1.0577e-06,-0.004092715731306706
1.0578e-06,-0.004655215731306707
1.0579e-06,-0.002788027731306707
1.058e-06,-0.0006552157313067068
1.0581e-06,-0.0007645907313067067
1.0582e-06,-0.0026552152645037065
1.0583e-06,-0.004209902731306707
1.0584e-06,-0.004655215731306707
1.0585e-06,-0.004538027731306706
1.0586e-06,-0.004655215731306707
1.0587e-06,-0.004413027731306707
1.0588e-06,-0.0026552152645037065
1.0589e-06,0.00023541026869329344
1.059e-06,0.0013447852686932936
1.0591e-06,-0.0006239657313067068
1.0592e-06,-0.0026552152645037065
1.0593e-06,-0.0020849027313067066
1.0594e-06,-0.0006552157313067068
1.0595e-06,-0.0007177157313067067
1.0596e-06,-0.0006552157313067068
1.0597e-06,0.0011963472686932933
1.0598e-06,0.0033447852686932936
1.0599e-06,0.0031572852686932934
1.06e-06,0.0013447852686932936
1.0601e-06,-0.0001395897313067069
1.0602e-06,-0.0006552157313067068
1.0603e-06,-0.0012099027313067067
1.0604e-06,-0.0026552152645037065
1.0605e-06,-0.004334902731306707
1.0606e-06,-0.004655215731306707
1.0607e-06,-0.002897402731306707
1.0608e-06,-0.0006552157313067068
1.0609e-06,0.0001729102686932934
1.061e-06,-0.0006552157313067068
1.0611e-06,-0.0013974027313067067
1.0612e-06,-0.0006552157313067068
1.0613e-06,0.0009775972686932935
1.0614e-06,0.0013447852686932936
1.0615e-06,-0.0005614657313067067
1.0616e-06,-0.0026552152645037065
1.0617e-06,-0.0026474027643067066
1.0618e-06,-0.0006552157313067068
1.0619e-06,0.0011807222686932932
1.062e-06,0.0013447852686932936
1.0621e-06,0.00021197226869329325
1.0622e-06,-0.0006552157313067068
1.0623e-06,-0.0005927157313067068
1.0624e-06,-0.0006552157313067068
1.0625e-06,-0.0016786527313067067
1.0626e-06,-0.0026552152645037065
1.0627e-06,-0.0021708402313067067
1.0628e-06,-0.0006552157313067068
1.0629e-06,0.0006104102686932933
1.063e-06,0.0013447852686932936
1.0631e-06,0.0015869722686932932
1.0632e-06,0.0013447852686932936
1.0633e-06,0.0003838472686932934
1.0634e-06,-0.0006552157313067068
1.0635e-06,-0.0010927157313067068
1.0636e-06,-0.0006552157313067068
1.0637e-06,-0.00010052773130670659
1.0638e-06,-0.0006552157313067068
1.0639e-06,-0.0026942777613067066
1.064e-06,-0.004655215731306707
1.0641e-06,-0.005139590731306707
1.0642e-06,-0.004655215731306707
1.0643e-06,-0.0038661527313067065
1.0644e-06,-0.0026552152645037065
1.0645e-06,-0.0010692777313067068
1.0646e-06,-0.0006552157313067068
1.0647e-06,-0.002319277731306707
1.0648e-06,-0.004655215731306707
1.0649e-06,-0.005561465731306707
1.065e-06,-0.004655215731306707
1.0651e-06,-0.0031395902313067067
1.0652e-06,-0.0026552152645037065
1.0653e-06,-0.0030692777313067066
1.0654e-06,-0.0026552152645037065
1.0655e-06,-0.0011005277313067066
1.0656e-06,-0.0006552157313067068
1.0657e-06,-0.0026474027643067066
1.0658e-06,-0.004655215731306707
1.0659e-06,-0.0037724027313067064
1.066e-06,-0.0006552157313067068
1.0661e-06,0.0015479102686932929
1.0662e-06,0.0013447852686932936
1.0663e-06,-0.0007020907313067066
1.0664e-06,-0.0026552152645037065
1.0665e-06,-0.003264590231306707
1.0666e-06,-0.0026552152645037065
1.0667e-06,-0.0020849027313067066
1.0668e-06,-0.0026552152645037065
1.0669e-06,-0.004014590731306706
1.067e-06,-0.004655215731306707
1.0671e-06,-0.0038661527313067065
1.0672e-06,-0.0026552152645037065
1.0673e-06,-0.0022255277313067067
1.0674e-06,-0.0026552152645037065
1.0675e-06,-0.0029130277313067065
1.0676e-06,-0.0026552152645037065
1.0677e-06,-0.002342715231306707
1.0678e-06,-0.0026552152645037065
1.0679e-06,-0.0036474027313067067
1.068e-06,-0.004655215731306707
1.0681e-06,-0.004530215731306707
1.0682e-06,-0.0026552152645037065
1.0683e-06,1.6660268693293248e-05
1.0684e-06,0.0013447852686932936
1.0685e-06,0.0004932222686932935
1.0686e-06,-0.0006552157313067068
1.0687e-06,-0.0007724027313067068
1.0688e-06,-0.0006552157313067068
1.0689e-06,-0.0016395907313067066
1.069e-06,-0.0026552152645037065
1.0691e-06,-0.0021786527313067067
1.0692e-06,-0.0006552157313067068
1.0693e-06,0.00012603526869329335
1.0694e-06,-0.0006552157313067068
1.0695e-06,-0.0025849027613067065
1.0696e-06,-0.004655215731306707
1.0697e-06,-0.005538027731306707
1.0698e-06,-0.004655215731306707
1.0699e-06,-0.0024520902313067065
1.07e-06,-0.0006552157313067068
1.0701e-06,-0.00026458973130670657
1.0702e-06,-0.0006552157313067068
1.0703e-06,-0.0007958407313067067
1.0704e-06,-0.0006552157313067068
1.0705e-06,-0.0006474027313067066
1.0706e-06,-0.0006552157313067068
1.0707e-06,-0.0004989657313067067
1.0708e-06,-0.0006552157313067068
1.0709e-06,-0.0011708407313067066
1.071e-06,-0.0006552157313067068
1.0711e-06,0.0009385352686932932
1.0712e-06,0.0013447852686932936
1.0713e-06,-0.00017865273130670666
1.0714e-06,-0.0006552157313067068
1.0715e-06,0.001579160268693293
1.0716e-06,0.0033447852686932936
1.0717e-06,0.0017432222686932933
1.0718e-06,-0.0006552157313067068
1.0719e-06,-0.00045209073130670664
1.072e-06,0.0013447852686932936
1.0721e-06,0.0019072852686932932
1.0722e-06,0.0013447852686932936
1.0723e-06,0.0011416602686932934
1.0724e-06,0.0013447852686932936
1.0725e-06,0.001290097268693293
1.0726e-06,0.0013447852686932936
1.0727e-06,0.0016650972686932932
1.0728e-06,0.0013447852686932936
1.0729e-06,0.00010259726869329315
1.073e-06,-0.0006552157313067068
1.0731e-06,7.134726869329313e-05
1.0732e-06,0.0013447852686932936
1.0733e-06,0.0017744722686932933
1.0734e-06,0.0013447852686932936
1.0735e-06,0.0009463472686932935
1.0736e-06,0.0013447852686932936
1.0737e-06,0.0018916602686932932
1.0738e-06,0.0013447852686932936
1.0739e-06,-0.00021771473130670653
1.074e-06,-0.0006552157313067068
1.0741e-06,0.0006963472686932932
1.0742e-06,0.0013447852686932936
1.0743e-06,-0.0005692777313067066
1.0744e-06,-0.0026552152645037065
1.0745e-06,-0.0022567777313067068
1.0746e-06,-0.0006552157313067068
1.0747e-06,-0.0001864647313067065
1.0748e-06,-0.0006552157313067068
1.0749e-06,-0.0007333407313067067
1.075e-06,-0.0006552157313067068
1.0751e-06,-0.0013895907313067066
1.0752e-06,-0.0026552152645037065
1.0753e-06,-0.003288027731306707
1.0754e-06,-0.0026552152645037065
1.0755e-06,-0.0012645907313067067
1.0756e-06,-0.0006552157313067068
1.0757e-06,-0.0015067777313067068
1.0758e-06,-0.0026552152645037065
1.0759e-06,-0.002866152731306707
1.076e-06,-0.0026552152645037065
1.0761e-06,-0.0027333402613067066
1.0762e-06,-0.0026552152645037065
1.0763e-06,-0.0018036527313067068
1.0764e-06,-0.0006552157313067068
1.0765e-06,-0.0003036527313067068
1.0766e-06,-0.0006552157313067068
1.0767e-06,-0.0009520907313067067
1.0768e-06,-0.0006552157313067068
1.0769e-06,-0.0002255277313067067
1.077e-06,-0.0006552157313067068
1.0771e-06,-0.0024833402313067065
1.0772e-06,-0.004655215731306707
1.0773e-06,-0.005569277731306707
1.0774e-06,-0.004655215731306707
1.0775e-06,-0.0025067777313067066
1.0776e-06,-0.0006552157313067068
1.0777e-06,-6.927773130670657e-05
1.0778e-06,-0.0006552157313067068
1.0779e-06,-0.0017099027313067067
1.078e-06,-0.0026552152645037065
1.0781e-06,-0.0030536527313067066
1.0782e-06,-0.0026552152645037065
1.0783e-06,-0.0016083407313067068
1.0784e-06,-0.0006552157313067068
1.0785e-06,-0.0004989657313067067
1.0786e-06,-0.0006552157313067068
1.0787e-06,-0.0006708407313067068
1.0788e-06,-0.0006552157313067068
1.0789e-06,-0.0007099027313067067
1.079e-06,-0.0006552157313067068
1.0791e-06,-0.00045209073130670664
1.0792e-06,-0.0006552157313067068
1.0793e-06,-0.0016161527313067066
1.0794e-06,-0.0026552152645037065
1.0795e-06,-0.0025302152313067066
1.0796e-06,-0.0006552157313067068
1.0797e-06,0.0019775972686932935
1.0798e-06,0.0033447852686932936
1.0799e-06,0.002571347268693293
1.08e-06,0.0013447852686932936
1.0801e-06,0.0011338472686932932
1.0802e-06,0.0013447852686932936
1.0803e-06,0.0006338472686932932
1.0804e-06,-0.0006552157313067068
1.0805e-06,-0.0012099027313067067
1.0806e-06,-0.0006552157313067068
1.0807e-06,0.0004541602686932932
1.0808e-06,0.0013447852686932936
1.0809e-06,0.001626035268693293
1.081e-06,0.0013447852686932936
1.0811e-06,0.0010947852686932933
1.0812e-06,0.0013447852686932936
1.0813e-06,0.0021885352686932934
1.0814e-06,0.0033447852686932936
1.0815e-06,0.0039775972686932936
1.0816e-06,0.0033447852686932936
1.0817e-06,0.001782285268693293
1.0818e-06,0.0013447852686932936
1.0819e-06,0.002547910268693293
1.082e-06,0.0033447852686932936
1.0821e-06,0.0023447852686932936
1.0822e-06,0.0013447852686932936
1.0823e-06,0.0021025972686932936
1.0824e-06,0.0033447852686932936
1.0825e-06,0.002907285268693293
1.0826e-06,0.0013447852686932936
1.0827e-06,0.0006260352686932934
1.0828e-06,0.0013447852686932936
1.0829e-06,0.002610410268693293
1.083e-06,0.0033447852686932936
1.0831e-06,0.002829160268693293
1.0832e-06,0.0013447852686932936
1.0833e-06,-0.00017865273130670666
1.0834e-06,-0.0006552157313067068
1.0835e-06,0.00018072226869329322
1.0836e-06,0.0013447852686932936
1.0837e-06,0.0018213472686932934
1.0838e-06,0.0013447852686932936
1.0839e-06,0.0003682222686932934
1.084e-06,-0.0006552157313067068
1.0841e-06,-0.0011395907313067066
1.0842e-06,-0.0006552157313067068
1.0843e-06,0.0005869722686932932
1.0844e-06,0.0013447852686932936
1.0845e-06,0.0011416602686932934
1.0846e-06,0.0013447852686932936
1.0847e-06,0.002532285268693293
1.0848e-06,0.0033447852686932936
1.0849e-06,0.002532285268693293
1.085e-06,0.0013447852686932936
1.0851e-06,0.0011416602686932934
1.0852e-06,0.0013447852686932936
1.0853e-06,0.0006260352686932934
1.0854e-06,-0.0006552157313067068
1.0855e-06,-0.0012489657313067067
1.0856e-06,-0.0006552157313067068
1.0857e-06,0.0005400972686932931
1.0858e-06,0.0013447852686932936
1.0859e-06,0.0014541602686932937
1.086e-06,0.0013447852686932936
1.0861e-06,0.001415097268693293
1.0862e-06,0.0013447852686932936
1.0863e-06,0.0005088472686932931
1.0864e-06,-0.0006552157313067068
1.0865e-06,-0.0012177157313067067
1.0866e-06,-0.0006552157313067068
1.0867e-06,0.0005713472686932931
1.0868e-06,0.0013447852686932936
1.0869e-06,0.0008213472686932934
1.087e-06,-0.0006552157313067068
1.0871e-06,-0.0019911527313067065
1.0872e-06,-0.0026552152645037065
1.0873e-06,-0.0022099027313067067
1.0874e-06,-0.0006552157313067068
1.0875e-06,0.0011104102686932934
1.0876e-06,0.0013447852686932936
1.0877e-06,-0.00010052773130670659
1.0878e-06,-0.0006552157313067068
1.0879e-06,0.0012119722686932933
1.088e-06,0.0033447852686932936
1.0881e-06,0.0030713472686932936
1.0882e-06,0.0013447852686932936
1.0883e-06,5.572226869329311e-05
1.0884e-06,-0.0006552157313067068
1.0885e-06,-0.0011864657313067066
1.0886e-06,-0.0006552157313067068
1.0887e-06,0.001024472268693293
1.0888e-06,0.0013447852686932936
1.0889e-06,-0.0008505277313067066
1.089e-06,-0.0026552152645037065
1.0891e-06,-0.0014755277313067067
1.0892e-06,0.0013447852686932936
1.0893e-06,0.0030557222686932936
1.0894e-06,0.0033447852686932936
1.0895e-06,0.003352597268693293
1.0896e-06,0.0033447852686932936
1.0897e-06,0.0022354102686932935
1.0898e-06,-0.0006552157313067068
1.0899e-06,-0.004358340731306707
1.09e-06,-0.006655215731306707
1.0901e-06,-0.005827090731306706
1.0902e-06,-0.0026552152645037065
1.0903e-06,0.0008994722686932934
1.0904e-06,0.0033447852686932936
1.0905e-06,0.004626035268693293
1.0906e-06,0.005344785268693293
1.0907e-06,0.005235410268693293
1.0908e-06,0.0033447852686932936
1.0909e-06,-0.0001161527313067066
1.091e-06,-0.0026552152645037065
1.0911e-06,-0.0024677152313067065
1.0912e-06,-0.0006552157313067068
1.0913e-06,0.0006025972686932932
1.0914e-06,0.0013447852686932936
1.0915e-06,0.0023604102686932936
1.0916e-06,0.0033447852686932936
1.0917e-06,0.003524472268693293
1.0918e-06,0.0033447852686932936
1.0919e-06,0.0028994722686932935
1.092e-06,0.0013447852686932936
1.0921e-06,-0.0012880277313067068
1.0922e-06,-0.0026552152645037065
1.0923e-06,-0.0016552152313067067
1.0924e-06,-0.0006552157313067068
1.0925e-06,-0.0015067777313067068
1.0926e-06,-0.0026552152645037065
1.0927e-06,-0.0019833402313067065
1.0928e-06,-0.0006552157313067068
1.0929e-06,-0.0003895897313067067
1.093e-06,-0.0006552157313067068
1.0931e-06,5.572226869329311e-05
1.0932e-06,0.0013447852686932936
1.0933e-06,0.0018525972686932934
1.0934e-06,0.0013447852686932936
1.0935e-06,0.00030572226869329333
1.0936e-06,-0.0006552157313067068
1.0937e-06,-0.0011239657313067068
1.0938e-06,-0.0006552157313067068
1.0939e-06,0.0005010352686932932
1.094e-06,0.0013447852686932936
1.0941e-06,0.0014072852686932936
1.0942e-06,0.0013447852686932936
1.0943e-06,0.0015400972686932931
1.0944e-06,0.0013447852686932936
1.0945e-06,0.0002744722686932933
1.0946e-06,-0.0006552157313067068
1.0947e-06,-0.00021771473130670653
1.0948e-06,0.0013447852686932936
1.0949e-06,0.0027432222686932933
1.095e-06,0.0033447852686932936
1.0951e-06,0.0028213472686932934
1.0952e-06,0.0013447852686932936
1.0953e-06,-0.00023333973130670654
1.0954e-06,-0.0006552157313067068
1.0955e-06,0.0003135352686932931
1.0956e-06,0.0013447852686932936
1.0957e-06,0.0009463472686932935
1.0958e-06,-0.0006552157313067068
1.0959e-06,-0.0017411527313067067
1.096e-06,-0.0006552157313067068
1.0961e-06,0.0020166602686932933
1.0962e-06,0.0033447852686932936
1.0963e-06,0.0017744722686932933
1.0964e-06,-0.0006552157313067068
1.0965e-06,-0.0014208407313067066
1.0966e-06,-0.0006552157313067068
1.0967e-06,-0.00017083973130670692
1.0968e-06,-0.0006552157313067068
1.0969e-06,-0.0011708407313067066
1.097e-06,-0.0006552157313067068
1.0971e-06,0.0006494722686932932
1.0972e-06,0.0013447852686932936
1.0973e-06,0.0005791602686932933
1.0974e-06,-0.0006552157313067068
1.0975e-06,-0.0010145907313067067
1.0976e-06,-0.0006552157313067068
1.0977e-06,-0.0004989657313067067
1.0978e-06,-0.0006552157313067068
1.0979e-06,-0.0007333407313067067
1.098e-06,-0.0006552157313067068
1.0981e-06,-0.0006552157313067068
1.0982e-06,-0.0006552157313067068
1.0983e-06,-0.0006474027313067066
1.0984e-06,-0.0006552157313067068
1.0985e-06,-0.0006708407313067068
1.0986e-06,-0.0006552157313067068
1.0987e-06,-0.0005927157313067068
1.0988e-06,-0.0006552157313067068
1.0989e-06,-0.0012567777313067068
1.099e-06,-0.0026552152645037065
1.0991e-06,-0.0042489657313067065
1.0992e-06,-0.004655215731306707
1.0993e-06,-0.0030927152313067066
1.0994e-06,-0.0006552157313067068
1.0995e-06,0.0009775972686932935
1.0996e-06,0.0013447852686932936
1.0997e-06,0.0006416602686932934
1.0998e-06,-0.0006552157313067068
1.0999e-06,-0.0019911527313067065
1.1e-06,-0.0026552152645037065
1.1001e-06,-0.002561465261306707
1.1002e-06,-0.0026552152645037065
1.1003e-06,-0.0035692777313067066
1.1004e-06,-0.004655215731306707
1.1005e-06,-0.004506777731306706
1.1006e-06,-0.0026552152645037065
1.1007e-06,-6.146473130670682e-05
1.1008e-06,0.0013447852686932936
1.1009e-06,0.0007354102686932935
1.101e-06,-0.0006552157313067068
1.1011e-06,-0.0011942777313067067
1.1012e-06,-0.0006552157313067068
1.1013e-06,-0.0002020897313067065
1.1014e-06,-0.0006552157313067068
1.1015e-06,-0.0018427152313067068
1.1016e-06,-0.0026552152645037065
1.1017e-06,-0.0022567777313067068
1.1018e-06,-0.0006552157313067068
1.1019e-06,0.0010479102686932933
1.102e-06,0.0013447852686932936
1.1021e-06,0.00014166026869329336
1.1022e-06,-0.0006552157313067068
1.1023e-06,-0.00034271473130670664
1.1024e-06,-0.0006552157313067068
1.1025e-06,-0.002288027731306707
1.1026e-06,-0.0026552152645037065
1.1027e-06,-0.00041302773130670687
1.1028e-06,0.0013447852686932936
1.1029e-06,-0.0002255277313067067
1.103e-06,-0.0026552152645037065
1.1031e-06,-0.0025770902613067065
1.1032e-06,-0.0006552157313067068
1.1033e-06,0.0002900972686932933
1.1034e-06,-0.0006552157313067068
1.1035e-06,-0.0020692777313067066
1.1036e-06,-0.0026552152645037065
1.1037e-06,-0.002428652731306707
1.1038e-06,-0.0026552152645037065
1.1039e-06,-0.0038036527313067064
1.104e-06,-0.004655215731306707
1.1041e-06,-0.0034989652313067066
1.1042e-06,-0.0006552157313067068
1.1043e-06,0.0020869722686932936
1.1044e-06,0.0033447852686932936
1.1045e-06,0.0027744722686932934
1.1046e-06,0.0013447852686932936
1.1047e-06,1.6660268693293248e-05
1.1048e-06,-0.0006552157313067068
1.1049e-06,-0.0008036527313067068
1.105e-06,-0.0006552157313067068
1.1051e-06,-0.0004911527313067065
1.1052e-06,-0.0006552157313067068
1.1053e-06,-0.0009520907313067067
1.1054e-06,-0.0006552157313067068
1.1055e-06,0.00043072226869329345
1.1056e-06,0.0013447852686932936
1.1057e-06,0.001461972268693293
1.1058e-06,0.0013447852686932936
1.1059e-06,0.0018682222686932934
1.106e-06,0.0033447852686932936
1.1061e-06,0.0042666602686932936
1.1062e-06,0.0033447852686932936
1.1063e-06,0.0008213472686932934
1.1064e-06,-0.0006552157313067068
1.1065e-06,0.00018072226869329322
1.1066e-06,0.0013447852686932936
1.1067e-06,0.0002979102686932935
1.1068e-06,-0.0026552152645037065
1.1069e-06,-0.0048974027313067065
1.107e-06,-0.004655215731306707
1.1071e-06,-0.0024520902313067065
1.1072e-06,-0.0006552157313067068
1.1073e-06,-0.0004208397313067067
1.1074e-06,-0.0006552157313067068
1.1075e-06,0.0001494722686932932
1.1076e-06,0.0013447852686932936
1.1077e-06,0.0011807222686932932
1.1078e-06,-0.0006552157313067068
1.1079e-06,-0.0030067777313067066
1.108e-06,-0.004655215731306707
1.1081e-06,-0.004616152731306706
1.1082e-06,-0.0026552152645037065
1.1083e-06,0.00010259726869329315
1.1084e-06,0.0013447852686932936
1.1085e-06,0.00033697226869329336
1.1086e-06,-0.0006552157313067068
1.1087e-06,8.697226869329314e-05
1.1088e-06,0.0013447852686932936
1.1089e-06,0.0014697852686932937
1.109e-06,0.0013447852686932936
1.1091e-06,0.001704160268693293
1.1092e-06,0.0013447852686932936
1.1093e-06,-0.0008583407313067068
1.1094e-06,-0.0026552152645037065
1.1095e-06,-0.0021630277313067067
1.1096e-06,-0.0006552157313067068
1.1097e-06,-0.0002255277313067067
1.1098e-06,-0.0006552157313067068
1.1099e-06,-0.0007567777313067067
1.11e-06,-0.0006552157313067068
1.1101e-06,-0.0012333407313067067
1.1102e-06,-0.0026552152645037065
1.1103e-06,-0.004116152731306707
1.1104e-06,-0.004655215731306707
1.1105e-06,-0.0038974027313067065
1.1106e-06,-0.0026552152645037065
1.1107e-06,-0.0015927157313067068
1.1108e-06,-0.0006552157313067068
1.1109e-06,-3.0214731306706794e-05
1.111e-06,-0.0006552157313067068
1.1111e-06,-0.0027099027613067066
1.1112e-06,-0.004655215731306707
1.1113e-06,-0.004569277731306706
1.1114e-06,-0.0026552152645037065
1.1115e-06,-0.0007645907313067067
1.1116e-06,-0.0006552157313067068
1.1117e-06,-0.0020614652313067066
1.1118e-06,-0.0026552152645037065
1.1119e-06,-0.0010302157313067067
1.112e-06,0.0013447852686932936
1.1121e-06,0.0021494722686932937
1.1122e-06,0.0013447852686932936
1.1123e-06,3.228526869329326e-05
1.1124e-06,-0.0006552157313067068
1.1125e-06,-0.0007880277313067068
1.1126e-06,-0.0006552157313067068
1.1127e-06,-0.0005380277313067065
1.1128e-06,-0.0006552157313067068
1.1129e-06,-0.0012645907313067067
1.113e-06,-0.0026552152645037065
1.1131e-06,-0.004256777731306707
1.1132e-06,-0.004655215731306707
1.1133e-06,-0.0029755277313067065
1.1134e-06,-0.0006552157313067068
1.1135e-06,0.0007432222686932933
1.1136e-06,0.0013447852686932936
1.1137e-06,0.0016807222686932933
1.1138e-06,0.0013447852686932936
1.1139e-06,0.00013384726869329318
1.114e-06,-0.0006552157313067068
1.1141e-06,-0.0004755277313067065
1.1142e-06,-0.0006552157313067068
1.1143e-06,-0.0020067777313067066
1.1144e-06,-0.0026552152645037065
1.1145e-06,-0.0010614657313067067
1.1146e-06,0.0013447852686932936
1.1147e-06,0.002243222268693293
1.1148e-06,0.0013447852686932936
1.1149e-06,1.6660268693293248e-05
1.115e-06,-0.0006552157313067068
1.1151e-06,-0.0006942777313067067
1.1152e-06,-0.0006552157313067068
1.1153e-06,-0.0008036527313067068
1.1154e-06,-0.0006552157313067068
1.1155e-06,0.00014166026869329336
1.1156e-06,0.0013447852686932936
1.1157e-06,0.0019619722686932935
1.1158e-06,0.0013447852686932936
1.1159e-06,4.7910268693293276e-05
1.116e-06,-0.0006552157313067068
1.1161e-06,-0.00045209073130670664
1.1162e-06,-0.0006552157313067068
1.1163e-06,-0.0019208402313067067
1.1164e-06,-0.0026552152645037065
1.1165e-06,-0.0012567777313067068
1.1166e-06,0.0013447852686932936
1.1167e-06,0.0030557222686932936
1.1168e-06,0.0033447852686932936
1.1169e-06,0.002579160268693293
1.117e-06,0.0013447852686932936
1.1171e-06,7.91602686932933e-05
1.1172e-06,-0.0006552157313067068
1.1173e-06,-0.0006942777313067067
1.1174e-06,-0.0006552157313067068
1.1175e-06,-0.0012880277313067068
1.1176e-06,-0.0026552152645037065
1.1177e-06,-0.0035770902313067066
1.1178e-06,-0.0026552152645037065
1.1179e-06,0.0003447852686932931
1.118e-06,0.0033447852686932936
1.1181e-06,0.004297910268693294
1.1182e-06,0.0033447852686932936
1.1183e-06,0.0018916602686932932
1.1184e-06,0.0013447852686932936
1.1185e-06,0.001430722268693293
1.1186e-06,0.0013447852686932936
1.1187e-06,0.0003994722686932934
1.1188e-06,-0.0006552157313067068
1.1189e-06,-0.0010614657313067067
1.119e-06,-0.0006552157313067068
1.1191e-06,-0.00026458973130670657
1.1192e-06,-0.0006552157313067068
1.1193e-06,-0.0017020902313067067
1.1194e-06,-0.0026552152645037065
1.1195e-06,-0.002827090231306707
1.1196e-06,-0.0026552152645037065
1.1197e-06,-0.0025849027613067065
1.1198e-06,-0.0026552152645037065
1.1199e-06,-0.0025849027613067065
1.12e-06,-0.0026552152645037065
1.1201e-06,-0.002827090231306707
1.1202e-06,-0.0026552152645037065
1.1203e-06,-0.0017724027313067068
1.1204e-06,-0.0006552157313067068
1.1205e-06,-0.00024896473130670655
1.1206e-06,-0.0006552157313067068
1.1207e-06,-0.0011786527313067067
1.1208e-06,-0.0006552157313067068
1.1209e-06,0.0006963472686932932
1.121e-06,0.0013447852686932936
1.1211e-06,-3.0214731306706794e-05
1.1212e-06,-0.0026552152645037065
1.1213e-06,-0.004577090731306707
1.1214e-06,-0.004655215731306707
1.1215e-06,-0.003444277731306707
1.1216e-06,-0.0026552152645037065
1.1217e-06,-0.002811465231306707
1.1218e-06,-0.0026552152645037065
1.1219e-06,-0.0009911527313067067
1.122e-06,0.0013447852686932936
1.1221e-06,0.0024072852686932936
1.1222e-06,0.0013447852686932936
1.1223e-06,-0.0009755277313067067
1.1224e-06,-0.0026552152645037065
1.1225e-06,-0.0029286527313067065
1.1226e-06,-0.0026552152645037065
1.1227e-06,-0.0026942777613067066
1.1228e-06,-0.0026552152645037065
1.1229e-06,-0.0018505277313067068
1.123e-06,-0.0006552157313067068
1.1231e-06,-0.0001161527313067066
1.1232e-06,-0.0006552157313067068
1.1233e-06,-0.0013036527313067068
1.1234e-06,-0.0006552157313067068
1.1235e-06,0.0009775972686932935
1.1236e-06,0.0013447852686932936
1.1237e-06,-0.0006942777313067067
1.1238e-06,-0.0026552152645037065
1.1239e-06,-0.002288027731306707
1.124e-06,-0.0006552157313067068
1.1241e-06,-6.146473130670682e-05
1.1242e-06,-0.0006552157313067068
1.1243e-06,-0.0010614657313067067
1.1244e-06,-0.0006552157313067068
1.1245e-06,-0.0002255277313067067
1.1246e-06,-0.0006552157313067068
1.1247e-06,-0.0018583402313067069
1.1248e-06,-0.0026552152645037065
1.1249e-06,-0.0020302152313067066
1.125e-06,-0.0006552157313067068
1.1251e-06,1.6660268693293248e-05
1.1252e-06,-0.0006552157313067068
1.1253e-06,-0.0019364652313067067
1.1254e-06,-0.0026552152645037065
1.1255e-06,-0.0021239652313067067
1.1256e-06,-0.0006552157313067068
1.1257e-06,0.0007510352686932935
1.1258e-06,0.0013447852686932936
1.1259e-06,0.0011729102686932934
1.126e-06,0.0013447852686932936
1.1261e-06,0.0018447852686932931
1.1262e-06,0.0013447852686932936
1.1263e-06,-0.0007333407313067067
1.1264e-06,-0.0026552152645037065
1.1265e-06,-0.0029599027313067065
1.1266e-06,-0.0026552152645037065
1.1267e-06,-0.002889590231306707
1.1268e-06,-0.0026552152645037065
1.1269e-06,-0.0008192777313067068
1.127e-06,0.0013447852686932936
1.1271e-06,0.0020400972686932936
1.1272e-06,0.0013447852686932936
1.1273e-06,0.0002979102686932935
1.1274e-06,-0.0006552157313067068
1.1275e-06,-0.0016552152313067067
1.1276e-06,-0.0026552152645037065
1.1277e-06,-0.0031239652313067067
1.1278e-06,-0.0026552152645037065
1.1279e-06,-0.0014911527313067067
1.128e-06,-0.0006552157313067068
1.1281e-06,-0.0006239657313067068
1.1282e-06,-0.0006552157313067068
1.1283e-06,0.0001650972686932932
1.1284e-06,0.0013447852686932936
1.1285e-06,0.0018213472686932934
1.1286e-06,0.0013447852686932936
1.1287e-06,0.00030572226869329333
1.1288e-06,-0.0006552157313067068
1.1289e-06,-0.0011239657313067068
1.129e-06,-0.0006552157313067068
1.1291e-06,0.0004385352686932932
1.1292e-06,0.0013447852686932936
1.1293e-06,0.0014229102686932936
1.1294e-06,0.0013447852686932936
1.1295e-06,0.0015166602686932937
1.1296e-06,0.0013447852686932936
1.1297e-06,0.00040728526869329316
1.1298e-06,-0.0006552157313067068
1.1299e-06,-0.0014442777313067067
1.13e-06,-0.0026552152645037065
1.1301e-06,-0.004288027731306707
1.1302e-06,-0.004655215731306707
1.1303e-06,-0.002295840231306707
1.1304e-06,0.0013447852686932936
1.1305e-06,0.0036807222686932933
1.1306e-06,0.0033447852686932936
1.1307e-06,0.0011338472686932932
1.1308e-06,-0.0006552157313067068
1.1309e-06,-0.0009364657313067066
1.131e-06,-0.0006552157313067068
1.1311e-06,-0.0008349027313067068
1.1312e-06,-0.0006552157313067068
1.1313e-06,0.0004229102686932932
1.1314e-06,0.0013447852686932936
1.1315e-06,0.0006885352686932934
1.1316e-06,-0.0006552157313067068
1.1317e-06,-0.0011395907313067066
1.1318e-06,-0.0006552157313067068
1.1319e-06,-0.0001864647313067065
1.132e-06,-0.0006552157313067068
1.1321e-06,-0.0017880277313067068
1.1322e-06,-0.0026552152645037065
1.1323e-06,-0.0027333402613067066
1.1324e-06,-0.0026552152645037065
1.1325e-06,-0.002881777731306707
1.1326e-06,-0.0026552152645037065
1.1327e-06,-0.0010614657313067067
1.1328e-06,0.0013447852686932936
1.1329e-06,0.0030479102686932933
1.133e-06,0.0033447852686932936
1.1331e-06,0.0019697852686932932
1.1332e-06,-0.0006552157313067068
1.1333e-06,-0.003420840231306707
1.1334e-06,-0.004655215731306707
1.1335e-06,-0.0038739657313067066
1.1336e-06,-0.0026552152645037065
1.1337e-06,-0.002405215231306707
1.1338e-06,-0.0026552152645037065
1.1339e-06,-0.0020770902313067066
1.134e-06,-0.0006552157313067068
1.1341e-06,0.0007979102686932935
1.1342e-06,0.0013447852686932936
1.1343e-06,0.0007432222686932933
1.1344e-06,-0.0006552157313067068
1.1345e-06,-0.0021630277313067067
1.1346e-06,-0.0026552152645037065
1.1347e-06,-0.0019208402313067067
1.1348e-06,-0.0006552157313067068
1.1349e-06,0.0003525972686932934
1.135e-06,0.0013447852686932936
1.1351e-06,0.0020400972686932936
1.1352e-06,0.0013447852686932936
1.1353e-06,-0.0008739657313067068
1.1354e-06,-0.0026552152645037065
1.1355e-06,-0.0026942777613067066
1.1356e-06,-0.0026552152645037065
1.1357e-06,-0.0038739657313067066
1.1358e-06,-0.004655215731306707
1.1359e-06,-0.0031395902313067067
1.136e-06,-0.0006552157313067068
1.1361e-06,0.0008369722686932934
1.1362e-06,0.0013447852686932936
1.1363e-06,0.001688535268693293
1.1364e-06,0.0013447852686932936
1.1365e-06,-0.0004208397313067067
1.1366e-06,-0.0026552152645037065
1.1367e-06,-0.0036083402313067067
1.1368e-06,-0.0026552152645037065
1.1369e-06,-0.0005614657313067067
1.137e-06,0.0013447852686932936
1.1371e-06,0.0019385352686932932
1.1372e-06,0.0013447852686932936
1.1373e-06,0.0007588472686932933
1.1374e-06,0.0013447852686932936
1.1375e-06,0.002782285268693293
1.1376e-06,0.0033447852686932936
1.1377e-06,0.0018291602686932931
1.1378e-06,-0.0006552157313067068
1.1379e-06,-0.0018974027313067067
1.138e-06,-0.0006552157313067068
1.1381e-06,0.0019463472686932935
1.1382e-06,0.0033447852686932936
1.1383e-06,0.002540097268693293
1.1384e-06,0.0013447852686932936
1.1385e-06,0.0016963472686932933
1.1386e-06,0.0033447852686932936
1.1387e-06,0.004258847268693293
1.1388e-06,0.0033447852686932936
1.1389e-06,0.0015869722686932932
1.139e-06,0.0013447852686932936
1.1391e-06,0.002813535268693293
1.1392e-06,0.0033447852686932936
1.1393e-06,0.001383847268693293
1.1394e-06,-0.0006552157313067068
1.1395e-06,-0.00024896473130670655
1.1396e-06,0.0013447852686932936
1.1397e-06,0.0017744722686932933
1.1398e-06,0.0013447852686932936
1.1399e-06,0.0018213472686932934
1.14e-06,0.0033447852686932936
1.1401e-06,0.0042510352686932935
1.1402e-06,0.0033447852686932936
1.1403e-06,0.001024472268693293
1.1404e-06,-0.0006552157313067068
1.1405e-06,-0.00028802773130670676
1.1406e-06,0.0013447852686932936
1.1407e-06,0.0022197852686932935
1.1408e-06,0.0013447852686932936
1.1409e-06,-0.0002958397313067066
1.141e-06,-0.0006552157313067068
1.1411e-06,0.0006104102686932933
1.1412e-06,0.0013447852686932936
1.1413e-06,0.00040728526869329316
1.1414e-06,-0.0006552157313067068
1.1415e-06,1.6660268693293248e-05
1.1416e-06,0.0013447852686932936
1.1417e-06,0.0011494722686932932
1.1418e-06,-0.0006552157313067068
1.1419e-06,-0.0019599027313067065
1.142e-06,-0.0006552157313067068
1.1421e-06,0.0028057222686932934
1.1422e-06,0.005344785268693293
1.1423e-06,0.004961972268693294
1.1424e-06,0.0033447852686932936
1.1425e-06,0.002336972268693293
1.1426e-06,0.0013447852686932936
1.1427e-06,-0.0008036527313067068
1.1428e-06,-0.0026552152645037065
1.1429e-06,-0.0019130277313067067
1.143e-06,0.0013447852686932936
1.1431e-06,0.004602597268693293
1.1432e-06,0.005344785268693293
1.1433e-06,0.0033604102686932936
1.1434e-06,0.0013447852686932936
1.1435e-06,0.0011338472686932932
1.1436e-06,0.0013447852686932936
1.1437e-06,0.0003604102686932931
1.1438e-06,-0.0006552157313067068
1.1439e-06,-8.490273130670658e-05
1.144e-06,0.0013447852686932936
1.1441e-06,0.0018135352686932931
1.1442e-06,0.0013447852686932936
1.1443e-06,0.0010947852686932933
1.1444e-06,0.0013447852686932936
1.1445e-06,0.001610410268693293
1.1446e-06,0.0013447852686932936
1.1447e-06,0.00043072226869329345
1.1448e-06,-0.0006552157313067068
1.1449e-06,-0.0011395907313067066
1.145e-06,-0.0006552157313067068
1.1451e-06,0.00043072226869329345
1.1452e-06,0.0013447852686932936
1.1453e-06,0.001579160268693293
1.1454e-06,0.0013447852686932936
1.1455e-06,0.0011650972686932932
1.1456e-06,0.0013447852686932936
1.1457e-06,0.001610410268693293
1.1458e-06,0.0013447852686932936
1.1459e-06,0.0003525972686932934
1.146e-06,-0.0006552157313067068
1.1461e-06,-0.0010067777313067067
1.1462e-06,-0.0006552157313067068
1.1463e-06,0.00018072226869329322
1.1464e-06,0.0013447852686932936
1.1465e-06,0.002579160268693293
1.1466e-06,0.0033447852686932936
1.1467e-06,0.0029932222686932936
1.1468e-06,0.0013447852686932936
1.1469e-06,-0.0004989657313067067
1.147e-06,-0.0006552157313067068
1.1471e-06,0.0008369722686932934
1.1472e-06,0.0013447852686932936
1.1473e-06,-0.0001395897313067069
1.1474e-06,-0.0006552157313067068
1.1475e-06,0.0020166602686932933
1.1476e-06,0.005344785268693293
1.1477e-06,0.005657285268693293
1.1478e-06,0.0033447852686932936
1.1479e-06,0.001305722268693293
1.148e-06,0.0013447852686932936
1.1481e-06,0.002657285268693293
1.1482e-06,0.0033447852686932936
1.1483e-06,0.002547910268693293
1.1484e-06,0.0013447852686932936
1.1485e-06,0.0009463472686932935
1.1486e-06,0.0013447852686932936
1.1487e-06,0.001579160268693293
1.1488e-06,0.0013447852686932936
1.1489e-06,0.001688535268693293
1.149e-06,0.0033447852686932936
1.1491e-06,0.005297910268693293
1.1492e-06,0.005344785268693293
1.1493e-06,0.002579160268693293
1.1494e-06,-0.0006552157313067068
1.1495e-06,-0.0012099027313067067
1.1496e-06,0.0013447852686932936
1.1497e-06,0.004547910268693293
1.1498e-06,0.005344785268693293
1.1499e-06,0.0033291602686932936
1.15e-06,0.0013447852686932936
1.1501e-06,0.001688535268693293
1.1502e-06,0.0033447852686932936
1.1503e-06,0.003969785268693293
1.1504e-06,0.0033447852686932936
1.1505e-06,0.002860410268693293
1.1506e-06,0.0033447852686932936
1.1507e-06,0.004399472268693293
1.1508e-06,0.005344785268693293
1.1509e-06,0.005219785268693293
1.151e-06,0.0033447852686932936
1.1511e-06,0.0006260352686932934
1.1512e-06,-0.0006552157313067068
1.1513e-06,0.0008213472686932934
1.1514e-06,0.0033447852686932936
1.1515e-06,0.0048369722686932935
1.1516e-06,0.005344785268693293
1.1517e-06,0.005532285268693293
1.1518e-06,0.005344785268693293
1.1519e-06,0.004774472268693293
1.152e-06,0.005344785268693293
1.1521e-06,0.007063535268693293
1.1522e-06,0.007344785268693293
1.1523e-06,0.004501035268693293
1.1524e-06,0.0013447852686932936
1.1525e-06,0.0006260352686932934
1.1526e-06,0.0013447852686932936
1.1527e-06,0.001508847268693293
1.1528e-06,0.0013447852686932936
1.1529e-06,0.0021494722686932937
1.153e-06,0.0033447852686932936
1.1531e-06,0.0037588472686932934
1.1532e-06,0.0033447852686932936
1.1533e-06,0.0030557222686932936
1.1534e-06,0.0033447852686932936
1.1535e-06,0.0037432222686932934
1.1536e-06,0.0033447852686932936
1.1537e-06,0.0020713472686932936
1.1538e-06,0.0013447852686932936
1.1539e-06,0.0020713472686932936
1.154e-06,0.0033447852686932936
1.1541e-06,0.0037432222686932934
1.1542e-06,0.0033447852686932936
1.1543e-06,0.0030947852686932934
1.1544e-06,0.0033447852686932936
1.1545e-06,0.0036494722686932933
1.1546e-06,0.0033447852686932936
1.1547e-06,0.002383847268693293
1.1548e-06,0.0013447852686932936
1.1549e-06,0.0009463472686932935
1.155e-06,0.0013447852686932936
1.1551e-06,0.0022666602686932935
1.1552e-06,0.0033447852686932936
1.1553e-06,0.004415097268693293
1.1554e-06,0.005344785268693293
1.1555e-06,0.0056963472686932925
1.1556e-06,0.005344785268693293
1.1557e-06,0.004305722268693293
1.1558e-06,0.0033447852686932936
1.1559e-06,0.0030557222686932936
1.156e-06,0.0033447852686932936
1.1561e-06,0.0036182222686932932
1.1562e-06,0.0033447852686932936
1.1563e-06,0.002430722268693293
1.1564e-06,0.0013447852686932936
1.1565e-06,0.0008291602686932931
1.1566e-06,0.0013447852686932936
1.1567e-06,0.0030244722686932936
1.1568e-06,0.005344785268693293
1.1569e-06,0.007133847268693294
1.157e-06,0.007344785268693293
1.1571e-06,0.0056807222686932925
1.1572e-06,0.0033447852686932936
1.1573e-06,0.0017432222686932933
1.1574e-06,0.0013447852686932936
1.1575e-06,0.0015557222686932931
1.1576e-06,0.0013447852686932936
1.1577e-06,0.0008682222686932934
1.1578e-06,0.0013447852686932936
1.1579e-06,0.0032666602686932935
1.158e-06,0.005344785268693293
1.1581e-06,0.006016660268693293
1.1582e-06,0.005344785268693293
1.1583e-06,0.004696347268693293
1.1584e-06,0.005344785268693293
1.1585e-06,0.006297910268693294
1.1586e-06,0.005344785268693293
1.1587e-06,0.0020244722686932936
1.1588e-06,-0.0006552157313067068
1.1589e-06,-0.0003349027313067068
1.159e-06,0.0013447852686932936
1.1591e-06,0.0018994722686932934
1.1592e-06,0.0013447852686932936
1.1593e-06,0.001688535268693293
1.1594e-06,0.0033447852686932936
1.1595e-06,0.005079160268693293
1.1596e-06,0.005344785268693293
1.1597e-06,0.0042197852686932935
1.1598e-06,0.0033447852686932936
1.1599e-06,0.003985410268693293
1.16e-06,0.005344785268693293
1.1601e-06,0.0057588472686932925
1.1602e-06,0.005344785268693293
1.1603e-06,0.005024472268693294
1.1604e-06,0.005344785268693293
1.1605e-06,0.006165097268693293
1.1606e-06,0.007344785268693293
1.1607e-06,0.008063537268693294
1.1608e-06,0.007344785268693293
1.1609e-06,0.0051104102686932934
1.161e-06,0.0033447852686932936
1.1611e-06,0.003586972268693293
1.1612e-06,0.005344785268693293
1.1613e-06,0.0068682222686932935
1.1614e-06,0.007344785268693293
1.1615e-06,0.006688535268693294
1.1616e-06,0.005344785268693293
1.1617e-06,0.0039619722686932935
1.1618e-06,0.0033447852686932936
1.1619e-06,0.003516660268693293
1.162e-06,0.0033447852686932936
1.1621e-06,0.0023447852686932936
1.1622e-06,0.0013447852686932936
1.1623e-06,0.001657285268693293
1.1624e-06,0.0033447852686932936
1.1625e-06,0.005133847268693294
1.1626e-06,0.005344785268693293
1.1627e-06,0.004055722268693294
1.1628e-06,0.0033447852686932936
1.1629e-06,0.004297910268693294
1.163e-06,0.005344785268693293
1.1631e-06,0.004711972268693293
1.1632e-06,0.0033447852686932936
1.1633e-06,0.0028682222686932934
1.1634e-06,0.0033447852686932936
1.1635e-06,0.003610410268693293
1.1636e-06,0.0033447852686932936
1.1637e-06,0.0031025972686932937
1.1638e-06,0.0033447852686932936
1.1639e-06,0.003797910268693293
1.164e-06,0.0033447852686932936
1.1641e-06,0.0020166602686932933
1.1642e-06,0.0013447852686932936
1.1643e-06,0.002243222268693293
1.1644e-06,0.0033447852686932936
1.1645e-06,0.0033135352686932936
1.1646e-06,0.0033447852686932936
1.1647e-06,0.0049307222686932935
1.1648e-06,0.007344785268693293
1.1649e-06,0.008407287268693293
1.165e-06,0.007344785268693293
1.1651e-06,0.004446347268693293
1.1652e-06,0.0013447852686932936
1.1653e-06,-0.0005692777313067066
1.1654e-06,-0.0006552157313067068
1.1655e-06,0.0009854102686932932
1.1656e-06,0.0033447852686932936
1.1657e-06,0.004688535268693293
1.1658e-06,0.0033447852686932936
1.1659e-06,-0.00012396473130670688
1.166e-06,-0.0026552152645037065
1.1661e-06,-0.0016239657313067068
1.1662e-06,0.0013447852686932936
1.1663e-06,0.0033916602686932936
1.1664e-06,0.0033447852686932936
1.1665e-06,0.0021338472686932937
1.1666e-06,0.0013447852686932936
1.1667e-06,0.0017744722686932933
1.1668e-06,0.0033447852686932936
1.1669e-06,0.004993222268693294
1.167e-06,0.005344785268693293
1.1671e-06,0.0042197852686932935
1.1672e-06,0.0033447852686932936
1.1673e-06,0.003485410268693293
1.1674e-06,0.0033447852686932936
1.1675e-06,0.0021104102686932934
1.1676e-06,0.0013447852686932936
1.1677e-06,0.002274472268693293
1.1678e-06,0.0033447852686932936
1.1679e-06,0.003211972268693293
1.168e-06,0.0033447852686932936
1.1681e-06,0.005188535268693293
1.1682e-06,0.007344785268693293
1.1683e-06,0.0073760372686932935
1.1684e-06,0.005344785268693293
1.1685e-06,0.003305722268693293
1.1686e-06,0.0033447852686932936
1.1687e-06,0.004938535268693293
1.1688e-06,0.005344785268693293
1.1689e-06,0.003274472268693293
1.169e-06,0.0013447852686932936
1.1691e-06,0.0018604102686932932
1.1692e-06,0.0033447852686932936
1.1693e-06,0.003610410268693293
1.1694e-06,0.0033447852686932936
1.1695e-06,0.0041416602686932934
1.1696e-06,0.005344785268693293
1.1697e-06,0.0051572852686932935
1.1698e-06,0.0033447852686932936
1.1699e-06,0.0015400972686932931
1.17e-06,0.0013447852686932936
1.1701e-06,0.0026650972686932933
1.1702e-06,0.0033447852686932936
1.1703e-06,0.002274472268693293
1.1704e-06,0.0013447852686932936
1.1705e-06,0.002688535268693293
1.1706e-06,0.005344785268693293
1.1707e-06,0.007086972268693294
1.1708e-06,0.007344785268693293
1.1709e-06,0.006618222268693293
1.171e-06,0.005344785268693293
1.1711e-06,0.003860410268693293
1.1712e-06,0.0033447852686932936
1.1713e-06,0.004165097268693293
1.1714e-06,0.005344785268693293
1.1715e-06,0.0056963472686932925
1.1716e-06,0.005344785268693293
1.1717e-06,0.005016660268693293
1.1718e-06,0.005344785268693293
1.1719e-06,0.005852597268693293
1.172e-06,0.005344785268693293
1.1721e-06,0.003938535268693293
1.1722e-06,0.0033447852686932936
1.1723e-06,0.004415097268693293
1.1724e-06,0.005344785268693293
1.1725e-06,0.004516660268693293
1.1726e-06,0.0033447852686932936
1.1727e-06,0.003751035268693293
1.1728e-06,0.005344785268693293
1.1729e-06,0.006579160268693294
1.173e-06,0.007344785268693293
1.1731e-06,0.007774477268693293
1.1732e-06,0.007344785268693293
1.1733e-06,0.005563535268693293
1.1734e-06,0.0033447852686932936
1.1735e-06,0.0018760352686932932
1.1736e-06,0.0013447852686932936
1.1737e-06,0.0012822852686932935
1.1738e-06,0.0013447852686932936
1.1739e-06,0.0018994722686932934
1.174e-06,0.0033447852686932936
1.1741e-06,0.005524472268693294
1.1742e-06,0.007344785268693293
1.1743e-06,0.0074072872686932936
1.1744e-06,0.005344785268693293
1.1745e-06,0.0025010352686932937
1.1746e-06,0.0013447852686932936
1.1747e-06,0.0023604102686932936
1.1748e-06,0.0033447852686932936
1.1749e-06,0.002516660268693293
1.175e-06,0.0013447852686932936
1.1751e-06,0.0018135352686932931
1.1752e-06,0.0033447852686932936
1.1753e-06,0.004047910268693293
1.1754e-06,0.0033447852686932936
1.1755e-06,0.0021807222686932937
1.1756e-06,0.0013447852686932936
1.1757e-06,0.0011025972686932932
1.1758e-06,0.0013447852686932936
1.1759e-06,0.001626035268693293
1.176e-06,0.0013447852686932936
1.1761e-06,0.0008604102686932931
1.1762e-06,0.0013447852686932936
1.1763e-06,0.002844785268693293
1.1764e-06,0.0033447852686932936
1.1765e-06,0.0021729102686932934
1.1766e-06,0.0013447852686932936
1.1767e-06,0.002383847268693293
1.1768e-06,0.0033447852686932936
1.1769e-06,0.0023291602686932936
1.177e-06,0.0013447852686932936
1.1771e-06,0.002672910268693293
1.1772e-06,0.005344785268693293
1.1773e-06,0.006961972268693294
1.1774e-06,0.007344785268693293
1.1775e-06,0.006860410268693294
1.1776e-06,0.005344785268693293
1.1777e-06,0.002352597268693293
1.1778e-06,-0.0006552157313067068
1.1779e-06,-0.0018349027313067068
1.178e-06,-0.0006552157313067068
1.1781e-06,0.0017432222686932933
1.1782e-06,0.0033447852686932936
1.1783e-06,0.0029307222686932935
1.1784e-06,0.0013447852686932936
1.1785e-06,4.00972686932931e-05
1.1786e-06,-0.0006552157313067068
1.1787e-06,-0.0008192777313067068
1.1788e-06,-0.0006552157313067068
1.1789e-06,-0.0003349027313067068
1.179e-06,-0.0006552157313067068
1.1791e-06,-0.0017489652313067068
1.1792e-06,-0.0026552152645037065
1.1793e-06,-0.0021786527313067067
1.1794e-06,-0.0006552157313067068
1.1795e-06,0.0009307222686932935
1.1796e-06,0.0013447852686932936
1.1797e-06,0.0009072852686932932
1.1798e-06,0.0013447852686932936
1.1799e-06,0.002829160268693293
1.18e-06,0.0033447852686932936
1.1801e-06,0.0019150972686932935
1.1802e-06,0.0013447852686932936
1.1803e-06,0.003336972268693293
1.1804e-06,0.005344785268693293
1.1805e-06,0.004180722268693293
1.1806e-06,0.0013447852686932936
1.1807e-06,-0.0003349027313067068
1.1808e-06,-0.0006552157313067068
1.1809e-06,-0.0007802157313067067
1.181e-06,-0.0006552157313067068
1.1811e-06,0.00030572226869329333
1.1812e-06,0.0013447852686932936
1.1813e-06,0.0015713472686932932
1.1814e-06,0.0013447852686932936
1.1815e-06,0.0012979102686932935
1.1816e-06,0.0013447852686932936
1.1817e-06,0.0012666602686932935
1.1818e-06,0.0013447852686932936
1.1819e-06,0.001610410268693293
1.182e-06,0.0013447852686932936
1.1821e-06,0.0002588472686932933
1.1822e-06,-0.0006552157313067068
1.1823e-06,-0.0006239657313067068
1.1824e-06,-0.0006552157313067068
1.1825e-06,-0.0011239657313067068
1.1826e-06,-0.0006552157313067068
1.1827e-06,0.0015400972686932931
1.1828e-06,0.0033447852686932936
1.1829e-06,0.0032979102686932936
1.183e-06,0.0033447852686932936
1.1831e-06,0.004743222268693293
1.1832e-06,0.005344785268693293
1.1833e-06,0.003336972268693293
1.1834e-06,0.0013447852686932936
1.1835e-06,0.0018369722686932934
1.1836e-06,0.0033447852686932936
1.1837e-06,0.0030244722686932936
1.1838e-06,0.0013447852686932936
1.1839e-06,0.0005400972686932931
1.184e-06,0.0013447852686932936
1.1841e-06,0.0026963472686932933
1.1842e-06,0.0033447852686932936
1.1843e-06,0.0027119722686932933
1.1844e-06,0.0013447852686932936
1.1845e-06,0.0005400972686932931
1.1846e-06,0.0013447852686932936
1.1847e-06,0.0030166602686932933
1.1848e-06,0.0033447852686932936
1.1849e-06,0.001461972268693293
1.185e-06,-0.0006552157313067068
1.1851e-06,-0.0011395907313067066
1.1852e-06,-0.0006552157313067068
1.1853e-06,-0.0006083407313067068
1.1854e-06,-0.0006552157313067068
1.1855e-06,0.00021197226869329325
1.1856e-06,0.0013447852686932936
1.1857e-06,0.0016807222686932933
1.1858e-06,0.0013447852686932936
1.1859e-06,0.0006963472686932932
1.186e-06,-0.0006552157313067068
1.1861e-06,-0.002334902731306707
1.1862e-06,-0.0026552152645037065
1.1863e-06,-0.0008114657313067067
1.1864e-06,0.0013447852686932936
1.1865e-06,0.0018994722686932934
1.1866e-06,0.0013447852686932936
1.1867e-06,0.0010947852686932933
1.1868e-06,0.0013447852686932936
1.1869e-06,0.001461972268693293
1.187e-06,0.0013447852686932936
1.1871e-06,0.001305722268693293
1.1872e-06,0.0013447852686932936
1.1873e-06,0.0012666602686932935
1.1874e-06,0.0013447852686932936
1.1875e-06,0.0014697852686932937
1.1876e-06,0.0013447852686932936
1.1877e-06,0.0010557222686932931
1.1878e-06,0.0013447852686932936
1.1879e-06,0.002383847268693293
1.188e-06,0.0033447852686932936
1.1881e-06,0.0030166602686932933
1.1882e-06,0.0013447852686932936
1.1883e-06,-0.00045209073130670664
1.1884e-06,-0.0006552157313067068
1.1885e-06,0.0007041602686932934
1.1886e-06,0.0013447852686932936
1.1887e-06,0.0001885352686932934
1.1888e-06,-0.0006552157313067068
1.1889e-06,0.0003447852686932931
1.189e-06,0.0013447852686932936
1.1891e-06,0.0005244722686932931
1.1892e-06,-0.0006552157313067068
1.1893e-06,-6.146473130670682e-05
1.1894e-06,0.0013447852686932936
1.1895e-06,0.0011885352686932934
1.1896e-06,-0.0006552157313067068
1.1897e-06,-0.0024833402313067065
1.1898e-06,-0.0026552152645037065
1.1899e-06,-0.0009052157313067066
1.19e-06,0.0013447852686932936
1.1901e-06,0.0023291602686932936
1.1902e-06,0.0013447852686932936
1.1903e-06,-0.0007958407313067067
1.1904e-06,-0.0026552152645037065
