-4.31e-08,0.0012821978081612485
-4.3e-08,-0.0013428001918387514
-4.29e-08,-0.002717800191838751
-4.28e-08,-0.000874050191838751
-4.27e-08,0.0012821978081612485
-4.26e-08,0.0002196978081612476
-4.25e-08,-0.002717800191838751
-4.24e-08,-0.003858425191838752
-4.23e-08,-0.002717800191838751
-4.22e-08,-0.0016084251918387516
-4.21e-08,-0.002717800191838751
-4.2e-08,-0.005280300191838751
-4.19e-08,-0.006717800191838752
-4.18e-08,-0.005155300191838751
-4.17e-08,-0.002717800191838751
-4.16e-08,-0.0018584251918387518
-4.15e-08,-0.002717800191838751
-4.14e-08,-0.0034209251918387515
-4.13e-08,-0.002717800191838751
-4.12e-08,-0.000874050191838751
-4.11e-08,0.0012821978081612485
-4.1e-08,0.0032040778081612476
-4.09e-08,0.005282197808161249
-4.08e-08,0.00646969780816125
-4.07e-08,0.005282197808161249
-4.06e-08,0.0012509478081612485
-4.05e-08,-0.002717800191838751
-4.04e-08,-0.003967800191838752
-4.03e-08,-0.002717800191838751
-4.02e-08,-0.0017334251918387517
-4.01e-08,-0.002717800191838751
-4e-08,-0.004108425191838752
-3.99e-08,-0.002717800191838751
-3.98e-08,0.0018915778081612482
-3.97e-08,0.005282197808161249
-3.96e-08,0.0032665778081612477
-3.95e-08,-0.002717800191838751
-3.94e-08,-0.007217800191838751
-3.93e-08,-0.006717800191838752
-3.92e-08,-0.002249050191838752
-3.91e-08,0.0012821978081612485
-3.9e-08,0.0005165778081612487
-3.89e-08,-0.002717800191838751
-3.88e-08,-0.0044209251918387515
-3.87e-08,-0.002717800191838751
-3.86e-08,0.0013446978081612486
-3.85e-08,0.005282197808161249
-3.84e-08,0.00681344780816125
-3.83e-08,0.005282197808161249
-3.82e-08,0.0011884478081612485
-3.81e-08,-0.002717800191838751
-3.8e-08,-0.004155300191838752
-3.79e-08,-0.002717800191838751
-3.78e-08,-6.155219183875092e-05
-3.77e-08,0.0012821978081612485
-3.76e-08,-3.0302191838750894e-05
-3.75e-08,-0.002717800191838751
-3.74e-08,-0.004108425191838752
-3.73e-08,-0.002717800191838751
-3.72e-08,0.0003134478081612477
-3.71e-08,0.0012821978081612485
-3.7e-08,-0.000952175191838751
-3.69e-08,-0.002717800191838751
-3.68e-08,-0.0012959251918387513
-3.67e-08,0.0012821978081612485
-3.66e-08,0.001907197808161249
-3.65e-08,0.0012821978081612485
-3.64e-08,0.0013446978081612486
-3.63e-08,0.0012821978081612485
-3.62e-08,-0.00034280219183875117
-3.61e-08,-0.002717800191838751
-3.6e-08,-0.0036553001918387517
-3.59e-08,-0.002717800191838751
-3.58e-08,-0.0006396721918387523
-3.57e-08,0.0012821978081612485
-3.56e-08,0.002813447808161248
-3.55e-08,0.005282197808161249
-3.54e-08,0.008094697808161248
-3.53e-08,0.009282197808161249
-3.52e-08,0.00742282780816125
-3.51e-08,0.005282197808161249
-3.5e-08,0.004875947808161248
-3.49e-08,0.005282197808161249
-3.48e-08,0.0029696978081612483
-3.47e-08,-0.002717800191838751
-3.46e-08,-0.008780300191838751
-3.45e-08,-0.010717800403699752
-3.44e-08,-0.007061550191838751
-3.43e-08,-0.002717800191838751
-3.42e-08,-0.0015459251918387516
-3.41e-08,-0.002717800191838751
-3.4e-08,-0.002936550191838752
-3.39e-08,-0.002717800191838751
-3.38e-08,-0.003045925191838752
-3.37e-08,-0.002717800191838751
-3.36e-08,-0.0005303021918387513
-3.35e-08,0.0012821978081612485
-3.34e-08,0.0010321978081612483
-3.33e-08,0.0012821978081612485
-3.32e-08,0.003516577808161248
-3.31e-08,0.005282197808161249
-3.3e-08,0.003829077808161248
-3.29e-08,0.0012821978081612485
-3.28e-08,0.00048532780816124867
-3.27e-08,0.0012821978081612485
-3.26e-08,0.0015946978081612488
-3.25e-08,0.0012821978081612485
-3.24e-08,0.0010478278081612474
-3.23e-08,0.0012821978081612485
-3.22e-08,0.0014228278081612478
-3.21e-08,0.0012821978081612485
-3.2e-08,0.0011728278081612475
-3.19e-08,0.0012821978081612485
-3.18e-08,0.0014384478081612487
-3.17e-08,0.0012821978081612485
-3.16e-08,9.478081612491335e-07
-3.15e-08,-0.002717800191838751
-3.14e-08,-0.004717800191838752
-3.13e-08,-0.002717800191838751
-3.12e-08,0.002704077808161249
-3.11e-08,0.005282197808161249
-3.1e-08,0.0015946978081612488
-3.09e-08,-0.002717800191838751
-3.08e-08,-0.002014675191838752
-3.07e-08,0.0012821978081612485
-3.06e-08,0.0021571978081612476
-3.05e-08,0.0012821978081612485
-3.04e-08,0.0012040778081612476
-3.03e-08,0.0012821978081612485
-3.02e-08,-0.0004990521918387513
-3.01e-08,-0.002717800191838751
-3e-08,-0.0032021751918387513
-2.99e-08,-0.002717800191838751
-2.98e-08,-0.0026396751918387525
-2.97e-08,-0.002717800191838751
-2.96e-08,-0.0024209251918387523
-2.95e-08,-0.002717800191838751
-2.94e-08,-0.0035303001918387516
-2.93e-08,-0.002717800191838751
-2.92e-08,7.90778081612483e-05
-2.91e-08,0.0012821978081612485
-2.9e-08,-0.000967800191838751
-2.89e-08,-0.002717800191838751
-2.88e-08,-0.001030300191838751
-2.87e-08,0.0012821978081612485
-2.86e-08,0.00023532780816124844
-2.85e-08,-0.002717800191838751
-2.84e-08,-0.003920925191838752
-2.83e-08,-0.002717800191838751
-2.82e-08,-0.0016084251918387516
-2.81e-08,-0.002717800191838751
-2.8e-08,-0.0053584251918387515
-2.79e-08,-0.006717800191838752
-2.78e-08,-0.005202175191838751
-2.77e-08,-0.002717800191838751
-2.76e-08,-0.0018584251918387518
-2.75e-08,-0.002717800191838751
-2.74e-08,-0.0033740501918387514
-2.73e-08,-0.002717800191838751
-2.72e-08,-0.0018584251918387518
-2.71e-08,-0.002717800191838751
-2.7e-08,-0.005139675191838751
-2.69e-08,-0.006717800191838752
-2.68e-08,-0.0054365501918387515
-2.67e-08,-0.002717800191838751
-2.66e-08,-0.0014365501918387515
-2.65e-08,-0.002717800191838751
-2.64e-08,-0.0043896751918387515
-2.63e-08,-0.002717800191838751
-2.62e-08,0.0020790778081612483
-2.61e-08,0.005282197808161249
-2.6e-08,0.003813447808161249
-2.59e-08,0.0012821978081612485
-2.58e-08,0.0010321978081612483
-2.57e-08,0.0012821978081612485
-2.56e-08,-0.0017490501918387517
-2.55e-08,-0.006717800191838752
-2.54e-08,-0.009092800191838751
-2.53e-08,-0.006717800191838752
-2.52e-08,-0.0017021751918387517
-2.51e-08,0.0012821978081612485
-2.5e-08,0.0001259478081612475
-2.49e-08,-0.002717800191838751
-2.48e-08,-0.0036396751918387517
-2.47e-08,-0.002717800191838751
-2.46e-08,-0.002077175191838752
-2.45e-08,-0.002717800191838751
-2.44e-08,-0.0033584251918387514
-2.43e-08,-0.002717800191838751
-2.42e-08,-0.0008115501918387509
-2.41e-08,0.0012821978081612485
-2.4e-08,0.0020790778081612483
-2.39e-08,0.0012821978081612485
-2.38e-08,0.0002509478081612476
-2.37e-08,0.0012821978081612485
-2.36e-08,0.003922827808161248
-2.35e-08,0.005282197808161249
-2.34e-08,0.003579077808161248
-2.33e-08,0.0012821978081612485
-2.32e-08,0.0007978278081612489
-2.31e-08,0.0012821978081612485
-2.3e-08,0.00023532780816124844
-2.29e-08,-0.002717800191838751
-2.28e-08,-0.004499050191838752
-2.27e-08,-0.002717800191838751
-2.26e-08,0.0019228278081612482
-2.25e-08,0.005282197808161249
-2.24e-08,0.004329077808161249
-2.23e-08,0.0012821978081612485
-2.22e-08,0.000860327808161249
-2.21e-08,0.005282197808161249
-2.2e-08,0.01120407780816125
-2.19e-08,0.013282197808161249
-2.18e-08,0.008641577808161247
-2.17e-08,0.0012821978081612485
-2.16e-08,-0.0032959251918387514
-2.15e-08,-0.002717800191838751
-2.14e-08,0.00026657780816124847
-2.13e-08,0.0012821978081612485
-2.12e-08,-0.0007178021918387515
-2.11e-08,-0.002717800191838751
-2.1e-08,-0.0017178001918387517
-2.09e-08,0.0012821978081612485
-2.08e-08,0.0030165778081612474
-2.07e-08,0.0012821978081612485
-2.06e-08,-0.001983425191838752
-2.05e-08,-0.002717800191838751
-2.04e-08,-0.0002490521918387511
-2.03e-08,0.0012821978081612485
-2.02e-08,-0.0006553021918387514
-2.01e-08,-0.002717800191838751
-2e-08,-0.0012959251918387513
-1.99e-08,0.0012821978081612485
-1.98e-08,0.0006415778081612488
-1.97e-08,-0.002717800191838751
-1.96e-08,-0.004702175191838752
-1.95e-08,-0.002717800191838751
-1.94e-08,0.0018290778081612481
-1.93e-08,0.005282197808161249
-1.92e-08,0.004766577808161249
-1.91e-08,0.0012821978081612485
-1.9e-08,-0.001952175191838752
-1.89e-08,-0.002717800191838751
-1.88e-08,-0.001983425191838752
-1.87e-08,-0.002717800191838751
-1.86e-08,-0.0054053001918387515
-1.85e-08,-0.006717800191838752
-1.84e-08,-0.003858425191838752
-1.83e-08,0.0012821978081612485
-1.82e-08,0.004844697808161248
-1.81e-08,0.005282197808161249
-1.8e-08,0.0034384478081612487
-1.79e-08,0.0012821978081612485
-1.78e-08,-0.0007334251918387526
-1.77e-08,-0.002717800191838751
-1.76e-08,-0.003983425191838752
-1.75e-08,-0.002717800191838751
-1.74e-08,0.00040719780816124776
-1.73e-08,0.0012821978081612485
-1.72e-08,-0.0024209251918387523
-1.71e-08,-0.006717800191838752
-1.7e-08,-0.006577175191838752
-1.69e-08,-0.002717800191838751
-1.68e-08,0.0007978278081612489
-1.67e-08,0.0012821978081612485
-1.66e-08,-0.0007334251918387526
-1.65e-08,-0.002717800191838751
-1.64e-08,-0.0032959251918387514
-1.63e-08,-0.002717800191838751
-1.62e-08,-0.002249050191838752
-1.61e-08,-0.002717800191838751
-1.6e-08,-0.003014675191838752
-1.59e-08,-0.002717800191838751
-1.58e-08,-0.002108425191838752
-1.57e-08,-0.002717800191838751
-1.56e-08,-0.004764675191838752
-1.55e-08,-0.006717800191838752
-1.54e-08,-0.005108425191838752
-1.53e-08,0.0012821978081612485
-1.52e-08,0.01031344780816125
-1.51e-08,0.01728219780816125
-1.5e-08,0.01776657780816125
-1.49e-08,0.013282197808161249
-1.48e-08,0.00745407780816125
-1.47e-08,0.005282197808161249
-1.46e-08,0.006907197808161247
-1.45e-08,0.009282197808161249
-1.44e-08,0.008704077808161247
-1.43e-08,0.005282197808161249
-1.42e-08,0.0010478278081612474
-1.41e-08,-0.002717800191838751
-1.4e-08,-0.005014675191838752
-1.39e-08,-0.006717800191838752
-1.38e-08,-0.006202175191838751
-1.37e-08,-0.002717800191838751
-1.36e-08,0.003532197808161249
-1.35e-08,0.009282197808161249
-1.34e-08,0.012875947808161248
-1.33e-08,0.01728219780816125
-1.32e-08,0.02284469780816125
-1.31e-08,0.025282197808161246
-1.3e-08,0.02053219780816125
-1.29e-08,0.013282197808161249
-1.28e-08,0.008125947808161248
-1.27e-08,0.005282197808161249
-1.26e-08,0.0012821978081612485
-1.25e-08,-0.002717800191838751
-1.24e-08,-0.0032490501918387513
-1.23e-08,0.0012821978081612485
-1.22e-08,0.008500947808161248
-1.21e-08,0.013282197808161249
-1.2e-08,0.011938447808161248
-1.19e-08,0.005282197808161249
-1.18e-08,-0.002264675191838752
-1.17e-08,-0.006717800191838752
-1.16e-08,-0.007186550191838751
-1.15e-08,-0.006717800191838752
-1.14e-08,-0.006874050191838751
-1.13e-08,-0.006717800191838752
-1.12e-08,-0.004624050191838752
-1.11e-08,-0.002717800191838751
-1.1e-08,-0.0023740501918387523
-1.09e-08,-0.002717800191838751
-1.08e-08,-0.0012021751918387513
-1.07e-08,0.0012821978081612485
-1.06e-08,0.0032196978081612485
-1.05e-08,0.005282197808161249
-1.04e-08,0.00761032780816125
-1.03e-08,0.009282197808161249
-1.02e-08,0.009250947808161249
-1.01e-08,0.009282197808161249
-1e-08,0.009829077808161248
-9.9e-09,0.009282197808161249
-9.8e-09,0.005704077808161248
-9.7e-09,0.0012821978081612485
-9.6e-09,-0.0006240521918387514
-9.5e-09,0.0012821978081612485
-9.4e-09,0.005579077808161248
-9.3e-09,0.009282197808161249
-9.2e-09,0.01037594780816125
-9.1e-09,0.009282197808161249
-9e-09,0.007125947808161247
-8.9e-09,0.005282197808161249
-8.8e-09,0.004485327808161249
-8.7e-09,0.005282197808161249
-8.6e-09,0.0072978278081612495
-8.5e-09,0.009282197808161249
-8.4e-09,0.008797827808161247
-8.3e-09,0.005282197808161249
-8.2e-09,0.00036032780816124856
-8.1e-09,-0.002717800191838751
-8e-09,-0.0016240501918387516
-7.9e-09,0.0012821978081612485
-7.8e-09,0.002797827808161249
-7.7e-09,0.0012821978081612485
-7.6e-09,-0.0015928001918387516
-7.5e-09,-0.002717800191838751
-7.4e-09,-0.0001396721918387519
-7.3e-09,0.005282197808161249
-7.2e-09,0.01056344780816125
-7.1e-09,0.013282197808161249
-7e-09,0.012141577808161247
-6.9e-09,0.009282197808161249
-6.8e-09,0.005704077808161248
-6.7e-09,0.0012821978081612485
-6.6e-09,-0.0035928001918387516
-6.5e-09,-0.006717800191838752
-6.4e-09,-0.006717800191838752
-6.3e-09,-0.006717800191838752
-6.2e-09,-0.007624050191838752
-6.1e-09,-0.006717800191838752
-6e-09,-0.0010615501918387511
-5.9e-09,0.005282197808161249
-5.8e-09,0.008250947808161248
-5.7e-09,0.009282197808161249
-5.6e-09,0.010907197808161247
-5.5e-09,0.013282197808161249
-5.4e-09,0.013547827808161248
-5.3e-09,0.013282197808161249
-5.2e-09,0.012032197808161248
-5.1e-09,0.009282197808161249
-5e-09,0.0032196978081612485
-4.9e-09,-0.002717800191838751
-4.8e-09,-0.006749050191838752
-4.7e-09,-0.010717800403699752
-4.6e-09,-0.015467800191838752
-4.5e-09,-0.018717800191838753
-4.4e-09,-0.018061550191838752
-4.3e-09,-0.018717800191838753
-4.2e-09,-0.02159280219183875
-4.1e-09,-0.022717802191838752
-4e-09,-0.017014675191838753
-3.9e-09,-0.010717800403699752
-3.8e-09,-0.008264675191838752
-3.7e-09,-0.006717800191838752
-3.6e-09,-0.0013428001918387514
-3.5e-09,0.005282197808161249
-3.4e-09,0.008375947808161248
-3.3e-09,0.009282197808161249
-3.2e-09,0.010735327808161249
-3.1e-09,0.013282197808161249
-3e-09,0.013125947808161249
-2.9e-09,0.009282197808161249
-2.8e-09,0.003422827808161248
-2.7e-09,0.0012821978081612485
-2.6e-09,0.004594697808161248
-2.5e-09,0.009282197808161249
-2.4e-09,0.01040719780816125
-2.3e-09,0.009282197808161249
-2.2e-09,0.009125947808161249
-2.1e-09,0.009282197808161249
-2e-09,0.00767282780816125
-1.9e-09,0.005282197808161249
-1.8e-09,0.003625947808161249
-1.7e-09,0.0012821978081612485
-1.6e-09,-0.001030300191838751
-1.5e-09,0.0012821978081612485
-1.4e-09,0.008579077808161247
-1.3e-09,0.013282197808161249
-1.2e-09,0.01000094780816125
-1.1e-09,0.005282197808161249
-1e-09,0.005829077808161248
-9e-10,0.009282197808161249
-8e-10,0.008954077808161248
-7e-10,0.005282197808161249
-6e-10,0.0013446978081612486
-5e-10,-0.002717800191838751
-4e-10,-0.007264675191838751
-3e-10,-0.010717800403699752
-2e-10,-0.010889675391838752
-1e-10,-0.010717800403699752
0.0,-0.010983425391838752
1e-10,-0.010717800403699752
2e-10,-0.006280300191838751
3e-10,0.0012821978081612485
4e-10,0.009079077808161248
5e-10,0.013282197808161249
6e-10,0.013297827808161248
7e-10,0.013282197808161249
8e-10,0.015063447808161247
9e-10,0.01728219780816125
1e-09,0.017016577808161248
1.1e-09,0.01728219780816125
1.2e-09,0.01834469780816125
1.3e-09,0.01728219780816125
1.4e-09,0.01104782780816125
1.5e-09,0.005282197808161249
1.6e-09,0.0042665778081612486
1.7e-09,0.005282197808161249
1.8e-09,0.004047827808161248
1.9e-09,0.0012821978081612485
2e-09,0.0005946978081612479
2.1e-09,0.0012821978081612485
2.2e-09,0.000829077808161249
2.3e-09,-0.002717800191838751
2.4e-09,-0.006483425191838752
2.5e-09,-0.006717800191838752
2.6e-09,-0.0015146751918387515
2.7e-09,0.005282197808161249
2.8e-09,0.008969697808161248
2.9e-09,0.009282197808161249
3e-09,0.008547827808161247
3.1e-09,0.009282197808161249
3.2e-09,0.00987594780816125
3.3e-09,0.009282197808161249
3.4e-09,0.005735327808161248
3.5e-09,0.0012821978081612485
3.6e-09,-0.002170925191838752
3.7e-09,-0.002717800191838751
3.8e-09,-0.002827175191838751
3.9e-09,-0.006717800191838752
4e-09,-0.014842800191838753
4.1e-09,-0.022717802191838752
4.2e-09,-0.02448342219183875
4.3e-09,-0.022717802191838752
4.4e-09,-0.020045925191838752
4.5e-09,-0.018717800191838753
4.6e-09,-0.016733425191838753
4.7e-09,-0.014717800191838753
4.8e-09,-0.011920925191838752
4.9e-09,-0.006717800191838752
5e-09,0.0012978278081612477
5.1e-09,0.009282197808161249
5.2e-09,0.012907197808161248
5.3e-09,0.013282197808161249
5.4e-09,0.01018844780816125
5.5e-09,0.005282197808161249
5.6e-09,-0.0016396751918387516
5.7e-09,-0.006717800191838752
5.8e-09,-0.009155300191838751
5.9e-09,-0.010717800403699752
6e-09,-0.014374050191838753
6.1e-09,-0.018717800191838753
6.2e-09,-0.021452172191838752
6.3e-09,-0.022717802191838752
6.4e-09,-0.023202172191838753
6.5e-09,-0.022717802191838752
6.6e-09,-0.02162405219183875
6.7e-09,-0.022717802191838752
6.8e-09,-0.026780302191838752
6.9e-09,-0.030717802191838752
7e-09,-0.03221780219183875
7.1e-09,-0.03471780219183875
7.2e-09,-0.04034280219183875
7.3e-09,-0.04671780219183875
7.4e-09,-0.048577172191838755
7.5e-09,-0.04671780219183875
7.6e-09,-0.04260842219183875
7.7e-09,-0.03871780219183875
7.8e-09,-0.03403030219183875
7.9e-09,-0.030717802191838752
8e-09,-0.02840530219183875
8.1e-09,-0.026717802191838752
8.2e-09,-0.024264672191838754
8.3e-09,-0.022717802191838752
8.4e-09,-0.02070217519183875
8.5e-09,-0.014717800191838753
8.6e-09,-0.004077175191838752
8.7e-09,0.005282197808161249
8.8e-09,0.008391577808161247
8.9e-09,0.009282197808161249
9e-09,0.012485327808161247
9.1e-09,0.01728219780816125
9.2e-09,0.019719697808161248
9.3e-09,0.02128219780816125
9.4e-09,0.023188447808161247
9.5e-09,0.025282197808161246
9.6e-09,0.025219697808161246
9.7e-09,0.025282197808161246
9.8e-09,0.026532197808161247
9.9e-09,0.02928219780816125
1e-08,0.030297827808161246
1.01e-08,0.02928219780816125
1.02e-08,0.02629782780816125
1.03e-08,0.025282197808161246
1.04e-08,0.025704077808161245
1.05e-08,0.025282197808161246
1.06e-08,0.020188447808161248
1.07e-08,0.013282197808161249
1.08e-08,0.0068759478081612466
1.09e-08,0.0012821978081612485
1.1e-08,-0.004967800191838752
1.11e-08,-0.010717800403699752
1.12e-08,-0.014717800191838753
1.13e-08,-0.018717800191838753
1.14e-08,-0.02317092219183875
1.15e-08,-0.026717802191838752
1.16e-08,-0.026952172191838753
1.17e-08,-0.026717802191838752
1.18e-08,-0.02754592219183875
1.19e-08,-0.030717802191838752
1.2e-08,-0.03326467219183875
1.21e-08,-0.03471780219183875
1.22e-08,-0.03435842219183875
1.23e-08,-0.03471780219183875
1.24e-08,-0.034327172191838756
1.25e-08,-0.030717802191838752
1.26e-08,-0.022499052191838752
1.27e-08,-0.014717800191838753
1.28e-08,-0.011264675391838752
1.29e-08,-0.010717800403699752
1.3e-08,-0.009374050191838752
1.31e-08,-0.006717800191838752
1.32e-08,-0.005499050191838752
1.33e-08,-0.006717800191838752
1.34e-08,-0.008452175191838752
1.35e-08,-0.006717800191838752
1.36e-08,-0.0008115501918387509
1.37e-08,0.005282197808161249
1.38e-08,0.007094697808161247
1.39e-08,0.005282197808161249
1.4e-08,0.003688447808161249
1.41e-08,0.005282197808161249
1.42e-08,0.009438447808161249
1.43e-08,0.013282197808161249
1.44e-08,0.015219697808161247
1.45e-08,0.01728219780816125
1.46e-08,0.020125947808161248
1.47e-08,0.02128219780816125
1.48e-08,0.018969697808161247
1.49e-08,0.01728219780816125
1.5e-08,0.019000947808161247
1.51e-08,0.02128219780816125
1.52e-08,0.02096969780816125
1.53e-08,0.02128219780816125
1.54e-08,0.024969697808161245
1.55e-08,0.02928219780816125
1.56e-08,0.02904782780816125
1.57e-08,0.025282197808161246
1.58e-08,0.021563447808161246
1.59e-08,0.02128219780816125
1.6e-08,0.023235327808161246
1.61e-08,0.025282197808161246
1.62e-08,0.02434469780816125
1.63e-08,0.02128219780816125
1.64e-08,0.01709469780816125
1.65e-08,0.013282197808161249
1.66e-08,0.009422827808161248
1.67e-08,0.005282197808161249
1.68e-08,0.0010634478081612483
1.69e-08,-0.002717800191838751
1.7e-08,-0.005217800191838751
1.71e-08,-0.006717800191838752
1.72e-08,-0.007139675191838751
1.73e-08,-0.006717800191838752
1.74e-08,-0.005936550191838752
1.75e-08,-0.006717800191838752
1.76e-08,-0.008936550191838751
1.77e-08,-0.010717800403699752
1.78e-08,-0.010592800391838752
1.79e-08,-0.010717800403699752
1.8e-08,-0.013452175191838752
1.81e-08,-0.018717800191838753
1.82e-08,-0.02273342219183875
1.83e-08,-0.022717802191838752
1.84e-08,-0.018499050191838753
1.85e-08,-0.014717800191838753
1.86e-08,-0.013874050191838752
1.87e-08,-0.014717800191838753
1.88e-08,-0.013452175191838752
1.89e-08,-0.010717800403699752
1.9e-08,-0.007967800191838752
1.91e-08,-0.006717800191838752
1.92e-08,-0.006249050191838751
1.93e-08,-0.006717800191838752
1.94e-08,-0.006467800191838752
1.95e-08,-0.002717800191838751
1.96e-08,0.005141577808161248
1.97e-08,0.013282197808161249
1.98e-08,0.01821969780816125
1.99e-08,0.02128219780816125
2e-08,0.023875947808161248
2.01e-08,0.025282197808161246
2.02e-08,0.023547827808161247
2.03e-08,0.02128219780816125
2.04e-08,0.02054782780816125
2.05e-08,0.02128219780816125
2.06e-08,0.02220407780816125
2.07e-08,0.025282197808161246
2.08e-08,0.03009469780816125
2.09e-08,0.033282197808161246
2.1e-08,0.03190719780816125
2.11e-08,0.02928219780816125
2.12e-08,0.028704077808161248
2.13e-08,0.02928219780816125
2.14e-08,0.02793844780816125
2.15e-08,0.025282197808161246
2.16e-08,0.023110327808161246
2.17e-08,0.02128219780816125
2.18e-08,0.020000947808161248
2.19e-08,0.02128219780816125
2.2e-08,0.024594697808161245
2.21e-08,0.025282197808161246
2.22e-08,0.021797827808161245
2.23e-08,0.02128219780816125
2.24e-08,0.02712594780816125
2.25e-08,0.033282197808161246
2.26e-08,0.03151657780816125
2.27e-08,0.025282197808161246
2.28e-08,0.019063447808161247
2.29e-08,0.013282197808161249
2.3e-08,0.0049853278081612475
2.31e-08,-0.002717800191838751
2.32e-08,-0.006202175191838751
2.33e-08,-0.006717800191838752
2.34e-08,-0.007717800191838752
2.35e-08,-0.010717800403699752
2.36e-08,-0.01432717519183875
2.37e-08,-0.018717800191838753
2.38e-08,-0.021545922191838752
2.39e-08,-0.022717802191838752
2.4e-08,-0.021795922191838752
2.41e-08,-0.022717802191838752
2.42e-08,-0.02515530219183875
2.43e-08,-0.026717802191838752
2.44e-08,-0.022749052191838752
2.45e-08,-0.014717800191838753
2.46e-08,-0.0064365501918387516
2.47e-08,-0.002717800191838751
2.48e-08,-0.0032021751918387513
2.49e-08,-0.002717800191838751
2.5e-08,0.0014071978081612486
2.51e-08,0.005282197808161249
2.52e-08,0.005438447808161249
2.53e-08,0.005282197808161249
2.54e-08,0.00754782780816125
2.55e-08,0.009282197808161249
2.56e-08,0.006985327808161249
2.57e-08,0.005282197808161249
2.58e-08,0.009235327808161248
2.59e-08,0.01728219780816125
2.6e-08,0.02328219780816125
2.61e-08,0.025282197808161246
2.62e-08,0.02353219780816125
2.63e-08,0.02128219780816125
2.64e-08,0.01904782780816125
2.65e-08,0.01728219780816125
2.66e-08,0.01486032780816125
2.67e-08,0.013282197808161249
2.68e-08,0.012016577808161247
2.69e-08,0.009282197808161249
2.7e-08,0.004516577808161249
2.71e-08,0.0012821978081612485
2.72e-08,0.0016571978081612489
2.73e-08,0.0012821978081612485
2.74e-08,-0.0026396751918387525
2.75e-08,-0.006717800191838752
2.76e-08,-0.006155300191838751
2.77e-08,-0.002717800191838751
2.78e-08,-3.0302191838750894e-05
2.79e-08,0.0012821978081612485
2.8e-08,0.0019853278081612483
2.81e-08,0.0012821978081612485
2.82e-08,-0.002108425191838752
2.83e-08,-0.006717800191838752
2.84e-08,-0.010061550391838751
2.85e-08,-0.010717800403699752
2.86e-08,-0.010124050391838751
2.87e-08,-0.010717800403699752
2.88e-08,-0.013061550191838751
2.89e-08,-0.014717800191838753
2.9e-08,-0.013389675191838752
2.91e-08,-0.010717800403699752
2.92e-08,-0.010686550401838751
2.93e-08,-0.014717800191838753
2.94e-08,-0.02051467519183875
2.95e-08,-0.022717802191838752
2.96e-08,-0.019530300191838754
2.97e-08,-0.014717800191838753
2.98e-08,-0.013967800191838752
2.99e-08,-0.018717800191838753
3e-08,-0.026624052191838752
3.01e-08,-0.03471780219183875
3.02e-08,-0.04024905219183875
3.03e-08,-0.04271780219183875
3.04e-08,-0.04120217219183875
3.05e-08,-0.03871780219183875
3.06e-08,-0.03510842219183875
3.07e-08,-0.030717802191838752
3.08e-08,-0.025420922191838752
3.09e-08,-0.022717802191838752
3.1e-08,-0.022967802191838752
3.11e-08,-0.022717802191838752
3.12e-08,-0.018217800191838752
3.13e-08,-0.010717800403699752
3.14e-08,-0.005030300191838752
3.15e-08,-0.002717800191838751
3.16e-08,-0.004077175191838752
3.17e-08,-0.006717800191838752
3.18e-08,-0.009374050191838752
3.19e-08,-0.010717800403699752
3.2e-08,-0.010920925391838752
3.21e-08,-0.010717800403699752
3.22e-08,-0.010842800391838752
3.23e-08,-0.010717800403699752
3.24e-08,-0.009655300191838752
3.25e-08,-0.006717800191838752
3.26e-08,-0.0022959251918387522
3.27e-08,0.0012821978081612485
3.28e-08,0.0022040778081612485
3.29e-08,0.0012821978081612485
3.3e-08,-0.0015146751918387515
3.31e-08,-0.006717800191838752
3.32e-08,-0.012920925191838751
3.33e-08,-0.014717800191838753
3.34e-08,-0.009639675191838752
3.35e-08,-0.002717800191838751
3.36e-08,-0.0003584221918387521
3.37e-08,-0.002717800191838751
3.38e-08,-0.005874050191838752
3.39e-08,-0.006717800191838752
3.4e-08,-0.006077175191838752
3.41e-08,-0.006717800191838752
3.42e-08,-0.009249050191838751
3.43e-08,-0.010717800403699752
3.44e-08,-0.009139675191838751
3.45e-08,-0.006717800191838752
3.46e-08,-0.007217800191838751
3.47e-08,-0.010717800403699752
3.48e-08,-0.013999050191838752
3.49e-08,-0.014717800191838753
3.5e-08,-0.012952175191838751
3.51e-08,-0.010717800403699752
3.52e-08,-0.010061550391838751
3.53e-08,-0.010717800403699752
3.54e-08,-0.011514675391838751
3.55e-08,-0.010717800403699752
3.56e-08,-0.009624050191838752
3.57e-08,-0.010717800403699752
3.58e-08,-0.014889675191838751
3.59e-08,-0.018717800191838753
3.6e-08,-0.02034280019183875
3.61e-08,-0.022717802191838752
3.62e-08,-0.02729592219183875
3.63e-08,-0.030717802191838752
3.64e-08,-0.02901467219183875
3.65e-08,-0.026717802191838752
3.66e-08,-0.026624052191838752
3.67e-08,-0.026717802191838752
3.68e-08,-0.022842802191838752
3.69e-08,-0.018717800191838753
3.7e-08,-0.01668655019183875
3.71e-08,-0.014717800191838753
3.72e-08,-0.009139675191838751
3.73e-08,-0.002717800191838751
3.74e-08,0.00048532780816124867
3.75e-08,0.0012821978081612485
3.76e-08,0.0024853278081612487
3.77e-08,0.005282197808161249
3.78e-08,0.008813447808161248
3.79e-08,0.013282197808161249
3.8e-08,0.016891577808161248
3.81e-08,0.01728219780816125
3.82e-08,0.014172827808161249
3.83e-08,0.013282197808161249
3.84e-08,0.016922827808161248
3.85e-08,0.02128219780816125
3.86e-08,0.02157907780816125
3.87e-08,0.02128219780816125
3.88e-08,0.023000947808161247
3.89e-08,0.025282197808161246
3.9e-08,0.02370407780816125
3.91e-08,0.02128219780816125
3.92e-08,0.01948532780816125
3.93e-08,0.01728219780816125
3.94e-08,0.011657197808161247
3.95e-08,0.005282197808161249
3.96e-08,0.0007040778081612489
3.97e-08,-0.002717800191838751
3.98e-08,-0.0074053001918387516
3.99e-08,-0.014717800191838753
4e-08,-0.02098342219183875
4.01e-08,-0.022717802191838752
4.02e-08,-0.018717800191838753
4.03e-08,-0.014717800191838753
4.04e-08,-0.013952175191838752
4.05e-08,-0.014717800191838753
4.06e-08,-0.012077175191838752
4.07e-08,-0.006717800191838752
4.08e-08,-0.0033428001918387514
4.09e-08,-0.006717800191838752
4.1e-08,-0.015514675191838752
4.11e-08,-0.022717802191838752
4.12e-08,-0.022936552191838752
4.13e-08,-0.018717800191838753
4.14e-08,-0.014436550191838753
4.15e-08,-0.010717800403699752
4.16e-08,-0.005999050191838752
4.17e-08,-0.002717800191838751
4.18e-08,-0.0023428001918387523
4.19e-08,-0.002717800191838751
4.2e-08,-0.0018271751918387518
4.21e-08,-0.002717800191838751
4.22e-08,-0.006045925191838752
4.23e-08,-0.006717800191838752
4.24e-08,-0.00031155219183875114
4.25e-08,0.009282197808161249
4.26e-08,0.01551657780816125
4.27e-08,0.01728219780816125
4.28e-08,0.01709469780816125
4.29e-08,0.01728219780816125
4.3e-08,0.01839157780816125
4.31e-08,0.02128219780816125
4.32e-08,0.024360327808161247
4.33e-08,0.025282197808161246
4.34e-08,0.02282907780816125
4.35e-08,0.02128219780816125
4.36e-08,0.02265719780816125
4.37e-08,0.025282197808161246
4.38e-08,0.025657197808161246
4.39e-08,0.025282197808161246
4.4e-08,0.02543844780816125
4.41e-08,0.025282197808161246
4.42e-08,0.02309469780816125
4.43e-08,0.02128219780816125
4.44e-08,0.020469697808161248
4.45e-08,0.01728219780816125
4.46e-08,0.01046969780816125
4.47e-08,0.005282197808161249
4.48e-08,0.0061728278081612485
4.49e-08,0.009282197808161249
4.5e-08,0.01000094780816125
4.51e-08,0.009282197808161249
4.52e-08,0.01082907780816125
4.53e-08,0.013282197808161249
4.54e-08,0.01403219780816125
4.55e-08,0.013282197808161249
4.56e-08,0.012016577808161247
4.57e-08,0.009282197808161249
4.58e-08,0.005829077808161248
4.59e-08,0.005282197808161249
4.6e-08,0.009282197808161249
4.61e-08,0.013282197808161249
4.62e-08,0.012860327808161248
4.63e-08,0.009282197808161249
4.64e-08,0.007344697808161247
4.65e-08,0.009282197808161249
4.66e-08,0.01381344780816125
4.67e-08,0.01728219780816125
4.68e-08,0.01786032780816125
4.69e-08,0.01728219780816125
4.7e-08,0.017047827808161248
4.71e-08,0.01728219780816125
4.72e-08,0.01703219780816125
4.73e-08,0.01728219780816125
4.74e-08,0.01889157780816125
4.75e-08,0.02128219780816125
4.76e-08,0.021266577808161248
4.77e-08,0.01728219780816125
4.78e-08,0.011500947808161247
4.79e-08,0.009282197808161249
4.8e-08,0.013016577808161248
4.81e-08,0.01728219780816125
4.82e-08,0.016954077808161248
4.83e-08,0.013282197808161249
4.84e-08,0.011500947808161247
4.85e-08,0.013282197808161249
4.86e-08,0.01734469780816125
4.87e-08,0.02128219780816125
4.88e-08,0.02414157780816125
4.89e-08,0.025282197808161246
4.9e-08,0.025094697808161245
4.91e-08,0.025282197808161246
4.92e-08,0.025704077808161245
4.93e-08,0.025282197808161246
4.94e-08,0.024188447808161248
4.95e-08,0.025282197808161246
4.96e-08,0.02929782780816125
4.97e-08,0.033282197808161246
4.98e-08,0.032969697808161245
4.99e-08,0.02928219780816125
5e-08,0.02568844780816125
5.01e-08,0.025282197808161246
5.02e-08,0.02743844780816125
5.03e-08,0.02928219780816125
5.04e-08,0.02804782780816125
5.05e-08,0.025282197808161246
5.06e-08,0.022797827808161246
5.07e-08,0.02128219780816125
5.08e-08,0.020266577808161247
5.09e-08,0.02128219780816125
5.1e-08,0.02290719780816125
5.11e-08,0.02128219780816125
5.12e-08,0.01456344780816125
5.13e-08,0.009282197808161249
5.14e-08,0.008829077808161247
5.15e-08,0.009282197808161249
5.16e-08,0.005000947808161248
5.17e-08,-0.002717800191838751
5.18e-08,-0.008389675191838752
5.19e-08,-0.010717800403699752
5.2e-08,-0.012670925191838751
5.21e-08,-0.018717800191838753
5.22e-08,-0.026577172191838753
5.23e-08,-0.030717802191838752
5.24e-08,-0.025249052191838754
5.25e-08,-0.014717800191838753
5.26e-08,-0.006624050191838752
5.27e-08,-0.006717800191838752
5.28e-08,-0.011889675191838752
5.29e-08,-0.014717800191838753
5.3e-08,-0.011374050391838753
5.31e-08,-0.006717800191838752
5.32e-08,-0.005795925191838752
5.33e-08,-0.006717800191838752
5.34e-08,-0.005670925191838752
5.35e-08,-0.002717800191838751
5.36e-08,-0.0017490501918387517
5.37e-08,-0.002717800191838751
5.38e-08,-0.0036553001918387517
5.39e-08,-0.002717800191838751
5.4e-08,-0.0007803001918387509
5.41e-08,0.0012821978081612485
5.42e-08,0.0008759478081612482
5.43e-08,-0.002717800191838751
5.44e-08,-0.007811550191838752
5.45e-08,-0.010717800403699752
5.46e-08,-0.010624050401838751
5.47e-08,-0.010717800403699752
5.48e-08,-0.013764675191838752
5.49e-08,-0.018717800191838753
5.5e-08,-0.020030300191838754
5.51e-08,-0.014717800191838753
5.52e-08,-0.005874050191838752
5.53e-08,-0.002717800191838751
5.54e-08,-0.008327175191838752
5.55e-08,-0.014717800191838753
5.56e-08,-0.013374050191838752
5.57e-08,-0.006717800191838752
5.58e-08,-0.0023896751918387523
5.59e-08,-0.002717800191838751
5.6e-08,-0.005249050191838751
5.61e-08,-0.006717800191838752
5.62e-08,-0.006983425191838751
5.63e-08,-0.006717800191838752
5.64e-08,-0.006905300191838751
5.65e-08,-0.006717800191838752
5.66e-08,-0.006170925191838751
5.67e-08,-0.006717800191838752
5.68e-08,-0.009217800191838751
5.69e-08,-0.010717800403699752
5.7e-08,-0.010077175391838751
5.71e-08,-0.010717800403699752
5.72e-08,-0.014811550191838753
5.73e-08,-0.018717800191838753
5.74e-08,-0.018092800191838752
5.75e-08,-0.014717800191838753
5.76e-08,-0.012983425191838751
5.77e-08,-0.014717800191838753
5.78e-08,-0.01760842519183875
5.79e-08,-0.018717800191838753
5.8e-08,-0.01704592519183875
5.81e-08,-0.014717800191838753
5.82e-08,-0.013983425191838752
5.83e-08,-0.014717800191838753
5.84e-08,-0.015092800191838751
5.85e-08,-0.014717800191838753
5.86e-08,-0.014217800191838752
5.87e-08,-0.014717800191838753
5.88e-08,-0.01631155019183875
5.89e-08,-0.018717800191838753
5.9e-08,-0.01999905019183875
5.91e-08,-0.018717800191838753
5.92e-08,-0.013702175191838752
5.93e-08,-0.006717800191838752
5.94e-08,-0.000874050191838751
5.95e-08,0.0012821978081612485
5.96e-08,-0.0004990521918387513
5.97e-08,-0.002717800191838751
5.98e-08,-0.0023896751918387523
5.99e-08,0.0012821978081612485
6e-08,0.0049853278081612475
6.01e-08,0.005282197808161249
6.02e-08,0.0012040778081612476
6.03e-08,-0.002717800191838751
6.04e-08,-0.0034521751918387515
6.05e-08,-0.002717800191838751
6.06e-08,-0.002795925191838751
6.07e-08,-0.002717800191838751
6.08e-08,-0.0007178021918387515
6.09e-08,0.0012821978081612485
6.1e-08,0.0012665778081612476
6.11e-08,0.0012821978081612485
6.12e-08,0.0031415778081612476
6.13e-08,0.005282197808161249
6.14e-08,0.005500947808161249
6.15e-08,0.005282197808161249
6.16e-08,0.005657197808161249
6.17e-08,0.005282197808161249
6.18e-08,0.0018603278081612482
6.19e-08,-0.002717800191838751
6.2e-08,-0.005811550191838752
6.21e-08,-0.006717800191838752
6.22e-08,-0.005749050191838752
6.23e-08,-0.002717800191838751
6.24e-08,0.000719697808161248
6.25e-08,0.0012821978081612485
6.26e-08,-0.0023740501918387523
6.27e-08,-0.006717800191838752
6.28e-08,-0.008077175191838752
6.29e-08,-0.006717800191838752
6.3e-08,-0.006686550191838752
6.31e-08,-0.010717800403699752
6.32e-08,-0.016795925191838753
6.33e-08,-0.018717800191838753
6.34e-08,-0.014655300191838753
6.35e-08,-0.010717800403699752
6.36e-08,-0.012749050191838751
6.37e-08,-0.018717800191838753
6.38e-08,-0.022514672191838753
6.39e-08,-0.022717802191838752
6.4e-08,-0.02178030219183875
6.41e-08,-0.022717802191838752
6.42e-08,-0.02503030219183875
6.43e-08,-0.026717802191838752
6.44e-08,-0.02556155219183875
6.45e-08,-0.022717802191838752
6.46e-08,-0.019952175191838752
6.47e-08,-0.018717800191838753
6.48e-08,-0.018280300191838753
6.49e-08,-0.018717800191838753
6.5e-08,-0.019280300191838753
6.51e-08,-0.018717800191838753
6.52e-08,-0.016545925191838753
6.53e-08,-0.014717800191838753
6.54e-08,-0.013592800191838752
6.55e-08,-0.010717800403699752
6.56e-08,-0.005764675191838752
6.57e-08,-0.002717800191838751
6.58e-08,-0.0044678001918387516
6.59e-08,-0.006717800191838752
6.6e-08,-0.005514675191838752
6.61e-08,-0.002717800191838751
6.62e-08,-0.002030300191838752
6.63e-08,-0.002717800191838751
6.64e-08,-0.002717800191838751
6.65e-08,-0.002717800191838751
6.66e-08,-0.004327175191838751
6.67e-08,-0.006717800191838752
6.68e-08,-0.006702175191838752
6.69e-08,-0.002717800191838751
6.7e-08,0.003985327808161248
6.71e-08,0.009282197808161249
6.72e-08,0.01025094780816125
6.73e-08,0.009282197808161249
6.74e-08,0.008875947808161248
6.75e-08,0.009282197808161249
6.76e-08,0.009047827808161248
6.77e-08,0.009282197808161249
6.78e-08,0.00993844780816125
6.79e-08,0.009282197808161249
6.8e-08,0.005657197808161249
6.81e-08,0.0012821978081612485
6.82e-08,-0.00032717219183875206
6.83e-08,0.0012821978081612485
6.84e-08,0.0041728278081612485
6.85e-08,0.005282197808161249
6.86e-08,0.004782197808161248
6.87e-08,0.005282197808161249
6.88e-08,0.008782197808161248
6.89e-08,0.013282197808161249
6.9e-08,0.01504782780816125
6.91e-08,0.013282197808161249
6.92e-08,0.010235327808161249
6.93e-08,0.009282197808161249
6.94e-08,0.01089157780816125
6.95e-08,0.013282197808161249
6.96e-08,0.012985327808161248
6.97e-08,0.009282197808161249
6.98e-08,0.005235327808161248
6.99e-08,0.005282197808161249
7e-08,0.009750947808161249
7.01e-08,0.013282197808161249
7.02e-08,0.011282197808161247
7.03e-08,0.005282197808161249
7.04e-08,0.001750947808161249
7.05e-08,0.005282197808161249
7.06e-08,0.013344697808161249
7.07e-08,0.01728219780816125
7.08e-08,0.013594697808161249
7.09e-08,0.009282197808161249
7.1e-08,0.010454077808161249
7.11e-08,0.013282197808161249
7.12e-08,0.012079077808161247
7.13e-08,0.009282197808161249
7.14e-08,0.010172827808161249
7.15e-08,0.013282197808161249
7.16e-08,0.01437594780816125
7.17e-08,0.013282197808161249
7.18e-08,0.012641577808161247
7.19e-08,0.013282197808161249
7.2e-08,0.01495407780816125
7.21e-08,0.01728219780816125
7.22e-08,0.019610327808161247
7.23e-08,0.02128219780816125
7.24e-08,0.02165719780816125
7.25e-08,0.02128219780816125
7.26e-08,0.02092282780816125
7.27e-08,0.02128219780816125
7.28e-08,0.02184469780816125
7.29e-08,0.02128219780816125
7.3e-08,0.01914157780816125
7.31e-08,0.01728219780816125
7.32e-08,0.01786032780816125
7.33e-08,0.02128219780816125
7.34e-08,0.025766577808161245
7.35e-08,0.02928219780816125
7.36e-08,0.030297827808161246
7.37e-08,0.02928219780816125
7.38e-08,0.027032197808161247
7.39e-08,0.025282197808161246
7.4e-08,0.02376657780816125
7.41e-08,0.02128219780816125
7.42e-08,0.01803219780816125
7.43e-08,0.01728219780816125
7.44e-08,0.019625947808161247
7.45e-08,0.02128219780816125
7.46e-08,0.01936032780816125
7.47e-08,0.01728219780816125
7.48e-08,0.01854782780816125
7.49e-08,0.02128219780816125
7.5e-08,0.020938447808161245
7.51e-08,0.01728219780816125
7.52e-08,0.012641577808161247
7.53e-08,0.009282197808161249
7.54e-08,0.007125947808161247
7.55e-08,0.005282197808161249
7.56e-08,0.0032821978081612486
7.57e-08,0.0012821978081612485
7.58e-08,0.0006728278081612488
7.59e-08,0.0012821978081612485
7.6e-08,0.0021259478081612476
7.61e-08,0.0012821978081612485
7.62e-08,-0.0010928001918387512
7.63e-08,-0.002717800191838751
7.64e-08,-0.0014678001918387515
7.65e-08,0.0012821978081612485
7.66e-08,0.003719697808161249
7.67e-08,0.005282197808161249
7.68e-08,0.005375947808161249
7.69e-08,0.0012821978081612485
7.7e-08,-0.006155300191838751
7.71e-08,-0.010717800403699752
7.72e-08,-0.008030300191838752
7.73e-08,-0.002717800191838751
7.74e-08,0.0009071978081612482
7.75e-08,0.005282197808161249
7.76e-08,0.012297827808161247
7.77e-08,0.01728219780816125
7.78e-08,0.014844697808161247
7.79e-08,0.009282197808161249
7.8e-08,0.005954077808161248
7.81e-08,0.005282197808161249
7.82e-08,0.0035009478081612488
7.83e-08,0.0012821978081612485
7.84e-08,-0.0006865521918387515
7.85e-08,-0.002717800191838751
7.86e-08,-0.005264675191838751
7.87e-08,-0.006717800191838752
7.88e-08,-0.006061550191838752
7.89e-08,-0.006717800191838752
7.9e-08,-0.010264675391838752
7.91e-08,-0.014717800191838753
7.92e-08,-0.01609280019183875
7.93e-08,-0.014717800191838753
7.94e-08,-0.011295925391838752
7.95e-08,-0.006717800191838752
7.96e-08,-0.0016865501918387517
7.97e-08,0.0012821978081612485
7.98e-08,0.00036032780816124856
7.99e-08,-0.002717800191838751
8e-08,-0.004561550191838752
8.01e-08,-0.002717800191838751
8.02e-08,0.0006103278081612488
8.03e-08,0.0012821978081612485
8.04e-08,-0.0026396751918387525
8.05e-08,-0.006717800191838752
8.06e-08,-0.006499050191838752
8.07e-08,-0.002717800191838751
8.08e-08,-0.00017092219183875192
8.09e-08,-0.002717800191838751
8.1e-08,-0.008311550191838752
8.11e-08,-0.010717800403699752
8.12e-08,-0.007139675191838751
8.13e-08,-0.002717800191838751
8.14e-08,-0.002139675191838752
8.15e-08,-0.002717800191838751
8.16e-08,-0.0007490501918387509
8.17e-08,0.0012821978081612485
8.18e-08,-0.00034280219183875117
8.19e-08,-0.002717800191838751
8.2e-08,-0.002842800191838751
8.21e-08,-0.002717800191838751
8.22e-08,-0.004967800191838752
8.23e-08,-0.006717800191838752
8.24e-08,-0.005202175191838751
8.25e-08,-0.002717800191838751
8.26e-08,-0.003155300191838752
8.27e-08,-0.006717800191838752
8.28e-08,-0.010092800391838751
8.29e-08,-0.010717800403699752
8.3e-08,-0.008702175191838753
8.31e-08,-0.006717800191838752
8.32e-08,-0.0064053001918387515
8.33e-08,-0.006717800191838752
8.34e-08,-0.005545925191838752
8.35e-08,-0.002717800191838751
8.36e-08,-0.0008271751918387509
8.37e-08,-0.002717800191838751
8.38e-08,-0.007733425191838752
8.39e-08,-0.010717800403699752
8.4e-08,-0.009045925191838751
8.41e-08,-0.006717800191838752
8.42e-08,-0.006889675191838751
8.43e-08,-0.006717800191838752
8.44e-08,-0.003858425191838752
8.45e-08,-0.002717800191838751
8.46e-08,-0.006592800191838752
8.47e-08,-0.010717800403699752
8.48e-08,-0.008795925191838751
8.49e-08,-0.002717800191838751
8.5e-08,0.0014384478081612487
8.51e-08,0.0012821978081612485
8.52e-08,-0.0014209251918387514
8.53e-08,-0.002717800191838751
8.54e-08,-0.0012334251918387513
8.55e-08,0.0012821978081612485
8.56e-08,0.0020321978081612475
8.57e-08,0.0012821978081612485
8.58e-08,-0.00018655219183875103
8.59e-08,-0.002717800191838751
8.6e-08,-0.006077175191838752
8.61e-08,-0.006717800191838752
8.62e-08,-0.003967800191838752
8.63e-08,-0.002717800191838751
8.64e-08,-0.0053740501918387515
8.65e-08,-0.006717800191838752
8.66e-08,-0.002967800191838752
8.67e-08,0.0012821978081612485
8.68e-08,-0.00042092219183875214
8.69e-08,-0.006717800191838752
8.7e-08,-0.011092800391838752
8.71e-08,-0.010717800403699752
8.72e-08,-0.007827175191838752
8.73e-08,-0.006717800191838752
8.74e-08,-0.009702175191838752
8.75e-08,-0.014717800191838753
8.76e-08,-0.016264675191838752
8.77e-08,-0.010717800403699752
8.78e-08,-0.0006865521918387515
8.79e-08,0.005282197808161249
8.8e-08,0.001875947808161249
8.81e-08,-0.006717800191838752
8.82e-08,-0.013217800191838752
8.83e-08,-0.014717800191838753
8.84e-08,-0.012983425191838751
8.85e-08,-0.010717800403699752
8.86e-08,-0.008545925191838753
8.87e-08,-0.006717800191838752
8.88e-08,-0.004858425191838752
8.89e-08,-0.002717800191838751
8.9e-08,-0.0013740501918387514
8.91e-08,-0.002717800191838751
8.92e-08,-0.005811550191838752
8.93e-08,-0.006717800191838752
8.94e-08,-0.0034209251918387515
8.95e-08,0.0012821978081612485
8.96e-08,0.0028759478081612482
8.97e-08,0.0012821978081612485
8.98e-08,-0.0012959251918387513
8.99e-08,-0.002717800191838751
9e-08,-0.003170925191838752
9.01e-08,-0.002717800191838751
9.02e-08,-0.002155300191838752
9.03e-08,-0.002717800191838751
9.04e-08,-0.0037178001918387518
9.05e-08,-0.002717800191838751
9.06e-08,-0.0006553021918387514
9.07e-08,-0.002717800191838751
9.08e-08,-0.009827175391838751
9.09e-08,-0.014717800191838753
9.1e-08,-0.010733425401838751
9.11e-08,-0.002717800191838751
9.12e-08,0.001735327808161248
9.13e-08,0.0012821978081612485
9.14e-08,-0.0007490501918387509
9.15e-08,-0.002717800191838751
9.16e-08,-0.003936550191838752
9.17e-08,-0.002717800191838751
9.18e-08,0.0014696978081612487
9.19e-08,0.005282197808161249
9.2e-08,0.005922827808161248
9.21e-08,0.005282197808161249
9.22e-08,0.005250947808161249
9.23e-08,0.005282197808161249
9.24e-08,0.004641577808161249
9.25e-08,0.005282197808161249
9.26e-08,0.00786032780816125
9.27e-08,0.009282197808161249
9.28e-08,0.007344697808161247
9.29e-08,0.005282197808161249
9.3e-08,0.006329077808161249
9.31e-08,0.009282197808161249
9.32e-08,0.01062594780816125
9.33e-08,0.009282197808161249
9.34e-08,0.007813447808161247
9.35e-08,0.009282197808161249
9.36e-08,0.012704077808161247
9.37e-08,0.013282197808161249
9.38e-08,0.009047827808161248
9.39e-08,0.005282197808161249
9.4e-08,0.00736032780816125
9.41e-08,0.013282197808161249
9.42e-08,0.017266577808161248
9.43e-08,0.01728219780816125
9.44e-08,0.015094697808161247
9.45e-08,0.013282197808161249
9.46e-08,0.012704077808161247
9.47e-08,0.013282197808161249
9.48e-08,0.013657197808161249
9.49e-08,0.013282197808161249
9.5e-08,0.012641577808161247
9.51e-08,0.013282197808161249
9.52e-08,0.015250947808161247
9.53e-08,0.01728219780816125
9.54e-08,0.01687594780816125
9.55e-08,0.013282197808161249
9.56e-08,0.008297827808161247
9.57e-08,0.005282197808161249
9.58e-08,0.0061728278081612485
9.59e-08,0.009282197808161249
9.6e-08,0.011063447808161247
9.61e-08,0.009282197808161249
9.62e-08,0.005829077808161248
9.63e-08,0.005282197808161249
9.64e-08,0.009391577808161248
9.65e-08,0.013282197808161249
9.66e-08,0.012782197808161248
9.67e-08,0.009282197808161249
9.68e-08,0.006766577808161249
9.69e-08,0.005282197808161249
9.7e-08,0.004250947808161248
9.71e-08,0.005282197808161249
9.72e-08,0.009469697808161249
9.73e-08,0.013282197808161249
9.74e-08,0.014844697808161247
9.75e-08,0.01728219780816125
9.76e-08,0.02207907780816125
9.77e-08,0.025282197808161246
9.78e-08,0.022438447808161247
9.79e-08,0.01728219780816125
9.8e-08,0.015063447808161247
9.81e-08,0.01728219780816125
9.82e-08,0.020250947808161248
9.83e-08,0.02128219780816125
9.84e-08,0.01864157780816125
9.85e-08,0.013282197808161249
9.86e-08,0.007813447808161247
9.87e-08,0.005282197808161249
9.88e-08,0.006735327808161249
9.89e-08,0.009282197808161249
9.9e-08,0.01031344780816125
9.91e-08,0.009282197808161249
9.92e-08,0.008219697808161248
9.93e-08,0.009282197808161249
9.94e-08,0.011985327808161247
9.95e-08,0.013282197808161249
9.96e-08,0.01145407780816125
9.97e-08,0.009282197808161249
9.98e-08,0.008875947808161248
9.99e-08,0.009282197808161249
1e-07,0.00782907780816125
1.001e-07,0.005282197808161249
1.002e-07,0.0031259478081612484
1.003e-07,0.0012821978081612485
1.004e-07,-0.000889675191838751
1.005e-07,-0.002717800191838751
1.006e-07,-0.003045925191838752
1.007e-07,-0.002717800191838751
1.008e-07,-0.0024990501918387524
1.009e-07,-0.002717800191838751
1.01e-07,-0.0026709251918387526
1.011e-07,-0.002717800191838751
1.012e-07,-0.002749050191838751
1.013e-07,-0.002717800191838751
1.014e-07,-0.0025459251918387524
1.015e-07,-0.002717800191838751
1.016e-07,-0.003045925191838752
1.017e-07,-0.002717800191838751
1.018e-07,-0.0011865501918387512
1.019e-07,0.0012821978081612485
1.02e-07,0.002579077808161249
1.021e-07,0.0012821978081612485
1.022e-07,-0.0019053001918387519
1.023e-07,-0.002717800191838751
1.024e-07,-0.0002490521918387511
1.025e-07,0.0012821978081612485
1.026e-07,-0.002061550191838752
1.027e-07,-0.006717800191838752
1.028e-07,-0.009124050191838751
1.029e-07,-0.010717800403699752
1.03e-07,-0.013530300191838752
1.031e-07,-0.014717800191838753
1.032e-07,-0.012249050191838752
1.033e-07,-0.010717800403699752
1.034e-07,-0.013889675191838752
1.035e-07,-0.018717800191838753
1.036e-07,-0.020092800191838754
1.037e-07,-0.018717800191838753
1.038e-07,-0.017764675191838754
1.039e-07,-0.018717800191838753
1.04e-07,-0.01968655019183875
1.041e-07,-0.018717800191838753
1.042e-07,-0.016045925191838752
1.043e-07,-0.014717800191838753
1.044e-07,-0.016327175191838753
1.045e-07,-0.018717800191838753
1.046e-07,-0.01926467519183875
1.047e-07,-0.018717800191838753
1.048e-07,-0.018717800191838753
1.049e-07,-0.018717800191838753
1.05e-07,-0.017202175191838753
1.051e-07,-0.014717800191838753
1.052e-07,-0.013389675191838752
1.053e-07,-0.014717800191838753
1.054e-07,-0.017530300191838752
1.055e-07,-0.018717800191838753
1.056e-07,-0.016952175191838753
1.057e-07,-0.014717800191838753
1.058e-07,-0.014405300191838753
1.059e-07,-0.014717800191838753
1.06e-07,-0.013311550191838752
1.061e-07,-0.010717800403699752
1.062e-07,-0.009467800191838752
1.063e-07,-0.010717800403699752
1.064e-07,-0.013264675191838752
1.065e-07,-0.014717800191838753
1.066e-07,-0.013795925191838752
1.067e-07,-0.010717800403699752
1.068e-07,-0.007686550191838752
1.069e-07,-0.006717800191838752
1.07e-07,-0.007530300191838752
1.071e-07,-0.006717800191838752
1.072e-07,-0.004811550191838752
1.073e-07,-0.006717800191838752
1.074e-07,-0.013905300191838752
1.075e-07,-0.018717800191838753
1.076e-07,-0.015749050191838754
1.077e-07,-0.010717800403699752
1.078e-07,-0.010983425391838752
1.079e-07,-0.014717800191838753
1.08e-07,-0.015952175191838752
1.081e-07,-0.014717800191838753
1.082e-07,-0.014092800191838752
1.083e-07,-0.014717800191838753
1.084e-07,-0.014874050191838753
1.085e-07,-0.014717800191838753
1.086e-07,-0.013780300191838752
1.087e-07,-0.010717800403699752
1.088e-07,-0.006749050191838752
1.089e-07,-0.006717800191838752
1.09e-07,-0.011592800391838751
1.091e-07,-0.014717800191838753
1.092e-07,-0.011577175391838751
1.093e-07,-0.006717800191838752
1.094e-07,-0.005842800191838752
1.095e-07,-0.006717800191838752
1.096e-07,-0.0054209251918387515
1.097e-07,-0.002717800191838751
1.098e-07,-0.003061550191838752
1.099e-07,-0.006717800191838752
1.1e-07,-0.010405300391838752
1.101e-07,-0.010717800403699752
1.102e-07,-0.008155300191838752
1.103e-07,-0.006717800191838752
1.104e-07,-0.009530300191838752
1.105e-07,-0.014717800191838753
1.106e-07,-0.01721780019183875
1.107e-07,-0.014717800191838753
1.108e-07,-0.009374050191838752
1.109e-07,-0.006717800191838752
1.11e-07,-0.008686550191838751
1.111e-07,-0.010717800403699752
1.112e-07,-0.009295925191838752
1.113e-07,-0.006717800191838752
1.114e-07,-0.0064209251918387516
1.115e-07,-0.006717800191838752
1.116e-07,-0.005795925191838752
1.117e-07,-0.006717800191838752
1.118e-07,-0.012389675191838753
1.119e-07,-0.018717800191838753
1.12e-07,-0.02059280019183875
1.121e-07,-0.018717800191838753
1.122e-07,-0.015217800191838752
1.123e-07,-0.010717800403699752
1.124e-07,-0.005483425191838752
1.125e-07,-0.002717800191838751
1.126e-07,-0.005092800191838752
1.127e-07,-0.010717800403699752
1.128e-07,-0.015077175191838751
1.129e-07,-0.014717800191838753
1.13e-07,-0.010514675391838752
1.131e-07,-0.006717800191838752
1.132e-07,-0.006249050191838751
1.133e-07,-0.006717800191838752
1.134e-07,-0.006280300191838751
1.135e-07,-0.006717800191838752
1.136e-07,-0.010186550391838751
1.137e-07,-0.014717800191838753
1.138e-07,-0.01637405019183875
1.139e-07,-0.014717800191838753
1.14e-07,-0.011999050191838752
1.141e-07,-0.010717800403699752
1.142e-07,-0.011030300391838752
1.143e-07,-0.010717800403699752
1.144e-07,-0.008592800191838751
1.145e-07,-0.006717800191838752
1.146e-07,-0.006795925191838752
1.147e-07,-0.006717800191838752
1.148e-07,-0.005624050191838752
1.149e-07,-0.006717800191838752
1.15e-07,-0.011530300391838751
1.151e-07,-0.014717800191838753
1.152e-07,-0.012717800191838751
1.153e-07,-0.010717800403699752
1.154e-07,-0.012670925191838751
1.155e-07,-0.014717800191838753
1.156e-07,-0.011608425391838751
1.157e-07,-0.006717800191838752
1.158e-07,-0.005155300191838751
1.159e-07,-0.006717800191838752
1.16e-07,-0.006639675191838752
1.161e-07,-0.002717800191838751
1.162e-07,0.002704077808161249
1.163e-07,0.005282197808161249
1.164e-07,0.0033759478081612487
1.165e-07,0.0012821978081612485
1.166e-07,0.002532197808161248
1.167e-07,0.005282197808161249
1.168e-07,0.005922827808161248
1.169e-07,0.005282197808161249
1.17e-07,0.005297827808161248
1.171e-07,0.005282197808161249
1.172e-07,0.004344697808161248
1.173e-07,0.005282197808161249
1.174e-07,0.009375947808161249
1.175e-07,0.013282197808161249
1.176e-07,0.01381344780816125
1.177e-07,0.013282197808161249
1.178e-07,0.013594697808161249
1.179e-07,0.013282197808161249
1.18e-07,0.009704077808161248
1.181e-07,0.005282197808161249
1.182e-07,0.003625947808161249
1.183e-07,0.005282197808161249
1.184e-07,0.007969697808161248
1.185e-07,0.009282197808161249
1.186e-07,0.008141577808161247
1.187e-07,0.005282197808161249
1.188e-07,0.002750947808161248
1.189e-07,0.0012821978081612485
1.19e-07,0.0020790778081612483
1.191e-07,0.005282197808161249
1.192e-07,0.009188447808161249
1.193e-07,0.009282197808161249
1.194e-07,0.005797827808161248
1.195e-07,0.005282197808161249
1.196e-07,0.01120407780816125
1.197e-07,0.01728219780816125
1.198e-07,0.016891577808161248
1.199e-07,0.013282197808161249
1.2e-07,0.013094697808161249
1.201e-07,0.01728219780816125
1.202e-07,0.02109469780816125
1.203e-07,0.02128219780816125
1.204e-07,0.01776657780816125
1.205e-07,0.013282197808161249
1.206e-07,0.011188447808161247
1.207e-07,0.013282197808161249
1.208e-07,0.01801657780816125
1.209e-07,0.02128219780816125
1.21e-07,0.021375947808161246
1.211e-07,0.02128219780816125
1.212e-07,0.023172827808161246
1.213e-07,0.025282197808161246
1.214e-07,0.025360327808161248
1.215e-07,0.025282197808161246
1.216e-07,0.026094697808161246
1.217e-07,0.025282197808161246
1.218e-07,0.020875947808161245
1.219e-07,0.01728219780816125
1.22e-07,0.01825094780816125
1.221e-07,0.02128219780816125
1.222e-07,0.02195407780816125
1.223e-07,0.02128219780816125
1.224e-07,0.021266577808161248
1.225e-07,0.02128219780816125
1.226e-07,0.020516577808161247
1.227e-07,0.02128219780816125
1.228e-07,0.02314157780816125
1.229e-07,0.02128219780816125
1.23e-07,0.013344697808161249
1.231e-07,0.005282197808161249
1.232e-07,0.0040946978081612476
1.233e-07,0.009282197808161249
1.234e-07,0.014454077808161249
1.235e-07,0.013282197808161249
1.236e-07,0.007563447808161247
1.237e-07,0.005282197808161249
1.238e-07,0.00987594780816125
1.239e-07,0.013282197808161249
1.24e-07,0.009766577808161248
1.241e-07,0.005282197808161249
1.242e-07,0.007594697808161247
1.243e-07,0.013282197808161249
1.244e-07,0.01495407780816125
1.245e-07,0.013282197808161249
1.246e-07,0.012438447808161248
1.247e-07,0.013282197808161249
1.248e-07,0.013641577808161248
1.249e-07,0.013282197808161249
1.25e-07,0.013032197808161249
1.251e-07,0.013282197808161249
1.252e-07,0.012485327808161247
1.253e-07,0.009282197808161249
1.254e-07,0.004391577808161249
1.255e-07,0.0012821978081612485
1.256e-07,0.0034384478081612487
1.257e-07,0.009282197808161249
1.258e-07,0.013922827808161248
1.259e-07,0.013282197808161249
1.26e-07,0.008391577808161247
1.261e-07,0.005282197808161249
1.262e-07,0.00782907780816125
1.263e-07,0.013282197808161249
1.264e-07,0.015625947808161247
1.265e-07,0.013282197808161249
1.266e-07,0.008469697808161248
1.267e-07,0.005282197808161249
1.268e-07,0.004844697808161248
1.269e-07,0.005282197808161249
1.27e-07,0.004250947808161248
1.271e-07,0.0012821978081612485
1.272e-07,-0.0016709251918387517
1.273e-07,-0.002717800191838751
1.274e-07,-0.0010771751918387511
1.275e-07,0.0012821978081612485
1.276e-07,0.0035009478081612488
1.277e-07,0.005282197808161249
1.278e-07,0.0062509478081612495
1.279e-07,0.005282197808161249
1.28e-07,0.0024228278081612487
1.281e-07,0.0012821978081612485
1.282e-07,0.004250947808161248
1.283e-07,0.009282197808161249
1.284e-07,0.011500947808161247
1.285e-07,0.009282197808161249
1.286e-07,0.003563447808161249
1.287e-07,-0.002717800191838751
1.288e-07,-0.006639675191838752
1.289e-07,-0.006717800191838752
1.29e-07,-0.004045925191838752
1.291e-07,-0.002717800191838751
1.292e-07,-0.0035303001918387516
1.293e-07,-0.002717800191838751
1.294e-07,0.001641577808161248
1.295e-07,0.005282197808161249
1.296e-07,0.004157197808161248
1.297e-07,0.0012821978081612485
1.298e-07,0.0006415778081612488
1.299e-07,0.0012821978081612485
1.3e-07,-0.00023342219183875197
1.301e-07,-0.002717800191838751
1.302e-07,-0.0044834251918387516
1.303e-07,-0.006717800191838752
1.304e-07,-0.009780300391838751
1.305e-07,-0.010717800403699752
1.306e-07,-0.008092800191838752
1.307e-07,-0.006717800191838752
1.308e-07,-0.008983425191838751
1.309e-07,-0.010717800403699752
1.31e-07,-0.007530300191838752
1.311e-07,-0.002717800191838751
1.312e-07,-0.0012178001918387513
1.313e-07,-0.002717800191838751
1.314e-07,-0.0036240501918387517
1.315e-07,-0.002717800191838751
1.316e-07,-0.001983425191838752
1.317e-07,-0.002717800191838751
1.318e-07,-0.004920925191838752
1.319e-07,-0.006717800191838752
1.32e-07,-0.006092800191838752
1.321e-07,-0.002717800191838751
1.322e-07,0.000860327808161249
1.323e-07,0.0012821978081612485
1.324e-07,-0.0024053001918387523
1.325e-07,-0.006717800191838752
1.326e-07,-0.008155300191838752
1.327e-07,-0.006717800191838752
1.328e-07,-0.0044053001918387515
1.329e-07,-0.002717800191838751
1.33e-07,-0.002092800191838752
1.331e-07,-0.002717800191838751
1.332e-07,-0.004655300191838752
1.333e-07,-0.006717800191838752
1.334e-07,-0.007514675191838752
1.335e-07,-0.006717800191838752
1.336e-07,-0.004858425191838752
1.337e-07,-0.002717800191838751
1.338e-07,-0.0016396751918387516
1.339e-07,-0.002717800191838751
1.34e-07,-0.0053740501918387515
1.341e-07,-0.006717800191838752
1.342e-07,-0.006139675191838751
1.343e-07,-0.006717800191838752
1.344e-07,-0.009733425391838751
1.345e-07,-0.010717800403699752
1.346e-07,-0.007030300191838751
1.347e-07,-0.002717800191838751
1.348e-07,-0.003139675191838752
1.349e-07,-0.006717800191838752
1.35e-07,-0.009530300191838752
1.351e-07,-0.010717800403699752
1.352e-07,-0.012186550191838752
1.353e-07,-0.014717800191838753
1.354e-07,-0.01706155019183875
1.355e-07,-0.018717800191838753
1.356e-07,-0.01912405019183875
1.357e-07,-0.018717800191838753
1.358e-07,-0.018155300191838752
1.359e-07,-0.018717800191838753
1.36e-07,-0.01857717519183875
1.361e-07,-0.014717800191838753
1.362e-07,-0.007608425191838752
1.363e-07,-0.002717800191838751
1.364e-07,-0.004889675191838752
1.365e-07,-0.010717800403699752
1.366e-07,-0.014655300191838753
1.367e-07,-0.014717800191838753
1.368e-07,-0.013749050191838752
1.369e-07,-0.014717800191838753
1.37e-07,-0.018374050191838753
1.371e-07,-0.022717802191838752
1.372e-07,-0.02465530219183875
1.373e-07,-0.022717802191838752
1.374e-07,-0.018092800191838752
1.375e-07,-0.014717800191838753
1.376e-07,-0.014249050191838752
1.377e-07,-0.014717800191838753
1.378e-07,-0.014374050191838753
1.379e-07,-0.014717800191838753
1.38e-07,-0.01690530019183875
1.381e-07,-0.018717800191838753
1.382e-07,-0.01838967519183875
1.383e-07,-0.018717800191838753
1.384e-07,-0.021280302191838754
1.385e-07,-0.022717802191838752
1.386e-07,-0.019655300191838754
1.387e-07,-0.014717800191838753
1.388e-07,-0.011561550391838751
1.389e-07,-0.010717800403699752
1.39e-07,-0.009545925191838752
1.391e-07,-0.006717800191838752
1.392e-07,-0.004514675191838752
1.393e-07,-0.006717800191838752
1.394e-07,-0.01246780019183875
1.395e-07,-0.014717800191838753
1.396e-07,-0.009639675191838752
1.397e-07,-0.002717800191838751
1.398e-07,-0.000952175191838751
1.399e-07,-0.002717800191838751
1.4e-07,-0.0025146751918387524
1.401e-07,0.0012821978081612485
1.402e-07,0.0050165778081612475
1.403e-07,0.005282197808161249
1.404e-07,0.0015478278081612479
1.405e-07,-0.002717800191838751
1.406e-07,-0.004311550191838751
1.407e-07,-0.002717800191838751
1.408e-07,-0.0003584221918387521
1.409e-07,0.0012821978081612485
1.41e-07,0.001688447808161249
1.411e-07,0.0012821978081612485
1.412e-07,0.0007509478081612481
1.413e-07,0.0012821978081612485
1.414e-07,0.0022353278081612485
1.415e-07,0.0012821978081612485
1.416e-07,-0.0026240501918387525
1.417e-07,-0.006717800191838752
1.418e-07,-0.008077175191838752
1.419e-07,-0.006717800191838752
1.42e-07,-0.0043428001918387514
1.421e-07,-0.002717800191838751
1.422e-07,-0.002170925191838752
1.423e-07,-0.002717800191838751
1.424e-07,-0.004264675191838751
1.425e-07,-0.006717800191838752
1.426e-07,-0.008249050191838752
1.427e-07,-0.006717800191838752
1.428e-07,-0.002233425191838752
1.429e-07,0.0012821978081612485
1.43e-07,0.0006103278081612488
1.431e-07,-0.002717800191838751
1.432e-07,-0.004499050191838752
1.433e-07,-0.002717800191838751
1.434e-07,0.0007040778081612489
1.435e-07,0.0012821978081612485
1.436e-07,-0.0015146751918387515
1.437e-07,-0.002717800191838751
1.438e-07,0.000860327808161249
1.439e-07,0.005282197808161249
1.44e-07,0.006079077808161248
1.441e-07,0.005282197808161249
1.442e-07,0.006641577808161249
1.443e-07,0.009282197808161249
1.444e-07,0.01018844780816125
1.445e-07,0.009282197808161249
1.446e-07,0.008579077808161247
1.447e-07,0.009282197808161249
1.448e-07,0.010172827808161249
1.449e-07,0.009282197808161249
1.45e-07,0.00739157780816125
1.451e-07,0.009282197808161249
1.452e-07,0.015860327808161247
1.453e-07,0.02128219780816125
1.454e-07,0.020438447808161248
1.455e-07,0.01728219780816125
1.456e-07,0.01662594780816125
1.457e-07,0.01728219780816125
1.458e-07,0.01479782780816125
1.459e-07,0.009282197808161249
1.46e-07,0.004922827808161247
1.461e-07,0.005282197808161249
1.462e-07,0.009532197808161249
1.463e-07,0.013282197808161249
1.464e-07,0.013891577808161248
1.465e-07,0.013282197808161249
1.466e-07,0.01459469780816125
1.467e-07,0.01728219780816125
1.468e-07,0.017516577808161248
1.469e-07,0.013282197808161249
1.47e-07,0.007219697808161247
1.471e-07,0.005282197808161249
1.472e-07,0.009188447808161249
1.473e-07,0.013282197808161249
1.474e-07,0.012407197808161248
1.475e-07,0.009282197808161249
1.476e-07,0.008610327808161247
1.477e-07,0.009282197808161249
1.478e-07,0.009016577808161248
1.479e-07,0.009282197808161249
1.48e-07,0.01170407780816125
1.481e-07,0.013282197808161249
1.482e-07,0.01142282780816125
1.483e-07,0.009282197808161249
1.484e-07,0.010391577808161249
1.485e-07,0.013282197808161249
1.486e-07,0.01440719780816125
1.487e-07,0.013282197808161249
1.488e-07,0.01114157780816125
1.489e-07,0.009282197808161249
1.49e-07,0.008188447808161248
1.491e-07,0.009282197808161249
1.492e-07,0.011922827808161247
1.493e-07,0.013282197808161249
1.494e-07,0.01164157780816125
1.495e-07,0.009282197808161249
1.496e-07,0.00773532780816125
1.497e-07,0.005282197808161249
1.498e-07,0.0008134478081612481
1.499e-07,-0.002717800191838751
1.5e-07,-0.001983425191838752
1.501e-07,0.0012821978081612485
1.502e-07,0.004110327808161248
1.503e-07,0.005282197808161249
1.504e-07,0.005719697808161249
1.505e-07,0.005282197808161249
1.506e-07,0.003735327808161248
1.507e-07,0.0012821978081612485
1.508e-07,-7.717219183875183e-05
1.509e-07,0.0012821978081612485
1.51e-07,0.0052196978081612486
1.511e-07,0.009282197808161249
1.512e-07,0.010485327808161249
1.513e-07,0.009282197808161249
1.514e-07,0.008047827808161247
1.515e-07,0.009282197808161249
1.516e-07,0.012000947808161248
1.517e-07,0.013282197808161249
1.518e-07,0.010422827808161249
1.519e-07,0.005282197808161249
1.52e-07,0.0014228278081612478
1.521e-07,0.0012821978081612485
1.522e-07,0.003750947808161249
1.523e-07,0.005282197808161249
1.524e-07,0.003922827808161248
1.525e-07,0.0012821978081612485
1.526e-07,0.0002196978081612476
1.527e-07,0.0012821978081612485
1.528e-07,0.0035009478081612488
1.529e-07,0.005282197808161249
1.53e-07,0.005985327808161248
1.531e-07,0.005282197808161249
1.532e-07,0.0034071978081612487
1.533e-07,0.0012821978081612485
1.534e-07,0.00018844780816124757
1.535e-07,0.0012821978081612485
1.536e-07,0.003782197808161249
1.537e-07,0.005282197808161249
1.538e-07,0.004860327808161249
1.539e-07,0.005282197808161249
1.54e-07,0.007594697808161247
1.541e-07,0.009282197808161249
1.542e-07,0.00671969780816125
1.543e-07,0.0012821978081612485
1.544e-07,-0.002874050191838751
1.545e-07,-0.002717800191838751
1.546e-07,0.0002978278081612485
1.547e-07,0.0012821978081612485
1.548e-07,-0.002014675191838752
1.549e-07,-0.006717800191838752
1.55e-07,-0.008327175191838752
1.551e-07,-0.006717800191838752
1.552e-07,-0.004155300191838752
1.553e-07,-0.002717800191838751
1.554e-07,-0.0013115501918387514
1.555e-07,0.0012821978081612485
1.556e-07,0.004360327808161249
1.557e-07,0.005282197808161249
1.558e-07,0.0021571978081612476
1.559e-07,-0.002717800191838751
1.56e-07,-0.005092800191838752
1.561e-07,-0.002717800191838751
1.562e-07,0.0023134478081612477
1.563e-07,0.005282197808161249
1.564e-07,0.003844697808161249
1.565e-07,0.0012821978081612485
1.566e-07,0.0007821978081612481
1.567e-07,0.0012821978081612485
1.568e-07,0.0009696978081612483
1.569e-07,0.0012821978081612485
1.57e-07,0.003532197808161249
1.571e-07,0.005282197808161249
1.572e-07,0.003688447808161249
1.573e-07,0.0012821978081612485
1.574e-07,0.000657197808161248
1.575e-07,0.0012821978081612485
1.576e-07,0.0013446978081612486
1.577e-07,0.0012821978081612485
1.578e-07,0.001735327808161248
1.579e-07,0.0012821978081612485
1.58e-07,-0.0017803001918387518
1.581e-07,-0.006717800191838752
1.582e-07,-0.010389675391838752
1.583e-07,-0.010717800403699752
1.584e-07,-0.007264675191838751
1.585e-07,-0.002717800191838751
1.586e-07,0.0003915778081612486
1.587e-07,0.0012821978081612485
1.588e-07,0.0010790778081612475
1.589e-07,0.0012821978081612485
1.59e-07,0.001750947808161249
1.591e-07,0.0012821978081612485
1.592e-07,-0.0007803001918387509
1.593e-07,-0.002717800191838751
1.594e-07,-0.0034053001918387515
1.595e-07,-0.002717800191838751
1.596e-07,-0.0023896751918387523
1.597e-07,-0.002717800191838751
1.598e-07,-0.003077175191838752
1.599e-07,-0.002717800191838751
1.6e-07,-0.002108425191838752
1.601e-07,-0.002717800191838751
1.602e-07,-0.005764675191838752
1.603e-07,-0.010717800403699752
1.604e-07,-0.014561550191838753
1.605e-07,-0.014717800191838753
1.606e-07,-0.010874050391838752
1.607e-07,-0.006717800191838752
1.608e-07,-0.0054365501918387515
1.609e-07,-0.006717800191838752
1.61e-07,-0.007655300191838752
1.611e-07,-0.006717800191838752
1.612e-07,-0.004624050191838752
1.613e-07,-0.002717800191838751
1.614e-07,-0.003108425191838752
1.615e-07,-0.006717800191838752
1.616e-07,-0.011139675391838752
1.617e-07,-0.010717800403699752
1.618e-07,-0.005295925191838751
1.619e-07,-0.002717800191838751
1.62e-07,-0.007858425191838752
1.621e-07,-0.014717800191838753
1.622e-07,-0.015217800191838752
1.623e-07,-0.010717800403699752
1.624e-07,-0.007045925191838751
1.625e-07,-0.006717800191838752
1.626e-07,-0.0073584251918387515
1.627e-07,-0.006717800191838752
1.628e-07,-0.004608425191838752
1.629e-07,-0.002717800191838751
1.63e-07,-0.0024521751918387524
1.631e-07,-0.002717800191838751
1.632e-07,-0.0026865501918387526
1.633e-07,-0.002717800191838751
1.634e-07,-0.0033115501918387514
1.635e-07,-0.002717800191838751
1.636e-07,-0.00032717219183875206
1.637e-07,0.0012821978081612485
1.638e-07,-0.0011240501918387512
1.639e-07,-0.006717800191838752
1.64e-07,-0.011342800391838753
1.641e-07,-0.010717800403699752
1.642e-07,-0.004795925191838752
1.643e-07,0.0012821978081612485
1.644e-07,0.0030165778081612474
1.645e-07,0.0012821978081612485
1.646e-07,-0.0010771751918387511
1.647e-07,-0.002717800191838751
1.648e-07,-0.0044834251918387516
1.649e-07,-0.006717800191838752
1.65e-07,-0.007967800191838752
1.651e-07,-0.006717800191838752
1.652e-07,-0.003858425191838752
1.653e-07,-0.002717800191838751
1.654e-07,-0.004749050191838752
1.655e-07,-0.006717800191838752
1.656e-07,-0.0053740501918387515
1.657e-07,-0.002717800191838751
1.658e-07,-0.0019209251918387519
1.659e-07,-0.002717800191838751
1.66e-07,-0.002983425191838752
1.661e-07,-0.002717800191838751
1.662e-07,-0.002749050191838751
1.663e-07,-0.002717800191838751
1.664e-07,-0.0024521751918387524
1.665e-07,-0.002717800191838751
1.666e-07,-0.0035146751918387516
1.667e-07,-0.002717800191838751
1.668e-07,0.0007978278081612489
1.669e-07,0.005282197808161249
1.67e-07,0.007313447808161247
1.671e-07,0.005282197808161249
1.672e-07,0.0005478278081612487
1.673e-07,-0.002717800191838751
1.674e-07,-0.002936550191838752
1.675e-07,-0.002717800191838751
1.676e-07,-0.0035146751918387516
1.677e-07,-0.002717800191838751
1.678e-07,0.0015009478081612487
1.679e-07,0.005282197808161249
1.68e-07,0.004672827808161249
1.681e-07,0.0012821978081612485
1.682e-07,-0.0002490521918387511
1.683e-07,0.0012821978081612485
1.684e-07,0.003782197808161249
1.685e-07,0.005282197808161249
1.686e-07,0.0051571978081612485
1.687e-07,0.005282197808161249
1.688e-07,0.00684469780816125
1.689e-07,0.009282197808161249
1.69e-07,0.01031344780816125
1.691e-07,0.009282197808161249
1.692e-07,0.005938447808161249
1.693e-07,0.0012821978081612485
1.694e-07,-0.0026396751918387525
1.695e-07,-0.002717800191838751
1.696e-07,0.0014228278081612478
1.697e-07,0.005282197808161249
1.698e-07,0.004938447808161248
1.699e-07,0.0012821978081612485
1.7e-07,-0.001936550191838752
1.701e-07,-0.002717800191838751
1.702e-07,-0.0011240501918387512
1.703e-07,0.0012821978081612485
1.704e-07,0.003594697808161249
1.705e-07,0.005282197808161249
1.706e-07,0.006016577808161248
1.707e-07,0.005282197808161249
1.708e-07,0.0031884478081612485
1.709e-07,0.0012821978081612485
1.71e-07,0.000829077808161249
1.711e-07,0.0012821978081612485
1.712e-07,0.0023446978081612477
1.713e-07,0.005282197808161249
1.714e-07,0.00990719780816125
1.715e-07,0.013282197808161249
1.716e-07,0.012532197808161248
1.717e-07,0.009282197808161249
1.718e-07,0.00646969780816125
1.719e-07,0.005282197808161249
1.72e-07,0.0049853278081612475
1.721e-07,0.005282197808161249
1.722e-07,0.005485327808161248
1.723e-07,0.005282197808161249
1.724e-07,0.004782197808161248
1.725e-07,0.005282197808161249
1.726e-07,0.007188447808161247
1.727e-07,0.009282197808161249
1.728e-07,0.009094697808161249
1.729e-07,0.005282197808161249
1.73e-07,-0.0002490521918387511
1.731e-07,-0.002717800191838751
1.732e-07,-0.0007021721918387524
1.733e-07,0.0012821978081612485
1.734e-07,-0.00031155219183875114
1.735e-07,-0.002717800191838751
1.736e-07,-0.0018584251918387518
1.737e-07,0.0012821978081612485
1.738e-07,0.0029071978081612482
1.739e-07,0.0012821978081612485
1.74e-07,-0.0014678001918387515
1.741e-07,-0.002717800191838751
1.742e-07,-0.0023115501918387522
1.743e-07,-0.002717800191838751
1.744e-07,-0.005092800191838752
1.745e-07,-0.006717800191838752
1.746e-07,-0.004311550191838751
1.747e-07,0.0012821978081612485
1.748e-07,0.005579077808161248
1.749e-07,0.005282197808161249
1.75e-07,0.0010165778081612491
1.751e-07,-0.002717800191838751
1.752e-07,-0.0033584251918387514
1.753e-07,-0.002717800191838751
1.754e-07,-0.003905300191838752
1.755e-07,-0.006717800191838752
1.756e-07,-0.00837405019183875
1.757e-07,-0.006717800191838752
1.758e-07,-0.0035303001918387516
1.759e-07,-0.002717800191838751
1.76e-07,-0.005139675191838751
1.761e-07,-0.006717800191838752
1.762e-07,-0.004749050191838752
1.763e-07,-0.002717800191838751
1.764e-07,-0.005061550191838752
1.765e-07,-0.010717800403699752
1.766e-07,-0.014795925191838751
1.767e-07,-0.014717800191838753
1.768e-07,-0.011999050191838752
1.769e-07,-0.010717800403699752
1.77e-07,-0.011374050391838753
1.771e-07,-0.010717800403699752
1.772e-07,-0.006655300191838752
1.773e-07,-0.002717800191838751
1.774e-07,-0.003139675191838752
1.775e-07,-0.006717800191838752
1.776e-07,-0.008733425191838753
1.777e-07,-0.006717800191838752
1.778e-07,-0.0033428001918387514
1.779e-07,-0.002717800191838751
1.78e-07,-0.006530300191838752
1.781e-07,-0.010717800403699752
1.782e-07,-0.010874050391838752
1.783e-07,-0.006717800191838752
1.784e-07,-0.0025771751918387525
1.785e-07,-0.002717800191838751
1.786e-07,-0.007045925191838751
1.787e-07,-0.010717800403699752
1.788e-07,-0.010920925391838752
1.789e-07,-0.010717800403699752
1.79e-07,-0.012795925191838751
1.791e-07,-0.014717800191838753
1.792e-07,-0.013202175191838752
1.793e-07,-0.010717800403699752
1.794e-07,-0.010342800391838752
1.795e-07,-0.010717800403699752
1.796e-07,-0.008983425191838751
1.797e-07,-0.006717800191838752
1.798e-07,-0.006249050191838751
1.799e-07,-0.006717800191838752
1.8e-07,-0.006702175191838752
1.801e-07,-0.006717800191838752
1.802e-07,-0.007499050191838752
1.803e-07,-0.006717800191838752
1.804e-07,-0.004077175191838752
1.805e-07,-0.002717800191838751
1.806e-07,-0.004889675191838752
1.807e-07,-0.006717800191838752
1.808e-07,-0.0062959251918387514
1.809e-07,-0.006717800191838752
1.81e-07,-0.010874050391838752
1.811e-07,-0.014717800191838753
1.812e-07,-0.013858425191838752
1.813e-07,-0.010717800403699752
1.814e-07,-0.010514675391838752
1.815e-07,-0.014717800191838753
1.816e-07,-0.01999905019183875
1.817e-07,-0.022717802191838752
1.818e-07,-0.02129592219183875
1.819e-07,-0.018717800191838753
1.82e-07,-0.016795925191838753
1.821e-07,-0.014717800191838753
1.822e-07,-0.011858425191838752
1.823e-07,-0.010717800403699752
1.824e-07,-0.012764675191838751
1.825e-07,-0.014717800191838753
1.826e-07,-0.013420925191838752
1.827e-07,-0.010717800403699752
1.828e-07,-0.010952175391838752
1.829e-07,-0.014717800191838753
1.83e-07,-0.01879592519183875
1.831e-07,-0.018717800191838753
1.832e-07,-0.01426467519183875
1.833e-07,-0.010717800403699752
1.834e-07,-0.011842800191838752
1.835e-07,-0.014717800191838753
1.836e-07,-0.015311550191838752
1.837e-07,-0.014717800191838753
1.838e-07,-0.014983425191838751
1.839e-07,-0.014717800191838753
1.84e-07,-0.012452175191838753
1.841e-07,-0.010717800403699752
1.842e-07,-0.012249050191838752
1.843e-07,-0.014717800191838753
1.844e-07,-0.01432717519183875
1.845e-07,-0.010717800403699752
1.846e-07,-0.006983425191838751
1.847e-07,-0.006717800191838752
1.848e-07,-0.010561550391838752
1.849e-07,-0.014717800191838753
1.85e-07,-0.015983425191838752
1.851e-07,-0.014717800191838753
1.852e-07,-0.012920925191838751
1.853e-07,-0.010717800403699752
1.854e-07,-0.008030300191838752
1.855e-07,-0.006717800191838752
1.856e-07,-0.008155300191838752
1.857e-07,-0.010717800403699752
1.858e-07,-0.012639675191838751
1.859e-07,-0.014717800191838753
1.86e-07,-0.017467800191838752
1.861e-07,-0.018717800191838753
1.862e-07,-0.016139675191838752
1.863e-07,-0.010717800403699752
1.864e-07,-0.0054209251918387515
1.865e-07,-0.002717800191838751
1.866e-07,-0.0034834251918387515
1.867e-07,-0.006717800191838752
1.868e-07,-0.011108425391838752
1.869e-07,-0.014717800191838753
1.87e-07,-0.01618655019183875
1.871e-07,-0.014717800191838753
1.872e-07,-0.011014675391838752
1.873e-07,-0.006717800191838752
1.874e-07,-0.004764675191838752
1.875e-07,-0.006717800191838752
1.876e-07,-0.011264675391838752
1.877e-07,-0.014717800191838753
1.878e-07,-0.015092800191838751
1.879e-07,-0.014717800191838753
1.88e-07,-0.016077175191838752
1.881e-07,-0.018717800191838753
1.882e-07,-0.01898342519183875
1.883e-07,-0.014717800191838753
1.884e-07,-0.00843655019183875
1.885e-07,-0.006717800191838752
1.886e-07,-0.011045925391838752
1.887e-07,-0.014717800191838753
1.888e-07,-0.012014675191838752
1.889e-07,-0.006717800191838752
1.89e-07,-0.005249050191838751
1.891e-07,-0.006717800191838752
1.892e-07,-0.0072959251918387515
1.893e-07,-0.006717800191838752
1.894e-07,-0.006827175191838752
1.895e-07,-0.006717800191838752
1.896e-07,-0.005967800191838752
1.897e-07,-0.006717800191838752
1.898e-07,-0.009530300191838752
1.899e-07,-0.010717800403699752
1.9e-07,-0.007530300191838752
1.901e-07,-0.002717800191838751
1.902e-07,-0.000874050191838751
1.903e-07,-0.002717800191838751
1.904e-07,-0.005686550191838752
1.905e-07,-0.006717800191838752
1.906e-07,-0.005077175191838752
1.907e-07,-0.002717800191838751
1.908e-07,-0.0017646751918387518
1.909e-07,-0.002717800191838751
1.91e-07,-0.004795925191838752
1.911e-07,-0.006717800191838752
1.912e-07,-0.007592800191838752
1.913e-07,-0.006717800191838752
1.914e-07,-0.0033115501918387514
1.915e-07,0.0012821978081612485
1.916e-07,0.004844697808161248
1.917e-07,0.005282197808161249
1.918e-07,0.0019853278081612483
1.919e-07,-0.002717800191838751
1.92e-07,-0.005170925191838751
1.921e-07,-0.002717800191838751
1.922e-07,0.003485327808161248
1.923e-07,0.009282197808161249
1.924e-07,0.01086032780816125
1.925e-07,0.009282197808161249
1.926e-07,0.006766577808161249
1.927e-07,0.005282197808161249
1.928e-07,0.003782197808161249
1.929e-07,0.0012821978081612485
1.93e-07,-0.0016553001918387517
1.931e-07,-0.002717800191838751
1.932e-07,-0.000983425191838751
1.933e-07,0.0012821978081612485
1.934e-07,0.0010009478081612483
1.935e-07,-0.002717800191838751
1.936e-07,-0.006499050191838752
1.937e-07,-0.006717800191838752
1.938e-07,-0.0024990501918387524
1.939e-07,0.0012821978081612485
1.94e-07,0.001750947808161249
1.941e-07,0.0012821978081612485
1.942e-07,0.002954077808161249
1.943e-07,0.005282197808161249
1.944e-07,0.005735327808161248
1.945e-07,0.005282197808161249
1.946e-07,0.006485327808161249
1.947e-07,0.009282197808161249
1.948e-07,0.01065719780816125
1.949e-07,0.009282197808161249
1.95e-07,0.0063134478081612495
1.951e-07,0.005282197808161249
1.952e-07,0.008157197808161248
1.953e-07,0.013282197808161249
1.954e-07,0.015860327808161247
1.955e-07,0.013282197808161249
1.956e-07,0.007594697808161247
1.957e-07,0.005282197808161249
1.958e-07,0.008860327808161247
1.959e-07,0.013282197808161249
1.96e-07,0.012969697808161249
1.961e-07,0.009282197808161249
1.962e-07,0.006391577808161249
1.963e-07,0.005282197808161249
1.964e-07,0.004797827808161249
1.965e-07,0.005282197808161249
1.966e-07,0.00745407780816125
1.967e-07,0.009282197808161249
1.968e-07,0.009407197808161249
1.969e-07,0.009282197808161249
1.97e-07,0.009891577808161248
1.971e-07,0.009282197808161249
1.972e-07,0.006735327808161249
1.973e-07,0.005282197808161249
1.974e-07,0.007047827808161249
1.975e-07,0.009282197808161249
1.976e-07,0.009204077808161248
1.977e-07,0.009282197808161249
1.978e-07,0.01151657780816125
1.979e-07,0.013282197808161249
1.98e-07,0.01173532780816125
1.981e-07,0.009282197808161249
1.982e-07,0.008954077808161248
1.983e-07,0.009282197808161249
1.984e-07,0.007750947808161247
1.985e-07,0.005282197808161249
1.986e-07,0.0042040778081612485
1.987e-07,0.005282197808161249
1.988e-07,0.00736032780816125
1.989e-07,0.009282197808161249
1.99e-07,0.010938447808161247
1.991e-07,0.013282197808161249
1.992e-07,0.01507907780816125
1.993e-07,0.013282197808161249
1.994e-07,0.007094697808161247
1.995e-07,0.0012821978081612485
1.996e-07,-4.5922191838751805e-05
1.997e-07,0.0012821978081612485
1.998e-07,0.001782197808161249
1.999e-07,0.0012821978081612485
2e-07,0.0022978278081612485
2.001e-07,0.005282197808161249
2.002e-07,0.008438447808161248
2.003e-07,0.009282197808161249
2.004e-07,0.00764157780816125
2.005e-07,0.005282197808161249
2.006e-07,0.004407197808161248
2.007e-07,0.005282197808161249
2.008e-07,0.006094697808161249
2.009e-07,0.005282197808161249
2.01e-07,0.003922827808161248
2.011e-07,0.005282197808161249
2.012e-07,0.00981344780816125
2.013e-07,0.013282197808161249
2.014e-07,0.012235327808161247
2.015e-07,0.009282197808161249
2.016e-07,0.008172827808161247
2.017e-07,0.009282197808161249
2.018e-07,0.009860327808161248
2.019e-07,0.009282197808161249
2.02e-07,0.008579077808161247
2.021e-07,0.009282197808161249
2.022e-07,0.010297827808161249
2.023e-07,0.009282197808161249
2.024e-07,0.005485327808161248
2.025e-07,0.0012821978081612485
2.026e-07,-7.717219183875183e-05
2.027e-07,0.0012821978081612485
2.028e-07,0.002579077808161249
2.029e-07,0.0012821978081612485
2.03e-07,-0.0007178021918387515
2.031e-07,0.0012821978081612485
2.032e-07,0.008125947808161248
2.033e-07,0.013282197808161249
2.034e-07,0.01139157780816125
2.035e-07,0.005282197808161249
2.036e-07,0.0012821978081612485
2.037e-07,0.0012821978081612485
2.038e-07,0.0023446978081612477
2.039e-07,0.0012821978081612485
2.04e-07,-0.0005928021918387514
2.041e-07,0.0012821978081612485
2.042e-07,0.007954077808161247
2.043e-07,0.013282197808161249
2.044e-07,0.012454077808161247
2.045e-07,0.009282197808161249
2.046e-07,0.008719697808161248
2.047e-07,0.009282197808161249
2.048e-07,0.007375947808161247
2.049e-07,0.005282197808161249
2.05e-07,0.006266577808161249
2.051e-07,0.009282197808161249
2.052e-07,0.01053219780816125
2.053e-07,0.009282197808161249
2.054e-07,0.00681344780816125
2.055e-07,0.005282197808161249
2.056e-07,0.0051884478081612485
2.057e-07,0.005282197808161249
2.058e-07,0.0050165778081612475
2.059e-07,0.005282197808161249
2.06e-07,0.006079077808161248
2.061e-07,0.005282197808161249
2.062e-07,0.0014540778081612478
2.063e-07,-0.002717800191838751
2.064e-07,-0.002967800191838752
2.065e-07,0.0012821978081612485
2.066e-07,0.006797827808161249
2.067e-07,0.009282197808161249
2.068e-07,0.00668844780816125
2.069e-07,0.0012821978081612485
2.07e-07,-0.002811550191838751
2.071e-07,-0.002717800191838751
2.072e-07,0.0003134478081612477
2.073e-07,0.0012821978081612485
2.074e-07,-0.0012646751918387513
2.075e-07,-0.002717800191838751
2.076e-07,-0.00042092219183875214
2.077e-07,0.0012821978081612485
2.078e-07,-0.000967800191838751
2.079e-07,-0.002717800191838751
2.08e-07,0.0006415778081612488
2.081e-07,0.005282197808161249
2.082e-07,0.005172827808161248
2.083e-07,0.0012821978081612485
2.084e-07,-0.0018584251918387518
2.085e-07,-0.002717800191838751
2.086e-07,-0.0026396751918387525
2.087e-07,-0.002717800191838751
2.088e-07,-0.002920925191838752
2.089e-07,-0.002717800191838751
2.09e-07,-0.0013115501918387514
2.091e-07,0.0012821978081612485
2.092e-07,0.0040321978081612475
2.093e-07,0.005282197808161249
2.094e-07,0.0041415778081612484
2.095e-07,0.0012821978081612485
2.096e-07,-0.0016553001918387517
2.097e-07,-0.002717800191838751
2.098e-07,-0.0012646751918387513
2.099e-07,0.0012821978081612485
2.1e-07,0.003516577808161248
2.101e-07,0.005282197808161249
2.102e-07,0.0062040778081612485
2.103e-07,0.005282197808161249
2.104e-07,0.002579077808161249
2.105e-07,0.0012821978081612485
2.106e-07,0.002922827808161249
2.107e-07,0.005282197808161249
2.108e-07,0.005657197808161249
2.109e-07,0.005282197808161249
2.11e-07,0.005422827808161248
2.111e-07,0.005282197808161249
2.112e-07,0.002407197808161248
2.113e-07,-0.002717800191838751
2.114e-07,-0.006795925191838752
2.115e-07,-0.006717800191838752
2.116e-07,-0.0024990501918387524
2.117e-07,0.0012821978081612485
2.118e-07,0.0009384478081612482
2.119e-07,-0.002717800191838751
2.12e-07,-0.005795925191838752
2.121e-07,-0.006717800191838752
2.122e-07,-0.005280300191838751
2.123e-07,-0.002717800191838751
2.124e-07,1.657780816124825e-05
2.125e-07,0.0012821978081612485
2.126e-07,0.0010165778081612491
2.127e-07,0.0012821978081612485
2.128e-07,0.0031259478081612484
2.129e-07,0.005282197808161249
2.13e-07,0.005922827808161248
2.131e-07,0.005282197808161249
2.132e-07,0.004579077808161249
2.133e-07,0.005282197808161249
2.134e-07,0.006094697808161249
2.135e-07,0.005282197808161249
2.136e-07,0.002641577808161249
2.137e-07,0.0012821978081612485
2.138e-07,0.0028759478081612482
2.139e-07,0.005282197808161249
2.14e-07,0.005000947808161248
2.141e-07,0.0012821978081612485
2.142e-07,-0.0025615501918387525
2.143e-07,-0.002717800191838751
2.144e-07,0.0005478278081612487
2.145e-07,0.0012821978081612485
2.146e-07,-0.001983425191838752
2.147e-07,-0.002717800191838751
2.148e-07,0.0032040778081612476
2.149e-07,0.009282197808161249
2.15e-07,0.008625947808161248
2.151e-07,0.005282197808161249
2.152e-07,0.005766577808161248
2.153e-07,0.009282197808161249
2.154e-07,0.009797827808161248
2.155e-07,0.005282197808161249
2.156e-07,-0.0007021721918387524
2.157e-07,-0.002717800191838751
2.158e-07,-0.000155302191838751
2.159e-07,0.0012821978081612485
2.16e-07,-0.0013271751918387514
2.161e-07,-0.002717800191838751
2.162e-07,0.0022978278081612485
2.163e-07,0.009282197808161249
2.164e-07,0.011469697808161247
2.165e-07,0.009282197808161249
2.166e-07,0.006860327808161249
2.167e-07,0.005282197808161249
2.168e-07,0.0033446978081612486
2.169e-07,0.0012821978081612485
2.17e-07,0.00037594780816124773
2.171e-07,0.0012821978081612485
2.172e-07,0.0033603278081612478
2.173e-07,0.005282197808161249
2.174e-07,0.006907197808161247
2.175e-07,0.009282197808161249
2.176e-07,0.012297827808161247
2.177e-07,0.013282197808161249
2.178e-07,0.01003219780816125
2.179e-07,0.005282197808161249
2.18e-07,0.0031415778081612476
2.181e-07,0.005282197808161249
2.182e-07,0.009688447808161249
2.183e-07,0.013282197808161249
2.184e-07,0.013250947808161249
2.185e-07,0.009282197808161249
2.186e-07,0.003829077808161248
2.187e-07,0.0012821978081612485
2.188e-07,0.0030634478081612484
2.189e-07,0.005282197808161249
2.19e-07,0.005297827808161248
2.191e-07,0.005282197808161249
2.192e-07,0.007407197808161247
2.193e-07,0.009282197808161249
2.194e-07,0.00782907780816125
2.195e-07,0.005282197808161249
2.196e-07,0.004657197808161248
2.197e-07,0.005282197808161249
2.198e-07,0.0051259478081612485
2.199e-07,0.005282197808161249
2.2e-07,0.0061415778081612485
2.201e-07,0.005282197808161249
2.202e-07,0.0013290778081612477
2.203e-07,-0.002717800191838751
2.204e-07,-0.0035303001918387516
2.205e-07,-0.002717800191838751
2.206e-07,-0.0024834251918387524
2.207e-07,-0.002717800191838751
2.208e-07,-0.0014365501918387515
2.209e-07,0.0012821978081612485
2.21e-07,0.003907197808161249
2.211e-07,0.005282197808161249
2.212e-07,0.005485327808161248
2.213e-07,0.005282197808161249
2.214e-07,0.0051884478081612485
2.215e-07,0.005282197808161249
2.216e-07,0.004454077808161249
2.217e-07,0.0012821978081612485
2.218e-07,-0.0026865501918387526
2.219e-07,-0.002717800191838751
2.22e-07,0.0019540778081612482
2.221e-07,0.005282197808161249
2.222e-07,0.004454077808161249
2.223e-07,0.005282197808161249
2.224e-07,0.011797827808161247
2.225e-07,0.01728219780816125
2.226e-07,0.013766577808161248
2.227e-07,0.005282197808161249
2.228e-07,0.00026657780816124847
2.229e-07,0.0012821978081612485
2.23e-07,0.005141577808161248
2.231e-07,0.009282197808161249
2.232e-07,0.011219697808161247
2.233e-07,0.009282197808161249
2.234e-07,0.004485327808161249
2.235e-07,0.0012821978081612485
2.236e-07,0.002469697808161248
2.237e-07,0.005282197808161249
2.238e-07,0.005313447808161249
2.239e-07,0.0012821978081612485
2.24e-07,-0.0032646751918387514
2.241e-07,-0.002717800191838751
2.242e-07,0.003719697808161249
2.243e-07,0.009282197808161249
2.244e-07,0.008922827808161247
2.245e-07,0.005282197808161249
2.246e-07,0.002860327808161249
2.247e-07,0.0012821978081612485
2.248e-07,-0.0012646751918387513
2.249e-07,-0.002717800191838751
2.25e-07,3.2197808161247427e-05
2.251e-07,0.005282197808161249
2.252e-07,0.008922827808161247
2.253e-07,0.009282197808161249
2.254e-07,0.007250947808161247
2.255e-07,0.005282197808161249
2.256e-07,0.004797827808161249
2.257e-07,0.005282197808161249
2.258e-07,0.005469697808161249
2.259e-07,0.005282197808161249
2.26e-07,0.0051259478081612485
2.261e-07,0.005282197808161249
2.262e-07,0.005141577808161248
2.263e-07,0.005282197808161249
2.264e-07,0.005594697808161249
2.265e-07,0.005282197808161249
2.266e-07,0.004532197808161248
2.267e-07,0.005282197808161249
2.268e-07,0.006860327808161249
2.269e-07,0.005282197808161249
2.27e-07,-0.0010928001918387512
2.271e-07,-0.006717800191838752
2.272e-07,-0.0063896751918387515
2.273e-07,-0.002717800191838751
2.274e-07,-9.280219183875095e-05
2.275e-07,0.0012821978081612485
2.276e-07,0.0023759478081612478
2.277e-07,0.0012821978081612485
2.278e-07,-0.002936550191838752
2.279e-07,-0.006717800191838752
2.28e-07,-0.005999050191838752
2.281e-07,-0.002717800191838751
2.282e-07,-0.0011709251918387512
2.283e-07,-0.002717800191838751
2.284e-07,-0.005530300191838752
2.285e-07,-0.006717800191838752
2.286e-07,-0.004264675191838751
2.287e-07,0.0012821978081612485
2.288e-07,0.0061415778081612485
2.289e-07,0.005282197808161249
2.29e-07,-0.0014521751918387515
2.291e-07,-0.006717800191838752
2.292e-07,-0.005827175191838752
2.293e-07,-0.002717800191838751
2.294e-07,-0.0023584251918387523
2.295e-07,-0.002717800191838751
2.296e-07,-0.0007334251918387526
2.297e-07,0.0012821978081612485
2.298e-07,-0.00020217219183875194
2.299e-07,-0.002717800191838751
2.3e-07,-0.002967800191838752
2.301e-07,-0.002717800191838751
2.302e-07,-0.0044209251918387515
2.303e-07,-0.006717800191838752
2.304e-07,-0.0073428001918387515
2.305e-07,-0.006717800191838752
2.306e-07,-0.006483425191838752
2.307e-07,-0.006717800191838752
2.308e-07,-0.005639675191838752
2.309e-07,-0.002717800191838751
2.31e-07,0.0006728278081612488
2.311e-07,0.0012821978081612485
2.312e-07,-0.002233425191838752
2.313e-07,-0.006717800191838752
2.314e-07,-0.008577175191838753
2.315e-07,-0.006717800191838752
2.316e-07,-0.002795925191838751
2.317e-07,0.0012821978081612485
2.318e-07,0.004125947808161248
2.319e-07,0.005282197808161249
2.32e-07,0.0032353278081612476
2.321e-07,-0.002717800191838751
2.322e-07,-0.010592800391838752
2.323e-07,-0.014717800191838753
2.324e-07,-0.012030300191838752
2.325e-07,-0.006717800191838752
2.326e-07,-0.0036396751918387517
2.327e-07,-0.002717800191838751
2.328e-07,-0.002061550191838752
2.329e-07,-0.002717800191838751
2.33e-07,-0.006186550191838751
2.331e-07,-0.010717800403699752
2.332e-07,-0.012530300191838751
2.333e-07,-0.010717800403699752
2.334e-07,-0.006639675191838752
2.335e-07,-0.002717800191838751
2.336e-07,-0.0012178001918387513
2.337e-07,-0.002717800191838751
2.338e-07,-0.005624050191838752
2.339e-07,-0.006717800191838752
2.34e-07,-0.005014675191838752
2.341e-07,-0.002717800191838751
2.342e-07,-0.002233425191838752
2.343e-07,-0.002717800191838751
2.344e-07,-0.002827175191838751
2.345e-07,-0.002717800191838751
2.346e-07,-0.004077175191838752
2.347e-07,-0.006717800191838752
2.348e-07,-0.009405300191838752
2.349e-07,-0.010717800403699752
2.35e-07,-0.009702175191838752
2.351e-07,-0.006717800191838752
2.352e-07,-0.0034834251918387515
2.353e-07,-0.002717800191838751
2.354e-07,-0.005499050191838752
2.355e-07,-0.010717800403699752
2.356e-07,-0.014780300191838753
2.357e-07,-0.014717800191838753
2.358e-07,-0.010530300391838752
2.359e-07,-0.006717800191838752
2.36e-07,-0.005202175191838751
2.361e-07,-0.002717800191838751
2.362e-07,0.0022821978081612477
2.363e-07,0.005282197808161249
2.364e-07,0.0021571978081612476
2.365e-07,-0.002717800191838751
2.366e-07,-0.003999050191838752
2.367e-07,-0.002717800191838751
2.368e-07,-0.0025459251918387524
2.369e-07,-0.002717800191838751
2.37e-07,-0.002139675191838752
2.371e-07,-0.002717800191838751
2.372e-07,-0.0053896751918387515
2.373e-07,-0.006717800191838752
2.374e-07,-0.0035928001918387516
2.375e-07,0.0012821978081612485
2.376e-07,0.0034071978081612487
2.377e-07,0.0012821978081612485
2.378e-07,-0.0023115501918387522
2.379e-07,-0.002717800191838751
2.38e-07,9.469780816124748e-05
2.381e-07,0.0012821978081612485
2.382e-07,-0.0014209251918387514
2.383e-07,-0.002717800191838751
2.384e-07,0.0010946978081612484
2.385e-07,0.005282197808161249
2.386e-07,0.0032665778081612477
2.387e-07,-0.002717800191838751
2.388e-07,-0.006639675191838752
2.389e-07,-0.006717800191838752
2.39e-07,-0.004811550191838752
2.391e-07,-0.002717800191838751
2.392e-07,-0.0015303001918387515
2.393e-07,-0.002717800191838751
2.394e-07,-0.005483425191838752
2.395e-07,-0.006717800191838752
2.396e-07,-0.004874050191838752
2.397e-07,-0.002717800191838751
2.398e-07,-0.0024678001918387524
2.399e-07,-0.002717800191838751
2.4e-07,-0.0012959251918387513
2.401e-07,0.0012821978081612485
2.402e-07,0.0023759478081612478
2.403e-07,0.0012821978081612485
2.404e-07,-0.000967800191838751
2.405e-07,-0.002717800191838751
2.406e-07,-0.003139675191838752
2.407e-07,-0.002717800191838751
2.408e-07,-0.0023896751918387523
2.409e-07,-0.002717800191838751
2.41e-07,-0.003045925191838752
2.411e-07,-0.002717800191838751
2.412e-07,-0.0012021751918387513
2.413e-07,0.0012821978081612485
2.414e-07,0.003907197808161249
2.415e-07,0.005282197808161249
2.416e-07,0.005110327808161248
2.417e-07,0.005282197808161249
2.418e-07,0.005985327808161248
2.419e-07,0.005282197808161249
2.42e-07,0.002563447808161248
2.421e-07,0.0012821978081612485
2.422e-07,0.0032978278081612477
2.423e-07,0.005282197808161249
2.424e-07,0.003907197808161249
2.425e-07,0.0012821978081612485
2.426e-07,0.0015946978081612488
2.427e-07,0.005282197808161249
2.428e-07,0.008813447808161248
2.429e-07,0.009282197808161249
2.43e-07,0.0068759478081612466
2.431e-07,0.005282197808161249
2.432e-07,0.00668844780816125
2.433e-07,0.009282197808161249
2.434e-07,0.009047827808161248
2.435e-07,0.005282197808161249
2.436e-07,0.0002509478081612476
2.437e-07,-0.002717800191838751
2.438e-07,-0.0018740501918387518
2.439e-07,0.0012821978081612485
2.44e-07,0.004313447808161248
2.441e-07,0.005282197808161249
2.442e-07,0.0039696978081612475
2.443e-07,0.0012821978081612485
2.444e-07,-0.0002803021918387511
2.445e-07,0.0012821978081612485
2.446e-07,0.005704077808161248
2.447e-07,0.009282197808161249
2.448e-07,0.008719697808161248
2.449e-07,0.005282197808161249
2.45e-07,0.002954077808161249
2.451e-07,0.005282197808161249
2.452e-07,0.010641577808161249
2.453e-07,0.013282197808161249
2.454e-07,0.01000094780816125
2.455e-07,0.005282197808161249
2.456e-07,0.0039696978081612475
2.457e-07,0.005282197808161249
2.458e-07,0.005844697808161249
2.459e-07,0.005282197808161249
2.46e-07,0.005204077808161248
2.461e-07,0.005282197808161249
2.462e-07,0.005000947808161248
2.463e-07,0.005282197808161249
2.464e-07,0.007125947808161247
2.465e-07,0.009282197808161249
2.466e-07,0.010141577808161249
2.467e-07,0.009282197808161249
2.468e-07,0.008157197808161248
2.469e-07,0.009282197808161249
2.47e-07,0.012157197808161248
2.471e-07,0.013282197808161249
2.472e-07,0.01089157780816125
2.473e-07,0.009282197808161249
2.474e-07,0.011125947808161247
2.475e-07,0.013282197808161249
2.476e-07,0.011907197808161248
2.477e-07,0.009282197808161249
2.478e-07,0.008735327808161247
2.479e-07,0.009282197808161249
2.48e-07,0.008125947808161248
2.481e-07,0.005282197808161249
2.482e-07,0.003829077808161248
2.483e-07,0.005282197808161249
2.484e-07,0.008313447808161248
2.485e-07,0.009282197808161249
2.486e-07,0.007188447808161247
2.487e-07,0.005282197808161249
2.488e-07,0.00764157780816125
2.489e-07,0.013282197808161249
2.49e-07,0.01759469780816125
2.491e-07,0.01728219780816125
2.492e-07,0.012891577808161248
2.493e-07,0.009282197808161249
2.494e-07,0.009547827808161248
2.495e-07,0.013282197808161249
2.496e-07,0.01665719780816125
2.497e-07,0.01728219780816125
2.498e-07,0.015250947808161247
2.499e-07,0.013282197808161249
2.5e-07,0.011891577808161247
2.501e-07,0.009282197808161249
2.502e-07,0.004954077808161247
2.503e-07,0.0012821978081612485
2.504e-07,0.0015634478081612488
2.505e-07,0.005282197808161249
2.506e-07,0.008954077808161248
2.507e-07,0.009282197808161249
2.508e-07,0.007875947808161247
2.509e-07,0.009282197808161249
2.51e-07,0.014579077808161249
2.511e-07,0.01728219780816125
2.512e-07,0.012500947808161248
2.513e-07,0.005282197808161249
2.514e-07,0.002750947808161248
2.515e-07,0.005282197808161249
2.516e-07,0.009141577808161248
2.517e-07,0.013282197808161249
2.518e-07,0.01693844780816125
2.519e-07,0.01728219780816125
2.52e-07,0.013219697808161249
2.521e-07,0.009282197808161249
2.522e-07,0.008813447808161248
2.523e-07,0.009282197808161249
2.524e-07,0.00754782780816125
2.525e-07,0.005282197808161249
2.526e-07,0.005766577808161248
2.527e-07,0.009282197808161249
2.528e-07,0.012547827808161247
2.529e-07,0.013282197808161249
2.53e-07,0.01142282780816125
2.531e-07,0.009282197808161249
2.532e-07,0.008688447808161248
2.533e-07,0.009282197808161249
2.534e-07,0.008641577808161247
2.535e-07,0.005282197808161249
2.536e-07,0.0003446978081612477
2.537e-07,-0.002717800191838751
2.538e-07,-0.0015615501918387516
2.539e-07,0.0012821978081612485
2.54e-07,0.003579077808161248
2.541e-07,0.005282197808161249
2.542e-07,0.00662594780816125
2.543e-07,0.005282197808161249
2.544e-07,0.001672827808161248
2.545e-07,0.0012821978081612485
2.546e-07,0.007047827808161249
2.547e-07,0.013282197808161249
2.548e-07,0.013360327808161248
2.549e-07,0.009282197808161249
2.55e-07,0.005922827808161248
2.551e-07,0.005282197808161249
2.552e-07,0.005313447808161249
2.553e-07,0.005282197808161249
2.554e-07,0.005360327808161248
2.555e-07,0.005282197808161249
2.556e-07,0.005000947808161248
2.557e-07,0.005282197808161249
2.558e-07,0.004954077808161247
2.559e-07,0.0012821978081612485
2.56e-07,-0.004624050191838752
2.561e-07,-0.006717800191838752
2.562e-07,-0.0015928001918387516
2.563e-07,0.005282197808161249
2.564e-07,0.007344697808161247
2.565e-07,0.005282197808161249
2.566e-07,0.002922827808161249
2.567e-07,0.0012821978081612485
2.568e-07,-0.0008115501918387509
2.569e-07,-0.002717800191838751
2.57e-07,-0.0032334251918387513
2.571e-07,-0.002717800191838751
2.572e-07,-0.0024209251918387523
2.573e-07,-0.002717800191838751
2.574e-07,-0.002999050191838752
2.575e-07,-0.002717800191838751
2.576e-07,-0.002030300191838752
2.577e-07,-0.002717800191838751
2.578e-07,-0.005030300191838752
2.579e-07,-0.006717800191838752
2.58e-07,-0.005733425191838752
2.581e-07,-0.002717800191838751
2.582e-07,6.344780816124745e-05
2.583e-07,0.0012821978081612485
2.584e-07,0.0013134478081612486
2.585e-07,0.0012821978081612485
2.586e-07,0.00032907780816124853
2.587e-07,-0.002717800191838751
2.588e-07,-0.007577175191838752
2.589e-07,-0.010717800403699752
2.59e-07,-0.008795925191838751
2.591e-07,-0.002717800191838751
2.592e-07,0.0023603278081612486
2.593e-07,0.0012821978081612485
2.594e-07,-0.0053896751918387515
2.595e-07,-0.010717800403699752
2.596e-07,-0.009717800191838752
2.597e-07,-0.006717800191838752
2.598e-07,-0.0064209251918387516
2.599e-07,-0.006717800191838752
2.6e-07,-0.004686550191838752
2.601e-07,-0.002717800191838751
2.602e-07,-0.0033271751918387514
2.603e-07,-0.002717800191838751
2.604e-07,0.001813447808161249
2.605e-07,0.005282197808161249
2.606e-07,0.001797827808161248
2.607e-07,-0.006717800191838752
2.608e-07,-0.013733425191838752
2.609e-07,-0.014717800191838753
2.61e-07,-0.010749050401838751
2.611e-07,-0.006717800191838752
2.612e-07,-0.004874050191838752
2.613e-07,-0.002717800191838751
2.614e-07,0.0016259478081612488
2.615e-07,0.005282197808161249
2.616e-07,0.003579077808161248
2.617e-07,-0.002717800191838751
2.618e-07,-0.008858425191838751
2.619e-07,-0.010717800403699752
2.62e-07,-0.008702175191838753
2.621e-07,-0.006717800191838752
2.622e-07,-0.007905300191838752
2.623e-07,-0.010717800403699752
2.624e-07,-0.011795925191838752
2.625e-07,-0.010717800403699752
2.626e-07,-0.008514675191838753
2.627e-07,-0.006717800191838752
2.628e-07,-0.005842800191838752
2.629e-07,-0.006717800191838752
2.63e-07,-0.009045925191838751
2.631e-07,-0.010717800403699752
2.632e-07,-0.009764675391838751
2.633e-07,-0.006717800191838752
2.634e-07,-0.0036865501918387517
2.635e-07,-0.002717800191838751
2.636e-07,-0.004264675191838751
2.637e-07,-0.006717800191838752
2.638e-07,-0.007858425191838752
2.639e-07,-0.006717800191838752
2.64e-07,-0.004295925191838751
2.641e-07,-0.002717800191838751
2.642e-07,-0.002795925191838751
2.643e-07,-0.002717800191838751
2.644e-07,-0.0012021751918387513
2.645e-07,0.0012821978081612485
2.646e-07,0.002532197808161248
2.647e-07,0.0012821978081612485
2.648e-07,-0.0015146751918387515
2.649e-07,-0.002717800191838751
2.65e-07,-0.002077175191838752
2.651e-07,-0.002717800191838751
2.652e-07,-0.005811550191838752
2.653e-07,-0.006717800191838752
2.654e-07,-0.002717800191838751
2.655e-07,0.0012821978081612485
2.656e-07,0.0005009478081612478
2.657e-07,-0.002717800191838751
2.658e-07,-0.0036865501918387517
2.659e-07,-0.002717800191838751
2.66e-07,-0.0032803001918387514
2.661e-07,-0.006717800191838752
2.662e-07,-0.009483425191838752
2.663e-07,-0.006717800191838752
2.664e-07,0.000860327808161249
2.665e-07,0.005282197808161249
2.666e-07,0.001907197808161249
2.667e-07,-0.002717800191838751
2.668e-07,-0.0017178001918387517
2.669e-07,0.0012821978081612485
2.67e-07,0.0003134478081612477
2.671e-07,-0.002717800191838751
2.672e-07,-0.0034053001918387515
2.673e-07,-0.002717800191838751
2.674e-07,-0.0032021751918387513
2.675e-07,-0.002717800191838751
2.676e-07,0.0010946978081612484
2.677e-07,0.005282197808161249
2.678e-07,0.006360327808161249
2.679e-07,0.005282197808161249
2.68e-07,0.003750947808161249
2.681e-07,0.0012821978081612485
2.682e-07,-0.0019209251918387519
2.683e-07,-0.002717800191838751
2.684e-07,0.0007509478081612481
2.685e-07,0.005282197808161249
2.686e-07,0.006579077808161249
2.687e-07,0.005282197808161249
2.688e-07,0.004297827808161249
2.689e-07,0.005282197808161249
2.69e-07,0.00736032780816125
2.691e-07,0.009282197808161249
2.692e-07,0.009032197808161248
2.693e-07,0.005282197808161249
2.694e-07,-0.00032717219183875206
2.695e-07,-0.002717800191838751
2.696e-07,-0.0004678021918387513
2.697e-07,0.0012821978081612485
2.698e-07,-0.0007178021918387515
2.699e-07,-0.002717800191838751
2.7e-07,6.344780816124745e-05
2.701e-07,0.005282197808161249
2.702e-07,0.00742282780816125
2.703e-07,0.005282197808161249
2.704e-07,0.0020790778081612483
2.705e-07,0.0012821978081612485
2.706e-07,0.0031259478081612484
2.707e-07,0.005282197808161249
2.708e-07,0.004594697808161248
2.709e-07,0.0012821978081612485
2.71e-07,-0.002092800191838752
2.711e-07,-0.002717800191838751
2.712e-07,-0.0006553021918387514
2.713e-07,0.0012821978081612485
2.714e-07,0.0005634478081612479
2.715e-07,-0.002717800191838751
2.716e-07,-0.005936550191838752
2.717e-07,-0.006717800191838752
2.718e-07,-0.004670925191838752
2.719e-07,-0.002717800191838751
2.72e-07,-0.002264675191838752
2.721e-07,-0.002717800191838751
2.722e-07,-0.002795925191838751
2.723e-07,-0.002717800191838751
2.724e-07,-0.003030300191838752
2.725e-07,-0.002717800191838751
2.726e-07,9.478081612491335e-07
2.727e-07,0.005282197808161249
2.728e-07,0.009594697808161249
2.729e-07,0.009282197808161249
2.73e-07,0.003422827808161248
2.731e-07,-0.002717800191838751
2.732e-07,-0.004545925191838752
2.733e-07,-0.002717800191838751
2.734e-07,-0.0014053001918387514
2.735e-07,-0.002717800191838751
2.736e-07,-0.0054365501918387515
2.737e-07,-0.006717800191838752
2.738e-07,-0.005170925191838751
2.739e-07,-0.002717800191838751
2.74e-07,-0.0014053001918387514
2.741e-07,-0.002717800191838751
2.742e-07,-0.005139675191838751
2.743e-07,-0.006717800191838752
2.744e-07,-0.006717800191838752
2.745e-07,-0.006717800191838752
2.746e-07,-0.006217800191838751
2.747e-07,-0.002717800191838751
2.748e-07,0.004079077808161248
2.749e-07,0.009282197808161249
2.75e-07,0.008688447808161248
2.751e-07,0.005282197808161249
2.752e-07,0.003907197808161249
2.753e-07,0.005282197808161249
2.754e-07,0.006266577808161249
2.755e-07,0.005282197808161249
2.756e-07,0.002829077808161249
2.757e-07,0.0012821978081612485
2.758e-07,0.0020165778081612483
2.759e-07,0.005282197808161249
2.76e-07,0.008641577808161247
2.761e-07,0.009282197808161249
2.762e-07,0.007079077808161249
2.763e-07,0.005282197808161249
2.764e-07,0.005422827808161248
2.765e-07,0.005282197808161249
2.766e-07,0.0021728278081612484
2.767e-07,-0.002717800191838751
2.768e-07,-0.005108425191838752
2.769e-07,-0.002717800191838751
2.77e-07,0.0025478278081612488
2.771e-07,0.005282197808161249
2.772e-07,0.003579077808161248
2.773e-07,0.0012821978081612485
2.774e-07,0.0024540778081612487
2.775e-07,0.005282197808161249
2.776e-07,0.006032197808161249
2.777e-07,0.005282197808161249
2.778e-07,0.0050478278081612475
2.779e-07,0.005282197808161249
2.78e-07,0.004860327808161249
2.781e-07,0.005282197808161249
2.782e-07,0.00640719780816125
2.783e-07,0.005282197808161249
2.784e-07,0.0007353278081612489
2.785e-07,-0.002717800191838751
2.786e-07,-0.0014521751918387515
2.787e-07,0.0012821978081612485
2.788e-07,0.001750947808161249
2.789e-07,0.0012821978081612485
2.79e-07,0.001844697808161249
2.791e-07,0.0012821978081612485
2.792e-07,-0.0014834251918387515
2.793e-07,-0.002717800191838751
2.794e-07,0.0007978278081612489
2.795e-07,0.005282197808161249
2.796e-07,0.005500947808161249
2.797e-07,0.0012821978081612485
2.798e-07,-0.002874050191838751
2.799e-07,-0.002717800191838751
2.8e-07,0.0015321978081612488
2.801e-07,0.005282197808161249
2.802e-07,0.005610327808161248
2.803e-07,0.005282197808161249
2.804e-07,0.0068759478081612466
2.805e-07,0.009282197808161249
2.806e-07,0.008641577808161247
2.807e-07,0.005282197808161249
2.808e-07,0.0021415778081612484
2.809e-07,0.0012821978081612485
2.81e-07,0.0018290778081612481
2.811e-07,0.0012821978081612485
2.812e-07,-0.002045925191838752
2.813e-07,-0.006717800191838752
2.814e-07,-0.008889675191838751
2.815e-07,-0.006717800191838752
2.816e-07,-0.0006709221918387524
2.817e-07,0.005282197808161249
2.818e-07,0.00764157780816125
2.819e-07,0.005282197808161249
2.82e-07,0.0005165778081612487
2.821e-07,-0.002717800191838751
2.822e-07,-0.002124050191838752
2.823e-07,0.0012821978081612485
2.824e-07,0.004375947808161248
2.825e-07,0.005282197808161249
2.826e-07,0.004469697808161248
2.827e-07,0.005282197808161249
2.828e-07,0.007969697808161248
2.829e-07,0.009282197808161249
2.83e-07,0.00637594780816125
2.831e-07,0.0012821978081612485
2.832e-07,-0.002155300191838752
2.833e-07,-0.002717800191838751
2.834e-07,-0.0022959251918387522
2.835e-07,-0.002717800191838751
2.836e-07,-0.0035146751918387516
2.837e-07,-0.002717800191838751
2.838e-07,0.0008446978081612481
2.839e-07,0.005282197808161249
2.84e-07,0.00739157780816125
2.841e-07,0.005282197808161249
2.842e-07,0.00048532780816124867
2.843e-07,-0.002717800191838751
2.844e-07,-0.002795925191838751
2.845e-07,-0.002717800191838751
2.846e-07,-0.003827175191838752
2.847e-07,-0.002717800191838751
2.848e-07,0.0020165778081612483
2.849e-07,0.005282197808161249
2.85e-07,0.0023759478081612478
2.851e-07,-0.002717800191838751
2.852e-07,-0.003155300191838752
2.853e-07,0.0012821978081612485
2.854e-07,0.005438447808161249
2.855e-07,0.005282197808161249
2.856e-07,9.469780816124748e-05
2.857e-07,-0.006717800191838752
2.858e-07,-0.010092800391838751
2.859e-07,-0.006717800191838752
2.86e-07,0.0009696978081612483
2.861e-07,0.005282197808161249
2.862e-07,0.0024540778081612487
2.863e-07,-0.002717800191838751
2.864e-07,-0.004217800191838751
2.865e-07,-0.002717800191838751
2.866e-07,-0.001967800191838752
2.867e-07,-0.002717800191838751
2.868e-07,-0.003170925191838752
2.869e-07,-0.002717800191838751
2.87e-07,-0.0015459251918387516
2.871e-07,0.0012821978081612485
2.872e-07,0.004844697808161248
2.873e-07,0.005282197808161249
2.874e-07,0.0012665778081612476
2.875e-07,-0.002717800191838751
2.876e-07,-0.0032646751918387514
2.877e-07,-0.002717800191838751
2.878e-07,-0.0033584251918387514
2.879e-07,-0.002717800191838751
2.88e-07,0.0015009478081612487
2.881e-07,0.005282197808161249
2.882e-07,0.004454077808161249
2.883e-07,0.0012821978081612485
2.884e-07,3.2197808161247427e-05
2.885e-07,0.0012821978081612485
2.886e-07,0.0031415778081612476
2.887e-07,0.005282197808161249
2.888e-07,0.007594697808161247
2.889e-07,0.009282197808161249
2.89e-07,0.008375947808161248
2.891e-07,0.005282197808161249
2.892e-07,0.0010321978081612483
2.893e-07,-0.002717800191838751
2.894e-07,-0.004155300191838752
2.895e-07,-0.002717800191838751
2.896e-07,0.0001728278081612484
2.897e-07,0.0012821978081612485
2.898e-07,-0.00043655219183875126
2.899e-07,-0.002717800191838751
2.9e-07,-0.001967800191838752
2.901e-07,0.0012821978081612485
2.902e-07,0.004485327808161249
2.903e-07,0.005282197808161249
2.904e-07,0.003532197808161249
2.905e-07,0.0012821978081612485
2.906e-07,0.0012665778081612476
2.907e-07,0.005282197808161249
2.908e-07,0.01089157780816125
2.909e-07,0.013282197808161249
2.91e-07,0.009922827808161248
2.911e-07,0.005282197808161249
2.912e-07,0.003688447808161249
2.913e-07,0.005282197808161249
2.914e-07,0.006485327808161249
2.915e-07,0.005282197808161249
2.916e-07,0.002579077808161249
2.917e-07,0.0012821978081612485
2.918e-07,0.001797827808161248
2.919e-07,0.0012821978081612485
2.92e-07,-0.0012803001918387513
2.921e-07,-0.002717800191838751
2.922e-07,-0.0006396721918387523
2.923e-07,0.0012821978081612485
2.924e-07,-0.000264672191838752
2.925e-07,-0.002717800191838751
2.926e-07,-0.0018584251918387518
2.927e-07,0.0012821978081612485
2.928e-07,0.0029384478081612483
2.929e-07,0.0012821978081612485
2.93e-07,-0.0017490501918387517
2.931e-07,-0.002717800191838751
2.932e-07,-0.0006553021918387514
2.933e-07,0.0012821978081612485
2.934e-07,0.0009853278081612491
2.935e-07,0.0012821978081612485
2.936e-07,0.003829077808161248
2.937e-07,0.005282197808161249
2.938e-07,0.0030790778081612475
2.939e-07,0.0012821978081612485
2.94e-07,0.0032040778081612476
2.941e-07,0.005282197808161249
2.942e-07,0.002579077808161249
2.943e-07,-0.002717800191838751
2.944e-07,-0.005108425191838752
2.945e-07,-0.002717800191838751
2.946e-07,0.0019853278081612483
2.947e-07,0.005282197808161249
2.948e-07,0.004719697808161248
2.949e-07,0.0012821978081612485
2.95e-07,-0.001983425191838752
2.951e-07,-0.002717800191838751
2.952e-07,-0.0008115501918387509
2.953e-07,0.0012821978081612485
2.954e-07,0.000829077808161249
2.955e-07,-0.002717800191838751
2.956e-07,-0.006795925191838752
2.957e-07,-0.006717800191838752
2.958e-07,-0.000999050191838751
2.959e-07,0.005282197808161249
2.96e-07,0.007188447808161247
2.961e-07,0.005282197808161249
2.962e-07,0.001813447808161249
2.963e-07,-0.002717800191838751
2.964e-07,-0.006889675191838751
2.965e-07,-0.006717800191838752
2.966e-07,-0.0007490501918387509
2.967e-07,0.005282197808161249
2.968e-07,0.005422827808161248
2.969e-07,0.0012821978081612485
2.97e-07,-0.0012490501918387513
2.971e-07,0.0012821978081612485
2.972e-07,0.006704077808161249
2.973e-07,0.009282197808161249
2.974e-07,0.006188447808161249
2.975e-07,0.0012821978081612485
2.976e-07,-0.0005771721918387523
2.977e-07,0.0012821978081612485
2.978e-07,0.003922827808161248
2.979e-07,0.005282197808161249
2.98e-07,0.005313447808161249
2.981e-07,0.005282197808161249
2.982e-07,0.005344697808161249
2.983e-07,0.005282197808161249
2.984e-07,0.004875947808161248
2.985e-07,0.005282197808161249
2.986e-07,0.006157197808161249
2.987e-07,0.005282197808161249
2.988e-07,0.0013446978081612486
2.989e-07,-0.002717800191838751
2.99e-07,-0.003764675191838752
2.991e-07,-0.002717800191838751
2.992e-07,-0.001999050191838752
2.993e-07,-0.002717800191838751
2.994e-07,-0.0034365501918387515
2.995e-07,-0.002717800191838751
2.996e-07,-0.0004990521918387513
2.997e-07,0.0012821978081612485
2.998e-07,0.0015165778081612478
2.999e-07,0.0012821978081612485
3e-07,0.0014384478081612487
3.001e-07,0.0012821978081612485
3.002e-07,-0.0005615521918387514
3.003e-07,-0.002717800191838751
3.004e-07,-0.0033740501918387514
3.005e-07,-0.002717800191838751
3.006e-07,-0.002108425191838752
3.007e-07,-0.002717800191838751
3.008e-07,-0.004545925191838752
3.009e-07,-0.006717800191838752
3.01e-07,-0.007749050191838752
3.011e-07,-0.006717800191838752
3.012e-07,-0.0033584251918387514
3.013e-07,0.0012821978081612485
3.014e-07,0.004860327808161249
3.015e-07,0.005282197808161249
3.016e-07,0.0019540778081612482
3.017e-07,-0.002717800191838751
3.018e-07,-0.005983425191838752
3.019e-07,-0.006717800191838752
3.02e-07,-0.006202175191838751
3.021e-07,-0.006717800191838752
3.022e-07,-0.007920925191838752
3.023e-07,-0.006717800191838752
3.024e-07,-0.002202175191838752
3.025e-07,0.0012821978081612485
3.026e-07,0.0002978278081612485
3.027e-07,-0.002717800191838751
3.028e-07,-0.0037490501918387518
3.029e-07,-0.002717800191838751
3.03e-07,-0.002233425191838752
3.031e-07,-0.002717800191838751
3.032e-07,-0.003124050191838752
3.033e-07,-0.002717800191838751
3.034e-07,-0.0023271751918387523
3.035e-07,-0.002717800191838751
3.036e-07,-0.004327175191838751
3.037e-07,-0.006717800191838752
3.038e-07,-0.007999050191838752
3.039e-07,-0.006717800191838752
3.04e-07,-0.003827175191838752
3.041e-07,-0.002717800191838751
3.042e-07,-0.004717800191838752
3.043e-07,-0.006717800191838752
3.044e-07,-0.005686550191838752
3.045e-07,-0.002717800191838751
3.046e-07,-0.0012178001918387513
3.047e-07,-0.002717800191838751
3.048e-07,-0.005467800191838752
3.049e-07,-0.006717800191838752
3.05e-07,-0.006249050191838751
3.051e-07,-0.006717800191838752
3.052e-07,-0.009108425191838751
3.053e-07,-0.010717800403699752
3.054e-07,-0.008092800191838752
3.055e-07,-0.002717800191838751
3.056e-07,0.0012509478081612485
3.057e-07,0.0012821978081612485
3.058e-07,-0.0014209251918387514
3.059e-07,-0.002717800191838751
3.06e-07,-0.001030300191838751
3.061e-07,0.0012821978081612485
3.062e-07,0.0014540778081612478
3.063e-07,0.0012821978081612485
3.064e-07,0.001907197808161249
3.065e-07,0.0012821978081612485
3.066e-07,-0.002717800191838751
3.067e-07,-0.006717800191838752
3.068e-07,-0.007483425191838752
3.069e-07,-0.006717800191838752
3.07e-07,-0.006749050191838752
3.071e-07,-0.006717800191838752
3.072e-07,-0.004889675191838752
3.073e-07,-0.002717800191838751
3.074e-07,-0.003139675191838752
3.075e-07,-0.006717800191838752
3.076e-07,-0.010420925391838752
3.077e-07,-0.010717800403699752
3.078e-07,-0.006874050191838751
3.079e-07,-0.002717800191838751
3.08e-07,-0.0025771751918387525
3.081e-07,-0.006717800191838752
3.082e-07,-0.010983425391838752
3.083e-07,-0.010717800403699752
3.084e-07,-0.006139675191838751
3.085e-07,-0.002717800191838751
3.086e-07,-0.004124050191838752
3.087e-07,-0.006717800191838752
3.088e-07,-0.005967800191838752
3.089e-07,-0.002717800191838751
3.09e-07,-0.0012334251918387513
3.091e-07,-0.002717800191838751
3.092e-07,-0.006233425191838751
3.093e-07,-0.010717800403699752
3.094e-07,-0.01442092519183875
3.095e-07,-0.014717800191838753
3.096e-07,-0.010811550401838751
3.097e-07,-0.006717800191838752
3.098e-07,-0.005608425191838752
3.099e-07,-0.006717800191838752
3.1e-07,-0.0073115501918387515
3.101e-07,-0.006717800191838752
3.102e-07,-0.005280300191838751
3.103e-07,-0.002717800191838751
3.104e-07,0.0002509478081612476
3.105e-07,0.0012821978081612485
3.106e-07,-0.0007490501918387509
3.107e-07,-0.002717800191838751
3.108e-07,-0.002858425191838751
3.109e-07,-0.002717800191838751
3.11e-07,-0.004530300191838752
3.111e-07,-0.006717800191838752
3.112e-07,-0.0063115501918387515
3.113e-07,-0.002717800191838751
3.114e-07,0.0010165778081612491
3.115e-07,0.0012821978081612485
3.116e-07,-0.0024990501918387524
3.117e-07,-0.006717800191838752
3.118e-07,-0.007858425191838752
3.119e-07,-0.006717800191838752
3.12e-07,-0.005983425191838752
3.121e-07,-0.006717800191838752
3.122e-07,-0.007436550191838752
3.123e-07,-0.006717800191838752
3.124e-07,-0.004655300191838752
3.125e-07,-0.002717800191838751
3.126e-07,-0.002092800191838752
3.127e-07,-0.002717800191838751
3.128e-07,-0.0032959251918387514
3.129e-07,-0.002717800191838751
3.13e-07,-0.0019209251918387519
3.131e-07,-0.002717800191838751
3.132e-07,-0.005202175191838751
3.133e-07,-0.006717800191838752
3.134e-07,-0.005280300191838751
3.135e-07,-0.002717800191838751
3.136e-07,-0.0018428001918387518
3.137e-07,-0.002717800191838751
3.138e-07,-0.0033740501918387514
3.139e-07,-0.002717800191838751
3.14e-07,-0.000967800191838751
3.141e-07,0.0012821978081612485
3.142e-07,0.0023446978081612477
3.143e-07,0.0012821978081612485
3.144e-07,-0.0014521751918387515
3.145e-07,-0.002717800191838751
3.146e-07,-0.0012021751918387513
3.147e-07,0.0012821978081612485
3.148e-07,0.0012509478081612485
3.149e-07,-0.002717800191838751
3.15e-07,-0.008249050191838752
3.151e-07,-0.010717800403699752
3.152e-07,-0.008717800191838751
3.153e-07,-0.006717800191838752
3.154e-07,-0.007108425191838751
3.155e-07,-0.006717800191838752
3.156e-07,-0.0025303001918387524
3.157e-07,0.0012821978081612485
3.158e-07,0.00023532780816124844
3.159e-07,-0.002717800191838751
3.16e-07,-0.0032021751918387513
3.161e-07,-0.002717800191838751
3.162e-07,-0.0033740501918387514
3.163e-07,-0.002717800191838751
3.164e-07,0.00020407780816124842
3.165e-07,0.0012821978081612485
3.166e-07,-0.0025771751918387525
3.167e-07,-0.006717800191838752
3.168e-07,-0.005202175191838751
3.169e-07,0.0012821978081612485
3.17e-07,0.00646969780816125
3.171e-07,0.005282197808161249
3.172e-07,-0.0015146751918387515
3.173e-07,-0.006717800191838752
3.174e-07,-0.005936550191838752
3.175e-07,-0.002717800191838751
3.176e-07,-0.001967800191838752
3.177e-07,-0.002717800191838751
3.178e-07,-0.0024834251918387524
3.179e-07,-0.002717800191838751
3.18e-07,-0.005092800191838752
3.181e-07,-0.006717800191838752
3.182e-07,-0.004952175191838752
3.183e-07,-0.002717800191838751
3.184e-07,-0.0036865501918387517
3.185e-07,-0.006717800191838752
3.186e-07,-0.008108425191838752
3.187e-07,-0.006717800191838752
3.188e-07,-0.004030300191838752
3.189e-07,-0.002717800191838751
3.19e-07,-0.004061550191838752
3.191e-07,-0.006717800191838752
3.192e-07,-0.008155300191838752
3.193e-07,-0.006717800191838752
3.194e-07,-0.002749050191838751
3.195e-07,0.0012821978081612485
3.196e-07,0.002860327808161249
3.197e-07,0.0012821978081612485
3.198e-07,-0.002717800191838751
3.199e-07,-0.006717800191838752
3.2e-07,-0.008249050191838752
3.201e-07,-0.006717800191838752
3.202e-07,-0.002858425191838751
3.203e-07,0.0012821978081612485
3.204e-07,0.0030321978081612484
3.205e-07,0.0012821978081612485
3.206e-07,-0.002108425191838752
3.207e-07,-0.002717800191838751
3.208e-07,0.0010478278081612474
3.209e-07,0.005282197808161249
3.21e-07,0.005141577808161248
3.211e-07,0.0012821978081612485
3.212e-07,-0.0023584251918387523
3.213e-07,-0.002717800191838751
3.214e-07,-0.0005459221918387522
3.215e-07,0.0012821978081612485
3.216e-07,0.0004228278081612486
3.217e-07,-0.002717800191838751
3.218e-07,-0.004889675191838752
3.219e-07,-0.002717800191838751
3.22e-07,0.002688447808161248
3.221e-07,0.005282197808161249
3.222e-07,0.0019853278081612483
3.223e-07,-0.002717800191838751
3.224e-07,-0.003780300191838752
3.225e-07,-0.002717800191838751
3.226e-07,-0.002702175191838751
3.227e-07,-0.002717800191838751
3.228e-07,-0.0007021721918387524
3.229e-07,0.0012821978081612485
3.23e-07,0.0012353278081612476
3.231e-07,0.0012821978081612485
3.232e-07,0.003422827808161248
3.233e-07,0.005282197808161249
3.234e-07,0.004016577808161248
3.235e-07,0.0012821978081612485
3.236e-07,9.469780816124748e-05
3.237e-07,0.0012821978081612485
3.238e-07,0.0033603278081612478
3.239e-07,0.005282197808161249
3.24e-07,0.006079077808161248
3.241e-07,0.005282197808161249
3.242e-07,0.0031728278081612476
3.243e-07,0.0012821978081612485
3.244e-07,0.0007353278081612489
3.245e-07,0.0012821978081612485
3.246e-07,0.001766577808161248
3.247e-07,0.0012821978081612485
3.248e-07,0.0004696978081612478
3.249e-07,0.0012821978081612485
3.25e-07,0.003688447808161249
3.251e-07,0.005282197808161249
3.252e-07,0.004125947808161248
3.253e-07,0.0012821978081612485
3.254e-07,-0.00018655219183875103
3.255e-07,0.0012821978081612485
3.256e-07,0.0031415778081612476
3.257e-07,0.0012821978081612485
3.258e-07,-0.004139675191838752
3.259e-07,-0.006717800191838752
3.26e-07,-0.002030300191838752
3.261e-07,0.005282197808161249
3.262e-07,0.008063447808161248
3.263e-07,0.005282197808161249
3.264e-07,0.0007665778081612489
3.265e-07,-0.002717800191838751
3.266e-07,-0.003936550191838752
3.267e-07,-0.002717800191838751
3.268e-07,-3.0302191838750894e-05
3.269e-07,0.0012821978081612485
3.27e-07,0.0005790778081612487
3.271e-07,0.0012821978081612485
3.272e-07,0.005172827808161248
3.273e-07,0.009282197808161249
3.274e-07,0.01021969780816125
3.275e-07,0.009282197808161249
3.276e-07,0.007844697808161247
3.277e-07,0.005282197808161249
3.278e-07,0.0006415778081612488
3.279e-07,-0.002717800191838751
3.28e-07,-0.0019053001918387519
3.281e-07,0.0012821978081612485
3.282e-07,0.002797827808161249
3.283e-07,0.0012821978081612485
3.284e-07,-0.0013271751918387514
3.285e-07,-0.002717800191838751
3.286e-07,-0.0013896751918387514
3.287e-07,0.0012821978081612485
3.288e-07,0.002954077808161249
3.289e-07,0.0012821978081612485
3.29e-07,-0.002233425191838752
3.291e-07,-0.002717800191838751
3.292e-07,0.0014228278081612478
3.293e-07,0.005282197808161249
3.294e-07,0.005297827808161248
3.295e-07,0.005282197808161249
3.296e-07,0.007922827808161247
3.297e-07,0.009282197808161249
3.298e-07,0.005360327808161248
3.299e-07,0.0012821978081612485
3.3e-07,0.0021728278081612484
3.301e-07,0.005282197808161249
3.302e-07,0.004860327808161249
3.303e-07,0.0012821978081612485
3.304e-07,-0.0017021751918387517
3.305e-07,-0.002717800191838751
3.306e-07,-0.0026553001918387525
3.307e-07,-0.002717800191838751
3.308e-07,-0.002858425191838751
3.309e-07,-0.002717800191838751
3.31e-07,-0.0014365501918387515
3.311e-07,0.0012821978081612485
3.312e-07,0.0042040778081612485
3.313e-07,0.005282197808161249
3.314e-07,0.003657197808161249
3.315e-07,0.0012821978081612485
3.316e-07,-0.0005771721918387523
3.317e-07,-0.002717800191838751
3.318e-07,-0.005514675191838752
3.319e-07,-0.006717800191838752
3.32e-07,-0.004811550191838752
3.321e-07,-0.002717800191838751
3.322e-07,-0.0026553001918387525
3.323e-07,-0.002717800191838751
3.324e-07,-0.0007334251918387526
3.325e-07,0.0012821978081612485
3.326e-07,0.0012665778081612476
3.327e-07,0.0012821978081612485
3.328e-07,0.0032040778081612476
3.329e-07,0.005282197808161249
3.33e-07,0.004375947808161248
3.331e-07,0.0012821978081612485
3.332e-07,-0.0015928001918387516
3.333e-07,-0.002717800191838751
3.334e-07,-0.0025615501918387525
3.335e-07,-0.002717800191838751
3.336e-07,-0.003139675191838752
3.337e-07,-0.002717800191838751
3.338e-07,-0.0007178021918387515
3.339e-07,0.0012821978081612485
3.34e-07,0.001750947808161249
3.341e-07,0.0012821978081612485
3.342e-07,0.0020009478081612474
3.343e-07,0.005282197808161249
3.344e-07,0.008938447808161248
3.345e-07,0.009282197808161249
3.346e-07,0.0051884478081612485
3.347e-07,0.0012821978081612485
3.348e-07,0.0007978278081612489
3.349e-07,0.0012821978081612485
3.35e-07,-0.0005928021918387514
3.351e-07,-0.002717800191838751
3.352e-07,-0.0016865501918387517
3.353e-07,0.0012821978081612485
3.354e-07,0.003625947808161249
3.355e-07,0.005282197808161249
3.356e-07,0.006610327808161249
3.357e-07,0.005282197808161249
3.358e-07,0.000657197808161248
3.359e-07,-0.002717800191838751
3.36e-07,-0.0016396751918387516
3.361e-07,0.0012821978081612485
3.362e-07,0.002891577808161249
3.363e-07,0.005282197808161249
3.364e-07,0.008922827808161247
3.365e-07,0.009282197808161249
3.366e-07,0.0034696978081612487
3.367e-07,-0.002717800191838751
3.368e-07,-0.003811550191838752
3.369e-07,-0.002717800191838751
3.37e-07,-0.004077175191838752
3.371e-07,-0.006717800191838752
3.372e-07,-0.0063271751918387515
3.373e-07,-0.002717800191838751
3.374e-07,0.0009853278081612491
3.375e-07,0.0012821978081612485
3.376e-07,-0.0012021751918387513
3.377e-07,-0.002717800191838751
3.378e-07,-0.000967800191838751
3.379e-07,0.0012821978081612485
3.38e-07,0.0012196978081612485
3.381e-07,0.0012821978081612485
3.382e-07,0.003516577808161248
3.383e-07,0.005282197808161249
3.384e-07,0.003516577808161248
3.385e-07,0.0012821978081612485
3.386e-07,0.0013603278081612477
3.387e-07,0.0012821978081612485
3.388e-07,-0.0011396751918387512
3.389e-07,-0.002717800191838751
3.39e-07,-0.000858425191838751
3.391e-07,0.0012821978081612485
3.392e-07,0.0001259478081612475
3.393e-07,-0.002717800191838751
3.394e-07,-0.0025928001918387525
3.395e-07,0.0012821978081612485
3.396e-07,0.005500947808161249
3.397e-07,0.005282197808161249
3.398e-07,0.0005790778081612487
3.399e-07,-0.002717800191838751
3.4e-07,-0.00029592219183875203
3.401e-07,0.005282197808161249
3.402e-07,0.008797827808161247
3.403e-07,0.009282197808161249
3.404e-07,0.008860327808161247
3.405e-07,0.009282197808161249
3.406e-07,0.008704077808161247
3.407e-07,0.005282197808161249
3.408e-07,-0.00012405219183875098
3.409e-07,-0.002717800191838751
3.41e-07,0.00011032780816124833
3.411e-07,0.005282197808161249
3.412e-07,0.007407197808161247
3.413e-07,0.005282197808161249
3.414e-07,0.001969697808161249
3.415e-07,0.0012821978081612485
3.416e-07,0.002625947808161248
3.417e-07,0.0012821978081612485
3.418e-07,-0.0036865501918387517
3.419e-07,-0.006717800191838752
3.42e-07,-0.0035303001918387516
3.421e-07,0.0012821978081612485
3.422e-07,0.0014071978081612486
3.423e-07,-0.002717800191838751
3.424e-07,-0.005061550191838752
3.425e-07,-0.002717800191838751
3.426e-07,0.0023915778081612486
3.427e-07,0.005282197808161249
3.428e-07,0.003782197808161249
3.429e-07,0.0012821978081612485
3.43e-07,0.001813447808161249
3.431e-07,0.005282197808161249
3.432e-07,0.008375947808161248
3.433e-07,0.009282197808161249
3.434e-07,0.00786032780816125
3.435e-07,0.005282197808161249
3.436e-07,0.002563447808161248
3.437e-07,0.0012821978081612485
3.438e-07,0.0023446978081612477
3.439e-07,0.005282197808161249
3.44e-07,0.008313447808161248
3.441e-07,0.009282197808161249
3.442e-07,0.00736032780816125
3.443e-07,0.005282197808161249
3.444e-07,0.0050165778081612475
3.445e-07,0.005282197808161249
3.446e-07,0.004750947808161248
3.447e-07,0.005282197808161249
3.448e-07,0.00671969780816125
3.449e-07,0.005282197808161249
3.45e-07,-9.280219183875095e-05
3.451e-07,-0.002717800191838751
3.452e-07,0.0012040778081612476
3.453e-07,0.005282197808161249
3.454e-07,0.002719697808161248
3.455e-07,-0.002717800191838751
3.456e-07,-0.0044209251918387515
3.457e-07,-0.002717800191838751
3.458e-07,-0.0017803001918387518
3.459e-07,-0.002717800191838751
3.46e-07,-0.004249050191838751
3.461e-07,-0.006717800191838752
3.462e-07,-0.009499050191838752
3.463e-07,-0.010717800403699752
3.464e-07,-0.008889675191838751
3.465e-07,-0.006717800191838752
3.466e-07,-0.006155300191838751
3.467e-07,-0.006717800191838752
3.468e-07,-0.005780300191838752
3.469e-07,-0.002717800191838751
3.47e-07,0.0015165778081612478
3.471e-07,0.005282197808161249
3.472e-07,0.00665719780816125
3.473e-07,0.005282197808161249
3.474e-07,0.0022509478081612477
3.475e-07,0.0012821978081612485
3.476e-07,0.0032665778081612477
3.477e-07,0.005282197808161249
3.478e-07,0.0040946978081612476
3.479e-07,0.0012821978081612485
3.48e-07,-0.000967800191838751
3.481e-07,-0.002717800191838751
3.482e-07,-0.004077175191838752
3.483e-07,-0.002717800191838751
3.484e-07,0.0019853278081612483
3.485e-07,0.005282197808161249
3.486e-07,0.003813447808161249
3.487e-07,0.0012821978081612485
3.488e-07,0.0011884478081612485
3.489e-07,0.0012821978081612485
3.49e-07,-0.000967800191838751
3.491e-07,-0.002717800191838751
3.492e-07,-0.000967800191838751
3.493e-07,0.0012821978081612485
3.494e-07,0.00014157780816124836
3.495e-07,-0.002717800191838751
3.496e-07,-0.003811550191838752
3.497e-07,-0.002717800191838751
3.498e-07,-0.0008115501918387509
3.499e-07,0.0012821978081612485
3.5e-07,0.003516577808161248
3.501e-07,0.005282197808161249
3.502e-07,0.004704077808161249
3.503e-07,0.0012821978081612485
3.504e-07,-0.0036865501918387517
3.505e-07,-0.006717800191838752
3.506e-07,-0.005749050191838752
3.507e-07,-0.002717800191838751
3.508e-07,-0.0012021751918387513
3.509e-07,-0.002717800191838751
3.51e-07,-0.005545925191838752
3.511e-07,-0.006717800191838752
3.512e-07,-0.004983425191838752
3.513e-07,-0.002717800191838751
3.514e-07,-0.002077175191838752
3.515e-07,-0.002717800191838751
3.516e-07,-0.003045925191838752
3.517e-07,-0.002717800191838751
3.518e-07,-0.0026396751918387525
3.519e-07,-0.002717800191838751
3.52e-07,-0.0026396751918387525
3.521e-07,-0.002717800191838751
3.522e-07,-0.003045925191838752
3.523e-07,-0.002717800191838751
3.524e-07,-0.002014675191838752
3.525e-07,-0.002717800191838751
3.526e-07,-0.005202175191838751
3.527e-07,-0.006717800191838752
3.528e-07,-0.005202175191838751
3.529e-07,-0.002717800191838751
3.53e-07,-0.001936550191838752
3.531e-07,-0.002717800191838751
3.532e-07,-0.003139675191838752
3.533e-07,-0.002717800191838751
3.534e-07,-0.0023271751918387523
3.535e-07,-0.002717800191838751
3.536e-07,-0.0034053001918387515
3.537e-07,-0.002717800191838751
3.538e-07,-0.0005615521918387514
3.539e-07,0.0012821978081612485
3.54e-07,0.0012665778081612476
3.541e-07,0.0012821978081612485
3.542e-07,0.0020634478081612475
3.543e-07,0.0012821978081612485
3.544e-07,-0.0026553001918387525
3.545e-07,-0.006717800191838752
3.546e-07,-0.007733425191838752
3.547e-07,-0.006717800191838752
3.548e-07,-0.0063115501918387515
3.549e-07,-0.006717800191838752
3.55e-07,-0.005920925191838752
3.551e-07,-0.002717800191838751
3.552e-07,0.0010634478081612483
3.553e-07,0.0012821978081612485
3.554e-07,-0.002967800191838752
3.555e-07,-0.006717800191838752
3.556e-07,-0.006717800191838752
3.557e-07,-0.006717800191838752
3.558e-07,-0.009514675191838752
3.559e-07,-0.010717800403699752
3.56e-07,-0.006858425191838751
3.561e-07,-0.002717800191838751
3.562e-07,-0.0035615501918387516
3.563e-07,-0.006717800191838752
3.564e-07,-0.0064209251918387516
3.565e-07,-0.002717800191838751
3.566e-07,-0.000264672191838752
3.567e-07,-0.002717800191838751
3.568e-07,-0.008358425191838752
3.569e-07,-0.010717800403699752
3.57e-07,-0.007124050191838751
3.571e-07,-0.002717800191838751
3.572e-07,-0.002249050191838752
3.573e-07,-0.002717800191838751
3.574e-07,-0.0005146721918387522
3.575e-07,0.0012821978081612485
3.576e-07,-0.0017021751918387517
3.577e-07,-0.006717800191838752
3.578e-07,-0.008608425191838753
3.579e-07,-0.006717800191838752
3.58e-07,-0.003999050191838752
3.581e-07,-0.002717800191838751
3.582e-07,-0.002952175191838752
3.583e-07,-0.002717800191838751
3.584e-07,-0.0018740501918387518
3.585e-07,-0.002717800191838751
3.586e-07,-0.005686550191838752
3.587e-07,-0.006717800191838752
3.588e-07,-0.004014675191838752
3.589e-07,-0.002717800191838751
3.59e-07,-0.006577175191838752
3.591e-07,-0.010717800403699752
3.592e-07,-0.009905300391838751
3.593e-07,-0.006717800191838752
3.594e-07,-0.005858425191838752
3.595e-07,-0.006717800191838752
3.596e-07,-0.005764675191838752
3.597e-07,-0.002717800191838751
3.598e-07,-0.000905300191838751
3.599e-07,-0.002717800191838751
3.6e-07,-0.007217800191838751
3.601e-07,-0.010717800403699752
3.602e-07,-0.010155300391838751
3.603e-07,-0.006717800191838752
3.604e-07,-0.004686550191838752
3.605e-07,-0.006717800191838752
3.606e-07,-0.010577175391838752
3.607e-07,-0.010717800403699752
3.608e-07,-0.005077175191838752
3.609e-07,0.0012821978081612485
3.61e-07,0.0021415778081612484
3.611e-07,-0.002717800191838751
3.612e-07,-0.008702175191838753
3.613e-07,-0.010717800403699752
3.614e-07,-0.008702175191838753
3.615e-07,-0.006717800191838752
3.616e-07,-0.006874050191838751
3.617e-07,-0.006717800191838752
3.618e-07,-0.004280300191838751
3.619e-07,-0.002717800191838751
3.62e-07,-0.005545925191838752
3.621e-07,-0.010717800403699752
3.622e-07,-0.013014675191838751
3.623e-07,-0.010717800403699752
3.624e-07,-0.006077175191838752
3.625e-07,-0.002717800191838751
3.626e-07,-0.002186550191838752
3.627e-07,-0.002717800191838751
3.628e-07,-0.002749050191838751
3.629e-07,-0.002717800191838751
3.63e-07,-0.004233425191838751
3.631e-07,-0.006717800191838752
3.632e-07,-0.008061550191838752
3.633e-07,-0.006717800191838752
3.634e-07,-0.004077175191838752
3.635e-07,-0.002717800191838751
3.636e-07,-0.004186550191838751
3.637e-07,-0.006717800191838752
3.638e-07,-0.007702175191838752
3.639e-07,-0.006717800191838752
3.64e-07,-0.005545925191838752
3.641e-07,-0.006717800191838752
3.642e-07,-0.009592800191838752
3.643e-07,-0.010717800403699752
3.644e-07,-0.00856155019183875
3.645e-07,-0.006717800191838752
3.646e-07,-0.007264675191838751
3.647e-07,-0.006717800191838752
3.648e-07,-0.0023584251918387523
3.649e-07,0.0012821978081612485
3.65e-07,-9.280219183875095e-05
3.651e-07,-0.002717800191838751
3.652e-07,-0.002702175191838751
3.653e-07,-0.002717800191838751
3.654e-07,-0.005577175191838752
3.655e-07,-0.006717800191838752
3.656e-07,-0.002858425191838751
3.657e-07,0.0012821978081612485
3.658e-07,0.0002978278081612485
3.659e-07,-0.002717800191838751
3.66e-07,-0.0032959251918387514
3.661e-07,-0.002717800191838751
3.662e-07,-0.004249050191838751
3.663e-07,-0.006717800191838752
3.664e-07,-0.0073584251918387515
3.665e-07,-0.006717800191838752
3.666e-07,-0.0064365501918387516
3.667e-07,-0.006717800191838752
3.668e-07,-0.006717800191838752
3.669e-07,-0.006717800191838752
3.67e-07,-0.006749050191838752
3.671e-07,-0.006717800191838752
3.672e-07,-0.005592800191838752
3.673e-07,-0.002717800191838751
3.674e-07,0.00048532780816124867
3.675e-07,0.0012821978081612485
3.676e-07,-0.000983425191838751
3.677e-07,-0.002717800191838751
3.678e-07,-0.0012959251918387513
3.679e-07,0.0012821978081612485
3.68e-07,0.0009071978081612482
3.681e-07,-0.002717800191838751
3.682e-07,-0.0064053001918387515
3.683e-07,-0.006717800191838752
3.684e-07,-0.0032646751918387514
3.685e-07,0.0012821978081612485
3.686e-07,0.0032040778081612476
3.687e-07,0.0012821978081612485
3.688e-07,-0.002108425191838752
3.689e-07,-0.002717800191838751
3.69e-07,-9.280219183875095e-05
3.691e-07,0.0012821978081612485
3.692e-07,-0.0018271751918387518
3.693e-07,-0.006717800191838752
3.694e-07,-0.00856155019183875
3.695e-07,-0.006717800191838752
3.696e-07,-0.003920925191838752
3.697e-07,-0.002717800191838751
3.698e-07,-0.002749050191838751
3.699e-07,-0.002717800191838751
3.7e-07,-0.0012334251918387513
3.701e-07,0.0012821978081612485
3.702e-07,0.002719697808161248
3.703e-07,0.0012821978081612485
3.704e-07,-0.0018428001918387518
3.705e-07,-0.002717800191838751
3.706e-07,0.000625947808161248
3.707e-07,0.005282197808161249
3.708e-07,0.006969697808161247
3.709e-07,0.005282197808161249
3.71e-07,0.002563447808161248
3.711e-07,0.0012821978081612485
3.712e-07,0.0021884478081612476
3.713e-07,0.005282197808161249
3.714e-07,0.008579077808161247
3.715e-07,0.009282197808161249
3.716e-07,0.006860327808161249
3.717e-07,0.005282197808161249
3.718e-07,0.005829077808161248
3.719e-07,0.005282197808161249
3.72e-07,0.0011415778081612475
3.721e-07,-0.002717800191838751
3.722e-07,-0.002139675191838752
3.723e-07,0.0012821978081612485
3.724e-07,0.002860327808161249
3.725e-07,0.0012821978081612485
3.726e-07,-0.0012334251918387513
3.727e-07,-0.002717800191838751
3.728e-07,-0.0026084251918387525
3.729e-07,-0.002717800191838751
3.73e-07,-0.0043584251918387515
3.731e-07,-0.006717800191838752
3.732e-07,-0.007686550191838752
3.733e-07,-0.006717800191838752
3.734e-07,-0.0037021751918387517
3.735e-07,0.0012821978081612485
3.736e-07,0.006016577808161248
3.737e-07,0.005282197808161249
3.738e-07,-0.0014678001918387515
3.739e-07,-0.006717800191838752
3.74e-07,-0.005483425191838752
3.741e-07,-0.002717800191838751
3.742e-07,-0.003092800191838752
3.743e-07,-0.002717800191838751
3.744e-07,0.002719697808161248
3.745e-07,0.009282197808161249
3.746e-07,0.009954077808161248
3.747e-07,0.005282197808161249
3.748e-07,0.0010321978081612483
3.749e-07,0.0012821978081612485
3.75e-07,0.004329077808161249
3.751e-07,0.005282197808161249
3.752e-07,0.0015478278081612479
3.753e-07,-0.002717800191838751
3.754e-07,-0.002717800191838751
3.755e-07,0.0012821978081612485
3.756e-07,0.0050790778081612475
3.757e-07,0.005282197808161249
3.758e-07,0.002860327808161249
3.759e-07,0.0012821978081612485
3.76e-07,0.001672827808161248
3.761e-07,0.0012821978081612485
3.762e-07,-0.0012021751918387513
3.763e-07,-0.002717800191838751
3.764e-07,3.2197808161247427e-05
3.765e-07,0.005282197808161249
3.766e-07,0.007688447808161247
3.767e-07,0.005282197808161249
3.768e-07,0.0013134478081612486
3.769e-07,0.0012821978081612485
3.77e-07,0.005907197808161249
3.771e-07,0.009282197808161249
3.772e-07,0.005547827808161248
3.773e-07,-0.002717800191838751
3.774e-07,-0.008311550191838752
3.775e-07,-0.006717800191838752
3.776e-07,9.478081612491335e-07
3.777e-07,0.005282197808161249
3.778e-07,0.005172827808161248
3.779e-07,0.0012821978081612485
3.78e-07,-0.002045925191838752
3.781e-07,-0.002717800191838751
3.782e-07,-0.002077175191838752
3.783e-07,-0.002717800191838751
3.784e-07,-0.004030300191838752
3.785e-07,-0.002717800191838751
3.786e-07,0.0019540778081612482
3.787e-07,0.005282197808161249
3.788e-07,0.003954077808161248
3.789e-07,0.0012821978081612485
3.79e-07,0.0011259478081612484
3.791e-07,0.0012821978081612485
3.792e-07,-0.0010771751918387511
3.793e-07,-0.002717800191838751
3.794e-07,9.469780816124748e-05
3.795e-07,0.005282197808161249
3.796e-07,0.008313447808161248
3.797e-07,0.009282197808161249
3.798e-07,0.008688447808161248
3.799e-07,0.005282197808161249
3.8e-07,-0.000264672191838752
3.801e-07,-0.002717800191838751
3.802e-07,-0.0001396721918387519
3.803e-07,0.0012821978081612485
3.804e-07,-0.002764675191838751
3.805e-07,-0.006717800191838752
3.806e-07,-0.004327175191838751
3.807e-07,0.0012821978081612485
3.808e-07,0.004454077808161249
3.809e-07,0.005282197808161249
3.81e-07,0.005985327808161248
3.811e-07,0.005282197808161249
3.812e-07,0.0013446978081612486
3.813e-07,-0.002717800191838751
3.814e-07,-0.0037334251918387518
3.815e-07,-0.002717800191838751
3.816e-07,-0.0023115501918387522
3.817e-07,-0.002717800191838751
3.818e-07,-0.002827175191838751
3.819e-07,-0.002717800191838751
3.82e-07,-0.002749050191838751
3.821e-07,-0.002717800191838751
3.822e-07,-0.0024678001918387524
3.823e-07,-0.002717800191838751
3.824e-07,-0.0033584251918387514
3.825e-07,-0.002717800191838751
3.826e-07,-0.0003584221918387521
3.827e-07,0.0012821978081612485
3.828e-07,6.344780816124745e-05
3.829e-07,-0.002717800191838751
3.83e-07,-0.005092800191838752
3.831e-07,-0.006717800191838752
3.832e-07,-0.007733425191838752
3.833e-07,-0.006717800191838752
3.834e-07,-0.002905300191838751
3.835e-07,0.0012821978081612485
3.836e-07,0.002829077808161249
3.837e-07,0.0012821978081612485
3.838e-07,-0.002202175191838752
3.839e-07,-0.006717800191838752
3.84e-07,-0.010452175391838752
3.841e-07,-0.010717800403699752
3.842e-07,-0.006920925191838751
3.843e-07,-0.002717800191838751
3.844e-07,-0.0007334251918387526
3.845e-07,0.0012821978081612485
3.846e-07,0.004360327808161249
3.847e-07,0.005282197808161249
3.848e-07,0.0015009478081612487
3.849e-07,-0.002717800191838751
3.85e-07,-0.0034990501918387516
3.851e-07,-0.002717800191838751
3.852e-07,-0.004092800191838752
3.853e-07,-0.006717800191838752
3.854e-07,-0.007749050191838752
3.855e-07,-0.006717800191838752
3.856e-07,-0.005624050191838752
3.857e-07,-0.006717800191838752
3.858e-07,-0.008327175191838752
3.859e-07,-0.006717800191838752
3.86e-07,-0.0013896751918387514
3.861e-07,0.0012821978081612485
3.862e-07,-0.0024053001918387523
3.863e-07,-0.006717800191838752
3.864e-07,-0.005905300191838752
3.865e-07,-0.002717800191838751
3.866e-07,-0.0022959251918387522
3.867e-07,-0.002717800191838751
3.868e-07,-0.0008115501918387509
3.869e-07,0.0012821978081612485
3.87e-07,0.00011032780816124833
3.871e-07,-0.002717800191838751
3.872e-07,-0.004780300191838752
3.873e-07,-0.006717800191838752
3.874e-07,-0.009420925191838752
3.875e-07,-0.010717800403699752
3.876e-07,-0.008077175191838752
3.877e-07,-0.002717800191838751
3.878e-07,0.0015478278081612479
3.879e-07,0.0012821978081612485
3.88e-07,-0.002920925191838752
3.881e-07,-0.006717800191838752
3.882e-07,-0.007264675191838751
3.883e-07,-0.006717800191838752
3.884e-07,-0.0072959251918387515
3.885e-07,-0.006717800191838752
3.886e-07,-0.002967800191838752
3.887e-07,0.0012821978081612485
3.888e-07,0.0022821978081612477
3.889e-07,0.0012821978081612485
3.89e-07,6.344780816124745e-05
3.891e-07,-0.002717800191838751
3.892e-07,-0.007592800191838752
3.893e-07,-0.010717800403699752
3.894e-07,-0.009405300191838752
3.895e-07,-0.006717800191838752
3.896e-07,-0.006170925191838751
3.897e-07,-0.006717800191838752
3.898e-07,-0.0053896751918387515
3.899e-07,-0.002717800191838751
3.9e-07,-0.0014521751918387515
3.901e-07,-0.002717800191838751
3.902e-07,-0.005280300191838751
3.903e-07,-0.006717800191838752
3.904e-07,-0.005608425191838752
3.905e-07,-0.002717800191838751
3.906e-07,-0.001030300191838751
3.907e-07,-0.002717800191838751
3.908e-07,-0.007264675191838751
3.909e-07,-0.010717800403699752
3.91e-07,-0.010030300391838751
3.911e-07,-0.006717800191838752
3.912e-07,-0.003842800191838752
3.913e-07,-0.002717800191838751
3.914e-07,-0.0035459251918387516
3.915e-07,-0.006717800191838752
3.916e-07,-0.010499050391838752
3.917e-07,-0.010717800403699752
3.918e-07,-0.006233425191838751
3.919e-07,-0.002717800191838751
3.92e-07,-0.004092800191838752
3.921e-07,-0.006717800191838752
3.922e-07,-0.005920925191838752
3.923e-07,-0.002717800191838751
3.924e-07,-0.0012959251918387513
3.925e-07,-0.002717800191838751
3.926e-07,-0.004233425191838751
3.927e-07,-0.002717800191838751
3.928e-07,0.0007509478081612481
3.929e-07,0.0012821978081612485
3.93e-07,-0.003030300191838752
3.931e-07,-0.006717800191838752
3.932e-07,-0.0053584251918387515
3.933e-07,-0.002717800191838751
3.934e-07,-0.002952175191838752
3.935e-07,-0.002717800191838751
3.936e-07,0.0014228278081612478
3.937e-07,0.005282197808161249
3.938e-07,0.004125947808161248
3.939e-07,0.0012821978081612485
3.94e-07,0.000891577808161249
3.941e-07,0.0012821978081612485
3.942e-07,-0.0006396721918387523
3.943e-07,-0.002717800191838751
3.944e-07,-0.0016084251918387516
3.945e-07,0.0012821978081612485
3.946e-07,0.002469697808161248
3.947e-07,0.0012821978081612485
3.948e-07,-0.0008115501918387509
3.949e-07,-0.002717800191838751
3.95e-07,-0.0026396751918387525
3.951e-07,0.0012821978081612485
3.952e-07,0.007141577808161249
3.953e-07,0.009282197808161249
3.954e-07,0.005407197808161249
3.955e-07,0.0012821978081612485
3.956e-07,0.0020634478081612475
3.957e-07,0.005282197808161249
3.958e-07,0.0052196978081612486
3.959e-07,0.0012821978081612485
3.96e-07,-0.0026240501918387525
3.961e-07,-0.002717800191838751
3.962e-07,0.0009540778081612491
3.963e-07,0.005282197808161249
3.964e-07,0.0068759478081612466
3.965e-07,0.005282197808161249
3.966e-07,0.002672827808161249
3.967e-07,0.0012821978081612485
3.968e-07,0.0014071978081612486
3.969e-07,0.0012821978081612485
3.97e-07,-0.00029592219183875203
3.971e-07,-0.002717800191838751
3.972e-07,-0.004045925191838752
3.973e-07,-0.002717800191838751
3.974e-07,0.0011103278081612475
3.975e-07,0.005282197808161249
3.976e-07,0.008125947808161248
3.977e-07,0.009282197808161249
3.978e-07,0.008454077808161247
3.979e-07,0.005282197808161249
3.98e-07,0.0004228278081612486
3.981e-07,-0.002717800191838751
3.982e-07,-0.0018115501918387518
3.983e-07,0.0012821978081612485
3.984e-07,0.003688447808161249
3.985e-07,0.005282197808161249
3.986e-07,0.0062821978081612495
3.987e-07,0.005282197808161249
3.988e-07,0.0025165778081612487
3.989e-07,0.0012821978081612485
3.99e-07,0.0033759478081612487
3.991e-07,0.005282197808161249
3.992e-07,0.003704077808161248
3.993e-07,0.0012821978081612485
3.994e-07,0.001844697808161249
3.995e-07,0.005282197808161249
3.996e-07,0.008516577808161247
3.997e-07,0.009282197808161249
3.998e-07,0.007594697808161247
3.999e-07,0.005282197808161249
4e-07,0.0032821978081612486
4.001e-07,0.0012821978081612485
4.002e-07,9.478081612491335e-07
4.003e-07,0.0012821978081612485
4.004e-07,0.005532197808161249
4.005e-07,0.009282197808161249
4.006e-07,0.008719697808161248
4.007e-07,0.005282197808161249
4.008e-07,0.0032509478081612486
4.009e-07,0.005282197808161249
4.01e-07,0.009985327808161248
4.011e-07,0.013282197808161249
4.012e-07,0.011375947808161247
4.013e-07,0.005282197808161249
4.014e-07,-0.000889675191838751
4.015e-07,-0.002717800191838751
4.016e-07,0.0007821978081612481
4.017e-07,0.005282197808161249
4.018e-07,0.00681344780816125
4.019e-07,0.005282197808161249
4.02e-07,0.002860327808161249
4.021e-07,0.0012821978081612485
4.022e-07,0.001813447808161249
4.023e-07,0.005282197808161249
4.024e-07,0.010422827808161249
4.025e-07,0.013282197808161249
4.026e-07,0.010704077808161249
4.027e-07,0.005282197808161249
4.028e-07,0.0012665778081612476
4.029e-07,0.0012821978081612485
4.03e-07,0.003782197808161249
4.031e-07,0.005282197808161249
4.032e-07,0.003844697808161249
4.033e-07,0.0012821978081612485
4.034e-07,0.0003446978081612477
4.035e-07,0.0012821978081612485
4.036e-07,0.0023759478081612478
4.037e-07,0.0012821978081612485
4.038e-07,-0.0011396751918387512
4.039e-07,-0.002717800191838751
4.04e-07,-0.0016553001918387517
4.041e-07,0.0012821978081612485
4.042e-07,0.003938447808161247
4.043e-07,0.005282197808161249
4.044e-07,0.0063134478081612495
4.045e-07,0.009282197808161249
4.046e-07,0.012922827808161248
4.047e-07,0.013282197808161249
4.048e-07,0.008125947808161248
4.049e-07,0.0012821978081612485
4.05e-07,-0.0025303001918387524
4.051e-07,-0.002717800191838751
4.052e-07,-0.001983425191838752
4.053e-07,-0.002717800191838751
4.054e-07,-0.002936550191838752
4.055e-07,0.0012821978081612485
4.056e-07,0.009235327808161248
4.057e-07,0.013282197808161249
4.058e-07,0.009704077808161248
4.059e-07,0.005282197808161249
4.06e-07,0.006329077808161249
4.061e-07,0.009282197808161249
4.062e-07,0.007000947808161247
4.063e-07,0.0012821978081612485
4.064e-07,-0.0016396751918387516
4.065e-07,0.0012821978081612485
4.066e-07,0.00668844780816125
4.067e-07,0.009282197808161249
4.068e-07,0.00653219780816125
4.069e-07,0.0012821978081612485
4.07e-07,-0.002045925191838752
4.071e-07,-0.002717800191838751
4.072e-07,-0.0023896751918387523
4.073e-07,-0.002717800191838751
4.074e-07,-0.003030300191838752
4.075e-07,-0.002717800191838751
4.076e-07,-0.0012178001918387513
4.077e-07,0.0012821978081612485
4.078e-07,0.003907197808161249
4.079e-07,0.005282197808161249
4.08e-07,0.005344697808161249
4.081e-07,0.005282197808161249
4.082e-07,0.005438447808161249
4.083e-07,0.005282197808161249
4.084e-07,0.003688447808161249
4.085e-07,0.0012821978081612485
4.086e-07,-7.717219183875183e-05
4.087e-07,0.0012821978081612485
4.088e-07,0.0041728278081612485
4.089e-07,0.005282197808161249
4.09e-07,0.0032040778081612476
4.091e-07,0.0012821978081612485
4.092e-07,0.002469697808161248
4.093e-07,0.005282197808161249
4.094e-07,0.006516577808161249
4.095e-07,0.005282197808161249
4.096e-07,0.0031103278081612475
4.097e-07,0.0012821978081612485
4.098e-07,-0.0003896721918387521
4.099e-07,-0.002717800191838751
4.1e-07,-0.004311550191838751
4.101e-07,-0.002717800191838751
4.102e-07,0.0030321978081612484
4.103e-07,0.009282197808161249
4.104e-07,0.01142282780816125
4.105e-07,0.009282197808161249
4.106e-07,0.005985327808161248
4.107e-07,0.005282197808161249
4.108e-07,0.007219697808161247
4.109e-07,0.009282197808161249
4.11e-07,0.008485327808161247
4.111e-07,0.005282197808161249
4.112e-07,0.0020009478081612474
4.113e-07,0.0012821978081612485
4.114e-07,0.0021728278081612484
4.115e-07,0.0012821978081612485
4.116e-07,-0.0017490501918387517
4.117e-07,-0.002717800191838751
4.118e-07,0.0011571978081612484
4.119e-07,0.005282197808161249
4.12e-07,0.004907197808161248
4.121e-07,0.0012821978081612485
4.122e-07,-0.0014365501918387515
4.123e-07,-0.002717800191838751
4.124e-07,-0.0033584251918387514
4.125e-07,-0.002717800191838751
4.126e-07,0.0006415778081612488
4.127e-07,0.005282197808161249
4.128e-07,0.008532197808161248
4.129e-07,0.009282197808161249
4.13e-07,0.00773532780816125
4.131e-07,0.005282197808161249
4.132e-07,0.003922827808161248
4.133e-07,0.005282197808161249
4.134e-07,0.008110327808161247
4.135e-07,0.009282197808161249
4.136e-07,0.007204077808161249
4.137e-07,0.005282197808161249
4.138e-07,0.0063134478081612495
4.139e-07,0.009282197808161249
4.14e-07,0.010641577808161249
4.141e-07,0.009282197808161249
4.142e-07,0.006641577808161249
4.143e-07,0.005282197808161249
4.144e-07,0.005422827808161248
4.145e-07,0.005282197808161249
4.146e-07,0.003579077808161248
4.147e-07,0.0012821978081612485
4.148e-07,0.0004696978081612478
4.149e-07,0.0012821978081612485
4.15e-07,0.0021415778081612484
4.151e-07,0.0012821978081612485
4.152e-07,6.344780816124745e-05
4.153e-07,0.0012821978081612485
4.154e-07,0.005532197808161249
4.155e-07,0.009282197808161249
4.156e-07,0.008719697808161248
4.157e-07,0.005282197808161249
4.158e-07,0.0031103278081612475
4.159e-07,0.005282197808161249
4.16e-07,0.009188447808161249
4.161e-07,0.009282197808161249
4.162e-07,0.003657197808161249
4.163e-07,-0.002717800191838751
4.164e-07,-0.0044053001918387515
4.165e-07,-0.002717800191838751
4.166e-07,-0.0017959251918387518
4.167e-07,-0.002717800191838751
4.168e-07,-0.002264675191838752
4.169e-07,0.0012821978081612485
4.17e-07,0.00739157780816125
4.171e-07,0.013282197808161249
4.172e-07,0.014641577808161249
4.173e-07,0.009282197808161249
4.174e-07,0.0007040778081612489
4.175e-07,-0.002717800191838751
4.176e-07,0.0023446978081612477
4.177e-07,0.009282197808161249
4.178e-07,0.010172827808161249
4.179e-07,0.005282197808161249
4.18e-07,0.000719697808161248
4.181e-07,0.0012821978081612485
4.182e-07,0.005907197808161249
4.183e-07,0.009282197808161249
4.184e-07,0.009219697808161249
4.185e-07,0.009282197808161249
4.186e-07,0.011657197808161247
4.187e-07,0.013282197808161249
4.188e-07,0.010079077808161249
4.189e-07,0.005282197808161249
4.19e-07,0.003704077808161248
4.191e-07,0.005282197808161249
4.192e-07,0.006391577808161249
4.193e-07,0.005282197808161249
4.194e-07,0.002954077808161249
4.195e-07,0.0012821978081612485
4.196e-07,0.0011103278081612475
4.197e-07,0.0012821978081612485
4.198e-07,0.0010478278081612474
4.199e-07,0.0012821978081612485
4.2e-07,0.0030321978081612484
4.201e-07,0.005282197808161249
4.202e-07,0.006063447808161249
4.203e-07,0.005282197808161249
4.204e-07,0.003641577808161248
4.205e-07,0.0012821978081612485
4.206e-07,-0.0013584251918387514
4.207e-07,-0.002717800191838751
4.208e-07,-0.0024678001918387524
4.209e-07,-0.002717800191838751
4.21e-07,-0.003764675191838752
4.211e-07,-0.002717800191838751
4.212e-07,0.001672827808161248
4.213e-07,0.005282197808161249
4.214e-07,0.004375947808161248
4.215e-07,0.0012821978081612485
4.216e-07,7.90778081612483e-05
4.217e-07,0.0012821978081612485
4.218e-07,0.0022353278081612485
4.219e-07,0.0012821978081612485
4.22e-07,-0.001030300191838751
4.221e-07,-0.002717800191838751
4.222e-07,-0.002967800191838752
4.223e-07,-0.002717800191838751
4.224e-07,-0.002874050191838751
4.225e-07,-0.002717800191838751
4.226e-07,-0.000920925191838751
4.227e-07,0.0012821978081612485
4.228e-07,0.0021884478081612476
4.229e-07,0.0012821978081612485
4.23e-07,-0.0006396721918387523
4.231e-07,-0.002717800191838751
4.232e-07,-0.0037490501918387518
4.233e-07,-0.002717800191838751
4.234e-07,0.0007978278081612489
4.235e-07,0.005282197808161249
4.236e-07,0.008329077808161247
4.237e-07,0.009282197808161249
4.238e-07,0.00782907780816125
4.239e-07,0.005282197808161249
4.24e-07,0.003532197808161249
4.241e-07,0.005282197808161249
4.242e-07,0.008891577808161247
4.243e-07,0.009282197808161249
4.244e-07,0.003735327808161248
4.245e-07,-0.002717800191838751
4.246e-07,-0.004561550191838752
4.247e-07,-0.002717800191838751
4.248e-07,-0.0013584251918387514
4.249e-07,-0.002717800191838751
4.25e-07,-0.004311550191838751
4.251e-07,-0.002717800191838751
4.252e-07,0.0020478278081612483
4.253e-07,0.005282197808161249
4.254e-07,0.004125947808161248
4.255e-07,0.0012821978081612485
4.256e-07,0.000688447808161248
4.257e-07,0.0012821978081612485
4.258e-07,-0.00012405219183875098
4.259e-07,-0.002717800191838751
4.26e-07,-0.003889675191838752
4.261e-07,-0.002717800191838751
4.262e-07,0.0003915778081612486
4.263e-07,0.005282197808161249
4.264e-07,0.009500947808161249
4.265e-07,0.009282197808161249
4.266e-07,0.003563447808161249
4.267e-07,-0.002717800191838751
4.268e-07,-0.004639675191838752
4.269e-07,-0.002717800191838751
4.27e-07,-0.0011709251918387512
4.271e-07,-0.002717800191838751
4.272e-07,-0.005780300191838752
4.273e-07,-0.006717800191838752
4.274e-07,-0.0034053001918387515
4.275e-07,0.0012821978081612485
4.276e-07,0.0033603278081612478
4.277e-07,0.0012821978081612485
4.278e-07,-0.002155300191838752
4.279e-07,-0.002717800191838751
4.28e-07,0.000719697808161248
4.281e-07,0.005282197808161249
4.282e-07,0.006969697808161247
4.283e-07,0.005282197808161249
4.284e-07,0.0023759478081612478
4.285e-07,0.0012821978081612485
4.286e-07,0.001750947808161249
4.287e-07,0.0012821978081612485
4.288e-07,-0.0010928001918387512
4.289e-07,-0.002717800191838751
4.29e-07,-0.0012178001918387513
4.291e-07,0.0012821978081612485
4.292e-07,0.001969697808161249
4.293e-07,0.0012821978081612485
4.294e-07,0.0011259478081612484
4.295e-07,0.0012821978081612485
4.296e-07,0.000891577808161249
4.297e-07,0.0012821978081612485
4.298e-07,0.0031415778081612476
4.299e-07,0.005282197808161249
4.3e-07,0.005954077808161248
4.301e-07,0.005282197808161249
4.302e-07,0.003594697808161249
4.303e-07,0.0012821978081612485
4.304e-07,-0.002092800191838752
4.305e-07,-0.006717800191838752
4.306e-07,-0.009592800191838752
4.307e-07,-0.006717800191838752
4.308e-07,0.0009696978081612483
4.309e-07,0.005282197808161249
4.31e-07,0.001750947808161249
4.311e-07,-0.002717800191838751
4.312e-07,-0.0005303021918387513
4.313e-07,0.005282197808161249
4.314e-07,0.00757907780816125
4.315e-07,0.005282197808161249
4.316e-07,0.0010946978081612484
4.317e-07,-0.002717800191838751
4.318e-07,-0.005764675191838752
4.319e-07,-0.006717800191838752
4.32e-07,-0.004139675191838752
4.321e-07,0.0012821978081612485
4.322e-07,0.005969697808161249
4.323e-07,0.005282197808161249
4.324e-07,-0.0011553001918387512
4.325e-07,-0.006717800191838752
4.326e-07,-0.006155300191838751
4.327e-07,-0.002717800191838751
4.328e-07,-0.0015146751918387515
4.329e-07,-0.002717800191838751
4.33e-07,-0.0034365501918387515
4.331e-07,-0.002717800191838751
4.332e-07,-0.002045925191838752
4.333e-07,-0.002717800191838751
4.334e-07,-0.0036709251918387517
4.335e-07,-0.002717800191838751
4.336e-07,7.90778081612483e-05
4.337e-07,0.0012821978081612485
4.338e-07,-0.000967800191838751
4.339e-07,-0.002717800191838751
4.34e-07,-0.000967800191838751
4.341e-07,0.0012821978081612485
4.342e-07,0.0002196978081612476
4.343e-07,-0.002717800191838751
4.344e-07,-0.003764675191838752
4.345e-07,-0.002717800191838751
4.346e-07,-0.0019209251918387519
4.347e-07,-0.002717800191838751
4.348e-07,-0.003811550191838752
4.349e-07,-0.002717800191838751
4.35e-07,0.0011884478081612485
4.351e-07,0.005282197808161249
4.352e-07,0.00646969780816125
4.353e-07,0.005282197808161249
4.354e-07,0.0034071978081612487
4.355e-07,0.0012821978081612485
4.356e-07,-0.0013428001918387514
4.357e-07,-0.002717800191838751
4.358e-07,-0.0023115501918387522
4.359e-07,-0.002717800191838751
4.36e-07,-0.004249050191838751
4.361e-07,-0.002717800191838751
4.362e-07,0.002641577808161249
4.363e-07,0.005282197808161249
4.364e-07,0.0013446978081612486
4.365e-07,-0.002717800191838751
4.366e-07,-0.00018655219183875103
4.367e-07,0.005282197808161249
4.368e-07,0.005985327808161248
4.369e-07,0.0012821978081612485
4.37e-07,-0.004295925191838751
4.371e-07,-0.006717800191838752
4.372e-07,-0.005530300191838752
4.373e-07,-0.002717800191838751
4.374e-07,-0.00029592219183875203
4.375e-07,0.0012821978081612485
4.376e-07,0.001969697808161249
4.377e-07,0.0012821978081612485
4.378e-07,-0.000920925191838751
4.379e-07,-0.002717800191838751
4.38e-07,-0.002795925191838751
4.381e-07,-0.002717800191838751
4.382e-07,-0.004311550191838751
4.383e-07,-0.006717800191838752
4.384e-07,-0.007764675191838752
4.385e-07,-0.006717800191838752
4.386e-07,-0.0044834251918387516
4.387e-07,-0.002717800191838751
4.388e-07,-0.002186550191838752
4.389e-07,-0.002717800191838751
4.39e-07,-0.0032959251918387514
4.391e-07,-0.002717800191838751
4.392e-07,-0.0018428001918387518
4.393e-07,-0.002717800191838751
4.394e-07,-0.005311550191838751
4.395e-07,-0.006717800191838752
4.396e-07,-0.004905300191838752
4.397e-07,-0.002717800191838751
4.398e-07,-0.0034990501918387516
4.399e-07,-0.006717800191838752
4.4e-07,-0.008545925191838753
4.401e-07,-0.006717800191838752
4.402e-07,-0.0013584251918387514
4.403e-07,0.005282197808161249
4.404e-07,0.009657197808161249
4.405e-07,0.009282197808161249
4.406e-07,0.004704077808161249
4.407e-07,0.0012821978081612485
4.408e-07,0.0010634478081612483
4.409e-07,0.0012821978081612485
4.41e-07,-0.000920925191838751
4.411e-07,-0.002717800191838751
4.412e-07,-0.0012178001918387513
4.413e-07,0.0012821978081612485
4.414e-07,0.0007665778081612489
4.415e-07,-0.002717800191838751
4.416e-07,-0.005827175191838752
4.417e-07,-0.006717800191838752
4.418e-07,-0.005202175191838751
4.419e-07,-0.002717800191838751
4.42e-07,-0.00040530219183875123
4.421e-07,0.0012821978081612485
4.422e-07,0.001969697808161249
4.423e-07,0.0012821978081612485
4.424e-07,-0.0007490501918387509
4.425e-07,-0.002717800191838751
4.426e-07,-0.0034053001918387515
4.427e-07,-0.002717800191838751
4.428e-07,-0.002077175191838752
4.429e-07,-0.002717800191838751
4.43e-07,-0.003780300191838752
4.431e-07,-0.002717800191838751
4.432e-07,0.0003915778081612486
4.433e-07,0.0012821978081612485
4.434e-07,-0.0024678001918387524
4.435e-07,-0.006717800191838752
4.436e-07,-0.006545925191838752
4.437e-07,-0.002717800191838751
4.438e-07,0.000625947808161248
4.439e-07,0.0012821978081612485
4.44e-07,-0.00032717219183875206
4.441e-07,-0.002717800191838751
4.442e-07,-0.004983425191838752
4.443e-07,-0.006717800191838752
4.444e-07,-0.007561550191838752
4.445e-07,-0.006717800191838752
4.446e-07,-0.004327175191838751
4.447e-07,-0.002717800191838751
4.448e-07,-0.002920925191838752
4.449e-07,-0.002717800191838751
4.45e-07,-0.0014678001918387515
4.451e-07,-0.002717800191838751
4.452e-07,-0.007592800191838752
4.453e-07,-0.010717800403699752
4.454e-07,-0.007749050191838752
4.455e-07,-0.002717800191838751
4.456e-07,-0.0012959251918387513
4.457e-07,-0.002717800191838751
4.458e-07,-0.0033740501918387514
4.459e-07,-0.002717800191838751
4.46e-07,-0.0024209251918387523
4.461e-07,-0.002717800191838751
4.462e-07,-0.002858425191838751
4.463e-07,-0.002717800191838751
4.464e-07,-0.0026553001918387525
4.465e-07,-0.002717800191838751
4.466e-07,-0.002874050191838751
4.467e-07,-0.002717800191838751
4.468e-07,-0.0023271751918387523
4.469e-07,-0.002717800191838751
4.47e-07,-0.0036709251918387517
4.471e-07,-0.002717800191838751
4.472e-07,0.00015719780816124754
4.473e-07,0.0012821978081612485
4.474e-07,-0.0011396751918387512
4.475e-07,-0.002717800191838751
4.476e-07,-0.0005771721918387523
4.477e-07,0.0012821978081612485
4.478e-07,-0.0016865501918387517
4.479e-07,-0.006717800191838752
4.48e-07,-0.008483425191838753
4.481e-07,-0.006717800191838752
4.482e-07,-0.004249050191838751
4.483e-07,-0.002717800191838751
4.484e-07,-0.002155300191838752
4.485e-07,-0.002717800191838751
4.486e-07,-0.0036240501918387517
4.487e-07,-0.002717800191838751
4.488e-07,-1.4672191838751777e-05
4.489e-07,0.0012821978081612485
4.49e-07,-0.0005771721918387523
4.491e-07,-0.002717800191838751
4.492e-07,-0.002811550191838751
4.493e-07,-0.002717800191838751
4.494e-07,-0.004764675191838752
4.495e-07,-0.006717800191838752
4.496e-07,-0.005655300191838752
4.497e-07,-0.002717800191838751
4.498e-07,-0.0003584221918387521
4.499e-07,0.0012821978081612485
4.5e-07,0.0023603278081612486
4.501e-07,0.0012821978081612485
4.502e-07,-0.0026553001918387525
4.503e-07,-0.006717800191838752
4.504e-07,-0.007905300191838752
4.505e-07,-0.006717800191838752
4.506e-07,-0.004858425191838752
4.507e-07,-0.002717800191838751
4.508e-07,-0.00032717219183875206
4.509e-07,0.0012821978081612485
4.51e-07,0.0013446978081612486
4.511e-07,0.0012821978081612485
4.512e-07,0.001750947808161249
4.513e-07,0.0012821978081612485
4.514e-07,-0.0011709251918387512
4.515e-07,-0.002717800191838751
4.516e-07,-0.002249050191838752
4.517e-07,-0.002717800191838751
4.518e-07,-0.005608425191838752
4.519e-07,-0.006717800191838752
4.52e-07,-0.003858425191838752
4.521e-07,-0.002717800191838751
4.522e-07,-0.006827175191838752
4.523e-07,-0.010717800403699752
4.524e-07,-0.008155300191838752
4.525e-07,-0.002717800191838751
4.526e-07,-0.000874050191838751
4.527e-07,-0.002717800191838751
4.528e-07,-0.004014675191838752
4.529e-07,-0.002717800191838751
4.53e-07,-0.000264672191838752
4.531e-07,0.0012821978081612485
4.532e-07,0.00026657780816124847
4.533e-07,-0.002717800191838751
4.534e-07,-0.005764675191838752
4.535e-07,-0.006717800191838752
4.536e-07,-0.005202175191838751
4.537e-07,-0.002717800191838751
4.538e-07,-0.0013115501918387514
4.539e-07,-0.002717800191838751
4.54e-07,-0.005764675191838752
4.541e-07,-0.006717800191838752
4.542e-07,-0.0044678001918387516
4.543e-07,-0.002717800191838751
4.544e-07,-0.0034209251918387515
4.545e-07,-0.002717800191838751
4.546e-07,0.0016571978081612489
4.547e-07,0.005282197808161249
4.548e-07,0.0030009478081612483
4.549e-07,-0.002717800191838751
4.55e-07,-0.0064053001918387515
4.551e-07,-0.006717800191838752
4.552e-07,-0.006139675191838751
4.553e-07,-0.006717800191838752
4.554e-07,-0.007592800191838752
4.555e-07,-0.006717800191838752
4.556e-07,-0.002936550191838752
4.557e-07,0.0012821978081612485
4.558e-07,0.002922827808161249
4.559e-07,0.0012821978081612485
4.56e-07,-0.0015146751918387515
4.561e-07,-0.002717800191838751
4.562e-07,-0.0014990501918387515
4.563e-07,0.0012821978081612485
4.564e-07,0.003625947808161249
4.565e-07,0.005282197808161249
4.566e-07,0.005813447808161249
4.567e-07,0.005282197808161249
4.568e-07,0.0033446978081612486
4.569e-07,0.0012821978081612485
4.57e-07,-0.00040530219183875123
4.571e-07,-0.002717800191838751
4.572e-07,-0.005655300191838752
4.573e-07,-0.006717800191838752
4.574e-07,-0.004717800191838752
4.575e-07,-0.002717800191838751
4.576e-07,-0.0026709251918387526
4.577e-07,-0.002717800191838751
4.578e-07,-0.0005928021918387514
4.579e-07,0.0012821978081612485
4.58e-07,0.0002196978081612476
4.581e-07,-0.002717800191838751
4.582e-07,-0.004202175191838751
4.583e-07,-0.002717800191838751
4.584e-07,1.657780816124825e-05
4.585e-07,0.0012821978081612485
4.586e-07,0.0007821978081612481
4.587e-07,0.0012821978081612485
4.588e-07,0.003750947808161249
4.589e-07,0.005282197808161249
4.59e-07,0.0024853278081612487
4.591e-07,-0.002717800191838751
4.592e-07,-0.0053584251918387515
4.593e-07,-0.002717800191838751
4.594e-07,0.002704077808161249
4.595e-07,0.005282197808161249
4.596e-07,0.0022978278081612485
4.597e-07,-0.002717800191838751
4.598e-07,-0.004795925191838752
4.599e-07,-0.002717800191838751
4.6e-07,0.00048532780816124867
4.601e-07,0.0012821978081612485
4.602e-07,0.00023532780816124844
4.603e-07,0.0012821978081612485
4.604e-07,0.004891577808161249
4.605e-07,0.005282197808161249
4.606e-07,-0.0006396721918387523
4.607e-07,-0.006717800191838752
4.608e-07,-0.006452175191838752
4.609e-07,-0.002717800191838751
4.61e-07,-0.0005459221918387522
4.611e-07,0.0012821978081612485
4.612e-07,0.005360327808161248
4.613e-07,0.009282197808161249
4.614e-07,0.008844697808161248
4.615e-07,0.005282197808161249
4.616e-07,0.0021571978081612476
4.617e-07,0.0012821978081612485
4.618e-07,0.0015321978081612488
4.619e-07,0.0012821978081612485
4.62e-07,-0.0004678021918387513
4.621e-07,-0.002717800191838751
4.622e-07,-0.003905300191838752
4.623e-07,-0.002717800191838751
4.624e-07,-9.280219183875095e-05
4.625e-07,0.0012821978081612485
4.626e-07,0.0009228278081612491
4.627e-07,0.0012821978081612485
4.628e-07,0.002750947808161248
4.629e-07,0.0012821978081612485
4.63e-07,-0.004889675191838752
4.631e-07,-0.010717800403699752
4.632e-07,-0.010483425391838752
4.633e-07,-0.006717800191838752
4.634e-07,-0.004045925191838752
4.635e-07,-0.002717800191838751
4.636e-07,-0.000858425191838751
4.637e-07,0.0012821978081612485
4.638e-07,0.0029071978081612482
4.639e-07,0.005282197808161249
4.64e-07,0.008375947808161248
4.641e-07,0.009282197808161249
4.642e-07,0.004875947808161248
4.643e-07,-0.002717800191838751
4.644e-07,-0.009155300191838751
4.645e-07,-0.010717800403699752
4.646e-07,-0.0073271751918387515
4.647e-07,-0.002717800191838751
4.648e-07,7.90778081612483e-05
4.649e-07,0.0012821978081612485
4.65e-07,0.0020634478081612475
4.651e-07,0.0012821978081612485
4.652e-07,-0.0012178001918387513
4.653e-07,-0.002717800191838751
4.654e-07,-0.001967800191838752
4.655e-07,-0.002717800191838751
4.656e-07,-0.006217800191838751
4.657e-07,-0.006717800191838752
4.658e-07,-0.000952175191838751
4.659e-07,0.005282197808161249
4.66e-07,0.005313447808161249
4.661e-07,0.0012821978081612485
4.662e-07,-0.0006553021918387514
4.663e-07,0.0012821978081612485
4.664e-07,0.0033446978081612486
4.665e-07,0.0012821978081612485
4.666e-07,-0.004124050191838752
4.667e-07,-0.006717800191838752
4.668e-07,-0.0032178001918387513
4.669e-07,0.0012821978081612485
4.67e-07,0.001969697808161249
4.671e-07,0.0012821978081612485
4.672e-07,0.0031884478081612485
4.673e-07,0.005282197808161249
4.674e-07,0.003844697808161249
4.675e-07,0.0012821978081612485
4.676e-07,0.001719697808161249
4.677e-07,0.005282197808161249
4.678e-07,0.008391577808161247
4.679e-07,0.009282197808161249
4.68e-07,0.007657197808161247
4.681e-07,0.005282197808161249
4.682e-07,0.0031728278081612476
4.683e-07,0.0012821978081612485
4.684e-07,-0.0007959251918387509
4.685e-07,-0.002717800191838751
4.686e-07,-0.0034834251918387515
4.687e-07,-0.002717800191838751
4.688e-07,-0.0007490501918387509
4.689e-07,0.0012821978081612485
4.69e-07,0.0032353278081612476
4.691e-07,0.005282197808161249
4.692e-07,0.00668844780816125
4.693e-07,0.005282197808161249
4.694e-07,0.0008134478081612481
4.695e-07,-0.002717800191838751
4.696e-07,-0.002061550191838752
4.697e-07,0.0012821978081612485
4.698e-07,0.003860327808161248
4.699e-07,0.005282197808161249
4.7e-07,0.005969697808161249
4.701e-07,0.005282197808161249
4.702e-07,0.002860327808161249
4.703e-07,0.0012821978081612485
4.704e-07,0.001610327808161248
4.705e-07,0.0012821978081612485
4.706e-07,-0.0012021751918387513
4.707e-07,-0.002717800191838751
4.708e-07,-0.000889675191838751
4.709e-07,0.0012821978081612485
4.71e-07,0.00023532780816124844
4.711e-07,-0.002717800191838751
4.712e-07,-0.003920925191838752
4.713e-07,-0.002717800191838751
4.714e-07,-0.0004990521918387513
4.715e-07,0.0012821978081612485
4.716e-07,0.0020634478081612475
4.717e-07,0.0012821978081612485
4.718e-07,-0.0008115501918387509
4.719e-07,-0.002717800191838751
4.72e-07,-0.0032646751918387514
4.721e-07,-0.002717800191838751
4.722e-07,-0.0012646751918387513
4.723e-07,0.0012821978081612485
4.724e-07,0.0041415778081612484
4.725e-07,0.005282197808161249
4.726e-07,0.003641577808161248
4.727e-07,0.0012821978081612485
4.728e-07,0.0005634478081612479
4.729e-07,0.0012821978081612485
4.73e-07,0.001641577808161248
4.731e-07,0.0012821978081612485
4.732e-07,0.0008759478081612482
4.733e-07,0.0012821978081612485
4.734e-07,0.002844697808161248
4.735e-07,0.005282197808161249
4.736e-07,0.006797827808161249
4.737e-07,0.005282197808161249
4.738e-07,0.0009540778081612491
4.739e-07,-0.002717800191838751
4.74e-07,-0.0024053001918387523
4.741e-07,0.0012821978081612485
4.742e-07,0.004813447808161248
4.743e-07,0.005282197808161249
4.744e-07,0.002954077808161249
4.745e-07,0.0012821978081612485
4.746e-07,0.002532197808161248
4.747e-07,0.005282197808161249
4.748e-07,0.006485327808161249
4.749e-07,0.005282197808161249
4.75e-07,0.002813447808161248
4.751e-07,0.0012821978081612485
4.752e-07,0.0010321978081612483
4.753e-07,0.0012821978081612485
4.754e-07,0.0012821978081612485
4.755e-07,0.0012821978081612485
4.756e-07,0.001579077808161248
4.757e-07,0.0012821978081612485
4.758e-07,-0.0004834221918387522
4.759e-07,-0.002717800191838751
4.76e-07,-0.0034521751918387515
4.761e-07,-0.002717800191838751
4.762e-07,-0.000889675191838751
4.763e-07,0.0012821978081612485
4.764e-07,0.002625947808161248
4.765e-07,0.0012821978081612485
4.766e-07,-0.0018584251918387518
4.767e-07,-0.002717800191838751
4.768e-07,0.0007509478081612481
4.769e-07,0.005282197808161249
4.77e-07,0.006704077808161249
4.771e-07,0.005282197808161249
4.772e-07,0.0040634478081612475
4.773e-07,0.005282197808161249
4.774e-07,0.006954077808161249
4.775e-07,0.005282197808161249
4.776e-07,4.782780816124828e-05
4.777e-07,-0.002717800191838751
4.778e-07,0.00048532780816124867
4.779e-07,0.005282197808161249
4.78e-07,0.006235327808161249
4.781e-07,0.005282197808161249
4.782e-07,0.005516577808161248
4.783e-07,0.005282197808161249
4.784e-07,0.001797827808161248
4.785e-07,-0.002717800191838751
4.786e-07,-0.004295925191838751
4.787e-07,-0.002717800191838751
4.788e-07,-0.0010615501918387511
4.789e-07,-0.002717800191838751
4.79e-07,-0.0063271751918387515
4.791e-07,-0.006717800191838752
4.792e-07,-0.002030300191838752
4.793e-07,0.0012821978081612485
4.794e-07,-0.0006553021918387514
4.795e-07,-0.002717800191838751
4.796e-07,0.00048532780816124867
4.797e-07,0.005282197808161249
4.798e-07,0.0050478278081612475
4.799e-07,0.0012821978081612485
4.8e-07,-0.0006396721918387523
4.801e-07,0.0012821978081612485
4.802e-07,0.0042353278081612485
4.803e-07,0.005282197808161249
4.804e-07,0.002500947808161248
4.805e-07,-0.002717800191838751
4.806e-07,-0.006889675191838751
4.807e-07,-0.006717800191838752
4.808e-07,-0.0023428001918387523
4.809e-07,0.0012821978081612485
4.81e-07,0.0007821978081612481
4.811e-07,-0.002717800191838751
4.812e-07,-0.005702175191838752
4.813e-07,-0.006717800191838752
4.814e-07,-0.005592800191838752
4.815e-07,-0.002717800191838751
4.816e-07,0.0014696978081612487
4.817e-07,0.005282197808161249
4.818e-07,0.00653219780816125
4.819e-07,0.005282197808161249
4.82e-07,0.002704077808161249
4.821e-07,0.0012821978081612485
4.822e-07,0.0013759478081612486
4.823e-07,0.0012821978081612485
4.824e-07,-0.0005459221918387522
4.825e-07,-0.002717800191838751
4.826e-07,-0.0034365501918387515
4.827e-07,-0.002717800191838751
4.828e-07,-0.002030300191838752
4.829e-07,-0.002717800191838751
4.83e-07,-0.0036084251918387517
4.831e-07,-0.002717800191838751
4.832e-07,-1.4672191838751777e-05
4.833e-07,0.0012821978081612485
4.834e-07,-0.0005771721918387523
4.835e-07,-0.002717800191838751
4.836e-07,-0.0017646751918387518
4.837e-07,0.0012821978081612485
4.838e-07,0.002719697808161248
4.839e-07,0.0012821978081612485
4.84e-07,-0.0016396751918387516
4.841e-07,-0.002717800191838751
4.842e-07,-0.0008428001918387509
4.843e-07,0.0012821978081612485
4.844e-07,0.001579077808161248
4.845e-07,0.0012821978081612485
4.846e-07,0.0007353278081612489
4.847e-07,-0.002717800191838751
4.848e-07,-0.008858425191838751
4.849e-07,-0.010717800403699752
4.85e-07,-0.0037021751918387517
4.851e-07,0.005282197808161249
4.852e-07,0.007969697808161248
4.853e-07,0.005282197808161249
4.854e-07,0.0015009478081612487
4.855e-07,-0.002717800191838751
4.856e-07,-0.006811550191838752
4.857e-07,-0.006717800191838752
4.858e-07,-0.0007334251918387526
4.859e-07,0.005282197808161249
4.86e-07,0.005250947808161249
4.861e-07,0.0012821978081612485
4.862e-07,-0.0010459251918387511
4.863e-07,0.0012821978081612485
4.864e-07,0.005266577808161248
4.865e-07,0.005282197808161249
4.866e-07,0.0004228278081612486
4.867e-07,-0.002717800191838751
4.868e-07,-0.0007178021918387515
4.869e-07,0.0012821978081612485
4.87e-07,-0.002077175191838752
4.871e-07,-0.006717800191838752
4.872e-07,-0.0064053001918387515
4.873e-07,-0.002717800191838751
4.874e-07,-0.000999050191838751
4.875e-07,-0.002717800191838751
4.876e-07,-0.005217800191838751
4.877e-07,-0.006717800191838752
4.878e-07,-0.006889675191838751
4.879e-07,-0.006717800191838752
4.88e-07,-0.006702175191838752
4.881e-07,-0.006717800191838752
4.882e-07,-0.005467800191838752
4.883e-07,-0.002717800191838751
4.884e-07,0.00014157780816124836
4.885e-07,0.0012821978081612485
4.886e-07,-0.00017092219183875192
4.887e-07,-0.002717800191838751
4.888e-07,-0.004077175191838752
4.889e-07,-0.002717800191838751
4.89e-07,-6.155219183875092e-05
4.891e-07,0.0012821978081612485
4.892e-07,-0.0002490521918387511
4.893e-07,-0.002717800191838751
4.894e-07,-0.0037021751918387517
4.895e-07,-0.002717800191838751
4.896e-07,-0.0017490501918387517
4.897e-07,-0.002717800191838751
4.898e-07,-0.005061550191838752
4.899e-07,-0.006717800191838752
4.9e-07,-0.005624050191838752
4.901e-07,-0.002717800191838751
4.902e-07,-0.001014675191838751
4.903e-07,-0.002717800191838751
4.904e-07,-0.006092800191838752
4.905e-07,-0.006717800191838752
4.906e-07,-0.0018115501918387518
4.907e-07,0.005282197808161249
4.908e-07,0.008485327808161247
4.909e-07,0.005282197808161249
4.91e-07,-0.0019053001918387519
4.911e-07,-0.006717800191838752
4.912e-07,-0.005124050191838752
4.913e-07,0.0012821978081612485
4.914e-07,0.007375947808161247
4.915e-07,0.009282197808161249
4.916e-07,0.006000947808161249
4.917e-07,0.0012821978081612485
4.918e-07,-0.001936550191838752
4.919e-07,-0.002717800191838751
4.92e-07,-0.0012959251918387513
4.921e-07,0.0012821978081612485
4.922e-07,0.0031103278081612475
4.923e-07,0.0012821978081612485
4.924e-07,-0.004670925191838752
4.925e-07,-0.010717800403699752
4.926e-07,-0.011639675391838751
4.927e-07,-0.006717800191838752
4.928e-07,0.000657197808161248
4.929e-07,0.005282197808161249
4.93e-07,0.005625947808161249
4.931e-07,0.005282197808161249
4.932e-07,0.0061103278081612485
4.933e-07,0.005282197808161249
4.934e-07,1.657780816124825e-05
4.935e-07,-0.006717800191838752
4.936e-07,-0.009405300191838752
4.937e-07,-0.006717800191838752
4.938e-07,-0.0017646751918387518
4.939e-07,0.0012821978081612485
4.94e-07,0.0013603278081612477
4.941e-07,0.0012821978081612485
4.942e-07,0.0032978278081612477
4.943e-07,0.005282197808161249
4.944e-07,0.005266577808161248
4.945e-07,0.005282197808161249
4.946e-07,0.006266577808161249
4.947e-07,0.005282197808161249
4.948e-07,0.0004228278081612486
4.949e-07,-0.002717800191838751
4.95e-07,0.00015719780816124754
4.951e-07,0.005282197808161249
4.952e-07,0.006860327808161249
4.953e-07,0.005282197808161249
4.954e-07,0.0032665778081612477
4.955e-07,0.0012821978081612485
4.956e-07,-0.0012959251918387513
4.957e-07,-0.002717800191838751
4.958e-07,-0.0012646751918387513
4.959e-07,0.0012821978081612485
4.96e-07,0.0022353278081612485
4.961e-07,0.0012821978081612485
4.962e-07,-0.0005146721918387522
4.963e-07,-0.002717800191838751
4.964e-07,-0.003936550191838752
4.965e-07,-0.002717800191838751
4.966e-07,0.0003446978081612477
4.967e-07,0.0012821978081612485
4.968e-07,-0.0011396751918387512
4.969e-07,-0.002717800191838751
4.97e-07,0.00015719780816124754
4.971e-07,0.005282197808161249
4.972e-07,0.00751657780816125
4.973e-07,0.005282197808161249
4.974e-07,0.0015321978081612488
4.975e-07,0.0012821978081612485
4.976e-07,0.004250947808161248
4.977e-07,0.005282197808161249
4.978e-07,0.0012978278081612477
4.979e-07,-0.002717800191838751
4.98e-07,-0.0016553001918387517
4.981e-07,0.0012821978081612485
4.982e-07,0.0009228278081612491
4.983e-07,-0.002717800191838751
4.984e-07,-0.005717800191838752
4.985e-07,-0.006717800191838752
4.986e-07,-0.005608425191838752
4.987e-07,-0.002717800191838751
4.988e-07,0.002625947808161248
4.989e-07,0.009282197808161249
4.99e-07,0.013766577808161248
4.991e-07,0.013282197808161249
4.992e-07,0.007282197808161247
4.993e-07,0.0012821978081612485
4.994e-07,0.00048532780816124867
4.995e-07,0.005282197808161249
4.996e-07,0.01009469780816125
4.997e-07,0.009282197808161249
4.998e-07,0.001672827808161248
4.999e-07,-0.006717800191838752
5e-07,-0.009467800191838752
5.001e-07,-0.006717800191838752
5.002e-07,-0.0019053001918387519
5.003e-07,0.0012821978081612485
5.004e-07,0.0022196978081612476
5.005e-07,0.0012821978081612485
5.006e-07,0.00026657780816124847
5.007e-07,0.0012821978081612485
5.008e-07,0.004157197808161248
5.009e-07,0.005282197808161249
5.01e-07,0.0031415778081612476
5.011e-07,0.0012821978081612485
5.012e-07,0.002563447808161248
5.013e-07,0.005282197808161249
5.014e-07,0.006079077808161248
5.015e-07,0.005282197808161249
5.016e-07,0.004750947808161248
5.017e-07,0.005282197808161249
5.018e-07,0.005657197808161249
5.019e-07,0.005282197808161249
5.02e-07,0.004579077808161249
5.021e-07,0.005282197808161249
5.022e-07,0.00662594780816125
5.023e-07,0.005282197808161249
5.024e-07,0.0005321978081612479
5.025e-07,-0.002717800191838751
5.026e-07,-0.0010459251918387511
5.027e-07,0.0012821978081612485
5.028e-07,9.478081612491335e-07
5.029e-07,-0.002717800191838751
5.03e-07,-0.002155300191838752
5.031e-07,0.0012821978081612485
5.032e-07,0.004297827808161249
5.033e-07,0.005282197808161249
5.034e-07,0.005110327808161248
5.035e-07,0.005282197808161249
5.036e-07,0.005657197808161249
5.037e-07,0.005282197808161249
5.038e-07,0.0032978278081612477
5.039e-07,0.0012821978081612485
5.04e-07,0.000657197808161248
5.041e-07,0.0012821978081612485
5.042e-07,0.001735327808161248
5.043e-07,0.0012821978081612485
5.044e-07,0.0007821978081612481
5.045e-07,0.0012821978081612485
5.046e-07,0.0022353278081612485
5.047e-07,0.0012821978081612485
5.048e-07,-0.0016553001918387517
5.049e-07,-0.002717800191838751
5.05e-07,0.0007040778081612489
5.051e-07,0.005282197808161249
5.052e-07,0.00668844780816125
5.053e-07,0.005282197808161249
5.054e-07,0.0032040778081612476
5.055e-07,0.0012821978081612485
5.056e-07,-0.000967800191838751
5.057e-07,-0.002717800191838751
5.058e-07,-0.002077175191838752
5.059e-07,0.0012821978081612485
5.06e-07,0.004954077808161247
5.061e-07,0.005282197808161249
5.062e-07,0.0012665778081612476
5.063e-07,-0.002717800191838751
5.064e-07,-0.0023271751918387523
5.065e-07,0.0012821978081612485
5.066e-07,0.004469697808161248
5.067e-07,0.005282197808161249
5.068e-07,0.003907197808161249
5.069e-07,0.0012821978081612485
5.07e-07,-0.0015303001918387515
5.071e-07,-0.002717800191838751
5.072e-07,-0.0013428001918387514
5.073e-07,0.0012821978081612485
5.074e-07,0.0034696978081612487
5.075e-07,0.005282197808161249
5.076e-07,0.0062040778081612485
5.077e-07,0.005282197808161249
5.078e-07,0.002625947808161248
5.079e-07,0.0012821978081612485
5.08e-07,0.0019384478081612491
5.081e-07,0.0012821978081612485
5.082e-07,-0.002811550191838751
5.083e-07,-0.006717800191838752
5.084e-07,-0.006170925191838751
5.085e-07,-0.002717800191838751
5.086e-07,-0.0008115501918387509
5.087e-07,-0.002717800191838751
5.088e-07,-0.005874050191838752
5.089e-07,-0.006717800191838752
5.09e-07,-0.0035303001918387516
5.091e-07,0.0012821978081612485
5.092e-07,0.003532197808161249
5.093e-07,0.0012821978081612485
5.094e-07,-0.002733425191838751
5.095e-07,-0.002717800191838751
5.096e-07,0.0020634478081612475
5.097e-07,0.005282197808161249
5.098e-07,0.0022509478081612477
5.099e-07,-0.002717800191838751
5.1e-07,-0.003999050191838752
5.101e-07,-0.002717800191838751
5.102e-07,-0.0025459251918387524
5.103e-07,-0.002717800191838751
5.104e-07,-0.001014675191838751
5.105e-07,0.0012821978081612485
5.106e-07,0.0018603278081612482
5.107e-07,0.0012821978081612485
5.108e-07,0.0010321978081612483
5.109e-07,0.0012821978081612485
5.11e-07,0.00040719780816124776
5.111e-07,-0.002717800191838751
5.112e-07,-0.0064053001918387515
5.113e-07,-0.006717800191838752
5.114e-07,-0.0025771751918387525
5.115e-07,0.0012821978081612485
5.116e-07,0.0005634478081612479
5.117e-07,-0.002717800191838751
5.118e-07,-0.004092800191838752
5.119e-07,-0.002717800191838751
5.12e-07,-0.0003584221918387521
5.121e-07,0.0012821978081612485
5.122e-07,0.001766577808161248
5.123e-07,0.0012821978081612485
5.124e-07,-0.00040530219183875123
5.125e-07,-0.002717800191838751
5.126e-07,-0.004092800191838752
5.127e-07,-0.002717800191838751
5.128e-07,0.0013759478081612486
5.129e-07,0.005282197808161249
5.13e-07,0.005344697808161249
5.131e-07,0.0012821978081612485
5.132e-07,-0.0032021751918387513
5.133e-07,-0.002717800191838751
5.134e-07,0.0024853278081612487
5.135e-07,0.005282197808161249
5.136e-07,0.0015321978081612488
5.137e-07,-0.002717800191838751
5.138e-07,-0.0017021751918387517
5.139e-07,0.0012821978081612485
5.14e-07,0.0006103278081612488
5.141e-07,-0.002717800191838751
5.142e-07,-0.004061550191838752
5.143e-07,-0.002717800191838751
5.144e-07,-0.0014834251918387515
5.145e-07,-0.002717800191838751
5.146e-07,-0.0044209251918387515
5.147e-07,-0.002717800191838751
5.148e-07,0.002625947808161248
5.149e-07,0.005282197808161249
5.15e-07,0.0014696978081612487
5.151e-07,-0.002717800191838751
5.152e-07,-0.0007803001918387509
5.153e-07,0.005282197808161249
5.154e-07,0.008829077808161247
5.155e-07,0.009282197808161249
5.156e-07,0.008047827808161247
5.157e-07,0.005282197808161249
5.158e-07,0.0006103278081612488
5.159e-07,-0.002717800191838751
5.16e-07,-0.003811550191838752
5.161e-07,-0.006717800191838752
5.162e-07,-0.012311550191838752
5.163e-07,-0.014717800191838753
5.164e-07,-0.009467800191838752
5.165e-07,-0.002717800191838751
5.166e-07,-0.0006396721918387523
5.167e-07,-0.002717800191838751
5.168e-07,-0.0037021751918387517
5.169e-07,-0.002717800191838751
5.17e-07,-0.002124050191838752
5.171e-07,-0.002717800191838751
5.172e-07,-0.0025928001918387525
5.173e-07,0.0012821978081612485
5.174e-07,0.008047827808161247
5.175e-07,0.013282197808161249
5.176e-07,0.011813447808161247
5.177e-07,0.005282197808161249
5.178e-07,-0.002077175191838752
5.179e-07,-0.006717800191838752
5.18e-07,-0.007905300191838752
5.181e-07,-0.006717800191838752
5.182e-07,-0.0043896751918387515
5.183e-07,-0.002717800191838751
5.184e-07,-0.002280300191838752
5.185e-07,-0.002717800191838751
5.186e-07,-0.002842800191838751
5.187e-07,-0.002717800191838751
5.188e-07,-0.0014365501918387515
5.189e-07,0.0012821978081612485
5.19e-07,0.004329077808161249
5.191e-07,0.005282197808161249
5.192e-07,0.0031884478081612485
5.193e-07,0.0012821978081612485
5.194e-07,0.0023134478081612477
5.195e-07,0.005282197808161249
5.196e-07,0.00665719780816125
5.197e-07,0.005282197808161249
5.198e-07,0.0024853278081612487
5.199e-07,0.0012821978081612485
5.2e-07,0.002641577808161249
5.201e-07,0.005282197808161249
5.202e-07,0.0063446978081612496
5.203e-07,0.005282197808161249
5.204e-07,0.0030165778081612474
5.205e-07,0.0012821978081612485
5.206e-07,0.0009071978081612482
5.207e-07,0.0012821978081612485
5.208e-07,0.000719697808161248
5.209e-07,-0.002717800191838751
5.21e-07,-0.007764675191838752
5.211e-07,-0.010717800403699752
5.212e-07,-0.008389675191838752
5.213e-07,-0.002717800191838751
5.214e-07,0.002704077808161249
5.215e-07,0.005282197808161249
5.216e-07,0.005469697808161249
5.217e-07,0.005282197808161249
5.218e-07,0.005485327808161248
5.219e-07,0.005282197808161249
5.22e-07,0.003547827808161248
5.221e-07,0.0012821978081612485
5.222e-07,0.00011032780816124833
5.223e-07,0.0012821978081612485
5.224e-07,0.003735327808161248
5.225e-07,0.005282197808161249
5.226e-07,0.005250947808161249
5.227e-07,0.005282197808161249
5.228e-07,0.005985327808161248
5.229e-07,0.005282197808161249
5.23e-07,0.0024853278081612487
5.231e-07,0.0012821978081612485
5.232e-07,0.004422827808161249
5.233e-07,0.009282197808161249
5.234e-07,0.011032197808161247
5.235e-07,0.009282197808161249
5.236e-07,0.00646969780816125
5.237e-07,0.005282197808161249
5.238e-07,0.005516577808161248
5.239e-07,0.005282197808161249
5.24e-07,0.003454077808161248
5.241e-07,0.0012821978081612485
5.242e-07,0.0005634478081612479
5.243e-07,0.0012821978081612485
5.244e-07,0.0020478278081612483
5.245e-07,0.0012821978081612485
5.246e-07,0.0002978278081612485
5.247e-07,0.0012821978081612485
5.248e-07,0.0042353278081612485
5.249e-07,0.005282197808161249
5.25e-07,0.0028759478081612482
5.251e-07,0.0012821978081612485
5.252e-07,0.004250947808161248
5.253e-07,0.009282197808161249
5.254e-07,0.011250947808161247
5.255e-07,0.009282197808161249
5.256e-07,0.006094697808161249
5.257e-07,0.005282197808161249
5.258e-07,0.006235327808161249
5.259e-07,0.005282197808161249
5.26e-07,0.0019228278081612482
5.261e-07,0.0012821978081612485
5.262e-07,0.005750947808161249
5.263e-07,0.009282197808161249
5.264e-07,0.0063134478081612495
5.265e-07,0.0012821978081612485
5.266e-07,0.0011259478081612484
5.267e-07,0.005282197808161249
5.268e-07,0.008704077808161247
5.269e-07,0.009282197808161249
5.27e-07,0.007750947808161247
5.271e-07,0.005282197808161249
5.272e-07,0.002688447808161248
5.273e-07,0.0012821978081612485
5.274e-07,0.0013603278081612477
5.275e-07,0.0012821978081612485
5.276e-07,0.0007353278081612489
5.277e-07,0.0012821978081612485
5.278e-07,0.003516577808161248
5.279e-07,0.005282197808161249
5.28e-07,0.0051259478081612485
5.281e-07,0.005282197808161249
5.282e-07,0.00748532780816125
5.283e-07,0.009282197808161249
5.284e-07,0.00770407780816125
5.285e-07,0.005282197808161249
5.286e-07,0.003641577808161248
5.287e-07,0.0012821978081612485
5.288e-07,-0.0023271751918387523
5.289e-07,-0.002717800191838751
5.29e-07,0.0020478278081612483
5.291e-07,0.005282197808161249
5.292e-07,0.0012353278081612476
5.293e-07,-0.006717800191838752
5.294e-07,-0.011124050391838752
5.295e-07,-0.010717800403699752
5.296e-07,-0.007264675191838751
5.297e-07,-0.002717800191838751
5.298e-07,0.0022353278081612485
5.299e-07,0.005282197808161249
5.3e-07,0.005469697808161249
5.301e-07,0.005282197808161249
5.302e-07,0.005766577808161248
5.303e-07,0.005282197808161249
5.304e-07,0.002672827808161249
5.305e-07,0.0012821978081612485
5.306e-07,0.002891577808161249
5.307e-07,0.005282197808161249
5.308e-07,0.004532197808161248
5.309e-07,0.0012821978081612485
5.31e-07,-0.0016865501918387517
5.311e-07,-0.002717800191838751
5.312e-07,-0.0023428001918387523
5.313e-07,-0.002717800191838751
5.314e-07,-0.0035928001918387516
5.315e-07,-0.002717800191838751
5.316e-07,0.0002978278081612485
5.317e-07,0.0012821978081612485
5.318e-07,-0.0013115501918387514
5.319e-07,-0.002717800191838751
5.32e-07,0.0006728278081612488
5.321e-07,0.005282197808161249
5.322e-07,0.005266577808161248
5.323e-07,0.0012821978081612485
5.324e-07,-0.0014521751918387515
5.325e-07,0.0012821978081612485
5.326e-07,0.0062040778081612485
5.327e-07,0.005282197808161249
5.328e-07,-0.0035146751918387516
5.329e-07,-0.010717800403699752
5.33e-07,-0.008639675191838753
5.331e-07,-0.002717800191838751
5.332e-07,-0.0010459251918387511
5.333e-07,-0.002717800191838751
5.334e-07,-0.002014675191838752
5.335e-07,0.0012821978081612485
5.336e-07,0.0031259478081612484
5.337e-07,0.0012821978081612485
5.338e-07,-0.001983425191838752
5.339e-07,-0.002717800191838751
5.34e-07,-0.00023342219183875197
5.341e-07,0.0012821978081612485
5.342e-07,-0.000874050191838751
5.343e-07,-0.002717800191838751
5.344e-07,0.00014157780816124836
5.345e-07,0.005282197808161249
5.346e-07,0.0072665778081612495
5.347e-07,0.005282197808161249
5.348e-07,0.0022509478081612477
5.349e-07,0.0012821978081612485
5.35e-07,0.002797827808161249
5.351e-07,0.005282197808161249
5.352e-07,0.006329077808161249
5.353e-07,0.005282197808161249
5.354e-07,0.002954077808161249
5.355e-07,0.0012821978081612485
5.356e-07,0.0009540778081612491
5.357e-07,0.0012821978081612485
5.358e-07,0.0013759478081612486
5.359e-07,0.0012821978081612485
5.36e-07,0.0012665778081612476
5.361e-07,0.0012821978081612485
5.362e-07,0.0010946978081612484
5.363e-07,0.0012821978081612485
5.364e-07,0.001813447808161249
5.365e-07,0.0012821978081612485
5.366e-07,-0.000874050191838751
5.367e-07,-0.002717800191838751
5.368e-07,-0.002874050191838751
5.369e-07,-0.002717800191838751
5.37e-07,-0.003139675191838752
5.371e-07,-0.002717800191838751
5.372e-07,-0.0004834221918387522
5.373e-07,0.0012821978081612485
5.374e-07,0.00014157780816124836
5.375e-07,-0.002717800191838751
5.376e-07,-0.004092800191838752
5.377e-07,-0.002717800191838751
5.378e-07,-7.717219183875183e-05
5.379e-07,0.0012821978081612485
5.38e-07,-1.4672191838751777e-05
5.381e-07,-0.002717800191838751
5.382e-07,-0.004170925191838751
5.383e-07,-0.002717800191838751
5.384e-07,0.0002509478081612476
5.385e-07,0.0012821978081612485
5.386e-07,-0.0007959251918387509
5.387e-07,-0.002717800191838751
5.388e-07,-0.0016084251918387516
5.389e-07,0.0012821978081612485
5.39e-07,0.0024853278081612487
5.391e-07,0.0012821978081612485
5.392e-07,-0.001030300191838751
5.393e-07,-0.002717800191838751
5.394e-07,-0.0032178001918387513
5.395e-07,-0.002717800191838751
5.396e-07,-0.001952175191838752
5.397e-07,-0.002717800191838751
5.398e-07,-0.005092800191838752
5.399e-07,-0.006717800191838752
5.4e-07,-0.006545925191838752
5.401e-07,-0.006717800191838752
5.402e-07,-0.006811550191838752
5.403e-07,-0.002717800191838751
5.404e-07,0.005485327808161248
5.405e-07,0.009282197808161249
5.406e-07,0.002844697808161248
5.407e-07,-0.006717800191838752
5.408e-07,-0.009905300391838751
5.409e-07,-0.006717800191838752
5.41e-07,-0.0032490501918387513
5.411e-07,-0.002717800191838751
5.412e-07,-0.0034365501918387515
5.413e-07,-0.002717800191838751
5.414e-07,-0.0003740521918387512
5.415e-07,0.0012821978081612485
5.416e-07,0.00015719780816124754
5.417e-07,-0.002717800191838751
5.418e-07,-0.004233425191838751
5.419e-07,-0.002717800191838751
5.42e-07,0.00014157780816124836
5.421e-07,0.0012821978081612485
5.422e-07,-0.0005615521918387514
5.423e-07,-0.002717800191838751
5.424e-07,-0.003124050191838752
5.425e-07,-0.002717800191838751
5.426e-07,-0.002827175191838751
5.427e-07,-0.002717800191838751
5.428e-07,-0.000967800191838751
5.429e-07,0.0012821978081612485
5.43e-07,0.0011103278081612475
5.431e-07,-0.002717800191838751
5.432e-07,-0.007249050191838751
5.433e-07,-0.006717800191838752
5.434e-07,-0.00023342219183875197
5.435e-07,0.005282197808161249
5.436e-07,0.004375947808161248
5.437e-07,0.0012821978081612485
5.438e-07,0.0009228278081612491
5.439e-07,0.0012821978081612485
5.44e-07,-0.0019209251918387519
5.441e-07,-0.006717800191838752
5.442e-07,-0.008514675191838753
5.443e-07,-0.006717800191838752
5.444e-07,-0.004092800191838752
5.445e-07,-0.002717800191838751
5.446e-07,-0.0025928001918387525
5.447e-07,-0.002717800191838751
5.448e-07,-0.0024990501918387524
5.449e-07,-0.002717800191838751
5.45e-07,-0.004311550191838751
5.451e-07,-0.006717800191838752
5.452e-07,-0.007983425191838752
5.453e-07,-0.006717800191838752
5.454e-07,-0.003936550191838752
5.455e-07,-0.002717800191838751
5.456e-07,-0.0044834251918387516
5.457e-07,-0.006717800191838752
5.458e-07,-0.007045925191838751
5.459e-07,-0.006717800191838752
5.46e-07,-0.007045925191838751
5.461e-07,-0.006717800191838752
5.462e-07,-0.0044834251918387516
5.463e-07,-0.002717800191838751
5.464e-07,-0.004014675191838752
5.465e-07,-0.006717800191838752
5.466e-07,-0.007842800191838752
5.467e-07,-0.006717800191838752
5.468e-07,-0.004499050191838752
5.469e-07,-0.002717800191838751
5.47e-07,-0.002092800191838752
5.471e-07,-0.002717800191838751
5.472e-07,-0.0044209251918387515
5.473e-07,-0.006717800191838752
5.474e-07,-0.008077175191838752
5.475e-07,-0.006717800191838752
5.476e-07,-0.0024834251918387524
5.477e-07,0.0012821978081612485
5.478e-07,0.0019853278081612483
5.479e-07,0.0012821978081612485
5.48e-07,0.0011259478081612484
5.481e-07,0.0012821978081612485
5.482e-07,0.0009540778081612491
5.483e-07,0.0012821978081612485
5.484e-07,0.0030634478081612484
5.485e-07,0.005282197808161249
5.486e-07,0.004875947808161248
5.487e-07,0.0012821978081612485
5.488e-07,-0.002811550191838751
5.489e-07,-0.002717800191838751
5.49e-07,0.0019228278081612482
5.491e-07,0.005282197808161249
5.492e-07,0.002641577808161249
5.493e-07,-0.002717800191838751
5.494e-07,-0.004827175191838752
5.495e-07,-0.002717800191838751
5.496e-07,0.0003134478081612477
5.497e-07,0.0012821978081612485
5.498e-07,-0.00023342219183875197
5.499e-07,-0.002717800191838751
5.5e-07,-0.003952175191838752
5.501e-07,-0.002717800191838751
5.502e-07,-7.717219183875183e-05
5.503e-07,0.0012821978081612485
5.504e-07,-1.4672191838751777e-05
5.505e-07,-0.002717800191838751
5.506e-07,-0.004249050191838751
5.507e-07,-0.002717800191838751
5.508e-07,0.00040719780816124776
5.509e-07,0.0012821978081612485
5.51e-07,-0.0010459251918387511
5.511e-07,-0.002717800191838751
5.512e-07,-0.000983425191838751
5.513e-07,0.0012821978081612485
5.514e-07,0.0003134478081612477
5.515e-07,-0.002717800191838751
5.516e-07,-0.003999050191838752
5.517e-07,-0.002717800191838751
5.518e-07,-0.0004834221918387522
5.519e-07,0.0012821978081612485
5.52e-07,0.0018603278081612482
5.521e-07,0.0012821978081612485
5.522e-07,0.00040719780816124776
5.523e-07,0.0012821978081612485
5.524e-07,0.003813447808161249
5.525e-07,0.005282197808161249
5.526e-07,0.003750947808161249
5.527e-07,0.0012821978081612485
5.528e-07,-0.0005459221918387522
5.529e-07,-0.002717800191838751
5.53e-07,-0.005749050191838752
5.531e-07,-0.006717800191838752
5.532e-07,-0.003155300191838752
5.533e-07,0.0012821978081612485
5.534e-07,0.002532197808161248
5.535e-07,0.0012821978081612485
5.536e-07,-0.00040530219183875123
5.537e-07,-0.002717800191838751
5.538e-07,-0.004858425191838752
5.539e-07,-0.002717800191838751
5.54e-07,0.0041728278081612485
5.541e-07,0.009282197808161249
5.542e-07,0.006860327808161249
5.543e-07,0.0012821978081612485
5.544e-07,-0.0017959251918387518
5.545e-07,-0.002717800191838751
5.546e-07,-0.004545925191838752
5.547e-07,-0.006717800191838752
5.548e-07,-0.007092800191838751
5.549e-07,-0.006717800191838752
5.55e-07,-0.006905300191838751
5.551e-07,-0.006717800191838752
5.552e-07,-0.004670925191838752
5.553e-07,-0.002717800191838751
5.554e-07,-0.002202175191838752
5.555e-07,-0.002717800191838751
5.556e-07,-0.003014675191838752
5.557e-07,-0.002717800191838751
5.558e-07,-0.0025615501918387525
5.559e-07,-0.002717800191838751
5.56e-07,-0.002014675191838752
5.561e-07,0.0012821978081612485
5.562e-07,0.005469697808161249
5.563e-07,0.005282197808161249
5.564e-07,-0.001030300191838751
5.565e-07,-0.006717800191838752
5.566e-07,-0.006139675191838751
5.567e-07,-0.002717800191838751
5.568e-07,-0.000874050191838751
5.569e-07,0.0012821978081612485
5.57e-07,0.005985327808161248
5.571e-07,0.009282197808161249
5.572e-07,0.00646969780816125
5.573e-07,0.0012821978081612485
5.574e-07,-0.0006240521918387514
5.575e-07,0.0012821978081612485
5.576e-07,0.003829077808161248
5.577e-07,0.005282197808161249
5.578e-07,0.004625947808161248
5.579e-07,0.0012821978081612485
5.58e-07,-0.0036240501918387517
5.581e-07,-0.006717800191838752
5.582e-07,-0.005733425191838752
5.583e-07,-0.002717800191838751
5.584e-07,-0.00029592219183875203
5.585e-07,0.0012821978081612485
5.586e-07,0.0030790778081612475
5.587e-07,0.005282197808161249
5.588e-07,0.006422827808161249
5.589e-07,0.005282197808161249
5.59e-07,0.001610327808161248
5.591e-07,-0.002717800191838751
5.592e-07,-0.005811550191838752
5.593e-07,-0.006717800191838752
5.594e-07,-0.0053740501918387515
5.595e-07,-0.002717800191838751
5.596e-07,6.344780816124745e-05
5.597e-07,0.0012821978081612485
5.598e-07,6.344780816124745e-05
5.599e-07,-0.002717800191838751
5.6e-07,-0.004327175191838751
5.601e-07,-0.002717800191838751
5.602e-07,0.001610327808161248
5.603e-07,0.005282197808161249
5.604e-07,0.0050165778081612475
5.605e-07,0.0012821978081612485
5.606e-07,-0.0025771751918387525
5.607e-07,-0.002717800191838751
5.608e-07,0.00018844780816124757
5.609e-07,0.0012821978081612485
5.61e-07,-0.0012646751918387513
5.611e-07,-0.002717800191838751
5.612e-07,0.000625947808161248
5.613e-07,0.005282197808161249
5.614e-07,0.005422827808161248
5.615e-07,0.0012821978081612485
5.616e-07,-0.0026240501918387525
5.617e-07,-0.002717800191838751
5.618e-07,-0.000155302191838751
5.619e-07,0.0012821978081612485
5.62e-07,-0.00032717219183875206
5.621e-07,-0.002717800191838751
5.622e-07,-0.0032178001918387513
5.623e-07,-0.002717800191838751
5.624e-07,-0.003827175191838752
5.625e-07,-0.006717800191838752
5.626e-07,-0.00840530019183875
5.627e-07,-0.006717800191838752
5.628e-07,-0.002202175191838752
5.629e-07,0.0012821978081612485
5.63e-07,0.0008446978081612481
5.631e-07,-0.002717800191838751
5.632e-07,-0.005936550191838752
5.633e-07,-0.006717800191838752
5.634e-07,-0.005092800191838752
5.635e-07,-0.002717800191838751
5.636e-07,-0.0006865521918387515
5.637e-07,0.0012821978081612485
5.638e-07,0.0032665778081612477
5.639e-07,0.005282197808161249
5.64e-07,0.006047827808161248
5.641e-07,0.005282197808161249
5.642e-07,0.0032665778081612477
5.643e-07,0.0012821978081612485
5.644e-07,-0.0006240521918387514
5.645e-07,-0.002717800191838751
5.646e-07,-0.005249050191838751
5.647e-07,-0.006717800191838752
5.648e-07,-0.005545925191838752
5.649e-07,-0.002717800191838751
5.65e-07,0.00011032780816124833
5.651e-07,0.0012821978081612485
5.652e-07,0.0002978278081612485
5.653e-07,-0.002717800191838751
5.654e-07,-0.005780300191838752
5.655e-07,-0.006717800191838752
5.656e-07,-0.003967800191838752
5.657e-07,0.0012821978081612485
5.658e-07,0.005313447808161249
5.659e-07,0.005282197808161249
5.66e-07,0.0021259478081612476
5.661e-07,0.0012821978081612485
5.662e-07,0.005032197808161248
5.663e-07,0.009282197808161249
5.664e-07,0.008079077808161247
5.665e-07,0.0012821978081612485
5.666e-07,-0.005749050191838752
5.667e-07,-0.006717800191838752
5.668e-07,-0.0019209251918387519
5.669e-07,0.0012821978081612485
5.67e-07,-0.0007959251918387509
5.671e-07,-0.002717800191838751
5.672e-07,0.000829077808161249
5.673e-07,0.005282197808161249
5.674e-07,0.004547827808161249
5.675e-07,0.0012821978081612485
5.676e-07,0.0005009478081612478
5.677e-07,0.0012821978081612485
5.678e-07,0.0009228278081612491
5.679e-07,0.0012821978081612485
5.68e-07,0.003766577808161248
5.681e-07,0.005282197808161249
5.682e-07,0.0023134478081612477
5.683e-07,-0.002717800191838751
5.684e-07,-0.004967800191838752
5.685e-07,-0.002717800191838751
5.686e-07,0.0018603278081612482
5.687e-07,0.005282197808161249
5.688e-07,0.0050790778081612475
5.689e-07,0.0012821978081612485
5.69e-07,-0.0026240501918387525
5.691e-07,-0.002717800191838751
5.692e-07,0.0006415778081612488
5.693e-07,0.0012821978081612485
5.694e-07,-0.0032334251918387513
5.695e-07,-0.006717800191838752
5.696e-07,-0.002889675191838751
5.697e-07,0.005282197808161249
5.698e-07,0.011188447808161247
5.699e-07,0.013282197808161249
5.7e-07,0.012547827808161247
5.701e-07,0.009282197808161249
5.702e-07,0.003922827808161248
5.703e-07,0.0012821978081612485
5.704e-07,0.0030946978081612484
5.705e-07,0.005282197808161249
5.706e-07,0.003907197808161249
5.707e-07,0.0012821978081612485
5.708e-07,0.0007665778081612489
5.709e-07,0.0012821978081612485
5.71e-07,7.90778081612483e-05
5.711e-07,-0.002717800191838751
5.712e-07,-0.004139675191838752
5.713e-07,-0.002717800191838751
5.714e-07,0.0010946978081612484
5.715e-07,0.005282197808161249
5.716e-07,0.007172827808161249
5.717e-07,0.005282197808161249
5.718e-07,0.0007040778081612489
5.719e-07,-0.002717800191838751
5.72e-07,-0.003124050191838752
5.721e-07,-0.002717800191838751
5.722e-07,-0.0032490501918387513
5.723e-07,-0.002717800191838751
5.724e-07,-9.280219183875095e-05
5.725e-07,0.0012821978081612485
5.726e-07,-0.0007646751918387509
5.727e-07,-0.002717800191838751
5.728e-07,-0.0010459251918387511
5.729e-07,0.0012821978081612485
5.73e-07,0.0002509478081612476
5.731e-07,-0.002717800191838751
5.732e-07,-0.003920925191838752
5.733e-07,-0.002717800191838751
5.734e-07,-0.0006553021918387514
5.735e-07,0.0012821978081612485
5.736e-07,0.0023134478081612477
5.737e-07,0.0012821978081612485
5.738e-07,-0.0014365501918387515
5.739e-07,-0.002717800191838751
5.74e-07,-0.000889675191838751
5.741e-07,0.0012821978081612485
5.742e-07,0.0014384478081612487
5.743e-07,0.0012821978081612485
5.744e-07,0.0019228278081612482
5.745e-07,0.0012821978081612485
5.746e-07,-0.0016084251918387516
5.747e-07,-0.002717800191838751
5.748e-07,0.0008134478081612481
5.749e-07,0.005282197808161249
5.75e-07,0.005344697808161249
5.751e-07,0.0012821978081612485
5.752e-07,-0.0026396751918387525
5.753e-07,-0.002717800191838751
5.754e-07,7.90778081612483e-05
5.755e-07,0.0012821978081612485
5.756e-07,-0.000874050191838751
5.757e-07,-0.002717800191838751
5.758e-07,-0.0010615501918387511
5.759e-07,0.0012821978081612485
5.76e-07,0.0003915778081612486
5.761e-07,-0.002717800191838751
5.762e-07,-0.004139675191838752
5.763e-07,-0.002717800191838751
5.764e-07,-0.0002490521918387511
5.765e-07,0.0012821978081612485
5.766e-07,0.0013603278081612477
5.767e-07,0.0012821978081612485
5.768e-07,0.001579077808161248
5.769e-07,0.0012821978081612485
5.77e-07,-0.0004990521918387513
5.771e-07,-0.002717800191838751
5.772e-07,-0.0034365501918387515
5.773e-07,-0.002717800191838751
5.774e-07,-0.002077175191838752
5.775e-07,-0.002717800191838751
5.776e-07,-0.003811550191838752
5.777e-07,-0.002717800191838751
5.778e-07,0.0013446978081612486
5.779e-07,0.005282197808161249
5.78e-07,0.0061415778081612485
5.781e-07,0.005282197808161249
5.782e-07,0.003922827808161248
5.783e-07,0.0012821978081612485
5.784e-07,-0.0034209251918387515
5.785e-07,-0.006717800191838752
5.786e-07,-0.005749050191838752
5.787e-07,-0.002717800191838751
5.788e-07,-0.0014521751918387515
5.789e-07,-0.002717800191838751
5.79e-07,-0.004889675191838752
5.791e-07,-0.006717800191838752
5.792e-07,-0.0073115501918387515
5.793e-07,-0.006717800191838752
5.794e-07,-0.004874050191838752
5.795e-07,-0.002717800191838751
5.796e-07,-0.0016084251918387516
5.797e-07,-0.002717800191838751
5.798e-07,-0.005311550191838751
5.799e-07,-0.006717800191838752
5.8e-07,-0.005264675191838751
5.801e-07,-0.002717800191838751
5.802e-07,-0.0016865501918387517
5.803e-07,-0.002717800191838751
5.804e-07,-0.003920925191838752
5.805e-07,-0.002717800191838751
5.806e-07,0.0002978278081612485
5.807e-07,0.0012821978081612485
5.808e-07,-0.0010459251918387511
5.809e-07,-0.002717800191838751
5.81e-07,-0.000952175191838751
5.811e-07,0.0012821978081612485
5.812e-07,0.00014157780816124836
5.813e-07,-0.002717800191838751
5.814e-07,-0.002717800191838751
5.815e-07,0.0012821978081612485
5.816e-07,0.005516577808161248
5.817e-07,0.005282197808161249
5.818e-07,0.0004228278081612486
5.819e-07,-0.002717800191838751
5.82e-07,0.00014157780816124836
5.821e-07,0.005282197808161249
5.822e-07,0.006954077808161249
5.823e-07,0.005282197808161249
5.824e-07,0.0031259478081612484
5.825e-07,0.0012821978081612485
5.826e-07,-0.0011240501918387512
5.827e-07,-0.002717800191838751
5.828e-07,-0.0016553001918387517
5.829e-07,0.0012821978081612485
5.83e-07,0.0040634478081612475
5.831e-07,0.005282197808161249
5.832e-07,0.004282197808161248
5.833e-07,0.0012821978081612485
5.834e-07,-0.0018584251918387518
5.835e-07,-0.002717800191838751
5.836e-07,-0.0007646751918387509
5.837e-07,0.0012821978081612485
5.838e-07,0.0015165778081612478
5.839e-07,0.0012821978081612485
5.84e-07,0.002766577808161249
5.841e-07,0.005282197808161249
5.842e-07,0.00640719780816125
5.843e-07,0.005282197808161249
5.844e-07,0.002829077808161249
5.845e-07,0.0012821978081612485
5.846e-07,0.0020790778081612483
5.847e-07,0.005282197808161249
5.848e-07,0.008547827808161247
5.849e-07,0.009282197808161249
5.85e-07,0.0061415778081612485
5.851e-07,0.0012821978081612485
5.852e-07,-0.002108425191838752
5.853e-07,-0.002717800191838751
5.854e-07,-0.000936550191838751
5.855e-07,0.0012821978081612485
5.856e-07,0.0023915778081612486
5.857e-07,0.0012821978081612485
5.858e-07,-0.00040530219183875123
5.859e-07,0.0012821978081612485
5.86e-07,0.006329077808161249
5.861e-07,0.009282197808161249
5.862e-07,0.007250947808161247
5.863e-07,0.005282197808161249
5.864e-07,0.007188447808161247
5.865e-07,0.009282197808161249
5.866e-07,0.005579077808161248
5.867e-07,-0.002717800191838751
5.868e-07,-0.00846780019183875
