-4.74e-08,-0.0002022112665179462
-4.73e-08,0.0003446637880160538
-4.72e-08,0.003797788588016054
-4.71e-08,0.005735288588016054
-4.7e-08,0.003797788588016054
-4.69e-08,-0.0005303363119839462
-4.68e-08,-0.004202211411983946
-4.67e-08,-0.005170961411983946
-4.66e-08,-0.004202211411983946
-4.65e-08,-0.003139711411983946
-4.64e-08,-0.004202211411983946
-4.63e-08,-0.0057178364119839465
-4.62e-08,-0.004202211411983946
-4.61e-08,0.0007509137880160539
-4.6e-08,0.003797788588016054
-4.59e-08,0.002047788588016054
-4.58e-08,-0.0002022112665179462
-4.57e-08,0.0013290385880160539
-4.56e-08,0.003797788588016054
-4.55e-08,0.0027665385880160536
-4.54e-08,-0.0002022112665179462
-4.53e-08,-0.0012803364119839463
-4.52e-08,-0.0002022112665179462
-4.51e-08,0.0005946637880160538
-4.5e-08,-0.0002022112665179462
-4.49e-08,-0.0012178364119839462
-4.48e-08,-0.0002022112665179462
-4.47e-08,0.002672788588016054
-4.46e-08,0.003797788588016054
-4.45e-08,0.001625913588016054
-4.44e-08,-0.0002022112665179462
-4.43e-08,0.0014852885880160538
-4.42e-08,0.003797788588016054
-4.41e-08,0.0029227885880160538
-4.4e-08,-0.0002022112665179462
-4.39e-08,-0.0017647114119839463
-4.38e-08,-0.0002022112665179462
-4.37e-08,0.002610288588016054
-4.36e-08,0.003797788588016054
-4.35e-08,0.0032352885880160536
-4.34e-08,0.003797788588016054
-4.33e-08,0.006563413588016054
-4.32e-08,0.007797788588016054
-4.31e-08,0.004454038588016054
-4.3e-08,-0.0002022112665179462
-4.29e-08,-0.0016709614119839462
-4.28e-08,-0.0002022112665179462
-4.27e-08,0.0016727885880160537
-4.26e-08,0.003797788588016054
-4.25e-08,0.006500913588016054
-4.24e-08,0.007797788588016054
-4.23e-08,0.006250913588016054
-4.22e-08,0.003797788588016054
-4.21e-08,0.002125913588016054
-4.2e-08,-0.0002022112665179462
-4.19e-08,-0.003374086411983946
-4.18e-08,-0.004202211411983946
-4.17e-08,-0.0007178363119839462
-4.16e-08,0.003797788588016054
-4.15e-08,0.005219663588016054
-4.14e-08,0.003797788588016054
-4.13e-08,0.0028134135880160537
-4.12e-08,0.003797788588016054
-4.11e-08,0.0050165385880160535
-4.1e-08,0.003797788588016054
-4.09e-08,-0.00032721131198394616
-4.08e-08,-0.004202211411983946
-4.07e-08,-0.004186586411983946
-4.06e-08,-0.0002022112665179462
-4.05e-08,0.003891538588016054
-4.04e-08,0.003797788588016054
-4.03e-08,-0.0003897113119839462
-4.02e-08,-0.004202211411983946
-4.01e-08,-0.0035147114119839463
-4e-08,-0.0002022112665179462
-3.99e-08,0.0015165385880160538
-3.98e-08,-0.0002022112665179462
-3.97e-08,-0.003217836411983946
-3.96e-08,-0.004202211411983946
-3.95e-08,-0.0014053364119839462
-3.94e-08,0.003797788588016054
-3.93e-08,0.007891538588016054
-3.92e-08,0.007797788588016054
-3.91e-08,0.003719663588016054
-3.9e-08,-0.0002022112665179462
-3.89e-08,-0.0011553363119839461
-3.88e-08,-0.0002022112665179462
-3.87e-08,0.0002977887880160538
-3.86e-08,-0.0002022112665179462
-3.85e-08,-0.0006553363119839461
-3.84e-08,-0.0002022112665179462
-3.83e-08,0.0004227887880160538
-3.82e-08,-0.0002022112665179462
-3.81e-08,-0.0011709613119839461
-3.8e-08,-0.0002022112665179462
-3.79e-08,0.0028446635880160537
-3.78e-08,0.003797788588016054
-3.77e-08,0.0001259137880160538
-3.76e-08,-0.004202211411983946
-3.75e-08,-0.004045961411983946
-3.74e-08,-0.0002022112665179462
-3.73e-08,0.003172788588016054
-3.72e-08,0.003797788588016054
-3.71e-08,0.002125913588016054
-3.7e-08,-0.0002022112665179462
-3.69e-08,-0.0014053364119839462
-3.68e-08,-0.0002022112665179462
-3.67e-08,0.002547788588016054
-3.66e-08,0.003797788588016054
-3.65e-08,0.002204038588016054
-3.64e-08,-0.0002022112665179462
-3.63e-08,-0.0009990863119839462
-3.62e-08,-0.0002022112665179462
-3.61e-08,0.00039153878801605386
-3.6e-08,-0.0002022112665179462
-3.59e-08,-0.0009834613119839462
-3.58e-08,-0.0002022112665179462
-3.57e-08,0.002172788588016054
-3.56e-08,0.003797788588016054
-3.55e-08,0.002672788588016054
-3.54e-08,-0.0002022112665179462
-3.53e-08,-0.002670961411983946
-3.52e-08,-0.004202211411983946
-3.51e-08,-0.004889711411983946
-3.5e-08,-0.004202211411983946
-3.49e-08,-0.0020147114119839463
-3.48e-08,-0.0002022112665179462
-3.47e-08,3.216368801605381e-05
-3.46e-08,-0.0002022112665179462
-3.45e-08,0.00011028878801605383
-3.44e-08,-0.0002022112665179462
-3.43e-08,-0.002108461411983946
-3.42e-08,-0.004202211411983946
-3.41e-08,-0.0047334614119839465
-3.4e-08,-0.004202211411983946
-3.39e-08,-0.003952211411983946
-3.38e-08,-0.004202211411983946
-3.37e-08,-0.004280336411983946
-3.36e-08,-0.004202211411983946
-3.35e-08,-0.004124086411983946
-3.34e-08,-0.004202211411983946
-3.33e-08,-0.004124086411983946
-3.32e-08,-0.004202211411983946
-3.31e-08,-0.004280336411983946
-3.3e-08,-0.004202211411983946
-3.29e-08,-0.003952211411983946
-3.28e-08,-0.004202211411983946
-3.27e-08,-0.0046709614119839465
-3.26e-08,-0.004202211411983946
-3.25e-08,-0.002264711411983946
-3.24e-08,-0.0002022112665179462
-3.23e-08,0.00036028878801605383
-3.22e-08,-0.0002022112665179462
-3.21e-08,-0.0006084613119839462
-3.2e-08,-0.0002022112665179462
-3.19e-08,0.00021966378801605382
-3.18e-08,-0.0002022112665179462
-3.17e-08,-0.0019365864119839462
-3.16e-08,-0.004202211411983946
-3.15e-08,-0.005327211411983946
-3.14e-08,-0.004202211411983946
-3.13e-08,-0.001561586411983946
-3.12e-08,-0.0002022112665179462
-3.11e-08,-0.001561586411983946
-3.1e-08,-0.004202211411983946
-3.09e-08,-0.005389711411983946
-3.08e-08,-0.004202211411983946
-3.07e-08,-0.0017178364119839462
-3.06e-08,-0.0002022112665179462
-3.05e-08,-0.0002022112665179462
-3.04e-08,-0.0002022112665179462
-3.03e-08,0.0002821637880160538
-3.02e-08,-0.0002022112665179462
-3.01e-08,-0.0024365864119839462
-3e-08,-0.004202211411983946
-2.99e-08,-0.003139711411983946
-2.98e-08,-0.0002022112665179462
-2.97e-08,0.0013290385880160539
-2.96e-08,-0.0002022112665179462
-2.95e-08,-0.0031084614119839464
-2.94e-08,-0.004202211411983946
-2.93e-08,-0.002280336411983946
-2.92e-08,-0.0002022112665179462
-2.91e-08,-0.0009834613119839462
-2.9e-08,-0.004202211411983946
-2.89e-08,-0.006124086411983946
-2.88e-08,-0.004202211411983946
-2.87e-08,0.0005946637880160538
-2.86e-08,0.003797788588016054
-2.85e-08,0.002985288588016054
-2.84e-08,-0.0002022112665179462
-2.83e-08,-0.0018740864119839462
-2.82e-08,-0.0002022112665179462
-2.81e-08,0.0027352885880160536
-2.8e-08,0.003797788588016054
-2.79e-08,0.0027977885880160537
-2.78e-08,0.003797788588016054
-2.77e-08,0.008110288588016054
-2.76e-08,0.011797785588016054
-2.75e-08,0.009797788588016054
-2.74e-08,0.003797788588016054
-2.73e-08,-0.0014990864119839463
-2.72e-08,-0.004202211411983946
-2.71e-08,-0.004889711411983946
-2.7e-08,-0.004202211411983946
-2.69e-08,-0.003327211411983946
-2.68e-08,-0.004202211411983946
-2.67e-08,-0.0057490864119839466
-2.66e-08,-0.004202211411983946
-2.65e-08,0.002000913588016054
-2.64e-08,0.007797788588016054
-2.63e-08,0.0070790385880160536
-2.62e-08,-0.0002022112665179462
-2.61e-08,-0.008670961411983947
-2.6e-08,-0.012202214411983946
-2.59e-08,-0.009155336411983947
-2.58e-08,-0.004202211411983946
-2.57e-08,-0.002186586411983946
-2.56e-08,-0.004202211411983946
-2.55e-08,-0.007327211411983946
-2.54e-08,-0.008202211411983946
-2.53e-08,-0.006217836411983946
-2.52e-08,-0.004202211411983946
-2.51e-08,-0.002764711411983946
-2.5e-08,-0.0002022112665179462
-2.49e-08,0.003454038588016054
-2.48e-08,0.003797788588016054
-2.47e-08,-0.0018740864119839462
-2.46e-08,-0.008202211411983946
-2.45e-08,-0.008780336411983947
-2.44e-08,-0.004202211411983946
-2.43e-08,0.0009384135880160537
-2.42e-08,0.003797788588016054
-2.41e-08,0.004282163588016054
-2.4e-08,0.003797788588016054
-2.39e-08,0.002485288588016054
-2.38e-08,-0.0002022112665179462
-2.37e-08,-0.003374086411983946
-2.36e-08,-0.004202211411983946
-2.35e-08,-0.0019209614119839462
-2.34e-08,-0.0002022112665179462
-2.33e-08,-0.0019522114119839462
-2.32e-08,-0.004202211411983946
-2.31e-08,-0.0031084614119839464
-2.3e-08,-0.0002022112665179462
-2.29e-08,0.0010634135880160538
-2.28e-08,-0.0002022112665179462
-2.27e-08,-0.002342836411983946
-2.26e-08,-0.004202211411983946
-2.25e-08,-0.004920961411983946
-2.24e-08,-0.004202211411983946
-2.23e-08,-0.002108461411983946
-2.22e-08,-0.0002022112665179462
-2.21e-08,0.00037591378801605385
-2.2e-08,-0.0002022112665179462
-2.19e-08,-0.0007647113119839462
-2.18e-08,-0.0002022112665179462
-2.17e-08,0.0017821635880160536
-2.16e-08,0.003797788588016054
-2.15e-08,0.004391538588016054
-2.14e-08,0.003797788588016054
-2.13e-08,0.002079038588016054
-2.12e-08,-0.0002022112665179462
-2.11e-08,-0.0017803364119839463
-2.1e-08,-0.0002022112665179462
-2.09e-08,0.004360288588016054
-2.08e-08,0.007797788588016054
-2.07e-08,0.005938413588016053
-2.06e-08,-0.0002022112665179462
-2.05e-08,-0.006124086411983946
-2.04e-08,-0.008202211411983946
-2.03e-08,-0.006264711411983946
-2.02e-08,-0.004202211411983946
-2.01e-08,-0.003889711411983946
-2e-08,-0.004202211411983946
-1.99e-08,-0.002780336411983946
-1.98e-08,-0.0002022112665179462
-1.97e-08,0.0011571635880160537
-1.96e-08,-0.0002022112665179462
-1.95e-08,-0.0019365864119839462
-1.94e-08,-0.0002022112665179462
-1.93e-08,0.004844663588016054
-1.92e-08,0.007797788588016054
-1.91e-08,0.004625913588016054
-1.9e-08,-0.0002022112665179462
-1.89e-08,-0.0016084614119839461
-1.88e-08,-0.0002022112665179462
-1.87e-08,0.00037591378801605385
-1.86e-08,-0.0002022112665179462
-1.85e-08,-1.471131198394618e-05
-1.84e-08,-0.0002022112665179462
-1.83e-08,-0.0014209614119839462
-1.82e-08,-0.004202211411983946
-1.81e-08,-0.006170961411983946
-1.8e-08,-0.008202211411983946
-1.79e-08,-0.008077211411983946
-1.78e-08,-0.004202211411983946
-1.77e-08,0.004688413588016054
-1.76e-08,0.015797785588016054
-1.75e-08,0.025797785588016056
-1.74e-08,0.03579778558801606
-1.73e-08,0.043954035588016055
-1.72e-08,0.047797785588016055
-1.71e-08,0.04325091558801605
-1.7e-08,0.03579778558801606
-1.69e-08,0.026969665588016056
-1.68e-08,0.015797785588016054
-1.67e-08,0.0017509135880160538
-1.66e-08,-0.008202211411983946
-1.65e-08,-0.007842836411983946
-1.64e-08,-0.004202211411983946
-1.63e-08,-0.002420961411983946
-1.62e-08,-0.004202211411983946
-1.61e-08,-0.0016397114119839462
-1.6e-08,0.003797788588016054
-1.59e-08,0.013032165588016054
-1.58e-08,0.023797785588016054
-1.57e-08,0.03621966558801606
-1.56e-08,0.047797785588016055
-1.55e-08,0.05700091558801606
-1.54e-08,0.06779778558801605
-1.53e-08,0.07889153558801605
-1.52e-08,0.08779778558801606
-1.51e-08,0.08706341558801606
-1.5e-08,0.07979778558801606
-1.49e-08,0.06729778558801605
-1.48e-08,0.055797785588016055
-1.47e-08,0.04571966558801605
-1.46e-08,0.039797785588016055
-1.45e-08,0.03790716558801605
-1.44e-08,0.039797785588016055
-1.43e-08,0.04186028558801606
-1.42e-08,0.039797785588016055
-1.41e-08,0.03257903558801606
-1.4e-08,0.023797785588016054
-1.39e-08,0.018766535588016053
-1.38e-08,0.015797785588016054
-1.37e-08,0.012891535588016053
-1.36e-08,0.007797788588016054
-1.35e-08,0.003204038588016054
-1.34e-08,-0.0002022112665179462
-1.33e-08,0.0002509137880160538
-1.32e-08,0.003797788588016054
-1.31e-08,0.010344665588016054
-1.3e-08,0.015797785588016054
-1.29e-08,0.019829035588016054
-1.28e-08,0.023797785588016054
-1.27e-08,0.02871966558801605
-1.26e-08,0.031797785588016055
-1.25e-08,0.030750915588016056
-1.24e-08,0.02779778558801605
-1.23e-08,0.026344665588016056
-1.22e-08,0.02779778558801605
-1.21e-08,0.030094665588016052
-1.2e-08,0.031797785588016055
-1.19e-08,0.03289153558801606
-1.18e-08,0.03579778558801606
-1.17e-08,0.04050091558801606
-1.16e-08,0.04379778558801606
-1.15e-08,0.04309466558801606
-1.14e-08,0.039797785588016055
-1.13e-08,0.03729778558801605
-1.12e-08,0.03579778558801606
-1.11e-08,0.034219665588016056
-1.1e-08,0.031797785588016055
-1.09e-08,0.031110285588016054
-1.08e-08,0.03579778558801606
-1.07e-08,0.045500915588016055
-1.06e-08,0.055797785588016055
-1.05e-08,0.06092278558801605
-1.04e-08,0.06379778558801606
-1.03e-08,0.06457903558801606
-1.02e-08,0.06379778558801606
-1.01e-08,0.055797785588016055
-1e-08,0.04379778558801606
-9.9e-09,0.028891535588016055
-9.8e-09,0.015797785588016054
-9.7e-09,0.003469663588016054
-9.6e-09,-0.008202211411983946
-9.5e-09,-0.019249084411983947
-9.4e-09,-0.028202214411983943
-9.3e-09,-0.03365533441198394
-9.2e-09,-0.04020221441198395
-9.1e-09,-0.047452214411983946
-9e-09,-0.05620221441198395
-8.9e-09,-0.05951471441198394
-8.8e-09,-0.060202214411983944
-8.7e-09,-0.05831158441198395
-8.6e-09,-0.060202214411983944
-8.5e-09,-0.061389714411983945
-8.4e-09,-0.05620221441198395
-8.3e-09,-0.04010846441198394
-8.2e-09,-0.020202214411983943
-8.1e-09,-0.005780336411983947
-8e-09,0.003797788588016054
-7.9e-09,0.009172788588016054
-7.8e-09,0.011797785588016054
-7.7e-09,0.006344663588016054
-7.6e-09,-0.004202211411983946
-7.5e-09,-0.01932721441198395
-7.4e-09,-0.03620221441198394
-7.3e-09,-0.052842834411983945
-7.2e-09,-0.06420221441198394
-7.1e-09,-0.06678033441198394
-7e-09,-0.06420221441198394
-6.9e-09,-0.058483464411983946
-6.8e-09,-0.052202214411983944
-6.7e-09,-0.04388971441198394
-6.6e-09,-0.03620221441198394
-6.5e-09,-0.03204596441198394
-6.4e-09,-0.03220221441198395
-6.3e-09,-0.036342834411983944
-6.2e-09,-0.04020221441198395
-6.1e-09,-0.04337408441198395
-6e-09,-0.044202214411983944
-5.9e-09,-0.04767096441198394
-5.8e-09,-0.05620221441198395
-5.7e-09,-0.07004596441198395
-5.6e-09,-0.08420221441198394
-5.5e-09,-0.09328033441198394
-5.4e-09,-0.10020220441198395
-5.3e-09,-0.10556160441198395
-5.2e-09,-0.11220220441198395
-5.1e-09,-0.11331160441198394
-5e-09,-0.10820220441198394
-4.9e-09,-0.09426471441198395
-4.8e-09,-0.08020221441198394
-4.7e-09,-0.06723346441198394
-4.6e-09,-0.05620221441198395
-4.5e-09,-0.04423346441198395
-4.4e-09,-0.03620221441198394
-4.3e-09,-0.033733464411983945
-4.2e-09,-0.03220221441198395
-4.1e-09,-0.024983464411983944
-4e-09,-0.012202214411983946
-3.9e-09,0.0006415387880160538
-3.8e-09,0.011797785588016054
-3.7e-09,0.019766535588016054
-3.6e-09,0.02779778558801605
-3.5e-09,0.03509466558801606
-3.4e-09,0.04379778558801606
-3.3e-09,0.049172785588016056
-3.2e-09,0.05179778558801606
-3.1e-09,0.04703216558801605
-3e-09,0.039797785588016055
-2.9e-09,0.030094665588016052
-2.8e-09,0.023797785588016054
-2.7e-09,0.018360285588016056
-2.6e-09,0.011797785588016054
-2.5e-09,-0.0004209613119839462
-2.4e-09,-0.016202214411983946
-2.3e-09,-0.03146783441198395
-2.2e-09,-0.044202214411983944
-2.1e-09,-0.051655334411983944
-2e-09,-0.05620221441198395
-1.9e-09,-0.05745221441198394
-1.8e-09,-0.060202214411983944
-1.7e-09,-0.06276471441198395
-1.6e-09,-0.06420221441198394
-1.5e-09,-0.059530334411983944
-1.4e-09,-0.052202214411983944
-1.3e-09,-0.04417096441198395
-1.2e-09,-0.04020221441198395
-1.1e-09,-0.039936584411983944
-1e-09,-0.044202214411983944
-9e-10,-0.04770221441198395
-8e-10,-0.04820221441198395
-7e-10,-0.041233464411983944
-6e-10,-0.03220221441198395
-5e-10,-0.022108464411983948
-4e-10,-0.012202214411983946
-3e-10,0.0017977885880160536
-2e-10,0.01979778558801605
-1e-10,0.04125091558801606
0.0,0.06379778558801606
1e-10,0.08281341558801605
2e-10,0.09579778558801605
3e-10,0.09911028558801606
4e-10,0.09979778558801605
5e-10,0.09893841558801605
6e-10,0.09979778558801605
7e-10,0.09865716558801606
8e-10,0.09979778558801605
9e-10,0.10025089558801606
1e-09,0.09979778558801605
1.1e-09,0.09370403558801606
1.2e-09,0.08779778558801606
1.3e-09,0.08393841558801605
1.4e-09,0.08379778558801605
1.5e-09,0.08071966558801606
1.6e-09,0.07179778558801606
1.7e-09,0.05601653558801606
1.8e-09,0.039797785588016055
1.9e-09,0.026016535588016053
2e-09,0.011797785588016054
2.1e-09,-0.004311586411983946
2.2e-09,-0.020202214411983943
2.3e-09,-0.027639714411983943
2.4e-09,-0.028202214411983943
2.5e-09,-0.024311584411983944
2.6e-09,-0.024202214411983947
2.7e-09,-0.026374084411983946
2.8e-09,-0.028202214411983943
2.9e-09,-0.023858464411983943
3e-09,-0.016202214411983946
3.1e-09,-0.010014711411983946
3.2e-09,-0.008202211411983946
3.3e-09,-0.010170961411983946
3.4e-09,-0.012202214411983946
3.5e-09,-0.013905334411983947
3.6e-09,-0.016202214411983946
3.7e-09,-0.02137408441198395
3.8e-09,-0.028202214411983943
3.9e-09,-0.034795964411983946
4e-09,-0.04020221441198395
4.1e-09,-0.04362408441198395
4.2e-09,-0.044202214411983944
4.3e-09,-0.04070221441198395
4.4e-09,-0.03620221441198394
4.5e-09,-0.033108464411983944
4.6e-09,-0.03220221441198395
4.7e-09,-0.033170964411983944
4.8e-09,-0.03620221441198394
4.9e-09,-0.03959283441198395
5e-09,-0.04020221441198395
5.1e-09,-0.037342834411983945
5.2e-09,-0.03620221441198394
5.3e-09,-0.040624084411983945
5.4e-09,-0.04820221441198395
5.5e-09,-0.05274908441198394
5.6e-09,-0.052202214411983944
5.7e-09,-0.04704596441198394
5.8e-09,-0.04020221441198395
5.9e-09,-0.03359283441198394
6e-09,-0.028202214411983943
6.1e-09,-0.025249084411983945
6.2e-09,-0.024202214411983947
6.3e-09,-0.025514714411983948
6.4e-09,-0.028202214411983943
6.5e-09,-0.031827214411983946
6.6e-09,-0.03620221441198394
6.7e-09,-0.04170221441198394
6.8e-09,-0.04820221441198395
6.9e-09,-0.05360846441198394
7e-09,-0.05620221441198395
7.1e-09,-0.05260846441198395
7.2e-09,-0.044202214411983944
7.3e-09,-0.03303033441198394
7.4e-09,-0.024202214411983947
7.5e-09,-0.020436584411983948
7.6e-09,-0.020202214411983943
7.7e-09,-0.021108464411983947
7.8e-09,-0.020202214411983943
7.9e-09,-0.018983464411983945
8e-09,-0.016202214411983946
8.1e-09,-0.016514714411983947
8.2e-09,-0.020202214411983943
8.3e-09,-0.029170964411983948
8.4e-09,-0.03620221441198394
8.5e-09,-0.04128033441198394
8.6e-09,-0.04820221441198395
8.7e-09,-0.06223346441198394
8.8e-09,-0.08020221441198394
8.9e-09,-0.09448346441198395
9e-09,-0.10420220441198394
9.1e-09,-0.10910850441198394
9.2e-09,-0.11620220441198395
9.3e-09,-0.12124910441198394
9.4e-09,-0.12420220441198394
9.5e-09,-0.11798350441198395
9.6e-09,-0.10820220441198394
9.7e-09,-0.09459283441198395
9.8e-09,-0.08020221441198394
9.9e-09,-0.061452214411983945
1e-08,-0.04020221441198395
1.01e-08,-0.021780334411983945
1.02e-08,-0.012202214411983946
1.03e-08,-0.013311584411983947
1.04e-08,-0.016202214411983946
1.05e-08,-0.015561584411983947
1.06e-08,-0.012202214411983946
1.07e-08,-0.011624084411983947
1.08e-08,-0.012202214411983946
1.09e-08,-0.010217834411983946
1.1e-08,-0.004202211411983946
1.11e-08,0.003875913588016054
1.12e-08,0.011797785588016054
1.13e-08,0.019500915588016053
1.14e-08,0.02779778558801605
1.15e-08,0.036516535588016055
1.16e-08,0.04379778558801606
1.17e-08,0.046797785588016054
1.18e-08,0.047797785588016055
1.19e-08,0.047782165588016054
1.2e-08,0.047797785588016055
1.21e-08,0.04682903558801606
1.22e-08,0.047797785588016055
1.23e-08,0.050204035588016054
1.24e-08,0.05179778558801606
1.25e-08,0.04976653558801605
1.26e-08,0.047797785588016055
1.27e-08,0.048782165588016055
1.28e-08,0.05179778558801606
1.29e-08,0.052938415588016055
1.3e-08,0.05179778558801606
1.31e-08,0.048469665588016055
1.32e-08,0.04379778558801606
1.33e-08,0.03853216558801605
1.34e-08,0.03579778558801606
1.35e-08,0.036329035588016055
1.36e-08,0.03579778558801606
1.37e-08,0.03201653558801606
1.38e-08,0.02779778558801605
1.39e-08,0.026391535588016053
1.4e-08,0.023797785588016054
1.41e-08,0.020204035588016055
1.42e-08,0.01979778558801605
1.43e-08,0.027657165588016057
1.44e-08,0.03579778558801606
1.45e-08,0.038000915588016056
1.46e-08,0.03579778558801606
1.47e-08,0.03703216558801606
1.48e-08,0.04379778558801606
1.49e-08,0.05364153558801606
1.5e-08,0.06379778558801606
1.51e-08,0.07095403558801605
1.52e-08,0.07579778558801606
1.53e-08,0.07628216558801605
1.54e-08,0.07579778558801606
1.55e-08,0.07229778558801606
1.56e-08,0.06779778558801605
1.57e-08,0.060063415588016054
1.58e-08,0.05179778558801606
1.59e-08,0.04207903558801605
1.6e-08,0.031797785588016055
1.61e-08,0.021141535588016055
1.62e-08,0.011797785588016054
1.63e-08,0.005735288588016054
1.64e-08,-0.0002022112665179462
1.65e-08,-0.004795961411983947
1.66e-08,-0.008202211411983946
1.67e-08,-0.006467836411983946
1.68e-08,-0.004202211411983946
1.69e-08,-0.001795961411983946
1.7e-08,-0.0002022112665179462
1.71e-08,0.004641538588016054
1.72e-08,0.011797785588016054
1.73e-08,0.020188415588016054
1.74e-08,0.02779778558801605
1.75e-08,0.03295403558801605
1.76e-08,0.03579778558801606
1.77e-08,0.03578216558801606
1.78e-08,0.03579778558801606
1.79e-08,0.03548528558801606
1.8e-08,0.03579778558801606
1.81e-08,0.03400091558801605
1.82e-08,0.031797785588016055
1.83e-08,0.027813415588016054
1.84e-08,0.023797785588016054
1.85e-08,0.019047785588016057
1.86e-08,0.015797785588016054
1.87e-08,0.012641535588016053
1.88e-08,0.007797788588016054
1.89e-08,-0.0010928363119839463
1.9e-08,-0.012202214411983946
1.91e-08,-0.021827214411983945
1.92e-08,-0.028202214411983943
1.93e-08,-0.03171783441198395
1.94e-08,-0.03620221441198394
1.95e-08,-0.04213971441198394
1.96e-08,-0.04820221441198395
1.97e-08,-0.050358464411983946
1.98e-08,-0.04820221441198395
1.99e-08,-0.044577214411983944
2e-08,-0.044202214411983944
2.01e-08,-0.04820221441198395
2.02e-08,-0.052202214411983944
2.03e-08,-0.053842834411983946
2.04e-08,-0.05620221441198395
2.05e-08,-0.06384283441198395
2.06e-08,-0.07620221441198395
2.07e-08,-0.08770221441198395
2.08e-08,-0.09620221441198394
2.09e-08,-0.09904596441198395
2.1e-08,-0.10020220441198395
2.11e-08,-0.09821783441198395
2.12e-08,-0.09620221441198394
2.13e-08,-0.09084283441198394
2.14e-08,-0.08420221441198394
2.15e-08,-0.07373346441198395
2.16e-08,-0.060202214411983944
2.17e-08,-0.043842834411983944
2.18e-08,-0.028202214411983943
2.19e-08,-0.018202214411983948
2.2e-08,-0.012202214411983946
2.21e-08,-0.011452214411983946
2.22e-08,-0.012202214411983946
2.23e-08,-0.016670964411983943
2.24e-08,-0.020202214411983943
2.25e-08,-0.025420964411983944
2.26e-08,-0.03220221441198395
2.27e-08,-0.04313971441198394
2.28e-08,-0.052202214411983944
2.29e-08,-0.05821783441198394
2.3e-08,-0.06420221441198394
2.31e-08,-0.07263971441198394
2.32e-08,-0.08020221441198394
2.33e-08,-0.08251471441198395
2.34e-08,-0.08420221441198394
2.35e-08,-0.08959283441198394
2.36e-08,-0.10020220441198395
2.37e-08,-0.10870220441198394
2.38e-08,-0.11220220441198395
2.39e-08,-0.10809280441198395
2.4e-08,-0.10420220441198394
2.41e-08,-0.10157720441198395
2.42e-08,-0.10020220441198395
2.43e-08,-0.09454596441198394
2.44e-08,-0.08820221441198395
2.45e-08,-0.08112408441198395
2.46e-08,-0.07220221441198395
2.47e-08,-0.05834283441198394
2.48e-08,-0.044202214411983944
2.49e-08,-0.034795964411983946
2.5e-08,-0.028202214411983943
2.51e-08,-0.02217096441198395
2.52e-08,-0.016202214411983946
2.53e-08,-0.012280334411983946
2.54e-08,-0.008202211411983946
2.55e-08,-0.004436586411983946
2.56e-08,-0.004202211411983946
2.57e-08,-0.008686586411983947
2.58e-08,-0.012202214411983946
2.59e-08,-0.008436586411983946
2.6e-08,-0.0002022112665179462
2.61e-08,0.009422788588016054
2.62e-08,0.01979778558801605
2.63e-08,0.03201653558801606
2.64e-08,0.04379778558801606
2.65e-08,0.052079035588016055
2.66e-08,0.05979778558801606
2.67e-08,0.06751653558801606
2.68e-08,0.07579778558801606
2.69e-08,0.07817278558801606
2.7e-08,0.07579778558801606
2.71e-08,0.06725091558801606
2.72e-08,0.05979778558801606
2.73e-08,0.053204035588016056
2.74e-08,0.047797785588016055
2.75e-08,0.04014153558801606
2.76e-08,0.031797785588016055
2.77e-08,0.024125915588016057
2.78e-08,0.015797785588016054
2.79e-08,0.006500913588016054
2.8e-08,-0.004202211411983946
2.81e-08,-0.010655334411983946
2.82e-08,-0.012202214411983946
2.83e-08,-0.0066709614119839465
2.84e-08,-0.0002022112665179462
2.85e-08,0.006266538588016054
2.86e-08,0.011797785588016054
2.87e-08,0.018813415588016053
2.88e-08,0.023797785588016054
2.89e-08,0.026141535588016053
2.9e-08,0.02779778558801605
2.91e-08,0.03201653558801606
2.92e-08,0.03579778558801606
2.93e-08,0.03742278558801605
2.94e-08,0.039797785588016055
2.95e-08,0.04567278558801605
2.96e-08,0.05179778558801606
2.97e-08,0.05645403558801605
2.98e-08,0.06379778558801606
2.99e-08,0.07620403558801606
3e-08,0.08779778558801606
3.01e-08,0.09195403558801606
3.02e-08,0.09179778558801606
3.03e-08,0.09242278558801606
3.04e-08,0.09579778558801605
3.05e-08,0.09829778558801605
3.06e-08,0.09979778558801605
3.07e-08,0.10056339558801605
3.08e-08,0.10379779558801605
3.09e-08,0.10779779558801605
3.1e-08,0.11179779558801606
3.11e-08,0.11095399558801605
3.12e-08,0.10779779558801605
3.13e-08,0.10284469558801605
3.14e-08,0.09979778558801605
3.15e-08,0.09611028558801606
3.16e-08,0.09179778558801606
3.17e-08,0.08234466558801605
3.18e-08,0.06779778558801605
3.19e-08,0.049907165588016056
3.2e-08,0.03579778558801606
3.21e-08,0.028688415588016054
3.22e-08,0.023797785588016054
3.23e-08,0.017032165588016054
3.24e-08,0.007797788588016054
3.25e-08,0.0008446635880160539
3.26e-08,-0.004202211411983946
3.27e-08,-0.0076865864119839465
3.28e-08,-0.012202214411983946
3.29e-08,-0.015545964411983946
3.3e-08,-0.016202214411983946
3.31e-08,-0.013733464411983946
3.32e-08,-0.012202214411983946
3.33e-08,-0.014733464411983947
3.34e-08,-0.020202214411983943
3.35e-08,-0.026061584411983946
3.36e-08,-0.03220221441198395
3.37e-08,-0.03971783441198395
3.38e-08,-0.04820221441198395
3.39e-08,-0.05434283441198395
3.4e-08,-0.05620221441198395
3.41e-08,-0.053889714411983945
3.42e-08,-0.052202214411983944
3.43e-08,-0.053217834411983946
3.44e-08,-0.05620221441198395
3.45e-08,-0.05720221441198394
3.46e-08,-0.05620221441198395
3.47e-08,-0.055061584411983944
3.48e-08,-0.05620221441198395
3.49e-08,-0.05882721441198394
3.5e-08,-0.060202214411983944
3.51e-08,-0.05856158441198395
3.52e-08,-0.05620221441198395
3.53e-08,-0.05645221441198395
3.54e-08,-0.060202214411983944
3.55e-08,-0.06471783441198395
3.56e-08,-0.06820221441198394
3.57e-08,-0.06784283441198394
3.58e-08,-0.06420221441198394
3.59e-08,-0.05874908441198395
3.6e-08,-0.05620221441198395
3.61e-08,-0.056749084411983945
3.62e-08,-0.05620221441198395
3.63e-08,-0.050108464411983945
3.64e-08,-0.04020221441198395
3.65e-08,-0.03173346441198394
3.66e-08,-0.028202214411983943
3.67e-08,-0.029592834411983945
3.68e-08,-0.03220221441198395
3.69e-08,-0.03421783441198394
3.7e-08,-0.03620221441198394
3.71e-08,-0.038639714411983946
3.72e-08,-0.04020221441198395
3.73e-08,-0.03785846441198394
3.74e-08,-0.03220221441198395
3.75e-08,-0.025608464411983944
3.76e-08,-0.020202214411983943
3.77e-08,-0.016108464411983943
3.78e-08,-0.012202214411983946
3.79e-08,-0.007092836411983946
3.8e-08,-0.0002022112665179462
3.81e-08,0.004704038588016054
3.82e-08,0.003797788588016054
3.83e-08,-0.003967836411983946
3.84e-08,-0.012202214411983946
3.85e-08,-0.014842834411983946
3.86e-08,-0.012202214411983946
3.87e-08,-0.008295961411983946
3.88e-08,-0.008202211411983946
3.89e-08,-0.009592836411983946
3.9e-08,-0.008202211411983946
3.91e-08,-0.0004209613119839462
3.92e-08,0.007797788588016054
3.93e-08,0.013797785588016054
3.94e-08,0.01979778558801605
3.95e-08,0.029844665588016052
3.96e-08,0.039797785588016055
3.97e-08,0.044766535588016056
3.98e-08,0.047797785588016055
3.99e-08,0.05179778558801606
4e-08,0.055797785588016055
4.01e-08,0.056844665588016055
4.02e-08,0.05979778558801606
4.03e-08,0.06609466558801605
4.04e-08,0.07179778558801606
4.05e-08,0.07117278558801605
4.06e-08,0.06779778558801605
4.07e-08,0.06536028558801606
4.08e-08,0.06379778558801606
4.09e-08,0.06092278558801605
4.1e-08,0.05979778558801606
4.11e-08,0.06281341558801605
4.12e-08,0.06779778558801605
4.13e-08,0.07067278558801605
4.14e-08,0.07179778558801606
4.15e-08,0.07137591558801605
4.16e-08,0.06779778558801605
4.17e-08,0.061000915588016055
4.18e-08,0.055797785588016055
4.19e-08,0.055422785588016055
4.2e-08,0.055797785588016055
4.21e-08,0.05365716558801605
4.22e-08,0.05179778558801606
4.23e-08,0.05357903558801606
4.24e-08,0.055797785588016055
4.25e-08,0.05576653558801606
4.26e-08,0.055797785588016055
4.27e-08,0.059329035588016055
4.28e-08,0.06379778558801606
4.29e-08,0.06426653558801605
4.3e-08,0.05979778558801606
4.31e-08,0.054110285588016054
4.32e-08,0.05179778558801606
4.33e-08,0.05401653558801606
4.34e-08,0.055797785588016055
4.35e-08,0.054297785588016054
4.36e-08,0.05179778558801606
4.37e-08,0.052750915588016055
4.38e-08,0.055797785588016055
4.39e-08,0.059250915588016054
4.4e-08,0.06379778558801606
4.41e-08,0.07025091558801605
4.42e-08,0.07579778558801606
4.43e-08,0.07651653558801605
4.44e-08,0.07579778558801606
4.45e-08,0.07525091558801605
4.46e-08,0.07579778558801606
4.47e-08,0.07389153558801606
4.48e-08,0.07179778558801606
4.49e-08,0.06767278558801605
4.5e-08,0.05979778558801606
4.51e-08,0.04693841558801606
4.52e-08,0.03579778558801606
4.53e-08,0.029547785588016053
4.54e-08,0.023797785588016054
4.55e-08,0.015047785588016054
4.56e-08,0.007797788588016054
4.57e-08,0.007875913588016054
4.58e-08,0.011797785588016054
4.59e-08,0.012704035588016053
4.6e-08,0.007797788588016054
4.61e-08,-0.0003740863119839462
4.62e-08,-0.008202211411983946
4.63e-08,-0.014295964411983947
4.64e-08,-0.020202214411983943
4.65e-08,-0.02657721441198395
4.66e-08,-0.03220221441198395
4.67e-08,-0.035670964411983946
4.68e-08,-0.04020221441198395
4.69e-08,-0.04635846441198394
4.7e-08,-0.052202214411983944
4.71e-08,-0.05306158441198394
4.72e-08,-0.052202214411983944
4.73e-08,-0.05138971441198394
4.74e-08,-0.052202214411983944
4.75e-08,-0.05126471441198394
4.76e-08,-0.04820221441198395
4.77e-08,-0.043358464411983946
4.78e-08,-0.04020221441198395
4.79e-08,-0.03856158441198394
4.8e-08,-0.03620221441198394
4.81e-08,-0.031452214411983946
4.82e-08,-0.028202214411983943
4.83e-08,-0.029327214411983944
4.84e-08,-0.03220221441198395
4.85e-08,-0.031936584411983944
4.86e-08,-0.028202214411983943
4.87e-08,-0.022780334411983946
4.88e-08,-0.016202214411983946
4.89e-08,-0.009295961411983945
4.9e-08,-0.004202211411983946
4.91e-08,-0.002295961411983946
4.92e-08,-0.0002022112665179462
4.93e-08,0.002641538588016054
4.94e-08,0.003797788588016054
4.95e-08,0.00017278878801605383
4.96e-08,-0.004202211411983946
4.97e-08,-0.0057490864119839466
4.98e-08,-0.004202211411983946
4.99e-08,-0.003358461411983946
5e-08,-0.004202211411983946
5.01e-08,-0.006202211411983946
5.02e-08,-0.008202211411983946
5.03e-08,-0.008967836411983947
5.04e-08,-0.008202211411983946
5.05e-08,-0.006795961411983946
5.06e-08,-0.008202211411983946
5.07e-08,-0.012452214411983947
5.08e-08,-0.016202214411983946
5.09e-08,-0.015561584411983947
5.1e-08,-0.012202214411983946
5.11e-08,-0.008186586411983946
5.12e-08,-0.004202211411983946
5.13e-08,0.00048528878801605384
5.14e-08,0.003797788588016054
5.15e-08,0.004266538588016054
5.16e-08,0.003797788588016054
5.17e-08,0.003860288588016054
5.18e-08,0.003797788588016054
5.19e-08,0.003016538588016054
5.2e-08,0.003797788588016054
5.21e-08,0.007485288588016054
5.22e-08,0.011797785588016054
5.23e-08,0.012422785588016055
5.24e-08,0.007797788588016054
5.25e-08,0.0015009135880160538
5.26e-08,-0.0002022112665179462
5.27e-08,0.0051102885880160535
5.28e-08,0.011797785588016054
5.29e-08,0.014782165588016054
5.3e-08,0.015797785588016054
5.31e-08,0.018000915588016052
5.32e-08,0.01979778558801605
5.33e-08,0.018141535588016053
5.34e-08,0.015797785588016054
5.35e-08,0.015125915588016054
5.36e-08,0.015797785588016054
5.37e-08,0.015079035588016054
5.38e-08,0.015797785588016054
5.39e-08,0.018204035588016053
5.4e-08,0.01979778558801605
5.41e-08,0.016000915588016057
5.42e-08,0.007797788588016054
5.43e-08,-0.002342836411983946
5.44e-08,-0.012202214411983946
5.45e-08,-0.019999084411983947
5.46e-08,-0.024202214411983947
5.47e-08,-0.023311584411983943
5.48e-08,-0.020202214411983943
5.49e-08,-0.016999084411983945
5.5e-08,-0.016202214411983946
5.51e-08,-0.017233464411983944
5.52e-08,-0.020202214411983943
5.53e-08,-0.02279596441198395
5.54e-08,-0.024202214411983947
5.55e-08,-0.02304596441198395
5.56e-08,-0.020202214411983943
5.57e-08,-0.017295964411983944
5.58e-08,-0.016202214411983946
5.59e-08,-0.016686584411983944
5.6e-08,-0.016202214411983946
5.61e-08,-0.013733464411983946
5.62e-08,-0.012202214411983946
5.63e-08,-0.013858464411983946
5.64e-08,-0.016202214411983946
5.65e-08,-0.016717834411983948
5.66e-08,-0.016202214411983946
5.67e-08,-0.016436584411983944
5.68e-08,-0.016202214411983946
5.69e-08,-0.014202214411983946
5.7e-08,-0.012202214411983946
5.71e-08,-0.012999084411983946
5.72e-08,-0.016202214411983946
5.73e-08,-0.019374084411983947
5.74e-08,-0.020202214411983943
5.75e-08,-0.018436584411983946
5.76e-08,-0.016202214411983946
5.77e-08,-0.015280334411983947
5.78e-08,-0.016202214411983946
5.79e-08,-0.017858464411983944
5.8e-08,-0.020202214411983943
5.81e-08,-0.022514714411983945
5.82e-08,-0.024202214411983947
5.83e-08,-0.023499084411983943
5.84e-08,-0.020202214411983943
5.85e-08,-0.014655334411983946
5.86e-08,-0.008202211411983946
5.87e-08,-0.002874086411983946
5.88e-08,-0.0002022112665179462
5.89e-08,-0.0012490864119839463
5.9e-08,-0.004202211411983946
5.91e-08,-0.008092836411983946
5.92e-08,-0.012202214411983946
5.93e-08,-0.015670964411983946
5.94e-08,-0.016202214411983946
5.95e-08,-0.013717834411983947
5.96e-08,-0.012202214411983946
5.97e-08,-0.013967834411983945
5.98e-08,-0.016202214411983946
5.99e-08,-0.014874084411983946
6e-08,-0.012202214411983946
6.01e-08,-0.010217834411983946
6.02e-08,-0.008202211411983946
6.03e-08,-0.005077211411983946
6.04e-08,-0.004202211411983946
6.05e-08,-0.006842836411983946
6.06e-08,-0.008202211411983946
6.07e-08,-0.0047178364119839465
6.08e-08,-0.0002022112665179462
6.09e-08,0.00048528878801605384
6.1e-08,-0.0002022112665179462
6.11e-08,0.0010321635880160538
6.12e-08,0.003797788588016054
6.13e-08,0.004532163588016054
6.14e-08,0.003797788588016054
6.15e-08,0.002016538588016054
6.16e-08,-0.0002022112665179462
6.17e-08,-0.004295961411983946
6.18e-08,-0.008202211411983946
6.19e-08,-0.010827214411983947
6.2e-08,-0.012202214411983946
6.21e-08,-0.013795964411983946
6.22e-08,-0.016202214411983946
6.23e-08,-0.020327214411983943
6.24e-08,-0.028202214411983943
6.25e-08,-0.03685846441198395
6.26e-08,-0.04020221441198395
6.27e-08,-0.03570221441198394
6.28e-08,-0.03220221441198395
6.29e-08,-0.03421783441198394
6.3e-08,-0.03620221441198394
6.31e-08,-0.031124084411983943
6.32e-08,-0.024202214411983947
6.33e-08,-0.023280334411983947
6.34e-08,-0.028202214411983943
6.35e-08,-0.03234283441198395
6.36e-08,-0.03220221441198395
6.37e-08,-0.029264714411983944
6.38e-08,-0.028202214411983943
6.39e-08,-0.03024908441198395
6.4e-08,-0.03220221441198395
6.41e-08,-0.030624084411983943
6.42e-08,-0.028202214411983943
6.43e-08,-0.02670221441198395
6.44e-08,-0.024202214411983947
6.45e-08,-0.018045964411983945
6.46e-08,-0.012202214411983946
6.47e-08,-0.010842834411983946
6.48e-08,-0.012202214411983946
6.49e-08,-0.011920964411983946
6.5e-08,-0.008202211411983946
6.51e-08,-0.003374086411983946
6.52e-08,-0.0002022112665179462
6.53e-08,6.341368801605381e-05
6.54e-08,-0.0002022112665179462
6.55e-08,0.00017278878801605383
6.56e-08,-0.0002022112665179462
6.57e-08,-0.0024365864119839462
6.58e-08,-0.004202211411983946
6.59e-08,-0.0030303364119839463
6.6e-08,-0.0002022112665179462
6.61e-08,0.002188413588016054
6.62e-08,0.003797788588016054
6.63e-08,0.006750913588016054
6.64e-08,0.011797785588016054
6.65e-08,0.016485285588016055
6.66e-08,0.015797785588016054
6.67e-08,0.010360285588016055
6.68e-08,0.007797788588016054
6.69e-08,0.013016535588016053
6.7e-08,0.01979778558801605
6.71e-08,0.021391535588016056
6.72e-08,0.01979778558801605
6.73e-08,0.021704035588016056
6.74e-08,0.02779778558801605
6.75e-08,0.033782165588016055
6.76e-08,0.03579778558801606
6.77e-08,0.034891535588016054
6.78e-08,0.03579778558801606
6.79e-08,0.04107903558801605
6.8e-08,0.047797785588016055
6.81e-08,0.05112591558801605
6.82e-08,0.05179778558801606
6.83e-08,0.051688415588016054
6.84e-08,0.05179778558801606
6.85e-08,0.051250915588016054
6.86e-08,0.05179778558801606
6.87e-08,0.05384466558801605
6.88e-08,0.055797785588016055
6.89e-08,0.054735285588016054
6.9e-08,0.05179778558801606
6.91e-08,0.04893841558801606
6.92e-08,0.047797785588016055
6.93e-08,0.048907165588016055
6.94e-08,0.05179778558801606
6.95e-08,0.053750915588016056
6.96e-08,0.05179778558801606
6.97e-08,0.04576653558801606
6.98e-08,0.039797785588016055
6.99e-08,0.03914153558801606
7e-08,0.04379778558801606
7.01e-08,0.04887591558801606
7.02e-08,0.047797785588016055
7.03e-08,0.04076653558801605
7.04e-08,0.03579778558801606
7.05e-08,0.03939153558801606
7.06e-08,0.047797785588016055
7.07e-08,0.052954035588016056
7.08e-08,0.05179778558801606
7.09e-08,0.04707903558801606
7.1e-08,0.04379778558801606
7.11e-08,0.04329778558801606
7.12e-08,0.04379778558801606
7.13e-08,0.04237591558801605
7.14e-08,0.039797785588016055
7.15e-08,0.03742278558801605
7.16e-08,0.03579778558801606
7.17e-08,0.03487591558801605
7.18e-08,0.03579778558801606
7.19e-08,0.037563415588016055
7.2e-08,0.03579778558801606
7.21e-08,0.028375915588016054
7.22e-08,0.01979778558801605
7.23e-08,0.016547785588016055
7.24e-08,0.01979778558801605
7.25e-08,0.02543841558801605
7.26e-08,0.02779778558801605
7.27e-08,0.024829035588016052
7.28e-08,0.01979778558801605
7.29e-08,0.01670403558801605
7.3e-08,0.015797785588016054
7.31e-08,0.014782165588016054
7.32e-08,0.011797785588016054
7.33e-08,0.007454038588016054
7.34e-08,0.003797788588016054
7.35e-08,0.002594663588016054
7.36e-08,0.003797788588016054
7.37e-08,0.006204038588016054
7.38e-08,0.007797788588016054
7.39e-08,0.007219663588016054
7.4e-08,0.003797788588016054
7.41e-08,-0.0010928363119839463
7.42e-08,-0.004202211411983946
7.43e-08,-0.004264711411983946
7.44e-08,-0.004202211411983946
7.45e-08,-0.006108461411983946
7.46e-08,-0.008202211411983946
7.47e-08,-0.008295961411983946
7.48e-08,-0.008202211411983946
7.49e-08,-0.009811586411983946
7.5e-08,-0.012202214411983946
7.51e-08,-0.012827214411983947
7.52e-08,-0.012202214411983946
7.53e-08,-0.011936584411983947
7.54e-08,-0.012202214411983946
7.55e-08,-0.012483464411983947
7.56e-08,-0.012202214411983946
7.57e-08,-0.011889714411983946
7.58e-08,-0.012202214411983946
7.59e-08,-0.013811584411983947
7.6e-08,-0.016202214411983946
7.61e-08,-0.019483464411983946
7.62e-08,-0.024202214411983947
7.63e-08,-0.029389714411983944
7.64e-08,-0.03220221441198395
7.65e-08,-0.030889714411983946
7.66e-08,-0.028202214411983943
7.67e-08,-0.027170964411983946
7.68e-08,-0.028202214411983943
7.69e-08,-0.028889714411983944
7.7e-08,-0.028202214411983943
7.71e-08,-0.026967834411983943
7.72e-08,-0.028202214411983943
7.73e-08,-0.032186584411983944
7.74e-08,-0.03620221441198394
7.75e-08,-0.037217834411983945
7.76e-08,-0.03620221441198394
7.77e-08,-0.03465533441198394
7.78e-08,-0.03220221441198395
7.79e-08,-0.028108464411983947
7.8e-08,-0.024202214411983947
7.81e-08,-0.023030334411983946
7.82e-08,-0.024202214411983947
7.83e-08,-0.02628033441198395
7.84e-08,-0.028202214411983943
7.85e-08,-0.03017096441198395
7.86e-08,-0.03220221441198395
7.87e-08,-0.03426471441198394
7.88e-08,-0.03620221441198394
7.89e-08,-0.037217834411983945
7.9e-08,-0.03620221441198394
7.91e-08,-0.033561584411983945
7.92e-08,-0.03220221441198395
7.93e-08,-0.032686584411983945
7.94e-08,-0.03220221441198395
7.95e-08,-0.02962408441198395
7.96e-08,-0.028202214411983943
7.97e-08,-0.031452214411983946
7.98e-08,-0.03620221441198394
7.99e-08,-0.038155334411983946
8e-08,-0.03620221441198394
8.01e-08,-0.03428033441198394
8.02e-08,-0.03620221441198394
8.03e-08,-0.04213971441198394
8.04e-08,-0.04820221441198395
8.05e-08,-0.05101471441198394
8.06e-08,-0.052202214411983944
8.07e-08,-0.05385846441198394
8.08e-08,-0.05620221441198395
8.09e-08,-0.055874084411983944
8.1e-08,-0.052202214411983944
8.11e-08,-0.04681158441198394
8.12e-08,-0.044202214411983944
8.13e-08,-0.045452214411983945
8.14e-08,-0.04820221441198395
8.15e-08,-0.048733464411983944
8.16e-08,-0.04820221441198395
8.17e-08,-0.04796783441198395
8.18e-08,-0.04820221441198395
8.19e-08,-0.046889714411983946
8.2e-08,-0.044202214411983944
8.21e-08,-0.04057721441198395
8.22e-08,-0.03620221441198394
8.23e-08,-0.030592834411983946
8.24e-08,-0.024202214411983947
8.25e-08,-0.018858464411983945
8.26e-08,-0.016202214411983946
8.27e-08,-0.017327214411983947
8.28e-08,-0.020202214411983943
8.29e-08,-0.022967834411983946
8.3e-08,-0.024202214411983947
8.31e-08,-0.024530334411983948
8.32e-08,-0.024202214411983947
8.33e-08,-0.02298346441198395
8.34e-08,-0.020202214411983943
8.35e-08,-0.015920964411983943
8.36e-08,-0.012202214411983946
8.37e-08,-0.010858464411983947
8.38e-08,-0.012202214411983946
8.39e-08,-0.014655334411983946
8.4e-08,-0.016202214411983946
8.41e-08,-0.015295964411983946
8.42e-08,-0.012202214411983946
8.43e-08,-0.008092836411983946
8.44e-08,-0.004202211411983946
8.45e-08,-0.002389711411983946
8.46e-08,-0.004202211411983946
8.47e-08,-0.0076865864119839465
8.48e-08,-0.008202211411983946
8.49e-08,-0.003936586411983946
8.5e-08,-0.0002022112665179462
8.51e-08,-0.0012178364119839462
8.52e-08,-0.004202211411983946
8.53e-08,-0.002717836411983946
8.54e-08,0.003797788588016054
8.55e-08,0.011610285588016054
8.56e-08,0.015797785588016054
8.57e-08,0.015157165588016054
8.58e-08,0.011797785588016054
8.59e-08,0.010766535588016053
8.6e-08,0.015797785588016054
8.61e-08,0.02518841558801605
8.62e-08,0.031797785588016055
8.63e-08,0.03214153558801606
8.64e-08,0.031797785588016055
8.65e-08,0.03523528558801606
8.66e-08,0.039797785588016055
8.67e-08,0.040485285588016055
8.68e-08,0.039797785588016055
8.69e-08,0.04100091558801606
8.7e-08,0.04379778558801606
8.71e-08,0.044375915588016054
8.72e-08,0.04379778558801606
8.73e-08,0.04342278558801606
8.74e-08,0.04379778558801606
8.75e-08,0.042844665588016057
8.76e-08,0.039797785588016055
8.77e-08,0.03506341558801605
8.78e-08,0.031797785588016055
8.79e-08,0.03134466558801605
8.8e-08,0.031797785588016055
8.81e-08,0.031610285588016054
8.82e-08,0.031797785588016055
8.83e-08,0.033032165588016055
8.84e-08,0.031797785588016055
8.85e-08,0.026204035588016053
8.86e-08,0.01979778558801605
8.87e-08,0.017766535588016052
8.88e-08,0.01979778558801605
8.89e-08,0.023657165588016053
8.9e-08,0.02779778558801605
8.91e-08,0.031157165588016053
8.92e-08,0.031797785588016055
8.93e-08,0.028563415588016054
8.94e-08,0.023797785588016054
8.95e-08,0.020813415588016054
8.96e-08,0.01979778558801605
8.97e-08,0.019829035588016054
8.98e-08,0.01979778558801605
8.99e-08,0.018860285588016057
9e-08,0.015797785588016054
9.01e-08,0.013235285588016054
9.02e-08,0.015797785588016054
9.03e-08,0.02445403558801605
9.04e-08,0.031797785588016055
9.05e-08,0.031860285588016055
9.06e-08,0.02779778558801605
9.07e-08,0.025735285588016056
9.08e-08,0.02779778558801605
9.09e-08,0.029750915588016055
9.1e-08,0.02779778558801605
9.11e-08,0.022422785588016053
9.12e-08,0.01979778558801605
9.13e-08,0.021829035588016056
9.14e-08,0.023797785588016054
9.15e-08,0.020563415588016054
9.16e-08,0.015797785588016054
9.17e-08,0.014469665588016054
9.18e-08,0.015797785588016054
9.19e-08,0.015016535588016054
9.2e-08,0.011797785588016054
9.21e-08,0.007594663588016054
9.22e-08,0.003797788588016054
9.23e-08,-0.00012408626198394618
9.24e-08,-0.004202211411983946
9.25e-08,-0.008217836411983946
9.26e-08,-0.012202214411983946
9.27e-08,-0.015967834411983947
9.28e-08,-0.020202214411983943
9.29e-08,-0.024233464411983943
9.3e-08,-0.028202214411983943
9.31e-08,-0.029514714411983944
9.32e-08,-0.028202214411983943
9.33e-08,-0.024874084411983945
9.34e-08,-0.024202214411983947
9.35e-08,-0.02646783441198395
9.36e-08,-0.028202214411983943
9.37e-08,-0.025124084411983945
9.38e-08,-0.020202214411983943
9.39e-08,-0.016952214411983947
9.4e-08,-0.016202214411983946
9.41e-08,-0.016170964411983943
9.42e-08,-0.016202214411983946
9.43e-08,-0.016436584411983944
9.44e-08,-0.016202214411983946
9.45e-08,-0.013827214411983946
9.46e-08,-0.008202211411983946
9.47e-08,-0.0018897114119839462
9.48e-08,-0.0002022112665179462
9.49e-08,-0.004608461411983946
9.5e-08,-0.008202211411983946
9.51e-08,-0.006577211411983946
9.52e-08,-0.004202211411983946
9.53e-08,-0.005999086411983946
9.54e-08,-0.008202211411983946
9.55e-08,-0.0056084614119839464
9.56e-08,-0.0002022112665179462
9.57e-08,0.002016538588016054
9.58e-08,-0.0002022112665179462
9.59e-08,-0.0035459614119839463
9.6e-08,-0.004202211411983946
9.61e-08,-0.0019522114119839462
9.62e-08,-0.0002022112665179462
9.63e-08,-0.0017490864119839463
9.64e-08,-0.004202211411983946
9.65e-08,-0.0047647114119839466
9.66e-08,-0.004202211411983946
9.67e-08,-0.004233461411983946
9.68e-08,-0.004202211411983946
9.69e-08,-0.003327211411983946
9.7e-08,-0.004202211411983946
9.71e-08,-0.008186586411983946
9.72e-08,-0.012202214411983946
9.73e-08,-0.012014714411983946
9.74e-08,-0.008202211411983946
9.75e-08,-0.003342836411983946
9.76e-08,-0.0002022112665179462
9.77e-08,0.0007196637880160538
9.78e-08,-0.0002022112665179462
9.79e-08,-0.002061586411983946
9.8e-08,-0.004202211411983946
9.81e-08,-0.005280336411983946
9.82e-08,-0.004202211411983946
9.83e-08,-0.0004990863119839462
9.84e-08,0.003797788588016054
9.85e-08,0.006657163588016054
9.86e-08,0.007797788588016054
9.87e-08,0.007891538588016054
9.88e-08,0.007797788588016054
9.89e-08,0.007672788588016054
9.9e-08,0.007797788588016054
9.91e-08,0.008938413588016053
9.92e-08,0.011797785588016054
9.93e-08,0.014938415588016054
9.94e-08,0.015797785588016054
9.95e-08,0.012469665588016054
9.96e-08,0.007797788588016054
9.97e-08,0.005672788588016054
9.98e-08,0.007797788588016054
9.99e-08,0.012157165588016054
1e-07,0.015797785588016054
1.001e-07,0.015844665588016053
1.002e-07,0.011797785588016054
1.003e-07,0.006313413588016054
1.004e-07,0.003797788588016054
1.005e-07,0.004782163588016054
1.006e-07,0.003797788588016054
1.007e-07,-0.0009678363119839462
1.008e-07,-0.004202211411983946
1.009e-07,-0.00012408626198394618
1.01e-07,0.007797788588016054
1.011e-07,0.012594665588016054
1.012e-07,0.011797785588016054
1.013e-07,0.008688413588016053
1.014e-07,0.007797788588016054
1.015e-07,0.009797788588016054
1.016e-07,0.011797785588016054
1.017e-07,0.010704035588016053
1.018e-07,0.007797788588016054
1.019e-07,0.005329038588016054
1.02e-07,0.003797788588016054
1.021e-07,0.001969663588016054
1.022e-07,-0.0002022112665179462
1.023e-07,-0.0011240863119839463
1.024e-07,-0.0002022112665179462
1.025e-07,0.002047788588016054
1.026e-07,0.003797788588016054
1.027e-07,0.003969663588016053
1.028e-07,0.003797788588016054
1.029e-07,0.0041102885880160535
1.03e-07,0.003797788588016054
1.031e-07,0.0016727885880160537
1.032e-07,-0.0002022112665179462
1.033e-07,-0.0013740864119839461
1.034e-07,-0.004202211411983946
1.035e-07,-0.009452211411983946
1.036e-07,-0.012202214411983946
1.037e-07,-0.010014711411983946
1.038e-07,-0.008202211411983946
1.039e-07,-0.011405334411983947
1.04e-07,-0.016202214411983946
1.041e-07,-0.017186584411983945
1.042e-07,-0.016202214411983946
1.043e-07,-0.017092834411983948
1.044e-07,-0.020202214411983943
1.045e-07,-0.02267096441198395
1.046e-07,-0.024202214411983947
1.047e-07,-0.024842834411983948
1.048e-07,-0.024202214411983947
1.049e-07,-0.022092834411983946
1.05e-07,-0.020202214411983943
1.051e-07,-0.019733464411983946
1.052e-07,-0.020202214411983943
1.053e-07,-0.020389714411983943
1.054e-07,-0.020202214411983943
1.055e-07,-0.021061584411983948
1.056e-07,-0.024202214411983947
1.057e-07,-0.029092834411983945
1.058e-07,-0.03220221441198395
1.059e-07,-0.03129596441198395
1.06e-07,-0.028202214411983943
1.061e-07,-0.02565533441198395
1.062e-07,-0.024202214411983947
1.063e-07,-0.024327214411983947
1.064e-07,-0.028202214411983943
1.065e-07,-0.03518658441198395
1.066e-07,-0.04020221441198395
1.067e-07,-0.03921783441198395
1.068e-07,-0.03620221441198394
1.069e-07,-0.03551471441198394
1.07e-07,-0.03620221441198394
1.071e-07,-0.034858464411983946
1.072e-07,-0.03220221441198395
1.073e-07,-0.02999908441198395
1.074e-07,-0.028202214411983943
1.075e-07,-0.02682721441198395
1.076e-07,-0.028202214411983943
1.077e-07,-0.032686584411983945
1.078e-07,-0.03620221441198394
1.079e-07,-0.035233464411983946
1.08e-07,-0.03220221441198395
1.081e-07,-0.030905334411983947
1.082e-07,-0.03220221441198395
1.083e-07,-0.033249084411983945
1.084e-07,-0.03220221441198395
1.085e-07,-0.028467834411983944
1.086e-07,-0.024202214411983947
1.087e-07,-0.021077214411983944
1.088e-07,-0.020202214411983943
1.089e-07,-0.020389714411983943
1.09e-07,-0.020202214411983943
1.091e-07,-0.018608464411983945
1.092e-07,-0.016202214411983946
1.093e-07,-0.013842834411983947
1.094e-07,-0.012202214411983946
1.095e-07,-0.010811584411983946
1.096e-07,-0.008202211411983946
1.097e-07,-0.004264711411983946
1.098e-07,-0.0002022112665179462
1.099e-07,0.002235288588016054
1.1e-07,0.003797788588016054
1.101e-07,0.004454038588016054
1.102e-07,0.003797788588016054
1.103e-07,0.0013446635880160539
1.104e-07,-0.0002022112665179462
1.105e-07,6.341368801605381e-05
1.106e-07,-0.0002022112665179462
1.107e-07,-0.0025772114119839463
1.108e-07,-0.004202211411983946
1.109e-07,-0.0025147114119839463
1.11e-07,-0.0002022112665179462
1.111e-07,0.00011028878801605383
1.112e-07,-0.0002022112665179462
1.113e-07,0.0015477885880160538
1.114e-07,0.003797788588016054
1.115e-07,0.004282163588016054
1.116e-07,0.003797788588016054
1.117e-07,0.003829038588016054
1.118e-07,0.003797788588016054
1.119e-07,0.003172788588016054
1.12e-07,0.003797788588016054
1.121e-07,0.006219663588016054
1.122e-07,0.007797788588016054
1.123e-07,0.006344663588016054
1.124e-07,0.003797788588016054
1.125e-07,0.003000913588016054
1.126e-07,0.003797788588016054
1.127e-07,0.004500913588016054
1.128e-07,0.003797788588016054
1.129e-07,0.0028759135880160537
1.13e-07,0.003797788588016054
1.131e-07,0.006454038588016054
1.132e-07,0.007797788588016054
1.133e-07,0.006860288588016054
1.134e-07,0.007797788588016054
1.135e-07,0.012360285588016055
1.136e-07,0.015797785588016054
1.137e-07,0.013079035588016054
1.138e-07,0.007797788588016054
1.139e-07,0.004844663588016054
1.14e-07,0.003797788588016054
1.141e-07,0.0018290385880160537
1.142e-07,-0.0002022112665179462
1.143e-07,-0.00040533631198394623
1.144e-07,-0.0002022112665179462
1.145e-07,-0.0005459613119839462
1.146e-07,-0.0002022112665179462
1.147e-07,0.002188413588016054
1.148e-07,0.003797788588016054
1.149e-07,0.002516538588016054
1.15e-07,-0.0002022112665179462
1.151e-07,-0.0012334614119839462
1.152e-07,-0.0002022112665179462
1.153e-07,0.0018134135880160536
1.154e-07,0.003797788588016054
1.155e-07,0.004922788588016054
1.156e-07,0.003797788588016054
1.157e-07,0.0010634135880160538
1.158e-07,-0.0002022112665179462
1.159e-07,0.0016571635880160537
1.16e-07,0.003797788588016054
1.161e-07,0.003985288588016053
1.162e-07,0.003797788588016054
1.163e-07,0.005485288588016054
1.164e-07,0.007797788588016054
1.165e-07,0.008438413588016053
1.166e-07,0.007797788588016054
1.167e-07,0.007360288588016054
1.168e-07,0.007797788588016054
1.169e-07,0.008125913588016054
1.17e-07,0.007797788588016054
1.171e-07,0.007235288588016054
1.172e-07,0.007797788588016054
1.173e-07,0.008844663588016053
1.174e-07,0.007797788588016054
1.175e-07,0.003657163588016054
1.176e-07,-0.0002022112665179462
1.177e-07,0.0001259137880160538
1.178e-07,0.003797788588016054
1.179e-07,0.007313413588016054
1.18e-07,0.007797788588016054
1.181e-07,0.005860288588016054
1.182e-07,0.003797788588016054
1.183e-07,0.003469663588016054
1.184e-07,0.003797788588016054
1.185e-07,0.003969663588016053
1.186e-07,0.003797788588016054
1.187e-07,0.004875913588016054
1.188e-07,0.007797788588016054
1.189e-07,0.010860285588016053
1.19e-07,0.011797785588016054
1.191e-07,0.010782165588016054
1.192e-07,0.011797785588016054
1.193e-07,0.01626653558801605
1.194e-07,0.01979778558801605
1.195e-07,0.01756341558801605
1.196e-07,0.011797785588016054
1.197e-07,0.006844663588016054
1.198e-07,0.003797788588016054
1.199e-07,0.0023915385880160537
1.2e-07,0.003797788588016054
1.201e-07,0.008375913588016053
1.202e-07,0.011797785588016054
1.203e-07,0.011922785588016054
1.204e-07,0.011797785588016054
1.205e-07,0.014110285588016054
1.206e-07,0.015797785588016054
1.207e-07,0.014063415588016054
1.208e-07,0.011797785588016054
1.209e-07,0.012704035588016053
1.21e-07,0.015797785588016054
1.211e-07,0.017157165588016055
1.212e-07,0.015797785588016054
1.213e-07,0.013329035588016054
1.214e-07,0.011797785588016054
1.215e-07,0.011516535588016054
1.216e-07,0.011797785588016054
1.217e-07,0.011891535588016054
1.218e-07,0.011797785588016054
1.219e-07,0.012891535588016053
1.22e-07,0.015797785588016054
1.221e-07,0.018172785588016056
1.222e-07,0.015797785588016054
1.223e-07,0.008844663588016053
1.224e-07,0.003797788588016054
1.225e-07,0.005844663588016054
1.226e-07,0.011797785588016054
1.227e-07,0.015657165588016053
1.228e-07,0.015797785588016054
1.229e-07,0.014985285588016053
1.23e-07,0.015797785588016054
1.231e-07,0.017204035588016052
1.232e-07,0.015797785588016054
1.233e-07,0.011188415588016054
1.234e-07,0.007797788588016054
1.235e-07,0.009094663588016054
1.236e-07,0.011797785588016054
1.237e-07,0.012141535588016054
1.238e-07,0.011797785588016054
1.239e-07,0.013719665588016053
1.24e-07,0.015797785588016054
1.241e-07,0.015922785588016054
1.242e-07,0.015797785588016054
1.243e-07,0.01787591558801605
1.244e-07,0.01979778558801605
1.245e-07,0.018688415588016052
1.246e-07,0.015797785588016054
1.247e-07,0.014250915588016054
1.248e-07,0.015797785588016054
1.249e-07,0.019657165588016057
1.25e-07,0.023797785588016054
1.251e-07,0.026454035588016053
1.252e-07,0.02779778558801605
1.253e-07,0.027157165588016056
1.254e-07,0.023797785588016054
1.255e-07,0.018610285588016057
1.256e-07,0.015797785588016054
1.257e-07,0.017360285588016056
1.258e-07,0.01979778558801605
1.259e-07,0.018875915588016053
1.26e-07,0.015797785588016054
1.261e-07,0.014219665588016054
1.262e-07,0.015797785588016054
1.263e-07,0.018735285588016057
1.264e-07,0.01979778558801605
1.265e-07,0.018172785588016056
1.266e-07,0.015797785588016054
1.267e-07,0.014110285588016054
1.268e-07,0.011797785588016054
1.269e-07,0.007735288588016054
1.27e-07,0.003797788588016054
1.271e-07,0.003750913588016054
1.272e-07,0.007797788588016054
1.273e-07,0.013219665588016054
1.274e-07,0.015797785588016054
1.275e-07,0.014485285588016053
1.276e-07,0.011797785588016054
1.277e-07,0.010907165588016054
1.278e-07,0.011797785588016054
1.279e-07,0.012547785588016053
1.28e-07,0.011797785588016054
1.281e-07,0.010782165588016054
1.282e-07,0.011797785588016054
1.283e-07,0.014594665588016054
1.284e-07,0.015797785588016054
1.285e-07,0.013672785588016054
1.286e-07,0.011797785588016054
1.287e-07,0.013391535588016054
1.288e-07,0.015797785588016054
1.289e-07,0.01595403558801605
1.29e-07,0.015797785588016054
1.291e-07,0.016719665588016054
1.292e-07,0.015797785588016054
1.293e-07,0.011110285588016054
1.294e-07,0.007797788588016054
1.295e-07,0.010391535588016055
1.296e-07,0.015797785588016054
1.297e-07,0.017954035588016053
1.298e-07,0.015797785588016054
1.299e-07,0.011563415588016053
1.3e-07,0.007797788588016054
1.301e-07,0.005235288588016054
1.302e-07,0.003797788588016054
1.303e-07,0.0033602885880160537
1.304e-07,0.003797788588016054
1.305e-07,0.004375913588016054
1.306e-07,0.003797788588016054
1.307e-07,0.001625913588016054
1.308e-07,-0.0002022112665179462
1.309e-07,-0.0004209613119839462
1.31e-07,-0.0002022112665179462
1.311e-07,-0.001545961411983946
1.312e-07,-0.004202211411983946
1.313e-07,-0.006827211411983946
1.314e-07,-0.008202211411983946
1.315e-07,-0.009186586411983947
1.316e-07,-0.012202214411983946
1.317e-07,-0.016920964411983944
1.318e-07,-0.020202214411983943
1.319e-07,-0.019905334411983944
1.32e-07,-0.020202214411983943
1.321e-07,-0.022764714411983945
1.322e-07,-0.024202214411983947
1.323e-07,-0.020608464411983947
1.324e-07,-0.016202214411983946
1.325e-07,-0.015186584411983946
1.326e-07,-0.016202214411983946
1.327e-07,-0.015014714411983945
1.328e-07,-0.012202214411983946
1.329e-07,-0.010920964411983947
1.33e-07,-0.012202214411983946
1.331e-07,-0.014795964411983947
1.332e-07,-0.016202214411983946
1.333e-07,-0.015280334411983947
1.334e-07,-0.012202214411983946
1.335e-07,-0.009217836411983947
1.336e-07,-0.008202211411983946
1.337e-07,-0.009811586411983946
1.338e-07,-0.012202214411983946
1.339e-07,-0.014217834411983946
1.34e-07,-0.016202214411983946
1.341e-07,-0.018436584411983946
1.342e-07,-0.020202214411983943
1.343e-07,-0.020295964411983947
1.344e-07,-0.020202214411983943
1.345e-07,-0.020374084411983948
1.346e-07,-0.020202214411983943
1.347e-07,-0.018139714411983948
1.348e-07,-0.016202214411983946
1.349e-07,-0.014624084411983946
1.35e-07,-0.012202214411983946
1.351e-07,-0.007936586411983946
1.352e-07,-0.004202211411983946
1.353e-07,-0.003186586411983946
1.354e-07,-0.004202211411983946
1.355e-07,-0.004092836411983946
1.356e-07,-0.0002022112665179462
1.357e-07,0.004469663588016054
1.358e-07,0.003797788588016054
1.359e-07,-0.002342836411983946
1.36e-07,-0.004202211411983946
1.361e-07,0.003547788588016054
1.362e-07,0.011797785588016054
1.363e-07,0.010672785588016053
1.364e-07,0.003797788588016054
1.365e-07,0.0007821637880160539
1.366e-07,0.003797788588016054
1.367e-07,0.008547788588016053
1.368e-07,0.011797785588016054
1.369e-07,0.013829035588016054
1.37e-07,0.015797785588016054
1.371e-07,0.018000915588016052
1.372e-07,0.01979778558801605
1.373e-07,0.019172785588016057
1.374e-07,0.015797785588016054
1.375e-07,0.012157165588016054
1.376e-07,0.011797785588016054
1.377e-07,0.015438415588016055
1.378e-07,0.01979778558801605
1.379e-07,0.021235285588016052
1.38e-07,0.01979778558801605
1.381e-07,0.018500915588016052
1.382e-07,0.01979778558801605
1.383e-07,0.022688415588016056
1.384e-07,0.023797785588016054
1.385e-07,0.021954035588016056
1.386e-07,0.01979778558801605
1.387e-07,0.02059466558801605
1.388e-07,0.023797785588016054
1.389e-07,0.025813415588016052
1.39e-07,0.023797785588016054
1.391e-07,0.02004778558801605
1.392e-07,0.01979778558801605
1.393e-07,0.025469665588016055
1.394e-07,0.031797785588016055
1.395e-07,0.03362591558801606
1.396e-07,0.031797785588016055
1.397e-07,0.030610285588016053
1.398e-07,0.031797785588016055
1.399e-07,0.03404778558801606
1.4e-07,0.03579778558801606
1.401e-07,0.03728216558801606
1.402e-07,0.039797785588016055
1.403e-07,0.04256341558801605
1.404e-07,0.04379778558801606
1.405e-07,0.041969665588016056
1.406e-07,0.039797785588016055
1.407e-07,0.040235285588016055
1.408e-07,0.04379778558801606
1.409e-07,0.04615716558801605
1.41e-07,0.04379778558801606
1.411e-07,0.037063415588016055
1.412e-07,0.031797785588016055
1.413e-07,0.03232903558801606
1.414e-07,0.03579778558801606
1.415e-07,0.036391535588016055
1.416e-07,0.031797785588016055
1.417e-07,0.025875915588016052
1.418e-07,0.023797785588016054
1.419e-07,0.028266535588016055
1.42e-07,0.03579778558801606
1.421e-07,0.04070403558801606
1.422e-07,0.039797785588016055
1.423e-07,0.03498528558801606
1.424e-07,0.031797785588016055
1.425e-07,0.03270403558801606
1.426e-07,0.03579778558801606
1.427e-07,0.03609466558801606
1.428e-07,0.031797785588016055
1.429e-07,0.025719665588016055
1.43e-07,0.023797785588016054
1.431e-07,0.026719665588016056
1.432e-07,0.02779778558801605
1.433e-07,0.022766535588016057
1.434e-07,0.015797785588016054
1.435e-07,0.013860285588016054
1.436e-07,0.015797785588016054
1.437e-07,0.018125915588016052
1.438e-07,0.01979778558801605
1.439e-07,0.022157165588016052
1.44e-07,0.023797785588016054
1.441e-07,0.02382903558801605
1.442e-07,0.023797785588016054
1.443e-07,0.025407165588016055
1.444e-07,0.02779778558801605
1.445e-07,0.027750915588016054
1.446e-07,0.023797785588016054
1.447e-07,0.017907165588016055
1.448e-07,0.015797785588016054
1.449e-07,0.019407165588016057
1.45e-07,0.023797785588016054
1.451e-07,0.023563415588016057
1.452e-07,0.01979778558801605
1.453e-07,0.01675091558801605
1.454e-07,0.015797785588016054
1.455e-07,0.015938415588016057
1.456e-07,0.015797785588016054
1.457e-07,0.015610285588016052
1.458e-07,0.015797785588016054
1.459e-07,0.01620403558801605
1.46e-07,0.015797785588016054
1.461e-07,0.014782165588016054
1.462e-07,0.015797785588016054
1.463e-07,0.019000915588016053
1.464e-07,0.01979778558801605
1.465e-07,0.015782165588016053
1.466e-07,0.011797785588016054
1.467e-07,0.011719665588016053
1.468e-07,0.011797785588016054
1.469e-07,0.008204038588016055
1.47e-07,0.003797788588016054
1.471e-07,0.0040477885880160535
1.472e-07,0.007797788588016054
1.473e-07,0.011079035588016053
1.474e-07,0.011797785588016054
1.475e-07,0.011688415588016053
1.476e-07,0.011797785588016054
1.477e-07,0.013219665588016054
1.478e-07,0.015797785588016054
1.479e-07,0.017579035588016052
1.48e-07,0.015797785588016054
1.481e-07,0.011829035588016054
1.482e-07,0.011797785588016054
1.483e-07,0.017954035588016053
1.484e-07,0.023797785588016054
1.485e-07,0.02332903558801605
1.486e-07,0.01979778558801605
1.487e-07,0.018766535588016053
1.488e-07,0.01979778558801605
1.489e-07,0.019829035588016054
1.49e-07,0.01979778558801605
1.491e-07,0.021672785588016052
1.492e-07,0.023797785588016054
1.493e-07,0.024094665588016054
1.494e-07,0.023797785588016054
1.495e-07,0.02420403558801605
1.496e-07,0.023797785588016054
1.497e-07,0.021579035588016056
1.498e-07,0.01979778558801605
1.499e-07,0.020875915588016054
1.5e-07,0.023797785588016054
1.501e-07,0.026344665588016056
1.502e-07,0.02779778558801605
1.503e-07,0.02834466558801605
1.504e-07,0.02779778558801605
1.505e-07,0.025891535588016053
1.506e-07,0.023797785588016054
1.507e-07,0.023016535588016057
1.508e-07,0.023797785588016054
1.509e-07,0.025579035588016052
1.51e-07,0.02779778558801605
1.511e-07,0.029000915588016055
1.512e-07,0.02779778558801605
1.513e-07,0.024985285588016055
1.514e-07,0.023797785588016054
1.515e-07,0.025672785588016056
1.516e-07,0.02779778558801605
1.517e-07,0.026860285588016057
1.518e-07,0.023797785588016054
1.519e-07,0.022172785588016053
1.52e-07,0.023797785588016054
1.521e-07,0.026782165588016056
1.522e-07,0.02779778558801605
1.523e-07,0.02493841558801605
1.524e-07,0.01979778558801605
1.525e-07,0.016985285588016055
1.526e-07,0.01979778558801605
1.527e-07,0.025891535588016053
1.528e-07,0.02779778558801605
1.529e-07,0.022297785588016053
1.53e-07,0.015797785588016054
1.531e-07,0.015329035588016054
1.532e-07,0.01979778558801605
1.533e-07,0.023500915588016057
1.534e-07,0.023797785588016054
1.535e-07,0.021813415588016055
1.536e-07,0.01979778558801605
1.537e-07,0.017938415588016052
1.538e-07,0.015797785588016054
1.539e-07,0.013344665588016055
1.54e-07,0.011797785588016054
1.541e-07,0.011954035588016054
1.542e-07,0.011797785588016054
1.543e-07,0.009813415588016053
1.544e-07,0.007797788588016054
1.545e-07,0.007657163588016054
1.546e-07,0.007797788588016054
1.547e-07,0.007313413588016054
1.548e-07,0.007797788588016054
1.549e-07,0.010422785588016055
1.55e-07,0.011797785588016054
1.551e-07,0.008922788588016053
1.552e-07,0.003797788588016054
1.553e-07,0.0004540387880160538
1.554e-07,-0.0002022112665179462
1.555e-07,0.0012509135880160538
1.556e-07,0.003797788588016054
1.557e-07,0.006547788588016054
1.558e-07,0.007797788588016054
1.559e-07,0.006579038588016054
1.56e-07,0.003797788588016054
1.561e-07,0.002125913588016054
1.562e-07,0.003797788588016054
1.563e-07,0.007344663588016054
1.564e-07,0.007797788588016054
1.565e-07,0.0033446635880160537
1.566e-07,-0.0002022112665179462
1.567e-07,0.0013134135880160539
1.568e-07,0.003797788588016054
1.569e-07,0.002516538588016054
1.57e-07,-0.0002022112665179462
1.571e-07,-0.0004990863119839462
1.572e-07,-0.0002022112665179462
1.573e-07,-0.002186586411983946
1.574e-07,-0.004202211411983946
1.575e-07,-0.002905336411983946
1.576e-07,-0.0002022112665179462
1.577e-07,0.0007352887880160538
1.578e-07,-0.0002022112665179462
1.579e-07,-0.0019365864119839462
1.58e-07,-0.004202211411983946
1.581e-07,-0.0066865864119839465
1.582e-07,-0.008202211411983946
1.583e-07,-0.007280336411983946
1.584e-07,-0.004202211411983946
1.585e-07,-0.0020303364119839463
1.586e-07,-0.004202211411983946
1.587e-07,-0.009670961411983946
1.588e-07,-0.012202214411983946
1.589e-07,-0.008389711411983946
1.59e-07,-0.004202211411983946
1.591e-07,-0.006092836411983946
1.592e-07,-0.012202214411983946
1.593e-07,-0.016405334411983948
1.594e-07,-0.016202214411983946
1.595e-07,-0.012764714411983947
1.596e-07,-0.008202211411983946
1.597e-07,-0.004592836411983946
1.598e-07,-0.004202211411983946
1.599e-07,-0.0076084614119839465
1.6e-07,-0.012202214411983946
1.601e-07,-0.015374084411983947
1.602e-07,-0.016202214411983946
1.603e-07,-0.015702214411983946
1.604e-07,-0.016202214411983946
1.605e-07,-0.017249084411983945
1.606e-07,-0.016202214411983946
1.607e-07,-0.012858464411983947
1.608e-07,-0.012202214411983946
1.609e-07,-0.016280334411983947
1.61e-07,-0.020202214411983943
1.611e-07,-0.01796783441198395
1.612e-07,-0.012202214411983946
1.613e-07,-0.008436586411983946
1.614e-07,-0.008202211411983946
1.615e-07,-0.009936586411983946
1.616e-07,-0.012202214411983946
1.617e-07,-0.013717834411983947
1.618e-07,-0.012202214411983946
1.619e-07,-0.007764711411983947
1.62e-07,-0.004202211411983946
1.621e-07,-0.004920961411983946
1.622e-07,-0.008202211411983946
1.623e-07,-0.010952214411983947
1.624e-07,-0.012202214411983946
1.625e-07,-0.012499084411983946
1.626e-07,-0.012202214411983946
1.627e-07,-0.011545964411983946
1.628e-07,-0.012202214411983946
1.629e-07,-0.013499084411983947
1.63e-07,-0.012202214411983946
1.631e-07,-0.007483461411983946
1.632e-07,-0.004202211411983946
1.633e-07,-0.0056397114119839465
1.634e-07,-0.008202211411983946
1.635e-07,-0.007389711411983946
1.636e-07,-0.004202211411983946
1.637e-07,-0.002827211411983946
1.638e-07,-0.004202211411983946
1.639e-07,-0.0067178364119839466
1.64e-07,-0.008202211411983946
1.641e-07,-0.008358461411983946
1.642e-07,-0.008202211411983946
1.643e-07,-0.008217836411983946
1.644e-07,-0.008202211411983946
1.645e-07,-0.0076709614119839465
1.646e-07,-0.008202211411983946
1.647e-07,-0.010202214411983946
1.648e-07,-0.012202214411983946
1.649e-07,-0.011311584411983946
1.65e-07,-0.008202211411983946
1.651e-07,-0.004108461411983946
1.652e-07,-0.0002022112665179462
1.653e-07,0.0027665385880160536
1.654e-07,0.003797788588016054
1.655e-07,0.0032977885880160537
1.656e-07,0.003797788588016054
1.657e-07,0.0060634135880160535
1.658e-07,0.007797788588016054
1.659e-07,0.006547788588016054
1.66e-07,0.003797788588016054
1.661e-07,0.002532163588016054
1.662e-07,0.003797788588016054
1.663e-07,0.006219663588016054
1.664e-07,0.007797788588016054
1.665e-07,0.007985288588016054
1.666e-07,0.007797788588016054
1.667e-07,0.008985288588016054
1.668e-07,0.011797785588016054
1.669e-07,0.014829035588016053
1.67e-07,0.015797785588016054
1.671e-07,0.014204035588016055
1.672e-07,0.011797785588016054
1.673e-07,0.010719665588016054
1.674e-07,0.011797785588016054
1.675e-07,0.013922785588016054
1.676e-07,0.015797785588016054
1.677e-07,0.017391535588016052
1.678e-07,0.01979778558801605
1.679e-07,0.022516535588016057
1.68e-07,0.023797785588016054
1.681e-07,0.021188415588016055
1.682e-07,0.015797785588016054
1.683e-07,0.011282165588016054
1.684e-07,0.011797785588016054
1.685e-07,0.016610285588016055
1.686e-07,0.01979778558801605
1.687e-07,0.017157165588016055
1.688e-07,0.011797785588016054
1.689e-07,0.008657163588016053
1.69e-07,0.007797788588016054
1.691e-07,0.007500913588016054
1.692e-07,0.007797788588016054
1.693e-07,0.009829035588016054
1.694e-07,0.011797785588016054
1.695e-07,0.012032165588016053
1.696e-07,0.011797785588016054
1.697e-07,0.012125915588016054
1.698e-07,0.011797785588016054
1.699e-07,0.009672788588016054
1.7e-07,0.007797788588016054
1.701e-07,0.007579038588016054
1.702e-07,0.007797788588016054
1.703e-07,0.006141538588016054
1.704e-07,0.003797788588016054
1.705e-07,0.002032163588016054
1.706e-07,-0.0002022112665179462
1.707e-07,-0.0030772114119839464
1.708e-07,-0.004202211411983946
1.709e-07,-0.0029990864119839463
1.71e-07,-0.004202211411983946
1.711e-07,-0.009233461411983945
1.712e-07,-0.012202214411983946
1.713e-07,-0.008608461411983947
1.714e-07,-0.004202211411983946
1.715e-07,-0.005139711411983946
1.716e-07,-0.008202211411983946
1.717e-07,-0.008592836411983946
1.718e-07,-0.008202211411983946
1.719e-07,-0.010374084411983946
1.72e-07,-0.012202214411983946
1.721e-07,-0.011389714411983946
1.722e-07,-0.012202214411983946
1.723e-07,-0.01796783441198395
1.724e-07,-0.024202214411983947
1.725e-07,-0.02546783441198395
1.726e-07,-0.024202214411983947
1.727e-07,-0.024092834411983947
1.728e-07,-0.024202214411983947
1.729e-07,-0.02212408441198395
1.73e-07,-0.020202214411983943
1.731e-07,-0.020249084411983947
1.732e-07,-0.020202214411983943
1.733e-07,-0.018920964411983945
1.734e-07,-0.020202214411983943
1.735e-07,-0.02632721441198395
1.736e-07,-0.03220221441198395
1.737e-07,-0.03232721441198395
1.738e-07,-0.028202214411983943
1.739e-07,-0.024624084411983944
1.74e-07,-0.024202214411983947
1.741e-07,-0.02596783441198395
1.742e-07,-0.028202214411983943
1.743e-07,-0.03012408441198395
1.744e-07,-0.03220221441198395
1.745e-07,-0.03359283441198394
1.746e-07,-0.03220221441198395
1.747e-07,-0.027858464411983946
1.748e-07,-0.024202214411983947
1.749e-07,-0.024795964411983944
1.75e-07,-0.028202214411983943
1.751e-07,-0.031014714411983946
1.752e-07,-0.03220221441198395
1.753e-07,-0.033374084411983945
1.754e-07,-0.03620221441198394
1.755e-07,-0.03959283441198395
1.756e-07,-0.04020221441198395
1.757e-07,-0.03660846441198395
1.758e-07,-0.03220221441198395
1.759e-07,-0.030780334411983946
1.76e-07,-0.03220221441198395
1.761e-07,-0.03415533441198394
1.762e-07,-0.03620221441198394
1.763e-07,-0.038452214411983945
1.764e-07,-0.04020221441198395
1.765e-07,-0.040483464411983944
1.766e-07,-0.04020221441198395
1.767e-07,-0.040124084411983944
1.768e-07,-0.04020221441198395
1.769e-07,-0.038952214411983946
1.77e-07,-0.03620221441198394
1.771e-07,-0.03315533441198394
1.772e-07,-0.03220221441198395
1.773e-07,-0.03403033441198394
1.774e-07,-0.03620221441198394
1.775e-07,-0.035717834411983944
1.776e-07,-0.03220221441198395
1.777e-07,-0.028655334411983945
1.778e-07,-0.028202214411983943
1.779e-07,-0.031577214411983946
1.78e-07,-0.03620221441198394
1.781e-07,-0.038280334411983946
1.782e-07,-0.03620221441198394
1.783e-07,-0.03240533441198395
1.784e-07,-0.03220221441198395
1.785e-07,-0.03562408441198395
1.786e-07,-0.03620221441198394
1.787e-07,-0.03029596441198395
1.788e-07,-0.024202214411983947
1.789e-07,-0.024295964411983943
1.79e-07,-0.028202214411983943
1.791e-07,-0.029858464411983948
1.792e-07,-0.028202214411983943
1.793e-07,-0.027045964411983946
1.794e-07,-0.028202214411983943
1.795e-07,-0.029827214411983945
1.796e-07,-0.028202214411983943
1.797e-07,-0.023405334411983947
1.798e-07,-0.020202214411983943
1.799e-07,-0.022702214411983945
1.8e-07,-0.028202214411983943
1.801e-07,-0.03178033441198395
1.802e-07,-0.03220221441198395
1.803e-07,-0.031702214411983946
1.804e-07,-0.03220221441198395
1.805e-07,-0.03284283441198394
1.806e-07,-0.03220221441198395
1.807e-07,-0.029905334411983946
1.808e-07,-0.028202214411983943
1.809e-07,-0.029217834411983945
1.81e-07,-0.03220221441198395
1.811e-07,-0.033795964411983945
1.812e-07,-0.03220221441198395
1.813e-07,-0.028045964411983947
1.814e-07,-0.024202214411983947
1.815e-07,-0.023889714411983946
1.816e-07,-0.028202214411983943
1.817e-07,-0.034186584411983946
1.818e-07,-0.03620221441198394
1.819e-07,-0.03234283441198395
1.82e-07,-0.028202214411983943
1.821e-07,-0.027717834411983944
1.822e-07,-0.028202214411983943
1.823e-07,-0.02621783441198395
1.824e-07,-0.024202214411983947
1.825e-07,-0.025561584411983945
1.826e-07,-0.028202214411983943
1.827e-07,-0.027702214411983943
1.828e-07,-0.024202214411983947
1.829e-07,-0.020999084411983948
1.83e-07,-0.020202214411983943
1.831e-07,-0.02193658441198395
1.832e-07,-0.024202214411983947
1.833e-07,-0.02515533441198395
1.834e-07,-0.024202214411983947
1.835e-07,-0.02217096441198395
1.836e-07,-0.020202214411983943
1.837e-07,-0.01932721441198395
1.838e-07,-0.020202214411983943
1.839e-07,-0.022514714411983945
1.84e-07,-0.024202214411983947
1.841e-07,-0.024264714411983947
1.842e-07,-0.024202214411983947
1.843e-07,-0.024733464411983944
1.844e-07,-0.024202214411983947
1.845e-07,-0.021795964411983948
1.846e-07,-0.020202214411983943
1.847e-07,-0.021655334411983945
1.848e-07,-0.024202214411983947
1.849e-07,-0.024905334411983948
1.85e-07,-0.024202214411983947
1.851e-07,-0.023874084411983944
1.852e-07,-0.024202214411983947
1.853e-07,-0.024342834411983948
1.854e-07,-0.024202214411983947
1.855e-07,-0.024186584411983944
1.856e-07,-0.024202214411983947
1.857e-07,-0.024045964411983943
1.858e-07,-0.024202214411983947
1.859e-07,-0.024514714411983947
1.86e-07,-0.024202214411983947
1.861e-07,-0.023405334411983947
1.862e-07,-0.024202214411983947
1.863e-07,-0.02688971441198395
1.864e-07,-0.028202214411983943
1.865e-07,-0.02626471441198395
1.866e-07,-0.024202214411983947
1.867e-07,-0.024499084411983944
1.868e-07,-0.024202214411983947
1.869e-07,-0.021342834411983945
1.87e-07,-0.020202214411983943
1.871e-07,-0.023905334411983947
1.872e-07,-0.028202214411983943
1.873e-07,-0.028514714411983944
1.874e-07,-0.028202214411983943
1.875e-07,-0.03049908441198395
1.876e-07,-0.03220221441198395
1.877e-07,-0.02906158441198395
1.878e-07,-0.024202214411983947
1.879e-07,-0.021655334411983945
1.88e-07,-0.020202214411983943
1.881e-07,-0.01771783441198395
1.882e-07,-0.016202214411983946
1.883e-07,-0.01809283441198395
1.884e-07,-0.020202214411983943
1.885e-07,-0.020186584411983947
1.886e-07,-0.020202214411983943
1.887e-07,-0.022655334411983946
1.888e-07,-0.024202214411983947
1.889e-07,-0.02329596441198395
1.89e-07,-0.024202214411983947
1.891e-07,-0.029014714411983944
1.892e-07,-0.03220221441198395
1.893e-07,-0.028983464411983947
1.894e-07,-0.024202214411983947
1.895e-07,-0.024280334411983948
1.896e-07,-0.028202214411983943
1.897e-07,-0.030342834411983946
1.898e-07,-0.028202214411983943
1.899e-07,-0.024467834411983948
1.9e-07,-0.024202214411983947
1.901e-07,-0.028420964411983947
1.902e-07,-0.03220221441198395
1.903e-07,-0.03221783441198395
1.904e-07,-0.03220221441198395
1.905e-07,-0.03484283441198394
1.906e-07,-0.03620221441198394
1.907e-07,-0.03234283441198395
1.908e-07,-0.028202214411983943
1.909e-07,-0.029077214411983944
1.91e-07,-0.03220221441198395
1.911e-07,-0.03179596441198394
1.912e-07,-0.028202214411983943
1.913e-07,-0.02509283441198395
1.914e-07,-0.024202214411983947
1.915e-07,-0.02553033441198395
1.916e-07,-0.028202214411983943
1.917e-07,-0.031077214411983946
1.918e-07,-0.03220221441198395
1.919e-07,-0.030811584411983943
1.92e-07,-0.028202214411983943
1.921e-07,-0.026686584411983946
1.922e-07,-0.028202214411983943
1.923e-07,-0.03134283441198395
1.924e-07,-0.03220221441198395
1.925e-07,-0.02962408441198395
1.926e-07,-0.028202214411983943
1.927e-07,-0.03048346441198395
1.928e-07,-0.03220221441198395
1.929e-07,-0.029092834411983945
1.93e-07,-0.024202214411983947
1.931e-07,-0.022764714411983945
1.932e-07,-0.024202214411983947
1.933e-07,-0.025952214411983948
1.934e-07,-0.028202214411983943
1.935e-07,-0.03117096441198395
1.936e-07,-0.03220221441198395
1.937e-07,-0.02993658441198395
1.938e-07,-0.028202214411983943
1.939e-07,-0.029795964411983948
1.94e-07,-0.03220221441198395
1.941e-07,-0.03140533441198395
1.942e-07,-0.028202214411983943
1.943e-07,-0.025249084411983945
1.944e-07,-0.024202214411983947
1.945e-07,-0.024124084411983944
1.946e-07,-0.024202214411983947
1.947e-07,-0.024202214411983947
1.948e-07,-0.024202214411983947
1.949e-07,-0.024264714411983947
1.95e-07,-0.024202214411983947
1.951e-07,-0.023139714411983946
1.952e-07,-0.020202214411983943
1.953e-07,-0.016920964411983944
1.954e-07,-0.016202214411983946
1.955e-07,-0.018608464411983945
1.956e-07,-0.020202214411983943
1.957e-07,-0.018436584411983946
1.958e-07,-0.016202214411983946
1.959e-07,-0.017077214411983947
1.96e-07,-0.020202214411983943
1.961e-07,-0.021780334411983945
1.962e-07,-0.020202214411983943
1.963e-07,-0.017233464411983944
1.964e-07,-0.016202214411983946
1.965e-07,-0.016936584411983945
1.966e-07,-0.016202214411983946
1.967e-07,-0.012202214411983946
1.968e-07,-0.008202211411983946
1.969e-07,-0.008499086411983946
1.97e-07,-0.012202214411983946
1.971e-07,-0.014592834411983946
1.972e-07,-0.012202214411983946
1.973e-07,-0.006920961411983946
1.974e-07,-0.004202211411983946
1.975e-07,-0.007217836411983946
1.976e-07,-0.012202214411983946
1.977e-07,-0.014045964411983946
1.978e-07,-0.012202214411983946
1.979e-07,-0.009467836411983946
1.98e-07,-0.008202211411983946
1.981e-07,-0.008108461411983946
1.982e-07,-0.008202211411983946
1.983e-07,-0.008124086411983946
1.984e-07,-0.008202211411983946
1.985e-07,-0.008436586411983946
1.986e-07,-0.008202211411983946
1.987e-07,-0.0065928364119839464
1.988e-07,-0.004202211411983946
1.989e-07,-0.003139711411983946
1.99e-07,-0.004202211411983946
1.991e-07,-0.006545961411983946
1.992e-07,-0.008202211411983946
1.993e-07,-0.007389711411983946
1.994e-07,-0.004202211411983946
1.995e-07,-0.0017178364119839462
1.996e-07,-0.004202211411983946
1.997e-07,-0.010280334411983946
1.998e-07,-0.012202214411983946
1.999e-07,-0.006420961411983946
2e-07,-0.0002022112665179462
2.001e-07,-0.0005147113119839462
2.002e-07,-0.004202211411983946
2.003e-07,-0.004280336411983946
2.004e-07,-0.0002022112665179462
2.005e-07,0.0022977885880160536
2.006e-07,-0.0002022112665179462
2.007e-07,-0.0056084614119839464
2.008e-07,-0.008202211411983946
2.009e-07,-0.005170961411983946
2.01e-07,-0.0002022112665179462
2.011e-07,0.0006102887880160538
2.012e-07,-0.004202211411983946
2.013e-07,-0.010202214411983946
2.014e-07,-0.012202214411983946
2.015e-07,-0.008827211411983947
2.016e-07,-0.004202211411983946
2.017e-07,-0.0024990864119839463
2.018e-07,-0.004202211411983946
2.019e-07,-0.005827211411983946
2.02e-07,-0.004202211411983946
2.021e-07,-0.0007647113119839462
2.022e-07,-0.0002022112665179462
2.023e-07,-0.004170961411983946
2.024e-07,-0.008202211411983946
2.025e-07,-0.007717836411983947
2.026e-07,-0.004202211411983946
2.027e-07,-0.002358461411983946
2.028e-07,-0.004202211411983946
2.029e-07,-0.007295961411983946
2.03e-07,-0.008202211411983946
2.031e-07,-0.006264711411983946
2.032e-07,-0.004202211411983946
2.033e-07,-0.004030336411983946
2.034e-07,-0.004202211411983946
2.035e-07,-0.0025459614119839463
2.036e-07,-0.0002022112665179462
2.037e-07,-0.0005147113119839462
2.038e-07,-0.004202211411983946
2.039e-07,-0.009202211411983947
2.04e-07,-0.012202214411983946
2.041e-07,-0.011389714411983946
2.042e-07,-0.008202211411983946
2.043e-07,-0.005311586411983946
2.044e-07,-0.004202211411983946
2.045e-07,-0.005264711411983946
2.046e-07,-0.008202211411983946
2.047e-07,-0.011405334411983947
2.048e-07,-0.012202214411983946
2.049e-07,-0.009733461411983946
2.05e-07,-0.008202211411983946
2.051e-07,-0.009952211411983946
2.052e-07,-0.012202214411983946
2.053e-07,-0.012124084411983945
2.054e-07,-0.012202214411983946
2.055e-07,-0.013545964411983946
2.056e-07,-0.012202214411983946
2.057e-07,-0.0057178364119839465
2.058e-07,-0.0002022112665179462
2.059e-07,-0.0008897113119839462
2.06e-07,-0.004202211411983946
2.061e-07,-0.004920961411983946
2.062e-07,-0.004202211411983946
2.063e-07,-0.0056084614119839464
2.064e-07,-0.008202211411983946
2.065e-07,-0.008217836411983946
2.066e-07,-0.004202211411983946
2.067e-07,0.0011571635880160537
2.068e-07,0.003797788588016054
2.069e-07,0.0022665385880160536
2.07e-07,-0.0002022112665179462
2.071e-07,-0.0007490863119839462
2.072e-07,-0.0002022112665179462
2.073e-07,-0.0014365864119839462
2.074e-07,-0.004202211411983946
2.075e-07,-0.005858461411983946
2.076e-07,-0.004202211411983946
2.077e-07,-0.0009365863119839462
2.078e-07,-0.0002022112665179462
2.079e-07,-0.003733461411983946
2.08e-07,-0.008202211411983946
2.081e-07,-0.009467836411983946
2.082e-07,-0.008202211411983946
2.083e-07,-0.007233461411983946
2.084e-07,-0.008202211411983946
2.085e-07,-0.009092836411983947
2.086e-07,-0.008202211411983946
2.087e-07,-0.0056397114119839465
2.088e-07,-0.004202211411983946
2.089e-07,-0.005467836411983946
2.09e-07,-0.008202211411983946
2.091e-07,-0.008499086411983946
2.092e-07,-0.004202211411983946
2.093e-07,0.0019540385880160538
2.094e-07,0.003797788588016054
2.095e-07,-0.0004365863119839462
2.096e-07,-0.004202211411983946
2.097e-07,-0.002827211411983946
2.098e-07,-0.0002022112665179462
2.099e-07,-0.0014522114119839462
2.1e-07,-0.004202211411983946
2.101e-07,-0.003405336411983946
2.102e-07,-0.0002022112665179462
2.103e-07,0.0012977885880160538
2.104e-07,-0.0002022112665179462
2.105e-07,-0.002717836411983946
2.106e-07,-0.004202211411983946
2.107e-07,-0.003233461411983946
2.108e-07,-0.0002022112665179462
2.109e-07,0.003954038588016053
2.11e-07,0.007797788588016054
2.111e-07,0.009547788588016054
2.112e-07,0.007797788588016054
2.113e-07,0.0032352885880160536
2.114e-07,-0.0002022112665179462
2.115e-07,0.0004696637880160538
2.116e-07,0.003797788588016054
2.117e-07,0.006704038588016054
2.118e-07,0.007797788588016054
2.119e-07,0.007657163588016054
2.12e-07,0.007797788588016054
2.121e-07,0.008125913588016054
2.122e-07,0.007797788588016054
2.123e-07,0.007157163588016054
2.124e-07,0.007797788588016054
2.125e-07,0.010204035588016054
2.126e-07,0.011797785588016054
2.127e-07,0.009547788588016054
2.128e-07,0.003797788588016054
2.129e-07,-0.0011084613119839463
2.13e-07,-0.0002022112665179462
2.131e-07,0.006391538588016054
2.132e-07,0.011797785588016054
2.133e-07,0.012110285588016054
2.134e-07,0.011797785588016054
2.135e-07,0.014485285588016053
2.136e-07,0.015797785588016054
2.137e-07,0.010782165588016054
2.138e-07,0.003797788588016054
2.139e-07,0.0016727885880160537
2.14e-07,0.003797788588016054
2.141e-07,0.006266538588016054
2.142e-07,0.007797788588016054
2.143e-07,0.008704038588016053
2.144e-07,0.007797788588016054
2.145e-07,0.005219663588016054
2.146e-07,0.003797788588016054
2.147e-07,0.006454038588016054
2.148e-07,0.011797785588016054
2.149e-07,0.01589153558801605
2.15e-07,0.015797785588016054
2.151e-07,0.011782165588016053
2.152e-07,0.007797788588016054
2.153e-07,0.006625913588016054
2.154e-07,0.007797788588016054
2.155e-07,0.008641538588016053
2.156e-07,0.007797788588016054
2.157e-07,0.006610288588016054
2.158e-07,0.007797788588016054
2.159e-07,0.010969665588016054
2.16e-07,0.011797785588016054
2.161e-07,0.008266538588016055
2.162e-07,0.003797788588016054
2.163e-07,0.002704038588016054
2.164e-07,0.003797788588016054
2.165e-07,0.004282163588016054
2.166e-07,0.003797788588016054
2.167e-07,0.004704038588016054
2.168e-07,0.007797788588016054
2.169e-07,0.011219665588016054
2.17e-07,0.011797785588016054
2.171e-07,0.009391538588016054
2.172e-07,0.007797788588016054
2.173e-07,0.009422788588016054
2.174e-07,0.011797785588016054
2.175e-07,0.010954035588016053
2.176e-07,0.007797788588016054
2.177e-07,0.0060477885880160535
2.178e-07,0.007797788588016054
2.179e-07,0.011063415588016054
2.18e-07,0.011797785588016054
2.181e-07,0.008438413588016053
2.182e-07,0.003797788588016054
2.183e-07,0.001985288588016054
2.184e-07,0.003797788588016054
2.185e-07,0.006844663588016054
2.186e-07,0.007797788588016054
2.187e-07,0.0070009135880160535
2.188e-07,0.007797788588016054
2.189e-07,0.010829035588016053
2.19e-07,0.011797785588016054
2.191e-07,0.008047788588016054
2.192e-07,0.003797788588016054
2.193e-07,0.004360288588016054
2.194e-07,0.007797788588016054
2.195e-07,0.009266538588016054
2.196e-07,0.007797788588016054
2.197e-07,0.005563413588016054
2.198e-07,0.003797788588016054
2.199e-07,0.0040946635880160535
2.2e-07,0.007797788588016054
2.201e-07,0.013500915588016053
2.202e-07,0.015797785588016054
2.203e-07,0.012282165588016054
2.204e-07,0.007797788588016054
2.205e-07,0.007672788588016054
2.206e-07,0.011797785588016054
2.207e-07,0.015579035588016052
2.208e-07,0.015797785588016054
2.209e-07,0.013313415588016055
2.21e-07,0.011797785588016054
2.211e-07,0.012204035588016054
2.212e-07,0.011797785588016054
2.213e-07,0.008297788588016055
2.214e-07,0.003797788588016054
2.215e-07,0.0033134135880160537
2.216e-07,0.007797788588016054
2.217e-07,0.013782165588016053
2.218e-07,0.015797785588016054
2.219e-07,0.012438415588016054
2.22e-07,0.007797788588016054
2.221e-07,0.007469663588016054
2.222e-07,0.011797785588016054
2.223e-07,0.017329035588016052
2.224e-07,0.01979778558801605
2.225e-07,0.018297785588016056
2.226e-07,0.015797785588016054
2.227e-07,0.014844665588016054
2.228e-07,0.015797785588016054
2.229e-07,0.017516535588016052
2.23e-07,0.01979778558801605
2.231e-07,0.022235285588016053
2.232e-07,0.023797785588016054
2.233e-07,0.022735285588016053
2.234e-07,0.01979778558801605
2.235e-07,0.016922785588016055
2.236e-07,0.015797785588016054
2.237e-07,0.016157165588016054
2.238e-07,0.015797785588016054
2.239e-07,0.013813415588016053
2.24e-07,0.011797785588016054
2.241e-07,0.012438415588016054
2.242e-07,0.015797785588016054
2.243e-07,0.019329035588016054
2.244e-07,0.01979778558801605
2.245e-07,0.017391535588016052
2.246e-07,0.015797785588016054
2.247e-07,0.017454035588016052
2.248e-07,0.01979778558801605
2.249e-07,0.019032165588016056
2.25e-07,0.015797785588016054
2.251e-07,0.013000915588016054
2.252e-07,0.011797785588016054
2.253e-07,0.012657165588016054
2.254e-07,0.015797785588016054
2.255e-07,0.019657165588016057
2.256e-07,0.01979778558801605
2.257e-07,0.015391535588016054
2.258e-07,0.011797785588016054
2.259e-07,0.014047785588016054
2.26e-07,0.01979778558801605
2.261e-07,0.023735285588016054
2.262e-07,0.023797785588016054
2.263e-07,0.021563415588016055
2.264e-07,0.01979778558801605
2.265e-07,0.019532165588016057
2.266e-07,0.01979778558801605
2.267e-07,0.019829035588016054
2.268e-07,0.01979778558801605
2.269e-07,0.020000915588016054
2.27e-07,0.01979778558801605
2.271e-07,0.019157165588016056
2.272e-07,0.01979778558801605
2.273e-07,0.023313415588016057
2.274e-07,0.02779778558801605
2.275e-07,0.029735285588016053
2.276e-07,0.02779778558801605
2.277e-07,0.023188415588016056
2.278e-07,0.01979778558801605
2.279e-07,0.020219665588016057
2.28e-07,0.023797785588016054
2.281e-07,0.027329035588016054
2.282e-07,0.02779778558801605
2.283e-07,0.02443841558801605
2.284e-07,0.01979778558801605
2.285e-07,0.016672785588016055
2.286e-07,0.015797785588016054
2.287e-07,0.016969665588016054
2.288e-07,0.01979778558801605
2.289e-07,0.023000915588016056
2.29e-07,0.023797785588016054
2.291e-07,0.02159466558801605
2.292e-07,0.01979778558801605
2.293e-07,0.020219665588016057
2.294e-07,0.01979778558801605
2.295e-07,0.016125915588016057
2.296e-07,0.011797785588016054
2.297e-07,0.011563415588016053
2.298e-07,0.015797785588016054
2.299e-07,0.020266535588016055
2.3e-07,0.01979778558801605
2.301e-07,0.014844665588016054
2.302e-07,0.011797785588016054
2.303e-07,0.014922785588016053
2.304e-07,0.01979778558801605
2.305e-07,0.020875915588016054
2.306e-07,0.01979778558801605
2.307e-07,0.01973528558801605
2.308e-07,0.01979778558801605
2.309e-07,0.017766535588016052
2.31e-07,0.015797785588016054
2.311e-07,0.015969665588016053
2.312e-07,0.015797785588016054
2.313e-07,0.012454035588016053
2.314e-07,0.007797788588016054
2.315e-07,0.005829038588016054
2.316e-07,0.007797788588016054
2.317e-07,0.012204035588016054
2.318e-07,0.015797785588016054
2.319e-07,0.01676653558801605
2.32e-07,0.015797785588016054
2.321e-07,0.014094665588016054
2.322e-07,0.011797785588016054
2.323e-07,0.009172788588016054
2.324e-07,0.007797788588016054
2.325e-07,0.008360288588016053
2.326e-07,0.007797788588016054
2.327e-07,0.005157163588016054
2.328e-07,0.003797788588016054
2.329e-07,0.005907163588016053
2.33e-07,0.007797788588016054
2.331e-07,0.007375913588016054
2.332e-07,0.007797788588016054
2.333e-07,0.012985285588016053
2.334e-07,0.01979778558801605
2.335e-07,0.02134466558801605
2.336e-07,0.015797785588016054
2.337e-07,0.007563413588016054
2.338e-07,0.003797788588016054
2.339e-07,0.007829038588016054
2.34e-07,0.015797785588016054
2.341e-07,0.019844665588016057
2.342e-07,0.015797785588016054
2.343e-07,0.007313413588016054
2.344e-07,0.003797788588016054
2.345e-07,0.009141538588016054
2.346e-07,0.015797785588016054
2.347e-07,0.01614153558801605
2.348e-07,0.011797785588016054
2.349e-07,0.008532163588016053
2.35e-07,0.007797788588016054
2.351e-07,0.007766538588016054
2.352e-07,0.007797788588016054
2.353e-07,0.009422788588016054
2.354e-07,0.011797785588016054
2.355e-07,0.012938415588016054
2.356e-07,0.011797785588016054
2.357e-07,0.009235288588016054
2.358e-07,0.007797788588016054
2.359e-07,0.010204035588016054
2.36e-07,0.015797785588016054
2.361e-07,0.020391535588016055
2.362e-07,0.01979778558801605
2.363e-07,0.013860285588016054
2.364e-07,0.007797788588016054
2.365e-07,0.007094663588016054
2.366e-07,0.011797785588016054
2.367e-07,0.016782165588016054
2.368e-07,0.015797785588016054
2.369e-07,0.009829035588016054
2.37e-07,0.007797788588016054
2.371e-07,0.013657165588016053
2.372e-07,0.01979778558801605
2.373e-07,0.019157165588016056
2.374e-07,0.015797785588016054
2.375e-07,0.01645403558801605
2.376e-07,0.01979778558801605
2.377e-07,0.018829035588016053
2.378e-07,0.011797785588016054
2.379e-07,0.004391538588016054
2.38e-07,0.003797788588016054
2.381e-07,0.010657165588016054
2.382e-07,0.015797785588016054
2.383e-07,0.013094665588016054
2.384e-07,0.007797788588016054
2.385e-07,0.007813413588016054
2.386e-07,0.011797785588016054
2.387e-07,0.014735285588016053
2.388e-07,0.015797785588016054
2.389e-07,0.01762591558801605
2.39e-07,0.01979778558801605
2.391e-07,0.019454035588016054
2.392e-07,0.015797785588016054
2.393e-07,0.010641535588016053
2.394e-07,0.007797788588016054
2.395e-07,0.009938415588016053
2.396e-07,0.015797785588016054
2.397e-07,0.021547785588016052
2.398e-07,0.023797785588016054
2.399e-07,0.022313415588016056
2.4e-07,0.01979778558801605
2.401e-07,0.017954035588016053
2.402e-07,0.015797785588016054
2.403e-07,0.012907165588016054
2.404e-07,0.011797785588016054
2.405e-07,0.014844665588016054
2.406e-07,0.01979778558801605
2.407e-07,0.022907165588016053
2.408e-07,0.023797785588016054
2.409e-07,0.022907165588016053
2.41e-07,0.01979778558801605
2.411e-07,0.016032165588016054
2.412e-07,0.015797785588016054
2.413e-07,0.02023528558801605
2.414e-07,0.023797785588016054
2.415e-07,0.02128216558801605
2.416e-07,0.015797785588016054
2.417e-07,0.013391535588016054
2.418e-07,0.015797785588016054
2.419e-07,0.02029778558801605
2.42e-07,0.023797785588016054
2.421e-07,0.023813415588016057
2.422e-07,0.01979778558801605
2.423e-07,0.014094665588016054
2.424e-07,0.011797785588016054
2.425e-07,0.014266535588016055
2.426e-07,0.015797785588016054
2.427e-07,0.012610285588016053
2.428e-07,0.007797788588016054
2.429e-07,0.006313413588016054
2.43e-07,0.007797788588016054
2.431e-07,0.009813415588016053
2.432e-07,0.011797785588016054
2.433e-07,0.015454035588016052
2.434e-07,0.01979778558801605
2.435e-07,0.021985285588016053
2.436e-07,0.01979778558801605
2.437e-07,0.013797785588016054
2.438e-07,0.007797788588016054
2.439e-07,0.005688413588016054
2.44e-07,0.007797788588016054
2.441e-07,0.012000915588016053
2.442e-07,0.015797785588016054
2.443e-07,0.018266535588016053
2.444e-07,0.01979778558801605
2.445e-07,0.02040716558801605
2.446e-07,0.01979778558801605
2.447e-07,0.017891535588016053
2.448e-07,0.015797785588016054
2.449e-07,0.014954035588016053
2.45e-07,0.015797785588016054
2.451e-07,0.01662591558801605
2.452e-07,0.015797785588016054
2.453e-07,0.013391535588016054
2.454e-07,0.011797785588016054
2.455e-07,0.013204035588016054
2.456e-07,0.015797785588016054
2.457e-07,0.01700091558801605
2.458e-07,0.015797785588016054
2.459e-07,0.013500915588016053
2.46e-07,0.011797785588016054
2.461e-07,0.012375915588016054
2.462e-07,0.015797785588016054
2.463e-07,0.020625915588016054
2.464e-07,0.023797785588016054
2.465e-07,0.023063415588016056
2.466e-07,0.01979778558801605
2.467e-07,0.016610285588016055
2.468e-07,0.015797785588016054
2.469e-07,0.016610285588016055
2.47e-07,0.015797785588016054
2.471e-07,0.012875915588016054
2.472e-07,0.011797785588016054
2.473e-07,0.014360285588016055
2.474e-07,0.015797785588016054
2.475e-07,0.013532165588016053
2.476e-07,0.011797785588016054
2.477e-07,0.015313415588016055
2.478e-07,0.01979778558801605
2.479e-07,0.019563415588016053
2.48e-07,0.015797785588016054
2.481e-07,0.013829035588016054
2.482e-07,0.015797785588016054
2.483e-07,0.019969665588016057
2.484e-07,0.023797785588016054
2.485e-07,0.025235285588016056
2.486e-07,0.023797785588016054
2.487e-07,0.02090716558801605
2.488e-07,0.01979778558801605
2.489e-07,0.02046966558801605
2.49e-07,0.01979778558801605
2.491e-07,0.016797785588016055
2.492e-07,0.015797785588016054
2.493e-07,0.01948528558801605
2.494e-07,0.023797785588016054
2.495e-07,0.023750915588016057
2.496e-07,0.01979778558801605
2.497e-07,0.01643841558801605
2.498e-07,0.015797785588016054
2.499e-07,0.016547785588016055
2.5e-07,0.015797785588016054
2.501e-07,0.014235285588016055
2.502e-07,0.015797785588016054
2.503e-07,0.021829035588016056
2.504e-07,0.02779778558801605
2.505e-07,0.028032165588016057
2.506e-07,0.023797785588016054
2.507e-07,0.020016535588016054
2.508e-07,0.01979778558801605
2.509e-07,0.02115716558801605
2.51e-07,0.01979778558801605
2.511e-07,0.014282165588016054
2.512e-07,0.007797788588016054
2.513e-07,0.005344663588016054
2.514e-07,0.007797788588016054
2.515e-07,0.012625915588016054
2.516e-07,0.015797785588016054
2.517e-07,0.01743841558801605
2.518e-07,0.01979778558801605
2.519e-07,0.024219665588016054
2.52e-07,0.02779778558801605
2.521e-07,0.026157165588016056
2.522e-07,0.01979778558801605
2.523e-07,0.013141535588016054
2.524e-07,0.011797785588016054
2.525e-07,0.016719665588016054
2.526e-07,0.023797785588016054
2.527e-07,0.026782165588016056
2.528e-07,0.023797785588016054
2.529e-07,0.017204035588016052
2.53e-07,0.011797785588016054
2.531e-07,0.010375915588016054
2.532e-07,0.011797785588016054
2.533e-07,0.013188415588016054
2.534e-07,0.011797785588016054
2.535e-07,0.008813413588016053
2.536e-07,0.007797788588016054
2.537e-07,0.010235285588016054
2.538e-07,0.011797785588016054
2.539e-07,0.010063415588016053
2.54e-07,0.007797788588016054
2.541e-07,0.008875913588016053
2.542e-07,0.011797785588016054
2.543e-07,0.013875915588016053
2.544e-07,0.015797785588016054
2.545e-07,0.018516535588016053
2.546e-07,0.01979778558801605
2.547e-07,0.016844665588016054
2.548e-07,0.011797785588016054
2.549e-07,0.008235288588016055
2.55e-07,0.007797788588016054
2.551e-07,0.009657163588016054
2.552e-07,0.011797785588016054
2.553e-07,0.012547785588016053
2.554e-07,0.011797785588016054
2.555e-07,0.010157165588016054
2.556e-07,0.007797788588016054
2.557e-07,0.006282163588016054
2.558e-07,0.007797788588016054
2.559e-07,0.011360285588016054
2.56e-07,0.011797785588016054
2.561e-07,0.007110288588016054
2.562e-07,0.003797788588016054
2.563e-07,0.006766538588016054
2.564e-07,0.011797785588016054
2.565e-07,0.012110285588016054
2.566e-07,0.007797788588016054
2.567e-07,0.003063413588016054
2.568e-07,-0.0002022112665179462
2.569e-07,-0.0025147114119839463
2.57e-07,-0.004202211411983946
2.571e-07,-0.004499086411983946
2.572e-07,-0.004202211411983946
2.573e-07,-0.0029209614119839462
2.574e-07,-0.0002022112665179462
2.575e-07,0.003063413588016054
2.576e-07,0.003797788588016054
2.577e-07,0.001610288588016054
2.578e-07,-0.0002022112665179462
2.579e-07,0.0011727885880160537
2.58e-07,0.003797788588016054
2.581e-07,0.003516538588016054
2.582e-07,-0.0002022112665179462
2.583e-07,-0.004045961411983946
2.584e-07,-0.004202211411983946
2.585e-07,-0.0003428363119839462
2.586e-07,0.003797788588016054
2.587e-07,0.003969663588016053
2.588e-07,-0.0002022112665179462
2.589e-07,-0.004530336411983946
2.59e-07,-0.004202211411983946
2.591e-07,0.0005477887880160538
2.592e-07,0.003797788588016054
2.593e-07,0.0012509135880160538
2.594e-07,-0.004202211411983946
2.595e-07,-0.0066240864119839465
2.596e-07,-0.004202211411983946
2.597e-07,-0.0006397113119839461
2.598e-07,-0.0002022112665179462
2.599e-07,-0.003780336411983946
2.6e-07,-0.008202211411983946
2.601e-07,-0.008795961411983947
2.602e-07,-0.004202211411983946
2.603e-07,0.0011571635880160537
2.604e-07,-0.0002022112665179462
2.605e-07,-0.008905336411983947
2.606e-07,-0.016202214411983946
2.607e-07,-0.014592834411983946
2.608e-07,-0.008202211411983946
2.609e-07,-0.004327211411983946
2.61e-07,-0.004202211411983946
2.611e-07,-0.004514711411983946
2.612e-07,-0.004202211411983946
2.613e-07,-0.004170961411983946
2.614e-07,-0.004202211411983946
2.615e-07,-0.003920961411983946
2.616e-07,-0.004202211411983946
2.617e-07,-0.005936586411983946
2.618e-07,-0.008202211411983946
2.619e-07,-0.009327211411983945
2.62e-07,-0.008202211411983946
2.621e-07,-0.005499086411983946
2.622e-07,-0.004202211411983946
2.623e-07,-0.0056397114119839465
2.624e-07,-0.008202211411983946
2.625e-07,-0.009155336411983947
2.626e-07,-0.008202211411983946
2.627e-07,-0.006327211411983946
2.628e-07,-0.004202211411983946
2.629e-07,-0.0019522114119839462
2.63e-07,-0.0002022112665179462
2.631e-07,0.0002665387880160538
2.632e-07,-0.0002022112665179462
2.633e-07,-0.0017647114119839463
2.634e-07,-0.004202211411983946
2.635e-07,-0.006827211411983946
2.636e-07,-0.008202211411983946
2.637e-07,-0.007077211411983946
2.638e-07,-0.004202211411983946
2.639e-07,-0.002280336411983946
2.64e-07,-0.004202211411983946
2.641e-07,-0.009077211411983947
2.642e-07,-0.012202214411983946
2.643e-07,-0.009842836411983946
2.644e-07,-0.004202211411983946
2.645e-07,-4.596131198394618e-05
2.646e-07,-0.0002022112665179462
2.647e-07,-0.0030147114119839463
2.648e-07,-0.004202211411983946
2.649e-07,-0.0031084614119839464
2.65e-07,-0.004202211411983946
2.651e-07,-0.009045961411983947
2.652e-07,-0.012202214411983946
2.653e-07,-0.009202211411983947
2.654e-07,-0.004202211411983946
2.655e-07,-0.0029990864119839463
2.656e-07,-0.004202211411983946
2.657e-07,-0.003264711411983946
2.658e-07,-0.0002022112665179462
2.659e-07,0.0013915385880160537
2.66e-07,-0.0002022112665179462
2.661e-07,-0.004108461411983946
2.662e-07,-0.008202211411983946
2.663e-07,-0.010014711411983946
2.664e-07,-0.008202211411983946
2.665e-07,-0.004811586411983947
2.666e-07,-0.004202211411983946
2.667e-07,-0.006999086411983946
2.668e-07,-0.008202211411983946
2.669e-07,-0.004467836411983946
2.67e-07,-0.0002022112665179462
2.671e-07,-0.0005928363119839462
2.672e-07,-0.004202211411983946
2.673e-07,-0.007045961411983946
2.674e-07,-0.008202211411983946
2.675e-07,-0.008827211411983947
2.676e-07,-0.008202211411983946
2.677e-07,-0.005795961411983947
2.678e-07,-0.004202211411983946
2.679e-07,-0.005499086411983946
2.68e-07,-0.008202211411983946
2.681e-07,-0.010342834411983946
2.682e-07,-0.012202214411983946
2.683e-07,-0.013452214411983946
2.684e-07,-0.012202214411983946
2.685e-07,-0.007874086411983946
2.686e-07,-0.004202211411983946
2.687e-07,-0.0047178364119839465
2.688e-07,-0.008202211411983946
2.689e-07,-0.011233464411983946
2.69e-07,-0.012202214411983946
2.691e-07,-0.011936584411983947
2.692e-07,-0.012202214411983946
2.693e-07,-0.012889714411983947
2.694e-07,-0.012202214411983946
2.695e-07,-0.009795961411983946
2.696e-07,-0.008202211411983946
2.697e-07,-0.009561586411983946
2.698e-07,-0.012202214411983946
2.699e-07,-0.013077214411983945
2.7e-07,-0.012202214411983946
2.701e-07,-0.011545964411983946
2.702e-07,-0.012202214411983946
2.703e-07,-0.013952214411983946
2.704e-07,-0.016202214411983946
2.705e-07,-0.01746783441198395
2.706e-07,-0.016202214411983946
2.707e-07,-0.013155334411983946
2.708e-07,-0.012202214411983946
2.709e-07,-0.014514714411983947
2.71e-07,-0.016202214411983946
2.711e-07,-0.014374084411983946
2.712e-07,-0.012202214411983946
2.713e-07,-0.013389714411983946
2.714e-07,-0.016202214411983946
2.715e-07,-0.017061584411983945
2.716e-07,-0.016202214411983946
2.717e-07,-0.015733464411983946
2.718e-07,-0.016202214411983946
2.719e-07,-0.016499084411983944
2.72e-07,-0.016202214411983946
2.721e-07,-0.015795964411983946
2.722e-07,-0.016202214411983946
2.723e-07,-0.017045964411983944
2.724e-07,-0.016202214411983946
2.725e-07,-0.013483464411983946
2.726e-07,-0.012202214411983946
2.727e-07,-0.014155334411983946
2.728e-07,-0.016202214411983946
2.729e-07,-0.016030334411983947
2.73e-07,-0.016202214411983946
2.731e-07,-0.019624084411983947
2.732e-07,-0.024202214411983947
2.733e-07,-0.024952214411983947
2.734e-07,-0.020202214411983943
2.735e-07,-0.013733464411983946
2.736e-07,-0.012202214411983946
2.737e-07,-0.016561584411983944
2.738e-07,-0.020202214411983943
2.739e-07,-0.01851471441198395
2.74e-07,-0.016202214411983946
2.741e-07,-0.01882721441198395
2.742e-07,-0.024202214411983947
2.743e-07,-0.025436584411983945
2.744e-07,-0.020202214411983943
2.745e-07,-0.013405334411983947
2.746e-07,-0.012202214411983946
2.747e-07,-0.017014714411983947
2.748e-07,-0.020202214411983943
2.749e-07,-0.016686584411983944
2.75e-07,-0.012202214411983946
2.751e-07,-0.014092834411983945
2.752e-07,-0.020202214411983943
2.753e-07,-0.023202214411983946
2.754e-07,-0.020202214411983943
2.755e-07,-0.014842834411983946
2.756e-07,-0.012202214411983946
2.757e-07,-0.013858464411983946
2.758e-07,-0.016202214411983946
2.759e-07,-0.016389714411983947
2.76e-07,-0.016202214411983946
2.761e-07,-0.018045964411983945
2.762e-07,-0.020202214411983943
2.763e-07,-0.020186584411983947
2.764e-07,-0.020202214411983943
2.765e-07,-0.022280334411983946
2.766e-07,-0.024202214411983947
2.767e-07,-0.022842834411983946
2.768e-07,-0.020202214411983943
2.769e-07,-0.01828033441198395
2.77e-07,-0.016202214411983946
2.771e-07,-0.013170964411983946
2.772e-07,-0.012202214411983946
2.773e-07,-0.014608464411983947
2.774e-07,-0.016202214411983946
2.775e-07,-0.014311584411983946
2.776e-07,-0.012202214411983946
2.777e-07,-0.013702214411983946
2.778e-07,-0.016202214411983946
2.779e-07,-0.015624084411983947
2.78e-07,-0.012202214411983946
2.781e-07,-0.010061586411983946
2.782e-07,-0.012202214411983946
2.783e-07,-0.017077214411983947
2.784e-07,-0.020202214411983943
2.785e-07,-0.018905334411983943
2.786e-07,-0.016202214411983946
2.787e-07,-0.015452214411983946
2.788e-07,-0.016202214411983946
2.789e-07,-0.015327214411983946
2.79e-07,-0.012202214411983946
2.791e-07,-0.009155336411983947
2.792e-07,-0.008202211411983946
2.793e-07,-0.009858461411983946
2.794e-07,-0.012202214411983946
2.795e-07,-0.013170964411983946
2.796e-07,-0.012202214411983946
2.797e-07,-0.011217834411983946
2.798e-07,-0.012202214411983946
2.799e-07,-0.015717834411983947
2.8e-07,-0.020202214411983943
2.801e-07,-0.02243658441198395
2.802e-07,-0.020202214411983943
2.803e-07,-0.014905334411983946
2.804e-07,-0.012202214411983946
2.805e-07,-0.014124084411983946
2.806e-07,-0.016202214411983946
2.807e-07,-0.014545964411983947
2.808e-07,-0.012202214411983946
2.809e-07,-0.013311584411983947
2.81e-07,-0.016202214411983946
2.811e-07,-0.017061584411983945
2.812e-07,-0.016202214411983946
2.813e-07,-0.015952214411983946
2.814e-07,-0.016202214411983946
2.815e-07,-0.016014714411983946
2.816e-07,-0.016202214411983946
2.817e-07,-0.016702214411983947
2.818e-07,-0.016202214411983946
2.819e-07,-0.013952214411983946
2.82e-07,-0.012202214411983946
2.821e-07,-0.013077214411983945
2.822e-07,-0.016202214411983946
2.823e-07,-0.018186584411983946
2.824e-07,-0.016202214411983946
2.825e-07,-0.011217834411983946
2.826e-07,-0.008202211411983946
2.827e-07,-0.009858461411983946
2.828e-07,-0.012202214411983946
2.829e-07,-0.011233464411983946
2.83e-07,-0.008202211411983946
2.831e-07,-0.006999086411983946
2.832e-07,-0.008202211411983946
2.833e-07,-0.010327214411983946
2.834e-07,-0.012202214411983946
2.835e-07,-0.013983464411983946
2.836e-07,-0.016202214411983946
2.837e-07,-0.017608464411983944
2.838e-07,-0.016202214411983946
2.839e-07,-0.012733464411983947
2.84e-07,-0.012202214411983946
2.841e-07,-0.015561584411983947
2.842e-07,-0.016202214411983946
2.843e-07,-0.009999086411983946
2.844e-07,-0.004202211411983946
2.845e-07,-0.006124086411983946
2.846e-07,-0.012202214411983946
2.847e-07,-0.015608464411983946
2.848e-07,-0.016202214411983946
2.849e-07,-0.016670964411983943
2.85e-07,-0.016202214411983946
2.851e-07,-0.012717834411983946
2.852e-07,-0.008202211411983946
2.853e-07,-0.006452211411983946
2.854e-07,-0.008202211411983946
2.855e-07,-0.011170964411983945
2.856e-07,-0.012202214411983946
2.857e-07,-0.010483464411983947
2.858e-07,-0.008202211411983946
2.859e-07,-0.008655336411983947
2.86e-07,-0.012202214411983946
2.861e-07,-0.015967834411983947
2.862e-07,-0.016202214411983946
2.863e-07,-0.013170964411983946
2.864e-07,-0.012202214411983946
2.865e-07,-0.015795964411983946
2.866e-07,-0.020202214411983943
2.867e-07,-0.020030334411983944
2.868e-07,-0.016202214411983946
2.869e-07,-0.012764714411983947
2.87e-07,-0.012202214411983946
2.871e-07,-0.012983464411983945
2.872e-07,-0.012202214411983946
2.873e-07,-0.009717836411983946
2.874e-07,-0.008202211411983946
2.875e-07,-0.009780336411983946
2.876e-07,-0.012202214411983946
2.877e-07,-0.012686584411983946
2.878e-07,-0.012202214411983946
2.879e-07,-0.013389714411983946
2.88e-07,-0.016202214411983946
2.881e-07,-0.018733464411983945
2.882e-07,-0.020202214411983943
2.883e-07,-0.019561584411983947
2.884e-07,-0.016202214411983946
2.885e-07,-0.011014714411983945
2.886e-07,-0.008202211411983946
2.887e-07,-0.009655336411983946
2.888e-07,-0.012202214411983946
2.889e-07,-0.012670964411983947
2.89e-07,-0.012202214411983946
2.891e-07,-0.012436584411983946
2.892e-07,-0.012202214411983946
2.893e-07,-0.010170961411983946
2.894e-07,-0.008202211411983946
2.895e-07,-0.009217836411983947
2.896e-07,-0.012202214411983946
2.897e-07,-0.013936584411983945
2.898e-07,-0.012202214411983946
2.899e-07,-0.007733461411983947
2.9e-07,-0.004202211411983946
2.901e-07,-0.004545961411983946
2.902e-07,-0.008202211411983946
2.903e-07,-0.012749084411983946
2.904e-07,-0.016202214411983946
2.905e-07,-0.017499084411983945
2.906e-07,-0.016202214411983946
2.907e-07,-0.012483464411983947
2.908e-07,-0.008202211411983946
2.909e-07,-0.005217836411983946
2.91e-07,-0.004202211411983946
2.911e-07,-0.005420961411983946
2.912e-07,-0.008202211411983946
2.913e-07,-0.012155334411983946
2.914e-07,-0.016202214411983946
2.915e-07,-0.018170964411983945
2.916e-07,-0.016202214411983946
2.917e-07,-0.011249084411983946
2.918e-07,-0.008202211411983946
2.919e-07,-0.010530334411983946
2.92e-07,-0.016202214411983946
2.921e-07,-0.020061584411983947
2.922e-07,-0.020202214411983943
2.923e-07,-0.016889714411983947
2.924e-07,-0.012202214411983946
2.925e-07,-0.008499086411983946
2.926e-07,-0.008202211411983946
2.927e-07,-0.010795964411983947
2.928e-07,-0.012202214411983946
2.929e-07,-0.010217834411983946
2.93e-07,-0.008202211411983946
2.931e-07,-0.009577211411983946
2.932e-07,-0.012202214411983946
2.933e-07,-0.013045964411983945
2.934e-07,-0.012202214411983946
2.935e-07,-0.010795964411983947
2.936e-07,-0.008202211411983946
2.937e-07,-0.004624086411983946
2.938e-07,-0.004202211411983946
2.939e-07,-0.009327211411983945
2.94e-07,-0.016202214411983946
2.941e-07,-0.01888971441198395
2.942e-07,-0.016202214411983946
2.943e-07,-0.010108461411983946
2.944e-07,-0.004202211411983946
2.945e-07,-0.0007647113119839462
2.946e-07,-0.0002022112665179462
2.947e-07,-0.0017803364119839463
2.948e-07,-0.004202211411983946
2.949e-07,-0.005545961411983946
2.95e-07,-0.004202211411983946
2.951e-07,-0.0011084613119839463
2.952e-07,-0.0002022112665179462
2.953e-07,-0.002889711411983946
2.954e-07,-0.004202211411983946
2.955e-07,-0.0008272113119839462
2.956e-07,0.003797788588016054
2.957e-07,0.0050634135880160535
2.958e-07,0.003797788588016054
2.959e-07,0.003172788588016054
2.96e-07,0.003797788588016054
2.961e-07,0.003079038588016054
2.962e-07,-0.0002022112665179462
2.963e-07,-0.003999086411983946
2.964e-07,-0.004202211411983946
2.965e-07,-1.471131198394618e-05
2.966e-07,0.003797788588016054
2.967e-07,0.003204038588016054
2.968e-07,-0.0002022112665179462
2.969e-07,-0.0017334614119839462
2.97e-07,-0.0002022112665179462
2.971e-07,0.0015009135880160538
2.972e-07,-0.0002022112665179462
2.973e-07,-0.003999086411983946
2.974e-07,-0.004202211411983946
2.975e-07,0.0017040385880160538
2.976e-07,0.007797788588016054
2.977e-07,0.007938413588016054
2.978e-07,0.003797788588016054
2.979e-07,0.0006727887880160538
2.98e-07,-0.0002022112665179462
2.981e-07,-0.00040533631198394623
2.982e-07,-0.0002022112665179462
2.983e-07,0.001360288588016054
2.984e-07,0.003797788588016054
2.985e-07,0.0060321635880160535
2.986e-07,0.007797788588016054
2.987e-07,0.008719663588016053
2.988e-07,0.007797788588016054
2.989e-07,0.005344663588016054
2.99e-07,0.003797788588016054
2.991e-07,0.004000913588016053
2.992e-07,0.003797788588016054
2.993e-07,0.002610288588016054
2.994e-07,0.003797788588016054
2.995e-07,0.008657163588016053
2.996e-07,0.011797785588016054
2.997e-07,0.008844663588016053
2.998e-07,0.003797788588016054
2.999e-07,0.0023759135880160537
3e-07,0.003797788588016054
3.001e-07,0.005407163588016054
3.002e-07,0.007797788588016054
3.003e-07,0.011110285588016054
3.004e-07,0.011797785588016054
3.005e-07,0.007719663588016054
3.006e-07,0.003797788588016054
3.007e-07,0.004672788588016054
3.008e-07,0.007797788588016054
3.009e-07,0.008844663588016053
3.01e-07,0.007797788588016054
3.011e-07,0.006360288588016054
3.012e-07,0.003797788588016054
3.013e-07,0.00037591378801605385
3.014e-07,-0.0002022112665179462
3.015e-07,0.003985288588016053
3.016e-07,0.007797788588016054
3.017e-07,0.007938413588016054
3.018e-07,0.007797788588016054
3.019e-07,0.010344665588016054
3.02e-07,0.011797785588016054
3.021e-07,0.008297788588016055
3.022e-07,0.003797788588016054
3.023e-07,0.003844663588016054
3.024e-07,0.007797788588016054
3.025e-07,0.011079035588016053
3.026e-07,0.011797785588016054
3.027e-07,0.010344665588016054
3.028e-07,0.007797788588016054
3.029e-07,0.0050946635880160535
3.03e-07,0.003797788588016054
3.031e-07,0.004000913588016053
3.032e-07,0.003797788588016054
3.033e-07,0.003000913588016054
3.034e-07,0.003797788588016054
3.035e-07,0.006719663588016054
3.036e-07,0.007797788588016054
3.037e-07,0.004641538588016054
3.038e-07,-0.0002022112665179462
3.039e-07,-0.0018584614119839461
3.04e-07,-0.0002022112665179462
3.041e-07,0.0023915385880160537
3.042e-07,0.003797788588016054
3.043e-07,0.0050009135880160534
3.044e-07,0.007797788588016054
3.045e-07,0.012329035588016055
3.046e-07,0.015797785588016054
3.047e-07,0.015250915588016055
3.048e-07,0.011797785588016054
3.049e-07,0.008469663588016053
3.05e-07,0.007797788588016054
3.051e-07,0.009422788588016054
3.052e-07,0.011797785588016054
3.053e-07,0.012844665588016054
3.054e-07,0.011797785588016054
3.055e-07,0.009391538588016054
3.056e-07,0.007797788588016054
3.057e-07,0.007813413588016054
3.058e-07,0.007797788588016054
3.059e-07,0.007188413588016054
3.06e-07,0.007797788588016054
3.061e-07,0.010282165588016054
3.062e-07,0.011797785588016054
3.063e-07,0.010172785588016054
3.064e-07,0.007797788588016054
3.065e-07,0.007547788588016054
3.066e-07,0.007797788588016054
3.067e-07,0.006219663588016054
3.068e-07,0.003797788588016054
3.069e-07,0.002954038588016054
3.07e-07,0.003797788588016054
3.071e-07,0.005610288588016054
3.072e-07,0.007797788588016054
3.073e-07,0.010266535588016054
3.074e-07,0.011797785588016054
3.075e-07,0.011063415588016054
3.076e-07,0.007797788588016054
3.077e-07,0.0040790385880160535
3.078e-07,0.003797788588016054
3.079e-07,0.007750913588016054
3.08e-07,0.011797785588016054
3.081e-07,0.012360285588016055
3.082e-07,0.011797785588016054
3.083e-07,0.012391535588016055
3.084e-07,0.011797785588016054
3.085e-07,0.007735288588016054
3.086e-07,0.003797788588016054
3.087e-07,0.0033602885880160537
3.088e-07,0.003797788588016054
3.089e-07,0.0029227885880160538
3.09e-07,0.003797788588016054
3.091e-07,0.008500913588016053
3.092e-07,0.011797785588016054
3.093e-07,0.009141538588016054
3.094e-07,0.003797788588016054
3.095e-07,0.0019540385880160538
3.096e-07,0.003797788588016054
3.097e-07,0.006375913588016054
3.098e-07,0.007797788588016054
3.099e-07,0.008157163588016055
3.1e-07,0.007797788588016054
3.101e-07,0.007313413588016054
3.102e-07,0.007797788588016054
3.103e-07,0.009579038588016054
3.104e-07,0.011797785588016054
3.105e-07,0.012782165588016054
3.106e-07,0.011797785588016054
3.107e-07,0.009329038588016054
3.108e-07,0.007797788588016054
3.109e-07,0.007954038588016054
3.11e-07,0.007797788588016054
3.111e-07,0.005954038588016053
3.112e-07,0.003797788588016054
3.113e-07,0.0032665385880160536
3.114e-07,0.003797788588016054
3.115e-07,0.0040477885880160535
3.116e-07,0.003797788588016054
3.117e-07,0.004766538588016054
3.118e-07,0.007797788588016054
3.119e-07,0.011375915588016055
3.12e-07,0.011797785588016054
3.121e-07,0.008032163588016054
3.122e-07,0.003797788588016054
3.123e-07,0.002719663588016054
3.124e-07,0.003797788588016054
3.125e-07,0.004235288588016054
3.126e-07,0.003797788588016054
3.127e-07,0.004610288588016054
3.128e-07,0.007797788588016054
3.129e-07,0.011438415588016055
3.13e-07,0.011797785588016054
3.131e-07,0.008094663588016054
3.132e-07,0.003797788588016054
3.133e-07,0.002704038588016054
3.134e-07,0.003797788588016054
3.135e-07,0.004329038588016054
3.136e-07,0.003797788588016054
3.137e-07,0.004454038588016054
3.138e-07,0.007797788588016054
3.139e-07,0.012657165588016054
3.14e-07,0.015797785588016054
3.141e-07,0.014922785588016053
3.142e-07,0.011797785588016054
3.143e-07,0.009079038588016054
3.144e-07,0.007797788588016054
3.145e-07,0.007407163588016054
3.146e-07,0.007797788588016054
3.147e-07,0.008250913588016055
3.148e-07,0.007797788588016054
3.149e-07,0.005875913588016054
3.15e-07,0.003797788588016054
3.151e-07,0.004250913588016054
3.152e-07,0.007797788588016054
3.153e-07,0.011954035588016054
3.154e-07,0.011797785588016054
3.155e-07,0.0061102885880160536
3.156e-07,-0.0002022112665179462
3.157e-07,-0.0009990863119839462
3.158e-07,0.003797788588016054
3.159e-07,0.009813415588016053
3.16e-07,0.011797785588016054
3.161e-07,0.009563413588016054
3.162e-07,0.007797788588016054
3.163e-07,0.009454038588016054
3.164e-07,0.011797785588016054
3.165e-07,0.011907165588016053
3.166e-07,0.011797785588016054
3.167e-07,0.013750915588016053
3.168e-07,0.015797785588016054
3.169e-07,0.014516535588016053
3.17e-07,0.011797785588016054
3.171e-07,0.010782165588016054
3.172e-07,0.011797785588016054
3.173e-07,0.012610285588016053
3.174e-07,0.011797785588016054
3.175e-07,0.009782163588016054
3.176e-07,0.007797788588016054
3.177e-07,0.007094663588016054
3.178e-07,0.007797788588016054
3.179e-07,0.008704038588016053
3.18e-07,0.007797788588016054
3.181e-07,0.006360288588016054
3.182e-07,0.007797788588016054
3.183e-07,0.012875915588016054
3.184e-07,0.015797785588016054
3.185e-07,0.012766535588016053
3.186e-07,0.007797788588016054
3.187e-07,0.006454038588016054
3.188e-07,0.007797788588016054
3.189e-07,0.009125913588016054
3.19e-07,0.011797785588016054
3.191e-07,0.01662591558801605
3.192e-07,0.01979778558801605
3.193e-07,0.018172785588016056
3.194e-07,0.015797785588016054
3.195e-07,0.01589153558801605
3.196e-07,0.015797785588016054
3.197e-07,0.012282165588016054
3.198e-07,0.007797788588016054
3.199e-07,0.006391538588016054
3.2e-07,0.007797788588016054
3.201e-07,0.008922788588016053
3.202e-07,0.007797788588016054
3.203e-07,0.006438413588016054
3.204e-07,0.007797788588016054
3.205e-07,0.012422785588016055
3.206e-07,0.015797785588016054
3.207e-07,0.014688415588016054
3.208e-07,0.011797785588016054
3.209e-07,0.010938415588016054
3.21e-07,0.011797785588016054
3.211e-07,0.012047785588016054
3.212e-07,0.011797785588016054
3.213e-07,0.011969665588016053
3.214e-07,0.011797785588016054
3.215e-07,0.010110285588016054
3.216e-07,0.007797788588016054
3.217e-07,0.006922788588016053
3.218e-07,0.007797788588016054
3.219e-07,0.009954035588016054
3.22e-07,0.011797785588016054
3.221e-07,0.012579035588016053
3.222e-07,0.011797785588016054
3.223e-07,0.010985285588016053
3.224e-07,0.011797785588016054
3.225e-07,0.014172785588016054
3.226e-07,0.015797785588016054
3.227e-07,0.015516535588016052
3.228e-07,0.015797785588016054
3.229e-07,0.018782165588016056
3.23e-07,0.023797785588016054
3.231e-07,0.026422785588016057
3.232e-07,0.023797785588016054
3.233e-07,0.01700091558801605
3.234e-07,0.011797785588016054
3.235e-07,0.011313415588016055
3.236e-07,0.011797785588016054
3.237e-07,0.009985285588016054
3.238e-07,0.007797788588016054
3.239e-07,0.009079038588016054
3.24e-07,0.011797785588016054
3.241e-07,0.013641535588016054
3.242e-07,0.015797785588016054
3.243e-07,0.020125915588016054
3.244e-07,0.023797785588016054
3.245e-07,0.02418841558801605
3.246e-07,0.023797785588016054
3.247e-07,0.024157165588016054
3.248e-07,0.023797785588016054
3.249e-07,0.020219665588016057
3.25e-07,0.015797785588016054
3.251e-07,0.014063415588016054
3.252e-07,0.015797785588016054
3.253e-07,0.017657165588016055
3.254e-07,0.015797785588016054
3.255e-07,0.010907165588016054
3.256e-07,0.007797788588016054
3.257e-07,0.010500915588016054
3.258e-07,0.015797785588016054
3.259e-07,0.018219665588016055
3.26e-07,0.015797785588016054
3.261e-07,0.012172785588016054
3.262e-07,0.011797785588016054
3.263e-07,0.015625915588016057
3.264e-07,0.01979778558801605
3.265e-07,0.019766535588016054
3.266e-07,0.015797785588016054
3.267e-07,0.011797785588016054
3.268e-07,0.011797785588016054
3.269e-07,0.015782165588016053
3.27e-07,0.01979778558801605
3.271e-07,0.019750915588016053
3.272e-07,0.015797785588016054
3.273e-07,0.010829035588016053
3.274e-07,0.007797788588016054
3.275e-07,0.008282163588016055
3.276e-07,0.011797785588016054
3.277e-07,0.015813415588016057
3.278e-07,0.015797785588016054
3.279e-07,0.011375915588016055
3.28e-07,0.007797788588016054
3.281e-07,0.008875913588016053
3.282e-07,0.011797785588016054
3.283e-07,0.012625915588016054
3.284e-07,0.011797785588016054
3.285e-07,0.012454035588016053
3.286e-07,0.015797785588016054
3.287e-07,0.018266535588016053
3.288e-07,0.015797785588016054
3.289e-07,0.008844663588016053
3.29e-07,0.003797788588016054
3.291e-07,0.004985288588016053
3.292e-07,0.007797788588016054
3.293e-07,0.006938413588016053
3.294e-07,0.003797788588016054
3.295e-07,0.0028602885880160537
3.296e-07,0.003797788588016054
3.297e-07,0.005157163588016054
3.298e-07,0.007797788588016054
3.299e-07,0.012594665588016054
3.3e-07,0.015797785588016054
3.301e-07,0.014657165588016054
3.302e-07,0.011797785588016054
3.303e-07,0.009891535588016054
3.304e-07,0.007797788588016054
3.305e-07,0.004844663588016054
3.306e-07,0.003797788588016054
3.307e-07,0.0070477885880160535
3.308e-07,0.011797785588016054
3.309e-07,0.013563415588016053
3.31e-07,0.011797785588016054
3.311e-07,0.009954035588016054
3.312e-07,0.011797785588016054
3.313e-07,0.01675091558801605
3.314e-07,0.01979778558801605
3.315e-07,0.017032165588016054
3.316e-07,0.011797785588016054
3.317e-07,0.008454038588016053
3.318e-07,0.007797788588016054
3.319e-07,0.007672788588016054
3.32e-07,0.007797788588016054
3.321e-07,0.008375913588016053
3.322e-07,0.007797788588016054
3.323e-07,0.005672788588016054
3.324e-07,0.003797788588016054
3.325e-07,0.003938413588016054
3.326e-07,0.003797788588016054
3.327e-07,0.002125913588016054
3.328e-07,-0.0002022112665179462
3.329e-07,0.0001415387880160538
3.33e-07,0.003797788588016054
3.331e-07,0.008782163588016053
3.332e-07,0.011797785588016054
3.333e-07,0.011891535588016054
3.334e-07,0.011797785588016054
3.335e-07,0.013469665588016053
3.336e-07,0.015797785588016054
3.337e-07,0.015469665588016055
3.338e-07,0.011797785588016054
3.339e-07,0.006844663588016054
3.34e-07,0.003797788588016054
3.341e-07,0.003438413588016054
3.342e-07,0.003797788588016054
3.343e-07,0.003657163588016054
3.344e-07,0.003797788588016054
3.345e-07,0.006594663588016054
3.346e-07,0.011797785588016054
3.347e-07,0.016110285588016054
3.348e-07,0.015797785588016054
3.349e-07,0.011235285588016054
3.35e-07,0.007797788588016054
3.351e-07,0.009000913588016054
3.352e-07,0.011797785588016054
3.353e-07,0.011344665588016055
3.354e-07,0.007797788588016054
3.355e-07,0.004547788588016054
3.356e-07,0.003797788588016054
3.357e-07,0.005391538588016054
3.358e-07,0.007797788588016054
3.359e-07,0.010204035588016054
3.36e-07,0.011797785588016054
3.361e-07,0.012282165588016054
3.362e-07,0.011797785588016054
3.363e-07,0.010266535588016054
3.364e-07,0.007797788588016054
3.365e-07,0.006282163588016054
3.366e-07,0.007797788588016054
3.367e-07,0.011188415588016054
3.368e-07,0.011797785588016054
3.369e-07,0.007657163588016054
3.37e-07,0.003797788588016054
3.371e-07,0.005719663588016054
3.372e-07,0.011797785588016054
3.373e-07,0.016282165588016054
3.374e-07,0.015797785588016054
3.375e-07,0.011563415588016053
3.376e-07,0.007797788588016054
3.377e-07,0.006719663588016054
3.378e-07,0.007797788588016054
3.379e-07,0.008688413588016053
3.38e-07,0.007797788588016054
3.381e-07,0.006657163588016054
3.382e-07,0.007797788588016054
3.383e-07,0.010079035588016054
3.384e-07,0.007797788588016054
3.385e-07,0.00039153878801605386
3.386e-07,-0.004202211411983946
3.387e-07,0.0003134137880160538
3.388e-07,0.007797788588016054
3.389e-07,0.011063415588016054
3.39e-07,0.011797785588016054
3.391e-07,0.014047785588016054
3.392e-07,0.015797785588016054
3.393e-07,0.012844665588016054
3.394e-07,0.007797788588016054
3.395e-07,0.005688413588016054
3.396e-07,0.007797788588016054
3.397e-07,0.010938415588016054
3.398e-07,0.011797785588016054
3.399e-07,0.008688413588016053
3.4e-07,0.003797788588016054
3.401e-07,0.00036028878801605383
3.402e-07,-0.0002022112665179462
3.403e-07,0.0017821635880160536
3.404e-07,0.003797788588016054
3.405e-07,0.004594663588016054
3.406e-07,0.003797788588016054
3.407e-07,0.0019540385880160538
3.408e-07,-0.0002022112665179462
3.409e-07,-0.0013740864119839461
3.41e-07,-0.0002022112665179462
3.411e-07,0.003657163588016054
3.412e-07,0.007797788588016054
3.413e-07,0.009172788588016054
3.414e-07,0.007797788588016054
3.415e-07,0.004422788588016054
3.416e-07,-0.0002022112665179462
3.417e-07,-0.004045961411983946
3.418e-07,-0.004202211411983946
3.419e-07,-0.0009678363119839462
3.42e-07,-0.0002022112665179462
3.421e-07,-0.004420961411983946
3.422e-07,-0.008202211411983946
3.423e-07,-0.0056553364119839465
3.424e-07,-0.0002022112665179462
3.425e-07,0.003000913588016054
3.426e-07,0.003797788588016054
3.427e-07,0.004360288588016054
3.428e-07,0.003797788588016054
3.429e-07,0.0010790385880160539
3.43e-07,-0.0002022112665179462
3.431e-07,0.0018446635880160537
3.432e-07,0.003797788588016054
3.433e-07,0.0023446635880160537
3.434e-07,-0.0002022112665179462
3.435e-07,-0.0007647113119839462
3.436e-07,-0.0002022112665179462
3.437e-07,-0.0012334614119839462
3.438e-07,-0.004202211411983946
3.439e-07,-0.006014711411983946
3.44e-07,-0.004202211411983946
3.441e-07,0.0005165387880160538
3.442e-07,0.003797788588016054
3.443e-07,0.0027665385880160536
3.444e-07,-0.0002022112665179462
3.445e-07,-0.0013897114119839462
3.446e-07,-0.0002022112665179462
3.447e-07,0.0009071635880160537
3.448e-07,-0.0002022112665179462
3.449e-07,-0.002827211411983946
3.45e-07,-0.004202211411983946
3.451e-07,-0.003717836411983946
3.452e-07,-0.004202211411983946
3.453e-07,-0.0066865864119839465
3.454e-07,-0.008202211411983946
3.455e-07,-0.005295961411983946
3.456e-07,-0.0002022112665179462
3.457e-07,0.0022665385880160536
3.458e-07,-0.0002022112665179462
3.459e-07,-0.004217836411983946
3.46e-07,-0.004202211411983946
3.461e-07,0.0006102887880160538
3.462e-07,0.003797788588016054
3.463e-07,0.0007196637880160538
3.464e-07,-0.004202211411983946
3.465e-07,-0.004358461411983946
3.466e-07,-0.0002022112665179462
3.467e-07,0.0032509135880160536
3.468e-07,0.003797788588016054
3.469e-07,0.002141538588016054
3.47e-07,-0.0002022112665179462
3.471e-07,-0.0016553364119839462
3.472e-07,-0.0002022112665179462
3.473e-07,0.0028759135880160537
3.474e-07,0.003797788588016054
3.475e-07,0.0004384137880160538
3.476e-07,-0.004202211411983946
3.477e-07,-0.005967836411983946
3.478e-07,-0.004202211411983946
3.479e-07,-0.002124086411983946
3.48e-07,-0.004202211411983946
3.481e-07,-0.009467836411983946
3.482e-07,-0.012202214411983946
3.483e-07,-0.008764711411983947
3.484e-07,-0.004202211411983946
3.485e-07,-0.003311586411983946
3.486e-07,-0.004202211411983946
3.487e-07,-0.002686586411983946
3.488e-07,-0.0002022112665179462
3.489e-07,0.0002665387880160538
3.49e-07,-0.0002022112665179462
3.491e-07,7.903868801605382e-05
3.492e-07,-0.0002022112665179462
3.493e-07,-0.0025772114119839463
3.494e-07,-0.004202211411983946
3.495e-07,-0.002827211411983946
3.496e-07,-0.0002022112665179462
3.497e-07,0.0007352887880160538
3.498e-07,-0.0002022112665179462
3.499e-07,-0.0019522114119839462
3.5e-07,-0.004202211411983946
3.501e-07,-0.006733461411983947
3.502e-07,-0.008202211411983946
3.503e-07,-0.007124086411983946
3.504e-07,-0.004202211411983946
3.505e-07,-0.0012647114119839463
3.506e-07,-0.0002022112665179462
3.507e-07,-0.0015147114119839463
3.508e-07,-0.004202211411983946
3.509e-07,-0.0066084614119839465
3.51e-07,-0.008202211411983946
3.511e-07,-0.008655336411983947
3.512e-07,-0.008202211411983946
3.513e-07,-0.006514711411983946
3.514e-07,-0.004202211411983946
3.515e-07,-0.0018897114119839462
3.516e-07,-0.0002022112665179462
3.517e-07,0.0002977887880160538
3.518e-07,-0.0002022112665179462
3.519e-07,-0.0008272113119839462
3.52e-07,-0.0002022112665179462
3.521e-07,0.0017352885880160538
3.522e-07,0.003797788588016054
3.523e-07,0.0034071635880160538
3.524e-07,-0.0002022112665179462
3.525e-07,-0.005389711411983946
3.526e-07,-0.008202211411983946
3.527e-07,-0.006889711411983946
3.528e-07,-0.004202211411983946
3.529e-07,-0.003311586411983946
3.53e-07,-0.004202211411983946
3.531e-07,-0.0047022114119839465
3.532e-07,-0.004202211411983946
3.533e-07,-0.0035772114119839464
3.534e-07,-0.004202211411983946
3.535e-07,-0.006155336411983946
3.536e-07,-0.008202211411983946
3.537e-07,-0.008983461411983947
3.538e-07,-0.008202211411983946
3.539e-07,-0.006436586411983946
3.54e-07,-0.004202211411983946
3.541e-07,-0.002717836411983946
3.542e-07,-0.004202211411983946
3.543e-07,-0.008670961411983947
3.544e-07,-0.012202214411983946
3.545e-07,-0.012405334411983946
3.546e-07,-0.012202214411983946
3.547e-07,-0.013280334411983946
3.548e-07,-0.012202214411983946
3.549e-07,-0.007264711411983946
3.55e-07,-0.004202211411983946
3.551e-07,-0.007499086411983946
3.552e-07,-0.012202214411983946
3.553e-07,-0.012889714411983947
3.554e-07,-0.012202214411983946
3.555e-07,-0.014108464411983946
3.556e-07,-0.016202214411983946
3.557e-07,-0.014764714411983947
3.558e-07,-0.012202214411983946
3.559e-07,-0.012780334411983946
3.56e-07,-0.016202214411983946
3.561e-07,-0.01901471441198395
3.562e-07,-0.020202214411983943
3.563e-07,-0.019295964411983946
3.564e-07,-0.016202214411983946
3.565e-07,-0.012499084411983946
3.566e-07,-0.012202214411983946
3.567e-07,-0.015483464411983946
3.568e-07,-0.016202214411983946
3.569e-07,-0.011655334411983947
3.57e-07,-0.008202211411983946
3.571e-07,-0.011311584411983946
3.572e-07,-0.016202214411983946
3.573e-07,-0.017061584411983945
3.574e-07,-0.016202214411983946
3.575e-07,-0.017889714411983948
3.576e-07,-0.020202214411983943
3.577e-07,-0.019124084411983946
3.578e-07,-0.016202214411983946
3.579e-07,-0.015014714411983945
3.58e-07,-0.016202214411983946
3.581e-07,-0.017374084411983945
3.582e-07,-0.016202214411983946
3.583e-07,-0.013327214411983946
3.584e-07,-0.012202214411983946
3.585e-07,-0.014280334411983946
3.586e-07,-0.016202214411983946
3.587e-07,-0.015874084411983944
3.588e-07,-0.016202214411983946
3.589e-07,-0.020014714411983943
3.59e-07,-0.024202214411983947
3.591e-07,-0.024155334411983947
3.592e-07,-0.020202214411983943
3.593e-07,-0.016514714411983947
3.594e-07,-0.016202214411983946
3.595e-07,-0.018608464411983945
3.596e-07,-0.020202214411983943
3.597e-07,-0.019670964411983946
3.598e-07,-0.020202214411983943
3.599e-07,-0.023952214411983946
3.6e-07,-0.028202214411983943
3.601e-07,-0.029014714411983944
3.602e-07,-0.028202214411983943
3.603e-07,-0.028249084411983948
3.604e-07,-0.028202214411983943
3.605e-07,-0.026108464411983945
3.606e-07,-0.024202214411983947
3.607e-07,-0.023186584411983943
3.608e-07,-0.020202214411983943
3.609e-07,-0.014545964411983947
3.61e-07,-0.012202214411983946
3.611e-07,-0.017374084411983945
3.612e-07,-0.024202214411983947
3.613e-07,-0.02609283441198395
3.614e-07,-0.024202214411983947
3.615e-07,-0.02242096441198395
3.616e-07,-0.020202214411983943
3.617e-07,-0.017045964411983944
3.618e-07,-0.016202214411983946
3.619e-07,-0.019920964411983946
3.62e-07,-0.024202214411983947
3.621e-07,-0.023952214411983946
3.622e-07,-0.020202214411983943
3.623e-07,-0.01778033441198395
3.624e-07,-0.020202214411983943
3.625e-07,-0.025702214411983948
3.626e-07,-0.028202214411983943
3.627e-07,-0.024780334411983948
3.628e-07,-0.020202214411983943
3.629e-07,-0.019155334411983943
3.63e-07,-0.020202214411983943
3.631e-07,-0.020124084411983947
3.632e-07,-0.020202214411983943
3.633e-07,-0.02235846441198395
3.634e-07,-0.024202214411983947
3.635e-07,-0.022874084411983943
3.636e-07,-0.020202214411983943
3.637e-07,-0.01932721441198395
3.638e-07,-0.020202214411983943
3.639e-07,-0.020842834411983945
3.64e-07,-0.020202214411983943
3.641e-07,-0.01932721441198395
3.642e-07,-0.020202214411983943
3.643e-07,-0.02273346441198395
3.644e-07,-0.024202214411983947
3.645e-07,-0.02267096441198395
3.646e-07,-0.020202214411983943
3.647e-07,-0.019405334411983943
3.648e-07,-0.020202214411983943
3.649e-07,-0.020608464411983947
3.65e-07,-0.020202214411983943
3.651e-07,-0.019936584411983947
3.652e-07,-0.020202214411983943
3.653e-07,-0.020577214411983943
3.654e-07,-0.020202214411983943
3.655e-07,-0.018608464411983945
3.656e-07,-0.016202214411983946
3.657e-07,-0.014780334411983946
3.658e-07,-0.016202214411983946
3.659e-07,-0.020420964411983947
3.66e-07,-0.024202214411983947
3.661e-07,-0.025061584411983945
3.662e-07,-0.024202214411983947
3.663e-07,-0.02268658441198395
3.664e-07,-0.020202214411983943
3.665e-07,-0.016733464411983943
3.666e-07,-0.016202214411983946
3.667e-07,-0.020186584411983947
3.668e-07,-0.024202214411983947
3.669e-07,-0.023530334411983947
3.67e-07,-0.020202214411983943
3.671e-07,-0.016889714411983947
3.672e-07,-0.012202214411983946
3.673e-07,-0.006358461411983946
3.674e-07,-0.004202211411983946
3.675e-07,-0.009342836411983945
3.676e-07,-0.016202214411983946
3.677e-07,-0.01840533441198395
3.678e-07,-0.016202214411983946
3.679e-07,-0.014561584411983946
3.68e-07,-0.016202214411983946
3.681e-07,-0.01938971441198395
3.682e-07,-0.020202214411983943
3.683e-07,-0.017811584411983945
3.684e-07,-0.016202214411983946
3.685e-07,-0.017795964411983944
3.686e-07,-0.020202214411983943
3.687e-07,-0.019249084411983947
3.688e-07,-0.016202214411983946
3.689e-07,-0.014624084411983946
3.69e-07,-0.016202214411983946
3.691e-07,-0.018983464411983945
3.692e-07,-0.020202214411983943
3.693e-07,-0.018670964411983945
3.694e-07,-0.016202214411983946
3.695e-07,-0.014264714411983946
3.696e-07,-0.012202214411983946
3.697e-07,-0.009702211411983946
3.698e-07,-0.008202211411983946
3.699e-07,-0.009561586411983946
3.7e-07,-0.012202214411983946
3.701e-07,-0.013530334411983947
3.702e-07,-0.012202214411983946
3.703e-07,-0.010592834411983946
3.704e-07,-0.012202214411983946
3.705e-07,-0.017155334411983948
3.706e-07,-0.020202214411983943
3.707e-07,-0.018358464411983945
3.708e-07,-0.016202214411983946
3.709e-07,-0.01771783441198395
3.71e-07,-0.020202214411983943
3.711e-07,-0.01901471441198395
3.712e-07,-0.016202214411983946
3.713e-07,-0.015342834411983947
3.714e-07,-0.016202214411983946
3.715e-07,-0.016342834411983947
3.716e-07,-0.016202214411983946
3.717e-07,-0.016514714411983947
3.718e-07,-0.016202214411983946
3.719e-07,-0.014327214411983947
3.72e-07,-0.012202214411983946
3.721e-07,-0.011499084411983947
3.722e-07,-0.012202214411983946
3.723e-07,-0.012920964411983947
3.724e-07,-0.012202214411983946
3.725e-07,-0.011061584411983946
3.726e-07,-0.012202214411983946
3.727e-07,-0.015389714411983946
3.728e-07,-0.016202214411983946
3.729e-07,-0.012280334411983946
3.73e-07,-0.008202211411983946
3.731e-07,-0.008827211411983947
3.732e-07,-0.012202214411983946
3.733e-07,-0.013624084411983947
3.734e-07,-0.012202214411983946
3.735e-07,-0.009827211411983946
3.736e-07,-0.008202211411983946
3.737e-07,-0.0076240864119839465
3.738e-07,-0.008202211411983946
3.739e-07,-0.010092836411983946
3.74e-07,-0.012202214411983946
3.741e-07,-0.013217834411983946
3.742e-07,-0.012202214411983946
3.743e-07,-0.008686586411983947
3.744e-07,-0.004202211411983946
3.745e-07,-0.0019522114119839462
3.746e-07,-0.004202211411983946
3.747e-07,-0.010499084411983946
3.748e-07,-0.016202214411983946
3.749e-07,-0.016733464411983943
3.75e-07,-0.012202214411983946
3.751e-07,-0.006499086411983946
3.752e-07,-0.004202211411983946
3.753e-07,-0.006952211411983946
3.754e-07,-0.012202214411983946
3.755e-07,-0.015967834411983947
3.756e-07,-0.016202214411983946
3.757e-07,-0.013827214411983946
3.758e-07,-0.012202214411983946
3.759e-07,-0.012342834411983946
3.76e-07,-0.012202214411983946
3.761e-07,-0.010233464411983946
3.762e-07,-0.008202211411983946
3.763e-07,-0.008780336411983947
3.764e-07,-0.012202214411983946
3.765e-07,-0.015545964411983946
3.766e-07,-0.016202214411983946
3.767e-07,-0.014170964411983946
3.768e-07,-0.012202214411983946
3.769e-07,-0.012014714411983946
3.77e-07,-0.012202214411983946
3.771e-07,-0.010686584411983946
3.772e-07,-0.008202211411983946
3.773e-07,-0.007014711411983946
3.774e-07,-0.008202211411983946
3.775e-07,-0.010514714411983947
3.776e-07,-0.012202214411983946
3.777e-07,-0.012561584411983946
3.778e-07,-0.012202214411983946
3.779e-07,-0.012155334411983946
3.78e-07,-0.012202214411983946
3.781e-07,-0.011155334411983946
3.782e-07,-0.008202211411983946
3.783e-07,-0.004795961411983947
3.784e-07,-0.004202211411983946
3.785e-07,-0.0076553364119839465
3.786e-07,-0.012202214411983946
3.787e-07,-0.014827214411983947
3.788e-07,-0.016202214411983946
3.789e-07,-0.017061584411983945
3.79e-07,-0.016202214411983946
3.791e-07,-0.012342834411983946
3.792e-07,-0.008202211411983946
3.793e-07,-0.006858461411983946
3.794e-07,-0.008202211411983946
3.795e-07,-0.009389711411983945
3.796e-07,-0.008202211411983946
3.797e-07,-0.005530336411983946
3.798e-07,-0.004202211411983946
3.799e-07,-0.005936586411983946
3.8e-07,-0.008202211411983946
3.801e-07,-0.008686586411983947
3.802e-07,-0.008202211411983946
3.803e-07,-0.009311586411983945
3.804e-07,-0.012202214411983946
3.805e-07,-0.014983464411983945
3.806e-07,-0.016202214411983946
3.807e-07,-0.015014714411983945
3.808e-07,-0.012202214411983946
3.809e-07,-0.009108461411983947
3.81e-07,-0.008202211411983946
3.811e-07,-0.009889711411983946
3.812e-07,-0.012202214411983946
3.813e-07,-0.012983464411983945
3.814e-07,-0.012202214411983946
3.815e-07,-0.010499084411983946
3.816e-07,-0.008202211411983946
3.817e-07,-0.0056553364119839465
3.818e-07,-0.004202211411983946
3.819e-07,-0.005389711411983946
3.82e-07,-0.008202211411983946
3.821e-07,-0.010967834411983946
3.822e-07,-0.012202214411983946
3.823e-07,-0.011280334411983946
3.824e-07,-0.008202211411983946
3.825e-07,-0.004780336411983947
3.826e-07,-0.004202211411983946
3.827e-07,-0.0075928364119839465
3.828e-07,-0.012202214411983946
3.829e-07,-0.014842834411983946
3.83e-07,-0.016202214411983946
3.831e-07,-0.016889714411983947
3.832e-07,-0.016202214411983946
3.833e-07,-0.012608464411983947
3.834e-07,-0.008202211411983946
3.835e-07,-0.005342836411983946
3.836e-07,-0.004202211411983946
3.837e-07,-0.003811586411983946
3.838e-07,-0.004202211411983946
3.839e-07,-0.005124086411983946
3.84e-07,-0.004202211411983946
3.841e-07,-0.0015303364119839463
3.842e-07,-0.0002022112665179462
3.843e-07,-0.002280336411983946
3.844e-07,-0.004202211411983946
3.845e-07,-0.003795961411983946
3.846e-07,-0.004202211411983946
3.847e-07,-0.008108461411983946
3.848e-07,-0.012202214411983946
3.849e-07,-0.011639714411983946
3.85e-07,-0.008202211411983946
3.851e-07,-0.005342836411983946
3.852e-07,-0.004202211411983946
3.853e-07,-0.003780336411983946
3.854e-07,-0.004202211411983946
3.855e-07,-0.005139711411983946
3.856e-07,-0.004202211411983946
3.857e-07,-0.0003584613119839462
3.858e-07,0.003797788588016054
3.859e-07,0.0050634135880160535
3.86e-07,0.003797788588016054
3.861e-07,0.0006102887880160538
3.862e-07,-0.004202211411983946
3.863e-07,-0.009670961411983946
3.864e-07,-0.012202214411983946
3.865e-07,-0.009436586411983946
3.866e-07,-0.004202211411983946
3.867e-07,-0.0007647113119839462
3.868e-07,-0.0002022112665179462
3.869e-07,-0.0015303364119839463
3.87e-07,-0.004202211411983946
3.871e-07,-0.006952211411983946
3.872e-07,-0.008202211411983946
3.873e-07,-0.007545961411983946
3.874e-07,-0.008202211411983946
3.875e-07,-0.011045964411983945
3.876e-07,-0.012202214411983946
3.877e-07,-0.008749086411983947
3.878e-07,-0.004202211411983946
3.879e-07,-0.0018272114119839461
3.88e-07,-0.0002022112665179462
3.881e-07,0.002579038588016054
3.882e-07,0.003797788588016054
3.883e-07,0.0005165387880160538
3.884e-07,-0.004202211411983946
3.885e-07,-0.005920961411983946
3.886e-07,-0.004202211411983946
3.887e-07,-0.0016240864119839462
3.888e-07,-0.0002022112665179462
3.889e-07,-4.596131198394618e-05
3.89e-07,-0.0002022112665179462
3.891e-07,-0.0002022112665179462
3.892e-07,-0.0002022112665179462
3.893e-07,-0.0005459613119839462
3.894e-07,-0.0002022112665179462
3.895e-07,0.0015634135880160539
3.896e-07,0.003797788588016054
3.897e-07,0.004579038588016054
3.898e-07,0.003797788588016054
3.899e-07,0.001141538588016054
3.9e-07,-0.004202211411983946
3.901e-07,-0.010249084411983946
3.902e-07,-0.012202214411983946
3.903e-07,-0.008170961411983946
3.904e-07,-0.004202211411983946
3.905e-07,-0.004061586411983946
3.906e-07,-0.004202211411983946
3.907e-07,-0.0003897113119839462
3.908e-07,0.003797788588016054
3.909e-07,0.0033915385880160537
3.91e-07,-0.0002022112665179462
3.911e-07,-0.0018740864119839462
3.912e-07,-0.0002022112665179462
3.913e-07,0.002454038588016054
3.914e-07,0.003797788588016054
3.915e-07,0.002625913588016054
3.916e-07,-0.0002022112665179462
3.917e-07,-0.002045961411983946
3.918e-07,-0.0002022112665179462
3.919e-07,0.004672788588016054
3.92e-07,0.007797788588016054
3.921e-07,0.006516538588016054
3.922e-07,0.003797788588016054
3.923e-07,0.003094663588016054
3.924e-07,0.003797788588016054
3.925e-07,0.003829038588016054
3.926e-07,0.003797788588016054
3.927e-07,0.005344663588016054
3.928e-07,0.007797788588016054
3.929e-07,0.008891538588016053
3.93e-07,0.007797788588016054
3.931e-07,0.005485288588016054
3.932e-07,0.003797788588016054
3.933e-07,0.003719663588016054
3.934e-07,0.003797788588016054
3.935e-07,0.0034227885880160538
3.936e-07,0.003797788588016054
3.937e-07,0.005954038588016053
3.938e-07,0.007797788588016054
3.939e-07,0.007797788588016054
3.94e-07,0.007797788588016054
3.941e-07,0.009657163588016054
3.942e-07,0.011797785588016054
3.943e-07,0.012125915588016054
3.944e-07,0.011797785588016054
3.945e-07,0.012047785588016054
3.946e-07,0.011797785588016054
3.947e-07,0.009735288588016054
3.948e-07,0.007797788588016054
3.949e-07,0.007516538588016054
3.95e-07,0.007797788588016054
3.951e-07,0.007485288588016054
3.952e-07,0.007797788588016054
3.953e-07,0.009797788588016054
3.954e-07,0.011797785588016054
3.955e-07,0.011219665588016054
3.956e-07,0.007797788588016054
3.957e-07,0.004360288588016054
3.958e-07,0.003797788588016054
3.959e-07,0.006219663588016054
3.96e-07,0.007797788588016054
3.961e-07,0.006219663588016054
3.962e-07,0.003797788588016054
3.963e-07,0.004282163588016054
3.964e-07,0.007797788588016054
3.965e-07,0.011235285588016054
3.966e-07,0.011797785588016054
3.967e-07,0.009782163588016054
3.968e-07,0.007797788588016054
3.969e-07,0.007547788588016054
3.97e-07,0.007797788588016054
3.971e-07,0.006469663588016054
3.972e-07,0.003797788588016054
3.973e-07,0.0023134135880160537
3.974e-07,0.003797788588016054
3.975e-07,0.007875913588016054
3.976e-07,0.011797785588016054
3.977e-07,0.013079035588016054
3.978e-07,0.011797785588016054
3.979e-07,0.009469663588016054
3.98e-07,0.007797788588016054
3.981e-07,0.007250913588016054
3.982e-07,0.007797788588016054
3.983e-07,0.008391538588016053
3.984e-07,0.007797788588016054
3.985e-07,0.005782163588016054
3.986e-07,0.003797788588016054
3.987e-07,0.0033759135880160537
3.988e-07,0.003797788588016054
3.989e-07,0.004204038588016054
3.99e-07,0.003797788588016054
3.991e-07,0.003485288588016054
3.992e-07,0.003797788588016054
3.993e-07,0.005329038588016054
3.994e-07,0.007797788588016054
3.995e-07,0.010360285588016055
3.996e-07,0.011797785588016054
3.997e-07,0.011797785588016054
3.998e-07,0.011797785588016054
3.999e-07,0.011985285588016054
4e-07,0.011797785588016054
4.001e-07,0.010063415588016053
4.002e-07,0.007797788588016054
4.003e-07,0.006829038588016054
4.004e-07,0.007797788588016054
4.005e-07,0.008938413588016053
4.006e-07,0.007797788588016054
4.007e-07,0.003891538588016054
4.008e-07,-0.0002022112665179462
4.009e-07,-0.0005772113119839462
4.01e-07,0.003797788588016054
4.011e-07,0.010000915588016053
4.012e-07,0.011797785588016054
4.013e-07,0.007782163588016054
4.014e-07,0.003797788588016054
4.015e-07,0.003813413588016054
4.016e-07,0.003797788588016054
4.017e-07,0.0007352887880160538
4.018e-07,-0.0002022112665179462
4.019e-07,0.005407163588016054
4.02e-07,0.011797785588016054
4.021e-07,0.011829035588016054
4.022e-07,0.007797788588016054
4.023e-07,0.005157163588016054
4.024e-07,0.003797788588016054
4.025e-07,0.0015165385880160538
4.026e-07,-0.0002022112665179462
4.027e-07,0.0011102885880160539
4.028e-07,0.003797788588016054
4.029e-07,0.005860288588016054
4.03e-07,0.007797788588016054
4.031e-07,0.009454038588016054
4.032e-07,0.007797788588016054
4.033e-07,0.0028915385880160537
4.034e-07,-0.0002022112665179462
4.035e-07,0.002625913588016054
4.036e-07,0.007797788588016054
4.037e-07,0.009813415588016053
4.038e-07,0.007797788588016054
4.039e-07,0.005938413588016053
4.04e-07,0.007797788588016054
4.041e-07,0.012610285588016053
4.042e-07,0.015797785588016054
4.043e-07,0.014563415588016054
4.044e-07,0.011797785588016054
4.045e-07,0.011891535588016054
4.046e-07,0.015797785588016054
4.047e-07,0.019641535588016054
4.048e-07,0.01979778558801605
4.049e-07,0.01582903558801605
4.05e-07,0.011797785588016054
4.051e-07,0.010766535588016053
4.052e-07,0.011797785588016054
4.053e-07,0.012297785588016055
4.054e-07,0.011797785588016054
4.055e-07,0.011563415588016053
4.056e-07,0.011797785588016054
4.057e-07,0.011938415588016053
4.058e-07,0.011797785588016054
4.059e-07,0.011797785588016054
4.06e-07,0.011797785588016054
4.061e-07,0.011797785588016054
4.062e-07,0.011797785588016054
4.063e-07,0.011735285588016054
4.064e-07,0.011797785588016054
4.065e-07,0.011829035588016054
4.066e-07,0.011797785588016054
4.067e-07,0.011719665588016053
4.068e-07,0.011797785588016054
4.069e-07,0.011891535588016054
4.07e-07,0.011797785588016054
4.071e-07,0.010672785588016053
4.072e-07,0.007797788588016054
4.073e-07,0.004594663588016054
4.074e-07,0.003797788588016054
4.075e-07,0.006266538588016054
4.076e-07,0.007797788588016054
4.077e-07,0.0060477885880160535
4.078e-07,0.003797788588016054
4.079e-07,0.004844663588016054
4.08e-07,0.007797788588016054
4.081e-07,0.010172785588016054
4.082e-07,0.011797785588016054
4.083e-07,0.013954035588016054
4.084e-07,0.015797785588016054
4.085e-07,0.015219665588016055
4.086e-07,0.011797785588016054
4.087e-07,0.007922788588016054
4.088e-07,0.007797788588016054
4.089e-07,0.012000915588016053
4.09e-07,0.015797785588016054
4.091e-07,0.01582903558801605
4.092e-07,0.015797785588016054
4.093e-07,0.018407165588016056
4.094e-07,0.01979778558801605
4.095e-07,0.016188415588016057
4.096e-07,0.011797785588016054
4.097e-07,0.011266535588016054
4.098e-07,0.011797785588016054
4.099e-07,0.009735288588016054
4.1e-07,0.007797788588016054
4.101e-07,0.009422788588016054
4.102e-07,0.011797785588016054
4.103e-07,0.011938415588016053
4.104e-07,0.011797785588016054
4.105e-07,0.013891535588016054
4.106e-07,0.015797785588016054
4.107e-07,0.014657165588016054
4.108e-07,0.011797785588016054
4.109e-07,0.010610285588016053
4.11e-07,0.011797785588016054
4.111e-07,0.013094665588016054
4.112e-07,0.011797785588016054
4.113e-07,0.008625913588016053
4.114e-07,0.007797788588016054
4.115e-07,0.011485285588016054
4.116e-07,0.015797785588016054
4.117e-07,0.01682903558801605
4.118e-07,0.015797785588016054
4.119e-07,0.01570403558801605
4.12e-07,0.015797785588016054
4.121e-07,0.014204035588016055
4.122e-07,0.011797785588016054
4.123e-07,0.010813415588016054
4.124e-07,0.011797785588016054
4.125e-07,0.013813415588016053
4.126e-07,0.015797785588016054
4.127e-07,0.01762591558801605
4.128e-07,0.01979778558801605
4.129e-07,0.021297785588016052
4.13e-07,0.01979778558801605
4.131e-07,0.015172785588016054
4.132e-07,0.011797785588016054
4.133e-07,0.012875915588016054
4.134e-07,0.015797785588016054
4.135e-07,0.01668841558801605
4.136e-07,0.015797785588016054
4.137e-07,0.015391535588016054
4.138e-07,0.015797785588016054
4.139e-07,0.016094665588016054
4.14e-07,0.015797785588016054
4.141e-07,0.015579035588016052
4.142e-07,0.015797785588016054
4.143e-07,0.016125915588016057
4.144e-07,0.015797785588016054
4.145e-07,0.015094665588016054
4.146e-07,0.015797785588016054
4.147e-07,0.018282165588016056
4.148e-07,0.01979778558801605
4.149e-07,0.018282165588016056
4.15e-07,0.015797785588016054
4.151e-07,0.015094665588016054
4.152e-07,0.015797785588016054
4.153e-07,0.01620403558801605
4.154e-07,0.015797785588016054
4.155e-07,0.015563415588016055
4.156e-07,0.015797785588016054
4.157e-07,0.016047785588016054
4.158e-07,0.015797785588016054
4.159e-07,0.015485285588016052
4.16e-07,0.015797785588016054
4.161e-07,0.017407165588016055
4.162e-07,0.01979778558801605
4.163e-07,0.021016535588016055
4.164e-07,0.01979778558801605
4.165e-07,0.01700091558801605
4.166e-07,0.015797785588016054
4.167e-07,0.01750091558801605
4.168e-07,0.01979778558801605
4.169e-07,0.019188415588016053
4.17e-07,0.015797785588016054
4.171e-07,0.012500915588016054
4.172e-07,0.011797785588016054
4.173e-07,0.013782165588016053
4.174e-07,0.015797785588016054
4.175e-07,0.015329035588016054
4.176e-07,0.011797785588016054
4.177e-07,0.008110288588016054
4.178e-07,0.007797788588016054
4.179e-07,0.011657165588016053
4.18e-07,0.015797785588016054
4.181e-07,0.016860285588016055
4.182e-07,0.015797785588016054
4.183e-07,0.015282165588016055
4.184e-07,0.015797785588016054
4.185e-07,0.016110285588016054
4.186e-07,0.015797785588016054
4.187e-07,0.014563415588016054
4.188e-07,0.011797785588016054
4.189e-07,0.008532163588016053
4.19e-07,0.007797788588016054
4.191e-07,0.011250915588016054
4.192e-07,0.015797785588016054
4.193e-07,0.01756341558801605
4.194e-07,0.015797785588016054
4.195e-07,0.012985285588016053
4.196e-07,0.011797785588016054
4.197e-07,0.013172785588016054
4.198e-07,0.015797785588016054
4.199e-07,0.01718841558801605
4.2e-07,0.015797785588016054
4.201e-07,0.012688415588016054
4.202e-07,0.011797785588016054
4.203e-07,0.014110285588016054
4.204e-07,0.015797785588016054
4.205e-07,0.014204035588016055
4.206e-07,0.011797785588016054
4.207e-07,0.011563415588016053
4.208e-07,0.011797785588016054
4.209e-07,0.010110285588016054
4.21e-07,0.007797788588016054
4.211e-07,0.008375913588016053
4.212e-07,0.011797785588016054
4.213e-07,0.015235285588016054
4.214e-07,0.015797785588016054
4.215e-07,0.013563415588016053
4.216e-07,0.011797785588016054
4.217e-07,0.013063415588016054
4.218e-07,0.015797785588016054
4.219e-07,0.016797785588016055
4.22e-07,0.015797785588016054
4.221e-07,0.013954035588016054
4.222e-07,0.011797785588016054
4.223e-07,0.010282165588016054
4.224e-07,0.011797785588016054
4.225e-07,0.015500915588016055
4.226e-07,0.015797785588016054
4.227e-07,0.011063415588016054
4.228e-07,0.007797788588016054
4.229e-07,0.011000915588016054
4.23e-07,0.015797785588016054
4.231e-07,0.015657165588016053
4.232e-07,0.011797785588016054
4.233e-07,0.009954035588016054
4.234e-07,0.011797785588016054
4.235e-07,0.014610285588016053
4.236e-07,0.015797785588016054
4.237e-07,0.014469665588016054
4.238e-07,0.011797785588016054
4.239e-07,0.010125915588016053
4.24e-07,0.011797785588016054
4.241e-07,0.015235285588016054
4.242e-07,0.015797785588016054
4.243e-07,0.011875915588016053
4.244e-07,0.007797788588016054
4.245e-07,0.007375913588016054
4.246e-07,0.007797788588016054
4.247e-07,0.0059852885880160535
4.248e-07,0.003797788588016054
4.249e-07,0.004938413588016053
4.25e-07,0.007797788588016054
4.251e-07,0.009875915588016053
4.252e-07,0.011797785588016054
4.253e-07,0.014516535588016053
4.254e-07,0.015797785588016054
4.255e-07,0.013891535588016054
4.256e-07,0.011797785588016054
4.257e-07,0.011735285588016054
4.258e-07,0.011797785588016054
4.259e-07,0.009672788588016054
4.26e-07,0.007797788588016054
4.261e-07,0.008110288588016054
4.262e-07,0.007797788588016054
4.263e-07,0.0050946635880160535
4.264e-07,0.003797788588016054
4.265e-07,0.006375913588016054
4.266e-07,0.007797788588016054
4.267e-07,0.005219663588016054
4.268e-07,0.003797788588016054
4.269e-07,0.007875913588016054
4.27e-07,0.011797785588016054
4.271e-07,0.009469663588016054
4.272e-07,0.003797788588016054
4.273e-07,0.0017196635880160538
4.274e-07,0.003797788588016054
4.275e-07,0.006547788588016054
4.276e-07,0.007797788588016054
4.277e-07,0.007907163588016054
4.278e-07,0.007797788588016054
4.279e-07,0.008735288588016053
4.28e-07,0.011797785588016054
4.281e-07,0.015329035588016054
4.282e-07,0.015797785588016054
4.283e-07,0.012047785588016054
4.284e-07,0.007797788588016054
4.285e-07,0.006469663588016054
4.286e-07,0.007797788588016054
4.287e-07,0.008782163588016053
4.288e-07,0.007797788588016054
4.289e-07,0.006532163588016054
4.29e-07,0.007797788588016054
4.291e-07,0.011063415588016054
4.292e-07,0.011797785588016054
4.293e-07,0.007954038588016054
4.294e-07,0.003797788588016054
4.295e-07,0.004219663588016054
4.296e-07,0.007797788588016054
4.297e-07,0.009657163588016054
4.298e-07,0.007797788588016054
4.299e-07,0.004672788588016054
4.3e-07,0.003797788588016054
4.301e-07,0.005813413588016054
4.302e-07,0.007797788588016054
4.303e-07,0.006797788588016054
4.304e-07,0.003797788588016054
4.305e-07,0.002204038588016054
4.306e-07,0.003797788588016054
4.307e-07,0.006891538588016053
4.308e-07,0.007797788588016054
4.309e-07,0.004625913588016054
4.31e-07,-0.0002022112665179462
4.311e-07,-0.003389711411983946
4.312e-07,-0.004202211411983946
4.313e-07,-0.002858461411983946
4.314e-07,-0.0002022112665179462
4.315e-07,0.0027821635880160536
4.316e-07,0.003797788588016054
4.317e-07,0.0010009135880160538
4.318e-07,-0.004202211411983946
4.319e-07,-0.007233461411983946
4.32e-07,-0.004202211411983946
4.321e-07,0.003485288588016054
4.322e-07,0.007797788588016054
4.323e-07,0.003625913588016054
4.324e-07,-0.004202211411983946
4.325e-07,-0.008514711411983946
4.326e-07,-0.008202211411983946
4.327e-07,-0.006014711411983946
4.328e-07,-0.004202211411983946
4.329e-07,-0.002327211411983946
4.33e-07,-0.0002022112665179462
4.331e-07,0.0009696635880160538
4.332e-07,-0.0002022112665179462
4.333e-07,-0.0029365864119839462
4.334e-07,-0.004202211411983946
4.335e-07,-0.002264711411983946
4.336e-07,-0.0002022112665179462
4.337e-07,-0.001311586411983946
4.338e-07,-0.004202211411983946
4.339e-07,-0.005405336411983946
4.34e-07,-0.004202211411983946
4.341e-07,-0.0020147114119839463
4.342e-07,-0.0002022112665179462
4.343e-07,0.0006102887880160538
4.344e-07,-0.0002022112665179462
4.345e-07,-0.0014053364119839462
4.346e-07,-0.0002022112665179462
4.347e-07,0.003016538588016054
4.348e-07,0.003797788588016054
4.349e-07,-0.0001709612619839462
4.35e-07,-0.004202211411983946
4.351e-07,-0.003764711411983946
4.352e-07,-0.0002022112665179462
4.353e-07,0.0015634135880160539
4.354e-07,-0.0002022112665179462
4.355e-07,-0.003233461411983946
4.356e-07,-0.004202211411983946
4.357e-07,-0.0031240864119839464
4.358e-07,-0.004202211411983946
4.359e-07,-0.008608461411983947
4.36e-07,-0.012202214411983946
4.361e-07,-0.010842834411983946
4.362e-07,-0.008202211411983946
4.363e-07,-0.008092836411983946
4.364e-07,-0.008202211411983946
4.365e-07,-0.004827211411983947
4.366e-07,-0.0002022112665179462
4.367e-07,0.0023290385880160537
4.368e-07,0.003797788588016054
4.369e-07,0.0050790385880160535
4.37e-07,0.003797788588016054
4.371e-07,-0.0019522114119839462
4.372e-07,-0.008202211411983946
4.373e-07,-0.010311584411983946
4.374e-07,-0.008202211411983946
4.375e-07,-0.005139711411983946
4.376e-07,-0.004202211411983946
4.377e-07,-0.004780336411983947
4.378e-07,-0.004202211411983946
4.379e-07,-0.0015772114119839461
4.38e-07,-0.0002022112665179462
4.381e-07,-0.002092836411983946
4.382e-07,-0.004202211411983946
4.383e-07,-0.0029990864119839463
4.384e-07,-0.0002022112665179462
4.385e-07,0.0006727887880160538
4.386e-07,-0.0002022112665179462
4.387e-07,-0.0017022114119839462
4.388e-07,-0.004202211411983946
4.389e-07,-0.007530336411983946
4.39e-07,-0.008202211411983946
4.391e-07,-0.004499086411983946
4.392e-07,-0.0002022112665179462
4.393e-07,0.0008915385880160539
4.394e-07,-0.0002022112665179462
4.395e-07,-0.0015772114119839461
4.396e-07,-0.004202211411983946
4.397e-07,-0.008670961411983947
4.398e-07,-0.012202214411983946
4.399e-07,-0.011514714411983946
4.4e-07,-0.008202211411983946
4.401e-07,-0.005186586411983946
4.402e-07,-0.004202211411983946
4.403e-07,-0.004295961411983946
4.404e-07,-0.004202211411983946
4.405e-07,-0.003655336411983946
4.406e-07,-0.004202211411983946
4.407e-07,-0.005436586411983946
4.408e-07,-0.004202211411983946
4.409e-07,0.00015716378801605382
4.41e-07,0.003797788588016054
4.411e-07,0.0027509135880160536
4.412e-07,-0.0002022112665179462
4.413e-07,-0.0012490864119839463
4.414e-07,-0.0002022112665179462
4.415e-07,-0.00045221131198394616
4.416e-07,-0.004202211411983946
4.417e-07,-0.009670961411983946
4.418e-07,-0.012202214411983946
4.419e-07,-0.010264714411983946
4.42e-07,-0.008202211411983946
4.421e-07,-0.008530336411983946
4.422e-07,-0.008202211411983946
4.423e-07,-0.003999086411983946
4.424e-07,-0.0002022112665179462
4.425e-07,-0.002061586411983946
4.426e-07,-0.008202211411983946
4.427e-07,-0.012655334411983946
4.428e-07,-0.012202214411983946
4.429e-07,-0.008014711411983946
4.43e-07,-0.004202211411983946
4.431e-07,-0.003233461411983946
4.432e-07,-0.004202211411983946
4.433e-07,-0.004780336411983947
4.434e-07,-0.004202211411983946
4.435e-07,-0.003624086411983946
4.436e-07,-0.004202211411983946
4.437e-07,-0.005045961411983946
4.438e-07,-0.004202211411983946
4.439e-07,-0.0017803364119839463
4.44e-07,-0.0002022112665179462
4.441e-07,-0.001561586411983946
4.442e-07,-0.004202211411983946
4.443e-07,-0.005170961411983946
4.444e-07,-0.004202211411983946
4.445e-07,-0.003233461411983946
4.446e-07,-0.004202211411983946
4.447e-07,-0.006577211411983946
4.448e-07,-0.008202211411983946
4.449e-07,-0.007155336411983946
4.45e-07,-0.004202211411983946
4.451e-07,-0.001327211411983946
4.452e-07,-0.0002022112665179462
4.453e-07,-0.0004365863119839462
4.454e-07,-0.0002022112665179462
4.455e-07,0.00039153878801605386
4.456e-07,-0.0002022112665179462
4.457e-07,-0.002717836411983946
4.458e-07,-0.004202211411983946
4.459e-07,-0.0025459614119839463
4.46e-07,-0.0002022112665179462
4.461e-07,-0.0008428363119839462
4.462e-07,-0.004202211411983946
4.463e-07,-0.008327211411983946
4.464e-07,-0.012202214411983946
4.465e-07,-0.014186584411983946
4.466e-07,-0.012202214411983946
4.467e-07,-0.005889711411983946
4.468e-07,-0.0002022112665179462
4.469e-07,0.0003134137880160538
4.47e-07,-0.004202211411983946
4.471e-07,-0.009639711411983946
4.472e-07,-0.012202214411983946
4.473e-07,-0.010874084411983946
4.474e-07,-0.008202211411983946
4.475e-07,-0.006092836411983946
4.476e-07,-0.004202211411983946
4.477e-07,-0.0019053364119839462
4.478e-07,-0.0002022112665179462
4.479e-07,-0.0009522113119839462
4.48e-07,-0.004202211411983946
4.481e-07,-0.007530336411983946
4.482e-07,-0.008202211411983946
4.483e-07,-0.006155336411983946
4.484e-07,-0.004202211411983946
4.485e-07,-0.004202211411983946
4.486e-07,-0.004202211411983946
4.487e-07,-0.002233461411983946
4.488e-07,-0.0002022112665179462
4.489e-07,-0.0009365863119839462
4.49e-07,-0.004202211411983946
4.491e-07,-0.007420961411983946
4.492e-07,-0.008202211411983946
4.493e-07,-0.006499086411983946
4.494e-07,-0.004202211411983946
4.495e-07,-0.0024990864119839463
4.496e-07,-0.0002022112665179462
4.497e-07,0.0019227885880160537
4.498e-07,-0.0002022112665179462
4.499e-07,-0.007170961411983946
4.5e-07,-0.012202214411983946
4.501e-07,-0.010780334411983946
4.502e-07,-0.008202211411983946
4.503e-07,-0.009717836411983946
4.504e-07,-0.012202214411983946
4.505e-07,-0.009889711411983946
4.506e-07,-0.004202211411983946
4.507e-07,-0.0011240863119839463
4.508e-07,-0.004202211411983946
4.509e-07,-0.010108461411983946
4.51e-07,-0.012202214411983946
4.511e-07,-0.008327211411983946
4.512e-07,-0.004202211411983946
4.513e-07,-0.005264711411983946
4.514e-07,-0.008202211411983946
4.515e-07,-0.0076553364119839465
4.516e-07,-0.004202211411983946
4.517e-07,-0.0025459614119839463
4.518e-07,-0.004202211411983946
4.519e-07,-0.007874086411983946
4.52e-07,-0.012202214411983946
4.521e-07,-0.015561584411983947
4.522e-07,-0.016202214411983946
4.523e-07,-0.014092834411983945
4.524e-07,-0.012202214411983946
4.525e-07,-0.011967834411983945
4.526e-07,-0.012202214411983946
4.527e-07,-0.010702214411983947
4.528e-07,-0.008202211411983946
4.529e-07,-0.006920961411983946
4.53e-07,-0.008202211411983946
4.531e-07,-0.010967834411983946
4.532e-07,-0.012202214411983946
4.533e-07,-0.010608464411983947
4.534e-07,-0.008202211411983946
4.535e-07,-0.007483461411983946
4.536e-07,-0.008202211411983946
4.537e-07,-0.009499086411983946
4.538e-07,-0.012202214411983946
4.539e-07,-0.015686584411983947
4.54e-07,-0.016202214411983946
4.541e-07,-0.012092834411983945
4.542e-07,-0.008202211411983946
4.543e-07,-0.008045961411983946
4.544e-07,-0.008202211411983946
4.545e-07,-0.0057334614119839465
4.546e-07,-0.004202211411983946
4.547e-07,-0.007545961411983946
4.548e-07,-0.012202214411983946
4.549e-07,-0.013436584411983947
4.55e-07,-0.012202214411983946
4.551e-07,-0.011874084411983947
4.552e-07,-0.012202214411983946
4.553e-07,-0.011889714411983946
4.554e-07,-0.012202214411983946
4.555e-07,-0.014217834411983946
4.556e-07,-0.016202214411983946
4.557e-07,-0.016217834411983947
4.558e-07,-0.016202214411983946
4.559e-07,-0.016983464411983944
4.56e-07,-0.016202214411983946
4.561e-07,-0.013155334411983946
4.562e-07,-0.012202214411983946
4.563e-07,-0.015092834411983946
4.564e-07,-0.016202214411983946
4.565e-07,-0.011952214411983946
4.566e-07,-0.008202211411983946
4.567e-07,-0.010920964411983947
4.568e-07,-0.016202214411983946
4.569e-07,-0.01778033441198395
4.57e-07,-0.016202214411983946
4.571e-07,-0.015405334411983947
4.572e-07,-0.016202214411983946
4.573e-07,-0.016577214411983947
4.574e-07,-0.016202214411983946
4.575e-07,-0.015889714411983946
4.576e-07,-0.016202214411983946
4.577e-07,-0.016655334411983948
4.578e-07,-0.016202214411983946
4.579e-07,-0.014280334411983946
4.58e-07,-0.012202214411983946
4.581e-07,-0.011561584411983947
4.582e-07,-0.012202214411983946
4.583e-07,-0.013655334411983947
4.584e-07,-0.016202214411983946
4.585e-07,-0.019217834411983943
4.586e-07,-0.020202214411983943
4.587e-07,-0.018108464411983945
4.588e-07,-0.016202214411983946
4.589e-07,-0.016436584411983944
4.59e-07,-0.016202214411983946
4.591e-07,-0.013717834411983947
4.592e-07,-0.012202214411983946
4.593e-07,-0.014202214411983946
4.594e-07,-0.016202214411983946
4.595e-07,-0.014608464411983947
4.596e-07,-0.012202214411983946
4.597e-07,-0.013155334411983946
4.598e-07,-0.016202214411983946
4.599e-07,-0.018436584411983946
4.6e-07,-0.020202214411983943
4.601e-07,-0.02156158441198395
4.602e-07,-0.020202214411983943
4.603e-07,-0.015452214411983946
4.604e-07,-0.012202214411983946
4.605e-07,-0.013577214411983946
4.606e-07,-0.016202214411983946
4.607e-07,-0.015405334411983947
4.608e-07,-0.012202214411983946
4.609e-07,-0.010655334411983946
4.61e-07,-0.012202214411983946
4.611e-07,-0.014983464411983945
4.612e-07,-0.016202214411983946
4.613e-07,-0.014780334411983946
4.614e-07,-0.012202214411983946
4.615e-07,-0.010983464411983947
4.616e-07,-0.012202214411983946
4.617e-07,-0.014733464411983947
4.618e-07,-0.016202214411983946
4.619e-07,-0.015077214411983945
4.62e-07,-0.012202214411983946
4.621e-07,-0.009264711411983945
4.622e-07,-0.008202211411983946
4.623e-07,-0.009499086411983946
4.624e-07,-0.012202214411983946
4.625e-07,-0.014749084411983946
4.626e-07,-0.016202214411983946
4.627e-07,-0.015577214411983946
4.628e-07,-0.012202214411983946
4.629e-07,-0.007311586411983946
4.63e-07,-0.004202211411983946
4.631e-07,-0.004233461411983946
4.632e-07,-0.004202211411983946
4.633e-07,-0.0029365864119839462
4.634e-07,-0.004202211411983946
4.635e-07,-0.010327214411983946
4.636e-07,-0.016202214411983946
4.637e-07,-0.016374084411983944
4.638e-07,-0.012202214411983946
4.639e-07,-0.008764711411983947
4.64e-07,-0.008202211411983946
4.641e-07,-0.008780336411983947
4.642e-07,-0.008202211411983946
4.643e-07,-0.006811586411983946
4.644e-07,-0.008202211411983946
4.645e-07,-0.012827214411983947
4.646e-07,-0.016202214411983946
4.647e-07,-0.014733464411983947
4.648e-07,-0.012202214411983946
4.649e-07,-0.012186584411983946
4.65e-07,-0.012202214411983946
4.651e-07,-0.008608461411983947
4.652e-07,-0.004202211411983946
4.653e-07,-0.0030147114119839463
4.654e-07,-0.004202211411983946
4.655e-07,-0.0047490864119839465
4.656e-07,-0.004202211411983946
4.657e-07,-0.004030336411983946
4.658e-07,-0.004202211411983946
4.659e-07,-0.004264711411983946
4.66e-07,-0.004202211411983946
4.661e-07,-0.004280336411983946
4.662e-07,-0.004202211411983946
4.663e-07,-0.003952211411983946
4.664e-07,-0.004202211411983946
4.665e-07,-0.0047334614119839465
4.666e-07,-0.004202211411983946
4.667e-07,-0.002170961411983946
4.668e-07,-0.0002022112665179462
4.669e-07,0.0002665387880160538
4.67e-07,-0.0002022112665179462
4.671e-07,-0.0003740863119839462
4.672e-07,-0.0002022112665179462
4.673e-07,-0.0011553363119839461
4.674e-07,-0.004202211411983946
4.675e-07,-0.0076865864119839465
4.676e-07,-0.008202211411983946
4.677e-07,-0.004436586411983946
4.678e-07,-0.0002022112665179462
4.679e-07,0.0009852885880160538
4.68e-07,-0.0002022112665179462
4.681e-07,-0.0008428363119839462
4.682e-07,-0.0002022112665179462
4.683e-07,0.0005009137880160539
4.684e-07,-0.0002022112665179462
4.685e-07,-0.0013584614119839461
4.686e-07,-0.0002022112665179462
4.687e-07,0.0028602885880160537
4.688e-07,0.003797788588016054
4.689e-07,0.0010634135880160538
4.69e-07,-0.0002022112665179462
4.691e-07,0.003563413588016054
4.692e-07,0.007797788588016054
4.693e-07,0.006204038588016054
4.694e-07,-0.0002022112665179462
4.695e-07,-0.005061586411983946
4.696e-07,-0.004202211411983946
4.697e-07,0.0007040387880160538
4.698e-07,0.003797788588016054
4.699e-07,0.002500913588016054
4.7e-07,-0.0002022112665179462
4.701e-07,0.0002665387880160538
4.702e-07,0.003797788588016054
4.703e-07,0.0060634135880160535
4.704e-07,0.003797788588016054
4.705e-07,-0.0004834613119839462
4.706e-07,-0.0002022112665179462
4.707e-07,0.006188413588016054
4.708e-07,0.011797785588016054
4.709e-07,0.009954035588016054
4.71e-07,0.003797788588016054
4.711e-07,-0.00010846126198394619
4.712e-07,-0.0002022112665179462
4.713e-07,0.0004540387880160538
4.714e-07,-0.0002022112665179462
4.715e-07,-0.0009053363119839462
4.716e-07,-0.0002022112665179462
4.717e-07,0.0019540385880160538
4.718e-07,0.003797788588016054
4.719e-07,0.003157163588016054
4.72e-07,-0.0002022112665179462
4.721e-07,-0.0026084614119839464
4.722e-07,-0.0002022112665179462
4.723e-07,0.005860288588016054
4.724e-07,0.007797788588016054
4.725e-07,0.002204038588016054
4.726e-07,-0.004202211411983946
4.727e-07,-0.004233461411983946
4.728e-07,-0.0002022112665179462
4.729e-07,0.0024071635880160537
4.73e-07,0.003797788588016054
4.731e-07,0.0070790385880160536
4.732e-07,0.011797785588016054
4.733e-07,0.013985285588016054
4.734e-07,0.011797785588016054
4.735e-07,0.0060477885880160535
4.736e-07,-0.0002022112665179462
4.737e-07,-0.003983461411983946
4.738e-07,-0.004202211411983946
4.739e-07,-0.002077211411983946
4.74e-07,-0.0002022112665179462
4.741e-07,0.0011571635880160537
4.742e-07,0.003797788588016054
4.743e-07,0.007438413588016054
4.744e-07,0.007797788588016054
4.745e-07,0.003610288588016054
4.746e-07,-0.0002022112665179462
4.747e-07,0.0009384135880160537
4.748e-07,0.003797788588016054
4.749e-07,0.003125913588016054
4.75e-07,-0.0002022112665179462
4.751e-07,-0.0019365864119839462
4.752e-07,-0.0002022112665179462
4.753e-07,0.003782163588016054
4.754e-07,0.007797788588016054
4.755e-07,0.009500913588016054
4.756e-07,0.007797788588016054
4.757e-07,0.003610288588016054
4.758e-07,-0.0002022112665179462
4.759e-07,-0.0014522114119839462
4.76e-07,-0.0002022112665179462
4.761e-07,0.0012665385880160538
4.762e-07,-0.0002022112665179462
4.763e-07,-0.003639711411983946
4.764e-07,-0.004202211411983946
4.765e-07,0.00011028878801605383
4.766e-07,0.003797788588016054
4.767e-07,0.002610288588016054
4.768e-07,-0.0002022112665179462
4.769e-07,0.0005946637880160538
4.77e-07,0.003797788588016054
4.771e-07,0.0050790385880160535
4.772e-07,0.003797788588016054
4.773e-07,0.0017352885880160538
4.774e-07,-0.0002022112665179462
4.775e-07,-0.0013897114119839462
4.776e-07,-0.0002022112665179462
4.777e-07,0.0027821635880160536
4.778e-07,0.003797788588016054
4.779e-07,0.0014852885880160538
4.78e-07,-0.0002022112665179462
4.781e-07,0.0017665385880160536
4.782e-07,0.003797788588016054
4.783e-07,0.0023759135880160537
4.784e-07,-0.0002022112665179462
4.785e-07,-0.0004990863119839462
4.786e-07,-0.0002022112665179462
4.787e-07,-0.0011240863119839463
4.788e-07,-0.0002022112665179462
4.789e-07,0.004360288588016054
4.79e-07,0.007797788588016054
4.791e-07,0.006329038588016054
4.792e-07,0.003797788588016054
4.793e-07,0.003954038588016053
4.794e-07,0.003797788588016054
4.795e-07,-1.471131198394618e-05
4.796e-07,-0.004202211411983946
4.797e-07,-0.003920961411983946
4.798e-07,-0.0002022112665179462
4.799e-07,0.002985288588016054
4.8e-07,0.003797788588016054
4.801e-07,0.003610288588016054
4.802e-07,0.003797788588016054
4.803e-07,0.004344663588016054
4.804e-07,0.003797788588016054
4.805e-07,0.001610288588016054
4.806e-07,-0.0002022112665179462
4.807e-07,0.0006259137880160539
4.808e-07,0.003797788588016054
4.809e-07,0.006829038588016054
4.81e-07,0.007797788588016054
4.811e-07,0.006344663588016054
4.812e-07,0.003797788588016054
4.813e-07,0.0014071635880160537
4.814e-07,-0.0002022112665179462
4.815e-07,-0.0006709613119839461
4.816e-07,-0.0002022112665179462
4.817e-07,0.0014852885880160538
4.818e-07,0.003797788588016054
4.819e-07,0.0050946635880160535
4.82e-07,0.003797788588016054
4.821e-07,0.0008446635880160539
4.822e-07,-0.0002022112665179462
4.823e-07,0.003000913588016054
4.824e-07,0.007797788588016054
4.825e-07,0.009875915588016053
4.826e-07,0.007797788588016054
4.827e-07,0.0033290385880160537
4.828e-07,-0.0002022112665179462
4.829e-07,-0.0011240863119839463
4.83e-07,-0.0002022112665179462
4.831e-07,0.0015165385880160538
4.832e-07,0.003797788588016054
4.833e-07,0.006344663588016054
4.834e-07,0.007797788588016054
4.835e-07,0.006719663588016054
4.836e-07,0.003797788588016054
4.837e-07,0.0011571635880160537
4.838e-07,-0.0002022112665179462
4.839e-07,-0.0003897113119839462
4.84e-07,-0.0002022112665179462
4.841e-07,-0.00010846126198394619
4.842e-07,-0.0002022112665179462
4.843e-07,0.0007509137880160539
4.844e-07,0.003797788588016054
4.845e-07,0.007547788588016054
4.846e-07,0.007797788588016054
4.847e-07,0.0034227885880160538
4.848e-07,-0.0002022112665179462
4.849e-07,0.0009384135880160537
4.85e-07,0.003797788588016054
4.851e-07,0.004282163588016054
4.852e-07,0.003797788588016054
4.853e-07,0.004438413588016054
4.854e-07,0.003797788588016054
4.855e-07,-0.00021783626198394618
4.856e-07,-0.004202211411983946
4.857e-07,-0.003827211411983946
4.858e-07,-0.0002022112665179462
4.859e-07,0.003063413588016054
4.86e-07,0.003797788588016054
4.861e-07,0.0032196635880160536
4.862e-07,0.003797788588016054
4.863e-07,0.005219663588016054
4.864e-07,0.003797788588016054
4.865e-07,-0.0011240863119839463
4.866e-07,-0.004202211411983946
4.867e-07,-0.0012803364119839463
4.868e-07,0.003797788588016054
4.869e-07,0.005329038588016054
4.87e-07,0.003797788588016054
4.871e-07,0.003047788588016054
4.872e-07,0.003797788588016054
4.873e-07,0.004219663588016054
4.874e-07,0.003797788588016054
4.875e-07,0.002469663588016054
4.876e-07,-0.0002022112665179462
4.877e-07,-0.0024365864119839462
4.878e-07,-0.0002022112665179462
4.879e-07,0.005579038588016054
4.88e-07,0.007797788588016054
4.881e-07,0.0023602885880160537
4.882e-07,-0.004202211411983946
4.883e-07,-0.004389711411983946
4.884e-07,-0.0002022112665179462
4.885e-07,0.0019540385880160538
4.886e-07,-0.0002022112665179462
4.887e-07,-0.004202211411983946
4.888e-07,-0.008202211411983946
4.889e-07,-0.009983461411983946
4.89e-07,-0.008202211411983946
4.891e-07,-0.0034365864119839462
4.892e-07,-0.0002022112665179462
4.893e-07,-0.00012408626198394618
4.894e-07,-0.0002022112665179462
4.895e-07,0.0028915385880160537
4.896e-07,0.007797788588016054
4.897e-07,0.010125915588016053
4.898e-07,0.007797788588016054
4.899e-07,0.002579038588016054
4.9e-07,-0.0002022112665179462
4.901e-07,0.0012509135880160538
4.902e-07,0.003797788588016054
4.903e-07,0.004204038588016054
4.904e-07,0.003797788588016054
4.905e-07,0.004282163588016054
4.906e-07,0.003797788588016054
4.907e-07,0.0002040387880160538
4.908e-07,-0.004202211411983946
4.909e-07,-0.0046553364119839465
4.91e-07,-0.0002022112665179462
4.911e-07,0.005860288588016054
4.912e-07,0.007797788588016054
4.913e-07,0.0040477885880160535
4.914e-07,-0.0002022112665179462
4.915e-07,-0.0007647113119839462
4.916e-07,-0.0002022112665179462
4.917e-07,-0.0010459613119839463
4.918e-07,-0.0002022112665179462
4.919e-07,0.004516538588016054
4.92e-07,0.007797788588016054
4.921e-07,0.004813413588016054
4.922e-07,-0.0002022112665179462
4.923e-07,-0.0014522114119839462
4.924e-07,-0.0002022112665179462
4.925e-07,0.0001259137880160538
4.926e-07,-0.0002022112665179462
4.927e-07,0.0011727885880160537
4.928e-07,0.003797788588016054
4.929e-07,0.0050634135880160535
4.93e-07,0.003797788588016054
4.931e-07,0.0012352885880160538
4.932e-07,-0.0002022112665179462
4.933e-07,0.0011571635880160537
4.934e-07,0.003797788588016054
4.935e-07,0.0050946635880160535
4.936e-07,0.003797788588016054
4.937e-07,0.0011727885880160537
4.938e-07,-0.0002022112665179462
4.939e-07,0.0010946635880160539
4.94e-07,0.003797788588016054
4.941e-07,0.006282163588016054
4.942e-07,0.007797788588016054
4.943e-07,0.008282163588016055
4.944e-07,0.007797788588016054
4.945e-07,0.0061102885880160536
4.946e-07,0.003797788588016054
4.947e-07,0.002547788588016054
4.948e-07,0.003797788588016054
4.949e-07,0.006688413588016054
4.95e-07,0.007797788588016054
4.951e-07,0.005657163588016054
4.952e-07,0.003797788588016054
4.953e-07,0.005313413588016054
4.954e-07,0.007797788588016054
4.955e-07,0.008282163588016055
4.956e-07,0.007797788588016054
4.957e-07,0.008000913588016054
4.958e-07,0.007797788588016054
4.959e-07,0.005719663588016054
4.96e-07,0.003797788588016054
4.961e-07,0.004563413588016054
4.962e-07,0.007797788588016054
4.963e-07,0.009954035588016054
4.964e-07,0.007797788588016054
4.965e-07,0.002500913588016054
4.966e-07,-0.0002022112665179462
4.967e-07,0.002110288588016054
4.968e-07,0.003797788588016054
4.969e-07,0.00039153878801605386
4.97e-07,-0.004202211411983946
4.971e-07,-0.003811586411983946
4.972e-07,-0.0002022112665179462
4.973e-07,0.002500913588016054
4.974e-07,0.003797788588016054
4.975e-07,0.004922788588016054
4.976e-07,0.003797788588016054
4.977e-07,0.0004384137880160538
4.978e-07,-0.0002022112665179462
4.979e-07,0.004219663588016054
4.98e-07,0.007797788588016054
4.981e-07,0.006204038588016054
4.982e-07,0.003797788588016054
4.983e-07,0.005329038588016054
4.984e-07,0.007797788588016054
4.985e-07,0.006672788588016054
4.986e-07,0.003797788588016054
4.987e-07,0.0040634135880160535
4.988e-07,0.007797788588016054
4.989e-07,0.011250915588016054
4.99e-07,0.011797785588016054
4.991e-07,0.009579038588016054
4.992e-07,0.007797788588016054
4.993e-07,0.008688413588016053
4.994e-07,0.011797785588016054
4.995e-07,0.013516535588016054
4.996e-07,0.011797785588016054
4.997e-07,0.007250913588016054
4.998e-07,0.003797788588016054
4.999e-07,0.0033134135880160537
5e-07,0.003797788588016054
5.001e-07,0.002672788588016054
5.002e-07,-0.0002022112665179462
5.003e-07,-0.0026240864119839464
5.004e-07,-0.004202211411983946
5.005e-07,-0.0046865864119839465
5.006e-07,-0.004202211411983946
5.007e-07,-0.002264711411983946
5.008e-07,-0.0002022112665179462
5.009e-07,0.0017040385880160538
5.01e-07,0.003797788588016054
5.011e-07,0.006391538588016054
5.012e-07,0.007797788588016054
5.013e-07,0.006610288588016054
5.014e-07,0.003797788588016054
5.015e-07,0.0012665385880160538
5.016e-07,-0.0002022112665179462
5.017e-07,0.00017278878801605383
5.018e-07,0.003797788588016054
5.019e-07,0.009188413588016054
5.02e-07,0.011797785588016054
5.021e-07,0.009563413588016054
5.022e-07,0.007797788588016054
5.023e-07,0.010000915588016053
5.024e-07,0.011797785588016054
5.025e-07,0.008610288588016053
5.026e-07,0.003797788588016054
5.027e-07,0.0015165385880160538
5.028e-07,-0.0002022112665179462
5.029e-07,-0.003311586411983946
5.03e-07,-0.004202211411983946
5.031e-07,0.0009384135880160537
5.032e-07,0.007797788588016054
5.033e-07,0.010188415588016054
5.034e-07,0.007797788588016054
5.035e-07,0.004719663588016054
5.036e-07,0.003797788588016054
5.037e-07,0.005391538588016054
5.038e-07,0.007797788588016054
5.039e-07,0.008000913588016054
5.04e-07,0.003797788588016054
5.041e-07,-0.0024990864119839463
5.042e-07,-0.004202211411983946
5.043e-07,0.0013290385880160539
5.044e-07,0.007797788588016054
5.045e-07,0.009454038588016054
5.046e-07,0.007797788588016054
5.047e-07,0.007219663588016054
5.048e-07,0.007797788588016054
5.049e-07,0.006766538588016054
5.05e-07,0.003797788588016054
5.051e-07,0.0019227885880160537
5.052e-07,0.003797788588016054
5.053e-07,0.008516538588016053
5.054e-07,0.011797785588016054
5.055e-07,0.010672785588016053
5.056e-07,0.007797788588016054
5.057e-07,0.006844663588016054
5.058e-07,0.007797788588016054
5.059e-07,0.008375913588016053
5.06e-07,0.007797788588016054
5.061e-07,0.007329038588016054
5.062e-07,0.007797788588016054
5.063e-07,0.008375913588016053
5.064e-07,0.007797788588016054
5.065e-07,0.005735288588016054
5.066e-07,0.003797788588016054
5.067e-07,0.004438413588016054
5.068e-07,0.007797788588016054
5.069e-07,0.011329035588016054
5.07e-07,0.011797785588016054
5.071e-07,0.008422788588016053
5.072e-07,0.003797788588016054
5.073e-07,0.0017352885880160538
5.074e-07,0.003797788588016054
5.075e-07,0.007500913588016054
5.076e-07,0.007797788588016054
5.077e-07,0.004594663588016054
5.078e-07,0.003797788588016054
5.079e-07,0.008125913588016054
5.08e-07,0.011797785588016054
5.081e-07,0.009172788588016054
5.082e-07,0.003797788588016054
5.083e-07,0.0029384135880160538
5.084e-07,0.007797788588016054
5.085e-07,0.012610285588016053
5.086e-07,0.011797785588016054
5.087e-07,0.005344663588016054
5.088e-07,-0.0002022112665179462
5.089e-07,0.0001884137880160538
5.09e-07,0.003797788588016054
5.091e-07,0.005344663588016054
5.092e-07,0.003797788588016054
5.093e-07,0.0015634135880160539
5.094e-07,-0.0002022112665179462
5.095e-07,-0.0010303363119839462
5.096e-07,-0.0002022112665179462
5.097e-07,0.0023759135880160537
5.098e-07,0.003797788588016054
5.099e-07,0.002500913588016054
5.1e-07,-0.0002022112665179462
5.101e-07,-0.0014678364119839462
5.102e-07,-0.0002022112665179462
5.103e-07,0.002454038588016054
5.104e-07,0.003797788588016054
5.105e-07,0.003485288588016054
5.106e-07,0.003797788588016054
5.107e-07,0.0060321635880160535
5.108e-07,0.007797788588016054
5.109e-07,0.006547788588016054
5.11e-07,0.003797788588016054
5.111e-07,0.002485288588016054
5.112e-07,0.003797788588016054
5.113e-07,0.006125913588016054
5.114e-07,0.007797788588016054
5.115e-07,0.008110288588016054
5.116e-07,0.007797788588016054
5.117e-07,0.006735288588016054
5.118e-07,0.003797788588016054
5.119e-07,-0.0008897113119839462
5.12e-07,-0.004202211411983946
5.121e-07,-0.003295961411983946
5.122e-07,-0.0002022112665179462
5.123e-07,0.002485288588016054
5.124e-07,0.003797788588016054
5.125e-07,0.004422788588016054
5.126e-07,0.003797788588016054
5.127e-07,0.0017352885880160538
5.128e-07,-0.0002022112665179462
5.129e-07,0.0003134137880160538
5.13e-07,0.003797788588016054
5.131e-07,0.008454038588016053
5.132e-07,0.011797785588016054
5.133e-07,0.011454035588016054
5.134e-07,0.007797788588016054
5.135e-07,0.0028446635880160537
5.136e-07,-0.0002022112665179462
5.137e-07,-0.00028033627198394617
5.138e-07,-0.0002022112665179462
5.139e-07,-0.0009678363119839462
5.14e-07,-0.0002022112665179462
5.141e-07,0.0028446635880160537
5.142e-07,0.003797788588016054
5.143e-07,0.0009852885880160538
5.144e-07,-0.0002022112665179462
5.145e-07,0.0050634135880160535
5.146e-07,0.011797785588016054
5.147e-07,0.012735285588016053
5.148e-07,0.007797788588016054
5.149e-07,0.002204038588016054
5.15e-07,-0.0002022112665179462
5.151e-07,0.0010321635880160538
5.152e-07,0.003797788588016054
5.153e-07,0.006329038588016054
5.154e-07,0.007797788588016054
5.155e-07,0.009219663588016054
5.156e-07,0.011797785588016054
5.157e-07,0.014735285588016053
5.158e-07,0.015797785588016054
5.159e-07,0.013985285588016054
5.16e-07,0.011797785588016054
5.161e-07,0.011188415588016054
5.162e-07,0.011797785588016054
5.163e-07,0.011829035588016054
5.164e-07,0.011797785588016054
5.165e-07,0.012063415588016053
5.166e-07,0.011797785588016054
5.167e-07,0.010032165588016053
5.168e-07,0.007797788588016054
5.169e-07,0.0070009135880160535
5.17e-07,0.007797788588016054
5.171e-07,0.008688413588016053
5.172e-07,0.007797788588016054
5.173e-07,0.005329038588016054
5.174e-07,0.003797788588016054
5.175e-07,0.005157163588016054
5.176e-07,0.007797788588016054
5.177e-07,0.009000913588016054
5.178e-07,0.007797788588016054
5.179e-07,0.005407163588016054
5.18e-07,0.003797788588016054
5.181e-07,0.003641538588016054
5.182e-07,0.003797788588016054
5.183e-07,0.003657163588016054
5.184e-07,0.003797788588016054
5.185e-07,0.004438413588016054
5.186e-07,0.003797788588016054
5.187e-07,0.0013290385880160539
5.188e-07,-0.0002022112665179462
5.189e-07,0.001610288588016054
5.19e-07,0.003797788588016054
5.191e-07,0.0040321635880160535
5.192e-07,0.003797788588016054
5.193e-07,0.004610288588016054
5.194e-07,0.003797788588016054
5.195e-07,0.0005477887880160538
5.196e-07,-0.0002022112665179462
5.197e-07,0.005172788588016054
5.198e-07,0.011797785588016054
5.199e-07,0.013563415588016053
5.2e-07,0.011797785588016054
5.201e-07,0.009797788588016054
5.202e-07,0.007797788588016054
5.203e-07,0.0050009135880160534
5.204e-07,0.003797788588016054
5.205e-07,0.005750913588016054
5.206e-07,0.007797788588016054
5.207e-07,0.006672788588016054
5.208e-07,0.003797788588016054
5.209e-07,0.002454038588016054
5.21e-07,0.003797788588016054
5.211e-07,0.006375913588016054
5.212e-07,0.007797788588016054
5.213e-07,0.007641538588016054
5.214e-07,0.007797788588016054
5.215e-07,0.008657163588016053
5.216e-07,0.007797788588016054
5.217e-07,0.003938413588016054
5.218e-07,-0.0002022112665179462
5.219e-07,-0.0012178364119839462
5.22e-07,-0.0002022112665179462
5.221e-07,0.0003134137880160538
5.222e-07,-0.0002022112665179462
5.223e-07,0.0005321637880160538
5.224e-07,0.003797788588016054
5.225e-07,0.008594663588016053
5.226e-07,0.011797785588016054
5.227e-07,0.011157165588016054
5.228e-07,0.007797788588016054
5.229e-07,0.004610288588016054
5.23e-07,0.003797788588016054
5.231e-07,0.004313413588016054
5.232e-07,0.003797788588016054
5.233e-07,0.0016415385880160537
5.234e-07,-0.0002022112665179462
5.235e-07,0.0008915385880160539
5.236e-07,0.003797788588016054
5.237e-07,0.005563413588016054
5.238e-07,0.003797788588016054
5.239e-07,0.0004540387880160538
5.24e-07,-0.0002022112665179462
5.241e-07,0.004454038588016054
5.242e-07,0.011797785588016054
5.243e-07,0.01645403558801605
5.244e-07,0.015797785588016054
5.245e-07,0.011297785588016054
5.246e-07,0.007797788588016054
5.247e-07,0.007250913588016054
5.248e-07,0.007797788588016054
5.249e-07,0.006500913588016054
5.25e-07,0.003797788588016054
5.251e-07,0.0023759135880160537
5.252e-07,0.003797788588016054
5.253e-07,0.006657163588016054
5.254e-07,0.007797788588016054
5.255e-07,0.006204038588016054
5.256e-07,0.003797788588016054
5.257e-07,0.003157163588016054
5.258e-07,0.003797788588016054
5.259e-07,0.004204038588016054
5.26e-07,0.003797788588016054
5.261e-07,0.003500913588016054
5.262e-07,0.003797788588016054
5.263e-07,0.004266538588016054
5.264e-07,0.003797788588016054
5.265e-07,0.0029384135880160538
5.266e-07,0.003797788588016054
5.267e-07,0.006407163588016054
5.268e-07,0.007797788588016054
5.269e-07,0.005954038588016053
5.27e-07,0.003797788588016054
5.271e-07,0.004735288588016054
5.272e-07,0.007797788588016054
5.273e-07,0.008375913588016053
5.274e-07,0.003797788588016054
5.275e-07,-0.003764711411983946
5.276e-07,-0.008202211411983946
5.277e-07,-0.005795961411983947
5.278e-07,-0.0002022112665179462
5.279e-07,0.0034071635880160538
5.28e-07,0.003797788588016054
5.281e-07,0.002485288588016054
5.282e-07,-0.0002022112665179462
5.283e-07,-0.003280336411983946
5.284e-07,-0.004202211411983946
5.285e-07,-0.0018428364119839461
5.286e-07,-0.0002022112665179462
5.287e-07,-0.001795961411983946
5.288e-07,-0.004202211411983946
5.289e-07,-0.0035615864119839464
5.29e-07,-0.0002022112665179462
5.291e-07,0.003063413588016054
5.292e-07,0.003797788588016054
5.293e-07,0.003016538588016054
5.294e-07,0.003797788588016054
5.295e-07,0.006313413588016054
5.296e-07,0.007797788588016054
5.297e-07,0.005907163588016053
5.298e-07,0.003797788588016054
5.299e-07,0.004688413588016054
5.3e-07,0.007797788588016054
5.301e-07,0.008282163588016055
5.302e-07,0.003797788588016054
5.303e-07,-0.0035459614119839463
5.304e-07,-0.008202211411983946
5.305e-07,-0.007233461411983946
5.306e-07,-0.004202211411983946
5.307e-07,-0.0030772114119839464
5.308e-07,-0.004202211411983946
5.309e-07,-0.0047022114119839465
5.31e-07,-0.004202211411983946
5.311e-07,-0.003670961411983946
5.312e-07,-0.004202211411983946
5.313e-07,-0.0047334614119839465
5.314e-07,-0.004202211411983946
5.315e-07,-0.002264711411983946
5.316e-07,-0.0002022112665179462
5.317e-07,0.0002977887880160538
5.318e-07,-0.0002022112665179462
5.319e-07,-0.0005303363119839462
5.32e-07,-0.0002022112665179462
5.321e-07,-3.0336311983946194e-05
5.322e-07,-0.0002022112665179462
5.323e-07,-0.0013897114119839462
5.324e-07,-0.004202211411983946
5.325e-07,-0.007467836411983946
5.326e-07,-0.008202211411983946
5.327e-07,-0.0057178364119839465
5.328e-07,-0.004202211411983946
5.329e-07,-0.006108461411983946
5.33e-07,-0.008202211411983946
5.331e-07,-0.006780336411983947
5.332e-07,-0.004202211411983946
5.333e-07,-0.003655336411983946
5.334e-07,-0.004202211411983946
5.335e-07,-0.003874086411983946
5.336e-07,-0.004202211411983946
5.337e-07,-0.006514711411983946
5.338e-07,-0.008202211411983946
5.339e-07,-0.006733461411983947
5.34e-07,-0.004202211411983946
5.341e-07,-0.0034834614119839463
5.342e-07,-0.004202211411983946
5.343e-07,-0.004514711411983946
5.344e-07,-0.004202211411983946
5.345e-07,-0.004108461411983946
5.346e-07,-0.004202211411983946
5.347e-07,-0.004249086411983946
5.348e-07,-0.004202211411983946
5.349e-07,-0.004280336411983946
5.35e-07,-0.004202211411983946
5.351e-07,-0.004045961411983946
5.352e-07,-0.004202211411983946
5.353e-07,-0.005405336411983946
5.354e-07,-0.008202211411983946
5.355e-07,-0.011233464411983946
5.356e-07,-0.012202214411983946
5.357e-07,-0.010264714411983946
5.358e-07,-0.008202211411983946
5.359e-07,-0.007952211411983946
5.36e-07,-0.008202211411983946
5.361e-07,-0.0066240864119839465
5.362e-07,-0.004202211411983946
5.363e-07,-0.003170961411983946
5.364e-07,-0.004202211411983946
5.365e-07,-0.006405336411983946
5.366e-07,-0.008202211411983946
5.367e-07,-0.008764711411983947
5.368e-07,-0.008202211411983946
5.369e-07,-0.0066709614119839465
5.37e-07,-0.004202211411983946
5.371e-07,-0.002374086411983946
5.372e-07,-0.004202211411983946
5.373e-07,-0.009389711411983945
5.374e-07,-0.012202214411983946
5.375e-07,-0.009045961411983947
5.376e-07,-0.004202211411983946
5.377e-07,-0.0029209614119839462
5.378e-07,-0.004202211411983946
5.379e-07,-0.004561586411983946
5.38e-07,-0.004202211411983946
5.381e-07,-0.005280336411983946
5.382e-07,-0.008202211411983946
5.383e-07,-0.010889714411983947
5.384e-07,-0.012202214411983946
5.385e-07,-0.011280334411983946
5.386e-07,-0.008202211411983946
5.387e-07,-0.003795961411983946
5.388e-07,-0.0002022112665179462
5.389e-07,0.0018759135880160537
5.39e-07,0.003797788588016054
5.391e-07,0.005172788588016054
5.392e-07,0.003797788588016054
5.393e-07,-0.0009678363119839462
5.394e-07,-0.004202211411983946
5.395e-07,-0.0029678364119839463
5.396e-07,-0.0002022112665179462
5.397e-07,-0.0008272113119839462
5.398e-07,-0.004202211411983946
5.399e-07,-0.007014711411983946
5.4e-07,-0.008202211411983946
5.401e-07,-0.008295961411983946
5.402e-07,-0.008202211411983946
5.403e-07,-0.007936586411983946
5.404e-07,-0.008202211411983946
5.405e-07,-0.008467836411983946
5.406e-07,-0.008202211411983946
5.407e-07,-0.0066709614119839465
5.408e-07,-0.004202211411983946
5.409e-07,-0.0025147114119839463
5.41e-07,-0.004202211411983946
5.411e-07,-0.008030336411983946
5.412e-07,-0.008202211411983946
5.413e-07,-0.003374086411983946
5.414e-07,-0.0002022112665179462
5.415e-07,-0.003639711411983946
5.416e-07,-0.008202211411983946
5.417e-07,-0.007499086411983946
5.418e-07,-0.004202211411983946
5.419e-07,-0.004358461411983946
5.42e-07,-0.008202211411983946
5.421e-07,-0.011592834411983947
5.422e-07,-0.012202214411983946
5.423e-07,-0.010514714411983947
5.424e-07,-0.008202211411983946
5.425e-07,-0.005967836411983946
5.426e-07,-0.004202211411983946
5.427e-07,-0.003327211411983946
5.428e-07,-0.004202211411983946
5.429e-07,-0.0076240864119839465
5.43e-07,-0.012202214411983946
5.431e-07,-0.014499084411983946
5.432e-07,-0.012202214411983946
5.433e-07,-0.006780336411983947
5.434e-07,-0.004202211411983946
5.435e-07,-0.007405336411983946
5.436e-07,-0.012202214411983946
5.437e-07,-0.013467834411983947
5.438e-07,-0.012202214411983946
5.439e-07,-0.010655334411983946
5.44e-07,-0.008202211411983946
5.441e-07,-0.003717836411983946
5.442e-07,-0.0002022112665179462
5.443e-07,-0.0010147113119839462
5.444e-07,-0.004202211411983946
5.445e-07,-0.006749086411983947
5.446e-07,-0.008202211411983946
5.447e-07,-0.008983461411983947
5.448e-07,-0.008202211411983946
5.449e-07,-0.005780336411983947
5.45e-07,-0.004202211411983946
5.451e-07,-0.0056240864119839465
5.452e-07,-0.008202211411983946
5.453e-07,-0.009077211411983947
5.454e-07,-0.008202211411983946
5.455e-07,-0.006374086411983946
5.456e-07,-0.004202211411983946
5.457e-07,-0.002764711411983946
5.458e-07,-0.004202211411983946
5.459e-07,-0.008670961411983947
5.46e-07,-0.012202214411983946
5.461e-07,-0.011389714411983946
5.462e-07,-0.008202211411983946
5.463e-07,-0.0057022114119839465
5.464e-07,-0.004202211411983946
5.465e-07,-0.003264711411983946
5.466e-07,-0.004202211411983946
5.467e-07,-0.007217836411983946
5.468e-07,-0.008202211411983946
5.469e-07,-0.005545961411983946
5.47e-07,-0.004202211411983946
5.471e-07,-0.006842836411983946
5.472e-07,-0.008202211411983946
5.473e-07,-0.005233461411983946
5.474e-07,-0.004202211411983946
5.475e-07,-0.009889711411983946
5.476e-07,-0.016202214411983946
5.477e-07,-0.014749084411983946
5.478e-07,-0.008202211411983946
5.479e-07,-0.003733461411983946
5.48e-07,-0.004202211411983946
5.481e-07,-0.006764711411983947
5.482e-07,-0.008202211411983946
5.483e-07,-0.007077211411983946
5.484e-07,-0.004202211411983946
5.485e-07,-0.0014365864119839462
5.486e-07,-0.0002022112665179462
5.487e-07,-0.0003584613119839462
5.488e-07,-0.0002022112665179462
5.489e-07,0.0001884137880160538
5.49e-07,-0.0002022112665179462
5.491e-07,-0.002170961411983946
5.492e-07,-0.004202211411983946
5.493e-07,-0.0046709614119839465
5.494e-07,-0.004202211411983946
5.495e-07,-0.004108461411983946
5.496e-07,-0.004202211411983946
5.497e-07,-0.004014711411983946
5.498e-07,-0.004202211411983946
5.499e-07,-0.0047647114119839466
5.5e-07,-0.004202211411983946
5.501e-07,-0.0018897114119839462
5.502e-07,-0.0002022112665179462
5.503e-07,-0.0012647114119839463
5.504e-07,-0.004202211411983946
5.505e-07,-0.006889711411983946
5.506e-07,-0.008202211411983946
5.507e-07,-0.008405336411983946
5.508e-07,-0.008202211411983946
5.509e-07,-0.006999086411983946
5.51e-07,-0.004202211411983946
5.511e-07,-0.0007959613119839461
5.512e-07,-0.0002022112665179462
5.513e-07,-0.003733461411983946
5.514e-07,-0.008202211411983946
5.515e-07,-0.009608461411983946
5.516e-07,-0.008202211411983946
5.517e-07,-0.006092836411983946
5.518e-07,-0.004202211411983946
5.519e-07,-0.002264711411983946
5.52e-07,-0.0002022112665179462
5.521e-07,0.0008759135880160539
5.522e-07,-0.0002022112665179462
5.523e-07,-0.002764711411983946
5.524e-07,-0.004202211411983946
5.525e-07,-0.003764711411983946
5.526e-07,-0.004202211411983946
5.527e-07,-0.006952211411983946
5.528e-07,-0.008202211411983946
5.529e-07,-0.004905336411983946
5.53e-07,-0.0002022112665179462
5.531e-07,0.0014384135880160537
5.532e-07,-0.0002022112665179462
5.533e-07,-0.0024522114119839462
5.534e-07,-0.004202211411983946
5.535e-07,-0.006092836411983946
5.536e-07,-0.008202211411983946
5.537e-07,-0.009280336411983945
5.538e-07,-0.008202211411983946
5.539e-07,-0.004530336411983946
5.54e-07,-0.0002022112665179462
5.541e-07,0.0018602885880160537
5.542e-07,-0.0002022112665179462
5.543e-07,-0.004905336411983946
5.544e-07,-0.008202211411983946
5.545e-07,-0.007436586411983946
5.546e-07,-0.004202211411983946
5.547e-07,-0.0015303364119839463
5.548e-07,-0.0002022112665179462
5.549e-07,0.00011028878801605383
5.55e-07,-0.0002022112665179462
5.551e-07,-0.0017334614119839462
5.552e-07,-0.004202211411983946
5.553e-07,-0.006514711411983946
5.554e-07,-0.008202211411983946
5.555e-07,-0.008608461411983947
5.556e-07,-0.008202211411983946
5.557e-07,-0.007780336411983946
5.558e-07,-0.008202211411983946
5.559e-07,-0.008749086411983947
5.56e-07,-0.008202211411983946
5.561e-07,-0.005092836411983946
5.562e-07,-0.0002022112665179462
5.563e-07,0.003579038588016054
5.564e-07,0.003797788588016054
5.565e-07,-3.0336311983946194e-05
5.566e-07,-0.004202211411983946
5.567e-07,-0.0056397114119839465
5.568e-07,-0.004202211411983946
5.569e-07,-0.002889711411983946
5.57e-07,-0.004202211411983946
5.571e-07,-0.008186586411983946
5.572e-07,-0.012202214411983946
5.573e-07,-0.013561584411983947
5.574e-07,-0.012202214411983946
5.575e-07,-0.009624086411983946
5.576e-07,-0.008202211411983946
5.577e-07,-0.008061586411983946
5.578e-07,-0.008202211411983946
5.579e-07,-0.007842836411983946
5.58e-07,-0.008202211411983946
5.581e-07,-0.009952211411983946
5.582e-07,-0.012202214411983946
5.583e-07,-0.012983464411983945
5.584e-07,-0.012202214411983946
5.585e-07,-0.010436584411983946
5.586e-07,-0.008202211411983946
5.587e-07,-0.0056709614119839465
5.588e-07,-0.004202211411983946
5.589e-07,-0.004202211411983946
5.59e-07,-0.004202211411983946
5.591e-07,-0.003624086411983946
5.592e-07,-0.004202211411983946
5.593e-07,-0.005764711411983947
5.594e-07,-0.004202211411983946
5.595e-07,0.0010790385880160539
5.596e-07,0.003797788588016054
5.597e-07,3.216368801605381e-05
5.598e-07,-0.004202211411983946
5.599e-07,-0.0030615864119839463
5.6e-07,-0.0002022112665179462
5.601e-07,-0.0014209614119839462
5.602e-07,-0.004202211411983946
5.603e-07,-0.0035459614119839463
5.604e-07,-0.0002022112665179462
5.605e-07,0.0023915385880160537
5.606e-07,0.003797788588016054
5.607e-07,0.003579038588016054
5.608e-07,-0.0002022112665179462
5.609e-07,-0.007295961411983946
5.61e-07,-0.012202214411983946
5.611e-07,-0.010264714411983946
5.612e-07,-0.004202211411983946
5.613e-07,0.0002665387880160538
5.614e-07,-0.0002022112665179462
5.615e-07,-0.004233461411983946
5.616e-07,-0.008202211411983946
5.617e-07,-0.009249086411983945
5.618e-07,-0.008202211411983946
5.619e-07,-0.006233461411983946
5.62e-07,-0.004202211411983946
5.621e-07,-0.0019522114119839462
5.622e-07,-0.0002022112665179462
5.623e-07,0.00017278878801605383
5.624e-07,-0.0002022112665179462
5.625e-07,-0.0004209613119839462
5.626e-07,-0.0002022112665179462
5.627e-07,-3.0336311983946194e-05
5.628e-07,-0.0002022112665179462
5.629e-07,-0.0006553363119839461
5.63e-07,-0.0002022112665179462
5.631e-07,0.0005477887880160538
5.632e-07,-0.0002022112665179462
5.633e-07,-0.002686586411983946
5.634e-07,-0.004202211411983946
5.635e-07,-0.0026084614119839464
5.636e-07,-0.0002022112665179462
5.637e-07,-0.00045221131198394616
5.638e-07,-0.004202211411983946
5.639e-07,-0.008108461411983946
5.64e-07,-0.008202211411983946
5.641e-07,-0.003952211411983946
5.642e-07,-0.0002022112665179462
5.643e-07,6.341368801605381e-05
5.644e-07,-0.0002022112665179462
5.645e-07,0.0018759135880160537
5.646e-07,0.003797788588016054
5.647e-07,0.0022821635880160536
5.648e-07,-0.0002022112665179462
5.649e-07,-0.0004990863119839462
5.65e-07,-0.0002022112665179462
5.651e-07,-0.0019522114119839462
5.652e-07,-0.004202211411983946
5.653e-07,-0.0046553364119839465
5.654e-07,-0.004202211411983946
5.655e-07,-0.004280336411983946
5.656e-07,-0.004202211411983946
5.657e-07,-0.0025147114119839463
5.658e-07,-0.0002022112665179462
5.659e-07,0.0008915385880160539
5.66e-07,-0.0002022112665179462
5.661e-07,-0.0024522114119839462
5.662e-07,-0.004202211411983946
5.663e-07,-0.004561586411983946
5.664e-07,-0.004202211411983946
5.665e-07,-0.004155336411983946
5.666e-07,-0.004202211411983946
5.667e-07,-0.0030147114119839463
5.668e-07,-0.0002022112665179462
5.669e-07,0.0028290385880160537
5.67e-07,0.003797788588016054
5.671e-07,0.0011571635880160537
5.672e-07,-0.004202211411983946
5.673e-07,-0.008514711411983946
5.674e-07,-0.008202211411983946
5.675e-07,-0.0036084614119839464
5.676e-07,-0.0002022112665179462
5.677e-07,-0.0014522114119839462
5.678e-07,-0.004202211411983946
5.679e-07,-0.003733461411983946
5.68e-07,-0.0002022112665179462
5.681e-07,0.003000913588016054
5.682e-07,0.003797788588016054
5.683e-07,0.002235288588016054
5.684e-07,-0.0002022112665179462
5.685e-07,-0.0026084614119839464
5.686e-07,-0.004202211411983946
5.687e-07,-0.0046709614119839465
5.688e-07,-0.004202211411983946
5.689e-07,-0.003405336411983946
5.69e-07,-0.004202211411983946
5.691e-07,-0.0066084614119839465
5.692e-07,-0.008202211411983946
5.693e-07,-0.006749086411983947
5.694e-07,-0.004202211411983946
5.695e-07,-0.002124086411983946
5.696e-07,-0.0002022112665179462
5.697e-07,0.0022821635880160536
5.698e-07,0.003797788588016054
5.699e-07,0.002516538588016054
5.7e-07,-0.0002022112665179462
5.701e-07,-0.0016865864119839462
5.702e-07,-0.0002022112665179462
5.703e-07,0.002688413588016054
5.704e-07,0.003797788588016054
5.705e-07,0.0018759135880160537
5.706e-07,-0.0002022112665179462
5.707e-07,-0.00028033627198394617
5.708e-07,-0.0002022112665179462
5.709e-07,-0.0020147114119839463
5.71e-07,-0.004202211411983946
5.711e-07,-0.0035459614119839463
5.712e-07,-0.0002022112665179462
5.713e-07,0.003000913588016054
5.714e-07,0.003797788588016054
5.715e-07,0.002110288588016054
5.716e-07,-0.0002022112665179462
5.717e-07,-0.0010928363119839463
5.718e-07,-0.0002022112665179462
5.719e-07,0.0007196637880160538
5.72e-07,-0.0002022112665179462
5.721e-07,-0.002670961411983946
5.722e-07,-0.004202211411983946
5.723e-07,-0.002858461411983946
5.724e-07,-0.0002022112665179462
5.725e-07,0.0010946635880160539
5.726e-07,-0.0002022112665179462
5.727e-07,-0.002670961411983946
5.728e-07,-0.004202211411983946
5.729e-07,-0.003233461411983946
5.73e-07,-0.0002022112665179462
5.731e-07,0.0029384135880160538
5.732e-07,0.003797788588016054
5.733e-07,0.0018915385880160537
5.734e-07,-0.0002022112665179462
5.735e-07,-0.0006709613119839461
5.736e-07,-0.0002022112665179462
5.737e-07,-0.0001709612619839462
5.738e-07,-0.0002022112665179462
5.739e-07,0.0001259137880160538
5.74e-07,-0.0002022112665179462
5.741e-07,-0.002061586411983946
5.742e-07,-0.004202211411983946
5.743e-07,-0.0047490864119839465
5.744e-07,-0.004202211411983946
5.745e-07,-0.003717836411983946
5.746e-07,-0.004202211411983946
5.747e-07,-0.0047490864119839465
5.748e-07,-0.004202211411983946
5.749e-07,-0.002124086411983946
5.75e-07,-0.0002022112665179462
5.751e-07,7.903868801605382e-05
5.752e-07,-0.0002022112665179462
5.753e-07,1.653868801605382e-05
5.754e-07,-0.0002022112665179462
5.755e-07,-0.0010928363119839463
5.756e-07,-0.0002022112665179462
5.757e-07,0.0019540385880160538
5.758e-07,-0.0002022112665179462
5.759e-07,-0.007717836411983947
5.76e-07,-0.012202214411983946
5.761e-07,-0.007514711411983946
5.762e-07,-0.0002022112665179462
5.763e-07,0.0017196635880160538
5.764e-07,-0.0002022112665179462
5.765e-07,0.0002665387880160538
5.766e-07,0.003797788588016054
5.767e-07,0.005938413588016053
5.768e-07,0.003797788588016054
5.769e-07,-0.0011865863119839462
5.77e-07,-0.004202211411983946
5.771e-07,-0.002905336411983946
5.772e-07,-0.0002022112665179462
5.773e-07,0.00037591378801605385
5.774e-07,-0.0002022112665179462
5.775e-07,0.0001884137880160538
5.776e-07,-0.0002022112665179462
5.777e-07,-0.0026084614119839464
5.778e-07,-0.004202211411983946
5.779e-07,-0.002342836411983946
5.78e-07,-0.0002022112665179462
5.781e-07,-0.00028033627198394617
5.782e-07,-0.0002022112665179462
5.783e-07,0.002063413588016054
5.784e-07,0.003797788588016054
5.785e-07,0.002188413588016054
5.786e-07,-0.0002022112665179462
5.787e-07,0.0005165387880160538
5.788e-07,0.003797788588016054
5.789e-07,0.005719663588016054
5.79e-07,0.003797788588016054
5.791e-07,-0.0008272113119839462
5.792e-07,-0.004202211411983946
5.793e-07,-0.0036084614119839464
5.794e-07,-0.0002022112665179462
5.795e-07,0.0029384135880160538
5.796e-07,0.003797788588016054
5.797e-07,0.0033134135880160537
5.798e-07,0.003797788588016054
5.799e-07,0.004985288588016053
5.8e-07,0.003797788588016054
5.801e-07,-0.0006553363119839461
5.802e-07,-0.004202211411983946
5.803e-07,-0.003217836411983946
5.804e-07,-0.0002022112665179462
5.805e-07,0.0006884137880160538
5.806e-07,-0.0002022112665179462
5.807e-07,-0.00045221131198394616
5.808e-07,-0.0002022112665179462
5.809e-07,-0.0002959612719839462
5.81e-07,-0.0002022112665179462
5.811e-07,0.0004540387880160538
5.812e-07,-0.0002022112665179462
5.813e-07,-0.002733461411983946
5.814e-07,-0.004202211411983946
5.815e-07,-0.0025928364119839464
5.816e-07,-0.0002022112665179462
5.817e-07,0.0002821637880160538
5.818e-07,-0.0002022112665179462
5.819e-07,3.216368801605381e-05
5.82e-07,-0.0002022112665179462
5.821e-07,-0.002124086411983946
5.822e-07,-0.004202211411983946
5.823e-07,-0.004358461411983946
5.824e-07,-0.004202211411983946
5.825e-07,-0.0047334614119839465
