-3.84e-08,-0.0008927918372992718
-3.83e-08,-0.0006349798372992719
-3.82e-08,0.001466583162700728
-3.81e-08,0.0033650211627007285
-3.8e-08,0.002435333162700728
-3.79e-08,-0.0006349798372992719
-3.78e-08,-0.0029865418372992717
-3.77e-08,-0.0026349793704962717
-3.76e-08,-0.0003146668372992719
-3.75e-08,0.0013650211627007284
-3.74e-08,0.0008415831627007282
-3.73e-08,-0.0006349798372992719
-3.72e-08,-0.001103729837299272
-3.71e-08,-0.0006349798372992719
-3.7e-08,-0.000392791837299272
-3.69e-08,-0.0006349798372992719
-3.68e-08,-0.0007521668372992719
-3.67e-08,-0.0006349798372992719
-3.66e-08,-0.00015841683729927178
-3.65e-08,0.0013650211627007284
-3.64e-08,0.0032712711627007284
-3.63e-08,0.0033650211627007285
-3.62e-08,0.001013458162700728
-3.61e-08,-0.0006349798372992719
-3.6e-08,0.00024783316270072814
-3.59e-08,0.0013650211627007284
-3.58e-08,0.0004040831627007283
-3.57e-08,-0.0006349798372992719
-3.56e-08,0.00028689616270072835
-3.55e-08,0.0013650211627007284
-3.54e-08,-9.978837299271914e-06
-3.53e-08,-0.0026349793704962717
-3.52e-08,-0.003603729337299272
-3.51e-08,-0.0026349793704962717
-3.5e-08,-0.0012052918372992718
-3.49e-08,-0.0006349798372992719
-3.48e-08,-0.0012365418372992719
-3.47e-08,-0.0026349793704962717
-3.46e-08,-0.0035256043372992717
-3.45e-08,-0.0026349793704962717
-3.44e-08,-0.0002677918372992719
-3.43e-08,0.0013650211627007284
-3.42e-08,0.0008025211627007284
-3.41e-08,-0.0006349798372992719
-3.4e-08,-0.0012365418372992719
-3.39e-08,-0.0006349798372992719
-3.38e-08,-0.00011935383729927201
-3.37e-08,-0.0006349798372992719
-3.36e-08,-0.0018771668372992718
-3.35e-08,-0.0026349793704962717
-3.34e-08,-0.0025256043372992717
-3.33e-08,-0.0026349793704962717
-3.32e-08,-0.003603729337299272
-3.31e-08,-0.0046349798372992725
-3.3e-08,-0.004197479837299272
-3.29e-08,-0.0026349793704962717
-3.28e-08,-0.0011271668372992718
-3.27e-08,-0.0006349798372992719
-3.26e-08,-0.0008693548372992719
-3.25e-08,-0.0006349798372992719
-3.24e-08,0.0004040831627007283
-3.23e-08,0.0013650211627007284
-3.22e-08,0.0014040831627007279
-3.21e-08,0.0013650211627007284
-3.2e-08,0.0016775211627007279
-3.19e-08,0.0013650211627007284
-3.18e-08,-0.00048654183729927164
-3.17e-08,-0.0026349793704962717
-3.16e-08,-0.0033459168372992716
-3.15e-08,-0.0026349793704962717
-3.14e-08,-0.0015412298372992719
-3.13e-08,-0.0006349798372992719
-3.12e-08,0.0003103331627007282
-3.11e-08,0.0013650211627007284
-3.1e-08,0.0024587711627007285
-3.09e-08,0.0033650211627007285
-3.08e-08,0.0032087711627007283
-3.07e-08,0.0013650211627007284
-3.06e-08,-0.0014240418372992718
-3.05e-08,-0.0026349793704962717
-3.04e-08,-0.001103729837299272
-3.03e-08,0.0013650211627007284
-3.02e-08,0.0022087711627007283
-3.01e-08,0.0013650211627007284
-3e-08,0.00014627116270072823
-2.99e-08,-0.0006349798372992719
-2.98e-08,-0.0008224798372992719
-2.97e-08,-0.0006349798372992719
-2.96e-08,-0.0003146668372992719
-2.95e-08,-0.0006349798372992719
-2.94e-08,-0.0017443543372992719
-2.93e-08,-0.0026349793704962717
-2.92e-08,-0.002205291837299272
-2.91e-08,-0.0006349798372992719
-2.9e-08,0.0014040831627007279
-2.89e-08,0.0033650211627007285
-2.88e-08,0.004318146162700728
-2.87e-08,0.0033650211627007285
-2.86e-08,0.0008728331627007283
-2.85e-08,-0.0006349798372992719
-2.84e-08,0.0001306461627007282
-2.83e-08,0.0013650211627007284
-2.82e-08,0.0008572081627007283
-2.81e-08,-0.0006349798372992719
-2.8e-08,-0.0012443548372992718
-2.79e-08,-0.0006349798372992719
-2.78e-08,0.000396271162700728
-2.77e-08,0.0013650211627007284
-2.76e-08,0.001927521162700728
-2.75e-08,0.0013650211627007284
-2.74e-08,-4.9041837299271685e-05
-2.73e-08,-0.0006349798372992719
-2.72e-08,0.0003259581627007282
-2.71e-08,0.0013650211627007284
-2.7e-08,0.000849396162700728
-2.69e-08,-0.0006349798372992719
-2.68e-08,-0.0013615418372992718
-2.67e-08,-0.0006349798372992719
-2.66e-08,0.0007165831627007281
-2.65e-08,0.0013650211627007284
-2.64e-08,0.0007165831627007281
-2.63e-08,-0.0006349798372992719
-2.62e-08,-0.0014006048372992718
-2.61e-08,-0.0006349798372992719
-2.6e-08,0.000927521162700728
-2.59e-08,0.0013650211627007284
-2.58e-08,0.0002009581627007281
-2.57e-08,-0.0006349798372992719
-2.56e-08,0.0002009581627007281
-2.55e-08,0.0013650211627007284
-2.54e-08,0.0009587711627007281
-2.53e-08,-0.0006349798372992719
-2.52e-08,-0.0015412298372992719
-2.51e-08,-0.0006349798372992719
-2.5e-08,0.0010368961627007281
-2.49e-08,0.0013650211627007284
-2.48e-08,-3.341683729927167e-05
-2.47e-08,-0.0006349798372992719
-2.46e-08,0.0006775211627007283
-2.45e-08,0.0013650211627007284
-2.44e-08,-0.0005256048372992718
-2.43e-08,-0.0026349793704962717
-2.42e-08,-0.002158416837299272
-2.41e-08,-0.0006349798372992719
-2.4e-08,-0.0008068548372992719
-2.39e-08,-0.0026349793704962717
-2.38e-08,-0.003674041837299272
-2.37e-08,-0.0026349793704962717
-2.36e-08,-0.0002443538372992717
-2.35e-08,0.0013650211627007284
-2.34e-08,0.0014040831627007279
-2.33e-08,0.0013650211627007284
-2.32e-08,0.0024275211627007285
-2.31e-08,0.0033650211627007285
-2.3e-08,0.002607208162700728
-2.29e-08,0.0013650211627007284
-2.28e-08,0.0010993961627007282
-2.27e-08,0.0013650211627007284
-2.26e-08,0.0011618961627007283
-2.25e-08,0.0013650211627007284
-2.24e-08,0.0025212711627007286
-2.23e-08,0.0033650211627007285
-2.22e-08,0.0025681461627007278
-2.21e-08,0.0013650211627007284
-2.2e-08,0.001154083162700728
-2.19e-08,0.0013650211627007284
-2.18e-08,0.0012009581627007281
-2.17e-08,0.0013650211627007284
-2.16e-08,0.0019353331627007283
-2.15e-08,0.0013650211627007284
-2.14e-08,-0.0009631048372992718
-2.13e-08,-0.0026349793704962717
-2.12e-08,-0.0013615418372992718
-2.11e-08,0.0013650211627007284
-2.1e-08,0.002630646162700728
-2.09e-08,0.0013650211627007284
-2.08e-08,-0.0010802918372992717
-2.07e-08,-0.0026349793704962717
-2.06e-08,-0.002267791837299272
-2.05e-08,-0.0006349798372992719
-2.04e-08,0.0008884581627007283
-2.03e-08,0.0013650211627007284
-2.02e-08,0.0011775211627007283
-2.01e-08,0.0013650211627007284
-2e-08,0.0017947081627007282
-1.99e-08,0.0013650211627007284
-1.98e-08,-0.0005802918372992717
-1.97e-08,-0.0026349793704962717
-1.96e-08,-0.002822479337299272
-1.95e-08,-0.0006349798372992719
-1.94e-08,0.0022322081627007277
-1.93e-08,0.0033650211627007285
-1.92e-08,0.0018259581627007282
-1.91e-08,-0.0006349798372992719
-1.9e-08,-0.002127166837299272
-1.89e-08,-0.0026349793704962717
-1.88e-08,-0.002861541837299272
-1.87e-08,-0.0026349793704962717
-1.86e-08,-0.0015959168372992718
-1.85e-08,-0.0006349798372992719
-1.84e-08,-0.0005724798372992719
-1.83e-08,-0.0006349798372992719
-1.82e-08,-0.00029122883729927173
-1.81e-08,-0.0006349798372992719
-1.8e-08,-0.0019943543372992717
-1.79e-08,-0.0026349793704962717
-1.78e-08,-0.001517791837299272
-1.77e-08,-0.0006349798372992719
-1.76e-08,-0.0015959168372992718
-1.75e-08,-0.0026349793704962717
-1.74e-08,-0.0018771668372992718
-1.73e-08,-0.0006349798372992719
-1.72e-08,-0.0005646668372992717
-1.71e-08,-0.0006349798372992719
-1.7e-08,0.0004040831627007283
-1.69e-08,0.0013650211627007284
-1.68e-08,0.0006775211627007283
-1.67e-08,-0.0006349798372992719
-1.66e-08,-0.0009943548372992718
-1.65e-08,-0.0006349798372992719
-1.64e-08,-0.00048654183729927164
-1.63e-08,-0.0006349798372992719
-1.62e-08,-0.0007052918372992718
-1.61e-08,-0.0006349798372992719
-1.6e-08,-0.0006349798372992719
-1.59e-08,-0.0006349798372992719
-1.58e-08,-8.029183729927171e-05
-1.57e-08,0.0013650211627007284
-1.56e-08,0.0029978331627007284
-1.55e-08,0.0033650211627007285
-1.54e-08,0.0016775211627007279
-1.53e-08,-0.0006349798372992719
-1.52e-08,-0.0016271668372992718
-1.51e-08,-0.0006349798372992719
-1.5e-08,0.001044708162700728
-1.49e-08,0.0013650211627007284
-1.48e-08,7.595816270072799e-05
-1.47e-08,-0.0006349798372992719
-1.46e-08,0.000396271162700728
-1.45e-08,0.0013650211627007284
-1.44e-08,0.000529083162700728
-1.43e-08,-0.0006349798372992719
-1.42e-08,-8.029183729927171e-05
-1.41e-08,0.0013650211627007284
-1.4e-08,0.001833771162700728
-1.39e-08,0.0013650211627007284
-1.38e-08,0.000575958162700728
-1.37e-08,-0.0006349798372992719
-1.36e-08,-0.002127166837299272
-1.35e-08,-0.0026349793704962717
-1.34e-08,-0.0011193548372992717
-1.33e-08,0.0013650211627007284
-1.32e-08,0.002630646162700728
-1.31e-08,0.0013650211627007284
-1.3e-08,-0.0014006048372992718
-1.29e-08,-0.0026349793704962717
-1.28e-08,-0.0009552918372992718
-1.27e-08,0.0013650211627007284
-1.26e-08,0.0018884581627007283
-1.25e-08,0.0013650211627007284
-1.24e-08,0.0013415831627007278
-1.23e-08,0.0013650211627007284
-1.22e-08,0.000396271162700728
-1.21e-08,-0.0006349798372992719
-1.2e-08,-0.0007287298372992718
-1.19e-08,-0.0006349798372992719
-1.18e-08,-0.0011349798372992717
-1.17e-08,-0.0006349798372992719
-1.16e-08,0.001513458162700728
-1.15e-08,0.0033650211627007285
-1.14e-08,0.003036896162700728
-1.13e-08,0.0013650211627007284
-1.12e-08,-0.0002990418372992719
-1.11e-08,-0.0026349793704962717
-1.1e-08,-0.006017791837299271
-1.09e-08,-0.008634979837299273
-1.08e-08,-0.008041229837299272
-1.07e-08,-0.0046349798372992725
-1.06e-08,-0.00021310383729927166
-1.05e-08,0.0033650211627007285
-1.04e-08,0.005240021162700727
-1.03e-08,0.005365021162700727
-1.02e-08,0.003896271162700728
-1.01e-08,0.0013650211627007284
-1e-08,-0.001299041837299272
-9.9e-09,-0.0026349793704962717
-9.8e-09,-0.0020568543372992717
-9.7e-09,-0.0006349798372992719
-9.6e-09,0.00044314616270072806
-9.5e-09,0.0013650211627007284
-9.4e-09,0.002654083162700728
-9.3e-09,0.0033650211627007285
-9.2e-09,0.003404083162700728
-9.1e-09,0.0033650211627007285
-9e-09,0.004255646162700728
-8.9e-09,0.005365021162700727
-8.8e-09,0.005490021162700727
-8.7e-09,0.005365021162700727
-8.6e-09,0.006060333162700727
-8.5e-09,0.009365023162700728
-8.4e-09,0.01378689316270073
-8.3e-09,0.017365023162700728
-8.2e-09,0.016982213162700727
-8.1e-09,0.013365023162700728
-8e-09,0.007599393162700727
-7.9e-09,0.0013650211627007284
-7.8e-09,-0.004861541837299272
-7.7e-09,-0.010634979837299273
-7.6e-09,-0.014752166837299272
-7.5e-09,-0.01663497683729927
-7.4e-09,-0.014924046837299271
-7.3e-09,-0.010634979837299273
-7.2e-09,-0.004752166837299272
-7.1e-09,-0.0006349798372992719
-7e-09,0.0006540831627007281
-6.9e-09,-0.0006349798372992719
-6.8e-09,-0.0027287293672992718
-6.7e-09,-0.0046349798372992725
-6.6e-09,-0.005658416837299272
-6.5e-09,-0.0046349798372992725
-6.4e-09,-0.0020021668372992717
-6.3e-09,0.0013650211627007284
-6.2e-09,0.003021271162700728
-6.1e-09,0.0033650211627007285
-6e-09,0.0024587711627007285
-5.9e-09,0.0013650211627007284
-5.8e-09,-0.0006740418372992718
-5.7e-09,-0.0046349798372992725
-5.6e-09,-0.010400604837299272
-5.5e-09,-0.01663497683729927
-5.4e-09,-0.020494356837299273
-5.3e-09,-0.022634976837299273
-5.2e-09,-0.022095916837299272
-5.1e-09,-0.02063497683729927
-5e-09,-0.016424046837299273
-4.9e-09,-0.010634979837299273
-4.8e-09,-0.002806854337299272
-4.7e-09,0.005365021162700727
-4.6e-09,0.013232213162700728
-4.5e-09,0.021365023162700728
-4.4e-09,0.028388463162700727
-4.3e-09,0.03336502316270073
-4.2e-09,0.03342752316270073
-4.1e-09,0.031365023162700734
-4e-09,0.027115023162700726
-3.9e-09,0.021365023162700728
-3.8e-09,0.01359939316270073
-3.7e-09,0.007365021162700727
-3.6e-09,0.005388458162700728
-3.5e-09,0.005365021162700727
-3.4e-09,0.006208771162700728
-3.3e-09,0.007365021162700727
-3.2e-09,0.011271273162700728
-3.1e-09,0.015365023162700726
-3e-09,0.019060333162700727
-2.9e-09,0.023365023162700727
-2.8e-09,0.03013064316270073
-2.7e-09,0.039365023162700734
-2.6e-09,0.047279083162700734
-2.5e-09,0.05336502316270073
-2.4e-09,0.05409939316270073
-2.3e-09,0.05136502316270073
-2.2e-09,0.04325564316270073
-2.1e-09,0.03336502316270073
-2e-09,0.021794713162700728
-1.9e-09,0.011365023162700728
-1.8e-09,0.0024743961627007286
-1.7e-09,-0.0046349798372992725
-1.6e-09,-0.009713104837299272
-1.5e-09,-0.014634976837299273
-1.4e-09,-0.01780685683729927
-1.3e-09,-0.02063497683729927
-1.2e-09,-0.020627166837299274
-1.1e-09,-0.02063497683729927
-1e-09,-0.018634976837299273
-9e-10,-0.014634976837299273
-8e-10,-0.007025604837299271
-7e-10,0.0013650211627007284
-6e-10,0.007950963162700728
-5e-10,0.013365023162700728
-4e-10,0.017075963162700727
-3e-10,0.019365023162700726
-2e-10,0.01752908316270073
-1e-10,0.013365023162700728
0.0,0.007474393162700727
1e-10,0.0013650211627007284
2e-10,-0.005220916837299272
3e-10,-0.012634976837299272
4e-10,-0.018822476837299273
5e-10,-0.022634976837299273
6e-10,-0.020377166837299274
7e-10,-0.014634976837299273
8e-10,-0.005517791837299272
9e-10,0.0033650211627007285
1e-09,0.012146273162700727
1.1e-09,0.019365023162700726
1.2e-09,0.02540408316270073
1.3e-09,0.031365023162700734
1.4e-09,0.03698221316270073
1.5e-09,0.04336502316270073
1.6e-09,0.04720877316270073
1.7e-09,0.04936502316270073
1.8e-09,0.04731033316270073
1.9e-09,0.04536502316270073
2e-09,0.04191971316270073
2.1e-09,0.03736502316270073
2.2e-09,0.028810333162700725
2.3e-09,0.019365023162700726
2.4e-09,0.010763463162700727
2.5e-09,0.0033650211627007285
2.6e-09,-0.0035256043372992717
2.7e-09,-0.010634979837299273
2.8e-09,-0.015463106837299272
2.9e-09,-0.018634976837299273
3e-09,-0.018822476837299273
3.1e-09,-0.018634976837299273
3.2e-09,-0.01714279683729927
3.3e-09,-0.014634976837299273
3.4e-09,-0.009986541837299271
3.5e-09,-0.0046349798372992725
3.6e-09,-0.0008771668372992718
3.7e-09,0.0013650211627007284
3.8e-09,0.0010056461627007281
3.9e-09,-0.0006349798372992719
4e-09,-0.005025604837299272
4.1e-09,-0.010634979837299273
4.2e-09,-0.01815060683729927
4.3e-09,-0.026634976837299273
4.4e-09,-0.035838106837299266
4.5e-09,-0.04463497683729927
4.6e-09,-0.050689666837299266
4.7e-09,-0.054634976837299266
4.8e-09,-0.05446310683729927
4.9e-09,-0.05263497683729927
5e-09,-0.04852560683729927
5.1e-09,-0.046634976837299266
5.2e-09,-0.04508810683729927
5.3e-09,-0.04263497683729927
5.4e-09,-0.03547091683729927
5.5e-09,-0.026634976837299273
5.6e-09,-0.01833029683729927
5.7e-09,-0.010634979837299273
5.8e-09,-0.003244354337299272
5.9e-09,0.0033650211627007285
6e-09,0.006693146162700728
6.1e-09,0.009365023162700728
6.2e-09,0.010747833162700728
6.3e-09,0.011365023162700728
6.4e-09,0.008411893162700728
6.5e-09,0.005365021162700727
6.6e-09,0.002740021162700728
6.7e-09,0.0013650211627007284
6.8e-09,-0.001533416837299272
6.9e-09,-0.0066349798372992725
7e-09,-0.012963106837299272
7.1e-09,-0.018634976837299273
7.2e-09,-0.02184591683729927
7.3e-09,-0.02463497683729927
7.4e-09,-0.02648654683729927
7.5e-09,-0.026634976837299273
7.6e-09,-0.022564666837299272
7.7e-09,-0.01663497683729927
7.8e-09,-0.010986541837299272
7.9e-09,-0.0066349798372992725
8e-09,-0.003181854337299272
8.1e-09,-0.0006349798372992719
8.2e-09,-0.0006584168372992718
8.3e-09,-0.0026349793704962717
8.4e-09,-0.006736541837299272
8.5e-09,-0.010634979837299273
8.6e-09,-0.013806856837299273
8.7e-09,-0.014634976837299273
8.8e-09,-0.014994356837299272
8.9e-09,-0.01663497683729927
9e-09,-0.020549046837299273
9.1e-09,-0.02463497683729927
9.2e-09,-0.026822476837299273
9.3e-09,-0.02863497683729927
9.4e-09,-0.03140060683729927
9.5e-09,-0.03663497683729927
9.6e-09,-0.04079904683729927
9.7e-09,-0.04263497683729927
9.8e-09,-0.03993966683729927
9.9e-09,-0.03663497683729927
1e-08,-0.032931856837299274
1.01e-08,-0.02863497683729927
1.02e-08,-0.020799046837299273
1.03e-08,-0.010634979837299273
1.04e-08,-0.0008849798372992717
1.05e-08,0.007365021162700727
1.06e-08,0.012513463162700729
1.07e-08,0.015365023162700726
1.08e-08,0.014669713162700729
1.09e-08,0.013365023162700728
1.1e-08,0.010255643162700728
1.11e-08,0.005365021162700727
1.12e-08,-0.002220916837299272
1.13e-08,-0.008634979837299273
1.14e-08,-0.011314666837299273
1.15e-08,-0.010634979837299273
1.16e-08,-0.009111541837299272
1.17e-08,-0.008634979837299273
1.18e-08,-0.008259979837299272
1.19e-08,-0.0066349798372992725
1.2e-08,-0.003900604837299272
1.21e-08,-0.0026349793704962717
1.22e-08,-0.004697479837299272
1.23e-08,-0.008634979837299273
1.24e-08,-0.011681854837299272
1.25e-08,-0.012634976837299272
1.26e-08,-0.013361546837299272
1.27e-08,-0.01663497683729927
1.28e-08,-0.02168185683729927
1.29e-08,-0.02463497683729927
1.3e-08,-0.022314666837299272
1.31e-08,-0.018634976837299273
1.32e-08,-0.01675216683729927
1.33e-08,-0.01663497683729927
1.34e-08,-0.015033416837299272
1.35e-08,-0.012634976837299272
1.36e-08,-0.010533416837299272
1.37e-08,-0.008634979837299273
1.38e-08,-0.005814666837299272
1.39e-08,-0.0026349793704962717
1.4e-08,-0.0002834168372992719
1.41e-08,0.0013650211627007284
1.42e-08,0.002513458162700728
1.43e-08,0.0033650211627007285
1.44e-08,0.003669708162700728
1.45e-08,0.0033650211627007285
1.46e-08,0.003036896162700728
1.47e-08,0.0033650211627007285
1.48e-08,0.004974396162700729
1.49e-08,0.007365021162700727
1.5e-08,0.010247833162700727
1.51e-08,0.013365023162700728
1.52e-08,0.017013463162700727
1.53e-08,0.021365023162700728
1.54e-08,0.025208773162700728
1.55e-08,0.027365023162700727
1.56e-08,0.027115023162700726
1.57e-08,0.027365023162700727
1.58e-08,0.028552523162700728
1.59e-08,0.02936502316270073
1.6e-08,0.027435333162700727
1.61e-08,0.02536502316270073
1.62e-08,0.024388463162700727
1.63e-08,0.023365023162700727
1.64e-08,0.020263463162700727
1.65e-08,0.017365023162700728
1.66e-08,0.01688064316270073
1.67e-08,0.017365023162700728
1.68e-08,0.016740023162700728
1.69e-08,0.015365023162700726
1.7e-08,0.014552523162700729
1.71e-08,0.013365023162700728
1.72e-08,0.011232213162700727
1.73e-08,0.009365023162700728
1.74e-08,0.009646273162700728
1.75e-08,0.011365023162700728
1.76e-08,0.012919713162700727
1.77e-08,0.013365023162700728
1.78e-08,0.012740023162700728
1.79e-08,0.011365023162700728
1.8e-08,0.009950963162700728
1.81e-08,0.009365023162700728
1.82e-08,0.009544713162700728
1.83e-08,0.009365023162700728
1.84e-08,0.008247833162700727
1.85e-08,0.007365021162700727
1.86e-08,0.007974393162700728
1.87e-08,0.009365023162700728
1.88e-08,0.010240023162700727
1.89e-08,0.009365023162700728
1.9e-08,0.007490023162700728
1.91e-08,0.005365021162700727
1.92e-08,0.004771271162700728
1.93e-08,0.005365021162700727
1.94e-08,0.007794713162700728
1.95e-08,0.011365023162700728
1.96e-08,0.015802523162700727
1.97e-08,0.019365023162700726
1.98e-08,0.021857213162700728
1.99e-08,0.02536502316270073
2e-08,0.030536893162700727
2.01e-08,0.03536502316270073
2.02e-08,0.036919713162700735
2.03e-08,0.03736502316270073
2.04e-08,0.03700564316270073
2.05e-08,0.03536502316270073
2.06e-08,0.030872833162700727
2.07e-08,0.027365023162700727
2.08e-08,0.026904083162700727
2.09e-08,0.027365023162700727
2.1e-08,0.02534939316270073
2.11e-08,0.021365023162700728
2.12e-08,0.01842752316270073
2.13e-08,0.017365023162700728
2.14e-08,0.01810721316270073
2.15e-08,0.019365023162700726
2.16e-08,0.021208773162700728
2.17e-08,0.023365023162700727
2.18e-08,0.02556033316270073
2.19e-08,0.027365023162700727
2.2e-08,0.027810333162700727
2.21e-08,0.027365023162700727
2.22e-08,0.026185333162700726
2.23e-08,0.02536502316270073
2.24e-08,0.023974393162700728
2.25e-08,0.021365023162700728
2.26e-08,0.01716189316270073
2.27e-08,0.013365023162700728
2.28e-08,0.011224393162700727
2.29e-08,0.009365023162700728
2.3e-08,0.007146271162700727
2.31e-08,0.005365021162700727
2.32e-08,0.005982208162700727
2.33e-08,0.007365021162700727
2.34e-08,0.008497833162700728
2.35e-08,0.009365023162700728
2.36e-08,0.011232213162700727
2.37e-08,0.013365023162700728
2.38e-08,0.01464627316270073
2.39e-08,0.015365023162700726
2.4e-08,0.015544713162700726
2.41e-08,0.015365023162700726
2.42e-08,0.014052523162700729
2.43e-08,0.013365023162700728
2.44e-08,0.012755643162700728
2.45e-08,0.011365023162700728
2.46e-08,0.008013463162700728
2.47e-08,0.005365021162700727
2.48e-08,0.003958771162700728
2.49e-08,0.0013650211627007284
2.5e-08,-0.004408416837299272
2.51e-08,-0.010634979837299273
2.52e-08,-0.013580296837299272
2.53e-08,-0.014634976837299273
2.54e-08,-0.015470916837299273
2.55e-08,-0.01663497683729927
2.56e-08,-0.01654122683729927
2.57e-08,-0.01663497683729927
2.58e-08,-0.01698654683729927
2.59e-08,-0.01663497683729927
2.6e-08,-0.014033416837299272
2.61e-08,-0.010634979837299273
2.62e-08,-0.008611541837299272
2.63e-08,-0.008634979837299273
2.64e-08,-0.009822479837299272
2.65e-08,-0.010634979837299273
2.66e-08,-0.011127166837299272
2.67e-08,-0.012634976837299272
2.68e-08,-0.01566622683729927
2.69e-08,-0.018634976837299273
2.7e-08,-0.018994356837299272
2.71e-08,-0.01663497683729927
2.72e-08,-0.013111546837299272
2.73e-08,-0.010634979837299273
2.74e-08,-0.009595916837299271
2.75e-08,-0.008634979837299273
2.76e-08,-0.006838104837299273
2.77e-08,-0.0046349798372992725
2.78e-08,-0.003900604837299272
2.79e-08,-0.0046349798372992725
2.8e-08,-0.0066974798372992726
2.81e-08,-0.008634979837299273
2.82e-08,-0.010666229837299273
2.83e-08,-0.012634976837299272
2.84e-08,-0.014963106837299272
2.85e-08,-0.01663497683729927
2.86e-08,-0.01754904683729927
2.87e-08,-0.018634976837299273
2.88e-08,-0.020134976837299274
2.89e-08,-0.02063497683729927
2.9e-08,-0.019853726837299274
2.91e-08,-0.02063497683729927
2.92e-08,-0.024314666837299274
2.93e-08,-0.02863497683729927
2.94e-08,-0.029791226837299272
2.95e-08,-0.02863497683729927
2.96e-08,-0.027431856837299273
2.97e-08,-0.02863497683729927
2.98e-08,-0.030533416837299272
2.99e-08,-0.030634976837299273
3e-08,-0.027197476837299273
3.01e-08,-0.022634976837299273
3.02e-08,-0.019189666837299273
3.03e-08,-0.01663497683729927
3.04e-08,-0.013830296837299272
3.05e-08,-0.010634979837299273
3.06e-08,-0.009470916837299273
3.07e-08,-0.010634979837299273
3.08e-08,-0.013963106837299273
3.09e-08,-0.01663497683729927
3.1e-08,-0.01808029683729927
3.11e-08,-0.018634976837299273
3.12e-08,-0.020181856837299273
3.13e-08,-0.022634976837299273
3.14e-08,-0.025049046837299273
3.15e-08,-0.026634976837299273
3.16e-08,-0.027494356837299273
3.17e-08,-0.02863497683729927
3.18e-08,-0.029916226837299272
3.19e-08,-0.030634976837299273
3.2e-08,-0.02995529683729927
3.21e-08,-0.02863497683729927
3.22e-08,-0.028142796837299273
3.23e-08,-0.02863497683729927
3.24e-08,-0.02975216683729927
3.25e-08,-0.030634976837299273
3.26e-08,-0.03158810683729927
3.27e-08,-0.03263497683729927
3.28e-08,-0.03473654683729927
3.29e-08,-0.038634976837299266
3.3e-08,-0.043275606837299266
3.31e-08,-0.046634976837299266
3.32e-08,-0.04729122683729927
3.33e-08,-0.04863497683729927
3.34e-08,-0.05089279683729927
3.35e-08,-0.05263497683729927
3.36e-08,-0.04975216683729927
3.37e-08,-0.04463497683729927
3.38e-08,-0.03900216683729927
3.39e-08,-0.03463497683729927
3.4e-08,-0.02934591683729927
3.41e-08,-0.022634976837299273
3.42e-08,-0.015564666837299273
3.43e-08,-0.010634979837299273
3.44e-08,-0.009283416837299273
3.45e-08,-0.008634979837299273
3.46e-08,-0.006564666837299272
3.47e-08,-0.0026349793704962717
3.48e-08,0.00016189616270072824
3.49e-08,0.0013650211627007284
3.5e-08,0.000591583162700728
3.51e-08,-0.0006349798372992719
3.52e-08,-0.0014787298372992718
3.53e-08,-0.0006349798372992719
3.54e-08,0.001435333162700728
3.55e-08,0.0033650211627007285
3.56e-08,0.0037790831627007282
3.57e-08,0.0033650211627007285
3.58e-08,0.003482208162700728
3.59e-08,0.005365021162700727
3.6e-08,0.008005643162700728
3.61e-08,0.009365023162700728
3.62e-08,0.007997833162700727
3.63e-08,0.005365021162700727
3.64e-08,0.003482208162700728
3.65e-08,0.0033650211627007285
3.66e-08,0.0038572081627007283
3.67e-08,0.0033650211627007285
3.68e-08,0.0018259581627007282
3.69e-08,0.0013650211627007284
3.7e-08,0.0030759581627007285
3.71e-08,0.005365021162700727
3.72e-08,0.005966583162700727
3.73e-08,0.005365021162700727
3.74e-08,0.004552521162700728
3.75e-08,0.0033650211627007285
3.76e-08,0.0012634581627007282
3.77e-08,-0.0006349798372992719
3.78e-08,-0.0014865418372992719
3.79e-08,-0.0026349793704962717
3.8e-08,-0.004759979837299272
3.81e-08,-0.0066349798372992725
3.82e-08,-0.006314666837299272
3.83e-08,-0.0046349798372992725
3.84e-08,-0.0026037293672992717
3.85e-08,-0.0006349798372992719
3.86e-08,0.001591583162700728
3.87e-08,0.0033650211627007285
3.88e-08,0.0038259581627007283
3.89e-08,0.0033650211627007285
3.9e-08,0.002372833162700728
3.91e-08,0.0013650211627007284
3.92e-08,0.00014627116270072823
3.93e-08,-0.0006349798372992719
3.94e-08,-0.0010021668372992719
3.95e-08,-0.0006349798372992719
3.96e-08,-0.0002834168372992719
3.97e-08,-0.0006349798372992719
3.98e-08,-0.001845916837299272
3.99e-08,-0.0026349793704962717
4e-08,-0.002900604337299272
4.01e-08,-0.0046349798372992725
4.02e-08,-0.008064666837299271
4.03e-08,-0.010634979837299273
4.04e-08,-0.009830291837299271
4.05e-08,-0.008634979837299273
4.06e-08,-0.009111541837299272
4.07e-08,-0.010634979837299273
4.08e-08,-0.009627166837299271
4.09e-08,-0.0066349798372992725
4.1e-08,-0.0025099793372992717
4.11e-08,0.0013650211627007284
4.12e-08,0.005505646162700727
4.13e-08,0.009365023162700728
4.14e-08,0.012599393162700728
4.15e-08,0.015365023162700726
4.16e-08,0.017365023162700728
4.17e-08,0.019365023162700726
4.18e-08,0.021013463162700727
4.19e-08,0.023365023162700727
4.2e-08,0.02536502316270073
4.21e-08,0.027365023162700727
4.22e-08,0.027349393162700728
4.23e-08,0.02536502316270073
4.24e-08,0.021208773162700728
4.25e-08,0.017365023162700728
4.26e-08,0.01489627316270073
4.27e-08,0.013365023162700728
4.28e-08,0.011607213162700728
4.29e-08,0.009365023162700728
4.3e-08,0.007825963162700728
4.31e-08,0.007365021162700727
4.32e-08,0.008224393162700728
4.33e-08,0.009365023162700728
4.34e-08,0.010482213162700729
4.35e-08,0.011365023162700728
4.36e-08,0.012380643162700728
4.37e-08,0.013365023162700728
4.38e-08,0.01378689316270073
4.39e-08,0.013365023162700728
4.4e-08,0.011872833162700727
4.41e-08,0.009365023162700728
4.42e-08,0.006794708162700728
4.43e-08,0.005365021162700727
4.44e-08,0.006068146162700728
4.45e-08,0.007365021162700727
4.46e-08,0.008474393162700728
4.47e-08,0.009365023162700728
4.48e-08,0.011146273162700728
4.49e-08,0.013365023162700728
4.5e-08,0.016029083162700727
4.51e-08,0.019365023162700726
4.52e-08,0.023005643162700727
4.53e-08,0.02536502316270073
4.54e-08,0.024865023162700728
4.55e-08,0.023365023162700727
4.56e-08,0.02254471316270073
4.57e-08,0.023365023162700727
4.58e-08,0.02450564316270073
4.59e-08,0.02536502316270073
4.6e-08,0.02493533316270073
4.61e-08,0.023365023162700727
4.62e-08,0.02103689316270073
4.63e-08,0.019365023162700726
4.64e-08,0.01904471316270073
4.65e-08,0.019365023162700726
4.66e-08,0.019529083162700727
4.67e-08,0.019365023162700726
4.68e-08,0.019208773162700726
4.69e-08,0.019365023162700726
4.7e-08,0.019521273162700727
4.71e-08,0.019365023162700726
4.72e-08,0.018974393162700727
4.73e-08,0.019365023162700726
4.74e-08,0.020044713162700727
4.75e-08,0.019365023162700726
4.76e-08,0.016357213162700727
4.77e-08,0.013365023162700728
4.78e-08,0.012122833162700727
4.79e-08,0.011365023162700728
4.8e-08,0.009450963162700728
4.81e-08,0.007365021162700727
4.82e-08,0.006888458162700728
4.83e-08,0.007365021162700727
4.84e-08,0.007482213162700728
4.85e-08,0.007365021162700727
4.86e-08,0.007552523162700728
4.87e-08,0.007365021162700727
4.88e-08,0.006271271162700728
4.89e-08,0.005365021162700727
4.9e-08,0.0048806461627007285
4.91e-08,0.0033650211627007285
4.92e-08,5.252116270072814e-05
4.93e-08,-0.0026349793704962717
4.94e-08,-0.0030568543372992718
4.95e-08,-0.0026349793704962717
4.96e-08,-0.0034006043372992716
4.97e-08,-0.0046349798372992725
4.98e-08,-0.004884979837299272
4.99e-08,-0.0046349798372992725
5e-08,-0.005588104837299272
5.01e-08,-0.008634979837299273
5.02e-08,-0.012361541837299272
5.03e-08,-0.014634976837299273
5.04e-08,-0.014502166837299272
5.05e-08,-0.014634976837299273
5.06e-08,-0.015869356837299273
5.07e-08,-0.01663497683729927
5.08e-08,-0.014603726837299272
5.09e-08,-0.012634976837299272
5.1e-08,-0.012384979837299272
5.11e-08,-0.012634976837299272
5.12e-08,-0.010322479837299272
5.13e-08,-0.0066349798372992725
5.14e-08,-0.0034709168372992717
5.15e-08,-0.0006349798372992719
5.16e-08,0.0024587711627007285
5.17e-08,0.005365021162700727
5.18e-08,0.006575958162700728
5.19e-08,0.007365021162700727
5.2e-08,0.007669713162700728
5.21e-08,0.007365021162700727
5.22e-08,0.005271271162700727
5.23e-08,0.0033650211627007285
5.24e-08,0.002325958162700728
5.25e-08,0.0013650211627007284
5.26e-08,-0.0006818548372992718
5.27e-08,-0.0026349793704962717
5.28e-08,-0.0034474793372992717
5.29e-08,-0.0046349798372992725
5.3e-08,-0.006400604837299272
5.31e-08,-0.0066349798372992725
5.32e-08,-0.0037131048372992716
5.33e-08,-0.0006349798372992719
5.34e-08,-4.9041837299271685e-05
5.35e-08,-0.0006349798372992719
5.36e-08,-4.122883729927194e-05
5.37e-08,0.0013650211627007284
5.38e-08,0.0012165831627007281
5.39e-08,-0.0006349798372992719
5.4e-08,-0.003166229337299272
5.41e-08,-0.0046349798372992725
5.42e-08,-0.004916229837299272
5.43e-08,-0.0046349798372992725
5.44e-08,-0.005150604837299271
5.45e-08,-0.0066349798372992725
5.46e-08,-0.008580291837299272
5.47e-08,-0.010634979837299273
5.48e-08,-0.012064666837299272
5.49e-08,-0.012634976837299272
5.5e-08,-0.012322479837299272
5.51e-08,-0.012634976837299272
5.52e-08,-0.013728726837299272
5.53e-08,-0.014634976837299273
5.54e-08,-0.013424046837299272
5.55e-08,-0.010634979837299273
5.56e-08,-0.007736541837299271
5.57e-08,-0.0066349798372992725
5.58e-08,-0.007439666837299273
5.59e-08,-0.008634979837299273
5.6e-08,-0.008541229837299272
5.61e-08,-0.0066349798372992725
5.62e-08,-0.004181854837299272
5.63e-08,-0.0026349793704962717
5.64e-08,-0.0026349793704962717
5.65e-08,-0.0026349793704962717
5.66e-08,-0.002322479337299272
5.67e-08,-0.0026349793704962717
5.68e-08,-0.0045568548372992715
5.69e-08,-0.0066349798372992725
5.7e-08,-0.007158416837299272
5.71e-08,-0.0066349798372992725
5.72e-08,-0.006259979837299272
5.73e-08,-0.0066349798372992725
5.74e-08,-0.006814666837299272
5.75e-08,-0.0066349798372992725
5.76e-08,-0.005658416837299272
5.77e-08,-0.0046349798372992725
5.78e-08,-0.0030490418372992717
5.79e-08,-0.0006349798372992719
5.8e-08,0.002677521162700728
5.81e-08,0.005365021162700727
5.82e-08,0.006591583162700728
5.83e-08,0.007365021162700727
5.84e-08,0.008896273162700728
5.85e-08,0.011365023162700728
5.86e-08,0.013099393162700729
5.87e-08,0.013365023162700728
5.88e-08,0.012544713162700727
5.89e-08,0.013365023162700728
5.9e-08,0.015841583162700727
5.91e-08,0.017365023162700728
5.92e-08,0.015716583162700727
5.93e-08,0.013365023162700728
5.94e-08,0.012779083162700728
5.95e-08,0.013365023162700728
5.96e-08,0.012818143162700728
5.97e-08,0.011365023162700728
5.98e-08,0.011130643162700727
5.99e-08,0.013365023162700728
6e-08,0.016466583162700728
6.01e-08,0.017365023162700728
6.02e-08,0.014716583162700726
6.03e-08,0.011365023162700728
6.04e-08,0.010396273162700727
6.05e-08,0.011365023162700728
6.06e-08,0.011935333162700727
6.07e-08,0.011365023162700728
6.08e-08,0.010325963162700728
6.09e-08,0.009365023162700728
6.1e-08,0.008865023162700728
6.11e-08,0.009365023162700728
6.12e-08,0.010755643162700728
6.13e-08,0.011365023162700728
6.14e-08,0.010552523162700727
6.15e-08,0.009365023162700728
6.16e-08,0.009044713162700727
6.17e-08,0.009365023162700728
6.18e-08,0.009419713162700728
6.19e-08,0.009365023162700728
6.2e-08,0.009857213162700728
6.21e-08,0.011365023162700728
6.22e-08,0.012880643162700729
6.23e-08,0.013365023162700728
6.24e-08,0.011810333162700727
6.25e-08,0.009365023162700728
6.26e-08,0.007107208162700728
6.27e-08,0.005365021162700727
6.28e-08,0.004036896162700728
6.29e-08,0.0033650211627007285
6.3e-08,0.0031072081627007285
6.31e-08,0.0013650211627007284
6.32e-08,-0.0014240418372992718
6.33e-08,-0.0026349793704962717
6.34e-08,-4.122883729927194e-05
6.35e-08,0.0033650211627007285
6.36e-08,0.005029083162700728
6.37e-08,0.005365021162700727
6.38e-08,0.0067556461627007285
6.39e-08,0.009365023162700728
6.4e-08,0.011247833162700728
6.41e-08,0.011365023162700728
6.42e-08,0.009927523162700728
6.43e-08,0.009365023162700728
6.44e-08,0.010208773162700727
6.45e-08,0.011365023162700728
6.46e-08,0.010802523162700728
6.47e-08,0.009365023162700728
6.48e-08,0.007685333162700727
6.49e-08,0.005365021162700727
6.5e-08,0.002005646162700728
6.51e-08,-0.0006349798372992719
6.52e-08,-0.0005490418372992717
6.53e-08,0.0013650211627007284
6.54e-08,0.0031150211627007283
6.55e-08,0.0033650211627007285
6.56e-08,0.0023962711627007285
6.57e-08,0.0013650211627007284
6.58e-08,0.001107208162700728
6.59e-08,0.0013650211627007284
6.6e-08,0.001450958162700728
6.61e-08,0.0013650211627007284
6.62e-08,0.0007712711627007283
6.63e-08,-0.0006349798372992719
6.64e-08,-0.002853729337299272
6.65e-08,-0.0046349798372992725
6.66e-08,-0.004892791837299272
6.67e-08,-0.0046349798372992725
6.68e-08,-0.005049041837299272
6.69e-08,-0.0066349798372992725
6.7e-08,-0.008166229837299272
6.71e-08,-0.008634979837299273
6.72e-08,-0.007134979837299271
6.73e-08,-0.0046349798372992725
6.74e-08,-0.0020959168372992718
6.75e-08,-0.0006349798372992719
6.76e-08,-0.00033029183729927193
6.77e-08,-0.0006349798372992719
6.78e-08,-0.0007756048372992719
6.79e-08,-0.0006349798372992719
6.8e-08,4.4708162700727964e-05
6.81e-08,0.0013650211627007284
6.82e-08,0.002818146162700728
6.83e-08,0.0033650211627007285
6.84e-08,0.002927521162700728
6.85e-08,0.0033650211627007285
6.86e-08,0.005927521162700728
6.87e-08,0.009365023162700728
6.88e-08,0.011325963162700728
6.89e-08,0.011365023162700728
6.9e-08,0.010099393162700728
6.91e-08,0.009365023162700728
6.92e-08,0.009224393162700727
6.93e-08,0.009365023162700728
6.94e-08,0.009107213162700727
6.95e-08,0.009365023162700728
6.96e-08,0.009810333162700727
6.97e-08,0.009365023162700728
6.98e-08,0.006716583162700728
6.99e-08,0.0033650211627007285
7e-08,0.001435333162700728
7.01e-08,0.0013650211627007284
7.02e-08,0.0019197081627007283
7.03e-08,0.0013650211627007284
7.04e-08,-0.0005256048372992718
7.05e-08,-0.0026349793704962717
7.06e-08,-0.003299041837299272
7.07e-08,-0.0026349793704962717
7.08e-08,-0.0013615418372992718
7.09e-08,-0.0006349798372992719
7.1e-08,-0.0005177918372992717
7.11e-08,-0.0006349798372992719
7.12e-08,-0.0006818548372992718
7.13e-08,-0.0006349798372992719
7.14e-08,-0.0007443548372992718
7.15e-08,-0.0006349798372992719
7.16e-08,-0.0005021668372992717
7.17e-08,-0.0006349798372992719
7.18e-08,-0.001533416837299272
7.19e-08,-0.0026349793704962717
7.2e-08,-0.0035412293372992718
7.21e-08,-0.0046349798372992725
7.22e-08,-0.006291229837299272
7.23e-08,-0.008634979837299273
7.24e-08,-0.010322479837299272
7.25e-08,-0.010634979837299273
7.26e-08,-0.008924041837299272
7.27e-08,-0.0066349798372992725
7.28e-08,-0.004384979837299272
7.29e-08,-0.0026349793704962717
7.3e-08,-0.0006349798372992719
7.31e-08,0.0013650211627007284
7.32e-08,0.0028728331627007283
7.33e-08,0.0033650211627007285
7.34e-08,0.0031384581627007285
7.35e-08,0.0033650211627007285
7.36e-08,0.004677521162700728
7.37e-08,0.007365021162700727
7.38e-08,0.009904083162700727
7.39e-08,0.011365023162700728
7.4e-08,0.011177523162700728
7.41e-08,0.011365023162700728
7.42e-08,0.011950963162700728
7.43e-08,0.011365023162700728
7.44e-08,0.008294713162700728
7.45e-08,0.005365021162700727
7.46e-08,0.004294708162700727
7.47e-08,0.0033650211627007285
7.48e-08,0.0010056461627007281
7.49e-08,-0.0006349798372992719
7.5e-08,0.000880646162700728
7.51e-08,0.0033650211627007285
7.52e-08,0.004107208162700729
7.53e-08,0.0033650211627007285
7.54e-08,0.0030447081627007285
7.55e-08,0.0033650211627007285
7.56e-08,0.0034431461627007286
7.57e-08,0.0033650211627007285
7.58e-08,0.0033337711627007285
7.59e-08,0.0033650211627007285
7.6e-08,0.002716583162700728
7.61e-08,0.0013650211627007284
7.62e-08,-0.0006349798372992719
7.63e-08,-0.0026349793704962717
7.64e-08,-0.004033416837299271
7.65e-08,-0.0046349798372992725
7.66e-08,-0.004603729837299272
7.67e-08,-0.0046349798372992725
7.68e-08,-0.004728729837299272
7.69e-08,-0.0046349798372992725
7.7e-08,-0.0041896668372992715
7.71e-08,-0.0046349798372992725
7.72e-08,-0.005892791837299271
7.73e-08,-0.0066349798372992725
7.74e-08,-0.005642791837299272
7.75e-08,-0.0046349798372992725
7.76e-08,-0.004681854837299272
7.77e-08,-0.0046349798372992725
7.78e-08,-0.002916229337299272
7.79e-08,-0.0006349798372992719
7.8e-08,0.0006384581627007281
7.81e-08,0.0013650211627007284
7.82e-08,0.0023650211627007285
7.83e-08,0.0033650211627007285
7.84e-08,0.0034431461627007286
7.85e-08,0.0033650211627007285
7.86e-08,0.003450958162700728
7.87e-08,0.0033650211627007285
7.88e-08,0.002372833162700728
7.89e-08,0.0013650211627007284
7.9e-08,0.0010525211627007282
7.91e-08,0.0013650211627007284
7.92e-08,0.0015212711627007286
7.93e-08,0.0013650211627007284
7.94e-08,0.0012634581627007282
7.95e-08,0.0013650211627007284
7.96e-08,0.001482208162700728
7.97e-08,0.0013650211627007284
7.98e-08,0.0006540831627007281
7.99e-08,-0.0006349798372992719
8e-08,-0.001588104837299272
8.01e-08,-0.0006349798372992719
8.02e-08,0.001880646162700728
8.03e-08,0.0033650211627007285
8.04e-08,0.0019509581627007284
8.05e-08,-0.0006349798372992719
8.06e-08,-0.002197479337299272
8.07e-08,-0.0026349793704962717
8.08e-08,-0.003275604337299272
8.09e-08,-0.0046349798372992725
8.1e-08,-0.005408416837299272
8.11e-08,-0.0046349798372992725
8.12e-08,-0.002861541837299272
8.13e-08,-0.0026349793704962717
8.14e-08,-0.004611541837299272
8.15e-08,-0.0066349798372992725
8.16e-08,-0.005720916837299272
8.17e-08,-0.0026349793704962717
8.18e-08,0.0002400211627007283
8.19e-08,0.0013650211627007284
8.2e-08,0.0013103331627007278
8.21e-08,0.0013650211627007284
8.22e-08,0.0022243961627007283
8.23e-08,0.0033650211627007285
8.24e-08,0.003849396162700728
8.25e-08,0.0033650211627007285
8.26e-08,0.002740021162700728
8.27e-08,0.0033650211627007285
8.28e-08,0.005294708162700728
8.29e-08,0.007365021162700727
8.3e-08,0.008521273162700727
8.31e-08,0.009365023162700728
8.32e-08,0.010365023162700727
8.33e-08,0.011365023162700728
8.34e-08,0.011075963162700727
8.35e-08,0.009365023162700728
8.36e-08,0.007411893162700727
8.37e-08,0.007365021162700727
8.38e-08,0.008966583162700728
8.39e-08,0.009365023162700728
8.4e-08,0.007099396162700727
8.41e-08,0.005365021162700727
8.42e-08,0.0067712711627007285
8.43e-08,0.009365023162700728
8.44e-08,0.009997833162700727
8.45e-08,0.009365023162700728
8.46e-08,0.009169713162700727
8.47e-08,0.009365023162700728
8.48e-08,0.008107213162700728
8.49e-08,0.005365021162700727
8.5e-08,0.002529083162700728
8.51e-08,0.0013650211627007284
8.52e-08,0.0016853331627007281
8.53e-08,0.0013650211627007284
8.54e-08,-0.0007131048372992718
8.55e-08,-0.0026349793704962717
8.56e-08,-0.002213104337299272
8.57e-08,-0.0006349798372992719
8.58e-08,2.9083162700728384e-05
8.59e-08,-0.0006349798372992719
8.6e-08,-0.0016427918372992718
8.61e-08,-0.0026349793704962717
8.62e-08,-0.003658416837299272
8.63e-08,-0.0046349798372992725
8.64e-08,-0.005033416837299272
8.65e-08,-0.0046349798372992725
8.66e-08,-0.004072479837299272
8.67e-08,-0.0046349798372992725
8.68e-08,-0.006166229837299272
8.69e-08,-0.0066349798372992725
8.7e-08,-0.004736541837299272
8.71e-08,-0.0026349793704962717
8.72e-08,-0.002759979337299272
8.73e-08,-0.0046349798372992725
8.74e-08,-0.0062052918372992715
8.75e-08,-0.0066349798372992725
8.76e-08,-0.006072479837299272
8.77e-08,-0.0046349798372992725
8.78e-08,-0.002924041837299272
8.79e-08,-0.0026349793704962717
8.8e-08,-0.003970916837299272
8.81e-08,-0.0046349798372992725
8.82e-08,-0.0034396668372992717
8.83e-08,-0.0026349793704962717
8.84e-08,-0.003752166837299272
8.85e-08,-0.0046349798372992725
8.86e-08,-0.0030724793372992718
8.87e-08,-0.0006349798372992719
8.88e-08,-3.341683729927167e-05
8.89e-08,-0.0006349798372992719
8.9e-08,-0.0008068548372992719
8.91e-08,-0.0006349798372992719
8.92e-08,-0.0008146668372992719
8.93e-08,-0.0006349798372992719
8.94e-08,-0.00016622883729927162
8.95e-08,-0.0006349798372992719
8.96e-08,-0.002861541837299272
8.97e-08,-0.0046349798372992725
8.98e-08,-0.0037912298372992717
8.99e-08,-0.0006349798372992719
9e-08,0.001911896162700728
9.01e-08,0.0013650211627007284
9.02e-08,-0.0025177918372992717
9.03e-08,-0.0066349798372992725
9.04e-08,-0.008517791837299272
9.05e-08,-0.008634979837299273
9.06e-08,-0.008541229837299272
9.07e-08,-0.008634979837299273
9.08e-08,-0.008486541837299272
9.09e-08,-0.008634979837299273
9.1e-08,-0.009509979837299272
9.11e-08,-0.010634979837299273
9.12e-08,-0.010853729837299273
9.13e-08,-0.010634979837299273
9.14e-08,-0.010439666837299272
9.15e-08,-0.010634979837299273
9.16e-08,-0.010728729837299273
9.17e-08,-0.010634979837299273
9.18e-08,-0.009892791837299271
9.19e-08,-0.008634979837299273
9.2e-08,-0.007205291837299272
9.21e-08,-0.0066349798372992725
9.22e-08,-0.006845916837299272
9.23e-08,-0.0066349798372992725
9.24e-08,-0.004931854837299272
9.25e-08,-0.0026349793704962717
9.26e-08,-0.0010802918372992717
9.27e-08,-0.0006349798372992719
9.28e-08,-0.0006818548372992718
9.29e-08,-0.0006349798372992719
9.3e-08,-0.000103728837299272
9.31e-08,0.0013650211627007284
9.32e-08,0.0034275211627007285
9.33e-08,0.005365021162700727
9.34e-08,0.006474396162700728
9.35e-08,0.007365021162700727
9.36e-08,0.008247833162700727
9.37e-08,0.009365023162700728
9.38e-08,0.009333773162700728
9.39e-08,0.007365021162700727
9.4e-08,0.004255646162700728
9.41e-08,0.0033650211627007285
9.42e-08,0.005458771162700727
9.43e-08,0.007365021162700727
9.44e-08,0.006115021162700728
9.45e-08,0.0033650211627007285
9.46e-08,0.002419708162700728
9.47e-08,0.0033650211627007285
9.48e-08,0.004224396162700728
9.49e-08,0.0033650211627007285
9.5e-08,0.0018103331627007282
9.51e-08,0.0013650211627007284
9.52e-08,0.003036896162700728
9.53e-08,0.005365021162700727
9.54e-08,0.006794708162700728
9.55e-08,0.007365021162700727
9.56e-08,0.008083773162700729
9.57e-08,0.009365023162700728
9.58e-08,0.010005643162700728
9.59e-08,0.009365023162700728
9.6e-08,0.007747833162700727
9.61e-08,0.007365021162700727
9.62e-08,0.008568143162700728
9.63e-08,0.009365023162700728
9.64e-08,0.007763463162700728
9.65e-08,0.005365021162700727
9.66e-08,0.004115021162700728
9.67e-08,0.0033650211627007285
9.68e-08,0.0021228331627007285
9.69e-08,0.0013650211627007284
9.7e-08,0.0023181461627007284
9.71e-08,0.0033650211627007285
9.72e-08,0.003310333162700728
9.73e-08,0.0033650211627007285
9.74e-08,0.004630646162700728
9.75e-08,0.005365021162700727
9.76e-08,0.004318146162700728
9.77e-08,0.0033650211627007285
9.78e-08,0.004240021162700728
9.79e-08,0.005365021162700727
9.8e-08,0.004716583162700728
9.81e-08,0.0033650211627007285
9.82e-08,0.0030134581627007284
9.83e-08,0.0033650211627007285
9.84e-08,0.003294708162700728
9.85e-08,0.0033650211627007285
9.86e-08,0.004216583162700727
9.87e-08,0.005365021162700727
9.88e-08,0.005638458162700729
9.89e-08,0.005365021162700727
9.9e-08,0.004638458162700728
9.91e-08,0.0033650211627007285
9.92e-08,0.0012868961627007284
9.93e-08,-0.0006349798372992719
9.94e-08,-0.001759979337299272
9.95e-08,-0.0026349793704962717
9.96e-08,-0.0037912298372992717
9.97e-08,-0.0046349798372992725
9.98e-08,-0.0046349798372992725
9.99e-08,-0.0046349798372992725
1e-07,-0.005033416837299272
1.001e-07,-0.0046349798372992725
1.002e-07,-0.003127166837299272
1.003e-07,-0.0026349793704962717
1.004e-07,-0.004564666837299272
1.005e-07,-0.0066349798372992725
1.006e-07,-0.007322479837299271
1.007e-07,-0.008634979837299273
1.008e-07,-0.011924041837299273
1.009e-07,-0.014634976837299273
1.01e-07,-0.014150606837299273
1.011e-07,-0.012634976837299272
1.012e-07,-0.012892796837299273
1.013e-07,-0.014634976837299273
1.014e-07,-0.014783416837299272
1.015e-07,-0.012634976837299272
1.016e-07,-0.009588104837299272
1.017e-07,-0.008634979837299273
1.018e-07,-0.010431854837299272
1.019e-07,-0.012634976837299272
1.02e-07,-0.012564666837299272
1.021e-07,-0.010634979837299273
1.022e-07,-0.008541229837299272
1.023e-07,-0.0066349798372992725
1.024e-07,-0.005064666837299272
1.025e-07,-0.0046349798372992725
1.026e-07,-0.005814666837299272
1.027e-07,-0.0066349798372992725
1.028e-07,-0.005869354837299272
1.029e-07,-0.0046349798372992725
1.03e-07,-0.004877166837299272
1.031e-07,-0.0066349798372992725
1.032e-07,-0.008431854837299272
1.033e-07,-0.008634979837299273
1.034e-07,-0.007502166837299273
1.035e-07,-0.0066349798372992725
1.036e-07,-0.006759979837299273
1.037e-07,-0.0066349798372992725
1.038e-07,-0.004939666837299272
1.039e-07,-0.0026349793704962717
1.04e-07,-0.002205291837299272
1.041e-07,-0.0046349798372992725
1.042e-07,-0.008431854837299272
1.043e-07,-0.010634979837299273
1.044e-07,-0.009588104837299272
1.045e-07,-0.0066349798372992725
1.046e-07,-0.004509979837299272
1.047e-07,-0.0046349798372992725
1.048e-07,-0.0061271668372992714
1.049e-07,-0.0066349798372992725
1.05e-07,-0.005564666837299272
1.051e-07,-0.0046349798372992725
1.052e-07,-0.005345916837299272
1.053e-07,-0.0066349798372992725
1.054e-07,-0.007033416837299272
1.055e-07,-0.0066349798372992725
1.056e-07,-0.007041229837299271
1.057e-07,-0.008634979837299273
1.058e-07,-0.010314666837299272
1.059e-07,-0.010634979837299273
1.06e-07,-0.009416229837299272
1.061e-07,-0.008634979837299273
1.062e-07,-0.009408416837299273
1.063e-07,-0.010634979837299273
1.064e-07,-0.010830291837299272
1.065e-07,-0.010634979837299273
1.066e-07,-0.010799041837299272
1.067e-07,-0.010634979837299273
1.068e-07,-0.009002166837299272
1.069e-07,-0.0066349798372992725
1.07e-07,-0.005533416837299272
1.071e-07,-0.0066349798372992725
1.072e-07,-0.009150604837299271
1.073e-07,-0.010634979837299273
1.074e-07,-0.009924041837299271
1.075e-07,-0.008634979837299273
1.076e-07,-0.008400604837299272
1.077e-07,-0.008634979837299273
1.078e-07,-0.008478729837299272
1.079e-07,-0.008634979837299273
1.08e-07,-0.009838104837299272
1.081e-07,-0.010634979837299273
1.082e-07,-0.009314666837299273
1.083e-07,-0.0066349798372992725
1.084e-07,-0.004689666837299272
1.085e-07,-0.0046349798372992725
1.086e-07,-0.006369354837299272
1.087e-07,-0.008634979837299273
1.088e-07,-0.010267791837299272
1.089e-07,-0.010634979837299273
1.09e-07,-0.009892791837299271
1.091e-07,-0.008634979837299273
1.092e-07,-0.0074787298372992715
1.093e-07,-0.0066349798372992725
1.094e-07,-0.006377166837299272
1.095e-07,-0.0066349798372992725
1.096e-07,-0.007408416837299273
1.097e-07,-0.008634979837299273
1.098e-07,-0.009947479837299272
1.099e-07,-0.010634979837299273
1.1e-07,-0.010556854837299273
1.101e-07,-0.010634979837299273
1.102e-07,-0.011041229837299273
1.103e-07,-0.010634979837299273
1.104e-07,-0.009088104837299271
1.105e-07,-0.008634979837299273
1.106e-07,-0.009970916837299271
1.107e-07,-0.010634979837299273
1.108e-07,-0.008713104837299273
1.109e-07,-0.0066349798372992725
1.11e-07,-0.007072479837299271
1.111e-07,-0.008634979837299273
1.112e-07,-0.008517791837299272
1.113e-07,-0.0066349798372992725
1.114e-07,-0.005002166837299272
1.115e-07,-0.0046349798372992725
1.116e-07,-0.005470916837299272
1.117e-07,-0.0066349798372992725
1.118e-07,-0.007244354837299271
1.119e-07,-0.0066349798372992725
1.12e-07,-0.005345916837299272
1.121e-07,-0.0046349798372992725
1.122e-07,-0.005345916837299272
1.123e-07,-0.0066349798372992725
1.124e-07,-0.0072834168372992725
1.125e-07,-0.0066349798372992725
1.126e-07,-0.005322479837299271
1.127e-07,-0.0046349798372992725
1.128e-07,-0.005244354837299271
1.129e-07,-0.0066349798372992725
1.13e-07,-0.007916229837299272
1.131e-07,-0.008634979837299273
1.132e-07,-0.008759979837299273
1.133e-07,-0.008634979837299273
1.134e-07,-0.007994354837299272
1.135e-07,-0.0066349798372992725
1.136e-07,-0.005049041837299272
1.137e-07,-0.0046349798372992725
1.138e-07,-0.005728729837299272
1.139e-07,-0.0066349798372992725
1.14e-07,-0.005955291837299271
1.141e-07,-0.0046349798372992725
1.142e-07,-0.0042677918372992715
1.143e-07,-0.0046349798372992725
1.144e-07,-0.004799041837299272
1.145e-07,-0.0046349798372992725
1.146e-07,-0.004603729837299272
1.147e-07,-0.0046349798372992725
1.148e-07,-0.004517791837299272
1.149e-07,-0.0046349798372992725
1.15e-07,-0.004884979837299272
1.151e-07,-0.0046349798372992725
1.152e-07,-0.0035256043372992717
1.153e-07,-0.0026349793704962717
1.154e-07,-0.0025646668672992716
1.155e-07,-0.0026349793704962717
1.156e-07,-0.0019474793372992719
1.157e-07,-0.0006349798372992719
1.158e-07,0.0005212711627007281
1.159e-07,0.0013650211627007284
1.16e-07,0.0021618961627007283
1.161e-07,0.0033650211627007285
1.162e-07,0.004154083162700729
1.163e-07,0.0033650211627007285
1.164e-07,0.0009353331627007283
1.165e-07,-0.0006349798372992719
1.166e-07,0.00012283316270072803
1.167e-07,0.0013650211627007284
1.168e-07,0.0013650211627007284
1.169e-07,0.0013650211627007284
1.17e-07,0.002669708162700728
1.171e-07,0.0033650211627007285
1.172e-07,0.0022243961627007283
1.173e-07,0.0013650211627007284
1.174e-07,0.0030447081627007285
1.175e-07,0.005365021162700727
1.176e-07,0.005919708162700727
1.177e-07,0.005365021162700727
1.178e-07,0.005794708162700727
1.179e-07,0.007365021162700727
1.18e-07,0.008794713162700727
1.181e-07,0.009365023162700728
1.182e-07,0.009325963162700728
1.183e-07,0.009365023162700728
1.184e-07,0.010036893162700728
1.185e-07,0.011365023162700728
1.186e-07,0.012685333162700728
1.187e-07,0.013365023162700728
1.188e-07,0.013325963162700728
1.189e-07,0.013365023162700728
1.19e-07,0.013974393162700726
1.191e-07,0.015365023162700726
1.192e-07,0.01672439316270073
1.193e-07,0.017365023162700728
1.194e-07,0.01713064316270073
1.195e-07,0.017365023162700728
1.196e-07,0.017919713162700728
1.197e-07,0.017365023162700728
1.198e-07,0.015013463162700729
1.199e-07,0.013365023162700728
1.2e-07,0.01409158316270073
1.201e-07,0.015365023162700726
1.202e-07,0.014841583162700726
1.203e-07,0.013365023162700728
1.204e-07,0.012919713162700727
1.205e-07,0.013365023162700728
1.206e-07,0.013591583162700729
1.207e-07,0.013365023162700728
1.208e-07,0.013286893162700729
1.209e-07,0.013365023162700728
1.21e-07,0.013396273162700728
1.211e-07,0.013365023162700728
1.212e-07,0.013357213162700728
1.213e-07,0.013365023162700728
1.214e-07,0.013357213162700728
1.215e-07,0.013365023162700728
1.216e-07,0.013325963162700728
1.217e-07,0.013365023162700728
1.218e-07,0.013404083162700729
1.219e-07,0.013365023162700728
1.22e-07,0.013169713162700727
1.221e-07,0.013365023162700728
1.222e-07,0.013716583162700729
1.223e-07,0.013365023162700728
1.224e-07,0.012146273162700727
1.225e-07,0.011365023162700728
1.226e-07,0.011599393162700727
1.227e-07,0.011365023162700728
1.228e-07,0.009490023162700728
1.229e-07,0.007365021162700727
1.23e-07,0.007286896162700727
1.231e-07,0.009365023162700728
1.232e-07,0.011958773162700729
1.233e-07,0.013365023162700728
1.234e-07,0.012849393162700729
1.235e-07,0.011365023162700728
1.236e-07,0.009919713162700728
1.237e-07,0.009365023162700728
1.238e-07,0.009333773162700728
1.239e-07,0.009365023162700728
1.24e-07,0.008763463162700727
1.241e-07,0.007365021162700727
1.242e-07,0.005310333162700728
1.243e-07,0.0033650211627007285
1.244e-07,0.0021618961627007283
1.245e-07,0.0013650211627007284
1.246e-07,0.001044708162700728
1.247e-07,0.0013650211627007284
1.248e-07,0.0024743961627007286
1.249e-07,0.0033650211627007285
1.25e-07,0.0035368961627007278
1.251e-07,0.0033650211627007285
1.252e-07,0.003435333162700728
1.253e-07,0.0033650211627007285
1.254e-07,0.002599396162700728
1.255e-07,0.0013650211627007284
1.256e-07,0.0007243961627007283
1.257e-07,0.0013650211627007284
1.258e-07,0.0027947081627007282
1.259e-07,0.0033650211627007285
1.26e-07,0.002435333162700728
1.261e-07,0.0013650211627007284
1.262e-07,0.0017947081627007282
1.263e-07,0.0033650211627007285
1.264e-07,0.004732208162700728
1.265e-07,0.005365021162700727
1.266e-07,0.0054822081627007285
1.267e-07,0.005365021162700727
1.268e-07,0.005224396162700727
1.269e-07,0.005365021162700727
1.27e-07,0.0056462711627007275
1.271e-07,0.005365021162700727
1.272e-07,0.004294708162700727
1.273e-07,0.0033650211627007285
1.274e-07,0.003685333162700728
1.275e-07,0.005365021162700727
1.276e-07,0.007599393162700727
1.277e-07,0.009365023162700728
1.278e-07,0.009911893162700728
1.279e-07,0.009365023162700728
1.28e-07,0.008130643162700728
1.281e-07,0.007365021162700727
1.282e-07,0.007294708162700728
1.283e-07,0.007365021162700727
1.284e-07,0.007130646162700727
1.285e-07,0.007365021162700727
1.286e-07,0.007880643162700728
1.287e-07,0.007365021162700727
1.288e-07,0.005200958162700728
1.289e-07,0.0033650211627007285
1.29e-07,0.0037634581627007282
1.291e-07,0.005365021162700727
1.292e-07,0.006075958162700727
1.293e-07,0.005365021162700727
1.294e-07,0.004154083162700729
1.295e-07,0.0033650211627007285
1.296e-07,0.0032322081627007278
1.297e-07,0.0033650211627007285
1.298e-07,0.0034118961627007285
1.299e-07,0.0033650211627007285
1.3e-07,0.0033650211627007285
1.301e-07,0.0033650211627007285
1.302e-07,0.0032712711627007284
1.303e-07,0.0033650211627007285
1.304e-07,0.003568146162700728
1.305e-07,0.0033650211627007285
1.306e-07,0.002404083162700728
1.307e-07,0.0013650211627007284
1.308e-07,0.0010056461627007281
1.309e-07,0.0013650211627007284
1.31e-07,0.001755646162700728
1.311e-07,0.0013650211627007284
1.312e-07,0.0003103331627007282
1.313e-07,-0.0006349798372992719
1.314e-07,-0.0007677918372992719
1.315e-07,-0.0006349798372992719
1.316e-07,-0.0006740418372992718
1.317e-07,-0.0006349798372992719
1.318e-07,0.00015408316270072806
1.319e-07,0.0013650211627007284
1.32e-07,0.0024743961627007286
1.321e-07,0.0033650211627007285
1.322e-07,0.0038415831627007283
1.323e-07,0.0033650211627007285
1.324e-07,0.0020447081627007284
1.325e-07,0.0013650211627007284
1.326e-07,0.0020603331627007285
1.327e-07,0.0033650211627007285
1.328e-07,0.003771271162700728
1.329e-07,0.0033650211627007285
1.33e-07,0.002990021162700728
1.331e-07,0.0033650211627007285
1.332e-07,0.0039040831627007284
1.333e-07,0.0033650211627007285
1.334e-07,0.0013728331627007278
1.335e-07,-0.0006349798372992719
1.336e-07,-0.0011896668372992718
1.337e-07,-0.0006349798372992719
1.338e-07,0.0002400211627007283
1.339e-07,0.0013650211627007284
1.34e-07,0.002786896162700728
1.341e-07,0.0033650211627007285
1.342e-07,0.0025056461627007286
1.343e-07,0.0013650211627007284
1.344e-07,0.0011306461627007282
1.345e-07,0.0013650211627007284
1.346e-07,0.0012634581627007282
1.347e-07,0.0013650211627007284
1.348e-07,0.0022087711627007283
1.349e-07,0.0033650211627007285
1.35e-07,0.003755646162700728
1.351e-07,0.0033650211627007285
1.352e-07,0.002482208162700728
1.353e-07,0.0013650211627007284
1.354e-07,0.00016189616270072824
1.355e-07,-0.0006349798372992719
1.356e-07,-0.0007599798372992718
1.357e-07,-0.0006349798372992719
1.358e-07,-0.0006349798372992719
1.359e-07,-0.0006349798372992719
1.36e-07,-0.0004474798372992718
1.361e-07,-0.0006349798372992719
1.362e-07,-0.001072479837299272
1.363e-07,-0.0006349798372992719
1.364e-07,0.0007712711627007283
1.365e-07,0.0013650211627007284
1.366e-07,0.0001306461627007282
1.367e-07,-0.0006349798372992719
1.368e-07,0.0004040831627007283
1.369e-07,0.0013650211627007284
1.37e-07,-8.810383729927198e-05
1.371e-07,-0.0026349793704962717
1.372e-07,-0.004119354837299272
1.373e-07,-0.0046349798372992725
1.374e-07,-0.005470916837299272
1.375e-07,-0.0066349798372992725
1.376e-07,-0.007041229837299271
1.377e-07,-0.0066349798372992725
1.378e-07,-0.005658416837299272
1.379e-07,-0.0046349798372992725
1.38e-07,-0.004119354837299272
1.381e-07,-0.0046349798372992725
1.382e-07,-0.005775604837299272
1.383e-07,-0.0066349798372992725
1.384e-07,-0.0062052918372992715
1.385e-07,-0.0046349798372992725
1.386e-07,-0.0035412293372992718
1.387e-07,-0.0046349798372992725
1.388e-07,-0.0074006048372992714
1.389e-07,-0.008634979837299273
1.39e-07,-0.006353729837299272
1.391e-07,-0.0026349793704962717
1.392e-07,-0.0010412298372992719
1.393e-07,-0.0026349793704962717
1.394e-07,-0.005455291837299272
1.395e-07,-0.0066349798372992725
1.396e-07,-0.0055724798372992716
1.397e-07,-0.0046349798372992725
1.398e-07,-0.005486541837299272
1.399e-07,-0.0066349798372992725
1.4e-07,-0.006080291837299271
1.401e-07,-0.0046349798372992725
1.402e-07,-0.003689666837299272
1.403e-07,-0.0026349793704962717
1.404e-07,-0.001033416837299272
1.405e-07,-0.0006349798372992719
1.406e-07,-0.0026037293672992717
1.407e-07,-0.0046349798372992725
1.408e-07,-0.004424041837299272
1.409e-07,-0.0026349793704962717
1.41e-07,-0.0016818543372992718
1.411e-07,-0.0026349793704962717
1.412e-07,-0.004322479837299272
1.413e-07,-0.0046349798372992725
1.414e-07,-0.003291229337299272
1.415e-07,-0.0026349793704962717
1.416e-07,-0.0037912298372992717
1.417e-07,-0.0046349798372992725
1.418e-07,-0.0029709168372992717
1.419e-07,-0.0006349798372992719
1.42e-07,-0.00011935383729927201
1.421e-07,-0.0006349798372992719
1.422e-07,-0.0005646668372992717
1.423e-07,-0.0006349798372992719
1.424e-07,-0.0012912298372992719
1.425e-07,-0.0006349798372992719
1.426e-07,0.0019353331627007283
1.427e-07,0.0033650211627007285
1.428e-07,0.001560333162700728
1.429e-07,-0.0006349798372992719
1.43e-07,0.0002400211627007283
1.431e-07,0.0033650211627007285
1.432e-07,0.005521271162700727
1.433e-07,0.005365021162700727
1.434e-07,0.003997833162700729
1.435e-07,0.0033650211627007285
1.436e-07,0.004075958162700729
1.437e-07,0.005365021162700727
1.438e-07,0.005825958162700727
1.439e-07,0.005365021162700727
1.44e-07,0.0048493961627007285
1.441e-07,0.005365021162700727
1.442e-07,0.006490021162700728
1.443e-07,0.007365021162700727
1.444e-07,0.006919708162700728
1.445e-07,0.005365021162700727
1.446e-07,0.003755646162700728
1.447e-07,0.0033650211627007285
1.448e-07,0.003771271162700728
1.449e-07,0.0033650211627007285
1.45e-07,0.0013728331627007278
1.451e-07,-0.0006349798372992719
1.452e-07,-0.0006349798372992719
1.453e-07,0.0013650211627007284
1.454e-07,0.0034275211627007285
1.455e-07,0.0033650211627007285
1.456e-07,0.0012009581627007281
1.457e-07,-0.0006349798372992719
1.458e-07,-0.0007599798372992718
1.459e-07,-0.0006349798372992719
1.46e-07,-0.0016740418372992718
1.461e-07,-0.0026349793704962717
1.462e-07,-0.0019240418372992718
1.463e-07,-0.0006349798372992719
1.464e-07,-0.0008224798372992719
1.465e-07,-0.0026349793704962717
1.466e-07,-0.004392791837299272
1.467e-07,-0.0046349798372992725
1.468e-07,-0.0034396668372992717
1.469e-07,-0.0026349793704962717
1.47e-07,-0.002877166837299272
1.471e-07,-0.0026349793704962717
1.472e-07,-0.001103729837299272
1.473e-07,-0.0006349798372992719
1.474e-07,-0.0026506043672992717
1.475e-07,-0.0046349798372992725
1.476e-07,-0.004033416837299271
1.477e-07,-0.0026349793704962717
1.478e-07,-0.0025568543672992716
1.479e-07,-0.0026349793704962717
1.48e-07,-0.0009552918372992718
1.481e-07,0.0013650211627007284
1.482e-07,0.0021150211627007282
1.483e-07,0.0013650211627007284
1.484e-07,0.0007243961627007283
1.485e-07,0.0013650211627007284
1.486e-07,0.002654083162700728
1.487e-07,0.0033650211627007285
1.488e-07,0.002607208162700728
1.489e-07,0.0013650211627007284
1.49e-07,0.0008415831627007282
1.491e-07,0.0013650211627007284
1.492e-07,0.001880646162700728
1.493e-07,0.0013650211627007284
1.494e-07,4.4708162700727964e-05
1.495e-07,-0.0006349798372992719
1.496e-07,0.00019314616270072827
1.497e-07,0.0013650211627007284
1.498e-07,0.0016462711627007278
1.499e-07,0.0013650211627007284
1.5e-07,0.0013962711627007285
1.501e-07,0.0013650211627007284
1.502e-07,0.0010368961627007281
1.503e-07,0.0013650211627007284
1.504e-07,0.002685333162700728
1.505e-07,0.0033650211627007285
1.506e-07,0.002294708162700728
1.507e-07,0.0013650211627007284
1.508e-07,0.0021228331627007285
1.509e-07,0.0033650211627007285
1.51e-07,0.003482208162700728
1.511e-07,0.0033650211627007285
1.512e-07,0.003724396162700728
1.513e-07,0.0033650211627007285
1.514e-07,0.0012400211627007283
1.515e-07,-0.0006349798372992719
1.516e-07,-0.0002677918372992719
1.517e-07,0.0013650211627007284
1.518e-07,0.0021462711627007283
1.519e-07,0.0013650211627007284
1.52e-07,6.814616270072816e-05
1.521e-07,-0.0006349798372992719
1.522e-07,-0.0005256048372992718
1.523e-07,-0.0006349798372992719
1.524e-07,-0.001064666837299272
1.525e-07,-0.0006349798372992719
1.526e-07,0.0013650211627007284
1.527e-07,0.0033650211627007285
1.528e-07,0.003755646162700728
1.529e-07,0.0033650211627007285
1.53e-07,0.003357208162700728
1.531e-07,0.0033650211627007285
1.532e-07,0.002482208162700728
1.533e-07,0.0013650211627007284
1.534e-07,0.0009743961627007281
1.535e-07,0.0013650211627007284
1.536e-07,0.0016462711627007278
1.537e-07,0.0013650211627007284
1.538e-07,0.000927521162700728
1.539e-07,0.0013650211627007284
1.54e-07,0.002708771162700728
1.541e-07,0.0033650211627007285
1.542e-07,0.002435333162700728
1.543e-07,0.0013650211627007284
1.544e-07,0.0013259581627007278
1.545e-07,0.0013650211627007284
1.546e-07,0.0003259581627007282
1.547e-07,-0.0006349798372992719
1.548e-07,-4.122883729927194e-05
1.549e-07,0.0013650211627007284
1.55e-07,0.0019197081627007283
1.551e-07,0.0013650211627007284
1.552e-07,0.00046658316270072834
1.553e-07,-0.0006349798372992719
1.554e-07,-0.001322479837299272
1.555e-07,-0.0006349798372992719
1.556e-07,0.0010525211627007282
1.557e-07,0.0013650211627007284
1.558e-07,-0.0002677918372992719
1.559e-07,-0.0006349798372992719
1.56e-07,0.0021931461627007283
1.561e-07,0.005365021162700727
1.562e-07,0.005427521162700727
1.563e-07,0.0033650211627007285
1.564e-07,0.0018415831627007283
1.565e-07,0.0013650211627007284
1.566e-07,0.000607208162700728
1.567e-07,-0.0006349798372992719
1.568e-07,-0.001299041837299272
1.569e-07,-0.0006349798372992719
1.57e-07,0.0013103331627007278
1.571e-07,0.0033650211627007285
1.572e-07,0.004154083162700729
1.573e-07,0.0033650211627007285
1.574e-07,0.001958771162700728
1.575e-07,0.0013650211627007284
1.576e-07,0.0021540831627007285
1.577e-07,0.0033650211627007285
1.578e-07,0.003771271162700728
1.579e-07,0.0033650211627007285
1.58e-07,0.0025525211627007278
1.581e-07,0.0013650211627007284
1.582e-07,0.0004509581627007283
1.583e-07,0.0013650211627007284
1.584e-07,0.004013458162700729
1.585e-07,0.005365021162700727
1.586e-07,0.004075958162700729
1.587e-07,0.0033650211627007285
1.588e-07,0.005357208162700728
1.589e-07,0.007365021162700727
1.59e-07,0.006052521162700728
1.591e-07,0.0033650211627007285
1.592e-07,0.0024900211627007286
1.593e-07,0.0033650211627007285
1.594e-07,0.0037947081627007283
1.595e-07,0.0033650211627007285
1.596e-07,0.002599396162700728
1.597e-07,0.0013650211627007284
1.598e-07,-8.810383729927198e-05
1.599e-07,-0.0006349798372992719
1.6e-07,0.0003259581627007282
1.601e-07,0.0013650211627007284
1.602e-07,0.0014118961627007285
1.603e-07,0.0013650211627007284
1.604e-07,0.0022322081627007277
1.605e-07,0.0033650211627007285
1.606e-07,0.003661896162700728
1.607e-07,0.0033650211627007285
1.608e-07,0.002693146162700728
1.609e-07,0.0013650211627007284
1.61e-07,-0.0008693548372992719
1.611e-07,-0.0026349793704962717
1.612e-07,-0.0024787293372992717
1.613e-07,-0.0006349798372992719
1.614e-07,0.0011618961627007283
1.615e-07,0.0013650211627007284
1.616e-07,-0.00033029183729927193
1.617e-07,-0.0026349793704962717
1.618e-07,-0.003611541837299272
1.619e-07,-0.0026349793704962717
1.62e-07,-0.0008693548372992719
1.621e-07,-0.0006349798372992719
1.622e-07,-0.0026662293672992717
1.623e-07,-0.0046349798372992725
1.624e-07,-0.004377166837299272
1.625e-07,-0.0026349793704962717
1.626e-07,-0.0012365418372992719
1.627e-07,-0.0006349798372992719
1.628e-07,-0.0008771668372992718
1.629e-07,-0.0026349793704962717
1.63e-07,-0.005486541837299272
1.631e-07,-0.0066349798372992725
1.632e-07,-0.004783416837299272
1.633e-07,-0.0026349793704962717
1.634e-07,-0.002884979337299272
1.635e-07,-0.0046349798372992725
1.636e-07,-0.005408416837299272
1.637e-07,-0.0046349798372992725
1.638e-07,-0.0038068548372992717
1.639e-07,-0.0046349798372992725
1.64e-07,-0.006353729837299272
1.641e-07,-0.0066349798372992725
1.642e-07,-0.004564666837299272
1.643e-07,-0.0026349793704962717
1.644e-07,-0.0030802918372992718
1.645e-07,-0.0046349798372992725
1.646e-07,-0.004564666837299272
1.647e-07,-0.0026349793704962717
1.648e-07,-0.0007677918372992719
1.649e-07,-0.0006349798372992719
1.65e-07,-0.0019474793372992719
1.651e-07,-0.0026349793704962717
1.652e-07,-0.001759979337299272
1.653e-07,-0.0006349798372992719
1.654e-07,-0.0005959168372992717
1.655e-07,-0.0006349798372992719
1.656e-07,0.00035720816270072824
1.657e-07,0.0013650211627007284
1.658e-07,0.000865021162700728
1.659e-07,-0.0006349798372992719
1.66e-07,-0.0013927918372992718
1.661e-07,-0.0006349798372992719
1.662e-07,0.0007712711627007283
1.663e-07,0.0013650211627007284
1.664e-07,0.0010056461627007281
1.665e-07,0.0013650211627007284
1.666e-07,0.0033181461627007284
1.667e-07,0.005365021162700727
1.668e-07,0.005318146162700727
1.669e-07,0.0033650211627007285
1.67e-07,0.0014118961627007285
1.671e-07,0.0013650211627007284
1.672e-07,0.002693146162700728
1.673e-07,0.0033650211627007285
1.674e-07,0.002325958162700728
1.675e-07,0.0013650211627007284
1.676e-07,0.0019978331627007284
1.677e-07,0.0033650211627007285
1.678e-07,0.0032712711627007284
1.679e-07,0.0013650211627007284
1.68e-07,-0.0005959168372992717
1.681e-07,-0.0006349798372992719
1.682e-07,0.0009197081627007283
1.683e-07,0.0013650211627007284
1.684e-07,-0.0006271668372992718
1.685e-07,-0.0026349793704962717
1.686e-07,-0.002205291837299272
1.687e-07,-0.0006349798372992719
1.688e-07,-0.00023654183729927185
1.689e-07,-0.0006349798372992719
1.69e-07,-0.0005646668372992717
1.691e-07,-0.0006349798372992719
1.692e-07,-0.0017287293372992719
1.693e-07,-0.0026349793704962717
1.694e-07,-0.0025099793372992717
1.695e-07,-0.0026349793704962717
1.696e-07,-0.003877166837299272
1.697e-07,-0.0046349798372992725
1.698e-07,-0.0036818548372992716
1.699e-07,-0.0026349793704962717
1.7e-07,-0.003244354337299272
1.701e-07,-0.0046349798372992725
1.702e-07,-0.005041229837299272
1.703e-07,-0.0046349798372992725
1.704e-07,-0.004408416837299272
1.705e-07,-0.0046349798372992725
1.706e-07,-0.004791229837299272
1.707e-07,-0.0046349798372992725
1.708e-07,-0.004408416837299272
1.709e-07,-0.0046349798372992725
1.71e-07,-0.005041229837299272
1.711e-07,-0.0046349798372992725
1.712e-07,-0.003244354337299272
1.713e-07,-0.0026349793704962717
1.714e-07,-0.0037131048372992716
1.715e-07,-0.0046349798372992725
1.716e-07,-0.0038693548372992718
1.717e-07,-0.0026349793704962717
1.718e-07,-0.0025568543672992716
1.719e-07,-0.0026349793704962717
1.72e-07,-0.0017209168372992719
1.721e-07,-0.0006349798372992719
1.722e-07,-0.0011193548372992717
1.723e-07,-0.0026349793704962717
1.724e-07,-0.003924041837299272
1.725e-07,-0.0046349798372992725
1.726e-07,-0.004955291837299272
1.727e-07,-0.0046349798372992725
1.728e-07,-0.004041229837299272
1.729e-07,-0.0046349798372992725
1.73e-07,-0.006322479837299272
1.731e-07,-0.0066349798372992725
1.732e-07,-0.004439666837299272
1.733e-07,-0.0026349793704962717
1.734e-07,-0.0034318543372992717
1.735e-07,-0.0046349798372992725
1.736e-07,-0.003845916837299272
1.737e-07,-0.0026349793704962717
1.738e-07,-0.003322479337299272
1.739e-07,-0.0046349798372992725
1.74e-07,-0.004713104837299272
1.741e-07,-0.0046349798372992725
1.742e-07,-0.005791229837299272
1.743e-07,-0.0066349798372992725
1.744e-07,-0.005752166837299272
1.745e-07,-0.0046349798372992725
1.746e-07,-0.004728729837299272
1.747e-07,-0.0046349798372992725
1.748e-07,-0.003291229337299272
1.749e-07,-0.0026349793704962717
1.75e-07,-0.004369354837299272
1.751e-07,-0.0066349798372992725
1.752e-07,-0.007150604837299271
1.753e-07,-0.0066349798372992725
1.754e-07,-0.006627166837299272
1.755e-07,-0.0066349798372992725
1.756e-07,-0.005681854837299272
1.757e-07,-0.0046349798372992725
1.758e-07,-0.004525604837299272
1.759e-07,-0.0046349798372992725
1.76e-07,-0.004361541837299272
1.761e-07,-0.0046349798372992725
1.762e-07,-0.005884979837299272
1.763e-07,-0.0066349798372992725
1.764e-07,-0.005822479837299272
1.765e-07,-0.0046349798372992725
1.766e-07,-0.004955291837299272
1.767e-07,-0.0066349798372992725
1.768e-07,-0.007759979837299272
1.769e-07,-0.0066349798372992725
1.77e-07,-0.004033416837299271
1.771e-07,-0.0026349793704962717
1.772e-07,-0.004088104837299272
1.773e-07,-0.0066349798372992725
1.774e-07,-0.007580291837299271
1.775e-07,-0.0066349798372992725
1.776e-07,-0.005752166837299272
1.777e-07,-0.0066349798372992725
1.778e-07,-0.008939666837299272
1.779e-07,-0.010634979837299273
1.78e-07,-0.009767791837299271
1.781e-07,-0.0066349798372992725
1.782e-07,-0.0034474793372992717
1.783e-07,-0.0026349793704962717
1.784e-07,-0.004455291837299272
1.785e-07,-0.0066349798372992725
1.786e-07,-0.007244354837299271
1.787e-07,-0.0066349798372992725
1.788e-07,-0.006330291837299272
1.789e-07,-0.0066349798372992725
1.79e-07,-0.006947479837299271
1.791e-07,-0.0066349798372992725
1.792e-07,-0.005775604837299272
1.793e-07,-0.0046349798372992725
1.794e-07,-0.003900604837299272
1.795e-07,-0.0046349798372992725
1.796e-07,-0.006689666837299272
1.797e-07,-0.008634979837299273
1.798e-07,-0.009181854837299271
1.799e-07,-0.008634979837299273
1.8e-07,-0.007705291837299271
1.801e-07,-0.0066349798372992725
1.802e-07,-0.004892791837299272
1.803e-07,-0.0026349793704962717
1.804e-07,-0.0008537298372992719
1.805e-07,-0.0006349798372992719
1.806e-07,-0.002314666837299272
1.807e-07,-0.0046349798372992725
1.808e-07,-0.005752166837299272
1.809e-07,-0.0046349798372992725
1.81e-07,-0.002228729337299272
1.811e-07,-0.0006349798372992719
1.812e-07,-0.0011584168372992718
1.813e-07,-0.0026349793704962717
1.814e-07,-0.003322479337299272
1.815e-07,-0.0026349793704962717
1.816e-07,-0.001353729837299272
1.817e-07,-0.0006349798372992719
1.818e-07,-0.0007052918372992718
1.819e-07,-0.0006349798372992719
1.82e-07,-0.00032247883729927176
1.821e-07,-0.0006349798372992719
1.822e-07,-0.0019865418372992717
1.823e-07,-0.0026349793704962717
1.824e-07,-0.0015646668372992717
1.825e-07,-0.0006349798372992719
1.826e-07,-0.001517791837299272
1.827e-07,-0.0026349793704962717
1.828e-07,-0.0025177918372992717
1.829e-07,-0.0026349793704962717
1.83e-07,-0.004002166837299271
1.831e-07,-0.0046349798372992725
1.832e-07,-0.002759979337299272
1.833e-07,-0.0006349798372992719
1.834e-07,-0.0009865418372992719
1.835e-07,-0.0026349793704962717
1.836e-07,-0.003205291837299272
1.837e-07,-0.0026349793704962717
1.838e-07,-0.001845916837299272
1.839e-07,-0.0006349798372992719
1.84e-07,0.00044314616270072806
1.841e-07,-0.0006349798372992719
1.842e-07,-0.0042052918372992715
1.843e-07,-0.0066349798372992725
1.844e-07,-0.005377166837299272
1.845e-07,-0.0026349793704962717
1.846e-07,-0.001752166837299272
1.847e-07,-0.0026349793704962717
1.848e-07,-0.003244354337299272
1.849e-07,-0.0026349793704962717
1.85e-07,-0.001978729337299272
1.851e-07,-0.0026349793704962717
1.852e-07,-0.004674041837299272
1.853e-07,-0.0066349798372992725
1.854e-07,-0.007158416837299272
1.855e-07,-0.0066349798372992725
1.856e-07,-0.006275604837299272
1.857e-07,-0.0066349798372992725
1.858e-07,-0.006994354837299271
1.859e-07,-0.0066349798372992725
1.86e-07,-0.0054943548372992715
1.861e-07,-0.0046349798372992725
1.862e-07,-0.004595916837299272
1.863e-07,-0.0046349798372992725
1.864e-07,-0.004291229837299272
1.865e-07,-0.0046349798372992725
1.866e-07,-0.006072479837299272
1.867e-07,-0.0066349798372992725
1.868e-07,-0.005424041837299272
1.869e-07,-0.0046349798372992725
1.87e-07,-0.005838104837299272
1.871e-07,-0.0066349798372992725
1.872e-07,-0.004924041837299272
1.873e-07,-0.0026349793704962717
1.874e-07,-0.0026896668672992717
1.875e-07,-0.0046349798372992725
1.876e-07,-0.0062052918372992715
1.877e-07,-0.0066349798372992725
1.878e-07,-0.006556854837299272
1.879e-07,-0.0066349798372992725
1.88e-07,-0.006744354837299273
1.881e-07,-0.0066349798372992725
1.882e-07,-0.005955291837299271
1.883e-07,-0.0046349798372992725
1.884e-07,-0.003244354337299272
1.885e-07,-0.0026349793704962717
1.886e-07,-0.002838104337299272
1.887e-07,-0.0026349793704962717
1.888e-07,-0.0020099793372992717
1.889e-07,-0.0026349793704962717
1.89e-07,-0.005009979837299272
1.891e-07,-0.0066349798372992725
1.892e-07,-0.005822479837299272
1.893e-07,-0.0046349798372992725
1.894e-07,-0.005345916837299272
1.895e-07,-0.0066349798372992725
1.896e-07,-0.005759979837299272
1.897e-07,-0.0026349793704962717
1.898e-07,0.00045877116270072807
1.899e-07,0.0013650211627007284
1.9e-07,-0.0002834168372992719
1.901e-07,-0.0026349793704962717
1.902e-07,-0.004080291837299271
1.903e-07,-0.0046349798372992725
1.904e-07,-0.004869354837299272
1.905e-07,-0.0046349798372992725
1.906e-07,-0.003627166837299272
1.907e-07,-0.0026349793704962717
1.908e-07,-0.0025490418672992716
1.909e-07,-0.0026349793704962717
1.91e-07,-0.0018927918372992718
1.911e-07,-0.0006349798372992719
1.912e-07,0.00046658316270072834
1.913e-07,0.0013650211627007284
1.914e-07,0.0013962711627007285
1.915e-07,-0.0006349798372992719
1.916e-07,-0.004384979837299272
1.917e-07,-0.0066349798372992725
1.918e-07,-0.0052990418372992724
1.919e-07,-0.0026349793704962717
1.92e-07,-0.001267791837299272
1.921e-07,-0.0006349798372992719
1.922e-07,0.000544708162700728
1.923e-07,0.0013650211627007284
1.924e-07,0.000544708162700728
1.925e-07,-0.0006349798372992719
1.926e-07,-0.0008146668372992719
1.927e-07,-0.0006349798372992719
1.928e-07,-0.0014318548372992718
1.929e-07,-0.0026349793704962717
1.93e-07,-0.0030802918372992718
1.931e-07,-0.0026349793704962717
1.932e-07,-0.002205291837299272
1.933e-07,-0.0026349793704962717
1.934e-07,-0.0038224798372992717
1.935e-07,-0.0046349798372992725
1.936e-07,-0.004049041837299271
1.937e-07,-0.0026349793704962717
1.938e-07,-0.0014006048372992718
1.939e-07,-0.0006349798372992719
1.94e-07,-0.0007990418372992719
1.941e-07,-0.0026349793704962717
1.942e-07,-0.005486541837299272
1.943e-07,-0.0066349798372992725
1.944e-07,-0.004759979837299272
1.945e-07,-0.0026349793704962717
1.946e-07,-0.002916229337299272
1.947e-07,-0.0046349798372992725
1.948e-07,-0.005392791837299272
1.949e-07,-0.0046349798372992725
1.95e-07,-0.0033771668372992716
1.951e-07,-0.0026349793704962717
1.952e-07,-0.0020021668372992717
1.953e-07,-0.0006349798372992719
1.954e-07,0.0005525211627007282
1.955e-07,-0.0006349798372992719
1.956e-07,-0.004392791837299272
1.957e-07,-0.0066349798372992725
1.958e-07,-0.004463104837299272
1.959e-07,-0.0006349798372992719
1.96e-07,0.0006462711627007282
1.961e-07,-0.0006349798372992719
1.962e-07,-0.002127166837299272
1.963e-07,-0.0026349793704962717
1.964e-07,-0.0026115418672992717
1.965e-07,-0.0026349793704962717
1.966e-07,-0.0026662293672992717
1.967e-07,-0.0026349793704962717
1.968e-07,-0.0025646668672992716
1.969e-07,-0.0026349793704962717
1.97e-07,-0.002877166837299272
1.971e-07,-0.0026349793704962717
1.972e-07,-0.0015959168372992718
1.973e-07,-0.0006349798372992719
1.974e-07,-0.0005177918372992717
1.975e-07,-0.0006349798372992719
1.976e-07,-0.0005177918372992717
1.977e-07,-0.0006349798372992719
1.978e-07,-0.0015646668372992717
1.979e-07,-0.0026349793704962717
1.98e-07,-0.0029865418372992717
1.981e-07,-0.0026349793704962717
1.982e-07,-0.002322479337299272
1.983e-07,-0.0026349793704962717
1.984e-07,-0.003119354337299272
1.985e-07,-0.0026349793704962717
1.986e-07,-0.0011662298372992718
1.987e-07,-0.0006349798372992719
1.988e-07,-0.001838104337299272
1.989e-07,-0.0026349793704962717
1.99e-07,-0.0015959168372992718
1.991e-07,-0.0006349798372992719
1.992e-07,-0.0015646668372992717
1.993e-07,-0.0026349793704962717
1.994e-07,-0.0019084168372992718
1.995e-07,-0.0006349798372992719
1.996e-07,-0.0010412298372992719
1.997e-07,-0.0026349793704962717
1.998e-07,-0.0034709168372992717
1.999e-07,-0.0026349793704962717
2e-07,-0.0010959168372992717
2.001e-07,-0.0006349798372992719
2.002e-07,-0.0016115418372992718
2.003e-07,-0.0026349793704962717
2.004e-07,-0.0026037293672992717
2.005e-07,-0.0026349793704962717
2.006e-07,-0.0036349798372992716
2.007e-07,-0.0046349798372992725
2.008e-07,-0.0035568543372992718
2.009e-07,-0.0006349798372992719
2.01e-07,0.0022712711627007284
2.011e-07,0.0033650211627007285
2.012e-07,0.0024118961627007285
2.013e-07,0.0013650211627007284
2.014e-07,0.0017947081627007282
2.015e-07,0.0033650211627007285
2.016e-07,0.004646271162700728
2.017e-07,0.005365021162700727
2.018e-07,0.005052521162700729
2.019e-07,0.0033650211627007285
2.02e-07,0.0006775211627007283
2.021e-07,-0.0006349798372992719
2.022e-07,0.000849396162700728
2.023e-07,0.0033650211627007285
2.024e-07,0.004365021162700728
2.025e-07,0.0033650211627007285
2.026e-07,0.001833771162700728
2.027e-07,0.0013650211627007284
2.028e-07,0.002310333162700728
2.029e-07,0.0033650211627007285
2.03e-07,0.003575958162700728
2.031e-07,0.0033650211627007285
2.032e-07,0.003357208162700728
2.033e-07,0.0033650211627007285
2.034e-07,0.0031150211627007283
2.035e-07,0.0033650211627007285
2.036e-07,0.004521271162700728
2.037e-07,0.005365021162700727
2.038e-07,0.004755646162700728
2.039e-07,0.0033650211627007285
2.04e-07,0.002685333162700728
2.041e-07,0.0033650211627007285
2.042e-07,0.004685333162700728
2.043e-07,0.005365021162700727
2.044e-07,0.005161896162700729
2.045e-07,0.005365021162700727
2.046e-07,0.006443146162700728
2.047e-07,0.007365021162700727
2.048e-07,0.006825958162700728
2.049e-07,0.005365021162700727
2.05e-07,0.004599396162700728
2.051e-07,0.005365021162700727
2.052e-07,0.0062947081627007274
2.053e-07,0.005365021162700727
2.054e-07,0.002654083162700728
2.055e-07,0.0013650211627007284
2.056e-07,0.003708771162700728
2.057e-07,0.007365021162700727
2.058e-07,0.008786893162700728
2.059e-07,0.007365021162700727
2.06e-07,0.004990021162700729
2.061e-07,0.0033650211627007285
2.062e-07,0.0028572081627007283
2.063e-07,0.0033650211627007285
2.064e-07,0.0044197081627007275
2.065e-07,0.005365021162700727
2.066e-07,0.006115021162700728
2.067e-07,0.007365021162700727
2.068e-07,0.008380643162700728
2.069e-07,0.007365021162700727
2.07e-07,0.004075958162700729
2.071e-07,0.0013650211627007284
2.072e-07,0.001544708162700728
2.073e-07,0.0033650211627007285
2.074e-07,0.004099396162700728
2.075e-07,0.0033650211627007285
2.076e-07,0.002646271162700728
2.077e-07,0.0033650211627007285
2.078e-07,0.004935333162700728
2.079e-07,0.005365021162700727
2.08e-07,0.003708771162700728
2.081e-07,0.0013650211627007284
2.082e-07,3.689616270072813e-05
2.083e-07,-0.0006349798372992719
2.084e-07,-0.0016271668372992718
2.085e-07,-0.0026349793704962717
2.086e-07,-0.002314666837299272
2.087e-07,-0.0006349798372992719
2.088e-07,0.001591583162700728
2.089e-07,0.0033650211627007285
2.09e-07,0.004060333162700729
2.091e-07,0.0033650211627007285
2.092e-07,0.001958771162700728
2.093e-07,0.0013650211627007284
2.094e-07,0.0017322081627007282
2.095e-07,0.0013650211627007284
2.096e-07,-0.0002599788372992717
2.097e-07,-0.0006349798372992719
2.098e-07,0.0014118961627007285
2.099e-07,0.0033650211627007285
2.1e-07,0.002786896162700728
2.101e-07,0.0013650211627007284
2.102e-07,0.001755646162700728
2.103e-07,0.0033650211627007285
2.104e-07,0.003560333162700728
2.105e-07,0.0013650211627007284
2.106e-07,-0.0016193548372992717
2.107e-07,-0.0026349793704962717
2.108e-07,-0.0008459168372992717
2.109e-07,0.0013650211627007284
2.11e-07,0.001802521162700728
2.111e-07,0.0013650211627007284
2.112e-07,0.001435333162700728
2.113e-07,0.0013650211627007284
2.114e-07,0.0002009581627007281
2.115e-07,-0.0006349798372992719
2.116e-07,0.00016970816270072808
2.117e-07,0.0013650211627007284
2.118e-07,0.0009587711627007281
2.119e-07,-0.0006349798372992719
2.12e-07,-0.0020412293372992717
2.121e-07,-0.0026349793704962717
2.122e-07,-0.0026818543672992717
2.123e-07,-0.0026349793704962717
2.124e-07,-0.0025646668672992716
2.125e-07,-0.0026349793704962717
2.126e-07,-0.002759979337299272
2.127e-07,-0.0026349793704962717
2.128e-07,-0.002369354337299272
2.129e-07,-0.0026349793704962717
2.13e-07,-0.003158416837299272
2.131e-07,-0.0026349793704962717
2.132e-07,-0.001072479837299272
2.133e-07,-0.0006349798372992719
2.134e-07,-0.0025646668672992716
2.135e-07,-0.0046349798372992725
2.136e-07,-0.004361541837299272
2.137e-07,-0.0026349793704962717
2.138e-07,-0.001767791837299272
2.139e-07,-0.0026349793704962717
2.14e-07,-0.004041229837299272
2.141e-07,-0.0046349798372992725
2.142e-07,-0.003955291837299272
2.143e-07,-0.0026349793704962717
2.144e-07,-0.0014709168372992719
2.145e-07,-0.0006349798372992719
2.146e-07,0.00016189616270072824
2.147e-07,0.0013650211627007284
2.148e-07,0.0020759581627007285
2.149e-07,0.0013650211627007284
2.15e-07,-0.0008381048372992719
2.151e-07,-0.0026349793704962717
2.152e-07,-0.002877166837299272
2.153e-07,-0.0026349793704962717
2.154e-07,-0.003322479337299272
2.155e-07,-0.0046349798372992725
2.156e-07,-0.005189666837299272
2.157e-07,-0.0046349798372992725
2.158e-07,-0.0034474793372992717
2.159e-07,-0.0026349793704962717
2.16e-07,-0.001963104337299272
2.161e-07,-0.0006349798372992719
2.162e-07,0.001075958162700728
2.163e-07,0.0013650211627007284
2.164e-07,-0.0006427918372992718
2.165e-07,-0.0026349793704962717
2.166e-07,-0.0023927918372992716
2.167e-07,-0.0006349798372992719
2.168e-07,0.00017752116270072825
2.169e-07,-0.0006349798372992719
2.17e-07,-0.0020724793372992717
2.171e-07,-0.0026349793704962717
2.172e-07,-0.0019240418372992718
2.173e-07,-0.0006349798372992719
2.174e-07,-3.341683729927167e-05
2.175e-07,-0.0006349798372992719
2.176e-07,-0.0018849793372992718
2.177e-07,-0.0026349793704962717
2.178e-07,-0.0026037293672992717
2.179e-07,-0.0026349793704962717
2.18e-07,-0.0034318543372992717
2.181e-07,-0.0046349798372992725
2.182e-07,-0.005189666837299272
2.183e-07,-0.0046349798372992725
2.184e-07,-0.0034396668372992717
2.185e-07,-0.0026349793704962717
2.186e-07,-0.0025256043372992717
2.187e-07,-0.0026349793704962717
2.188e-07,-0.0025256043372992717
2.189e-07,-0.0026349793704962717
2.19e-07,-0.0034396668372992717
2.191e-07,-0.0046349798372992725
2.192e-07,-0.005228729837299271
2.193e-07,-0.0046349798372992725
2.194e-07,-0.0033927918372992716
2.195e-07,-0.0026349793704962717
2.196e-07,-0.0027287293672992718
2.197e-07,-0.0026349793704962717
2.198e-07,-0.0016506043372992718
2.199e-07,-0.0006349798372992719
2.2e-07,-0.0010021668372992719
2.201e-07,-0.0026349793704962717
2.202e-07,-0.004306854837299272
2.203e-07,-0.0046349798372992725
2.204e-07,-0.003674041837299272
2.205e-07,-0.0026349793704962717
2.206e-07,-0.0024396668372992716
2.207e-07,-0.0026349793704962717
2.208e-07,-0.0025412293672992716
2.209e-07,-0.0026349793704962717
2.21e-07,-0.0035177918372992717
2.211e-07,-0.0046349798372992725
2.212e-07,-0.005017791837299272
2.213e-07,-0.0046349798372992725
2.214e-07,-0.003799041837299272
2.215e-07,-0.0026349793704962717
2.216e-07,-0.0014006048372992718
2.217e-07,-0.0006349798372992719
2.218e-07,-0.001088104837299272
2.219e-07,-0.0026349793704962717
2.22e-07,-0.004314666837299272
2.221e-07,-0.0046349798372992725
2.222e-07,-0.0035099793372992717
2.223e-07,-0.0026349793704962717
2.224e-07,-0.0033537293372992716
2.225e-07,-0.0046349798372992725
2.226e-07,-0.005009979837299272
2.227e-07,-0.0046349798372992725
2.228e-07,-0.004408416837299272
2.229e-07,-0.0046349798372992725
2.23e-07,-0.004759979837299272
2.231e-07,-0.0046349798372992725
2.232e-07,-0.004549041837299272
2.233e-07,-0.0046349798372992725
2.234e-07,-0.004720916837299272
2.235e-07,-0.0046349798372992725
2.236e-07,-0.003963104837299272
2.237e-07,-0.0026349793704962717
2.238e-07,-0.0016506043372992718
2.239e-07,-0.0026349793704962717
2.24e-07,-0.0053146668372992725
2.241e-07,-0.0066349798372992725
2.242e-07,-0.004908416837299272
2.243e-07,-0.0026349793704962717
2.244e-07,-0.002314666837299272
2.245e-07,-0.0026349793704962717
2.246e-07,-0.0017287293372992719
2.247e-07,-0.0006349798372992719
2.248e-07,-0.001283416837299272
2.249e-07,-0.0026349793704962717
2.25e-07,-0.0029865418372992717
2.251e-07,-0.0026349793704962717
2.252e-07,-0.0026349793704962717
2.253e-07,-0.0026349793704962717
2.254e-07,-0.0023927918372992716
2.255e-07,-0.0026349793704962717
2.256e-07,-0.003767791837299272
2.257e-07,-0.0046349798372992725
2.258e-07,-0.004041229837299272
2.259e-07,-0.0026349793704962717
2.26e-07,-0.0019240418372992718
2.261e-07,-0.0026349793704962717
2.262e-07,-0.004009979837299272
2.263e-07,-0.0046349798372992725
2.264e-07,-0.003845916837299272
2.265e-07,-0.0026349793704962717
2.266e-07,-0.002228729337299272
2.267e-07,-0.0026349793704962717
2.268e-07,-0.0029631043372992717
2.269e-07,-0.0026349793704962717
2.27e-07,-0.001759979337299272
2.271e-07,-0.0006349798372992719
2.272e-07,-3.341683729927167e-05
2.273e-07,-0.0006349798372992719
2.274e-07,-0.0020802918372992718
2.275e-07,-0.0026349793704962717
2.276e-07,-0.0016349793372992718
2.277e-07,-0.0006349798372992719
2.278e-07,-0.0012287298372992718
2.279e-07,-0.0026349793704962717
2.28e-07,-0.003236541837299272
2.281e-07,-0.0026349793704962717
2.282e-07,-0.0015256048372992719
2.283e-07,-0.0006349798372992719
2.284e-07,-0.0003146668372992719
2.285e-07,-0.0006349798372992719
2.286e-07,-0.0015256048372992719
2.287e-07,-0.0026349793704962717
2.288e-07,-0.003267791837299272
2.289e-07,-0.0026349793704962717
2.29e-07,-0.0011193548372992717
2.291e-07,-0.0006349798372992719
2.292e-07,-0.001845916837299272
2.293e-07,-0.0026349793704962717
2.294e-07,-0.0016740418372992718
2.295e-07,-0.0006349798372992719
2.296e-07,-0.001353729837299272
2.297e-07,-0.0026349793704962717
2.298e-07,-0.002291229337299272
2.299e-07,-0.0006349798372992719
2.3e-07,0.0003103331627007282
2.301e-07,-0.0006349798372992719
2.302e-07,-0.002799041837299272
2.303e-07,-0.0046349798372992725
2.304e-07,-0.004627166837299272
2.305e-07,-0.0026349793704962717
2.306e-07,-2.5603837299271928e-05
2.307e-07,0.0013650211627007284
2.308e-07,0.0012322081627007282
2.309e-07,0.0013650211627007284
2.31e-07,0.002544708162700728
2.311e-07,0.0033650211627007285
2.312e-07,0.0020134581627007284
2.313e-07,-0.0006349798372992719
2.314e-07,-0.0025412293672992716
2.315e-07,-0.0026349793704962717
2.316e-07,-0.001556854837299272
2.317e-07,-0.0006349798372992719
2.318e-07,-0.00043966683729927203
2.319e-07,-0.0006349798372992719
2.32e-07,-0.0006115418372992718
2.321e-07,-0.0006349798372992719
2.322e-07,-0.0008693548372992719
2.323e-07,-0.0006349798372992719
2.324e-07,0.00048220816270072835
2.325e-07,0.0013650211627007284
2.326e-07,0.0013103331627007278
2.327e-07,0.0013650211627007284
2.328e-07,0.001880646162700728
2.329e-07,0.0013650211627007284
2.33e-07,-0.0009474798372992718
2.331e-07,-0.0026349793704962717
2.332e-07,-0.0014318548372992718
2.333e-07,0.0013650211627007284
2.334e-07,0.0031540831627007286
2.335e-07,0.0033650211627007285
2.336e-07,0.002669708162700728
2.337e-07,0.0013650211627007284
2.338e-07,-0.00022872883729927167
2.339e-07,-0.0006349798372992719
2.34e-07,0.000529083162700728
2.341e-07,0.0013650211627007284
2.342e-07,0.000990021162700728
2.343e-07,0.0013650211627007284
2.344e-07,0.0031150211627007283
2.345e-07,0.0033650211627007285
2.346e-07,0.000396271162700728
2.347e-07,-0.0026349793704962717
2.348e-07,-0.0019084168372992718
2.349e-07,0.0013650211627007284
2.35e-07,0.003568146162700728
2.351e-07,0.0033650211627007285
2.352e-07,0.002036896162700728
2.353e-07,0.0013650211627007284
2.354e-07,0.0020915831627007285
2.355e-07,0.0033650211627007285
2.356e-07,0.003833771162700728
2.357e-07,0.0033650211627007285
2.358e-07,0.002404083162700728
2.359e-07,0.0013650211627007284
2.36e-07,0.0012243961627007283
2.361e-07,0.0033650211627007285
2.362e-07,0.006732208162700728
2.363e-07,0.007365021162700727
2.364e-07,0.003560333162700728
2.365e-07,-0.0006349798372992719
2.366e-07,-0.0005177918372992717
2.367e-07,0.0033650211627007285
2.368e-07,0.006935333162700728
2.369e-07,0.007365021162700727
2.37e-07,0.005161896162700729
2.371e-07,0.0033650211627007285
2.372e-07,0.003740021162700728
2.373e-07,0.005365021162700727
2.374e-07,0.006130646162700728
2.375e-07,0.005365021162700727
2.376e-07,0.004013458162700729
2.377e-07,0.0033650211627007285
2.378e-07,0.0033962711627007285
2.379e-07,0.0033650211627007285
2.38e-07,0.0031540831627007286
2.381e-07,0.0033650211627007285
2.382e-07,0.004505646162700728
2.383e-07,0.005365021162700727
2.384e-07,0.004763458162700728
2.385e-07,0.0033650211627007285
2.386e-07,0.002693146162700728
2.387e-07,0.0033650211627007285
2.388e-07,0.005154083162700728
2.389e-07,0.007365021162700727
2.39e-07,0.009036893162700729
2.391e-07,0.009365023162700728
2.392e-07,0.007904083162700727
2.393e-07,0.005365021162700727
2.394e-07,0.003325958162700728
2.395e-07,0.0033650211627007285
2.396e-07,0.005458771162700727
2.397e-07,0.007365021162700727
2.398e-07,0.007599393162700727
2.399e-07,0.007365021162700727
2.4e-07,0.008146273162700727
2.401e-07,0.009365023162700728
2.402e-07,0.009685333162700727
2.403e-07,0.009365023162700728
2.404e-07,0.009216583162700728
2.405e-07,0.009365023162700728
2.406e-07,0.009286893162700727
2.407e-07,0.009365023162700728
2.408e-07,0.009568143162700727
2.409e-07,0.009365023162700728
2.41e-07,0.008365023162700727
2.411e-07,0.007365021162700727
2.412e-07,0.007091583162700728
2.413e-07,0.007365021162700727
2.414e-07,0.007560333162700729
2.415e-07,0.007365021162700727
2.416e-07,0.007193146162700727
2.417e-07,0.007365021162700727
2.418e-07,0.007747833162700727
2.419e-07,0.007365021162700727
2.42e-07,0.006099396162700728
2.421e-07,0.005365021162700727
2.422e-07,0.006130646162700728
2.423e-07,0.007365021162700727
2.424e-07,0.008154083162700727
2.425e-07,0.009365023162700728
2.426e-07,0.011107213162700727
2.427e-07,0.011365023162700728
2.428e-07,0.008677523162700727
2.429e-07,0.005365021162700727
2.43e-07,0.004325958162700727
2.431e-07,0.005365021162700727
2.432e-07,0.006654083162700728
2.433e-07,0.007365021162700727
2.434e-07,0.007599393162700727
2.435e-07,0.007365021162700727
2.436e-07,0.007021271162700727
2.437e-07,0.007365021162700727
2.438e-07,0.008630643162700728
2.439e-07,0.009365023162700728
2.44e-07,0.008607213162700729
2.441e-07,0.007365021162700727
2.442e-07,0.006927521162700727
2.443e-07,0.007365021162700727
2.444e-07,0.008161893162700728
2.445e-07,0.009365023162700728
2.446e-07,0.010724393162700728
2.447e-07,0.011365023162700728
2.448e-07,0.010552523162700727
2.449e-07,0.009365023162700728
2.45e-07,0.008927523162700728
2.451e-07,0.009365023162700728
2.452e-07,0.009763463162700728
2.453e-07,0.009365023162700728
2.454e-07,0.008240023162700727
2.455e-07,0.007365021162700727
2.456e-07,0.007279083162700728
2.457e-07,0.007365021162700727
2.458e-07,0.007208771162700727
2.459e-07,0.007365021162700727
2.46e-07,0.008365023162700727
2.461e-07,0.009365023162700728
2.462e-07,0.009513463162700728
2.463e-07,0.009365023162700728
2.464e-07,0.009411893162700727
2.465e-07,0.009365023162700728
2.466e-07,0.008521273162700727
2.467e-07,0.007365021162700727
2.468e-07,0.006841583162700728
2.469e-07,0.007365021162700727
2.47e-07,0.008036893162700728
2.471e-07,0.007365021162700727
2.472e-07,0.005232208162700728
2.473e-07,0.0033650211627007285
2.474e-07,0.003599396162700728
2.475e-07,0.005365021162700727
2.476e-07,0.006966583162700728
2.477e-07,0.007365021162700727
2.478e-07,0.007075958162700728
2.479e-07,0.007365021162700727
2.48e-07,0.008466583162700728
2.481e-07,0.009365023162700728
2.482e-07,0.008810333162700728
2.483e-07,0.007365021162700727
2.484e-07,0.006044708162700727
2.485e-07,0.005365021162700727
2.486e-07,0.005091583162700728
2.487e-07,0.005365021162700727
2.488e-07,0.005841583162700727
2.489e-07,0.005365021162700727
2.49e-07,0.003950958162700729
2.491e-07,0.0033650211627007285
2.492e-07,0.004513458162700728
2.493e-07,0.005365021162700727
2.494e-07,0.0044509581627007275
2.495e-07,0.0033650211627007285
2.496e-07,0.003966583162700729
2.497e-07,0.005365021162700727
2.498e-07,0.005755646162700728
2.499e-07,0.005365021162700727
2.5e-07,0.005271271162700727
2.501e-07,0.005365021162700727
2.502e-07,0.004716583162700728
2.503e-07,0.0033650211627007285
2.504e-07,0.0020134581627007284
2.505e-07,0.0013650211627007284
2.506e-07,0.001880646162700728
2.507e-07,0.0033650211627007285
2.508e-07,0.004919708162700728
2.509e-07,0.005365021162700727
2.51e-07,0.004505646162700728
2.511e-07,0.0033650211627007285
2.512e-07,0.003036896162700728
2.513e-07,0.0033650211627007285
2.514e-07,0.003544708162700728
2.515e-07,0.0033650211627007285
2.516e-07,0.0031306461627007283
2.517e-07,0.0033650211627007285
2.518e-07,0.004154083162700729
2.519e-07,0.005365021162700727
2.52e-07,0.006075958162700727
2.521e-07,0.005365021162700727
2.522e-07,0.0032400211627007284
2.523e-07,0.0013650211627007284
2.524e-07,0.0009978331627007284
2.525e-07,0.0013650211627007284
2.526e-07,0.001450958162700728
2.527e-07,0.0013650211627007284
2.528e-07,0.001560333162700728
2.529e-07,0.0013650211627007284
2.53e-07,0.000865021162700728
2.531e-07,0.0013650211627007284
2.532e-07,0.0034587711627007286
2.533e-07,0.005365021162700727
2.534e-07,0.005122833162700728
2.535e-07,0.0033650211627007285
2.536e-07,0.0022400211627007284
2.537e-07,0.0033650211627007285
2.538e-07,0.005404083162700728
2.539e-07,0.005365021162700727
2.54e-07,0.0022478331627007278
2.541e-07,-0.0006349798372992719
2.542e-07,-0.0004787298372992718
2.543e-07,0.0013650211627007284
2.544e-07,0.0020759581627007285
2.545e-07,0.0013650211627007284
2.546e-07,0.0009197081627007283
2.547e-07,0.0013650211627007284
2.548e-07,0.001833771162700728
2.549e-07,0.0013650211627007284
2.55e-07,0.00016189616270072824
2.551e-07,-0.0006349798372992719
2.552e-07,-9.978837299271914e-06
2.553e-07,0.0013650211627007284
2.554e-07,0.002036896162700728
2.555e-07,0.0013650211627007284
2.556e-07,4.4708162700727964e-05
2.557e-07,-0.0006349798372992719
2.558e-07,3.689616270072813e-05
2.559e-07,0.0013650211627007284
2.56e-07,0.0024900211627007286
2.561e-07,0.0033650211627007285
2.562e-07,0.003802521162700728
2.563e-07,0.0033650211627007285
2.564e-07,0.002036896162700728
2.565e-07,0.0013650211627007284
2.566e-07,0.0021697081627007286
2.567e-07,0.0033650211627007285
2.568e-07,0.0030837711627007282
2.569e-07,0.0013650211627007284
2.57e-07,-0.0004006038372992718
2.571e-07,-0.0006349798372992719
2.572e-07,0.0005212711627007281
2.573e-07,0.0013650211627007284
2.574e-07,0.0007165831627007281
2.575e-07,-0.0006349798372992719
2.576e-07,-0.0011662298372992718
2.577e-07,-0.0006349798372992719
2.578e-07,-8.029183729927171e-05
2.579e-07,-0.0006349798372992719
2.58e-07,-0.001955291837299272
2.581e-07,-0.0026349793704962717
2.582e-07,-0.0018771668372992718
2.583e-07,-0.0006349798372992719
2.584e-07,-0.00016622883729927162
2.585e-07,-0.0006349798372992719
2.586e-07,-0.0010099798372992718
2.587e-07,-0.0006349798372992719
2.588e-07,-0.00015060383729927204
2.589e-07,-0.0006349798372992719
2.59e-07,-0.0020646668372992717
2.591e-07,-0.0026349793704962717
2.592e-07,-0.0011506048372992717
2.593e-07,0.0013650211627007284
2.594e-07,0.002513458162700728
2.595e-07,0.0013650211627007284
2.596e-07,-0.001088104837299272
2.597e-07,-0.0026349793704962717
2.598e-07,-0.0025724793672992716
2.599e-07,-0.0026349793704962717
2.6e-07,-0.0038537298372992718
2.601e-07,-0.0046349798372992725
2.602e-07,-0.0036349798372992716
2.603e-07,-0.0026349793704962717
2.604e-07,-0.002861541837299272
2.605e-07,-0.0026349793704962717
2.606e-07,-0.0004787298372992718
2.607e-07,0.0013650211627007284
2.608e-07,0.0002400211627007283
2.609e-07,-0.0026349793704962717
2.61e-07,-0.004072479837299272
2.611e-07,-0.0026349793704962717
2.612e-07,0.00015408316270072806
2.613e-07,0.0013650211627007284
2.614e-07,-0.00030685383729927174
2.615e-07,-0.0026349793704962717
2.616e-07,-0.003291229337299272
2.617e-07,-0.0026349793704962717
2.618e-07,-0.001838104337299272
2.619e-07,-0.0006349798372992719
2.62e-07,0.0009743961627007281
2.621e-07,0.0013650211627007284
2.622e-07,-0.0005724798372992719
2.623e-07,-0.0026349793704962717
2.624e-07,-0.0024396668372992716
2.625e-07,-0.0006349798372992719
2.626e-07,0.0004040831627007283
2.627e-07,-0.0006349798372992719
2.628e-07,-0.0029943543372992717
2.629e-07,-0.0046349798372992725
2.63e-07,-0.004244354837299272
2.631e-07,-0.0026349793704962717
2.632e-07,-0.0011584168372992718
2.633e-07,-0.0006349798372992719
2.634e-07,-0.0007131048372992718
2.635e-07,-0.0006349798372992719
2.636e-07,-0.000408416837299272
2.637e-07,-0.0006349798372992719
2.638e-07,-0.0010802918372992717
2.639e-07,-0.0006349798372992719
2.64e-07,0.0008025211627007284
2.641e-07,0.0013650211627007284
2.642e-07,-0.000424041837299272
2.643e-07,-0.0026349793704962717
2.644e-07,-0.002783416837299272
2.645e-07,-0.0006349798372992719
2.646e-07,0.001990021162700728
2.647e-07,0.0033650211627007285
2.648e-07,0.002833771162700728
2.649e-07,0.0013650211627007284
2.65e-07,-0.0005177918372992717
2.651e-07,-0.0026349793704962717
2.652e-07,-0.004463104837299272
2.653e-07,-0.0046349798372992725
2.654e-07,-0.0026349793704962717
2.655e-07,-0.0006349798372992719
2.656e-07,-0.0008459168372992717
2.657e-07,-0.0026349793704962717
2.658e-07,-0.004095916837299271
2.659e-07,-0.0046349798372992725
2.66e-07,-0.004127166837299271
2.661e-07,-0.0026349793704962717
2.662e-07,-0.0008693548372992719
2.663e-07,-0.0006349798372992719
2.664e-07,-0.0026037293672992717
2.665e-07,-0.0046349798372992725
2.666e-07,-0.004517791837299272
2.667e-07,-0.0026349793704962717
2.668e-07,-0.0009474798372992718
2.669e-07,-0.0006349798372992719
2.67e-07,-0.0015959168372992718
2.671e-07,-0.0026349793704962717
2.672e-07,-0.0029396668372992717
2.673e-07,-0.0026349793704962717
2.674e-07,-0.002353729337299272
2.675e-07,-0.0026349793704962717
2.676e-07,-0.0034396668372992717
2.677e-07,-0.0046349798372992725
2.678e-07,-0.005400604837299271
2.679e-07,-0.0046349798372992725
2.68e-07,-0.0023927918372992716
2.681e-07,-0.0006349798372992719
2.682e-07,-0.0005568548372992719
2.683e-07,-0.0006349798372992719
2.684e-07,0.000380646162700728
2.685e-07,0.0013650211627007284
2.686e-07,0.0006853331627007281
2.687e-07,-0.0006349798372992719
2.688e-07,-0.0015412298372992719
2.689e-07,-0.0026349793704962717
2.69e-07,-0.004314666837299272
2.691e-07,-0.0046349798372992725
2.692e-07,-0.0026271668702992717
2.693e-07,-0.0006349798372992719
2.694e-07,-0.0010099798372992718
2.695e-07,-0.0026349793704962717
2.696e-07,-0.003213104337299272
2.697e-07,-0.0026349793704962717
2.698e-07,-0.002166229337299272
2.699e-07,-0.0026349793704962717
2.7e-07,-0.003736541837299272
2.701e-07,-0.0046349798372992725
2.702e-07,-0.004806854837299272
2.703e-07,-0.0046349798372992725
2.704e-07,-0.004049041837299271
2.705e-07,-0.0026349793704962717
2.706e-07,-0.0008693548372992719
2.707e-07,-0.0006349798372992719
2.708e-07,-0.0026818543672992717
2.709e-07,-0.0046349798372992725
2.71e-07,-0.0038381048372992718
2.711e-07,-0.0006349798372992719
2.712e-07,0.001958771162700728
2.713e-07,0.0013650211627007284
2.714e-07,-0.0020412293372992717
2.715e-07,-0.0046349798372992725
2.716e-07,-0.0042365418372992715
2.717e-07,-0.0026349793704962717
2.718e-07,-0.002259979337299272
2.719e-07,-0.0026349793704962717
2.72e-07,-0.0020412293372992717
2.721e-07,-0.0006349798372992719
2.722e-07,-1.7791837299271657e-05
2.723e-07,-0.0006349798372992719
2.724e-07,-0.001791229337299272
2.725e-07,-0.0026349793704962717
2.726e-07,-0.002799041837299272
2.727e-07,-0.0026349793704962717
2.728e-07,-0.0025959168672992717
2.729e-07,-0.0026349793704962717
2.73e-07,-0.0025646668672992716
2.731e-07,-0.0026349793704962717
2.732e-07,-0.002877166837299272
2.733e-07,-0.0026349793704962717
2.734e-07,-0.0015646668372992717
2.735e-07,-0.0006349798372992719
2.736e-07,-0.0005959168372992717
2.737e-07,-0.0006349798372992719
2.738e-07,-0.00032247883729927176
2.739e-07,-0.0006349798372992719
2.74e-07,-0.001963104337299272
2.741e-07,-0.0026349793704962717
2.742e-07,-0.0016271668372992718
2.743e-07,-0.0006349798372992719
2.744e-07,-0.001353729837299272
2.745e-07,-0.0026349793704962717
2.746e-07,-0.0024006043372992716
2.747e-07,-0.0006349798372992719
2.748e-07,0.0010681461627007282
2.749e-07,0.0013650211627007284
2.75e-07,0.0002947081627007282
2.751e-07,-0.0006349798372992719
2.752e-07,-0.0007131048372992718
2.753e-07,-0.0006349798372992719
2.754e-07,-0.0009240418372992718
2.755e-07,-0.0006349798372992719
2.756e-07,0.0006462711627007282
2.757e-07,0.0013650211627007284
2.758e-07,-8.029183729927171e-05
2.759e-07,-0.0026349793704962717
2.76e-07,-0.003900604837299272
2.761e-07,-0.0026349793704962717
2.762e-07,-2.1668372992716435e-06
2.763e-07,0.0013650211627007284
2.764e-07,0.00046658316270072834
2.765e-07,-0.0006349798372992719
2.766e-07,-0.0004943548372992718
2.767e-07,-0.0006349798372992719
2.768e-07,-0.0025490418672992716
2.769e-07,-0.0046349798372992725
2.77e-07,-0.004502166837299272
2.771e-07,-0.0026349793704962717
2.772e-07,-0.0010802918372992717
2.773e-07,-0.0006349798372992719
2.774e-07,-0.0006896668372992718
2.775e-07,-0.0006349798372992719
2.776e-07,-0.00041622983729927175
2.777e-07,-0.0006349798372992719
2.778e-07,-0.001517791837299272
2.779e-07,-0.0026349793704962717
2.78e-07,-0.003103729337299272
2.781e-07,-0.0026349793704962717
2.782e-07,-0.0016584168372992718
2.783e-07,-0.0006349798372992719
2.784e-07,0.00028689616270072835
2.785e-07,0.0013650211627007284
2.786e-07,0.002513458162700728
2.787e-07,0.0033650211627007285
2.788e-07,0.003036896162700728
2.789e-07,0.0013650211627007284
2.79e-07,-0.001033416837299272
2.791e-07,-0.0026349793704962717
2.792e-07,-0.002869354337299272
2.793e-07,-0.0026349793704962717
2.794e-07,-0.0026818543672992717
2.795e-07,-0.0026349793704962717
2.796e-07,-0.001767791837299272
2.797e-07,-0.0006349798372992719
2.798e-07,-0.00013497883729927202
2.799e-07,-0.0006349798372992719
2.8e-07,-0.0011584168372992718
2.801e-07,-0.0006349798372992719
2.802e-07,0.0007634581627007282
2.803e-07,0.0013650211627007284
2.804e-07,0.0003259581627007282
2.805e-07,-0.0006349798372992719
2.806e-07,5.6461627007281e-06
2.807e-07,0.0013650211627007284
2.808e-07,0.0017947081627007282
2.809e-07,0.0013650211627007284
2.81e-07,0.001122833162700728
2.811e-07,0.0013650211627007284
2.812e-07,0.0015212711627007286
2.813e-07,0.0013650211627007284
2.814e-07,0.0011306461627007282
2.815e-07,0.0013650211627007284
2.816e-07,0.0022400211627007284
2.817e-07,0.0033650211627007285
2.818e-07,0.003802521162700728
2.819e-07,0.0033650211627007285
2.82e-07,0.0022868961627007284
2.821e-07,0.0013650211627007284
2.822e-07,0.001013458162700728
2.823e-07,0.0013650211627007284
2.824e-07,0.0017634581627007282
2.825e-07,0.0013650211627007284
2.826e-07,0.00015408316270072806
2.827e-07,-0.0006349798372992719
2.828e-07,-0.0004474798372992718
2.829e-07,-0.0006349798372992719
2.83e-07,-0.001799041837299272
2.831e-07,-0.0026349793704962717
2.832e-07,-0.0018693543372992718
2.833e-07,-0.0006349798372992719
2.834e-07,-0.0004006038372992718
2.835e-07,-0.0006349798372992719
2.836e-07,-4.122883729927194e-05
2.837e-07,0.0013650211627007284
2.838e-07,0.0021540831627007285
2.839e-07,0.0013650211627007284
2.84e-07,-0.0007599798372992718
2.841e-07,-0.0026349793704962717
2.842e-07,-0.003119354337299272
2.843e-07,-0.0026349793704962717
2.844e-07,-0.002345916837299272
2.845e-07,-0.0026349793704962717
2.846e-07,-0.002884979337299272
2.847e-07,-0.0026349793704962717
2.848e-07,-0.0016974793372992718
2.849e-07,-0.0006349798372992719
2.85e-07,-8.029183729927171e-05
2.851e-07,-0.0006349798372992719
2.852e-07,-0.0019084168372992718
2.853e-07,-0.0026349793704962717
2.854e-07,-0.0020334168372992717
2.855e-07,-0.0006349798372992719
2.856e-07,0.0005681461627007282
2.857e-07,0.0013650211627007284
2.858e-07,0.0016775211627007279
2.859e-07,0.0013650211627007284
2.86e-07,0.00028689616270072835
2.861e-07,-0.0006349798372992719
2.862e-07,-0.0008302918372992717
2.863e-07,-0.0006349798372992719
2.864e-07,-0.0006037298372992719
2.865e-07,-0.0006349798372992719
2.866e-07,-0.0005646668372992717
2.867e-07,-0.0006349798372992719
2.868e-07,-0.0012912298372992719
2.869e-07,-0.0026349793704962717
2.87e-07,-0.0035490418372992718
2.871e-07,-0.0026349793704962717
2.872e-07,-0.00011935383729927201
2.873e-07,0.0013650211627007284
2.874e-07,0.0004353331627007283
2.875e-07,-0.0006349798372992719
2.876e-07,0.00015408316270072806
2.877e-07,0.0013650211627007284
2.878e-07,0.0007712711627007283
2.879e-07,-0.0006349798372992719
2.88e-07,-0.001033416837299272
2.881e-07,-0.0006349798372992719
2.882e-07,-0.0006037298372992719
2.883e-07,-0.0006349798372992719
2.884e-07,-0.000392791837299272
2.885e-07,-0.0006349798372992719
2.886e-07,-0.001838104337299272
2.887e-07,-0.0026349793704962717
2.888e-07,-0.0019240418372992718
2.889e-07,-0.0006349798372992719
2.89e-07,-0.00020529183729927182
2.891e-07,-0.0006349798372992719
2.892e-07,-0.0014084168372992718
2.893e-07,-0.0026349793704962717
2.894e-07,-0.004119354837299272
2.895e-07,-0.0046349798372992725
2.896e-07,-0.003627166837299272
2.897e-07,-0.0026349793704962717
2.898e-07,-0.0026818543672992717
2.899e-07,-0.0026349793704962717
2.9e-07,-0.0015256048372992719
2.901e-07,-0.0006349798372992719
2.902e-07,-0.001322479837299272
2.903e-07,-0.0026349793704962717
2.904e-07,-0.0029943543372992717
2.905e-07,-0.0026349793704962717
2.906e-07,-0.0025177918372992717
2.907e-07,-0.0026349793704962717
2.908e-07,-0.0025959168672992717
2.909e-07,-0.0026349793704962717
2.91e-07,-0.002877166837299272
2.911e-07,-0.0026349793704962717
2.912e-07,-0.0015646668372992717
2.913e-07,-0.0006349798372992719
2.914e-07,-0.0005256048372992718
2.915e-07,-0.0006349798372992719
2.916e-07,-0.00043966683729927203
2.917e-07,-0.0006349798372992719
2.918e-07,-0.001752166837299272
2.919e-07,-0.0026349793704962717
2.92e-07,-0.0021037293372992718
2.921e-07,-0.0006349798372992719
2.922e-07,0.0005993961627007282
2.923e-07,0.0013650211627007284
2.924e-07,0.001638458162700728
2.925e-07,0.0013650211627007284
2.926e-07,0.000396271162700728
2.927e-07,-0.0006349798372992719
2.928e-07,-0.001033416837299272
2.929e-07,-0.0006349798372992719
2.93e-07,-0.00015841683729927178
2.931e-07,-0.0006349798372992719
2.932e-07,-0.0019943543372992717
2.933e-07,-0.0026349793704962717
2.934e-07,-0.0017131043372992719
2.935e-07,-0.0006349798372992719
2.936e-07,-0.0005646668372992717
2.937e-07,-0.0006349798372992719
2.938e-07,0.00034158316270072823
2.939e-07,0.0013650211627007284
2.94e-07,0.0009197081627007283
2.941e-07,-0.0006349798372992719
2.942e-07,-0.0019865418372992717
2.943e-07,-0.0026349793704962717
2.944e-07,-0.002345916837299272
2.945e-07,-0.0006349798372992719
2.946e-07,0.0018884581627007283
2.947e-07,0.0033650211627007285
2.948e-07,0.002700958162700728
2.949e-07,0.0013650211627007284
2.95e-07,0.0009587711627007281
2.951e-07,0.0013650211627007284
2.952e-07,0.001091583162700728
2.953e-07,-0.0006349798372992719
2.954e-07,-0.0026584168672992717
2.955e-07,-0.0026349793704962717
2.956e-07,-0.00029122883729927173
2.957e-07,0.0013650211627007284
2.958e-07,0.00048220816270072835
2.959e-07,-0.0006349798372992719
2.96e-07,0.00027127116270072834
2.961e-07,0.0013650211627007284
2.962e-07,0.00048220816270072835
2.963e-07,-0.0006349798372992719
2.964e-07,0.0002009581627007281
2.965e-07,0.0013650211627007284
2.966e-07,0.0006775211627007283
2.967e-07,-0.0006349798372992719
2.968e-07,-0.0008927918372992718
2.969e-07,-0.0006349798372992719
2.97e-07,-0.0008771668372992718
2.971e-07,-0.0006349798372992719
2.972e-07,0.0011853331627007281
2.973e-07,0.0033650211627007285
2.974e-07,0.0035525211627007278
2.975e-07,0.0013650211627007284
2.976e-07,-0.0019943543372992717
2.977e-07,-0.0046349798372992725
2.978e-07,-0.004838104837299272
2.979e-07,-0.0026349793704962717
2.98e-07,0.00026345816270072816
2.981e-07,0.0013650211627007284
2.982e-07,-0.00021310383729927166
2.983e-07,-0.0026349793704962717
2.984e-07,-0.003127166837299272
2.985e-07,-0.0006349798372992719
2.986e-07,0.002771271162700728
2.987e-07,0.0033650211627007285
2.988e-07,0.0002400211627007283
2.989e-07,-0.0026349793704962717
2.99e-07,-0.002252166837299272
2.991e-07,-0.0006349798372992719
2.992e-07,-0.0008771668372992718
2.993e-07,-0.0026349793704962717
2.994e-07,-0.0034240418372992716
2.995e-07,-0.0026349793704962717
2.996e-07,-0.0014396668372992718
2.997e-07,-0.0006349798372992719
2.998e-07,0.00012283316270072803
2.999e-07,0.0013650211627007284
3e-07,0.0028259581627007283
3.001e-07,0.0033650211627007285
3.002e-07,0.001911896162700728
3.003e-07,-0.0006349798372992719
3.004e-07,-0.0025099793372992717
3.005e-07,-0.0026349793704962717
3.006e-07,-0.0015412298372992719
3.007e-07,-0.0006349798372992719
3.008e-07,-0.0005646668372992717
3.009e-07,-0.0006349798372992719
3.01e-07,6.814616270072816e-05
3.011e-07,0.0013650211627007284
3.012e-07,0.0020447081627007284
3.013e-07,0.0013650211627007284
3.014e-07,-7.247883729927197e-05
3.015e-07,-0.0006349798372992719
3.016e-07,0.00027127116270072834
3.017e-07,0.0013650211627007284
3.018e-07,0.0009665831627007283
3.019e-07,-0.0006349798372992719
3.02e-07,-0.0020490418372992717
3.021e-07,-0.0026349793704962717
3.022e-07,-0.002127166837299272
3.023e-07,-0.0006349798372992719
3.024e-07,0.001091583162700728
3.025e-07,0.0013650211627007284
3.026e-07,6.814616270072816e-05
3.027e-07,-0.0006349798372992719
3.028e-07,0.000911896162700728
3.029e-07,0.0033650211627007285
3.03e-07,0.004294708162700727
3.031e-07,0.0033650211627007285
3.032e-07,0.001849396162700728
3.033e-07,0.0013650211627007284
3.034e-07,0.002052521162700728
3.035e-07,0.0033650211627007285
3.036e-07,0.004013458162700729
3.037e-07,0.0033650211627007285
3.038e-07,0.0019509581627007284
3.039e-07,0.0013650211627007284
3.04e-07,0.001755646162700728
3.041e-07,0.0013650211627007284
3.042e-07,-0.0006349798372992719
3.043e-07,-0.0026349793704962717
3.044e-07,-0.0025099793372992717
3.045e-07,-0.0006349798372992719
3.046e-07,0.0011150211627007282
3.047e-07,0.0013650211627007284
3.048e-07,0.0009040831627007283
3.049e-07,0.0013650211627007284
3.05e-07,0.0028415831627007283
3.051e-07,0.0033650211627007285
3.052e-07,0.001575958162700728
3.053e-07,-0.0006349798372992719
3.054e-07,-0.0007131048372992718
3.055e-07,0.0013650211627007284
3.056e-07,0.0033181461627007284
3.057e-07,0.0033650211627007285
3.058e-07,0.001513458162700728
3.059e-07,-0.0006349798372992719
3.06e-07,-0.0014396668372992718
3.061e-07,-0.0006349798372992719
3.062e-07,0.0007400211627007283
3.063e-07,0.0013650211627007284
3.064e-07,0.0012009581627007281
3.065e-07,0.0013650211627007284
3.066e-07,0.0023806461627007285
3.067e-07,0.0033650211627007285
3.068e-07,0.0029665831627007284
3.069e-07,0.0013650211627007284
3.07e-07,-0.0002599788372992717
3.071e-07,-0.0006349798372992719
3.072e-07,0.0002400211627007283
3.073e-07,0.0013650211627007284
3.074e-07,0.001786896162700728
3.075e-07,0.0013650211627007284
3.076e-07,0.0004743961627007281
3.077e-07,-0.0006349798372992719
3.078e-07,-0.001759979337299272
3.079e-07,-0.0026349793704962717
3.08e-07,-0.0023849793372992716
3.081e-07,-0.0006349798372992719
3.082e-07,0.0019509581627007284
3.083e-07,0.0033650211627007285
3.084e-07,0.002630646162700728
3.085e-07,0.0013650211627007284
3.086e-07,0.0010837711627007282
3.087e-07,0.0013650211627007284
3.088e-07,0.0012868961627007284
3.089e-07,0.0013650211627007284
3.09e-07,0.0022868961627007284
3.091e-07,0.0033650211627007285
3.092e-07,0.0030447081627007285
3.093e-07,0.0013650211627007284
3.094e-07,-0.000392791837299272
3.095e-07,-0.0006349798372992719
3.096e-07,0.001044708162700728
3.097e-07,0.0033650211627007285
3.098e-07,0.004396271162700728
3.099e-07,0.0033650211627007285
3.1e-07,0.001138458162700728
3.101e-07,-0.0006349798372992719
3.102e-07,-0.001064666837299272
3.103e-07,-0.0006349798372992719
3.104e-07,-0.0003693538372992718
3.105e-07,-0.0006349798372992719
3.106e-07,-0.0005177918372992717
3.107e-07,0.0013650211627007284
3.108e-07,0.004294708162700727
3.109e-07,0.005365021162700727
3.11e-07,0.0029509581627007284
3.111e-07,-0.0006349798372992719
3.112e-07,-0.0024787293372992717
3.113e-07,-0.0026349793704962717
3.114e-07,-0.0026193543672992717
3.115e-07,-0.0026349793704962717
3.116e-07,-0.001845916837299272
3.117e-07,-0.0006349798372992719
3.118e-07,0.0004197081627007283
3.119e-07,0.0013650211627007284
3.12e-07,0.002036896162700728
3.121e-07,0.0013650211627007284
3.122e-07,-0.0003146668372992719
3.123e-07,-0.0006349798372992719
3.124e-07,0.0013728331627007278
3.125e-07,0.0033650211627007285
3.126e-07,0.002927521162700728
3.127e-07,0.0013650211627007284
3.128e-07,0.0008415831627007282
3.129e-07,0.0013650211627007284
3.13e-07,0.0015993961627007278
3.131e-07,0.0013650211627007284
3.132e-07,0.0012478331627007282
3.133e-07,0.0013650211627007284
3.134e-07,0.0013962711627007285
3.135e-07,0.0013650211627007284
3.136e-07,0.0013962711627007285
3.137e-07,0.0013650211627007284
3.138e-07,0.0012868961627007284
3.139e-07,0.0013650211627007284
3.14e-07,0.001560333162700728
3.141e-07,0.0013650211627007284
3.142e-07,0.000990021162700728
3.143e-07,0.0013650211627007284
3.144e-07,0.002607208162700728
3.145e-07,0.0033650211627007285
3.146e-07,0.0025681461627007278
3.147e-07,0.0013650211627007284
3.148e-07,0.0014900211627007286
3.149e-07,0.0033650211627007285
3.15e-07,0.005318146162700727
3.151e-07,0.005365021162700727
3.152e-07,0.0032712711627007284
3.153e-07,0.0013650211627007284
3.154e-07,0.0011931461627007283
3.155e-07,0.0013650211627007284
3.156e-07,0.000380646162700728
3.157e-07,-0.0006349798372992719
3.158e-07,-3.341683729927167e-05
3.159e-07,0.0013650211627007284
3.16e-07,0.002310333162700728
3.161e-07,0.0033650211627007285
3.162e-07,0.004950958162700728
3.163e-07,0.005365021162700727
3.164e-07,0.003513458162700728
3.165e-07,0.0013650211627007284
3.166e-07,0.0008259581627007282
3.167e-07,0.0013650211627007284
3.168e-07,0.0014900211627007286
3.169e-07,0.0013650211627007284
3.17e-07,0.001990021162700728
3.171e-07,0.0033650211627007285
3.172e-07,0.004185333162700727
3.173e-07,0.0033650211627007285
3.174e-07,0.0012009581627007281
3.175e-07,-0.0006349798372992719
3.176e-07,-0.0004787298372992718
3.177e-07,0.0013650211627007284
3.178e-07,0.0031618961627007283
3.179e-07,0.0033650211627007285
3.18e-07,0.0020915831627007285
3.181e-07,0.0013650211627007284
3.182e-07,0.0022322081627007277
3.183e-07,0.0033650211627007285
3.184e-07,0.0034431461627007286
3.185e-07,0.0033650211627007285
3.186e-07,0.0037634581627007282
3.187e-07,0.0033650211627007285
3.188e-07,0.0011306461627007282
3.189e-07,-0.0006349798372992719
3.19e-07,5.6461627007281e-06
3.191e-07,0.0013650211627007284
3.192e-07,0.0015525211627007277
3.193e-07,0.0013650211627007284
3.194e-07,0.0017947081627007282
3.195e-07,0.0013650211627007284
3.196e-07,-0.0008459168372992717
3.197e-07,-0.0026349793704962717
3.198e-07,-0.0015802918372992717
3.199e-07,0.0013650211627007284
3.2e-07,0.003435333162700728
3.201e-07,0.0033650211627007285
3.202e-07,0.002021271162700728
3.203e-07,0.0013650211627007284
3.204e-07,0.0017087711627007279
3.205e-07,0.0013650211627007284
3.206e-07,-0.0006584168372992718
3.207e-07,-0.0026349793704962717
3.208e-07,-0.0024318543372992716
3.209e-07,-0.0006349798372992719
3.21e-07,0.0008728331627007283
3.211e-07,0.0013650211627007284
3.212e-07,0.0013962711627007285
3.213e-07,0.0013650211627007284
3.214e-07,0.0013884581627007279
3.215e-07,0.0013650211627007284
3.216e-07,0.0013650211627007284
3.217e-07,0.0013650211627007284
3.218e-07,0.0013728331627007278
3.219e-07,0.0013650211627007284
3.22e-07,0.0012868961627007284
3.221e-07,0.0013650211627007284
3.222e-07,0.0019040831627007283
3.223e-07,0.0033650211627007285
3.224e-07,0.004997833162700728
3.225e-07,0.005365021162700727
3.226e-07,0.004107208162700729
3.227e-07,0.0033650211627007285
3.228e-07,0.0039040831627007284
3.229e-07,0.0033650211627007285
3.23e-07,0.0002556461627007283
3.231e-07,-0.0026349793704962717
3.232e-07,-0.0024865418372992717
3.233e-07,-0.0006349798372992719
3.234e-07,0.000591583162700728
3.235e-07,0.0013650211627007284
3.236e-07,0.0031775211627007283
3.237e-07,0.005365021162700727
3.238e-07,0.005779083162700727
3.239e-07,0.0033650211627007285
3.24e-07,-0.0005021668372992717
3.241e-07,-0.0026349793704962717
3.242e-07,-0.0013771668372992718
3.243e-07,0.0013650211627007284
3.244e-07,0.0029353331627007284
3.245e-07,0.0033650211627007285
3.246e-07,0.003583771162700728
3.247e-07,0.0033650211627007285
3.248e-07,0.0022634581627007278
3.249e-07,0.0013650211627007284
3.25e-07,0.0014587711627007285
3.251e-07,0.0013650211627007284
3.252e-07,0.00020877116270072828
3.253e-07,-0.0006349798372992719
3.254e-07,0.00014627116270072823
3.255e-07,0.0013650211627007284
3.256e-07,0.001669708162700728
3.257e-07,0.0013650211627007284
3.258e-07,0.0013337711627007284
3.259e-07,0.0013650211627007284
3.26e-07,0.001154083162700728
3.261e-07,0.0013650211627007284
3.262e-07,0.002849396162700728
3.263e-07,0.005365021162700727
3.264e-07,0.006872833162700728
3.265e-07,0.005365021162700727
3.266e-07,0.001482208162700728
3.267e-07,-0.0006349798372992719
3.268e-07,0.0010525211627007282
3.269e-07,0.0033650211627007285
3.27e-07,0.0029040831627007283
3.271e-07,0.0013650211627007284
3.272e-07,0.0017478331627007282
3.273e-07,0.0033650211627007285
3.274e-07,0.003943146162700728
3.275e-07,0.0033650211627007285
3.276e-07,0.002677521162700728
3.277e-07,0.0013650211627007284
3.278e-07,-0.00043185483729927176
3.279e-07,-0.0006349798372992719
3.28e-07,0.0015368961627007286
3.281e-07,0.0033650211627007285
3.282e-07,0.0032009581627007286
3.283e-07,0.0033650211627007285
3.284e-07,0.0055915831627007286
3.285e-07,0.007365021162700727
3.286e-07,0.005958771162700728
3.287e-07,0.0033650211627007285
3.288e-07,0.002544708162700728
3.289e-07,0.0033650211627007285
3.29e-07,0.003732208162700728
3.291e-07,0.0033650211627007285
3.292e-07,0.0031228331627007285
3.293e-07,0.0033650211627007285
3.294e-07,0.003591583162700728
3.295e-07,0.0033650211627007285
3.296e-07,0.0024900211627007286
3.297e-07,0.0013650211627007284
3.298e-07,0.0008415831627007282
3.299e-07,0.0013650211627007284
3.3e-07,0.002591583162700728
3.301e-07,0.0033650211627007285
3.302e-07,0.0028728331627007283
3.303e-07,0.0013650211627007284
3.304e-07,-8.029183729927171e-05
3.305e-07,-0.0006349798372992719
3.306e-07,4.4708162700727964e-05
3.307e-07,0.0013650211627007284
3.308e-07,0.002646271162700728
3.309e-07,0.0033650211627007285
3.31e-07,0.0034743961627007286
3.311e-07,0.0033650211627007285
3.312e-07,0.0032868961627007284
3.313e-07,0.0033650211627007285
3.314e-07,0.0033806461627007285
3.315e-07,0.0033650211627007285
3.316e-07,0.0033181461627007284
3.317e-07,0.0033650211627007285
3.318e-07,0.003357208162700728
3.319e-07,0.0033650211627007285
3.32e-07,0.002880646162700728
3.321e-07,0.0013650211627007284
3.322e-07,-0.00043966683729927203
3.323e-07,-0.0006349798372992719
3.324e-07,0.0014040831627007279
3.325e-07,0.0033650211627007285
3.326e-07,0.0031150211627007283
3.327e-07,0.0013650211627007284
3.328e-07,0.0004353331627007283
3.329e-07,0.0013650211627007284
3.33e-07,0.003036896162700728
3.331e-07,0.0033650211627007285
3.332e-07,0.002052521162700728
3.333e-07,0.0013650211627007284
3.334e-07,0.002435333162700728
3.335e-07,0.0033650211627007285
3.336e-07,0.002404083162700728
3.337e-07,0.0013650211627007284
3.338e-07,0.0022009581627007286
3.339e-07,0.0033650211627007285
3.34e-07,0.002755646162700728
3.341e-07,0.0013650211627007284
3.342e-07,0.001044708162700728
3.343e-07,0.0013650211627007284
3.344e-07,0.0012868961627007284
3.345e-07,0.0013650211627007284
3.346e-07,0.002325958162700728
3.347e-07,0.0033650211627007285
3.348e-07,0.003513458162700728
3.349e-07,0.0033650211627007285
3.35e-07,0.003482208162700728
3.351e-07,0.0033650211627007285
3.352e-07,0.002404083162700728
3.353e-07,0.0013650211627007284
3.354e-07,0.001122833162700728
3.355e-07,0.0013650211627007284
3.356e-07,0.001435333162700728
3.357e-07,0.0013650211627007284
3.358e-07,0.001435333162700728
3.359e-07,0.0013650211627007284
3.36e-07,0.001154083162700728
3.361e-07,0.0013650211627007284
3.362e-07,0.002325958162700728
3.363e-07,0.0033650211627007285
3.364e-07,0.003638458162700728
3.365e-07,0.0033650211627007285
3.366e-07,0.0031228331627007285
3.367e-07,0.0033650211627007285
3.368e-07,0.003677521162700728
3.369e-07,0.0033650211627007285
3.37e-07,0.0022478331627007278
3.371e-07,0.0013650211627007284
3.372e-07,0.0012868961627007284
3.373e-07,0.0013650211627007284
3.374e-07,0.001091583162700728
3.375e-07,0.0013650211627007284
3.376e-07,0.002630646162700728
3.377e-07,0.0033650211627007285
3.378e-07,0.0024743961627007286
3.379e-07,0.0013650211627007284
3.38e-07,0.0013962711627007285
3.381e-07,0.0013650211627007284
3.382e-07,0.00020877116270072828
3.383e-07,-0.0006349798372992719
3.384e-07,0.0002400211627007283
3.385e-07,0.0013650211627007284
3.386e-07,0.0013181461627007284
3.387e-07,0.0013650211627007284
3.388e-07,0.002630646162700728
3.389e-07,0.0033650211627007285
3.39e-07,0.0022400211627007284
3.391e-07,0.0013650211627007284
3.392e-07,0.002404083162700728
3.393e-07,0.0033650211627007285
3.394e-07,0.002357208162700728
3.395e-07,0.0013650211627007284
3.396e-07,0.0022868961627007284
3.397e-07,0.0033650211627007285
3.398e-07,0.002560333162700728
3.399e-07,0.0013650211627007284
3.4e-07,0.001927521162700728
3.401e-07,0.0033650211627007285
3.402e-07,0.003732208162700728
3.403e-07,0.0033650211627007285
3.404e-07,0.0033181461627007284
3.405e-07,0.0033650211627007285
3.406e-07,0.0030759581627007285
3.407e-07,0.0033650211627007285
3.408e-07,0.004122833162700729
3.409e-07,0.0033650211627007285
3.41e-07,0.0007243961627007283
3.411e-07,-0.0006349798372992719
3.412e-07,0.0012087711627007283
3.413e-07,0.0033650211627007285
3.414e-07,0.002880646162700728
3.415e-07,0.0013650211627007284
3.416e-07,0.0016775211627007279
3.417e-07,0.0033650211627007285
3.418e-07,0.004115021162700728
3.419e-07,0.0033650211627007285
3.42e-07,0.0020993961627007282
3.421e-07,0.0013650211627007284
3.422e-07,0.0013103331627007278
3.423e-07,0.0013650211627007284
3.424e-07,0.0012400211627007283
3.425e-07,0.0013650211627007284
3.426e-07,0.0017947081627007282
3.427e-07,0.0013650211627007284
3.428e-07,-0.00011935383729927201
3.429e-07,-0.0006349798372992719
3.43e-07,0.0011618961627007283
3.431e-07,0.0033650211627007285
3.432e-07,0.003802521162700728
3.433e-07,0.0033650211627007285
3.434e-07,0.003357208162700728
3.435e-07,0.0033650211627007285
3.436e-07,0.002357208162700728
3.437e-07,0.0013650211627007284
3.438e-07,0.0013259581627007278
3.439e-07,0.0013650211627007284
3.44e-07,0.0004353331627007283
3.441e-07,-0.0006349798372992719
3.442e-07,-0.0008693548372992719
3.443e-07,-0.0006349798372992719
3.444e-07,-0.0006349798372992719
3.445e-07,-0.0006349798372992719
3.446e-07,0.0001150211627007282
3.447e-07,0.0013650211627007284
3.448e-07,0.0020993961627007282
3.449e-07,0.0013650211627007284
3.45e-07,-0.0007131048372992718
3.451e-07,-0.0026349793704962717
3.452e-07,-0.003150604337299272
3.453e-07,-0.0026349793704962717
3.454e-07,-0.0018615418372992718
3.455e-07,-0.0006349798372992719
3.456e-07,0.0008415831627007282
3.457e-07,0.0013650211627007284
3.458e-07,0.00034158316270072823
3.459e-07,-0.0006349798372992719
3.46e-07,-0.0004552918372992716
3.461e-07,-0.0006349798372992719
3.462e-07,-0.0024709168372992717
3.463e-07,-0.0046349798372992725
3.464e-07,-0.005220916837299272
3.465e-07,-0.0046349798372992725
3.466e-07,-0.003830291837299272
3.467e-07,-0.0026349793704962717
3.468e-07,-0.0005256048372992718
3.469e-07,0.0013650211627007284
3.47e-07,0.0018259581627007282
3.471e-07,0.0013650211627007284
3.472e-07,0.0005681461627007282
3.473e-07,-0.0006349798372992719
3.474e-07,-0.002150604337299272
3.475e-07,-0.0026349793704962717
3.476e-07,-0.0016662293372992718
3.477e-07,-0.0006349798372992719
3.478e-07,-0.0011271668372992718
3.479e-07,-0.0026349793704962717
3.48e-07,-0.0034787293372992717
3.481e-07,-0.0026349793704962717
3.482e-07,-0.0009631048372992718
3.483e-07,-0.0006349798372992719
3.484e-07,-0.0020021668372992717
3.485e-07,-0.0026349793704962717
3.486e-07,-0.0013693548372992717
3.487e-07,-0.0006349798372992719
3.488e-07,-0.0024396668372992716
3.489e-07,-0.0046349798372992725
3.49e-07,-0.004392791837299272
3.491e-07,-0.0026349793704962717
3.492e-07,-0.0019240418372992718
3.493e-07,-0.0026349793704962717
3.494e-07,-0.003236541837299272
3.495e-07,-0.0026349793704962717
3.496e-07,-0.0013615418372992718
3.497e-07,-0.0006349798372992719
3.498e-07,-0.0013146668372992717
3.499e-07,-0.0026349793704962717
3.5e-07,-0.003213104337299272
3.501e-07,-0.0026349793704962717
3.502e-07,-0.001963104337299272
3.503e-07,-0.0026349793704962717
3.504e-07,-0.004744354837299272
3.505e-07,-0.0066349798372992725
3.506e-07,-0.006549041837299272
3.507e-07,-0.0046349798372992725
3.508e-07,-0.002236541837299272
3.509e-07,-0.0006349798372992719
3.51e-07,-0.00025216683729927187
3.511e-07,-0.0006349798372992719
3.512e-07,-0.001533416837299272
3.513e-07,-0.0026349793704962717
3.514e-07,-0.0037912298372992717
3.515e-07,-0.0046349798372992725
3.516e-07,-0.004869354837299272
3.517e-07,-0.0046349798372992725
3.518e-07,-0.004470916837299272
3.519e-07,-0.0046349798372992725
3.52e-07,-0.004877166837299272
3.521e-07,-0.0046349798372992725
3.522e-07,-0.0036506048372992716
3.523e-07,-0.0026349793704962717
3.524e-07,-0.002322479337299272
3.525e-07,-0.0026349793704962717
3.526e-07,-0.0033693543372992716
3.527e-07,-0.0046349798372992725
3.528e-07,-0.006119354837299272
3.529e-07,-0.0066349798372992725
3.53e-07,-0.005705291837299272
3.531e-07,-0.0046349798372992725
3.532e-07,-0.004517791837299272
3.533e-07,-0.0046349798372992725
3.534e-07,-0.003884979837299272
3.535e-07,-0.0026349793704962717
3.536e-07,-0.0020881043372992718
3.537e-07,-0.0026349793704962717
3.538e-07,-0.0037912298372992717
3.539e-07,-0.0046349798372992725
3.54e-07,-0.004799041837299272
3.541e-07,-0.0046349798372992725
3.542e-07,-0.004627166837299272
3.543e-07,-0.0046349798372992725
3.544e-07,-0.004486541837299272
3.545e-07,-0.0046349798372992725
3.546e-07,-0.005041229837299272
3.547e-07,-0.0046349798372992725
3.548e-07,-0.003236541837299272
3.549e-07,-0.0026349793704962717
3.55e-07,-0.0037912298372992717
3.551e-07,-0.0046349798372992725
3.552e-07,-0.0036818548372992716
3.553e-07,-0.0026349793704962717
3.554e-07,-0.0033302918372992716
3.555e-07,-0.0046349798372992725
3.556e-07,-0.004830291837299272
3.557e-07,-0.0046349798372992725
3.558e-07,-0.005400604837299271
3.559e-07,-0.0066349798372992725
3.56e-07,-0.0066193548372992725
3.561e-07,-0.0046349798372992725
3.562e-07,-0.0018849793372992718
3.563e-07,-0.0006349798372992719
3.564e-07,-0.001572479837299272
3.565e-07,-0.0026349793704962717
3.566e-07,-0.0024865418372992717
3.567e-07,-0.0026349793704962717
3.568e-07,-0.004588104837299272
3.569e-07,-0.0066349798372992725
3.57e-07,-0.006502166837299272
3.571e-07,-0.0046349798372992725
3.572e-07,-0.003119354337299272
3.573e-07,-0.0026349793704962717
3.574e-07,-0.0025802918672992716
3.575e-07,-0.0026349793704962717
3.576e-07,-0.0026584168672992717
3.577e-07,-0.0026349793704962717
3.578e-07,-0.0030334168372992717
3.579e-07,-0.0046349798372992725
3.58e-07,-0.006595916837299272
3.581e-07,-0.0066349798372992725
3.582e-07,-0.003830291837299272
3.583e-07,-0.0006349798372992719
3.584e-07,0.00028689616270072835
3.585e-07,-0.0006349798372992719
3.586e-07,-0.0013927918372992718
3.587e-07,-0.0006349798372992719
3.588e-07,0.0007634581627007282
3.589e-07,0.0013650211627007284
3.59e-07,0.0004900211627007281
3.591e-07,-0.0006349798372992719
3.592e-07,-0.0014084168372992718
3.593e-07,-0.0026349793704962717
3.594e-07,-0.004908416837299272
3.595e-07,-0.0066349798372992725
3.596e-07,-0.006150604837299272
3.597e-07,-0.0046349798372992725
3.598e-07,-0.0035646668372992718
3.599e-07,-0.0026349793704962717
3.6e-07,-0.0012599798372992718
3.601e-07,-0.0006349798372992719
3.602e-07,-0.0015412298372992719
3.603e-07,-0.0026349793704962717
3.604e-07,-0.0026349793704962717
3.605e-07,-0.0026349793704962717
3.606e-07,-0.003674041837299272
3.607e-07,-0.0046349798372992725
3.608e-07,-0.0041740418372992714
3.609e-07,-0.0026349793704962717
3.61e-07,-0.001353729837299272
3.611e-07,-0.0006349798372992719
3.612e-07,7.595816270072799e-05
3.613e-07,0.0013650211627007284
3.614e-07,0.0022712711627007284
3.615e-07,0.0013650211627007284
3.616e-07,-0.0016506043372992718
3.617e-07,-0.0046349798372992725
3.618e-07,-0.005470916837299272
3.619e-07,-0.0046349798372992725
3.62e-07,-0.003986541837299272
3.621e-07,-0.0046349798372992725
3.622e-07,-0.0055099798372992715
3.623e-07,-0.0046349798372992725
3.624e-07,-0.0015412298372992719
3.625e-07,0.0013650211627007284
3.626e-07,0.0019978331627007284
3.627e-07,0.0013650211627007284
3.628e-07,0.0006775211627007283
3.629e-07,-0.0006349798372992719
3.63e-07,-0.003119354337299272
3.631e-07,-0.0046349798372992725
3.632e-07,-0.003783416837299272
3.633e-07,-0.0026349793704962717
3.634e-07,-0.0033537293372992716
3.635e-07,-0.0046349798372992725
3.636e-07,-0.004275604837299272
3.637e-07,-0.0026349793704962717
3.638e-07,-0.0012443548372992718
3.639e-07,-0.0006349798372992719
3.64e-07,-0.000408416837299272
3.641e-07,-0.0006349798372992719
3.642e-07,-0.0015959168372992718
3.643e-07,-0.0026349793704962717
3.644e-07,-0.0035099793372992717
3.645e-07,-0.0046349798372992725
3.646e-07,-0.005517791837299272
3.647e-07,-0.0046349798372992725
3.648e-07,-0.0020021668372992717
3.649e-07,-0.0006349798372992719
3.65e-07,-0.002252166837299272
3.651e-07,-0.0046349798372992725
3.652e-07,-0.004674041837299272
3.653e-07,-0.0026349793704962717
3.654e-07,-0.0008693548372992719
3.655e-07,-0.0006349798372992719
3.656e-07,-0.0011896668372992718
3.657e-07,-0.0006349798372992719
3.658e-07,0.0009040831627007283
3.659e-07,0.0013650211627007284
3.66e-07,-0.0005568548372992719
3.661e-07,-0.0026349793704962717
3.662e-07,-0.002845916837299272
3.663e-07,-0.0026349793704962717
3.664e-07,-0.0037443548372992717
3.665e-07,-0.0046349798372992725
3.666e-07,-0.003705291837299272
3.667e-07,-0.0026349793704962717
3.668e-07,-0.002853729337299272
3.669e-07,-0.0026349793704962717
3.67e-07,-0.00041622983729927175
3.671e-07,0.0013650211627007284
3.672e-07,0.0001853331627007281
3.673e-07,-0.0026349793704962717
3.674e-07,-0.004384979837299272
3.675e-07,-0.0046349798372992725
3.676e-07,-0.004127166837299271
3.677e-07,-0.0026349793704962717
3.678e-07,-0.0002677918372992719
3.679e-07,0.0013650211627007284
3.68e-07,0.0013415831627007278
3.681e-07,0.0013650211627007284
3.682e-07,0.002068146162700728
3.683e-07,0.0013650211627007284
3.684e-07,-0.0019006043372992718
3.685e-07,-0.0046349798372992725
3.686e-07,-0.004259979837299272
3.687e-07,-0.0026349793704962717
3.688e-07,-0.0024318543372992716
3.689e-07,-0.0026349793704962717
3.69e-07,-0.001572479837299272
3.691e-07,-0.0006349798372992719
3.692e-07,-0.0014162298372992718
3.693e-07,-0.0026349793704962717
3.694e-07,-0.0026349793704962717
3.695e-07,-0.0026349793704962717
3.696e-07,-0.003720916837299272
3.697e-07,-0.0046349798372992725
3.698e-07,-0.003947479837299272
3.699e-07,-0.0026349793704962717
3.7e-07,-0.002213104337299272
3.701e-07,-0.0026349793704962717
3.702e-07,-0.002369354337299272
3.703e-07,-0.0006349798372992719
3.704e-07,0.0013259581627007278
3.705e-07,0.0013650211627007284
3.706e-07,-0.0009162298372992718
3.707e-07,-0.0026349793704962717
3.708e-07,-0.0014787298372992718
3.709e-07,0.0013650211627007284
3.71e-07,0.002654083162700728
3.711e-07,0.0013650211627007284
3.712e-07,-0.0011584168372992718
3.713e-07,-0.0026349793704962717
3.714e-07,-0.002158416837299272
3.715e-07,-0.0006349798372992719
3.716e-07,0.00017752116270072825
3.717e-07,-0.0006349798372992719
3.718e-07,-0.002166229337299272
3.719e-07,-0.0026349793704962717
3.72e-07,-0.001603729837299272
3.721e-07,-0.0006349798372992719
3.722e-07,-0.0011506048372992717
3.723e-07,-0.0026349793704962717
3.724e-07,-0.0033302918372992716
3.725e-07,-0.0026349793704962717
3.726e-07,-0.001322479837299272
3.727e-07,-0.0006349798372992719
3.728e-07,-0.0011896668372992718
3.729e-07,-0.0026349793704962717
3.73e-07,-0.0035646668372992718
3.731e-07,-0.0026349793704962717
3.732e-07,-0.0002677918372992719
3.733e-07,0.0013650211627007284
3.734e-07,0.0008415831627007282
3.735e-07,-0.0006349798372992719
3.736e-07,-0.0012131048372992718
3.737e-07,-0.0006349798372992719
3.738e-07,-0.00018185383729927163
3.739e-07,-0.0006349798372992719
3.74e-07,-0.001783416837299272
3.741e-07,-0.0026349793704962717
3.742e-07,-0.002322479337299272
3.743e-07,-0.0006349798372992719
3.744e-07,0.0012009581627007281
3.745e-07,0.0013650211627007284
3.746e-07,-0.0005646668372992717
3.747e-07,-0.0026349793704962717
3.748e-07,-0.003095916837299272
3.749e-07,-0.0026349793704962717
3.75e-07,-0.0025099793372992717
3.751e-07,-0.0026349793704962717
3.752e-07,-0.0024709168372992717
3.753e-07,-0.0026349793704962717
3.754e-07,-0.003166229337299272
3.755e-07,-0.0026349793704962717
3.756e-07,-0.0004006038372992718
3.757e-07,0.0013650211627007284
3.758e-07,0.0008415831627007282
3.759e-07,-0.0006349798372992719
3.76e-07,-0.0011193548372992717
3.761e-07,-0.0006349798372992719
3.762e-07,-0.0004709168372992716
3.763e-07,-0.0006349798372992719
3.764e-07,-0.0006740418372992718
3.765e-07,-0.0006349798372992719
3.766e-07,-0.0007677918372992719
3.767e-07,-0.0006349798372992719
3.768e-07,-0.0003146668372992719
3.769e-07,-0.0006349798372992719
3.77e-07,-0.001838104337299272
3.771e-07,-0.0026349793704962717
3.772e-07,-0.0019943543372992717
3.773e-07,-0.0006349798372992719
3.774e-07,-9.978837299271914e-06
3.775e-07,-0.0006349798372992719
3.776e-07,-0.001845916837299272
3.777e-07,-0.0026349793704962717
3.778e-07,-0.0026818543672992717
3.779e-07,-0.0026349793704962717
3.78e-07,-0.002822479337299272
3.781e-07,-0.0026349793704962717
3.782e-07,-0.0016349793372992718
3.783e-07,-0.0006349798372992719
3.784e-07,-0.00048654183729927164
3.785e-07,-0.0006349798372992719
3.786e-07,-0.00048654183729927164
3.787e-07,-0.0006349798372992719
3.788e-07,-0.001603729837299272
3.789e-07,-0.0026349793704962717
3.79e-07,-0.002900604337299272
3.791e-07,-0.0026349793704962717
3.792e-07,-0.0025177918372992717
3.793e-07,-0.0026349793704962717
3.794e-07,-0.002205291837299272
3.795e-07,-0.0006349798372992719
3.796e-07,0.0012322081627007282
3.797e-07,0.0013650211627007284
3.798e-07,-0.0007599798372992718
3.799e-07,-0.0026349793704962717
3.8e-07,-0.002197479337299272
3.801e-07,-0.0006349798372992719
3.802e-07,-0.00018185383729927163
3.803e-07,-0.0006349798372992719
3.804e-07,-0.0008381048372992719
3.805e-07,-0.0006349798372992719
3.806e-07,-0.0006818548372992718
3.807e-07,-0.0006349798372992719
3.808e-07,-0.00036154183729927196
3.809e-07,-0.0006349798372992719
3.81e-07,-0.001838104337299272
3.811e-07,-0.0026349793704962717
3.812e-07,-0.0023771668372992716
3.813e-07,-0.0026349793704962717
3.814e-07,-0.003970916837299272
3.815e-07,-0.0046349798372992725
3.816e-07,-0.0034006043372992716
3.817e-07,-0.0026349793704962717
3.818e-07,-0.0038693548372992718
3.819e-07,-0.0046349798372992725
3.82e-07,-0.002345916837299272
3.821e-07,0.0013650211627007284
3.822e-07,0.003310333162700728
3.823e-07,0.0033650211627007285
3.824e-07,0.002622833162700728
3.825e-07,0.0013650211627007284
3.826e-07,-0.0007599798372992718
3.827e-07,-0.0026349793704962717
3.828e-07,-0.003619354337299272
3.829e-07,-0.0046349798372992725
3.83e-07,-0.005627166837299272
3.831e-07,-0.0046349798372992725
3.832e-07,-0.0011662298372992718
3.833e-07,0.0013650211627007284
3.834e-07,0.0007400211627007283
3.835e-07,-0.0006349798372992719
3.836e-07,-2.1668372992716435e-06
3.837e-07,0.0013650211627007284
3.838e-07,0.000927521162700728
3.839e-07,-0.0006349798372992719
3.84e-07,-0.0013068548372992719
3.841e-07,-0.0006349798372992719
3.842e-07,-0.00011935383729927201
3.843e-07,-0.0006349798372992719
3.844e-07,-0.0018771668372992718
3.845e-07,-0.0026349793704962717
3.846e-07,-0.0020099793372992717
3.847e-07,-0.0006349798372992719
3.848e-07,0.0001150211627007282
3.849e-07,-0.0006349798372992719
3.85e-07,-0.002119354337299272
3.851e-07,-0.0026349793704962717
3.852e-07,-0.0016349793372992718
3.853e-07,-0.0006349798372992719
3.854e-07,-0.0006349798372992719
3.855e-07,-0.0006349798372992719
3.856e-07,0.000396271162700728
3.857e-07,0.0013650211627007284
3.858e-07,0.0007322081627007281
3.859e-07,-0.0006349798372992719
3.86e-07,-0.0011818548372992718
3.861e-07,-0.0006349798372992719
3.862e-07,0.0003181461627007284
3.863e-07,0.0013650211627007284
3.864e-07,0.001990021162700728
3.865e-07,0.0013650211627007284
3.866e-07,-0.000650604837299272
3.867e-07,-0.0026349793704962717
3.868e-07,-0.003228729337299272
3.869e-07,-0.0026349793704962717
3.87e-07,-0.0016271668372992718
3.871e-07,-0.0006349798372992719
3.872e-07,0.000396271162700728
3.873e-07,0.0013650211627007284
3.874e-07,0.001786896162700728
3.875e-07,0.0013650211627007284
3.876e-07,0.00028689616270072835
3.877e-07,-0.0006349798372992719
3.878e-07,-0.0009396668372992718
3.879e-07,-0.0006349798372992719
3.88e-07,-0.0004006038372992718
3.881e-07,-0.0006349798372992719
3.882e-07,-0.0010412298372992719
3.883e-07,-0.0006349798372992719
3.884e-07,0.00019314616270072827
3.885e-07,-0.0006349798372992719
3.886e-07,-0.003275604337299272
3.887e-07,-0.0046349798372992725
3.888e-07,-0.002759979337299272
3.889e-07,-0.0006349798372992719
3.89e-07,-0.0011271668372992718
3.891e-07,-0.0026349793704962717
3.892e-07,-0.002244354337299272
3.893e-07,-0.0006349798372992719
3.894e-07,-4.122883729927194e-05
3.895e-07,-0.0006349798372992719
3.896e-07,-0.0010959168372992717
3.897e-07,-0.0006349798372992719
3.898e-07,0.000396271162700728
3.899e-07,0.0013650211627007284
3.9e-07,0.001607208162700728
3.901e-07,0.0013650211627007284
3.902e-07,0.0006775211627007283
3.903e-07,-0.0006349798372992719
3.904e-07,-0.002236541837299272
3.905e-07,-0.0026349793704962717
3.906e-07,-0.0014318548372992718
3.907e-07,-0.0006349798372992719
3.908e-07,-0.0015646668372992717
3.909e-07,-0.0026349793704962717
3.91e-07,-0.0020099793372992717
3.911e-07,-0.0006349798372992719
3.912e-07,-0.00020529183729927182
3.913e-07,-0.0006349798372992719
3.914e-07,-0.0008381048372992719
3.915e-07,-0.0006349798372992719
3.916e-07,-0.0005256048372992718
3.917e-07,-0.0006349798372992719
3.918e-07,-0.0007131048372992718
3.919e-07,-0.0006349798372992719
3.92e-07,-0.0005490418372992717
3.921e-07,-0.0006349798372992719
3.922e-07,-0.0008693548372992719
3.923e-07,-0.0006349798372992719
3.924e-07,0.00034939616270072797
3.925e-07,0.0013650211627007284
3.926e-07,0.0015993961627007278
3.927e-07,0.0013650211627007284
3.928e-07,0.0007322081627007281
3.929e-07,-0.0006349798372992719
3.93e-07,-0.002353729337299272
3.931e-07,-0.0026349793704962717
3.932e-07,-0.0006818548372992718
3.933e-07,0.0013650211627007284
3.934e-07,0.0012009581627007281
3.935e-07,-0.0006349798372992719
3.936e-07,-0.002236541837299272
3.937e-07,-0.0026349793704962717
3.938e-07,-0.0019240418372992718
3.939e-07,-0.0006349798372992719
3.94e-07,0.0006853331627007281
3.941e-07,0.0013650211627007284
3.942e-07,0.0008259581627007282
3.943e-07,-0.0006349798372992719
3.944e-07,-0.002197479337299272
3.945e-07,-0.0026349793704962717
3.946e-07,-0.0017052918372992719
3.947e-07,-0.0006349798372992719
3.948e-07,-0.0004787298372992718
3.949e-07,-0.0006349798372992719
3.95e-07,-0.0004943548372992718
3.951e-07,-0.0006349798372992719
3.952e-07,-0.0016349793372992718
3.953e-07,-0.0026349793704962717
3.954e-07,-0.0027131043672992718
3.955e-07,-0.0026349793704962717
3.956e-07,-0.002916229337299272
3.957e-07,-0.0026349793704962717
3.958e-07,-0.001353729837299272
3.959e-07,-0.0006349798372992719
3.96e-07,-0.0015256048372992719
3.961e-07,-0.0026349793704962717
3.962e-07,-0.002158416837299272
3.963e-07,-0.0006349798372992719
3.964e-07,0.00012283316270072803
3.965e-07,-0.0006349798372992719
3.966e-07,-0.0021115418372992718
3.967e-07,-0.0026349793704962717
3.968e-07,-0.001759979337299272
3.969e-07,-0.0006349798372992719
3.97e-07,-0.0004006038372992718
3.971e-07,-0.0006349798372992719
3.972e-07,-0.0006427918372992718
3.973e-07,-0.0006349798372992719
3.974e-07,-0.0013693548372992717
3.975e-07,-0.0026349793704962717
3.976e-07,-0.003314666837299272
3.977e-07,-0.0026349793704962717
3.978e-07,-0.0011584168372992718
3.979e-07,-0.0006349798372992719
3.98e-07,-0.001752166837299272
3.981e-07,-0.0026349793704962717
3.982e-07,-0.0018771668372992718
3.983e-07,-0.0006349798372992719
3.984e-07,-0.000377166837299272
3.985e-07,-0.0006349798372992719
3.986e-07,-0.0005177918372992717
3.987e-07,-0.0006349798372992719
3.988e-07,-0.002127166837299272
3.989e-07,-0.0046349798372992725
3.99e-07,-0.006095916837299271
3.991e-07,-0.0046349798372992725
3.992e-07,-0.0009552918372992718
3.993e-07,0.0013650211627007284
3.994e-07,0.0005134581627007284
3.995e-07,-0.0006349798372992719
3.996e-07,0.00034158316270072823
3.997e-07,0.0013650211627007284
3.998e-07,-0.00019747883729927165
3.999e-07,-0.0026349793704962717
4e-07,-0.003228729337299272
4.001e-07,-0.0026349793704962717
4.002e-07,-0.0025724793672992716
4.003e-07,-0.0026349793704962717
4.004e-07,-0.0017443543372992719
4.005e-07,-0.0006349798372992719
4.006e-07,-0.00043185483729927176
4.007e-07,-0.0006349798372992719
4.008e-07,-4.9041837299271685e-05
4.009e-07,0.0013650211627007284
4.01e-07,0.002685333162700728
4.011e-07,0.0033650211627007285
4.012e-07,0.0023650211627007285
4.013e-07,-0.0006349798372992719
4.014e-07,-0.004119354837299272
4.015e-07,-0.0046349798372992725
4.016e-07,-0.0014006048372992718
4.017e-07,0.0013650211627007284
4.018e-07,0.00027908316270072817
4.019e-07,-0.0026349793704962717
4.02e-07,-0.0036818548372992716
4.021e-07,-0.0026349793704962717
4.022e-07,-0.0012912298372992719
4.023e-07,-0.0006349798372992719
4.024e-07,8.377116270072817e-05
4.025e-07,0.0013650211627007284
4.026e-07,0.0022634581627007278
4.027e-07,0.0013650211627007284
4.028e-07,-0.0011974798372992718
4.029e-07,-0.0026349793704962717
4.03e-07,-0.001072479837299272
4.031e-07,0.0013650211627007284
4.032e-07,0.0019353331627007283
4.033e-07,0.0013650211627007284
4.034e-07,0.0012400211627007283
4.035e-07,0.0013650211627007284
4.036e-07,0.0010681461627007282
4.037e-07,0.0013650211627007284
4.038e-07,0.002763458162700728
4.039e-07,0.0033650211627007285
4.04e-07,0.001607208162700728
4.041e-07,-0.0006349798372992719
4.042e-07,-0.001267791837299272
4.043e-07,-0.0006349798372992719
4.044e-07,0.0002009581627007281
4.045e-07,0.0013650211627007284
4.046e-07,0.002849396162700728
4.047e-07,0.0033650211627007285
4.048e-07,0.001786896162700728
4.049e-07,-0.0006349798372992719
4.05e-07,-0.0017131043372992719
4.051e-07,-0.0006349798372992719
4.052e-07,0.0012400211627007283
4.053e-07,0.0013650211627007284
4.054e-07,-0.0007990418372992719
4.055e-07,-0.0026349793704962717
4.056e-07,-0.0020490418372992717
4.057e-07,-0.0006349798372992719
4.058e-07,-0.0003537288372992718
4.059e-07,-0.0006349798372992719
4.06e-07,0.00015408316270072806
4.061e-07,0.0013650211627007284
4.062e-07,0.001669708162700728
4.063e-07,0.0013650211627007284
4.064e-07,0.0012947081627007278
4.065e-07,0.0013650211627007284
4.066e-07,0.001169708162700728
4.067e-07,0.0013650211627007284
4.068e-07,0.0022868961627007284
4.069e-07,0.0033650211627007285
4.07e-07,0.003677521162700728
4.071e-07,0.0033650211627007285
4.072e-07,0.0025681461627007278
4.073e-07,0.0013650211627007284
4.074e-07,-3.341683729927167e-05
4.075e-07,-0.0006349798372992719
4.076e-07,9.1583162700728e-05
4.077e-07,0.0013650211627007284
4.078e-07,0.0019822081627007284
4.079e-07,0.0013650211627007284
4.08e-07,0.00014627116270072823
4.081e-07,-0.0006349798372992719
4.082e-07,-0.0006271668372992718
4.083e-07,-0.0006349798372992719
4.084e-07,-0.0009787298372992718
4.085e-07,-0.0006349798372992719
4.086e-07,0.001154083162700728
4.087e-07,0.0033650211627007285
4.088e-07,0.004224396162700728
4.089e-07,0.0033650211627007285
4.09e-07,0.0014040831627007279
4.091e-07,-0.0006349798372992719
4.092e-07,-0.0021037293372992718
4.093e-07,-0.0026349793704962717
4.094e-07,-0.0020334168372992717
4.095e-07,-0.0006349798372992719
4.096e-07,0.000833771162700728
4.097e-07,0.0013650211627007284
4.098e-07,0.000622833162700728
4.099e-07,-0.0006349798372992719
4.1e-07,-0.0011974798372992718
4.101e-07,-0.0006349798372992719
4.102e-07,0.0004978331627007284
4.103e-07,0.0013650211627007284
4.104e-07,0.001482208162700728
4.105e-07,0.0013650211627007284
4.106e-07,0.0013493961627007284
4.107e-07,0.0013650211627007284
4.108e-07,0.0007634581627007282
4.109e-07,-0.0006349798372992719
4.11e-07,-0.002150604337299272
4.111e-07,-0.0026349793704962717
4.112e-07,-0.001759979337299272
4.113e-07,-0.0006349798372992719
4.114e-07,-0.00029122883729927173
4.115e-07,-0.0006349798372992719
4.116e-07,-0.0007756048372992719
4.117e-07,-0.0006349798372992719
4.118e-07,-0.00048654183729927164
4.119e-07,-0.0006349798372992719
4.12e-07,-0.0008224798372992719
4.121e-07,-0.0006349798372992719
4.122e-07,0.00016189616270072824
4.123e-07,0.0013650211627007284
4.124e-07,0.002482208162700728
4.125e-07,0.0033650211627007285
4.126e-07,0.003786896162700728
4.127e-07,0.0033650211627007285
4.128e-07,0.0021618961627007283
4.129e-07,0.0013650211627007284
4.13e-07,0.0013806461627007285
4.131e-07,0.0013650211627007284
4.132e-07,0.000896271162700728
4.133e-07,0.0013650211627007284
4.134e-07,0.0034743961627007286
4.135e-07,0.005365021162700727
4.136e-07,0.005068146162700729
4.137e-07,0.0033650211627007285
4.138e-07,0.002005646162700728
4.139e-07,0.0013650211627007284
4.14e-07,0.001122833162700728
4.141e-07,0.0013650211627007284
4.142e-07,0.002325958162700728
4.143e-07,0.0033650211627007285
4.144e-07,0.003646271162700728
4.145e-07,0.0033650211627007285
4.146e-07,0.0031228331627007285
4.147e-07,0.0033650211627007285
4.148e-07,0.004193146162700728
4.149e-07,0.005365021162700727
4.15e-07,0.005966583162700727
4.151e-07,0.005365021162700727
4.152e-07,0.003435333162700728
4.153e-07,0.0013650211627007284
4.154e-07,0.0004900211627007281
4.155e-07,0.0013650211627007284
4.156e-07,0.0029353331627007284
4.157e-07,0.0033650211627007285
4.158e-07,0.0022009581627007286
4.159e-07,0.0013650211627007284
4.16e-07,0.0022243961627007283
4.161e-07,0.0033650211627007285
4.162e-07,0.002958771162700728
4.163e-07,0.0013650211627007284
4.164e-07,8.377116270072817e-05
4.165e-07,-0.0006349798372992719
4.166e-07,-0.0009631048372992718
4.167e-07,-0.0006349798372992719
4.168e-07,0.000529083162700728
4.169e-07,0.0013650211627007284
4.17e-07,0.0013493961627007284
4.171e-07,0.0013650211627007284
4.172e-07,0.0022087711627007283
4.173e-07,0.0033650211627007285
4.174e-07,0.0037947081627007283
4.175e-07,0.0033650211627007285
4.176e-07,0.002849396162700728
4.177e-07,0.0033650211627007285
4.178e-07,0.004161896162700728
4.179e-07,0.0033650211627007285
4.18e-07,0.0007322081627007281
4.181e-07,-0.0006349798372992719
4.182e-07,0.001091583162700728
4.183e-07,0.0033650211627007285
4.184e-07,0.0031931461627007283
4.185e-07,0.0013650211627007284
4.186e-07,0.000591583162700728
4.187e-07,0.0013650211627007284
4.188e-07,0.0021150211627007282
4.189e-07,0.0013650211627007284
4.19e-07,-0.00022872883729927167
4.191e-07,-0.0006349798372992719
4.192e-07,0.001122833162700728
4.193e-07,0.0033650211627007285
4.194e-07,0.003935333162700729
4.195e-07,0.0033650211627007285
4.196e-07,0.0031462711627007283
4.197e-07,0.0033650211627007285
4.198e-07,0.0033493961627007285
4.199e-07,0.0033650211627007285
4.2e-07,0.0031306461627007283
4.201e-07,0.0013650211627007284
4.202e-07,-0.0015959168372992718
4.203e-07,-0.0026349793704962717
4.204e-07,-3.341683729927167e-05
4.205e-07,0.0033650211627007285
4.206e-07,0.004349396162700728
4.207e-07,0.0033650211627007285
4.208e-07,0.002786896162700728
4.209e-07,0.0033650211627007285
4.21e-07,0.003911896162700728
4.211e-07,0.0033650211627007285
4.212e-07,0.002021271162700728
4.213e-07,0.0013650211627007284
4.214e-07,0.0020915831627007285
4.215e-07,0.0033650211627007285
4.216e-07,0.003732208162700728
4.217e-07,0.0033650211627007285
4.218e-07,0.0031540831627007286
4.219e-07,0.0033650211627007285
4.22e-07,0.003544708162700728
4.221e-07,0.0033650211627007285
4.222e-07,0.002575958162700728
4.223e-07,0.0013650211627007284
4.224e-07,0.00012283316270072803
4.225e-07,-0.0006349798372992719
4.226e-07,-0.0002443538372992717
4.227e-07,0.0013650211627007284
4.228e-07,0.0032009581627007286
4.229e-07,0.0033650211627007285
4.23e-07,0.0013962711627007285
4.231e-07,-0.0006349798372992719
4.232e-07,-0.0004474798372992718
4.233e-07,0.0013650211627007284
4.234e-07,0.0029665831627007284
4.235e-07,0.0033650211627007285
4.236e-07,0.002646271162700728
4.237e-07,0.0013650211627007284
4.238e-07,0.0005134581627007284
4.239e-07,0.0013650211627007284
4.24e-07,0.003732208162700728
4.241e-07,0.005365021162700727
4.242e-07,0.004724396162700728
4.243e-07,0.0033650211627007285
4.244e-07,0.0030290831627007284
4.245e-07,0.0033650211627007285
4.246e-07,0.003294708162700728
4.247e-07,0.0033650211627007285
4.248e-07,0.0037790831627007282
4.249e-07,0.0033650211627007285
4.25e-07,0.001755646162700728
4.251e-07,0.0013650211627007284
4.252e-07,0.003435333162700728
4.253e-07,0.005365021162700727
4.254e-07,0.004286896162700728
4.255e-07,0.0013650211627007284
4.256e-07,-0.0005256048372992718
4.257e-07,-0.0006349798372992719
4.258e-07,0.00027908316270072817
4.259e-07,0.0013650211627007284
4.26e-07,0.0020447081627007284
4.261e-07,0.0013650211627007284
4.262e-07,-0.0002443538372992717
4.263e-07,-0.0006349798372992719
4.264e-07,0.0012790831627007278
4.265e-07,0.0033650211627007285
4.266e-07,0.0037634581627007282
4.267e-07,0.0033650211627007285
4.268e-07,0.003435333162700728
4.269e-07,0.0033650211627007285
4.27e-07,0.0022087711627007283
4.271e-07,0.0013650211627007284
4.272e-07,0.0021306461627007283
4.273e-07,0.0033650211627007285
4.274e-07,0.0035212711627007278
4.275e-07,0.0033650211627007285
4.276e-07,0.003599396162700728
4.277e-07,0.0033650211627007285
4.278e-07,0.0020447081627007284
4.279e-07,0.0013650211627007284
4.28e-07,0.002372833162700728
4.281e-07,0.0033650211627007285
4.282e-07,0.002669708162700728
4.283e-07,0.0013650211627007284
4.284e-07,0.001075958162700728
4.285e-07,0.0013650211627007284
4.286e-07,0.0008415831627007282
4.287e-07,-0.0006349798372992719
4.288e-07,-0.001549041837299272
4.289e-07,-0.0006349798372992719
4.29e-07,0.001818146162700728
4.291e-07,0.0033650211627007285
4.292e-07,0.002646271162700728
4.293e-07,0.0013650211627007284
4.294e-07,0.0012400211627007283
4.295e-07,0.0013650211627007284
4.296e-07,0.0008181461627007284
4.297e-07,0.0013650211627007284
4.298e-07,0.003740021162700728
4.299e-07,0.005365021162700727
4.3e-07,0.0037947081627007283
4.301e-07,0.0013650211627007284
4.302e-07,0.0008259581627007282
4.303e-07,0.0013650211627007284
4.304e-07,0.0008103331627007282
4.305e-07,-0.0006349798372992719
4.306e-07,-0.0017443543372992719
4.307e-07,-0.0026349793704962717
4.308e-07,-0.003283416837299272
4.309e-07,-0.0026349793704962717
4.31e-07,-0.00029122883729927173
4.311e-07,0.0013650211627007284
4.312e-07,0.0007556461627007283
4.313e-07,-0.0006349798372992719
4.314e-07,-0.0008849798372992717
4.315e-07,-0.0006349798372992719
4.316e-07,-0.0007990418372992719
4.317e-07,-0.0006349798372992719
4.318e-07,0.0005681461627007282
4.319e-07,0.0013650211627007284
4.32e-07,0.0004509581627007283
4.321e-07,-0.0006349798372992719
4.322e-07,-0.00015060383729927204
4.323e-07,0.0013650211627007284
4.324e-07,0.002591583162700728
4.325e-07,0.0033650211627007285
4.326e-07,0.0037634581627007282
4.327e-07,0.0033650211627007285
4.328e-07,0.0015993961627007278
4.329e-07,-0.0006349798372992719
4.33e-07,-0.001775604337299272
4.331e-07,-0.0006349798372992719
4.332e-07,0.001927521162700728
4.333e-07,0.0033650211627007285
4.334e-07,0.0025056461627007286
4.335e-07,0.0013650211627007284
4.336e-07,0.0015056461627007286
4.337e-07,0.0013650211627007284
4.338e-07,-0.0006193548372992719
4.339e-07,-0.0026349793704962717
4.34e-07,-0.002314666837299272
4.341e-07,-0.0006349798372992719
4.342e-07,0.0005134581627007284
4.343e-07,0.0013650211627007284
4.344e-07,0.0021228331627007285
4.345e-07,0.0013650211627007284
4.346e-07,-0.0011662298372992718
4.347e-07,-0.0026349793704962717
4.348e-07,-0.001033416837299272
4.349e-07,0.0013650211627007284
4.35e-07,0.001435333162700728
4.351e-07,-0.0006349798372992719
4.352e-07,-0.0025177918372992717
4.353e-07,-0.0026349793704962717
4.354e-07,-0.0014084168372992718
4.355e-07,-0.0006349798372992719
4.356e-07,-0.0007912298372992719
4.357e-07,-0.0006349798372992719
4.358e-07,0.000560333162700728
4.359e-07,0.0013650211627007284
4.36e-07,0.0005134581627007284
4.361e-07,-0.0006349798372992719
4.362e-07,-0.00022872883729927167
4.363e-07,0.0013650211627007284
4.364e-07,0.0022009581627007286
4.365e-07,0.0013650211627007284
4.366e-07,-0.00023654183729927185
4.367e-07,-0.0006349798372992719
4.368e-07,0.0004900211627007281
4.369e-07,0.0013650211627007284
4.37e-07,0.0005681461627007282
4.371e-07,-0.0006349798372992719
4.372e-07,-0.00032247883729927176
4.373e-07,0.0013650211627007284
4.374e-07,0.0023962711627007285
4.375e-07,0.0013650211627007284
4.376e-07,-0.0011115418372992718
4.377e-07,-0.0026349793704962717
4.378e-07,-0.0019943543372992717
4.379e-07,-0.0006349798372992719
4.38e-07,-0.0002834168372992719
4.381e-07,-0.0006349798372992719
4.382e-07,-0.000650604837299272
4.383e-07,-0.0006349798372992719
4.384e-07,-0.0013771668372992718
4.385e-07,-0.0026349793704962717
4.386e-07,-0.003291229337299272
4.387e-07,-0.0026349793704962717
4.388e-07,-0.0012365418372992719
4.389e-07,-0.0006349798372992719
4.39e-07,-0.001049041837299272
4.391e-07,-0.0006349798372992719
4.392e-07,0.0010681461627007282
4.393e-07,0.0013650211627007284
4.394e-07,-0.0014787298372992718
4.395e-07,-0.0046349798372992725
4.396e-07,-0.004713104837299272
4.397e-07,-0.0026349793704962717
4.398e-07,-0.001072479837299272
4.399e-07,-0.0006349798372992719
4.4e-07,-0.0005177918372992717
4.401e-07,-0.0006349798372992719
4.402e-07,-0.0010099798372992718
4.403e-07,-0.0006349798372992719
4.404e-07,0.0006540831627007281
4.405e-07,0.0013650211627007284
4.406e-07,0.00048220816270072835
4.407e-07,-0.0006349798372992719
4.408e-07,-0.0007990418372992719
4.409e-07,-0.0006349798372992719
4.41e-07,-0.001322479837299272
4.411e-07,-0.0026349793704962717
4.412e-07,-0.003267791837299272
4.413e-07,-0.0026349793704962717
4.414e-07,-0.001353729837299272
4.415e-07,-0.0006349798372992719
4.416e-07,-0.0007287298372992718
4.417e-07,-0.0006349798372992719
4.418e-07,0.0003181461627007284
4.419e-07,0.0013650211627007284
4.42e-07,0.001075958162700728
4.421e-07,-0.0006349798372992719
4.422e-07,-0.0024318543372992716
4.423e-07,-0.0026349793704962717
4.424e-07,-0.0014240418372992718
4.425e-07,-0.0006349798372992719
4.426e-07,-0.0014787298372992718
4.427e-07,-0.0026349793704962717
4.428e-07,-0.002291229337299272
4.429e-07,-0.0006349798372992719
4.43e-07,0.000396271162700728
4.431e-07,-0.0006349798372992719
4.432e-07,-0.0030724793372992718
4.433e-07,-0.0046349798372992725
4.434e-07,-0.004041229837299272
4.435e-07,-0.0026349793704962717
4.436e-07,-0.002189666837299272
4.437e-07,-0.0026349793704962717
4.438e-07,-0.002806854337299272
4.439e-07,-0.0026349793704962717
4.44e-07,-0.0026037293672992717
4.441e-07,-0.0026349793704962717
4.442e-07,-0.0025412293672992716
4.443e-07,-0.0026349793704962717
4.444e-07,-0.002924041837299272
4.445e-07,-0.0026349793704962717
4.446e-07,-0.0015646668372992717
4.447e-07,-0.0006349798372992719
4.448e-07,-0.0009709168372992719
4.449e-07,-0.0026349793704962717
4.45e-07,-0.004353729837299272
4.451e-07,-0.0046349798372992725
4.452e-07,-0.0034631043372992717
4.453e-07,-0.0026349793704962717
4.454e-07,-0.002908416837299272
4.455e-07,-0.0026349793704962717
4.456e-07,-0.0006193548372992719
4.457e-07,0.0013650211627007284
4.458e-07,0.001107208162700728
4.459e-07,-0.0006349798372992719
4.46e-07,-0.0020334168372992717
4.461e-07,-0.0026349793704962717
4.462e-07,-0.0029787293372992717
4.463e-07,-0.0026349793704962717
4.464e-07,-0.0015099798372992719
4.465e-07,-0.0006349798372992719
4.466e-07,-0.0006584168372992718
4.467e-07,-0.0006349798372992719
4.468e-07,-0.0001740418372992718
4.469e-07,-0.0006349798372992719
4.47e-07,-0.0027131043672992718
4.471e-07,-0.0046349798372992725
4.472e-07,-0.004424041837299272
4.473e-07,-0.0026349793704962717
4.474e-07,-0.0011193548372992717
4.475e-07,-0.0006349798372992719
4.476e-07,-0.0006896668372992718
4.477e-07,-0.0006349798372992719
4.478e-07,-0.0004552918372992716
4.479e-07,-0.0006349798372992719
4.48e-07,-0.0015412298372992719
4.481e-07,-0.0026349793704962717
4.482e-07,-0.0030724793372992718
4.483e-07,-0.0026349793704962717
4.484e-07,-0.0016506043372992718
4.485e-07,-0.0006349798372992719
4.486e-07,-9.591683729927173e-05
4.487e-07,-0.0006349798372992719
4.488e-07,-0.0019865418372992717
4.489e-07,-0.0026349793704962717
4.49e-07,-0.001791229337299272
4.491e-07,-0.0006349798372992719
4.492e-07,4.4708162700727964e-05
4.493e-07,0.0013650211627007284
4.494e-07,0.0032087711627007283
4.495e-07,0.0033650211627007285
4.496e-07,0.00046658316270072834
4.497e-07,-0.0026349793704962717
4.498e-07,-0.002822479337299272
4.499e-07,-0.0006349798372992719
4.5e-07,0.0007634581627007282
4.501e-07,-0.0006349798372992719
4.502e-07,-0.0035568543372992718
4.503e-07,-0.0046349798372992725
4.504e-07,-0.0026115418672992717
4.505e-07,-0.0006349798372992719
4.506e-07,-0.0012287298372992718
4.507e-07,-0.0026349793704962717
4.508e-07,-0.002158416837299272
4.509e-07,-0.0006349798372992719
4.51e-07,-0.0002443538372992717
4.511e-07,-0.0006349798372992719
4.512e-07,-0.0005959168372992717
4.513e-07,-0.0006349798372992719
4.514e-07,-0.001603729837299272
4.515e-07,-0.0026349793704962717
4.516e-07,-0.002822479337299272
4.517e-07,-0.0026349793704962717
4.518e-07,-0.0026818543672992717
4.519e-07,-0.0026349793704962717
4.52e-07,-0.0018771668372992718
4.521e-07,-0.0006349798372992719
4.522e-07,6.814616270072816e-05
4.523e-07,-0.0006349798372992719
4.524e-07,-0.002197479337299272
4.525e-07,-0.0026349793704962717
4.526e-07,-0.0014006048372992718
4.527e-07,-0.0006349798372992719
4.528e-07,-0.001752166837299272
4.529e-07,-0.0026349793704962717
4.53e-07,-0.0016349793372992718
4.531e-07,-0.0006349798372992719
4.532e-07,-0.0015256048372992719
4.533e-07,-0.0026349793704962717
4.534e-07,-0.0019084168372992718
4.535e-07,-0.0006349798372992719
4.536e-07,-0.0010412298372992719
4.537e-07,-0.0026349793704962717
4.538e-07,-0.0034709168372992717
4.539e-07,-0.0026349793704962717
4.54e-07,-0.0010959168372992717
4.541e-07,-0.0006349798372992719
4.542e-07,-0.0016818543372992718
4.543e-07,-0.0026349793704962717
4.544e-07,-0.0025177918372992717
4.545e-07,-0.0026349793704962717
4.546e-07,-0.003908416837299272
4.547e-07,-0.0046349798372992725
4.548e-07,-0.0030412293372992717
4.549e-07,-0.0006349798372992719
4.55e-07,0.0001853331627007281
4.551e-07,-0.0006349798372992719
4.552e-07,-0.001799041837299272
4.553e-07,-0.0026349793704962717
4.554e-07,-0.0029631043372992717
4.555e-07,-0.0026349793704962717
4.556e-07,-0.0016271668372992718
4.557e-07,-0.0006349798372992719
4.558e-07,-0.00032247883729927176
4.559e-07,-0.0006349798372992719
4.56e-07,-0.0009943548372992718
4.561e-07,-0.0006349798372992719
4.562e-07,0.00044314616270072806
4.563e-07,0.0013650211627007284
4.564e-07,0.0014431461627007285
4.565e-07,0.0013650211627007284
4.566e-07,0.001482208162700728
4.567e-07,0.0013650211627007284
4.568e-07,0.0004040831627007283
4.569e-07,-0.0006349798372992719
4.57e-07,-0.0009084168372992718
4.571e-07,-0.0006349798372992719
4.572e-07,-0.00048654183729927164
4.573e-07,-0.0006349798372992719
4.574e-07,-0.0007599798372992718
4.575e-07,-0.0006349798372992719
4.576e-07,-0.000408416837299272
4.577e-07,-0.0006349798372992719
4.578e-07,-0.0010412298372992719
4.579e-07,-0.0006349798372992719
4.58e-07,0.0006853331627007281
4.581e-07,0.0013650211627007284
4.582e-07,0.0004040831627007283
4.583e-07,-0.0006349798372992719
4.584e-07,-0.00015060383729927204
4.585e-07,0.0013650211627007284
4.586e-07,0.0020759581627007285
4.587e-07,0.0013650211627007284
4.588e-07,3.689616270072813e-05
4.589e-07,-0.0006349798372992719
4.59e-07,-0.0005177918372992717
4.591e-07,-0.0006349798372992719
4.592e-07,-0.0016584168372992718
4.593e-07,-0.0026349793704962717
4.594e-07,-0.002166229337299272
4.595e-07,-0.0006349798372992719
4.596e-07,0.0007868961627007284
4.597e-07,0.0013650211627007284
4.598e-07,0.0009197081627007283
4.599e-07,-0.0006349798372992719
4.6e-07,-0.0024006043372992716
4.601e-07,-0.0026349793704962717
4.602e-07,-0.0007834168372992719
4.603e-07,0.0013650211627007284
4.604e-07,0.0018572081627007283
4.605e-07,0.0013650211627007284
4.606e-07,0.0011462711627007282
4.607e-07,0.0013650211627007284
4.608e-07,0.0014275211627007285
4.609e-07,0.0013650211627007284
4.61e-07,0.0009665831627007283
4.611e-07,-0.0006349798372992719
4.612e-07,-0.003267791837299272
4.613e-07,-0.0046349798372992725
4.614e-07,-0.003127166837299272
4.615e-07,-0.0006349798372992719
4.616e-07,0.000833771162700728
4.617e-07,0.0013650211627007284
4.618e-07,0.0016853331627007281
4.619e-07,0.0013650211627007284
4.62e-07,7.595816270072799e-05
4.621e-07,-0.0006349798372992719
4.622e-07,0.0006618961627007282
4.623e-07,0.0033650211627007285
4.624e-07,0.004872833162700728
4.625e-07,0.0033650211627007285
4.626e-07,-0.0003693538372992718
4.627e-07,-0.0026349793704962717
4.628e-07,-0.001791229337299272
4.629e-07,-0.0006349798372992719
4.63e-07,-0.0015412298372992719
4.631e-07,-0.0026349793704962717
4.632e-07,-0.0012131048372992718
4.633e-07,0.0013650211627007284
4.634e-07,0.0023025211627007284
4.635e-07,0.0013650211627007284
4.636e-07,0.00016189616270072824
4.637e-07,-0.0006349798372992719
4.638e-07,-0.001064666837299272
4.639e-07,-0.0006349798372992719
4.64e-07,0.0005681461627007282
4.641e-07,0.0013650211627007284
4.642e-07,0.0012009581627007281
4.643e-07,0.0013650211627007284
4.644e-07,0.0019978331627007284
4.645e-07,0.0013650211627007284
4.646e-07,-0.0011193548372992717
4.647e-07,-0.0026349793704962717
4.648e-07,-0.0010412298372992719
4.649e-07,0.0013650211627007284
4.65e-07,0.0013650211627007284
4.651e-07,-0.0006349798372992719
4.652e-07,-0.002314666837299272
4.653e-07,-0.0026349793704962717
4.654e-07,-0.0018849793372992718
4.655e-07,-0.0006349798372992719
4.656e-07,0.0007165831627007281
4.657e-07,0.0013650211627007284
4.658e-07,0.0008181461627007284
4.659e-07,-0.0006349798372992719
4.66e-07,-0.0020802918372992718
4.661e-07,-0.0026349793704962717
4.662e-07,-0.0019006043372992718
4.663e-07,-0.0006349798372992719
4.664e-07,0.00041189616270072803
4.665e-07,0.0013650211627007284
4.666e-07,0.0024275211627007285
4.667e-07,0.0033650211627007285
4.668e-07,0.003599396162700728
4.669e-07,0.0033650211627007285
4.67e-07,0.002654083162700728
4.671e-07,0.0013650211627007284
4.672e-07,-0.00022872883729927167
4.673e-07,-0.0006349798372992719
4.674e-07,0.00048220816270072835
4.675e-07,0.0013650211627007284
4.676e-07,0.0006384581627007281
4.677e-07,-0.0006349798372992719
4.678e-07,-0.0009162298372992718
4.679e-07,-0.0006349798372992719
4.68e-07,-0.0006740418372992718
4.681e-07,-0.0006349798372992719
4.682e-07,0.00020877116270072828
4.683e-07,0.0013650211627007284
4.684e-07,0.001786896162700728
4.685e-07,0.0013650211627007284
4.686e-07,0.0004353331627007283
4.687e-07,-0.0006349798372992719
4.688e-07,-0.0017131043372992719
4.689e-07,-0.0026349793704962717
4.69e-07,-0.0030646668372992718
4.691e-07,-0.0026349793704962717
4.692e-07,-0.001517791837299272
4.693e-07,-0.0006349798372992719
4.694e-07,-0.0005256048372992718
4.695e-07,-0.0006349798372992719
4.696e-07,-0.00048654183729927164
4.697e-07,-0.0006349798372992719
4.698e-07,-0.0015959168372992718
4.699e-07,-0.0026349793704962717
4.7e-07,-0.002877166837299272
4.701e-07,-0.0026349793704962717
4.702e-07,-0.0025646668672992716
4.703e-07,-0.0026349793704962717
4.704e-07,-0.0025959168672992717
4.705e-07,-0.0026349793704962717
4.706e-07,-0.002799041837299272
4.707e-07,-0.0026349793704962717
4.708e-07,-0.0017287293372992719
4.709e-07,-0.0006349798372992719
4.71e-07,-0.0001740418372992718
4.711e-07,-0.0006349798372992719
4.712e-07,-0.0017131043372992719
4.713e-07,-0.0026349793704962717
4.714e-07,-0.002908416837299272
4.715e-07,-0.0026349793704962717
4.716e-07,-0.0019084168372992718
4.717e-07,-0.0006349798372992719
4.718e-07,0.0007947081627007282
4.719e-07,0.0013650211627007284
4.72e-07,0.00044314616270072806
4.721e-07,-0.0006349798372992719
4.722e-07,-0.0007990418372992719
4.723e-07,-0.0006349798372992719
4.724e-07,-0.0008381048372992719
4.725e-07,-0.0006349798372992719
4.726e-07,5.6461627007281e-06
4.727e-07,-0.0006349798372992719
4.728e-07,-0.003119354337299272
4.729e-07,-0.0046349798372992725
4.73e-07,-0.0030724793372992718
4.731e-07,-0.0006349798372992719
4.732e-07,-9.978837299271914e-06
4.733e-07,-0.0006349798372992719
4.734e-07,-0.0008381048372992719
4.735e-07,-0.0006349798372992719
4.736e-07,-0.0012131048372992718
4.737e-07,-0.0026349793704962717
4.738e-07,-0.0034787293372992717
4.739e-07,-0.0026349793704962717
4.74e-07,-0.0008459168372992717
4.741e-07,-0.0006349798372992719
4.742e-07,-0.002869354337299272
4.743e-07,-0.0046349798372992725
4.744e-07,-0.0033537293372992716
4.745e-07,-0.0006349798372992719
4.746e-07,0.000849396162700728
4.747e-07,0.0013650211627007284
4.748e-07,0.0017634581627007282
4.749e-07,0.0013650211627007284
4.75e-07,-0.0006896668372992718
4.751e-07,-0.0026349793704962717
4.752e-07,-0.002908416837299272
4.753e-07,-0.0026349793704962717
4.754e-07,-0.0033849793372992716
4.755e-07,-0.0046349798372992725
4.756e-07,-0.005072479837299272
4.757e-07,-0.0046349798372992725
4.758e-07,-0.003736541837299272
4.759e-07,-0.0026349793704962717
4.76e-07,-0.0013302918372992717
4.761e-07,-0.0006349798372992719
4.762e-07,-0.0012052918372992718
4.763e-07,-0.0026349793704962717
4.764e-07,-0.003994354837299272
4.765e-07,-0.0046349798372992725
4.766e-07,-0.004150604837299272
4.767e-07,-0.0026349793704962717
4.768e-07,-0.0009943548372992718
4.769e-07,-0.0006349798372992719
4.77e-07,-0.001799041837299272
4.771e-07,-0.0026349793704962717
4.772e-07,-0.0019162293372992718
4.773e-07,-0.0006349798372992719
4.774e-07,-0.0003146668372992719
4.775e-07,-0.0006349798372992719
4.776e-07,-0.0007287298372992718
4.777e-07,-0.0006349798372992719
4.778e-07,-0.0012443548372992718
4.779e-07,-0.0026349793704962717
4.78e-07,-0.004064666837299271
4.781e-07,-0.0046349798372992725
4.782e-07,-0.003955291837299272
4.783e-07,-0.0026349793704962717
4.784e-07,-0.0014396668372992718
4.785e-07,-0.0006349798372992719
4.786e-07,-0.0002599788372992717
4.787e-07,-0.0006349798372992719
4.788e-07,-0.001759979337299272
4.789e-07,-0.0026349793704962717
4.79e-07,-0.0027052918672992718
4.791e-07,-0.0026349793704962717
4.792e-07,-0.002877166837299272
4.793e-07,-0.0026349793704962717
4.794e-07,-0.0014865418372992719
4.795e-07,-0.0006349798372992719
4.796e-07,-0.0012443548372992718
4.797e-07,-0.0026349793704962717
4.798e-07,-0.003236541837299272
4.799e-07,-0.0026349793704962717
4.8e-07,-0.0015412298372992719
4.801e-07,-0.0006349798372992719
4.802e-07,-0.00032247883729927176
4.803e-07,-0.0006349798372992719
4.804e-07,-0.001017791837299272
4.805e-07,-0.0006349798372992719
4.806e-07,4.4708162700727964e-05
4.807e-07,-0.0006349798372992719
4.808e-07,-0.0030177918372992717
4.809e-07,-0.0046349798372992725
4.81e-07,-0.0034318543372992717
4.811e-07,-0.0006349798372992719
4.812e-07,0.0012009581627007281
4.813e-07,0.0013650211627007284
4.814e-07,0.0005134581627007284
4.815e-07,-0.0006349798372992719
4.816e-07,-0.001845916837299272
4.817e-07,-0.0026349793704962717
4.818e-07,-0.002814666837299272
4.819e-07,-0.0026349793704962717
4.82e-07,-0.0025490418672992716
4.821e-07,-0.0026349793704962717
4.822e-07,-0.002736541837299272
4.823e-07,-0.0026349793704962717
4.824e-07,-0.0024084168372992716
4.825e-07,-0.0026349793704962717
4.826e-07,-0.0035490418372992718
4.827e-07,-0.0046349798372992725
4.828e-07,-0.004970916837299272
4.829e-07,-0.0046349798372992725
4.83e-07,-0.003799041837299272
4.831e-07,-0.0026349793704962717
4.832e-07,-0.001799041837299272
4.833e-07,-0.0026349793704962717
4.834e-07,-0.004564666837299272
4.835e-07,-0.0046349798372992725
4.836e-07,-0.0016662293372992718
4.837e-07,0.0013650211627007284
4.838e-07,0.0013181461627007284
4.839e-07,-0.0006349798372992719
4.84e-07,-0.001603729837299272
4.841e-07,-0.0006349798372992719
4.842e-07,0.000396271162700728
4.843e-07,-0.0006349798372992719
4.844e-07,-0.003299041837299272
4.845e-07,-0.0046349798372992725
4.846e-07,-0.0029943543372992717
4.847e-07,-0.0006349798372992719
4.848e-07,-0.00011935383729927201
4.849e-07,-0.0006349798372992719
4.85e-07,-8.810383729927198e-05
4.851e-07,0.0013650211627007284
4.852e-07,0.001990021162700728
4.853e-07,0.0013650211627007284
4.854e-07,0.00016970816270072808
4.855e-07,-0.0006349798372992719
4.856e-07,-0.0007677918372992719
4.857e-07,-0.0006349798372992719
4.858e-07,-0.0006740418372992718
4.859e-07,-0.0006349798372992719
4.86e-07,-0.0004631048372992718
4.861e-07,-0.0006349798372992719
4.862e-07,-0.0010802918372992717
4.863e-07,-0.0006349798372992719
4.864e-07,0.0013181461627007284
4.865e-07,0.0033650211627007285
4.866e-07,0.003435333162700728
4.867e-07,0.0013650211627007284
4.868e-07,-0.001353729837299272
4.869e-07,-0.0026349793704962717
4.87e-07,-0.0019084168372992718
4.871e-07,-0.0006349798372992719
4.872e-07,-0.00030685383729927174
4.873e-07,-0.0006349798372992719
4.874e-07,-0.0007365418372992719
4.875e-07,-0.0006349798372992719
4.876e-07,-0.0006584168372992718
4.877e-07,-0.0006349798372992719
4.878e-07,-0.00032247883729927176
4.879e-07,-0.0006349798372992719
4.88e-07,-0.001830291837299272
4.881e-07,-0.0026349793704962717
4.882e-07,-0.0019865418372992717
4.883e-07,-0.0006349798372992719
4.884e-07,0.0004040831627007283
4.885e-07,0.0013650211627007284
4.886e-07,0.002591583162700728
4.887e-07,0.0033650211627007285
4.888e-07,0.002716583162700728
4.889e-07,0.0013650211627007284
4.89e-07,0.00016970816270072808
4.891e-07,-0.0006349798372992719
4.892e-07,-0.001072479837299272
4.893e-07,-0.0006349798372992719
4.894e-07,0.0005993961627007282
4.895e-07,0.0013650211627007284
4.896e-07,0.0007087711627007283
4.897e-07,-0.0006349798372992719
4.898e-07,-0.0012365418372992719
4.899e-07,-0.0006349798372992719
4.9e-07,0.0005993961627007282
4.901e-07,0.0013650211627007284
4.902e-07,0.0013259581627007278
4.903e-07,0.0013650211627007284
4.904e-07,0.0017087711627007279
4.905e-07,0.0013650211627007284
4.906e-07,5.6461627007281e-06
4.907e-07,-0.0006349798372992719
4.908e-07,0.00041189616270072803
4.909e-07,0.0013650211627007284
4.91e-07,0.0005212711627007281
4.911e-07,-0.0006349798372992719
4.912e-07,-0.00012716683729927175
4.913e-07,0.0013650211627007284
4.914e-07,0.0020290831627007284
4.915e-07,0.0013650211627007284
4.916e-07,0.00027908316270072817
4.917e-07,-0.0006349798372992719
4.918e-07,-0.0009943548372992718
4.919e-07,-0.0006349798372992719
4.92e-07,0.00034158316270072823
4.921e-07,0.0013650211627007284
4.922e-07,0.0022400211627007284
4.923e-07,0.0033650211627007285
4.924e-07,0.004630646162700728
4.925e-07,0.005365021162700727
4.926e-07,0.004724396162700728
4.927e-07,0.0033650211627007285
4.928e-07,0.002052521162700728
4.929e-07,0.0013650211627007284
4.93e-07,0.0011618961627007283
4.931e-07,0.0013650211627007284
4.932e-07,0.0015993961627007278
4.933e-07,0.0013650211627007284
4.934e-07,0.0004743961627007281
4.935e-07,-0.0006349798372992719
4.936e-07,-0.001049041837299272
4.937e-07,-0.0006349798372992719
4.938e-07,0.0004040831627007283
4.939e-07,0.0013650211627007284
4.94e-07,0.0017165831627007281
4.941e-07,0.0013650211627007284
4.942e-07,0.0009197081627007283
4.943e-07,0.0013650211627007284
4.944e-07,0.002638458162700728
4.945e-07,0.0033650211627007285
4.946e-07,0.002529083162700728
4.947e-07,0.0013650211627007284
4.948e-07,0.001075958162700728
4.949e-07,0.0013650211627007284
4.95e-07,0.0013650211627007284
4.951e-07,0.0013650211627007284
4.952e-07,0.0016462711627007278
4.953e-07,0.0013650211627007284
4.954e-07,0.00019314616270072827
4.955e-07,-0.0006349798372992719
4.956e-07,0.0001150211627007282
4.957e-07,0.0013650211627007284
4.958e-07,0.0017634581627007282
4.959e-07,0.0013650211627007284
4.96e-07,0.001122833162700728
4.961e-07,0.0013650211627007284
4.962e-07,0.0020447081627007284
4.963e-07,0.0033650211627007285
4.964e-07,0.0048806461627007285
4.965e-07,0.005365021162700727
4.966e-07,0.004247833162700727
4.967e-07,0.0033650211627007285
4.968e-07,0.0034900211627007286
4.969e-07,0.0033650211627007285
4.97e-07,0.0020759581627007285
4.971e-07,0.0013650211627007284
4.972e-07,0.002372833162700728
4.973e-07,0.0033650211627007285
4.974e-07,0.0020759581627007285
4.975e-07,-0.0006349798372992719
4.976e-07,-0.0019943543372992717
4.977e-07,-0.0006349798372992719
4.978e-07,0.0021931461627007283
4.979e-07,0.0033650211627007285
4.98e-07,0.0017087711627007279
4.981e-07,-0.0006349798372992719
4.982e-07,-0.0012443548372992718
4.983e-07,-0.0006349798372992719
4.984e-07,-0.0003537288372992718
4.985e-07,-0.0006349798372992719
4.986e-07,-0.00022872883729927167
4.987e-07,0.0013650211627007284
4.988e-07,0.0030681461627007282
4.989e-07,0.0033650211627007285
4.99e-07,0.002083771162700728
4.991e-07,0.0013650211627007284
4.992e-07,0.002325958162700728
4.993e-07,0.0033650211627007285
4.994e-07,0.002638458162700728
4.995e-07,0.0013650211627007284
4.996e-07,0.001122833162700728
4.997e-07,0.0013650211627007284
4.998e-07,0.0007087711627007283
4.999e-07,-0.0006349798372992719
5e-07,-0.001267791837299272
5.001e-07,-0.0006349798372992719
5.002e-07,0.000607208162700728
5.003e-07,0.0013650211627007284
5.004e-07,0.0012868961627007284
5.005e-07,0.0013650211627007284
5.006e-07,0.002372833162700728
5.007e-07,0.0033650211627007285
5.008e-07,0.002958771162700728
5.009e-07,0.0013650211627007284
5.01e-07,-0.0006271668372992718
5.011e-07,-0.0026349793704962717
5.012e-07,-0.003752166837299272
5.013e-07,-0.0026349793704962717
5.014e-07,0.0007243961627007283
5.015e-07,0.0033650211627007285
5.016e-07,0.0031462711627007283
5.017e-07,0.0013650211627007284
5.018e-07,0.0005212711627007281
5.019e-07,0.0013650211627007284
5.02e-07,0.002763458162700728
5.021e-07,0.0033650211627007285
5.022e-07,0.0031306461627007283
5.023e-07,0.0033650211627007285
5.024e-07,0.004029083162700729
5.025e-07,0.0033650211627007285
5.026e-07,0.0009197081627007283
5.027e-07,-0.0006349798372992719
5.028e-07,0.0008572081627007283
5.029e-07,0.0033650211627007285
5.03e-07,0.004075958162700729
5.031e-07,0.0033650211627007285
5.032e-07,0.003482208162700728
5.033e-07,0.005365021162700727
5.034e-07,0.007357208162700728
5.035e-07,0.007365021162700727
5.036e-07,0.005130646162700729
5.037e-07,0.0033650211627007285
5.038e-07,0.003880646162700728
5.039e-07,0.005365021162700727
5.04e-07,0.005208771162700727
5.041e-07,0.0033650211627007285
5.042e-07,0.0016462711627007278
5.043e-07,0.0013650211627007284
5.044e-07,0.002388458162700728
5.045e-07,0.0033650211627007285
5.046e-07,0.0035368961627007278
5.047e-07,0.0033650211627007285
5.048e-07,0.0034743961627007286
5.049e-07,0.0033650211627007285
5.05e-07,0.002880646162700728
5.051e-07,0.0033650211627007285
5.052e-07,0.004966583162700728
5.053e-07,0.005365021162700727
5.054e-07,0.0032400211627007284
5.055e-07,0.0013650211627007284
5.056e-07,0.002005646162700728
5.057e-07,0.0033650211627007285
5.058e-07,0.002880646162700728
5.059e-07,0.0013650211627007284
5.06e-07,0.000880646162700728
5.061e-07,0.0013650211627007284
5.062e-07,0.001591583162700728
5.063e-07,0.0013650211627007284
5.064e-07,0.0013181461627007284
5.065e-07,0.0013650211627007284
5.066e-07,0.0013493961627007284
5.067e-07,0.0013650211627007284
5.068e-07,0.001482208162700728
5.069e-07,0.0013650211627007284
5.07e-07,0.001091583162700728
5.071e-07,0.0013650211627007284
5.072e-07,0.002404083162700728
5.073e-07,0.0033650211627007285
5.074e-07,0.003513458162700728
5.075e-07,0.0033650211627007285
5.076e-07,0.0034743961627007286
5.077e-07,0.0033650211627007285
5.078e-07,0.0024118961627007285
5.079e-07,0.0013650211627007284
5.08e-07,0.0010212711627007281
5.081e-07,0.0013650211627007284
5.082e-07,0.0020759581627007285
5.083e-07,0.0033650211627007285
5.084e-07,0.004872833162700728
5.085e-07,0.005365021162700727
5.086e-07,0.0038415831627007283
5.087e-07,0.0013650211627007284
5.088e-07,-0.0003537288372992718
5.089e-07,-0.0006349798372992719
5.09e-07,0.0002400211627007283
5.091e-07,0.0013650211627007284
5.092e-07,0.0019197081627007283
5.093e-07,0.0013650211627007284
5.094e-07,0.0001150211627007282
5.095e-07,-0.0006349798372992719
5.096e-07,3.689616270072813e-05
5.097e-07,0.0013650211627007284
5.098e-07,0.0025212711627007286
5.099e-07,0.0033650211627007285
5.1e-07,0.0037947081627007283
5.101e-07,0.0033650211627007285
5.102e-07,0.0020759581627007285
5.103e-07,0.0013650211627007284
5.104e-07,0.0020993961627007282
5.105e-07,0.0033650211627007285
5.106e-07,0.003693146162700728
5.107e-07,0.0033650211627007285
5.108e-07,0.0031228331627007285
5.109e-07,0.0033650211627007285
5.11e-07,0.003622833162700728
5.111e-07,0.0033650211627007285
5.112e-07,0.002513458162700728
5.113e-07,0.0013650211627007284
5.114e-07,0.0002556461627007283
5.115e-07,-0.0006349798372992719
5.116e-07,-0.001064666837299272
5.117e-07,-0.0006349798372992719
5.118e-07,0.0010368961627007281
5.119e-07,0.0033650211627007285
5.12e-07,0.005177521162700729
5.121e-07,0.005365021162700727
5.122e-07,0.003677521162700728
5.123e-07,0.0013650211627007284
5.124e-07,-0.00022872883729927167
5.125e-07,-0.0006349798372992719
5.126e-07,1.345816270072837e-05
5.127e-07,0.0013650211627007284
5.128e-07,0.0027947081627007282
5.129e-07,0.0033650211627007285
5.13e-07,0.002591583162700728
5.131e-07,0.0013650211627007284
5.132e-07,0.0009197081627007283
5.133e-07,0.0013650211627007284
5.134e-07,0.002325958162700728
5.135e-07,0.0033650211627007285
5.136e-07,0.003919708162700729
5.137e-07,0.0033650211627007285
5.138e-07,0.001927521162700728
5.139e-07,0.0013650211627007284
5.14e-07,0.002372833162700728
5.141e-07,0.0033650211627007285
5.142e-07,0.0032087711627007283
5.143e-07,0.0033650211627007285
5.144e-07,0.004677521162700728
5.145e-07,0.005365021162700727
5.146e-07,0.003708771162700728
5.147e-07,0.0013650211627007284
5.148e-07,0.0006540831627007281
5.149e-07,0.0013650211627007284
5.15e-07,0.0018415831627007283
5.151e-07,0.0013650211627007284
5.152e-07,0.0008415831627007282
5.153e-07,0.0013650211627007284
5.154e-07,0.002755646162700728
5.155e-07,0.0033650211627007285
5.156e-07,0.002404083162700728
5.157e-07,0.0013650211627007284
5.158e-07,0.0019197081627007283
5.159e-07,0.0033650211627007285
5.16e-07,0.003958771162700728
5.161e-07,0.0033650211627007285
5.162e-07,0.0023181461627007284
5.163e-07,0.0013650211627007284
5.164e-07,0.0009197081627007283
5.165e-07,0.0013650211627007284
5.166e-07,0.002497833162700728
5.167e-07,0.0033650211627007285
5.168e-07,0.003404083162700728
5.169e-07,0.0033650211627007285
5.17e-07,0.004036896162700728
5.171e-07,0.005365021162700727
5.172e-07,0.006052521162700728
5.173e-07,0.005365021162700727
5.174e-07,0.003357208162700728
5.175e-07,0.0013650211627007284
5.176e-07,0.0005681461627007282
5.177e-07,0.0013650211627007284
5.178e-07,0.002325958162700728
5.179e-07,0.0013650211627007284
5.18e-07,-0.0012912298372992719
5.181e-07,-0.0026349793704962717
5.182e-07,-0.0008537298372992719
5.183e-07,0.0013650211627007284
5.184e-07,0.0012009581627007281
5.185e-07,-0.0006349798372992719
5.186e-07,-0.0014084168372992718
5.187e-07,-0.0006349798372992719
5.188e-07,0.0005212711627007281
5.189e-07,0.0013650211627007284
5.19e-07,0.0016618961627007278
5.191e-07,0.0013650211627007284
5.192e-07,0.0009040831627007283
5.193e-07,0.0013650211627007284
5.194e-07,0.002677521162700728
5.195e-07,0.0033650211627007285
5.196e-07,0.0020447081627007284
5.197e-07,-0.0006349798372992719
5.198e-07,-0.0026818543672992717
5.199e-07,-0.0026349793704962717
5.2e-07,-0.0006740418372992718
5.201e-07,0.0013650211627007284
5.202e-07,0.002068146162700728
5.203e-07,0.0013650211627007284
5.204e-07,0.0006306461627007282
5.205e-07,0.0013650211627007284
5.206e-07,0.0030447081627007285
5.207e-07,0.0033650211627007285
5.208e-07,0.0018103331627007282
5.209e-07,0.0013650211627007284
5.21e-07,0.003482208162700728
5.211e-07,0.005365021162700727
5.212e-07,0.003966583162700729
5.213e-07,0.0013650211627007284
5.214e-07,0.0006462711627007282
5.215e-07,0.0013650211627007284
5.216e-07,0.001560333162700728
5.217e-07,0.0013650211627007284
5.218e-07,0.0015368961627007286
5.219e-07,0.0013650211627007284
5.22e-07,0.00026345816270072816
5.221e-07,-0.0006349798372992719
5.222e-07,-4.122883729927194e-05
5.223e-07,0.0013650211627007284
5.224e-07,0.0020759581627007285
5.225e-07,0.0013650211627007284
5.226e-07,-9.978837299271914e-06
5.227e-07,-0.0006349798372992719
5.228e-07,0.00012283316270072803
5.229e-07,0.0013650211627007284
5.23e-07,0.001880646162700728
5.231e-07,0.0013650211627007284
5.232e-07,0.0007322081627007281
5.233e-07,0.0013650211627007284
5.234e-07,0.002911896162700728
5.235e-07,0.0033650211627007285
5.236e-07,0.0020759581627007285
5.237e-07,0.0013650211627007284
5.238e-07,0.0025212711627007286
5.239e-07,0.0033650211627007285
5.24e-07,0.0016150211627007278
5.241e-07,-0.0006349798372992719
5.242e-07,-0.0005177918372992717
5.243e-07,0.0013650211627007284
5.244e-07,0.002865021162700728
5.245e-07,0.0033650211627007285
5.246e-07,0.003005646162700728
5.247e-07,0.0013650211627007284
5.248e-07,-0.0012052918372992718
5.249e-07,-0.0026349793704962717
5.25e-07,-0.0013459168372992718
5.251e-07,0.0013650211627007284
5.252e-07,0.0032400211627007284
5.253e-07,0.0033650211627007285
5.254e-07,0.0022712711627007284
5.255e-07,0.0013650211627007284
5.256e-07,0.0012009581627007281
5.257e-07,0.0013650211627007284
5.258e-07,0.0013728331627007278
5.259e-07,0.0013650211627007284
5.26e-07,0.001482208162700728
5.261e-07,0.0013650211627007284
5.262e-07,0.0005525211627007282
5.263e-07,-0.0006349798372992719
5.264e-07,-0.0011584168372992718
5.265e-07,-0.0006349798372992719
5.266e-07,0.0005993961627007282
5.267e-07,0.0013650211627007284
5.268e-07,0.0012868961627007284
5.269e-07,0.0013650211627007284
5.27e-07,0.002388458162700728
5.271e-07,0.0033650211627007285
5.272e-07,0.003372833162700728
5.273e-07,0.0033650211627007285
5.274e-07,0.003700958162700728
5.275e-07,0.0033650211627007285
5.276e-07,0.001802521162700728
5.277e-07,0.0013650211627007284
5.278e-07,0.0033493961627007285
5.279e-07,0.005365021162700727
5.28e-07,0.0044353331627007275
5.281e-07,0.0013650211627007284
5.282e-07,-0.001353729837299272
5.283e-07,-0.0026349793704962717
5.284e-07,-0.0023849793372992716
5.285e-07,-0.0006349798372992719
5.286e-07,0.0019665831627007284
5.287e-07,0.0033650211627007285
5.288e-07,0.002646271162700728
5.289e-07,0.0013650211627007284
5.29e-07,0.001075958162700728
5.291e-07,0.0013650211627007284
5.292e-07,0.0008884581627007283
5.293e-07,-0.0006349798372992719
5.294e-07,-0.001814666837299272
5.295e-07,-0.0006349798372992719
5.296e-07,0.0022009581627007286
5.297e-07,0.0033650211627007285
5.298e-07,0.0013806461627007285
5.299e-07,-0.0006349798372992719
5.3e-07,3.689616270072813e-05
5.301e-07,0.0013650211627007284
5.302e-07,0.0002400211627007283
5.303e-07,-0.0026349793704962717
5.304e-07,-0.004025604837299272
5.305e-07,-0.0026349793704962717
5.306e-07,6.814616270072816e-05
5.307e-07,0.0013650211627007284
5.308e-07,0.00044314616270072806
5.309e-07,-0.0006349798372992719
5.31e-07,-9.978837299271914e-06
5.311e-07,0.0013650211627007284
5.312e-07,0.0016853331627007281
5.313e-07,0.0013650211627007284
5.314e-07,0.0013728331627007278
5.315e-07,0.0013650211627007284
5.316e-07,0.0005056461627007281
5.317e-07,-0.0006349798372992719
5.318e-07,-0.001064666837299272
5.319e-07,-0.0006349798372992719
5.32e-07,-0.00022872883729927167
5.321e-07,-0.0006349798372992719
5.322e-07,-0.001322479837299272
5.323e-07,-0.0006349798372992719
5.324e-07,0.0016775211627007279
5.325e-07,0.0033650211627007285
5.326e-07,0.0022712711627007284
5.327e-07,-0.0006349798372992719
5.328e-07,-0.002759979337299272
5.329e-07,-0.0026349793704962717
5.33e-07,-0.0011584168372992718
5.331e-07,-0.0006349798372992719
5.332e-07,-0.001783416837299272
5.333e-07,-0.0026349793704962717
5.334e-07,-0.001767791837299272
5.335e-07,-0.0006349798372992719
5.336e-07,-0.000650604837299272
5.337e-07,-0.0006349798372992719
5.338e-07,0.0005681461627007282
5.339e-07,0.0013650211627007284
5.34e-07,-9.591683729927173e-05
5.341e-07,-0.0026349793704962717
5.342e-07,-0.0037131048372992716
5.343e-07,-0.0026349793704962717
5.344e-07,-0.0009084168372992718
5.345e-07,-0.0006349798372992719
5.346e-07,-0.0019865418372992717
5.347e-07,-0.0026349793704962717
5.348e-07,-0.0010099798372992718
5.349e-07,0.0013650211627007284
5.35e-07,0.0021540831627007285
5.351e-07,0.0013650211627007284
5.352e-07,0.00027127116270072834
5.353e-07,-0.0006349798372992719
5.354e-07,-0.0016506043372992718
5.355e-07,-0.0026349793704962717
5.356e-07,-0.0030881043372992718
5.357e-07,-0.0026349793704962717
5.358e-07,-0.001549041837299272
5.359e-07,-0.0006349798372992719
5.36e-07,-9.978837299271914e-06
5.361e-07,0.0013650211627007284
5.362e-07,0.003294708162700728
5.363e-07,0.0033650211627007285
5.364e-07,0.0004743961627007281
5.365e-07,-0.0026349793704962717
5.366e-07,-0.003299041837299272
5.367e-07,-0.0026349793704962717
5.368e-07,-0.0026193543672992717
5.369e-07,-0.0026349793704962717
5.37e-07,-0.0010802918372992717
5.371e-07,0.0013650211627007284
5.372e-07,0.0029509581627007284
5.373e-07,0.0033650211627007285
5.374e-07,0.002833771162700728
5.375e-07,0.0013650211627007284
5.376e-07,-0.00043185483729927176
5.377e-07,-0.0006349798372992719
5.378e-07,0.0008181461627007284
5.379e-07,0.0013650211627007284
5.38e-07,-0.0005959168372992717
5.381e-07,-0.0026349793704962717
5.382e-07,-0.002275604337299272
5.383e-07,-0.0006349798372992719
5.384e-07,-7.247883729927197e-05
5.385e-07,-0.0006349798372992719
5.386e-07,-0.0009240418372992718
5.387e-07,-0.0006349798372992719
5.388e-07,-0.00048654183729927164
5.389e-07,-0.0006349798372992719
5.39e-07,-0.0012365418372992719
5.391e-07,-0.0026349793704962717
5.392e-07,-0.004244354837299272
5.393e-07,-0.0046349798372992725
5.394e-07,-0.0034709168372992717
5.395e-07,-0.0026349793704962717
5.396e-07,-0.0034006043372992716
5.397e-07,-0.0046349798372992725
5.398e-07,-0.004361541837299272
5.399e-07,-0.0026349793704962717
5.4e-07,-0.0010021668372992719
5.401e-07,-0.0006349798372992719
5.402e-07,-0.001517791837299272
5.403e-07,-0.0026349793704962717
5.404e-07,-0.0030490418372992717
5.405e-07,-0.0026349793704962717
5.406e-07,-0.002189666837299272
5.407e-07,-0.0026349793704962717
5.408e-07,-0.0038693548372992718
5.409e-07,-0.0046349798372992725
5.41e-07,-0.004041229837299272
5.411e-07,-0.0026349793704962717
5.412e-07,-0.0014006048372992718
5.413e-07,-0.0006349798372992719
5.414e-07,-0.00036154183729927196
5.415e-07,-0.0006349798372992719
5.416e-07,-0.001603729837299272
5.417e-07,-0.0026349793704962717
5.418e-07,-0.0030334168372992717
5.419e-07,-0.0026349793704962717
5.42e-07,-0.002158416837299272
5.421e-07,-0.0026349793704962717
5.422e-07,-0.003994354837299272
5.423e-07,-0.0046349798372992725
5.424e-07,-0.0037131048372992716
5.425e-07,-0.0026349793704962717
5.426e-07,-0.0025256043372992717
5.427e-07,-0.0026349793704962717
5.428e-07,-0.001767791837299272
5.429e-07,-0.0006349798372992719
5.43e-07,-0.0008459168372992717
5.431e-07,-0.0026349793704962717
5.432e-07,-0.0045412298372992715
5.433e-07,-0.0046349798372992725
5.434e-07,-0.0026740418672992717
5.435e-07,-0.0006349798372992719
5.436e-07,-0.00020529183729927182
5.437e-07,-0.0006349798372992719
5.438e-07,-0.0006584168372992718
5.439e-07,-0.0006349798372992719
5.44e-07,-0.0015099798372992719
5.441e-07,-0.0026349793704962717
5.442e-07,-0.0030099793372992717
5.443e-07,-0.0026349793704962717
5.444e-07,-0.0018849793372992718
5.445e-07,-0.0006349798372992719
5.446e-07,0.0008259581627007282
5.447e-07,0.0013650211627007284
5.448e-07,2.9083162700728384e-05
5.449e-07,-0.0026349793704962717
5.45e-07,-0.004783416837299272
5.451e-07,-0.0046349798372992725
5.452e-07,-0.0024240418372992716
5.453e-07,-0.0006349798372992719
5.454e-07,-0.0006037298372992719
5.455e-07,-0.0006349798372992719
5.456e-07,0.0005837711627007282
5.457e-07,0.0013650211627007284
5.458e-07,-0.00019747883729927165
5.459e-07,-0.0026349793704962717
5.46e-07,-0.0034318543372992717
5.461e-07,-0.0026349793704962717
5.462e-07,-0.0015646668372992717
5.463e-07,-0.0006349798372992719
5.464e-07,-0.00011154183729927174
5.465e-07,-0.0006349798372992719
5.466e-07,-0.0020802918372992718
5.467e-07,-0.0026349793704962717
5.468e-07,-0.0010099798372992718
5.469e-07,0.0013650211627007284
5.47e-07,0.0022868961627007284
5.471e-07,0.0013650211627007284
5.472e-07,-0.0006349798372992719
5.473e-07,-0.0026349793704962717
5.474e-07,-0.003595916837299272
5.475e-07,-0.0026349793704962717
5.476e-07,-0.00022872883729927167
5.477e-07,0.0013650211627007284
5.478e-07,0.0007556461627007283
5.479e-07,-0.0006349798372992719
5.48e-07,-0.001049041837299272
5.481e-07,-0.0006349798372992719
5.482e-07,-0.00043185483729927176
5.483e-07,-0.0006349798372992719
5.484e-07,-0.0007131048372992718
5.485e-07,-0.0006349798372992719
5.486e-07,-0.0006818548372992718
5.487e-07,-0.0006349798372992719
5.488e-07,-0.000408416837299272
5.489e-07,-0.0006349798372992719
5.49e-07,-0.0011193548372992717
5.491e-07,-0.0006349798372992719
5.492e-07,0.000849396162700728
5.493e-07,0.0013650211627007284
5.494e-07,4.4708162700727964e-05
5.495e-07,-0.0006349798372992719
5.496e-07,0.001154083162700728
5.497e-07,0.0033650211627007285
5.498e-07,0.0032009581627007286
5.499e-07,0.0013650211627007284
5.5e-07,-0.00011154183729927174
5.501e-07,-0.0006349798372992719
5.502e-07,-0.0008693548372992719
5.503e-07,-0.0006349798372992719
5.504e-07,0.0002947081627007282
5.505e-07,0.0013650211627007284
5.506e-07,0.001740021162700728
5.507e-07,0.0013650211627007284
5.508e-07,0.0004743961627007281
5.509e-07,-0.0006349798372992719
5.51e-07,-0.0016818543372992718
5.511e-07,-0.0026349793704962717
5.512e-07,-0.003142791837299272
5.513e-07,-0.0026349793704962717
5.514e-07,-0.001353729837299272
5.515e-07,-0.0006349798372992719
5.516e-07,-0.0008849798372992717
5.517e-07,-0.0006349798372992719
5.518e-07,0.0007868961627007284
5.519e-07,0.0013650211627007284
5.52e-07,-0.00043185483729927176
5.521e-07,-0.0026349793704962717
5.522e-07,-0.003103729337299272
5.523e-07,-0.0026349793704962717
5.524e-07,-0.0026818543672992717
5.525e-07,-0.0026349793704962717
5.526e-07,-0.0015646668372992717
5.527e-07,-0.0006349798372992719
5.528e-07,-0.0012443548372992718
5.529e-07,-0.0026349793704962717
5.53e-07,-0.003197479337299272
5.531e-07,-0.0026349793704962717
5.532e-07,-0.0015646668372992717
5.533e-07,-0.0006349798372992719
5.534e-07,-0.0002834168372992719
5.535e-07,-0.0006349798372992719
5.536e-07,-0.001603729837299272
5.537e-07,-0.0026349793704962717
5.538e-07,-0.003103729337299272
5.539e-07,-0.0026349793704962717
5.54e-07,-0.0014787298372992718
5.541e-07,-0.0006349798372992719
5.542e-07,-0.0005724798372992719
5.543e-07,-0.0006349798372992719
5.544e-07,-0.000377166837299272
5.545e-07,-0.0006349798372992719
5.546e-07,-0.001791229337299272
5.547e-07,-0.0026349793704962717
5.548e-07,-0.0020177918372992717
5.549e-07,-0.0006349798372992719
5.55e-07,0.00037283316270072826
5.551e-07,0.0013650211627007284
5.552e-07,0.002630646162700728
5.553e-07,0.0033650211627007285
5.554e-07,0.002630646162700728
5.555e-07,0.0013650211627007284
5.556e-07,0.00037283316270072826
5.557e-07,-0.0006349798372992719
5.558e-07,-0.001955291837299272
5.559e-07,-0.0026349793704962717
5.56e-07,-0.0019084168372992718
5.561e-07,-0.0006349798372992719
5.562e-07,-0.00012716683729927175
5.563e-07,-0.0006349798372992719
5.564e-07,-0.0011584168372992718
5.565e-07,-0.0006349798372992719
5.566e-07,0.0007165831627007281
5.567e-07,0.0013650211627007284
5.568e-07,0.000544708162700728
5.569e-07,-0.0006349798372992719
5.57e-07,-0.0009240418372992718
5.571e-07,-0.0006349798372992719
5.572e-07,-0.001072479837299272
5.573e-07,-0.0026349793704962717
5.574e-07,-0.0038224798372992717
5.575e-07,-0.0026349793704962717
5.576e-07,0.0007634581627007282
5.577e-07,0.0033650211627007285
5.578e-07,0.002990021162700728
5.579e-07,0.0013650211627007284
5.58e-07,0.0008728331627007283
5.581e-07,0.0013650211627007284
5.582e-07,0.0009665831627007283
5.583e-07,-0.0006349798372992719
5.584e-07,-0.002228729337299272
5.585e-07,-0.0026349793704962717
5.586e-07,-0.0017287293372992719
5.587e-07,-0.0006349798372992719
5.588e-07,-0.0003146668372992719
5.589e-07,-0.0006349798372992719
5.59e-07,-0.0007990418372992719
5.591e-07,-0.0006349798372992719
5.592e-07,-4.122883729927194e-05
5.593e-07,0.0013650211627007284
5.594e-07,0.0030447081627007285
5.595e-07,0.0033650211627007285
5.596e-07,0.0014431461627007285
5.597e-07,-0.0006349798372992719
5.598e-07,-0.0011506048372992717
5.599e-07,-0.0006349798372992719
5.6e-07,-0.0004787298372992718
5.601e-07,-0.0006349798372992719
5.602e-07,-0.0005646668372992717
5.603e-07,-0.0006349798372992719
5.604e-07,-0.0014162298372992718
5.605e-07,-0.0026349793704962717
5.606e-07,-0.003158416837299272
5.607e-07,-0.0026349793704962717
5.608e-07,-0.0014631048372992718
5.609e-07,-0.0006349798372992719
5.61e-07,-0.0005959168372992717
5.611e-07,-0.0006349798372992719
5.612e-07,6.814616270072816e-05
5.613e-07,0.0013650211627007284
5.614e-07,0.0020759581627007285
5.615e-07,0.0013650211627007284
5.616e-07,-0.0007052918372992718
5.617e-07,-0.0026349793704962717
5.618e-07,-0.003236541837299272
5.619e-07,-0.0026349793704962717
5.62e-07,-0.0016271668372992718
5.621e-07,-0.0006349798372992719
5.622e-07,-1.7791837299271657e-05
5.623e-07,-0.0006349798372992719
5.624e-07,-0.002166229337299272
5.625e-07,-0.0026349793704962717
5.626e-07,-0.0013146668372992717
5.627e-07,-0.0006349798372992719
5.628e-07,-0.0019474793372992719
5.629e-07,-0.0026349793704962717
5.63e-07,-0.0007599798372992718
5.631e-07,0.0013650211627007284
5.632e-07,0.0009509581627007283
5.633e-07,-0.0006349798372992719
5.634e-07,-0.0009631048372992718
5.635e-07,-0.0006349798372992719
5.636e-07,-0.001353729837299272
5.637e-07,-0.0026349793704962717
5.638e-07,-0.0030646668372992718
5.639e-07,-0.0026349793704962717
5.64e-07,-0.001775604337299272
5.641e-07,-0.0006349798372992719
5.642e-07,0.0006775211627007283
5.643e-07,0.0013650211627007284
5.644e-07,0.0007947081627007282
5.645e-07,-0.0006349798372992719
5.646e-07,-0.0016584168372992718
5.647e-07,-0.0006349798372992719
5.648e-07,0.0018884581627007283
5.649e-07,0.0033650211627007285
5.65e-07,0.0023962711627007285
5.651e-07,0.0013650211627007284
5.652e-07,0.0016775211627007279
5.653e-07,0.0013650211627007284
5.654e-07,-0.0014787298372992718
5.655e-07,-0.0046349798372992725
5.656e-07,-0.004869354837299272
5.657e-07,-0.0026349793704962717
5.658e-07,-0.0007131048372992718
5.659e-07,-0.0006349798372992719
5.66e-07,-0.0017365418372992719
5.661e-07,-0.0026349793704962717
5.662e-07,-0.002181854337299272
5.663e-07,-0.0006349798372992719
5.664e-07,0.00044314616270072806
5.665e-07,-0.0006349798372992719
5.666e-07,-0.003244354337299272
5.667e-07,-0.0046349798372992725
5.668e-07,-0.003158416837299272
5.669e-07,-0.0006349798372992719
5.67e-07,0.0002947081627007282
5.671e-07,-0.0006349798372992719
5.672e-07,-0.0014865418372992719
5.673e-07,-0.0006349798372992719
5.674e-07,0.001591583162700728
5.675e-07,0.0033650211627007285
5.676e-07,0.0031306461627007283
5.677e-07,0.0013650211627007284
5.678e-07,-0.0003537288372992718
5.679e-07,-0.0006349798372992719
5.68e-07,0.0002947081627007282
5.681e-07,0.0013650211627007284
5.682e-07,0.001654083162700728
5.683e-07,0.0013650211627007284
5.684e-07,0.0011150211627007282
5.685e-07,0.0013650211627007284
5.686e-07,0.0016775211627007279
5.687e-07,0.0013650211627007284
5.688e-07,0.0003259581627007282
5.689e-07,-0.0006349798372992719
5.69e-07,-0.0008771668372992718
5.691e-07,-0.0006349798372992719
5.692e-07,-0.00048654183729927164
5.693e-07,-0.0006349798372992719
5.694e-07,-0.0007599798372992718
5.695e-07,-0.0006349798372992719
5.696e-07,-0.0004787298372992718
5.697e-07,-0.0006349798372992719
5.698e-07,-0.0009552918372992718
5.699e-07,-0.0006349798372992719
5.7e-07,0.0005134581627007284
5.701e-07,0.0013650211627007284
5.702e-07,0.0008259581627007282
5.703e-07,-0.0006349798372992719
5.704e-07,-0.0019865418372992717
5.705e-07,-0.0026349793704962717
5.706e-07,-0.0027131043672992718
5.707e-07,-0.0026349793704962717
5.708e-07,-0.002150604337299272
5.709e-07,-0.0006349798372992719
5.71e-07,0.0013025211627007284
5.711e-07,0.0013650211627007284
5.712e-07,-0.0009318548372992718
5.713e-07,-0.0026349793704962717
5.714e-07,-0.001752166837299272
5.715e-07,-0.0006349798372992719
5.716e-07,-0.001549041837299272
5.717e-07,-0.0026349793704962717
5.718e-07,-0.0013146668372992717
5.719e-07,0.0013650211627007284
5.72e-07,0.002435333162700728
5.721e-07,0.0013650211627007284
5.722e-07,-0.0002756038372992717
5.723e-07,-0.0006349798372992719
5.724e-07,0.000396271162700728
5.725e-07,0.0013650211627007284
5.726e-07,0.0008181461627007284
5.727e-07,-0.0006349798372992719
5.728e-07,-0.0019084168372992718
5.729e-07,-0.0026349793704962717
5.73e-07,-0.0029318543372992716
5.731e-07,-0.0026349793704962717
5.732e-07,-0.0015256048372992719
5.733e-07,-0.0006349798372992719
5.734e-07,-0.0009709168372992719
5.735e-07,-0.0026349793704962717
5.736e-07,-0.004353729837299272
5.737e-07,-0.0046349798372992725
5.738e-07,-0.002908416837299272
5.739e-07,-0.0006349798372992719
5.74e-07,0.0007634581627007282
5.741e-07,0.0013650211627007284
5.742e-07,0.001654083162700728
5.743e-07,0.0013650211627007284
5.744e-07,0.00020877116270072828
5.745e-07,-0.0006349798372992719
5.746e-07,-0.0005412298372992719
5.747e-07,-0.0006349798372992719
5.748e-07,-0.0013146668372992717
5.749e-07,-0.0006349798372992719
5.75e-07,0.001880646162700728
5.751e-07,0.0033650211627007285
5.752e-07,0.0017087711627007279
5.753e-07,-0.0006349798372992719
5.754e-07,-0.0005568548372992719
5.755e-07,0.0013650211627007284
5.756e-07,0.002357208162700728
5.757e-07,0.0013650211627007284
5.758e-07,-0.00034591683729927195
5.759e-07,-0.0006349798372992719
5.76e-07,0.0006306461627007282
5.761e-07,0.0013650211627007284
5.762e-07,0.0003259581627007282
5.763e-07,-0.0006349798372992719
5.764e-07,0.00023220816270072813
5.765e-07,0.0013650211627007284
5.766e-07,0.0007165831627007281
5.767e-07,-0.0006349798372992719
5.768e-07,-0.0009084168372992718
5.769e-07,-0.0006349798372992719
5.77e-07,-0.0007990418372992719
5.771e-07,-0.0006349798372992719
5.772e-07,0.0005212711627007281
5.773e-07,0.0013650211627007284
5.774e-07,0.0006306461627007282
5.775e-07,-0.0006349798372992719
5.776e-07,-0.0009943548372992718
5.777e-07,-0.0006349798372992719
5.778e-07,-0.0004787298372992718
5.779e-07,-0.0006349798372992719
5.78e-07,-0.0007131048372992718
5.781e-07,-0.0006349798372992719
5.782e-07,-0.0005724798372992719
5.783e-07,-0.0006349798372992719
5.784e-07,-0.0006115418372992718
5.785e-07,-0.0006349798372992719
5.786e-07,-0.0007052918372992718
5.787e-07,-0.0006349798372992719
5.788e-07,-0.0005099798372992718
5.789e-07,-0.0006349798372992719
5.79e-07,-0.00043966683729927203
5.791e-07,0.0013650211627007284
5.792e-07,0.0043415831627007274
5.793e-07,0.005365021162700727
5.794e-07,0.002716583162700728
5.795e-07,-0.0006349798372992719
5.796e-07,-0.0015412298372992719
5.797e-07,-0.0006349798372992719
5.798e-07,0.00021658316270072812
5.799e-07,0.0013650211627007284
5.8e-07,0.0034900211627007286
5.801e-07,0.005365021162700727
5.802e-07,0.005099396162700729
5.803e-07,0.0033650211627007285
5.804e-07,0.0018728331627007283
5.805e-07,0.0013650211627007284
5.806e-07,0.001450958162700728
5.807e-07,0.0013650211627007284
5.808e-07,0.000575958162700728
5.809e-07,-0.0006349798372992719
5.81e-07,-0.001322479837299272
5.811e-07,-0.0006349798372992719
5.812e-07,0.0013962711627007285
5.813e-07,0.0033650211627007285
5.814e-07,0.004036896162700728
5.815e-07,0.0033650211627007285
5.816e-07,0.0021853331627007286
5.817e-07,0.0013650211627007284
5.818e-07,0.0011618961627007283
5.819e-07,0.0013650211627007284
5.82e-07,0.001497833162700728
5.821e-07,0.0013650211627007284
5.822e-07,0.001091583162700728
5.823e-07,0.0013650211627007284
5.824e-07,0.0022868961627007284
5.825e-07,0.0033650211627007285
5.826e-07,0.0037634581627007282
5.827e-07,0.0033650211627007285
5.828e-07,0.0023962711627007285
5.829e-07,0.0013650211627007284
5.83e-07,0.00046658316270072834
5.831e-07,-0.0006349798372992719
5.832e-07,-0.001830291837299272
5.833e-07,-0.0026349793704962717
5.834e-07,-0.0026662293672992717
5.835e-07,-0.0026349793704962717
5.836e-07,-0.002283416837299272
5.837e-07,-0.0006349798372992719
5.838e-07,0.002599396162700728
5.839e-07,0.005365021162700727
5.84e-07,0.005404083162700728
5.841e-07,0.0033650211627007285
5.842e-07,0.0014040831627007279
5.843e-07,0.0013650211627007284
5.844e-07,0.002685333162700728
5.845e-07,0.0033650211627007285
5.846e-07,0.0018572081627007283
5.847e-07,-0.0006349798372992719
5.848e-07,-0.002283416837299272
5.849e-07,-0.0026349793704962717
5.85e-07,-0.0020334168372992717
5.851e-07,-0.0006349798372992719
5.852e-07,0.001044708162700728
5.853e-07,0.0013650211627007284
5.854e-07,6.033316270072798e-05
5.855e-07,-0.0006349798372992719
5.856e-07,0.0005837711627007282
5.857e-07,0.0013650211627007284
5.858e-07,-0.0002677918372992719
5.859e-07,-0.0026349793704962717
5.86e-07,-0.003267791837299272
5.861e-07,-0.0026349793704962717
5.862e-07,-0.0019162293372992718
5.863e-07,-0.0006349798372992719
5.864e-07,0.0016853331627007281
5.865e-07,0.0033650211627007285
5.866e-07,0.0027947081627007282
5.867e-07,0.0013650211627007284
5.868e-07,0.000880646162700728
5.869e-07,0.0013650211627007284
5.87e-07,0.001575958162700728
5.871e-07,0.0013650211627007284
5.872e-07,0.0006853331627007281
5.873e-07,-0.0006349798372992719
5.874e-07,-0.002213104337299272
5.875e-07,-0.0026349793704962717
5.876e-07,-0.0015412298372992719
5.877e-07,-0.0006349798372992719
5.878e-07,-0.0012443548372992718
5.879e-07,-0.0026349793704962717
5.88e-07,-0.0026584168672992717
5.881e-07,-0.0006349798372992719
5.882e-07,0.0017087711627007279
5.883e-07,0.0013650211627007284
5.884e-07,-0.001955291837299272
5.885e-07,-0.0046349798372992725
5.886e-07,-0.0036349798372992716
5.887e-07,-0.0006349798372992719
5.888e-07,0.0012087711627007283
5.889e-07,0.0013650211627007284
5.89e-07,0.0012009581627007281
5.891e-07,0.0013650211627007284
5.892e-07,0.0014587711627007285
5.893e-07,0.0013650211627007284
5.894e-07,0.0012556461627007283
5.895e-07,0.0013650211627007284
5.896e-07,0.0015212711627007286
5.897e-07,0.0013650211627007284
5.898e-07,0.0009587711627007281
5.899e-07,0.0013650211627007284
5.9e-07,0.002685333162700728
5.901e-07,0.0033650211627007285
5.902e-07,0.002404083162700728
5.903e-07,0.0013650211627007284
5.904e-07,0.0019197081627007283
5.905e-07,0.0033650211627007285
5.906e-07,0.003958771162700728
5.907e-07,0.0033650211627007285
5.908e-07,0.0022868961627007284
5.909e-07,0.0013650211627007284
5.91e-07,0.0009587711627007281
5.911e-07,0.0013650211627007284
5.912e-07,0.0024118961627007285
5.913e-07,0.0033650211627007285
5.914e-07,0.003630646162700728
5.915e-07,0.0033650211627007285
