-4.48e-08,-0.0026959370199897484
-4.47e-08,0.0011165609800102509
-4.46e-08,0.005304060980010251
-4.45e-08,0.004507190980010251
-4.44e-08,0.001304060980010251
-4.43e-08,0.00019469098001025087
-4.42e-08,0.001304060980010251
-4.41e-08,0.0018196909800102506
-4.4e-08,0.001304060980010251
-4.39e-08,0.0009915609800102507
-4.38e-08,0.001304060980010251
-4.37e-08,0.0005853109800102504
-4.36e-08,-0.0026959370199897484
-4.35e-08,-0.006695937019989749
-4.34e-08,-0.006695937019989749
-4.33e-08,-0.0007896870199897484
-4.32e-08,0.005304060980010251
-4.31e-08,0.0056634409800102505
-4.3e-08,0.001304060980010251
-4.29e-08,-0.00247718701998975
-4.28e-08,-0.0026959370199897484
-4.27e-08,-0.0004459390199897488
-4.26e-08,0.001304060980010251
-4.25e-08,0.001272810980010251
-4.24e-08,0.001304060980010251
-4.23e-08,0.0028821909800102515
-4.22e-08,0.005304060980010251
-4.21e-08,0.006163440980010251
-4.2e-08,0.005304060980010251
-4.19e-08,0.003397810980010251
-4.18e-08,0.001304060980010251
-4.17e-08,-0.0008678120199897485
-4.16e-08,-0.0026959370199897484
-4.15e-08,-0.003414687019989749
-4.14e-08,-0.0026959370199897484
-4.13e-08,-0.0016646870199897492
-4.12e-08,-0.0026959370199897484
-4.11e-08,-0.005586562019989749
-4.1e-08,-0.006695937019989749
-4.09e-08,-0.003414687019989749
-4.08e-08,0.001304060980010251
-4.07e-08,0.00319469098001025
-4.06e-08,0.001304060980010251
-4.05e-08,-0.0016803120199897492
-4.04e-08,-0.0026959370199897484
-4.03e-08,-0.0021178120199897496
-4.02e-08,-0.0026959370199897484
-4.01e-08,-0.005320937019989749
-4e-08,-0.006695937019989749
-3.99e-08,-0.0038365620199897494
-3.98e-08,0.001304060980010251
-3.97e-08,0.0037571909800102506
-3.96e-08,0.001304060980010251
-3.95e-08,-0.0036803120199897493
-3.94e-08,-0.006695937019989749
-3.93e-08,-0.005570937019989749
-3.92e-08,-0.0026959370199897484
-3.91e-08,-0.001414687019989749
-3.9e-08,-0.0026959370199897484
-3.89e-08,-0.0040084370199897496
-3.88e-08,-0.0026959370199897484
-3.87e-08,0.00033531098001025016
-3.86e-08,0.001304060980010251
-3.85e-08,-0.0010865620199897487
-3.84e-08,-0.0026959370199897484
-3.83e-08,0.00010094098001025079
-3.82e-08,0.005304060980010251
-3.81e-08,0.00774156098001025
-3.8e-08,0.005304060980010251
-3.79e-08,0.00041344098001025106
-3.78e-08,-0.0026959370199897484
-3.77e-08,-0.0027740620199897485
-3.76e-08,-0.0026959370199897484
-3.75e-08,-0.0037740620199897493
-3.74e-08,-0.0026959370199897484
-3.73e-08,0.00303844098001025
-3.72e-08,0.009304060980010251
-3.71e-08,0.010882190980010252
-3.7e-08,0.009304060980010251
-3.69e-08,0.00752281098001025
-3.68e-08,0.005304060980010251
-3.67e-08,0.0019603109800102516
-3.66e-08,0.001304060980010251
-3.65e-08,0.004132190980010251
-3.64e-08,0.005304060980010251
-3.63e-08,0.001210310980010251
-3.62e-08,-0.0026959370199897484
-3.61e-08,-0.001367812019989749
-3.6e-08,0.001304060980010251
-3.59e-08,0.00046031098001025027
-3.58e-08,-0.0026959370199897484
-3.57e-08,-0.0037271870199897493
-3.56e-08,-0.0026959370199897484
-3.55e-08,-0.0022115620199897497
-3.54e-08,-0.0026959370199897484
-3.53e-08,-0.0019928120199897495
-3.52e-08,0.001304060980010251
-3.51e-08,0.006147810980010252
-3.5e-08,0.009304060980010251
-3.49e-08,0.007444690980010252
-3.48e-08,0.001304060980010251
-3.47e-08,-0.0049459370199897495
-3.46e-08,-0.006695937019989749
-3.45e-08,-0.003227187019989749
-3.44e-08,0.001304060980010251
-3.43e-08,0.0028821909800102515
-3.42e-08,0.001304060980010251
-3.41e-08,-0.00018030901998974946
-3.4e-08,0.001304060980010251
-3.39e-08,0.0046478109800102505
-3.38e-08,0.005304060980010251
-3.37e-08,0.002382190980010251
-3.36e-08,0.001304060980010251
-3.35e-08,0.005147810980010251
-3.34e-08,0.009304060980010251
-3.33e-08,0.00833531098001025
-3.32e-08,0.005304060980010251
-3.31e-08,0.00452281098001025
-3.3e-08,0.005304060980010251
-3.29e-08,0.00408531098001025
-3.28e-08,0.001304060980010251
-3.27e-08,-0.00011780901998974941
-3.26e-08,0.001304060980010251
-3.25e-08,0.00319469098001025
-3.24e-08,0.001304060980010251
-3.23e-08,-0.00407093701998975
-3.22e-08,-0.006695937019989749
-3.21e-08,-0.0029459370199897495
-3.2e-08,0.001304060980010251
-3.19e-08,0.00041344098001025106
-3.18e-08,-0.0026959370199897484
-3.17e-08,-0.0021646870199897496
-3.16e-08,0.001304060980010251
-3.15e-08,0.0028978109800102507
-3.14e-08,0.001304060980010251
-3.13e-08,-0.001477187019989749
-3.12e-08,-0.0026959370199897484
-3.11e-08,-0.001445937019989749
-3.1e-08,0.001304060980010251
-3.09e-08,0.0028196909800102515
-3.08e-08,0.001304060980010251
-3.07e-08,-0.0027896870199897485
-3.06e-08,-0.006695937019989749
-3.05e-08,-0.00805531201998975
-3.04e-08,-0.006695937019989749
-3.03e-08,-0.004211562019989749
-3.02e-08,-0.0026959370199897484
-3.01e-08,-0.00257093701998975
-3e-08,-0.0026959370199897484
-2.99e-08,-0.00247718701998975
-2.98e-08,-0.0026959370199897484
-2.97e-08,-0.004289687019989749
-2.96e-08,-0.006695937019989749
-2.95e-08,-0.00796156201998975
-2.94e-08,-0.006695937019989749
-2.93e-08,-0.0039928120199897495
-2.92e-08,-0.0026959370199897484
-2.91e-08,-0.004180312019989749
-2.9e-08,-0.006695937019989749
-2.89e-08,-0.007586562019989749
-2.88e-08,-0.006695937019989749
-2.87e-08,-0.005680312019989749
-2.86e-08,-0.006695937019989749
-2.85e-08,-0.00835218701998975
-2.84e-08,-0.006695937019989749
-2.83e-08,-0.001508437019989749
-2.82e-08,0.001304060980010251
-2.81e-08,-0.0011803120199897488
-2.8e-08,-0.0026959370199897484
-2.79e-08,0.00122594098001025
-2.78e-08,0.005304060980010251
-2.77e-08,0.0028196909800102515
-2.76e-08,-0.0026959370199897484
-2.75e-08,-0.004617812019989749
-2.74e-08,-0.0026959370199897484
-2.73e-08,-0.001414687019989749
-2.72e-08,-0.0026959370199897484
-2.71e-08,-0.005164687019989749
-2.7e-08,-0.006695937019989749
-2.69e-08,-0.005758437019989749
-2.68e-08,-0.0026959370199897484
-2.67e-08,0.0004915609800102503
-2.66e-08,0.001304060980010251
-2.65e-08,-0.0005553090199897498
-2.64e-08,-0.0026959370199897484
-2.63e-08,-0.003274062019989749
-2.62e-08,-0.0026959370199897484
-2.61e-08,-0.00244593701998975
-2.6e-08,-0.0026959370199897484
-2.59e-08,-0.0027271870199897484
-2.58e-08,-0.0026959370199897484
-2.57e-08,-0.0029459370199897495
-2.56e-08,-0.0026959370199897484
-2.55e-08,-0.0020553120199897496
-2.54e-08,-0.0026959370199897484
-2.53e-08,-0.00407093701998975
-2.52e-08,-0.0026959370199897484
-2.51e-08,0.002163440980010251
-2.5e-08,0.005304060980010251
-2.49e-08,0.0024290609800102503
-2.48e-08,-0.0026959370199897484
-2.47e-08,-0.004524062019989749
-2.46e-08,-0.0026959370199897484
-2.45e-08,-0.0002271890199897486
-2.44e-08,0.001304060980010251
-2.43e-08,0.0017884409800102506
-2.42e-08,0.001304060980010251
-2.41e-08,-0.00047718901998974883
-2.4e-08,-0.0026959370199897484
-2.39e-08,-0.0038209370199897494
-2.38e-08,-0.0026959370199897484
-2.37e-08,-5.530901998974935e-05
-2.36e-08,0.001304060980010251
-2.35e-08,-0.00018030901998974946
-2.34e-08,-0.0026959370199897484
-2.33e-08,-0.003461562019989749
-2.32e-08,-0.0026959370199897484
-2.31e-08,-0.0021178120199897496
-2.3e-08,-0.0026959370199897484
-2.29e-08,-0.003399062019989749
-2.28e-08,-0.0026959370199897484
-2.27e-08,0.00033531098001025016
-2.26e-08,0.005304060980010251
-2.25e-08,0.00935094098001025
-2.24e-08,0.009304060980010251
-2.23e-08,0.004960310980010251
-2.22e-08,0.001304060980010251
-2.21e-08,0.0009915609800102507
-2.2e-08,0.001304060980010251
-2.19e-08,-0.0007428120199897484
-2.18e-08,-0.0026959370199897484
-2.17e-08,-0.001414687019989749
-2.16e-08,0.001304060980010251
-2.15e-08,0.00208531098001025
-2.14e-08,0.001304060980010251
-2.13e-08,0.0010540609800102508
-2.12e-08,0.001304060980010251
-2.11e-08,0.001272810980010251
-2.1e-08,0.001304060980010251
-2.09e-08,0.0016946909800102505
-2.08e-08,0.001304060980010251
-2.07e-08,-0.0006178090199897499
-2.06e-08,-0.0026959370199897484
-2.05e-08,-0.003336562019989749
-2.04e-08,-0.0026959370199897484
-2.03e-08,-0.0011178120199897487
-2.02e-08,0.001304060980010251
-2.01e-08,0.00414781098001025
-2e-08,0.005304060980010251
-1.99e-08,0.0035540609800102513
-1.98e-08,0.001304060980010251
-1.97e-08,0.0006790609800102505
-1.96e-08,0.001304060980010251
-1.95e-08,0.0024915609800102503
-1.94e-08,0.005304060980010251
-1.93e-08,0.00881969098001025
-1.92e-08,0.009304060980010251
-1.91e-08,0.004163440980010251
-1.9e-08,-0.0026959370199897484
-1.89e-08,-0.005555312019989749
-1.88e-08,-0.0026959370199897484
-1.87e-08,0.0025228109800102504
-1.86e-08,0.005304060980010251
-1.85e-08,0.0037728109800102515
-1.84e-08,0.001304060980010251
-1.83e-08,0.0007728109800102505
-1.82e-08,0.001304060980010251
-1.81e-08,0.00017906098001025002
-1.8e-08,-0.0026959370199897484
-1.79e-08,-0.005336562019989749
-1.78e-08,-0.006695937019989749
-1.77e-08,-0.006883437019989749
-1.76e-08,-0.006695937019989749
-1.75e-08,-0.006524062019989749
-1.74e-08,-0.006695937019989749
-1.73e-08,-0.006789687019989749
-1.72e-08,-0.006695937019989749
-1.71e-08,-0.005524062019989749
-1.7e-08,-0.0026959370199897484
-1.69e-08,0.0006478109800102504
-1.68e-08,0.001304060980010251
-1.67e-08,-0.0022271870199897497
-1.66e-08,-0.006695937019989749
-1.65e-08,-0.008430312019989748
-1.64e-08,-0.006695937019989749
-1.63e-08,-0.00403968701998975
-1.62e-08,-0.0026959370199897484
-1.61e-08,-0.0026803120199897484
-1.6e-08,-0.0026959370199897484
-1.59e-08,-0.0019146870199897494
-1.58e-08,-0.0026959370199897484
-1.57e-08,-0.00599281201998975
-1.56e-08,-0.01069593723185075
-1.55e-08,-0.012742812019989749
-1.54e-08,-0.01069593723185075
-1.53e-08,-0.004242812019989749
-1.52e-08,0.005304060980010251
-1.51e-08,0.014913440980010252
-1.5e-08,0.021304060980010253
-1.49e-08,0.022304060980010254
-1.48e-08,0.021304060980010253
-1.47e-08,0.01961656098001025
-1.46e-08,0.01730406098001025
-1.45e-08,0.01224156098001025
-1.44e-08,0.005304060980010251
-1.43e-08,-0.00047718901998974883
-1.42e-08,-0.0026959370199897484
-1.41e-08,-0.0018365620199897494
-1.4e-08,-0.0026959370199897484
-1.39e-08,-0.004758437019989749
-1.38e-08,-0.0026959370199897484
-1.37e-08,0.007944690980010249
-1.36e-08,0.021304060980010253
-1.35e-08,0.02983531098001025
-1.34e-08,0.03330406098001025
-1.33e-08,0.03419469098001025
-1.32e-08,0.03330406098001025
-1.31e-08,0.02846031098001025
-1.3e-08,0.021304060980010253
-1.29e-08,0.014038440980010251
-1.28e-08,0.009304060980010251
-1.27e-08,0.007569690980010252
-1.26e-08,0.009304060980010251
-1.25e-08,0.013913440980010251
-1.24e-08,0.021304060980010253
-1.23e-08,0.028866560980010253
-1.22e-08,0.03330406098001025
-1.21e-08,0.031600940980010254
-1.2e-08,0.02530406098001025
-1.19e-08,0.01716344098001025
-1.18e-08,0.009304060980010251
-1.17e-08,0.0015071909800102503
-1.16e-08,-0.006695937019989749
-1.15e-08,-0.013133437019989749
-1.14e-08,-0.014695937019989749
-1.13e-08,-0.00857093701998975
-1.12e-08,0.001304060980010251
-1.11e-08,0.009960310980010252
-1.1e-08,0.013304060980010251
-1.09e-08,0.01217906098001025
-1.08e-08,0.009304060980010251
-1.07e-08,0.00805406098001025
-1.06e-08,0.009304060980010251
-1.05e-08,0.010850940980010252
-1.04e-08,0.009304060980010251
-1.03e-08,0.004444690980010251
-1.02e-08,0.001304060980010251
-1.01e-08,0.0036946909800102505
-1e-08,0.009304060980010251
-9.9e-09,0.014257190980010251
-9.8e-09,0.01730406098001025
-9.7e-09,0.019460310980010248
-9.6e-09,0.021304060980010253
-9.5e-09,0.02177281098001025
-9.4e-09,0.021304060980010253
-9.3e-09,0.02053844098001025
-9.2e-09,0.021304060980010253
-9.1e-09,0.022288440980010253
-9e-09,0.021304060980010253
-8.9e-09,0.01691344098001025
-8.8e-09,0.013304060980010251
-8.7e-09,0.012897810980010251
-8.6e-09,0.013304060980010251
-8.5e-09,0.01174156098001025
-8.4e-09,0.009304060980010251
-8.3e-09,0.009147810980010251
-8.2e-09,0.009304060980010251
-8.1e-09,0.00805406098001025
-8e-09,0.005304060980010251
-7.9e-09,0.00405406098001025
-7.8e-09,0.005304060980010251
-7.7e-09,0.00988219098001025
-7.6e-09,0.01730406098001025
-7.5e-09,0.02574156098001025
-7.4e-09,0.03330406098001025
-7.3e-09,0.036085310980010256
-7.2e-09,0.03330406098001025
-7.1e-09,0.025960310980010254
-7e-09,0.021304060980010253
-6.9e-09,0.02021031098001025
-6.8e-09,0.01730406098001025
-6.7e-09,0.00888219098001025
-6.6e-09,0.001304060980010251
-6.5e-09,0.0006790609800102505
-6.4e-09,0.001304060980010251
-6.3e-09,-0.0016021870199897491
-6.2e-09,-0.006695937019989749
-6.1e-09,-0.005664687019989749
-6e-09,0.001304060980010251
-5.9e-09,0.010241560980010252
-5.8e-09,0.01730406098001025
-5.7e-09,0.02233531098001025
-5.6e-09,0.029304060980010253
-5.5e-09,0.03778844098001025
-5.4e-09,0.045304060980010254
-5.3e-09,0.043507190980010255
-5.2e-09,0.03330406098001025
-5.1e-09,0.01663219098001025
-5e-09,0.001304060980010251
-4.9e-09,-0.00958656201998975
-4.8e-09,-0.014695937019989749
-4.7e-09,-0.01746156201998975
-4.6e-09,-0.02269593901998975
-4.5e-09,-0.029414689019989747
-4.4e-09,-0.03469593901998975
-4.3e-09,-0.03349280901998975
-4.2e-09,-0.03069593901998975
-4.1e-09,-0.029664689019989747
-4e-09,-0.03469593901998975
-3.9e-09,-0.03868030901998975
-3.8e-09,-0.03469593901998975
-3.7e-09,-0.02021156201998975
-3.6e-09,-0.006695937019989749
-3.5e-09,-0.0021646870199897496
-3.4e-09,-0.0026959370199897484
-3.3e-09,-0.00038343901998974875
-3.2e-09,0.005304060980010251
-3.1e-09,0.00966344098001025
-3e-09,0.013304060980010251
-2.9e-09,0.01722594098001025
-2.8e-09,0.021304060980010253
-2.7e-09,0.022100940980010253
-2.6e-09,0.021304060980010253
-2.5e-09,0.019522810980010248
-2.4e-09,0.01730406098001025
-2.3e-09,0.014663440980010252
-2.2e-09,0.013304060980010251
-2.1e-09,0.01363219098001025
-2e-09,0.013304060980010251
-1.9e-09,0.01217906098001025
-1.8e-09,0.013304060980010251
-1.7e-09,0.01897594098001025
-1.6e-09,0.02530406098001025
-1.5e-09,0.028132190980010255
-1.4e-09,0.029304060980010253
-1.3e-09,0.03094469098001025
-1.2e-09,0.03330406098001025
-1.1e-09,0.03349156098001025
-1e-09,0.03330406098001025
-9e-10,0.032350940980010255
-8e-10,0.029304060980010253
-7e-10,0.02219469098001025
-6e-10,0.013304060980010251
-5e-10,0.006507190980010251
-4e-10,0.001304060980010251
-3e-10,-0.0012428120199897488
-2e-10,-0.0026959370199897484
-1e-10,-8.655901998974938e-05
0.0,0.005304060980010251
1e-10,0.014616560980010252
2e-10,0.02530406098001025
3e-10,0.03725719098001025
4e-10,0.04930406098001025
5e-10,0.05936656098001025
6e-10,0.06530406098001025
7e-10,0.06453844098001026
8e-10,0.06130406098001025
9e-10,0.05774156098001025
1e-09,0.05730406098001026
1.1e-09,0.05725719098001025
1.2e-09,0.05730406098001026
1.3e-09,0.05521031098001025
1.4e-09,0.053304060980010254
1.5e-09,0.051444690980010255
1.6e-09,0.04930406098001025
1.7e-09,0.04560094098001025
1.8e-09,0.04130406098001025
1.9e-09,0.03744469098001025
2e-09,0.03330406098001025
2.1e-09,0.028866560980010253
2.2e-09,0.02530406098001025
2.3e-09,0.024772810980010253
2.4e-09,0.02530406098001025
2.5e-09,0.02574156098001025
2.6e-09,0.02530406098001025
2.7e-09,0.025007190980010252
2.8e-09,0.02530406098001025
2.9e-09,0.026382190980010253
3e-09,0.029304060980010253
3.1e-09,0.03305406098001025
3.2e-09,0.037304060980010254
3.3e-09,0.03744469098001025
3.4e-09,0.03330406098001025
3.5e-09,0.02356969098001025
3.6e-09,0.013304060980010251
3.7e-09,0.0045540609800102504
3.8e-09,-0.0026959370199897484
3.9e-09,-0.01114906221998975
4e-09,-0.02269593901998975
4.1e-09,-0.03516468901998975
4.2e-09,-0.046695939019989745
4.3e-09,-0.051727189019989746
4.4e-09,-0.05069593901998975
4.5e-09,-0.042914689019989745
4.6e-09,-0.03469593901998975
4.7e-09,-0.027930309019989746
4.8e-09,-0.02269593901998975
4.9e-09,-0.018133437019989748
5e-09,-0.014695937019989749
5.1e-09,-0.014352187019989748
5.2e-09,-0.014695937019989749
5.3e-09,-0.01638343701998975
5.4e-09,-0.01869593701998975
5.5e-09,-0.02660218901998975
5.6e-09,-0.03869593901998975
5.7e-09,-0.053024059019989744
5.8e-09,-0.06269593901998975
5.9e-09,-0.06614905901998976
6e-09,-0.06669593901998976
6.1e-09,-0.07050843901998975
6.2e-09,-0.07869593901998975
6.3e-09,-0.08810218901998974
6.4e-09,-0.09469593901998975
6.5e-09,-0.09832093901998974
6.6e-09,-0.10269593901998975
6.7e-09,-0.11114903901998975
6.8e-09,-0.12269593901998975
6.9e-09,-0.13260223901998974
7e-09,-0.13869593901998975
7.1e-09,-0.14150843901998975
7.2e-09,-0.14669593901998976
7.3e-09,-0.15525843901998976
7.4e-09,-0.16669593901998975
7.5e-09,-0.17346153901998976
7.6e-09,-0.17469593901998975
7.7e-09,-0.16858653901998974
7.8e-09,-0.16269593901998974
7.9e-09,-0.15752403901998974
8e-09,-0.15469593901998974
8.1e-09,-0.14916473901998975
8.2e-09,-0.14269593901998975
8.3e-09,-0.13341473901998976
8.4e-09,-0.12269593901998975
8.5e-09,-0.10974280901998974
8.6e-09,-0.09869593901998974
8.7e-09,-0.09069593901998975
8.8e-09,-0.08269593901998974
8.9e-09,-0.07144593901998975
9e-09,-0.05869593901998975
9.1e-09,-0.047820939019989746
9.2e-09,-0.03869593901998975
9.3e-09,-0.03141468901998975
9.4e-09,-0.026695939019989748
9.5e-09,-0.02441468901998975
9.6e-09,-0.01869593701998975
9.7e-09,-0.007695937019989749
9.8e-09,0.005304060980010251
9.9e-09,0.013913440980010251
1e-08,0.021304060980010253
1.01e-08,0.028600940980010252
1.02e-08,0.037304060980010254
1.03e-08,0.04122594098001025
1.04e-08,0.04130406098001025
1.05e-08,0.03580406098001025
1.06e-08,0.029304060980010253
1.07e-08,0.02071031098001025
1.08e-08,0.013304060980010251
1.09e-08,0.00516344098001025
1.1e-08,-0.0026959370199897484
1.11e-08,-0.010258437219989749
1.12e-08,-0.014695937019989749
1.13e-08,-0.01728968701998975
1.14e-08,-0.02269593901998975
1.15e-08,-0.03233655901998975
1.16e-08,-0.04269593901998975
1.17e-08,-0.04791468901998975
1.18e-08,-0.05069593901998975
1.19e-08,-0.05472718901998975
1.2e-08,-0.06269593901998975
1.21e-08,-0.06944593901998974
1.22e-08,-0.07069593901998975
1.23e-08,-0.06352405901998975
1.24e-08,-0.054695939019989745
1.25e-08,-0.04960218901998975
1.26e-08,-0.05069593901998975
1.27e-08,-0.054399059019989746
1.28e-08,-0.05869593901998975
1.29e-08,-0.06069593901998975
1.3e-08,-0.05869593901998975
1.31e-08,-0.05255530901998975
1.32e-08,-0.046695939019989745
1.33e-08,-0.04283655901998975
1.34e-08,-0.03869593901998975
1.35e-08,-0.03214905901998975
1.36e-08,-0.026695939019989748
1.37e-08,-0.026133439019989747
1.38e-08,-0.03069593901998975
1.39e-08,-0.03405530901998975
1.4e-08,-0.03069593901998975
1.41e-08,-0.020289687019989747
1.42e-08,-0.01069593723185075
1.43e-08,-0.00608656201998975
1.44e-08,-0.0026959370199897484
1.45e-08,0.005725940980010251
1.46e-08,0.01730406098001025
1.47e-08,0.026069690980010253
1.48e-08,0.029304060980010253
1.49e-08,0.02981969098001025
1.5e-08,0.03330406098001025
1.51e-08,0.040788440980010256
1.52e-08,0.04930406098001025
1.53e-08,0.05424156098001025
1.54e-08,0.05730406098001026
1.55e-08,0.06053844098001025
1.56e-08,0.06530406098001025
1.57e-08,0.06830406098001025
1.58e-08,0.06930406098001025
1.59e-08,0.06835094098001025
1.6e-08,0.06930406098001025
1.61e-08,0.07144469098001026
1.62e-08,0.07330406098001026
1.63e-08,0.07150719098001025
1.64e-08,0.06930406098001025
1.65e-08,0.06756969098001026
1.66e-08,0.06530406098001025
1.67e-08,0.059632190980010255
1.68e-08,0.053304060980010254
1.69e-08,0.048475940980010256
1.7e-08,0.045304060980010254
1.71e-08,0.04135094098001025
1.72e-08,0.037304060980010254
1.73e-08,0.03442906098001025
1.74e-08,0.03330406098001025
1.75e-08,0.03202281098001025
1.76e-08,0.029304060980010253
1.77e-08,0.023054060980010255
1.78e-08,0.013304060980010251
1.79e-08,0.00303844098001025
1.8e-08,-0.0026959370199897484
1.81e-08,-0.003383437019989749
1.82e-08,-0.006695937019989749
1.83e-08,-0.016117812019989748
1.84e-08,-0.026695939019989748
1.85e-08,-0.03032093901998975
1.86e-08,-0.03069593901998975
1.87e-08,-0.030414689019989748
1.88e-08,-0.03069593901998975
1.89e-08,-0.02666468901998975
1.9e-08,-0.02269593901998975
1.91e-08,-0.020086562019989748
1.92e-08,-0.01869593701998975
1.93e-08,-0.01383656201998975
1.94e-08,-0.006695937019989749
1.95e-08,0.0024915609800102503
1.96e-08,0.013304060980010251
1.97e-08,0.024663440980010255
1.98e-08,0.03330406098001025
1.99e-08,0.03641344098001025
2e-08,0.037304060980010254
2.01e-08,0.038600940980010254
2.02e-08,0.04130406098001025
2.03e-08,0.04335094098001025
2.04e-08,0.045304060980010254
2.05e-08,0.047179060980010255
2.06e-08,0.04930406098001025
2.07e-08,0.051132190980010254
2.08e-08,0.053304060980010254
2.09e-08,0.05686656098001025
2.1e-08,0.06130406098001025
2.11e-08,0.06597594098001025
2.12e-08,0.06930406098001025
2.13e-08,0.07136656098001025
2.14e-08,0.07330406098001026
2.15e-08,0.07666344098001025
2.16e-08,0.08130406098001025
2.17e-08,0.08663219098001025
2.18e-08,0.09330406098001025
2.19e-08,0.09985096098001026
2.2e-08,0.10530406098001026
2.21e-08,0.10721036098001026
2.22e-08,0.10930406098001025
2.23e-08,0.11116346098001026
2.24e-08,0.11330406098001025
2.25e-08,0.11075716098001025
2.26e-08,0.10530406098001026
2.27e-08,0.09674156098001026
2.28e-08,0.08930406098001026
2.29e-08,0.08146031098001025
2.3e-08,0.07330406098001026
2.31e-08,0.06311656098001026
2.32e-08,0.053304060980010254
2.33e-08,0.04606969098001025
2.34e-08,0.04130406098001025
2.35e-08,0.03689781098001025
2.36e-08,0.029304060980010253
2.37e-08,0.019460310980010248
2.38e-08,0.009304060980010251
2.39e-08,0.0037728109800102515
2.4e-08,0.001304060980010251
2.41e-08,0.0015696909800102504
2.42e-08,0.001304060980010251
2.43e-08,0.0014290609800102511
2.44e-08,0.001304060980010251
2.45e-08,0.0026790609800102505
2.46e-08,0.005304060980010251
2.47e-08,0.00969469098001025
2.48e-08,0.013304060980010251
2.49e-08,0.01483531098001025
2.5e-08,0.013304060980010251
2.51e-08,0.009741560980010252
2.52e-08,0.005304060980010251
2.53e-08,0.0028821909800102515
2.54e-08,0.005304060980010251
2.55e-08,0.01294469098001025
2.56e-08,0.021304060980010253
2.57e-08,0.02736656098001025
2.58e-08,0.03330406098001025
2.59e-08,0.03933531098001025
2.6e-08,0.04130406098001025
2.61e-08,0.03586656098001025
2.62e-08,0.029304060980010253
2.63e-08,0.02730406098001025
2.64e-08,0.029304060980010253
2.65e-08,0.029929060980010254
2.66e-08,0.029304060980010253
2.67e-08,0.02877281098001025
2.68e-08,0.029304060980010253
2.69e-08,0.02950719098001025
2.7e-08,0.029304060980010253
2.71e-08,0.02810094098001025
2.72e-08,0.02530406098001025
2.73e-08,0.020991560980010253
2.74e-08,0.01730406098001025
2.75e-08,0.015007190980010252
2.76e-08,0.013304060980010251
2.77e-08,0.011007190980010252
2.78e-08,0.009304060980010251
2.79e-08,0.00878844098001025
2.8e-08,0.009304060980010251
2.81e-08,0.00855406098001025
2.82e-08,0.005304060980010251
2.83e-08,0.0004759409800102511
2.84e-08,-0.0026959370199897484
2.85e-08,-0.0049303120199897495
2.86e-08,-0.01069593723185075
2.87e-08,-0.021680309019989748
2.88e-08,-0.03069593901998975
2.89e-08,-0.031649059019989746
2.9e-08,-0.026695939019989748
2.91e-08,-0.02402405901998975
2.92e-08,-0.026695939019989748
2.93e-08,-0.03335218901998975
2.94e-08,-0.03869593901998975
2.95e-08,-0.04321155901998975
2.96e-08,-0.05069593901998975
2.97e-08,-0.06399280901998976
2.98e-08,-0.07869593901998975
2.99e-08,-0.08866468901998975
3e-08,-0.09469593901998975
3.01e-08,-0.09983655901998975
3.02e-08,-0.10669593901998975
3.03e-08,-0.11171153901998974
3.04e-08,-0.11469593901998974
3.05e-08,-0.11238343901998975
3.06e-08,-0.10669593901998975
3.07e-08,-0.09980530901998974
3.08e-08,-0.09869593901998974
3.09e-08,-0.10313343901998975
3.1e-08,-0.10669593901998975
3.11e-08,-0.10374280901998975
3.12e-08,-0.09869593901998974
3.13e-08,-0.09718030901998975
3.14e-08,-0.09869593901998974
3.15e-08,-0.09933655901998975
3.16e-08,-0.09869593901998974
3.17e-08,-0.09847718901998975
3.18e-08,-0.09869593901998974
3.19e-08,-0.09749280901998975
3.2e-08,-0.09469593901998975
3.21e-08,-0.09058655901998974
3.22e-08,-0.08669593901998975
3.23e-08,-0.08400843901998975
3.24e-08,-0.08269593901998974
3.25e-08,-0.08250843901998975
3.26e-08,-0.08269593901998974
3.27e-08,-0.08203968901998974
3.28e-08,-0.07869593901998975
3.29e-08,-0.07277405901998975
3.3e-08,-0.06669593901998976
3.31e-08,-0.06439905901998975
3.32e-08,-0.06669593901998976
3.33e-08,-0.07158655901998975
3.34e-08,-0.07469593901998975
3.35e-08,-0.07393030901998975
3.36e-08,-0.07069593901998975
3.37e-08,-0.06814905901998976
3.38e-08,-0.06669593901998976
3.39e-08,-0.06555530901998975
3.4e-08,-0.06269593901998975
3.41e-08,-0.05939905901998975
3.42e-08,-0.05869593901998975
3.43e-08,-0.062024059019989745
3.44e-08,-0.06669593901998976
3.45e-08,-0.07032093901998974
3.46e-08,-0.07469593901998975
3.47e-08,-0.08030530901998975
3.48e-08,-0.08269593901998974
3.49e-08,-0.07822718901998975
3.5e-08,-0.07069593901998975
3.51e-08,-0.06461780901998974
3.52e-08,-0.05869593901998975
3.53e-08,-0.05300843901998975
3.54e-08,-0.05069593901998975
3.55e-08,-0.05677405901998975
3.56e-08,-0.06669593901998976
3.57e-08,-0.07513343901998974
3.58e-08,-0.07869593901998975
3.59e-08,-0.08086780901998974
3.6e-08,-0.08669593901998975
3.61e-08,-0.09675843901998975
3.62e-08,-0.10669593901998975
3.63e-08,-0.11022718901998975
3.64e-08,-0.11069593901998975
3.65e-08,-0.10885218901998975
3.66e-08,-0.10669593901998975
3.67e-08,-0.09964905901998974
3.68e-08,-0.09069593901998975
3.69e-08,-0.08121155901998975
3.7e-08,-0.07469593901998975
3.71e-08,-0.06900843901998975
3.72e-08,-0.06269593901998975
3.73e-08,-0.054258439019989745
3.74e-08,-0.046695939019989745
3.75e-08,-0.042055309019989745
3.76e-08,-0.03869593901998975
3.77e-08,-0.03378968901998975
3.78e-08,-0.026695939019989748
3.79e-08,-0.018774062019989747
3.8e-08,-0.01069593723185075
3.81e-08,-0.0027584370199897484
3.82e-08,0.005304060980010251
3.83e-08,0.01203844098001025
3.84e-08,0.01730406098001025
3.85e-08,0.020444690980010248
3.86e-08,0.02530406098001025
3.87e-08,0.03125719098001025
3.88e-08,0.037304060980010254
3.89e-08,0.03925719098001025
3.9e-08,0.04130406098001025
3.91e-08,0.04247594098001025
3.92e-08,0.04130406098001025
3.93e-08,0.03366344098001025
3.94e-08,0.02530406098001025
3.95e-08,0.01922594098001025
3.96e-08,0.013304060980010251
3.97e-08,0.004741560980010251
3.98e-08,-0.0026959370199897484
3.99e-08,-0.005367812019989749
4e-08,-0.006695937019989749
4.01e-08,-0.00941468701998975
4.02e-08,-0.01069593723185075
4.03e-08,-0.006227187019989749
4.04e-08,0.001304060980010251
4.05e-08,0.00506969098001025
4.06e-08,0.001304060980010251
4.07e-08,-0.00866468701998975
4.08e-08,-0.01869593701998975
4.09e-08,-0.02528968901998975
4.1e-08,-0.03069593901998975
4.11e-08,-0.03707093901998975
4.12e-08,-0.04269593901998975
4.13e-08,-0.043555309019989746
4.14e-08,-0.04269593901998975
4.15e-08,-0.04105530901998975
4.16e-08,-0.03869593901998975
4.17e-08,-0.03321155901998975
4.18e-08,-0.03069593901998975
4.19e-08,-0.03128968901998975
4.2e-08,-0.03069593901998975
4.21e-08,-0.02328968901998975
4.22e-08,-0.014695937019989749
4.23e-08,-0.00968031201998975
4.24e-08,-0.006695937019989749
4.25e-08,-0.00038343901998974875
4.26e-08,0.009304060980010251
4.27e-08,0.018647810980010247
4.28e-08,0.02530406098001025
4.29e-08,0.029319690980010256
4.3e-08,0.03330406098001025
4.31e-08,0.03741344098001025
4.32e-08,0.04130406098001025
4.33e-08,0.04311656098001025
4.34e-08,0.045304060980010254
4.35e-08,0.048788440980010256
4.36e-08,0.053304060980010254
4.37e-08,0.055897810980010246
4.38e-08,0.05730406098001026
4.39e-08,0.05763219098001025
4.4e-08,0.05730406098001026
4.41e-08,0.056350940980010256
4.42e-08,0.05730406098001026
4.43e-08,0.06003844098001025
4.44e-08,0.06130406098001025
4.45e-08,0.05927281098001025
4.46e-08,0.05730406098001026
4.47e-08,0.05864781098001025
4.48e-08,0.06130406098001025
4.49e-08,0.062163440980010254
4.5e-08,0.06130406098001025
4.51e-08,0.061991560980010255
4.52e-08,0.06530406098001025
4.53e-08,0.06999156098001025
4.54e-08,0.07330406098001026
4.55e-08,0.07400719098001025
4.56e-08,0.07330406098001026
4.57e-08,0.07392906098001026
4.58e-08,0.07730406098001025
4.59e-08,0.08203844098001026
4.6e-08,0.08530406098001025
4.61e-08,0.08577281098001026
4.62e-08,0.08530406098001025
4.63e-08,0.08625719098001025
4.64e-08,0.08930406098001026
4.65e-08,0.09228846098001026
4.66e-08,0.09330406098001025
4.67e-08,0.09239786098001025
4.68e-08,0.09330406098001025
4.69e-08,0.09700716098001025
4.7e-08,0.10130406098001025
4.71e-08,0.10235096098001026
4.72e-08,0.10130406098001025
4.73e-08,0.09952286098001026
4.74e-08,0.09730406098001025
4.75e-08,0.09352286098001025
4.76e-08,0.08930406098001026
4.77e-08,0.08658531098001025
4.78e-08,0.08530406098001025
4.79e-08,0.08527281098001026
4.8e-08,0.08530406098001025
4.81e-08,0.08661656098001025
4.82e-08,0.08930406098001026
4.83e-08,0.09394466098001025
4.84e-08,0.09730406098001025
4.85e-08,0.09911656098001025
4.86e-08,0.10130406098001025
4.87e-08,0.10561656098001025
4.88e-08,0.10930406098001025
4.89e-08,0.11088216098001025
4.9e-08,0.11330406098001025
4.91e-08,0.11891346098001027
4.92e-08,0.12530406098001026
4.93e-08,0.12746036098001026
4.94e-08,0.12530406098001026
4.95e-08,0.12283536098001024
4.96e-08,0.12530406098001026
4.97e-08,0.13197596098001024
4.98e-08,0.13730406098001025
4.99e-08,0.13638216098001024
5e-08,0.13330406098001024
5.01e-08,0.13322596098001024
5.02e-08,0.13730406098001025
5.03e-08,0.14071036098001025
5.04e-08,0.14130406098001025
5.05e-08,0.13785096098001026
5.06e-08,0.13330406098001024
5.07e-08,0.12933536098001025
5.08e-08,0.12930406098001027
5.09e-08,0.13028846098001026
5.1e-08,0.12930406098001027
5.11e-08,0.12233536098001024
5.12e-08,0.11330406098001025
5.13e-08,0.10531966098001025
5.14e-08,0.10130406098001025
5.15e-08,0.09746036098001025
5.16e-08,0.08930406098001026
5.17e-08,0.07531969098001025
5.18e-08,0.06130406098001025
5.19e-08,0.052069690980010255
5.2e-08,0.045304060980010254
5.21e-08,0.038663440980010254
5.22e-08,0.03330406098001025
5.23e-08,0.03188219098001025
5.24e-08,0.029304060980010253
5.25e-08,0.023429060980010255
5.26e-08,0.01730406098001025
5.27e-08,0.01549156098001025
5.28e-08,0.013304060980010251
5.29e-08,0.007538440980010252
5.3e-08,0.001304060980010251
5.31e-08,-0.00019593901998974858
5.32e-08,0.001304060980010251
5.33e-08,0.0019915609800102516
5.34e-08,0.001304060980010251
5.35e-08,-5.530901998974935e-05
5.36e-08,-0.0026959370199897484
5.37e-08,-0.00821156201998975
5.38e-08,-0.014695937019989749
5.39e-08,-0.020024062019989748
5.4e-08,-0.02269593901998975
5.41e-08,-0.02414905901998975
5.42e-08,-0.026695939019989748
5.43e-08,-0.03180530901998975
5.44e-08,-0.03869593901998975
5.45e-08,-0.045211559019989744
5.46e-08,-0.05069593901998975
5.47e-08,-0.054711559019989746
5.48e-08,-0.05869593901998975
5.49e-08,-0.06063343901998975
5.5e-08,-0.05869593901998975
5.51e-08,-0.05330530901998975
5.52e-08,-0.05069593901998975
5.53e-08,-0.053945939019989744
5.54e-08,-0.05869593901998975
5.55e-08,-0.05968030901998975
5.56e-08,-0.05869593901998975
5.57e-08,-0.05982093901998975
5.58e-08,-0.06269593901998975
5.59e-08,-0.06514905901998976
5.6e-08,-0.06669593901998976
5.61e-08,-0.06863343901998975
5.62e-08,-0.07069593901998975
5.63e-08,-0.07157093901998975
5.64e-08,-0.07069593901998975
5.65e-08,-0.06950843901998975
5.66e-08,-0.07069593901998975
5.67e-08,-0.07474280901998975
5.68e-08,-0.07869593901998975
5.69e-08,-0.07958655901998975
5.7e-08,-0.07869593901998975
5.71e-08,-0.07924280901998974
5.72e-08,-0.08269593901998974
5.73e-08,-0.08639905901998975
5.74e-08,-0.08669593901998975
5.75e-08,-0.08272718901998975
5.76e-08,-0.07869593901998975
5.77e-08,-0.07878968901998974
5.78e-08,-0.08269593901998974
5.79e-08,-0.08646155901998975
5.8e-08,-0.08669593901998975
5.81e-08,-0.08400843901998975
5.82e-08,-0.08269593901998974
5.83e-08,-0.08441468901998975
5.84e-08,-0.08669593901998975
5.85e-08,-0.08666468901998975
5.86e-08,-0.08669593901998975
5.87e-08,-0.08849280901998975
5.88e-08,-0.09069593901998975
5.89e-08,-0.08849280901998975
5.9e-08,-0.08269593901998974
5.91e-08,-0.07561780901998975
5.92e-08,-0.07069593901998975
5.93e-08,-0.06802405901998976
5.94e-08,-0.06669593901998976
5.95e-08,-0.06400843901998975
5.96e-08,-0.05869593901998975
5.97e-08,-0.05194593901998975
5.98e-08,-0.046695939019989745
5.99e-08,-0.04444593901998975
6e-08,-0.04269593901998975
6.01e-08,-0.03928968901998975
6.02e-08,-0.03469593901998975
6.03e-08,-0.03157093901998975
6.04e-08,-0.03069593901998975
6.05e-08,-0.031149059019989753
6.06e-08,-0.03069593901998975
6.07e-08,-0.028164689019989753
6.08e-08,-0.02269593901998975
6.09e-08,-0.016180312019989748
6.1e-08,-0.01069593723185075
6.11e-08,-0.00814906201998975
6.12e-08,-0.006695937019989749
6.13e-08,-0.006149062019989749
6.14e-08,-0.006695937019989749
6.15e-08,-0.010102187219989749
6.16e-08,-0.014695937019989749
6.17e-08,-0.01825843701998975
6.18e-08,-0.01869593701998975
6.19e-08,-0.01683656201998975
6.2e-08,-0.014695937019989749
6.21e-08,-0.01421156201998975
6.22e-08,-0.014695937019989749
6.23e-08,-0.015164687019989749
6.24e-08,-0.014695937019989749
6.25e-08,-0.01436781201998975
6.26e-08,-0.014695937019989749
6.27e-08,-0.01652406201998975
6.28e-08,-0.01869593701998975
6.29e-08,-0.022242809019989748
6.3e-08,-0.026695939019989748
6.31e-08,-0.03302405901998975
6.32e-08,-0.03869593901998975
6.33e-08,-0.04219593901998975
6.34e-08,-0.04269593901998975
6.35e-08,-0.043117809019989746
6.36e-08,-0.046695939019989745
6.37e-08,-0.05530530901998975
6.38e-08,-0.06669593901998976
6.39e-08,-0.07643030901998975
6.4e-08,-0.08269593901998974
6.41e-08,-0.08510218901998974
6.42e-08,-0.08669593901998975
6.43e-08,-0.08824280901998975
6.44e-08,-0.09069593901998975
6.45e-08,-0.09166468901998975
6.46e-08,-0.09069593901998975
6.47e-08,-0.08760218901998974
6.48e-08,-0.08669593901998975
6.49e-08,-0.08843030901998974
6.5e-08,-0.09069593901998975
6.51e-08,-0.09071155901998974
6.52e-08,-0.09069593901998975
6.53e-08,-0.09143030901998975
6.54e-08,-0.09069593901998975
6.55e-08,-0.08530530901998974
6.56e-08,-0.07869593901998975
6.57e-08,-0.07491468901998975
6.58e-08,-0.07469593901998975
6.59e-08,-0.07513343901998974
6.6e-08,-0.07469593901998975
6.61e-08,-0.07185218901998976
6.62e-08,-0.06669593901998976
6.63e-08,-0.06005530901998975
6.64e-08,-0.054695939019989745
6.65e-08,-0.05193030901998975
6.66e-08,-0.05069593901998975
6.67e-08,-0.04814905901998975
6.68e-08,-0.04269593901998975
6.69e-08,-0.03564905901998975
6.7e-08,-0.03069593901998975
6.71e-08,-0.02914905901998975
6.72e-08,-0.026695939019989748
6.73e-08,-0.02100843901998975
6.74e-08,-0.014695937019989749
6.75e-08,-0.01182093701998975
6.76e-08,-0.01069593723185075
6.77e-08,-0.008789687019989749
6.78e-08,-0.006695937019989749
6.79e-08,-0.006258437019989749
6.8e-08,-0.006695937019989749
6.81e-08,-0.005492812019989749
6.82e-08,-0.0026959370199897484
6.83e-08,0.00128844098001025
6.84e-08,0.005304060980010251
6.85e-08,0.010554060980010252
6.86e-08,0.01730406098001025
6.87e-08,0.025460310980010253
6.88e-08,0.03330406098001025
6.89e-08,0.03846031098001025
6.9e-08,0.04130406098001025
6.91e-08,0.043647810980010256
6.92e-08,0.04930406098001025
6.93e-08,0.05646031098001025
6.94e-08,0.06130406098001025
6.95e-08,0.059085310980010255
6.96e-08,0.053304060980010254
6.97e-08,0.04883531098001025
6.98e-08,0.04930406098001025
6.99e-08,0.05242906098001025
7e-08,0.053304060980010254
7.01e-08,0.050897810980010255
7.02e-08,0.04930406098001025
7.03e-08,0.05253844098001026
7.04e-08,0.05730406098001026
7.05e-08,0.06002281098001025
7.06e-08,0.06130406098001025
7.07e-08,0.06458531098001025
7.08e-08,0.06930406098001025
7.09e-08,0.07350719098001025
7.1e-08,0.07730406098001025
7.11e-08,0.08028844098001026
7.12e-08,0.08130406098001025
7.13e-08,0.07930406098001025
7.14e-08,0.07730406098001025
7.15e-08,0.07800719098001026
7.16e-08,0.08130406098001025
7.17e-08,0.08442906098001025
7.18e-08,0.08530406098001025
7.19e-08,0.08383531098001025
7.2e-08,0.08130406098001025
7.21e-08,0.08103844098001026
7.22e-08,0.08530406098001025
7.23e-08,0.09288216098001026
7.24e-08,0.09730406098001025
7.25e-08,0.09680406098001025
7.26e-08,0.09730406098001025
7.27e-08,0.10325716098001025
7.28e-08,0.10930406098001025
7.29e-08,0.11003846098001026
7.3e-08,0.10930406098001025
7.31e-08,0.11216346098001025
7.32e-08,0.11730406098001026
7.33e-08,0.11980406098001026
7.34e-08,0.12130406098001026
7.35e-08,0.12430406098001026
7.36e-08,0.12930406098001027
7.37e-08,0.13155406098001024
7.38e-08,0.12930406098001027
7.39e-08,0.12283536098001024
7.4e-08,0.11730406098001026
7.41e-08,0.11578846098001025
7.42e-08,0.11730406098001026
7.43e-08,0.11711656098001025
7.44e-08,0.11330406098001025
7.45e-08,0.10766346098001026
7.46e-08,0.10530406098001026
7.47e-08,0.10811656098001025
7.48e-08,0.11330406098001025
7.49e-08,0.11533536098001027
7.5e-08,0.11330406098001025
7.51e-08,0.10763216098001026
7.52e-08,0.10130406098001025
7.53e-08,0.09480406098001025
7.54e-08,0.08930406098001026
7.55e-08,0.08367906098001025
7.56e-08,0.07730406098001025
7.57e-08,0.06927281098001026
7.58e-08,0.06130406098001025
7.59e-08,0.05574156098001025
7.6e-08,0.053304060980010254
7.61e-08,0.05356969098001026
7.62e-08,0.053304060980010254
7.63e-08,0.04967906098001025
7.64e-08,0.04130406098001025
7.65e-08,0.03156969098001025
7.66e-08,0.02530406098001025
7.67e-08,0.02591344098001025
7.68e-08,0.029304060980010253
7.69e-08,0.03002281098001025
7.7e-08,0.02530406098001025
7.71e-08,0.018132190980010253
7.72e-08,0.013304060980010251
7.73e-08,0.013913440980010251
7.74e-08,0.01730406098001025
7.75e-08,0.019319690980010254
7.76e-08,0.01730406098001025
7.77e-08,0.01256969098001025
7.78e-08,0.009304060980010251
7.79e-08,0.00883531098001025
7.8e-08,0.009304060980010251
7.81e-08,0.00789781098001025
7.82e-08,0.005304060980010251
7.83e-08,0.0028353109800102506
7.84e-08,0.001304060980010251
7.85e-08,-0.001445937019989749
7.86e-08,-0.006695937019989749
7.87e-08,-0.01350843701998975
7.88e-08,-0.01869593701998975
7.89e-08,-0.02064906201998975
7.9e-08,-0.02269593901998975
7.91e-08,-0.02664905901998975
7.92e-08,-0.03069593901998975
7.93e-08,-0.03128968901998975
7.94e-08,-0.03069593901998975
7.95e-08,-0.030649059019989752
7.96e-08,-0.03069593901998975
7.97e-08,-0.028852189019989746
7.98e-08,-0.026695939019989748
7.99e-08,-0.02622718901998975
8e-08,-0.026695939019989748
8.01e-08,-0.02672718901998975
8.02e-08,-0.026695939019989748
8.03e-08,-0.02807093901998975
8.04e-08,-0.03069593901998975
8.05e-08,-0.03414905901998975
8.06e-08,-0.03869593901998975
8.07e-08,-0.042477189019989745
8.08e-08,-0.04269593901998975
8.09e-08,-0.03832093901998975
8.1e-08,-0.03469593901998975
8.11e-08,-0.03453968901998975
8.12e-08,-0.03469593901998975
8.13e-08,-0.031133439019989752
8.14e-08,-0.026695939019989748
8.15e-08,-0.02461780901998975
8.16e-08,-0.02269593901998975
8.17e-08,-0.01963343701998975
8.18e-08,-0.01869593701998975
8.19e-08,-0.02293030901998975
8.2e-08,-0.026695939019989748
8.21e-08,-0.025570939019989747
8.22e-08,-0.02269593901998975
8.23e-08,-0.02349280901998975
8.24e-08,-0.026695939019989748
8.25e-08,-0.029164689019989747
8.26e-08,-0.03069593901998975
8.27e-08,-0.03175843901998975
8.28e-08,-0.03069593901998975
8.29e-08,-0.02653968901998975
8.3e-08,-0.02269593901998975
8.31e-08,-0.02296155901998975
8.32e-08,-0.026695939019989748
8.33e-08,-0.03024280901998975
8.34e-08,-0.03069593901998975
8.35e-08,-0.02838343901998975
8.36e-08,-0.026695939019989748
8.37e-08,-0.02796155901998975
8.38e-08,-0.03069593901998975
8.39e-08,-0.03191468901998975
8.4e-08,-0.03069593901998975
8.41e-08,-0.028102189019989753
8.42e-08,-0.026695939019989748
8.43e-08,-0.026570939019989748
8.44e-08,-0.026695939019989748
8.45e-08,-0.02616468901998975
8.46e-08,-0.026695939019989748
8.47e-08,-0.02782093901998975
8.48e-08,-0.026695939019989748
8.49e-08,-0.02108655901998975
8.5e-08,-0.014695937019989749
8.51e-08,-0.011570937219989749
8.52e-08,-0.01069593723185075
8.53e-08,-0.009336562019989749
8.54e-08,-0.006695937019989749
8.55e-08,-0.004524062019989749
8.56e-08,-0.0026959370199897484
8.57e-08,-0.0020865620199897496
8.58e-08,-0.0026959370199897484
8.59e-08,-0.005149062019989749
8.6e-08,-0.006695937019989749
8.61e-08,-0.006774062019989749
8.62e-08,-0.006695937019989749
8.63e-08,-0.00844593701998975
8.64e-08,-0.01069593723185075
8.65e-08,-0.012461562019989748
8.66e-08,-0.014695937019989749
8.67e-08,-0.01772718701998975
8.68e-08,-0.01869593701998975
8.69e-08,-0.01644593701998975
8.7e-08,-0.014695937019989749
8.71e-08,-0.01633656201998975
8.72e-08,-0.01869593701998975
8.73e-08,-0.01900843701998975
8.74e-08,-0.01869593701998975
8.75e-08,-0.02139905901998975
8.76e-08,-0.026695939019989748
8.77e-08,-0.030852189019989748
8.78e-08,-0.03069593901998975
8.79e-08,-0.02758655901998975
8.8e-08,-0.026695939019989748
8.81e-08,-0.03135218901998975
8.82e-08,-0.03869593901998975
8.83e-08,-0.042914689019989745
8.84e-08,-0.04269593901998975
8.85e-08,-0.03999280901998975
8.86e-08,-0.03869593901998975
8.87e-08,-0.03961780901998975
8.88e-08,-0.04269593901998975
8.89e-08,-0.04450843901998975
8.9e-08,-0.04269593901998975
8.91e-08,-0.03752405901998975
8.92e-08,-0.03469593901998975
8.93e-08,-0.03541468901998975
8.94e-08,-0.03469593901998975
8.95e-08,-0.02888343901998975
8.96e-08,-0.02269593901998975
8.97e-08,-0.02158655901998975
8.98e-08,-0.02269593901998975
8.99e-08,-0.021555309019989748
9e-08,-0.01869593701998975
9.01e-08,-0.018039687019989748
9.02e-08,-0.01869593701998975
9.03e-08,-0.01899281201998975
9.04e-08,-0.01869593701998975
9.05e-08,-0.01894593701998975
9.06e-08,-0.01869593701998975
9.07e-08,-0.017914687019989748
9.08e-08,-0.01869593701998975
9.09e-08,-0.02128968901998975
9.1e-08,-0.02269593901998975
9.11e-08,-0.02064906201998975
9.12e-08,-0.01869593701998975
9.13e-08,-0.01880531201998975
9.14e-08,-0.01869593701998975
9.15e-08,-0.014977187019989749
9.16e-08,-0.01069593723185075
9.17e-08,-0.00847718701998975
9.18e-08,-0.006695937019989749
9.19e-08,-0.0026959370199897484
9.2e-08,0.001304060980010251
9.21e-08,0.00335094098001025
9.22e-08,0.005304060980010251
9.23e-08,0.00928844098001025
9.24e-08,0.013304060980010251
9.25e-08,0.014335310980010252
9.26e-08,0.013304060980010251
9.27e-08,0.013554060980010251
9.28e-08,0.01730406098001025
9.29e-08,0.023554060980010255
9.3e-08,0.029304060980010253
9.31e-08,0.032116560980010256
9.32e-08,0.03330406098001025
9.33e-08,0.03466344098001025
9.34e-08,0.037304060980010254
9.35e-08,0.039850940980010255
9.36e-08,0.04130406098001025
9.37e-08,0.04138219098001025
9.38e-08,0.04130406098001025
9.39e-08,0.04144469098001025
9.4e-08,0.04130406098001025
9.41e-08,0.04069469098001025
9.42e-08,0.04130406098001025
9.43e-08,0.04466344098001025
9.44e-08,0.04930406098001025
9.45e-08,0.05352281098001026
9.46e-08,0.05730406098001026
9.47e-08,0.06033531098001026
9.48e-08,0.06130406098001025
9.49e-08,0.05930406098001026
9.5e-08,0.05730406098001026
9.51e-08,0.057960310980010255
9.52e-08,0.06130406098001025
9.53e-08,0.06435094098001025
9.54e-08,0.06530406098001025
9.55e-08,0.06361656098001026
9.56e-08,0.06130406098001025
9.57e-08,0.06011656098001025
9.58e-08,0.06130406098001025
9.59e-08,0.06386656098001026
9.6e-08,0.06530406098001025
9.61e-08,0.06503844098001026
9.62e-08,0.06530406098001025
9.63e-08,0.06647594098001025
9.64e-08,0.06530406098001025
9.65e-08,0.060741560980010254
9.66e-08,0.05730406098001026
9.67e-08,0.05991344098001025
9.68e-08,0.06530406098001025
9.69e-08,0.06864781098001026
9.7e-08,0.06930406098001025
9.71e-08,0.06944469098001026
9.72e-08,0.06930406098001025
9.73e-08,0.06961656098001025
9.74e-08,0.07330406098001026
9.75e-08,0.08028844098001026
9.76e-08,0.08530406098001025
9.77e-08,0.08403844098001026
9.78e-08,0.08130406098001025
9.79e-08,0.08075719098001025
9.8e-08,0.08130406098001025
9.81e-08,0.07931969098001025
9.82e-08,0.07730406098001025
9.83e-08,0.07724156098001025
9.84e-08,0.07730406098001025
9.85e-08,0.07400719098001025
9.86e-08,0.06930406098001025
9.87e-08,0.06627281098001025
9.88e-08,0.06530406098001025
9.89e-08,0.06514781098001025
9.9e-08,0.06530406098001025
9.91e-08,0.06555406098001025
9.92e-08,0.06530406098001025
9.93e-08,0.06361656098001026
9.94e-08,0.06130406098001025
9.95e-08,0.05891344098001025
9.96e-08,0.05730406098001026
9.97e-08,0.05563219098001025
9.98e-08,0.053304060980010254
9.99e-08,0.04960094098001025
1e-07,0.045304060980010254
1.001e-07,0.04113219098001025
1.002e-07,0.037304060980010254
1.003e-07,0.03361656098001025
1.004e-07,0.029304060980010253
1.005e-07,0.026007190980010253
1.006e-07,0.02530406098001025
1.007e-07,0.027679060980010252
1.008e-07,0.029304060980010253
1.009e-07,0.028069690980010255
1.01e-07,0.02530406098001025
1.011e-07,0.02431969098001025
1.012e-07,0.02530406098001025
1.013e-07,0.02617906098001025
1.014e-07,0.02530406098001025
1.015e-07,0.02271031098001025
1.016e-07,0.021304060980010253
1.017e-07,0.021257190980010256
1.018e-07,0.021304060980010253
1.019e-07,0.01930406098001025
1.02e-07,0.01730406098001025
1.021e-07,0.015788440980010247
1.022e-07,0.013304060980010251
1.023e-07,0.006522810980010252
1.024e-07,-0.0026959370199897484
1.025e-07,-0.010680312229989749
1.026e-07,-0.014695937019989749
1.027e-07,-0.015086562019989749
1.028e-07,-0.014695937019989749
1.029e-07,-0.01678968701998975
1.03e-07,-0.02269593901998975
1.031e-07,-0.030086559019989752
1.032e-07,-0.03469593901998975
1.033e-07,-0.03494593901998975
1.034e-07,-0.03469593901998975
1.035e-07,-0.03757093901998975
1.036e-07,-0.04269593901998975
1.037e-07,-0.047149059019989746
1.038e-07,-0.05069593901998975
1.039e-07,-0.05455530901998975
1.04e-07,-0.05869593901998975
1.041e-07,-0.06250843901998974
1.042e-07,-0.06669593901998976
1.043e-07,-0.07016468901998975
1.044e-07,-0.07069593901998975
1.045e-07,-0.06780530901998975
1.046e-07,-0.06669593901998976
1.047e-07,-0.07097718901998976
1.048e-07,-0.07869593901998975
1.049e-07,-0.08441468901998975
1.05e-07,-0.08669593901998975
1.051e-07,-0.08564905901998975
1.052e-07,-0.08269593901998974
1.053e-07,-0.07933655901998975
1.054e-07,-0.07869593901998975
1.055e-07,-0.08119593901998974
1.056e-07,-0.08269593901998974
1.057e-07,-0.08058655901998975
1.058e-07,-0.07869593901998975
1.059e-07,-0.08022718901998975
1.06e-07,-0.08269593901998974
1.061e-07,-0.08389905901998974
1.062e-07,-0.08669593901998975
1.063e-07,-0.09235218901998975
1.064e-07,-0.09469593901998975
1.065e-07,-0.08939905901998975
1.066e-07,-0.08269593901998974
1.067e-07,-0.08114905901998974
1.068e-07,-0.08269593901998974
1.069e-07,-0.08268030901998975
1.07e-07,-0.08269593901998974
1.071e-07,-0.08591468901998975
1.072e-07,-0.09069593901998975
1.073e-07,-0.09277405901998975
1.074e-07,-0.09069593901998975
1.075e-07,-0.08644593901998975
1.076e-07,-0.08269593901998974
1.077e-07,-0.08050843901998975
1.078e-07,-0.07869593901998975
1.079e-07,-0.07724280901998974
1.08e-07,-0.07869593901998975
1.081e-07,-0.08424280901998975
1.082e-07,-0.09069593901998975
1.083e-07,-0.09321155901998975
1.084e-07,-0.09069593901998975
1.085e-07,-0.08574280901998975
1.086e-07,-0.08269593901998974
1.087e-07,-0.08153968901998974
1.088e-07,-0.07869593901998975
1.089e-07,-0.07314905901998975
1.09e-07,-0.07069593901998975
1.091e-07,-0.07453968901998975
1.092e-07,-0.07869593901998975
1.093e-07,-0.07660218901998975
1.094e-07,-0.07069593901998975
1.095e-07,-0.06725843901998975
1.096e-07,-0.06669593901998976
1.097e-07,-0.06677405901998976
1.098e-07,-0.06669593901998976
1.099e-07,-0.06711780901998975
1.1e-07,-0.06669593901998976
1.101e-07,-0.06468030901998975
1.102e-07,-0.06269593901998975
1.103e-07,-0.062383439019989745
1.104e-07,-0.06269593901998975
1.105e-07,-0.06269593901998975
1.106e-07,-0.06269593901998975
1.107e-07,-0.06316468901998976
1.108e-07,-0.06269593901998975
1.109e-07,-0.06068030901998975
1.11e-07,-0.05869593901998975
1.111e-07,-0.05833655901998975
1.112e-07,-0.05869593901998975
1.113e-07,-0.05863343901998975
1.114e-07,-0.05869593901998975
1.115e-07,-0.06007093901998975
1.116e-07,-0.06269593901998975
1.117e-07,-0.06435218901998975
1.118e-07,-0.06269593901998975
1.119e-07,-0.05821155901998975
1.12e-07,-0.054695939019989745
1.121e-07,-0.054258439019989745
1.122e-07,-0.054695939019989745
1.123e-07,-0.05313343901998975
1.124e-07,-0.05069593901998975
1.125e-07,-0.050852189019989745
1.126e-07,-0.054695939019989745
1.127e-07,-0.058992809019989746
1.128e-07,-0.05869593901998975
1.129e-07,-0.05278968901998975
1.13e-07,-0.046695939019989745
1.131e-07,-0.045274059019989744
1.132e-07,-0.046695939019989745
1.133e-07,-0.047195939019989745
1.134e-07,-0.046695939019989745
1.135e-07,-0.04693030901998975
1.136e-07,-0.046695939019989745
1.137e-07,-0.04475843901998975
1.138e-07,-0.04269593901998975
1.139e-07,-0.042555309019989745
1.14e-07,-0.04269593901998975
1.141e-07,-0.042227189019989744
1.142e-07,-0.04269593901998975
1.143e-07,-0.045024059019989744
1.144e-07,-0.046695939019989745
1.145e-07,-0.045336559019989744
1.146e-07,-0.04269593901998975
1.147e-07,-0.04160218901998975
1.148e-07,-0.04269593901998975
1.149e-07,-0.043602189019989745
1.15e-07,-0.04269593901998975
1.151e-07,-0.04022718901998975
1.152e-07,-0.03869593901998975
1.153e-07,-0.03864905901998975
1.154e-07,-0.03869593901998975
1.155e-07,-0.035930309019989747
1.156e-07,-0.03069593901998975
1.157e-07,-0.026383439019989748
1.158e-07,-0.026695939019989748
1.159e-07,-0.030149059019989752
1.16e-07,-0.03069593901998975
1.161e-07,-0.02414905901998975
1.162e-07,-0.014695937019989749
1.163e-07,-0.009352187019989749
1.164e-07,-0.01069593723185075
1.165e-07,-0.014633437019989749
1.166e-07,-0.014695937019989749
1.167e-07,-0.009024062019989749
1.168e-07,-0.0026959370199897484
1.169e-07,5.406098001024991e-05
1.17e-07,0.001304060980010251
1.171e-07,0.0046478109800102505
1.172e-07,0.009304060980010251
1.173e-07,0.01200719098001025
1.174e-07,0.013304060980010251
1.175e-07,0.014944690980010252
1.176e-07,0.01730406098001025
1.177e-07,0.019022810980010248
1.178e-07,0.021304060980010253
1.179e-07,0.023788440980010254
1.18e-07,0.02530406098001025
1.181e-07,0.025100940980010256
1.182e-07,0.02530406098001025
1.183e-07,0.026382190980010253
1.184e-07,0.02530406098001025
1.185e-07,0.020913440980010252
1.186e-07,0.01730406098001025
1.187e-07,0.019522810980010248
1.188e-07,0.02530406098001025
1.189e-07,0.03158531098001025
1.19e-07,0.037304060980010254
1.191e-07,0.04291344098001025
1.192e-07,0.045304060980010254
1.193e-07,0.04446031098001025
1.194e-07,0.045304060980010254
1.195e-07,0.05110094098001025
1.196e-07,0.05730406098001026
1.197e-07,0.059632190980010255
1.198e-07,0.06130406098001025
1.199e-07,0.06639781098001026
1.2e-07,0.07330406098001026
1.201e-07,0.07719469098001025
1.202e-07,0.07730406098001025
1.203e-07,0.07628844098001025
1.204e-07,0.07730406098001025
1.205e-07,0.08083531098001025
1.206e-07,0.08530406098001025
1.207e-07,0.08916344098001025
1.208e-07,0.09330406098001025
1.209e-07,0.09792906098001025
1.21e-07,0.10130406098001025
1.211e-07,0.10161656098001025
1.212e-07,0.10130406098001025
1.213e-07,0.10261656098001025
1.214e-07,0.10530406098001026
1.215e-07,0.10733536098001026
1.216e-07,0.10930406098001025
1.217e-07,0.11133536098001025
1.218e-07,0.11330406098001025
1.219e-07,0.11371036098001025
1.22e-07,0.11330406098001025
1.221e-07,0.11275716098001025
1.222e-07,0.11330406098001025
1.223e-07,0.11388216098001025
1.224e-07,0.11330406098001025
1.225e-07,0.11085096098001025
1.226e-07,0.10930406098001025
1.227e-07,0.10946036098001025
1.228e-07,0.10930406098001025
1.229e-07,0.10705406098001025
1.23e-07,0.10530406098001026
1.231e-07,0.10561656098001025
1.232e-07,0.10530406098001026
1.233e-07,0.10175716098001025
1.234e-07,0.09730406098001025
1.235e-07,0.09578846098001026
1.236e-07,0.09730406098001025
1.237e-07,0.09866346098001025
1.238e-07,0.09730406098001025
1.239e-07,0.09431966098001025
1.24e-07,0.09330406098001025
1.241e-07,0.09558536098001025
1.242e-07,0.09730406098001025
1.243e-07,0.09466346098001026
1.244e-07,0.08930406098001026
1.245e-07,0.08549156098001025
1.246e-07,0.08530406098001025
1.247e-07,0.08738219098001025
1.248e-07,0.08930406098001026
1.249e-07,0.08971036098001026
1.25e-07,0.08930406098001026
1.251e-07,0.08808531098001025
1.252e-07,0.08530406098001025
1.253e-07,0.08074156098001026
1.254e-07,0.07730406098001025
1.255e-07,0.07663219098001026
1.256e-07,0.07730406098001025
1.257e-07,0.07611656098001025
1.258e-07,0.07330406098001026
1.259e-07,0.07069469098001026
1.26e-07,0.06930406098001025
1.261e-07,0.06808531098001025
1.262e-07,0.06530406098001025
1.263e-07,0.05989781098001025
1.264e-07,0.053304060980010254
1.265e-07,0.04903844098001025
1.266e-07,0.04930406098001025
1.267e-07,0.05344469098001026
1.268e-07,0.05730406098001026
1.269e-07,0.05625719098001025
1.27e-07,0.04930406098001025
1.271e-07,0.04071031098001025
1.272e-07,0.037304060980010254
1.273e-07,0.04099156098001025
1.274e-07,0.045304060980010254
1.275e-07,0.043710310980010256
1.276e-07,0.037304060980010254
1.277e-07,0.031429060980010255
1.278e-07,0.029304060980010253
1.279e-07,0.02969469098001025
1.28e-07,0.029304060980010253
1.281e-07,0.027319690980010254
1.282e-07,0.02530406098001025
1.283e-07,0.025022810980010253
1.284e-07,0.02530406098001025
1.285e-07,0.024085310980010252
1.286e-07,0.021304060980010253
1.287e-07,0.01867906098001025
1.288e-07,0.01730406098001025
1.289e-07,0.017132190980010252
1.29e-07,0.01730406098001025
1.291e-07,0.01716344098001025
1.292e-07,0.01730406098001025
1.293e-07,0.016663440980010248
1.294e-07,0.013304060980010251
1.295e-07,0.00777281098001025
1.296e-07,0.005304060980010251
1.297e-07,0.00777281098001025
1.298e-07,0.009304060980010251
1.299e-07,0.004382190980010251
1.3e-07,-0.0026959370199897484
1.301e-07,-0.006133437019989749
1.302e-07,-0.006695937019989749
1.303e-07,-0.007195937019989749
1.304e-07,-0.006695937019989749
1.305e-07,-0.0049459370199897495
1.306e-07,-0.006695937019989749
1.307e-07,-0.01436781201998975
1.308e-07,-0.02269593901998975
1.309e-07,-0.02488343901998975
1.31e-07,-0.02269593901998975
1.311e-07,-0.02100843901998975
1.312e-07,-0.02269593901998975
1.313e-07,-0.025586559019989748
1.314e-07,-0.026695939019989748
1.315e-07,-0.02380530901998975
1.316e-07,-0.01869593701998975
1.317e-07,-0.014633437019989749
1.318e-07,-0.014695937019989749
1.319e-07,-0.01847718701998975
1.32e-07,-0.02269593901998975
1.321e-07,-0.02428968901998975
1.322e-07,-0.02269593901998975
1.323e-07,-0.01988343701998975
1.324e-07,-0.01869593701998975
1.325e-07,-0.019274062019989747
1.326e-07,-0.01869593701998975
1.327e-07,-0.01616468701998975
1.328e-07,-0.014695937019989749
1.329e-07,-0.01653968701998975
1.33e-07,-0.01869593701998975
1.331e-07,-0.01772718701998975
1.332e-07,-0.014695937019989749
1.333e-07,-0.01343031201998975
1.334e-07,-0.014695937019989749
1.335e-07,-0.01716468701998975
1.336e-07,-0.01869593701998975
1.337e-07,-0.019086562019989747
1.338e-07,-0.01869593701998975
1.339e-07,-0.01866468701998975
1.34e-07,-0.01869593701998975
1.341e-07,-0.01863343701998975
1.342e-07,-0.01869593701998975
1.343e-07,-0.02014906201998975
1.344e-07,-0.02269593901998975
1.345e-07,-0.026367809019989752
1.346e-07,-0.03069593901998975
1.347e-07,-0.03428968901998975
1.348e-07,-0.03469593901998975
1.349e-07,-0.03213343901998975
1.35e-07,-0.03069593901998975
1.351e-07,-0.03346155901998975
1.352e-07,-0.03869593901998975
1.353e-07,-0.042305309019989745
1.354e-07,-0.04269593901998975
1.355e-07,-0.04166468901998975
1.356e-07,-0.04269593901998975
1.357e-07,-0.04572718901998975
1.358e-07,-0.046695939019989745
1.359e-07,-0.044164689019989746
1.36e-07,-0.04269593901998975
1.361e-07,-0.046211559019989745
1.362e-07,-0.05069593901998975
1.363e-07,-0.05150843901998975
1.364e-07,-0.05069593901998975
1.365e-07,-0.052227189019989746
1.366e-07,-0.054695939019989745
1.367e-07,-0.05621155901998975
1.368e-07,-0.05869593901998975
1.369e-07,-0.06343030901998975
1.37e-07,-0.06669593901998976
1.371e-07,-0.06539905901998976
1.372e-07,-0.06269593901998975
1.373e-07,-0.06311780901998976
1.374e-07,-0.06669593901998976
1.375e-07,-0.06993030901998976
1.376e-07,-0.07069593901998975
1.377e-07,-0.06991468901998975
1.378e-07,-0.07069593901998975
1.379e-07,-0.07422718901998974
1.38e-07,-0.07869593901998975
1.381e-07,-0.08047718901998975
1.382e-07,-0.07869593901998975
1.383e-07,-0.07543030901998975
1.384e-07,-0.07469593901998975
1.385e-07,-0.07680530901998975
1.386e-07,-0.07869593901998975
1.387e-07,-0.07730530901998975
1.388e-07,-0.07469593901998975
1.389e-07,-0.07360218901998974
1.39e-07,-0.07469593901998975
1.391e-07,-0.07536780901998975
1.392e-07,-0.07469593901998975
1.393e-07,-0.07278968901998975
1.394e-07,-0.07069593901998975
1.395e-07,-0.06861780901998975
1.396e-07,-0.06669593901998976
1.397e-07,-0.06353968901998976
1.398e-07,-0.05869593901998975
1.399e-07,-0.05330530901998975
1.4e-07,-0.05069593901998975
1.401e-07,-0.05200843901998975
1.402e-07,-0.054695939019989745
1.403e-07,-0.05474280901998975
1.404e-07,-0.05069593901998975
1.405e-07,-0.04433655901998975
1.406e-07,-0.03869593901998975
1.407e-07,-0.03486780901998975
1.408e-07,-0.03069593901998975
1.409e-07,-0.02599280901998975
1.41e-07,-0.02269593901998975
1.411e-07,-0.02350843901998975
1.412e-07,-0.026695939019989748
1.413e-07,-0.028664689019989746
1.414e-07,-0.026695939019989748
1.415e-07,-0.02330530901998975
1.416e-07,-0.02269593901998975
1.417e-07,-0.02586780901998975
1.418e-07,-0.026695939019989748
1.419e-07,-0.02144593901998975
1.42e-07,-0.014695937019989749
1.421e-07,-0.012586562019989748
1.422e-07,-0.014695937019989749
1.423e-07,-0.01711781201998975
1.424e-07,-0.01869593701998975
1.425e-07,-0.020539687019989747
1.426e-07,-0.02269593901998975
1.427e-07,-0.02258655901998975
1.428e-07,-0.01869593701998975
1.429e-07,-0.01171156201998975
1.43e-07,-0.006695937019989749
1.431e-07,-0.0059459370199897495
1.432e-07,-0.006695937019989749
1.433e-07,-0.005117812019989749
1.434e-07,-0.0026959370199897484
1.435e-07,-0.0011021870199897487
1.436e-07,0.001304060980010251
1.437e-07,0.006882190980010252
1.438e-07,0.013304060980010251
1.439e-07,0.01692906098001025
1.44e-07,0.01730406098001025
1.441e-07,0.01686656098001025
1.442e-07,0.01730406098001025
1.443e-07,0.02010094098001025
1.444e-07,0.02530406098001025
1.445e-07,0.03181969098001025
1.446e-07,0.037304060980010254
1.447e-07,0.04099156098001025
1.448e-07,0.045304060980010254
1.449e-07,0.05149156098001025
1.45e-07,0.05730406098001026
1.451e-07,0.059960310980010256
1.452e-07,0.06130406098001025
1.453e-07,0.06213219098001026
1.454e-07,0.06130406098001025
1.455e-07,0.05894469098001025
1.456e-07,0.06130406098001025
1.457e-07,0.06975719098001025
1.458e-07,0.07730406098001025
1.459e-07,0.07689781098001025
1.46e-07,0.07330406098001026
1.461e-07,0.07335094098001026
1.462e-07,0.07730406098001025
1.463e-07,0.07939781098001025
1.464e-07,0.07730406098001025
1.465e-07,0.07261656098001025
1.466e-07,0.06930406098001025
1.467e-07,0.06961656098001025
1.468e-07,0.07330406098001026
1.469e-07,0.07699156098001025
1.47e-07,0.07730406098001025
1.471e-07,0.07456969098001025
1.472e-07,0.07330406098001026
1.473e-07,0.07528844098001025
1.474e-07,0.07730406098001025
1.475e-07,0.07600719098001026
1.476e-07,0.07330406098001026
1.477e-07,0.07249156098001025
1.478e-07,0.07330406098001026
1.479e-07,0.07250719098001025
1.48e-07,0.06930406098001025
1.481e-07,0.06574156098001026
1.482e-07,0.06530406098001025
1.483e-07,0.06888219098001025
1.484e-07,0.07330406098001026
1.485e-07,0.07478844098001025
1.486e-07,0.07330406098001026
1.487e-07,0.06978844098001025
1.488e-07,0.06530406098001025
1.489e-07,0.06035094098001026
1.49e-07,0.05730406098001026
1.491e-07,0.05789781098001025
1.492e-07,0.06130406098001025
1.493e-07,0.06360094098001025
1.494e-07,0.06130406098001025
1.495e-07,0.05464781098001026
1.496e-07,0.04930406098001025
1.497e-07,0.048663440980010256
1.498e-07,0.04930406098001025
1.499e-07,0.047554060980010256
1.5e-07,0.045304060980010254
1.501e-07,0.04514781098001025
1.502e-07,0.045304060980010254
1.503e-07,0.042522810980010255
1.504e-07,0.037304060980010254
1.505e-07,0.03367906098001025
1.506e-07,0.03330406098001025
1.507e-07,0.034522810980010255
1.508e-07,0.03330406098001025
1.509e-07,0.02883531098001025
1.51e-07,0.02530406098001025
1.511e-07,0.02735094098001025
1.512e-07,0.03330406098001025
1.513e-07,0.03783531098001025
1.514e-07,0.037304060980010254
1.515e-07,0.031929060980010256
1.516e-07,0.02530406098001025
1.517e-07,0.02121031098001025
1.518e-07,0.021304060980010253
1.519e-07,0.023897810980010252
1.52e-07,0.02530406098001025
1.521e-07,0.023772810980010252
1.522e-07,0.021304060980010253
1.523e-07,0.020319690980010248
1.524e-07,0.021304060980010253
1.525e-07,0.022475940980010253
1.526e-07,0.021304060980010253
1.527e-07,0.01835094098001025
1.528e-07,0.01730406098001025
1.529e-07,0.01849156098001025
1.53e-07,0.01730406098001025
1.531e-07,0.01210094098001025
1.532e-07,0.009304060980010251
1.533e-07,0.013210310980010251
1.534e-07,0.01730406098001025
1.535e-07,0.014804060980010249
1.536e-07,0.009304060980010251
1.537e-07,0.007694690980010252
1.538e-07,0.009304060980010251
1.539e-07,0.010022810980010252
1.54e-07,0.009304060980010251
1.541e-07,0.00894469098001025
1.542e-07,0.009304060980010251
1.543e-07,0.009429060980010251
1.544e-07,0.009304060980010251
1.545e-07,0.009210310980010251
1.546e-07,0.009304060980010251
1.547e-07,0.00855406098001025
1.548e-07,0.005304060980010251
1.549e-07,0.0002571909800102509
1.55e-07,-0.0026959370199897484
1.551e-07,-0.0012428120199897488
1.552e-07,0.001304060980010251
1.553e-07,0.0017728109800102514
1.554e-07,0.001304060980010251
1.555e-07,0.0027884409800102514
1.556e-07,0.005304060980010251
1.557e-07,0.006257190980010251
1.558e-07,0.005304060980010251
1.559e-07,0.003460310980010251
1.56e-07,0.001304060980010251
1.561e-07,-7.093901998974847e-05
1.562e-07,0.001304060980010251
1.563e-07,0.004507190980010251
1.564e-07,0.005304060980010251
1.565e-07,0.0015384409800102503
1.566e-07,-0.0026959370199897484
1.567e-07,-0.00261781201998975
1.568e-07,0.001304060980010251
1.569e-07,0.00497594098001025
1.57e-07,0.005304060980010251
1.571e-07,0.00303844098001025
1.572e-07,0.001304060980010251
1.573e-07,0.0015071909800102503
1.574e-07,0.001304060980010251
1.575e-07,-0.0008990620199897485
1.576e-07,-0.0026959370199897484
1.577e-07,-0.001539687019989749
1.578e-07,0.001304060980010251
1.579e-07,0.00322594098001025
1.58e-07,0.005304060980010251
1.581e-07,0.007944690980010249
1.582e-07,0.009304060980010251
1.583e-07,0.006554060980010252
1.584e-07,0.001304060980010251
1.585e-07,-0.0038053120199897494
1.586e-07,-0.006695937019989749
1.587e-07,-0.008430312019989748
1.588e-07,-0.01069593723185075
1.589e-07,-0.01350843701998975
1.59e-07,-0.014695937019989749
1.591e-07,-0.012883437019989749
1.592e-07,-0.01069593723185075
1.593e-07,-0.01119593721998975
1.594e-07,-0.014695937019989749
1.595e-07,-0.018070937019989748
1.596e-07,-0.01869593701998975
1.597e-07,-0.01661781201998975
1.598e-07,-0.014695937019989749
1.599e-07,-0.01557093701998975
1.6e-07,-0.01869593701998975
1.601e-07,-0.021742809019989748
1.602e-07,-0.02269593901998975
1.603e-07,-0.02236780901998975
1.604e-07,-0.02269593901998975
1.605e-07,-0.02468030901998975
1.606e-07,-0.026695939019989748
1.607e-07,-0.027070939019989748
1.608e-07,-0.026695939019989748
1.609e-07,-0.027617809019989746
1.61e-07,-0.03069593901998975
1.611e-07,-0.03499280901998975
1.612e-07,-0.03869593901998975
1.613e-07,-0.03997718901998975
1.614e-07,-0.03869593901998975
1.615e-07,-0.03503968901998975
1.616e-07,-0.03069593901998975
1.617e-07,-0.02839905901998975
1.618e-07,-0.03069593901998975
1.619e-07,-0.03705530901998975
1.62e-07,-0.04269593901998975
1.621e-07,-0.04307093901998975
1.622e-07,-0.03869593901998975
1.623e-07,-0.03436780901998975
1.624e-07,-0.03469593901998975
1.625e-07,-0.03924280901998975
1.626e-07,-0.04269593901998975
1.627e-07,-0.04152405901998975
1.628e-07,-0.03869593901998975
1.629e-07,-0.03889905901998975
1.63e-07,-0.04269593901998975
1.631e-07,-0.04541468901998975
1.632e-07,-0.04269593901998975
1.633e-07,-0.035617809019989746
1.634e-07,-0.03069593901998975
1.635e-07,-0.032508439019989746
1.636e-07,-0.03869593901998975
1.637e-07,-0.043180309019989746
1.638e-07,-0.04269593901998975
1.639e-07,-0.03969593901998975
1.64e-07,-0.03869593901998975
1.641e-07,-0.03989905901998975
1.642e-07,-0.03869593901998975
1.643e-07,-0.03260218901998975
1.644e-07,-0.026695939019989748
1.645e-07,-0.02746155901998975
1.646e-07,-0.03469593901998975
1.647e-07,-0.04164905901998975
1.648e-07,-0.04269593901998975
1.649e-07,-0.03724280901998975
1.65e-07,-0.03069593901998975
1.651e-07,-0.02746155901998975
1.652e-07,-0.026695939019989748
1.653e-07,-0.02524280901998975
1.654e-07,-0.02269593901998975
1.655e-07,-0.02049281201998975
1.656e-07,-0.01869593701998975
1.657e-07,-0.017695937019989748
1.658e-07,-0.01869593701998975
1.659e-07,-0.021664689019989747
1.66e-07,-0.02269593901998975
1.661e-07,-0.01950843701998975
1.662e-07,-0.014695937019989749
1.663e-07,-0.012492812019989748
1.664e-07,-0.014695937019989749
1.665e-07,-0.018164687019989748
1.666e-07,-0.01869593701998975
1.667e-07,-0.014852187019989749
1.668e-07,-0.01069593723185075
1.669e-07,-0.008680312019989748
1.67e-07,-0.006695937019989749
1.671e-07,-0.001524062019989749
1.672e-07,0.005304060980010251
1.673e-07,0.00928844098001025
1.674e-07,0.009304060980010251
1.675e-07,0.006913440980010252
1.676e-07,0.005304060980010251
1.677e-07,0.005960310980010252
1.678e-07,0.009304060980010251
1.679e-07,0.01274156098001025
1.68e-07,0.013304060980010251
1.681e-07,0.010663440980010251
1.682e-07,0.009304060980010251
1.683e-07,0.011225940980010252
1.684e-07,0.013304060980010251
1.685e-07,0.012991560980010251
1.686e-07,0.013304060980010251
1.687e-07,0.01711656098001025
1.688e-07,0.021304060980010253
1.689e-07,0.021038440980010252
1.69e-07,0.01730406098001025
1.691e-07,0.013960310980010252
1.692e-07,0.013304060980010251
1.693e-07,0.01489781098001025
1.694e-07,0.01730406098001025
1.695e-07,0.019460310980010248
1.696e-07,0.021304060980010253
1.697e-07,0.022366560980010254
1.698e-07,0.021304060980010253
1.699e-07,0.01849156098001025
1.7e-07,0.01730406098001025
1.701e-07,0.01947594098001025
1.702e-07,0.021304060980010253
1.703e-07,0.02060094098001025
1.704e-07,0.021304060980010253
1.705e-07,0.025772810980010254
1.706e-07,0.029304060980010253
1.707e-07,0.027819690980010255
1.708e-07,0.02530406098001025
1.709e-07,0.026569690980010253
1.71e-07,0.029304060980010253
1.711e-07,0.02852281098001025
1.712e-07,0.02530406098001025
1.713e-07,0.02350719098001025
1.714e-07,0.02530406098001025
1.715e-07,0.029429060980010253
1.716e-07,0.03330406098001025
1.717e-07,0.034507190980010254
1.718e-07,0.03330406098001025
1.719e-07,0.03000719098001025
1.72e-07,0.02530406098001025
1.721e-07,0.021069690980010256
1.722e-07,0.021304060980010253
1.723e-07,0.02617906098001025
1.724e-07,0.029304060980010253
1.725e-07,0.02610094098001025
1.726e-07,0.021304060980010253
1.727e-07,0.020257190980010248
1.728e-07,0.021304060980010253
1.729e-07,0.021069690980010256
1.73e-07,0.021304060980010253
1.731e-07,0.023725940980010254
1.732e-07,0.02530406098001025
1.733e-07,0.022304060980010254
1.734e-07,0.01730406098001025
1.735e-07,0.014257190980010251
1.736e-07,0.013304060980010251
1.737e-07,0.01203844098001025
1.738e-07,0.009304060980010251
1.739e-07,0.006288440980010251
1.74e-07,0.005304060980010251
1.741e-07,0.006975940980010252
1.742e-07,0.009304060980010251
1.743e-07,0.010007190980010251
1.744e-07,0.009304060980010251
1.745e-07,0.00777281098001025
1.746e-07,0.005304060980010251
1.747e-07,0.00116344098001025
1.748e-07,-0.0026959370199897484
1.749e-07,-0.00500843701998975
1.75e-07,-0.006695937019989749
1.751e-07,-0.008945937019989749
1.752e-07,-0.01069593723185075
1.753e-07,-0.01183656201998975
1.754e-07,-0.014695937019989749
1.755e-07,-0.019586562019989748
1.756e-07,-0.02269593901998975
1.757e-07,-0.021180309019989747
1.758e-07,-0.01869593701998975
1.759e-07,-0.01950843701998975
1.76e-07,-0.02269593901998975
1.761e-07,-0.02519593901998975
1.762e-07,-0.026695939019989748
1.763e-07,-0.028414689019989746
1.764e-07,-0.03069593901998975
1.765e-07,-0.03277405901998975
1.766e-07,-0.03469593901998975
1.767e-07,-0.03677405901998975
1.768e-07,-0.03869593901998975
1.769e-07,-0.03936780901998975
1.77e-07,-0.03869593901998975
1.771e-07,-0.03664905901998975
1.772e-07,-0.03469593901998975
1.773e-07,-0.03488343901998975
1.774e-07,-0.03869593901998975
1.775e-07,-0.044289689019989746
1.776e-07,-0.046695939019989745
1.777e-07,-0.043492809019989746
1.778e-07,-0.03869593901998975
1.779e-07,-0.03711780901998975
1.78e-07,-0.03869593901998975
1.781e-07,-0.04096155901998975
1.782e-07,-0.04269593901998975
1.783e-07,-0.04468030901998975
1.784e-07,-0.046695939019989745
1.785e-07,-0.04761780901998975
1.786e-07,-0.046695939019989745
1.787e-07,-0.044477189019989746
1.788e-07,-0.04269593901998975
1.789e-07,-0.043367809019989746
1.79e-07,-0.046695939019989745
1.791e-07,-0.051117809019989746
1.792e-07,-0.054695939019989745
1.793e-07,-0.05568030901998975
1.794e-07,-0.054695939019989745
1.795e-07,-0.05261780901998975
1.796e-07,-0.05069593901998975
1.797e-07,-0.04996155901998975
1.798e-07,-0.05069593901998975
1.799e-07,-0.05174280901998975
1.8e-07,-0.05069593901998975
1.801e-07,-0.04678968901998975
1.802e-07,-0.04269593901998975
1.803e-07,-0.042539689019989745
1.804e-07,-0.046695939019989745
1.805e-07,-0.053336559019989745
1.806e-07,-0.05869593901998975
1.807e-07,-0.06044593901998975
1.808e-07,-0.05869593901998975
1.809e-07,-0.05578968901998975
1.81e-07,-0.054695939019989745
1.811e-07,-0.05639905901998975
1.812e-07,-0.05869593901998975
1.813e-07,-0.059367809019989747
1.814e-07,-0.05869593901998975
1.815e-07,-0.05800843901998975
1.816e-07,-0.05869593901998975
1.817e-07,-0.06061780901998975
1.818e-07,-0.06269593901998975
1.819e-07,-0.06461780901998974
1.82e-07,-0.06669593901998976
1.821e-07,-0.06825843901998975
1.822e-07,-0.06669593901998976
1.823e-07,-0.06211780901998975
1.824e-07,-0.05869593901998975
1.825e-07,-0.059852189019989746
1.826e-07,-0.06269593901998975
1.827e-07,-0.06449280901998974
1.828e-07,-0.06669593901998976
1.829e-07,-0.07211780901998975
1.83e-07,-0.07869593901998975
1.831e-07,-0.08250843901998975
1.832e-07,-0.08269593901998974
1.833e-07,-0.08071155901998975
1.834e-07,-0.07869593901998975
1.835e-07,-0.07783655901998975
1.836e-07,-0.07869593901998975
1.837e-07,-0.08058655901998975
1.838e-07,-0.08269593901998974
1.839e-07,-0.08358655901998975
1.84e-07,-0.08269593901998974
1.841e-07,-0.08113343901998975
1.842e-07,-0.08269593901998974
1.843e-07,-0.08744593901998975
1.844e-07,-0.09069593901998975
1.845e-07,-0.08908655901998974
1.846e-07,-0.08669593901998975
1.847e-07,-0.08689905901998975
1.848e-07,-0.08669593901998975
1.849e-07,-0.08183655901998975
1.85e-07,-0.07469593901998975
1.851e-07,-0.07060218901998976
1.852e-07,-0.07069593901998975
1.853e-07,-0.07383655901998974
1.854e-07,-0.07869593901998975
1.855e-07,-0.08389905901998974
1.856e-07,-0.08669593901998975
1.857e-07,-0.08561780901998975
1.858e-07,-0.08269593901998974
1.859e-07,-0.08022718901998975
1.86e-07,-0.07869593901998975
1.861e-07,-0.07697718901998975
1.862e-07,-0.07469593901998975
1.863e-07,-0.07232093901998975
1.864e-07,-0.07069593901998975
1.865e-07,-0.07043030901998976
1.866e-07,-0.07069593901998975
1.867e-07,-0.07100843901998975
1.868e-07,-0.07069593901998975
1.869e-07,-0.07039905901998975
1.87e-07,-0.07069593901998975
1.871e-07,-0.07222718901998976
1.872e-07,-0.07469593901998975
1.873e-07,-0.07724280901998974
1.874e-07,-0.07869593901998975
1.875e-07,-0.07774280901998974
1.876e-07,-0.07469593901998975
1.877e-07,-0.07025843901998975
1.878e-07,-0.06669593901998976
1.879e-07,-0.06546155901998975
1.88e-07,-0.06669593901998976
1.881e-07,-0.06902405901998974
1.882e-07,-0.07069593901998975
1.883e-07,-0.06996155901998975
1.884e-07,-0.06669593901998976
1.885e-07,-0.062274059019989746
1.886e-07,-0.05869593901998975
1.887e-07,-0.057680309019989745
1.888e-07,-0.05869593901998975
1.889e-07,-0.05963343901998975
1.89e-07,-0.05869593901998975
1.891e-07,-0.056133439019989746
1.892e-07,-0.054695939019989745
1.893e-07,-0.05611780901998975
1.894e-07,-0.05869593901998975
1.895e-07,-0.058852189019989745
1.896e-07,-0.054695939019989745
1.897e-07,-0.04783655901998975
1.898e-07,-0.04269593901998975
1.899e-07,-0.04161780901998975
1.9e-07,-0.04269593901998975
1.901e-07,-0.04319593901998975
1.902e-07,-0.04269593901998975
1.903e-07,-0.04250843901998975
1.904e-07,-0.04269593901998975
1.905e-07,-0.04186780901998975
1.906e-07,-0.03869593901998975
1.907e-07,-0.03408655901998975
1.908e-07,-0.03069593901998975
1.909e-07,-0.030086559019989752
1.91e-07,-0.03069593901998975
1.911e-07,-0.03063343901998975
1.912e-07,-0.03069593901998975
1.913e-07,-0.031336559019989746
1.914e-07,-0.03069593901998975
1.915e-07,-0.02708655901998975
1.916e-07,-0.02269593901998975
1.917e-07,-0.02000843701998975
1.918e-07,-0.01869593701998975
1.919e-07,-0.01689906201998975
1.92e-07,-0.014695937019989749
1.921e-07,-0.012695937019989749
1.922e-07,-0.01069593723185075
1.923e-07,-0.008586562019989748
1.924e-07,-0.006695937019989749
1.925e-07,-0.005258437019989749
1.926e-07,-0.0026959370199897484
1.927e-07,0.00122594098001025
1.928e-07,0.005304060980010251
1.929e-07,0.0068196909800102515
1.93e-07,0.005304060980010251
1.931e-07,0.00227281098001025
1.932e-07,0.001304060980010251
1.933e-07,0.00316344098001025
1.934e-07,0.005304060980010251
1.935e-07,0.00547594098001025
1.936e-07,0.005304060980010251
1.937e-07,0.006960310980010249
1.938e-07,0.009304060980010251
1.939e-07,0.010147810980010252
1.94e-07,0.009304060980010251
1.941e-07,0.00860094098001025
1.942e-07,0.009304060980010251
1.943e-07,0.01136656098001025
1.944e-07,0.013304060980010251
1.945e-07,0.01496031098001025
1.946e-07,0.01730406098001025
1.947e-07,0.020382190980010248
1.948e-07,0.021304060980010253
1.949e-07,0.01899156098001025
1.95e-07,0.01730406098001025
1.951e-07,0.01996031098001025
1.952e-07,0.02530406098001025
1.953e-07,0.029788440980010253
1.954e-07,0.03330406098001025
1.955e-07,0.036022810980010256
1.956e-07,0.037304060980010254
1.957e-07,0.03555406098001025
1.958e-07,0.03330406098001025
1.959e-07,0.03252281098001025
1.96e-07,0.03330406098001025
1.961e-07,0.033710310980010254
1.962e-07,0.03330406098001025
1.963e-07,0.031850940980010255
1.964e-07,0.029304060980010253
1.965e-07,0.02649156098001025
1.966e-07,0.02530406098001025
1.967e-07,0.02697594098001025
1.968e-07,0.029304060980010253
1.969e-07,0.031054060980010255
1.97e-07,0.03330406098001025
1.971e-07,0.036382190980010255
1.972e-07,0.037304060980010254
1.973e-07,0.034944690980010254
1.974e-07,0.03330406098001025
1.975e-07,0.03516344098001025
1.976e-07,0.037304060980010254
1.977e-07,0.035944690980010255
1.978e-07,0.03330406098001025
1.979e-07,0.03361656098001025
1.98e-07,0.037304060980010254
1.981e-07,0.04081969098001025
1.982e-07,0.04130406098001025
1.983e-07,0.038991560980010255
1.984e-07,0.037304060980010254
1.985e-07,0.038491560980010255
1.986e-07,0.04130406098001025
1.987e-07,0.042569690980010254
1.988e-07,0.04130406098001025
1.989e-07,0.03875719098001025
1.99e-07,0.037304060980010254
1.991e-07,0.03722594098001025
1.992e-07,0.037304060980010254
1.993e-07,0.03689781098001025
1.994e-07,0.037304060980010254
1.995e-07,0.039288440980010254
1.996e-07,0.04130406098001025
1.997e-07,0.04071031098001025
1.998e-07,0.037304060980010254
1.999e-07,0.03356969098001025
2e-07,0.03330406098001025
2.001e-07,0.03617906098001025
2.002e-07,0.037304060980010254
2.003e-07,0.034647810980010255
2.004e-07,0.03330406098001025
2.005e-07,0.036147810980010256
2.006e-07,0.037304060980010254
2.007e-07,0.031866560980010256
2.008e-07,0.02530406098001025
2.009e-07,0.025007190980010252
2.01e-07,0.029304060980010253
2.011e-07,0.03255406098001025
2.012e-07,0.03330406098001025
2.013e-07,0.03328844098001025
2.014e-07,0.03330406098001025
2.015e-07,0.03208531098001025
2.016e-07,0.029304060980010253
2.017e-07,0.026272810980010254
2.018e-07,0.02530406098001025
2.019e-07,0.027069690980010254
2.02e-07,0.029304060980010253
2.021e-07,0.028804060980010253
2.022e-07,0.02530406098001025
2.023e-07,0.02169469098001025
2.024e-07,0.021304060980010253
2.025e-07,0.024022810980010252
2.026e-07,0.02530406098001025
2.027e-07,0.02314781098001025
2.028e-07,0.021304060980010253
2.029e-07,0.023179060980010255
2.03e-07,0.02530406098001025
2.031e-07,0.023929060980010255
2.032e-07,0.021304060980010253
2.033e-07,0.020991560980010253
2.034e-07,0.021304060980010253
2.035e-07,0.020491560980010252
2.036e-07,0.021304060980010253
2.037e-07,0.02561656098001025
2.038e-07,0.029304060980010253
2.039e-07,0.028257190980010255
2.04e-07,0.02530406098001025
2.041e-07,0.024429060980010256
2.042e-07,0.02530406098001025
2.043e-07,0.025335310980010253
2.044e-07,0.02530406098001025
2.045e-07,0.02572594098001025
2.046e-07,0.02530406098001025
2.047e-07,0.02294469098001025
2.048e-07,0.021304060980010253
2.049e-07,0.02169469098001025
2.05e-07,0.021304060980010253
2.051e-07,0.01785094098001025
2.052e-07,0.013304060980010251
2.053e-07,0.011632190980010252
2.054e-07,0.013304060980010251
2.055e-07,0.016163440980010248
2.056e-07,0.01730406098001025
2.057e-07,0.016819690980010252
2.058e-07,0.01730406098001025
2.059e-07,0.01967906098001025
2.06e-07,0.021304060980010253
2.061e-07,0.019632190980010247
2.062e-07,0.01730406098001025
2.063e-07,0.016897810980010253
2.064e-07,0.01730406098001025
2.065e-07,0.01571031098001025
2.066e-07,0.013304060980010251
2.067e-07,0.011538440980010252
2.068e-07,0.009304060980010251
2.069e-07,0.006257190980010251
2.07e-07,0.005304060980010251
2.071e-07,0.00777281098001025
2.072e-07,0.009304060980010251
2.073e-07,0.007210310980010249
2.074e-07,0.005304060980010251
2.075e-07,0.007194690980010252
2.076e-07,0.009304060980010251
2.077e-07,0.00783531098001025
2.078e-07,0.005304060980010251
2.079e-07,0.00506969098001025
2.08e-07,0.005304060980010251
2.081e-07,0.00322594098001025
2.082e-07,0.001304060980010251
2.083e-07,0.0026478109800102505
2.084e-07,0.005304060980010251
2.085e-07,0.006085310980010252
2.086e-07,0.005304060980010251
2.087e-07,0.003944690980010251
2.088e-07,0.001304060980010251
2.089e-07,-0.0021334370199897496
2.09e-07,-0.0026959370199897484
2.091e-07,0.00116344098001025
2.092e-07,0.005304060980010251
2.093e-07,0.00503844098001025
2.094e-07,0.001304060980010251
2.095e-07,-0.0020084370199897495
2.096e-07,-0.0026959370199897484
2.097e-07,-0.0019146870199897494
2.098e-07,-0.0026959370199897484
2.099e-07,-0.005320937019989749
2.1e-07,-0.006695937019989749
2.101e-07,-0.0048678120199897494
2.102e-07,-0.0026959370199897484
2.103e-07,-0.00263343701998975
2.104e-07,-0.0026959370199897484
2.105e-07,-0.0006178090199897499
2.106e-07,0.001304060980010251
2.107e-07,8.531098001024993e-05
2.108e-07,-0.0026959370199897484
2.109e-07,-0.0038209370199897494
2.11e-07,-0.0026959370199897484
2.111e-07,-0.0015865620199897491
2.112e-07,-0.0026959370199897484
2.113e-07,-0.005414687019989749
2.114e-07,-0.006695937019989749
2.115e-07,-0.004805312019989749
2.116e-07,-0.0026959370199897484
2.117e-07,-0.00255531201998975
2.118e-07,-0.0026959370199897484
2.119e-07,-0.0008521870199897485
2.12e-07,0.001304060980010251
2.121e-07,0.0014603109800102512
2.122e-07,0.001304060980010251
2.123e-07,0.0028978109800102507
2.124e-07,0.005304060980010251
2.125e-07,0.006085310980010252
2.126e-07,0.005304060980010251
2.127e-07,0.0036165609800102513
2.128e-07,0.001304060980010251
2.129e-07,-0.001399062019989749
2.13e-07,-0.0026959370199897484
2.131e-07,-0.001399062019989749
2.132e-07,0.001304060980010251
2.133e-07,0.0036165609800102513
2.134e-07,0.005304060980010251
2.135e-07,0.006085310980010252
2.136e-07,0.005304060980010251
2.137e-07,0.0028353109800102506
2.138e-07,0.001304060980010251
2.139e-07,0.0015540609800102512
2.14e-07,0.001304060980010251
2.141e-07,-0.0009615620199897486
2.142e-07,-0.0026959370199897484
2.143e-07,-0.0023053120199897498
2.144e-07,-0.0026959370199897484
2.145e-07,-0.006164687019989749
2.146e-07,-0.01069593723185075
2.147e-07,-0.01110218721998975
2.148e-07,-0.006695937019989749
2.149e-07,-0.0007896870199897484
2.15e-07,0.001304060980010251
2.151e-07,-0.0009615620199897486
2.152e-07,-0.0026959370199897484
2.153e-07,0.00042906098001025024
2.154e-07,0.005304060980010251
2.155e-07,0.006991560980010249
2.156e-07,0.005304060980010251
2.157e-07,0.0029290609800102507
2.158e-07,0.001304060980010251
2.159e-07,0.0013821909800102502
2.16e-07,0.005304060980010251
2.161e-07,0.01242906098001025
2.162e-07,0.01730406098001025
2.163e-07,0.01638219098001025
2.164e-07,0.013304060980010251
2.165e-07,0.01233531098001025
2.166e-07,0.013304060980010251
2.167e-07,0.01363219098001025
2.168e-07,0.013304060980010251
2.169e-07,0.014210310980010252
2.17e-07,0.01730406098001025
2.171e-07,0.020554060980010253
2.172e-07,0.021304060980010253
2.173e-07,0.01899156098001025
2.174e-07,0.01730406098001025
2.175e-07,0.018944690980010254
2.176e-07,0.021304060980010253
2.177e-07,0.021600940980010253
2.178e-07,0.021304060980010253
2.179e-07,0.02188219098001025
2.18e-07,0.021304060980010253
2.181e-07,0.018569690980010253
2.182e-07,0.01730406098001025
2.183e-07,0.021616560980010253
2.184e-07,0.029304060980010253
2.185e-07,0.034397810980010254
2.186e-07,0.03330406098001025
2.187e-07,0.028085310980010256
2.188e-07,0.02530406098001025
2.189e-07,0.02847594098001025
2.19e-07,0.03330406098001025
2.191e-07,0.03447594098001025
2.192e-07,0.03330406098001025
2.193e-07,0.03269469098001025
2.194e-07,0.03330406098001025
2.195e-07,0.03410094098001025
2.196e-07,0.037304060980010254
2.197e-07,0.042522810980010255
2.198e-07,0.045304060980010254
2.199e-07,0.04111656098001025
2.2e-07,0.03330406098001025
2.201e-07,0.027272810980010255
2.202e-07,0.02530406098001025
2.203e-07,0.025710310980010254
2.204e-07,0.02530406098001025
2.205e-07,0.02346031098001025
2.206e-07,0.021304060980010253
2.207e-07,0.021679060980010254
2.208e-07,0.02530406098001025
2.209e-07,0.030491560980010254
2.21e-07,0.03330406098001025
2.211e-07,0.03305406098001025
2.212e-07,0.03330406098001025
2.213e-07,0.035757190980010255
2.214e-07,0.037304060980010254
2.215e-07,0.03419469098001025
2.216e-07,0.029304060980010253
2.217e-07,0.02622594098001025
2.218e-07,0.02530406098001025
2.219e-07,0.024757190980010252
2.22e-07,0.02530406098001025
2.221e-07,0.02760094098001025
2.222e-07,0.029304060980010253
2.223e-07,0.028147810980010256
2.224e-07,0.02530406098001025
2.225e-07,0.023038440980010254
2.226e-07,0.021304060980010253
2.227e-07,0.02027281098001025
2.228e-07,0.021304060980010253
2.229e-07,0.024116560980010256
2.23e-07,0.02530406098001025
2.231e-07,0.023116560980010255
2.232e-07,0.021304060980010253
2.233e-07,0.02288219098001025
2.234e-07,0.02530406098001025
2.235e-07,0.02456969098001025
2.236e-07,0.021304060980010253
2.237e-07,0.01842906098001025
2.238e-07,0.01730406098001025
2.239e-07,0.017069690980010252
2.24e-07,0.01730406098001025
2.241e-07,0.01749156098001025
2.242e-07,0.01730406098001025
2.243e-07,0.016882190980010252
2.244e-07,0.01730406098001025
2.245e-07,0.018085310980010254
2.246e-07,0.01730406098001025
2.247e-07,0.013913440980010251
2.248e-07,0.009304060980010251
2.249e-07,0.006100940980010251
2.25e-07,0.005304060980010251
2.251e-07,0.005725940980010251
2.252e-07,0.005304060980010251
2.253e-07,0.00433531098001025
2.254e-07,0.005304060980010251
2.255e-07,0.009210310980010251
2.256e-07,0.013304060980010251
2.257e-07,0.01350719098001025
2.258e-07,0.009304060980010251
2.259e-07,0.0038353109800102515
2.26e-07,0.001304060980010251
2.261e-07,0.0019290609800102516
2.262e-07,0.001304060980010251
2.263e-07,-0.0027584370199897484
2.264e-07,-0.006695937019989749
2.265e-07,-0.00599281201998975
2.266e-07,-0.0026959370199897484
2.267e-07,-0.00014905901998974944
2.268e-07,0.001304060980010251
2.269e-07,0.00331969098001025
2.27e-07,0.005304060980010251
2.271e-07,0.005757190980010251
2.272e-07,0.005304060980010251
2.273e-07,0.005054060980010251
2.274e-07,0.005304060980010251
2.275e-07,0.004350940980010251
2.276e-07,0.001304060980010251
2.277e-07,-0.003461562019989749
2.278e-07,-0.006695937019989749
2.279e-07,-0.00605531201998975
2.28e-07,-0.0026959370199897484
2.281e-07,0.0004759409800102511
2.282e-07,0.001304060980010251
2.283e-07,-0.00018030901998974946
2.284e-07,-0.0026959370199897484
2.285e-07,-0.005164687019989749
2.286e-07,-0.006695937019989749
2.287e-07,-0.007008437019989749
2.288e-07,-0.006695937019989749
2.289e-07,-0.005508437019989749
2.29e-07,-0.0026959370199897484
2.291e-07,-0.0003365590199897496
2.292e-07,-0.0026959370199897484
2.293e-07,-0.009836562219989749
2.294e-07,-0.014695937019989749
2.295e-07,-0.01211781201998975
2.296e-07,-0.006695937019989749
2.297e-07,-0.00507093701998975
2.298e-07,-0.006695937019989749
2.299e-07,-0.007461562019989749
2.3e-07,-0.006695937019989749
2.301e-07,-0.006258437019989749
2.302e-07,-0.006695937019989749
2.303e-07,-0.0078053120199897495
2.304e-07,-0.01069593723185075
2.305e-07,-0.014289687019989748
2.306e-07,-0.014695937019989749
2.307e-07,-0.010742812229989749
2.308e-07,-0.006695937019989749
2.309e-07,-0.006149062019989749
2.31e-07,-0.006695937019989749
2.311e-07,-0.005211562019989749
2.312e-07,-0.0026959370199897484
2.313e-07,-0.0031021870199897496
2.314e-07,-0.006695937019989749
2.315e-07,-0.01133656221998975
2.316e-07,-0.014695937019989749
2.317e-07,-0.015805312019989748
2.318e-07,-0.014695937019989749
2.319e-07,-0.01339906201998975
2.32e-07,-0.014695937019989749
2.321e-07,-0.017914687019989748
2.322e-07,-0.01869593701998975
2.323e-07,-0.015008437019989749
2.324e-07,-0.01069593723185075
2.325e-07,-0.010711562229989749
2.326e-07,-0.014695937019989749
2.327e-07,-0.01849281201998975
2.328e-07,-0.01869593701998975
2.329e-07,-0.01718031201998975
2.33e-07,-0.01869593701998975
2.331e-07,-0.024774059019989747
2.332e-07,-0.03069593901998975
2.333e-07,-0.030961559019989753
2.334e-07,-0.026695939019989748
2.335e-07,-0.022789689019989748
2.336e-07,-0.02269593901998975
2.337e-07,-0.02511780901998975
2.338e-07,-0.026695939019989748
2.339e-07,-0.025445939019989747
2.34e-07,-0.02269593901998975
2.341e-07,-0.02139905901998975
2.342e-07,-0.02269593901998975
2.343e-07,-0.02519593901998975
2.344e-07,-0.026695939019989748
2.345e-07,-0.02672718901998975
2.346e-07,-0.026695939019989748
2.347e-07,-0.028180309019989747
2.348e-07,-0.03069593901998975
2.349e-07,-0.03205530901998975
2.35e-07,-0.03069593901998975
2.351e-07,-0.027008439019989748
2.352e-07,-0.02269593901998975
2.353e-07,-0.02064906201998975
2.354e-07,-0.02269593901998975
2.355e-07,-0.02733655901998975
2.356e-07,-0.03069593901998975
2.357e-07,-0.030649059019989752
2.358e-07,-0.03069593901998975
2.359e-07,-0.03391468901998975
2.36e-07,-0.03869593901998975
2.361e-07,-0.039649059019989746
2.362e-07,-0.03469593901998975
2.363e-07,-0.024961559019989747
2.364e-07,-0.014695937019989749
2.365e-07,-0.008977187019989749
2.366e-07,-0.01069593723185075
2.367e-07,-0.01772718701998975
2.368e-07,-0.02269593901998975
2.369e-07,-0.021867809019989748
2.37e-07,-0.01869593701998975
2.371e-07,-0.01894593701998975
2.372e-07,-0.02269593901998975
2.373e-07,-0.02535218901998975
2.374e-07,-0.02269593901998975
2.375e-07,-0.01578968701998975
2.376e-07,-0.01069593723185075
2.377e-07,-0.01111781221998975
2.378e-07,-0.014695937019989749
2.379e-07,-0.01646156201998975
2.38e-07,-0.014695937019989749
2.381e-07,-0.01188343701998975
2.382e-07,-0.01069593723185075
2.383e-07,-0.01116468721998975
2.384e-07,-0.01069593723185075
2.385e-07,-0.00847718701998975
2.386e-07,-0.006695937019989749
2.387e-07,-0.00796156201998975
2.388e-07,-0.01069593723185075
2.389e-07,-0.01174281201998975
2.39e-07,-0.01069593723185075
2.391e-07,-0.008789687019989749
2.392e-07,-0.006695937019989749
2.393e-07,-0.005352187019989749
2.394e-07,-0.006695937019989749
2.395e-07,-0.009977187219989749
2.396e-07,-0.01069593723185075
2.397e-07,-0.006633437019989749
2.398e-07,-0.0026959370199897484
2.399e-07,-0.00239906201998975
2.4e-07,-0.0026959370199897484
2.401e-07,-0.00039905901998974966
2.402e-07,0.001304060980010251
2.403e-07,-0.000695939019989749
2.404e-07,-0.0026959370199897484
2.405e-07,0.00010094098001025079
2.406e-07,0.005304060980010251
2.407e-07,0.00833531098001025
2.408e-07,0.009304060980010251
2.409e-07,0.009772810980010252
2.41e-07,0.009304060980010251
2.411e-07,0.007944690980010249
2.412e-07,0.009304060980010251
2.413e-07,0.014054060980010252
2.414e-07,0.01730406098001025
2.415e-07,0.015538440980010252
2.416e-07,0.013304060980010251
2.417e-07,0.014804060980010249
2.418e-07,0.01730406098001025
2.419e-07,0.016413440980010248
2.42e-07,0.013304060980010251
2.421e-07,0.01203844098001025
2.422e-07,0.013304060980010251
2.423e-07,0.01552281098001025
2.424e-07,0.01730406098001025
2.425e-07,0.01899156098001025
2.426e-07,0.021304060980010253
2.427e-07,0.023991560980010256
2.428e-07,0.02530406098001025
2.429e-07,0.024882190980010252
2.43e-07,0.02530406098001025
2.431e-07,0.02797594098001025
2.432e-07,0.029304060980010253
2.433e-07,0.027147810980010255
2.434e-07,0.02530406098001025
2.435e-07,0.027007190980010254
2.436e-07,0.029304060980010253
2.437e-07,0.030038440980010253
2.438e-07,0.03330406098001025
2.439e-07,0.04167906098001025
2.44e-07,0.04930406098001025
2.441e-07,0.04944469098001025
2.442e-07,0.045304060980010254
2.443e-07,0.042272810980010254
2.444e-07,0.04130406098001025
2.445e-07,0.04052281098001025
2.446e-07,0.04130406098001025
2.447e-07,0.043835310980010256
2.448e-07,0.045304060980010254
2.449e-07,0.043507190980010255
2.45e-07,0.04130406098001025
2.451e-07,0.04216344098001025
2.452e-07,0.045304060980010254
2.453e-07,0.04714781098001025
2.454e-07,0.045304060980010254
2.455e-07,0.041772810980010254
2.456e-07,0.04130406098001025
2.457e-07,0.045429060980010254
2.458e-07,0.04930406098001025
2.459e-07,0.04858531098001025
2.46e-07,0.045304060980010254
2.461e-07,0.043944690980010255
2.462e-07,0.045304060980010254
2.463e-07,0.04752281098001025
2.464e-07,0.04930406098001025
2.465e-07,0.051007190980010254
2.466e-07,0.053304060980010254
2.467e-07,0.054804060980010255
2.468e-07,0.053304060980010254
2.469e-07,0.04969469098001025
2.47e-07,0.04930406098001025
2.471e-07,0.05388219098001025
2.472e-07,0.05730406098001026
2.473e-07,0.05433531098001025
2.474e-07,0.04930406098001025
2.475e-07,0.04897594098001025
2.476e-07,0.053304060980010254
2.477e-07,0.05727281098001025
2.478e-07,0.05730406098001026
2.479e-07,0.054600940980010254
2.48e-07,0.053304060980010254
2.481e-07,0.05513219098001025
2.482e-07,0.05730406098001026
2.483e-07,0.057319690980010246
2.484e-07,0.05730406098001026
2.485e-07,0.05944469098001025
2.486e-07,0.06130406098001025
2.487e-07,0.059835310980010256
2.488e-07,0.05730406098001026
2.489e-07,0.05661656098001025
2.49e-07,0.05730406098001026
2.491e-07,0.05738219098001025
2.492e-07,0.05730406098001026
2.493e-07,0.058507190980010254
2.494e-07,0.06130406098001025
2.495e-07,0.06319469098001025
2.496e-07,0.06130406098001025
2.497e-07,0.05625719098001025
2.498e-07,0.053304060980010254
2.499e-07,0.05514781098001026
2.5e-07,0.05730406098001026
2.501e-07,0.05564781098001026
2.502e-07,0.053304060980010254
2.503e-07,0.054554060980010255
2.504e-07,0.05730406098001026
2.505e-07,0.057835310980010254
2.506e-07,0.05730406098001026
2.507e-07,0.05763219098001025
2.508e-07,0.05730406098001026
2.509e-07,0.05474156098001025
2.51e-07,0.053304060980010254
2.511e-07,0.05514781098001026
2.512e-07,0.05730406098001026
2.513e-07,0.056225940980010256
2.514e-07,0.053304060980010254
2.515e-07,0.05105406098001025
2.516e-07,0.04930406098001025
2.517e-07,0.046991560980010255
2.518e-07,0.045304060980010254
2.519e-07,0.04627281098001025
2.52e-07,0.04930406098001025
2.521e-07,0.05216344098001026
2.522e-07,0.053304060980010254
2.523e-07,0.05200719098001025
2.524e-07,0.04930406098001025
2.525e-07,0.04650719098001025
2.526e-07,0.045304060980010254
2.527e-07,0.04539781098001025
2.528e-07,0.045304060980010254
2.529e-07,0.04361656098001025
2.53e-07,0.04130406098001025
2.531e-07,0.03921031098001025
2.532e-07,0.037304060980010254
2.533e-07,0.035210310980010255
2.534e-07,0.03330406098001025
2.535e-07,0.032663440980010255
2.536e-07,0.03330406098001025
2.537e-07,0.034210310980010254
2.538e-07,0.03330406098001025
2.539e-07,0.030725940980010254
2.54e-07,0.029304060980010253
2.541e-07,0.02994469098001025
2.542e-07,0.029304060980010253
2.543e-07,0.026257190980010253
2.544e-07,0.02530406098001025
2.545e-07,0.029288440980010252
2.546e-07,0.03330406098001025
2.547e-07,0.031288440980010254
2.548e-07,0.02530406098001025
2.549e-07,0.02121031098001025
2.55e-07,0.021304060980010253
2.551e-07,0.02369469098001025
2.552e-07,0.02530406098001025
2.553e-07,0.024225940980010255
2.554e-07,0.021304060980010253
2.555e-07,0.018335310980010254
2.556e-07,0.01730406098001025
2.557e-07,0.018647810980010247
2.558e-07,0.021304060980010253
2.559e-07,0.02289781098001025
2.56e-07,0.021304060980010253
2.561e-07,0.015835310980010252
2.562e-07,0.009304060980010251
2.563e-07,0.005304060980010251
2.564e-07,0.005304060980010251
2.565e-07,0.007944690980010249
2.566e-07,0.009304060980010251
2.567e-07,0.007757190980010252
2.568e-07,0.005304060980010251
2.569e-07,0.00442906098001025
2.57e-07,0.005304060980010251
2.571e-07,0.006163440980010251
2.572e-07,0.005304060980010251
2.573e-07,0.004007190980010251
2.574e-07,0.005304060980010251
2.575e-07,0.00767906098001025
2.576e-07,0.005304060980010251
2.577e-07,-0.003570937019989749
2.578e-07,-0.01069593723185075
2.579e-07,-0.008914687019989749
2.58e-07,-0.0026959370199897484
2.581e-07,-0.0002271890199897486
2.582e-07,-0.0026959370199897484
2.583e-07,-0.0059615620199897496
2.584e-07,-0.006695937019989749
2.585e-07,-0.00600843701998975
2.586e-07,-0.006695937019989749
2.587e-07,-0.009180312019989749
2.588e-07,-0.01069593723185075
2.589e-07,-0.010070937219989749
2.59e-07,-0.01069593723185075
2.591e-07,-0.01583656201998975
2.592e-07,-0.02269593901998975
2.593e-07,-0.02547718901998975
2.594e-07,-0.02269593901998975
2.595e-07,-0.01749281201998975
2.596e-07,-0.014695937019989749
2.597e-07,-0.01600843701998975
2.598e-07,-0.01869593701998975
2.599e-07,-0.01961781201998975
2.6e-07,-0.01869593701998975
2.601e-07,-0.01900843701998975
2.602e-07,-0.02269593901998975
2.603e-07,-0.028117809019989747
2.604e-07,-0.03069593901998975
2.605e-07,-0.02894593901998975
2.606e-07,-0.026695939019989748
2.607e-07,-0.027680309019989746
2.608e-07,-0.03069593901998975
2.609e-07,-0.03185218901998975
2.61e-07,-0.03069593901998975
2.611e-07,-0.02952405901998975
2.612e-07,-0.03069593901998975
2.613e-07,-0.03319593901998975
2.614e-07,-0.03469593901998975
2.615e-07,-0.03355530901998975
2.616e-07,-0.03069593901998975
2.617e-07,-0.029164689019989747
2.618e-07,-0.03069593901998975
2.619e-07,-0.03280530901998975
2.62e-07,-0.03069593901998975
2.621e-07,-0.02494593901998975
2.622e-07,-0.02269593901998975
2.623e-07,-0.029227189019989747
2.624e-07,-0.03869593901998975
2.625e-07,-0.04238343901998975
2.626e-07,-0.03869593901998975
2.627e-07,-0.03280530901998975
2.628e-07,-0.03069593901998975
2.629e-07,-0.03374280901998975
2.63e-07,-0.03869593901998975
2.631e-07,-0.04177405901998975
2.632e-07,-0.04269593901998975
2.633e-07,-0.04178968901998975
2.634e-07,-0.03869593901998975
2.635e-07,-0.03378968901998975
2.636e-07,-0.03069593901998975
2.637e-07,-0.031961559019989746
2.638e-07,-0.03469593901998975
2.639e-07,-0.035367809019989746
2.64e-07,-0.03469593901998975
2.641e-07,-0.035492809019989746
2.642e-07,-0.03869593901998975
2.643e-07,-0.042117809019989745
2.644e-07,-0.04269593901998975
2.645e-07,-0.03935218901998975
2.646e-07,-0.03469593901998975
2.647e-07,-0.03172718901998975
2.648e-07,-0.03069593901998975
2.649e-07,-0.03049280901998975
2.65e-07,-0.03069593901998975
2.651e-07,-0.031274059019989746
2.652e-07,-0.03069593901998975
2.653e-07,-0.029492809019989748
2.654e-07,-0.03069593901998975
2.655e-07,-0.03525843901998975
2.656e-07,-0.03869593901998975
2.657e-07,-0.03757093901998975
2.658e-07,-0.03469593901998975
2.659e-07,-0.03383655901998975
2.66e-07,-0.03469593901998975
2.661e-07,-0.03391468901998975
2.662e-07,-0.03069593901998975
2.663e-07,-0.027227189019989752
2.664e-07,-0.026695939019989748
2.665e-07,-0.029227189019989747
2.666e-07,-0.03069593901998975
2.667e-07,-0.028930309019989747
2.668e-07,-0.026695939019989748
2.669e-07,-0.02678968901998975
2.67e-07,-0.026695939019989748
2.671e-07,-0.02424280901998975
2.672e-07,-0.02269593901998975
2.673e-07,-0.02553968901998975
2.674e-07,-0.03069593901998975
2.675e-07,-0.03299280901998975
2.676e-07,-0.03069593901998975
2.677e-07,-0.025961559019989748
2.678e-07,-0.02269593901998975
2.679e-07,-0.021430309019989748
2.68e-07,-0.01869593701998975
2.681e-07,-0.01347718701998975
2.682e-07,-0.01069593723185075
2.683e-07,-0.01399281201998975
2.684e-07,-0.01869593701998975
2.685e-07,-0.019774062019989748
2.686e-07,-0.01869593701998975
2.687e-07,-0.01891468701998975
2.688e-07,-0.01869593701998975
2.689e-07,-0.01527406201998975
2.69e-07,-0.01069593723185075
2.691e-07,-0.009117812019989749
2.692e-07,-0.01069593723185075
2.693e-07,-0.013258437019989749
2.694e-07,-0.014695937019989749
2.695e-07,-0.01383656201998975
2.696e-07,-0.01069593723185075
2.697e-07,-0.007336562019989749
2.698e-07,-0.006695937019989749
2.699e-07,-0.010070937219989749
2.7e-07,-0.014695937019989749
2.701e-07,-0.01669593701998975
2.702e-07,-0.014695937019989749
2.703e-07,-0.010211562219989749
2.704e-07,-0.006695937019989749
2.705e-07,-0.00599281201998975
2.706e-07,-0.006695937019989749
2.707e-07,-0.006914687019989749
2.708e-07,-0.006695937019989749
2.709e-07,-0.006836562019989749
2.71e-07,-0.006695937019989749
2.711e-07,-0.006258437019989749
2.712e-07,-0.006695937019989749
2.713e-07,-0.00785218701998975
2.714e-07,-0.006695937019989749
2.715e-07,-0.0022428120199897497
2.716e-07,0.001304060980010251
2.717e-07,-0.0005553090199897498
2.718e-07,-0.006695937019989749
2.719e-07,-0.011570937219989749
2.72e-07,-0.01069593723185075
2.721e-07,-0.004524062019989749
2.722e-07,0.001304060980010251
2.723e-07,0.0026634409800102513
2.724e-07,0.001304060980010251
2.725e-07,0.0006946909800102513
2.726e-07,0.001304060980010251
2.727e-07,0.0014603109800102512
2.728e-07,0.001304060980010251
2.729e-07,0.0014915609800102512
2.73e-07,0.001304060980010251
2.731e-07,0.0006321909800102513
2.732e-07,0.001304060980010251
2.733e-07,0.0037103109800102514
2.734e-07,0.005304060980010251
2.735e-07,0.0038040609800102515
2.736e-07,0.001304060980010251
2.737e-07,0.0014446909800102502
2.738e-07,0.005304060980010251
2.739e-07,0.010475940980010251
2.74e-07,0.013304060980010251
2.741e-07,0.01127281098001025
2.742e-07,0.005304060980010251
2.743e-07,-0.0009146870199897485
2.744e-07,-0.0026959370199897484
2.745e-07,0.0009290609800102507
2.746e-07,0.005304060980010251
2.747e-07,0.007382190980010252
2.748e-07,0.009304060980010251
2.749e-07,0.01246031098001025
2.75e-07,0.013304060980010251
2.751e-07,0.009429060980010251
2.752e-07,0.005304060980010251
2.753e-07,0.005897810980010252
2.754e-07,0.009304060980010251
2.755e-07,0.010600940980010251
2.756e-07,0.009304060980010251
2.757e-07,0.00803844098001025
2.758e-07,0.009304060980010251
2.759e-07,0.01200719098001025
2.76e-07,0.013304060980010251
2.761e-07,0.01167906098001025
2.762e-07,0.009304060980010251
2.763e-07,0.00878844098001025
2.764e-07,0.009304060980010251
2.765e-07,0.00827281098001025
2.766e-07,0.005304060980010251
2.767e-07,0.0023665609800102502
2.768e-07,0.001304060980010251
2.769e-07,0.0037571909800102506
2.77e-07,0.009304060980010251
2.771e-07,0.015350940980010252
2.772e-07,0.01730406098001025
2.773e-07,0.013913440980010251
2.774e-07,0.009304060980010251
2.775e-07,0.007788440980010252
2.776e-07,0.009304060980010251
2.777e-07,0.011413440980010252
2.778e-07,0.013304060980010251
2.779e-07,0.015225940980010252
2.78e-07,0.01730406098001025
2.781e-07,0.018085310980010254
2.782e-07,0.01730406098001025
2.783e-07,0.015225940980010252
2.784e-07,0.013304060980010251
2.785e-07,0.01266344098001025
2.786e-07,0.013304060980010251
2.787e-07,0.013866560980010252
2.788e-07,0.013304060980010251
2.789e-07,0.01158531098001025
2.79e-07,0.009304060980010251
2.791e-07,0.00824156098001025
2.792e-07,0.009304060980010251
2.793e-07,0.01202281098001025
2.794e-07,0.013304060980010251
2.795e-07,0.01252281098001025
2.796e-07,0.013304060980010251
2.797e-07,0.01730406098001025
2.798e-07,0.021304060980010253
2.799e-07,0.02177281098001025
2.8e-07,0.021304060980010253
2.801e-07,0.021991560980010254
2.802e-07,0.021304060980010253
2.803e-07,0.01594469098001025
2.804e-07,0.009304060980010251
2.805e-07,0.005819690980010251
2.806e-07,0.005304060980010251
2.807e-07,0.006475940980010251
2.808e-07,0.009304060980010251
2.809e-07,0.013866560980010252
2.81e-07,0.01730406098001025
2.811e-07,0.017007190980010252
2.812e-07,0.013304060980010251
2.813e-07,0.010569690980010251
2.814e-07,0.013304060980010251
2.815e-07,0.019632190980010247
2.816e-07,0.021304060980010253
2.817e-07,0.01489781098001025
2.818e-07,0.009304060980010251
2.819e-07,0.01171031098001025
2.82e-07,0.01730406098001025
2.821e-07,0.01755406098001025
2.822e-07,0.013304060980010251
2.823e-07,0.010913440980010252
2.824e-07,0.013304060980010251
2.825e-07,0.017022810980010253
2.826e-07,0.01730406098001025
2.827e-07,0.01322594098001025
2.828e-07,0.009304060980010251
2.829e-07,0.008960310980010251
2.83e-07,0.009304060980010251
2.831e-07,0.007304060980010249
2.832e-07,0.005304060980010251
2.833e-07,0.0067571909800102515
2.834e-07,0.009304060980010251
2.835e-07,0.00969469098001025
2.836e-07,0.009304060980010251
2.837e-07,0.010944690980010252
2.838e-07,0.013304060980010251
2.839e-07,0.01385094098001025
2.84e-07,0.013304060980010251
2.841e-07,0.01211656098001025
2.842e-07,0.009304060980010251
2.843e-07,0.00547594098001025
2.844e-07,0.005304060980010251
2.845e-07,0.00994469098001025
2.846e-07,0.013304060980010251
2.847e-07,0.010413440980010251
2.848e-07,0.005304060980010251
2.849e-07,0.0037103109800102514
2.85e-07,0.005304060980010251
2.851e-07,0.006179060980010252
2.852e-07,0.005304060980010251
2.853e-07,0.004507190980010251
2.854e-07,0.005304060980010251
2.855e-07,0.006585310980010252
2.856e-07,0.005304060980010251
2.857e-07,0.0009134409800102515
2.858e-07,-0.0026959370199897484
2.859e-07,-0.0027740620199897485
2.86e-07,-0.0026959370199897484
2.861e-07,-0.00407093701998975
2.862e-07,-0.0026959370199897484
2.863e-07,0.004069690980010251
2.864e-07,0.009304060980010251
2.865e-07,0.007022810980010249
2.866e-07,0.001304060980010251
2.867e-07,-0.0006178090199897499
2.868e-07,0.001304060980010251
2.869e-07,0.0034134409800102503
2.87e-07,0.005304060980010251
2.871e-07,0.007632190980010252
2.872e-07,0.009304060980010251
2.873e-07,0.00903844098001025
2.874e-07,0.009304060980010251
2.875e-07,0.010554060980010252
2.876e-07,0.009304060980010251
2.877e-07,0.00449156098001025
2.878e-07,0.001304060980010251
2.879e-07,0.0029446909800102516
2.88e-07,0.005304060980010251
2.881e-07,0.0037259409800102505
2.882e-07,0.001304060980010251
2.883e-07,0.0034915609800102512
2.884e-07,0.009304060980010251
2.885e-07,0.013585310980010252
2.886e-07,0.013304060980010251
2.887e-07,0.00835094098001025
2.888e-07,0.001304060980010251
2.889e-07,-0.0036646870199897492
2.89e-07,-0.0026959370199897484
2.891e-07,0.0036478109800102514
2.892e-07,0.009304060980010251
2.893e-07,0.009366560980010251
2.894e-07,0.005304060980010251
2.895e-07,0.0018040609800102515
2.896e-07,0.001304060980010251
2.897e-07,0.00316344098001025
2.898e-07,0.005304060980010251
2.899e-07,0.006132190980010251
2.9e-07,0.005304060980010251
2.901e-07,0.00414781098001025
2.902e-07,0.005304060980010251
2.903e-07,0.00831969098001025
2.904e-07,0.009304060980010251
2.905e-07,0.005944690980010251
2.906e-07,0.001304060980010251
2.907e-07,-0.00038343901998974875
2.908e-07,0.001304060980010251
2.909e-07,0.0037884409800102506
2.91e-07,0.005304060980010251
2.911e-07,0.0056946909800102506
2.912e-07,0.005304060980010251
2.913e-07,0.004929060980010251
2.914e-07,0.005304060980010251
2.915e-07,0.006085310980010252
2.916e-07,0.005304060980010251
2.917e-07,0.0029759409800102516
2.918e-07,0.001304060980010251
2.919e-07,0.002288440980010251
2.92e-07,0.005304060980010251
2.921e-07,0.00803844098001025
2.922e-07,0.009304060980010251
2.923e-07,0.010179060980010252
2.924e-07,0.013304060980010251
2.925e-07,0.017335310980010253
2.926e-07,0.01730406098001025
2.927e-07,0.011132190980010252
2.928e-07,0.005304060980010251
2.929e-07,0.004600940980010251
2.93e-07,0.005304060980010251
2.931e-07,0.003085310980010251
2.932e-07,0.001304060980010251
2.933e-07,0.00449156098001025
2.934e-07,0.009304060980010251
2.935e-07,0.010632190980010251
2.936e-07,0.009304060980010251
2.937e-07,0.00888219098001025
2.938e-07,0.009304060980010251
2.939e-07,0.009147810980010251
2.94e-07,0.009304060980010251
2.941e-07,0.010038440980010251
2.942e-07,0.009304060980010251
2.943e-07,0.006554060980010252
2.944e-07,0.005304060980010251
2.945e-07,0.007382190980010252
2.946e-07,0.009304060980010251
2.947e-07,0.007663440980010252
2.948e-07,0.005304060980010251
2.949e-07,0.006100940980010251
2.95e-07,0.009304060980010251
2.951e-07,0.01197594098001025
2.952e-07,0.013304060980010251
2.953e-07,0.013022810980010251
2.954e-07,0.009304060980010251
2.955e-07,0.0024915609800102503
2.956e-07,-0.0026959370199897484
2.957e-07,-0.00239906201998975
2.958e-07,0.001304060980010251
2.959e-07,0.00531969098001025
2.96e-07,0.009304060980010251
2.961e-07,0.013882190980010251
2.962e-07,0.01730406098001025
2.963e-07,0.01699156098001025
2.964e-07,0.013304060980010251
2.965e-07,0.00846031098001025
2.966e-07,0.005304060980010251
2.967e-07,0.0045540609800102504
2.968e-07,0.005304060980010251
2.969e-07,0.006600940980010251
2.97e-07,0.009304060980010251
2.971e-07,0.01263219098001025
2.972e-07,0.013304060980010251
2.973e-07,0.009741560980010252
2.974e-07,0.005304060980010251
2.975e-07,0.00396031098001025
2.976e-07,0.005304060980010251
2.977e-07,0.006272810980010252
2.978e-07,0.005304060980010251
2.979e-07,0.00402281098001025
2.98e-07,0.005304060980010251
2.981e-07,0.00863219098001025
2.982e-07,0.009304060980010251
2.983e-07,0.005304060980010251
2.984e-07,0.001304060980010251
2.985e-07,0.002100940980010251
2.986e-07,0.005304060980010251
2.987e-07,0.006272810980010252
2.988e-07,0.005304060980010251
2.989e-07,0.00497594098001025
2.99e-07,0.005304060980010251
2.991e-07,0.005116560980010251
2.992e-07,0.005304060980010251
2.993e-07,0.006038440980010251
2.994e-07,0.005304060980010251
2.995e-07,0.002507190980010251
2.996e-07,0.001304060980010251
2.997e-07,0.0033821909800102502
2.998e-07,0.005304060980010251
2.999e-07,0.0038353109800102515
3e-07,0.001304060980010251
3.001e-07,0.0008821909800102515
3.002e-07,0.001304060980010251
3.003e-07,-7.093901998974847e-05
3.004e-07,-0.0026959370199897484
3.005e-07,-0.0038834370199897494
3.006e-07,-0.0026959370199897484
3.007e-07,-0.0003053090199897496
3.008e-07,0.001304060980010251
3.009e-07,0.0014446909800102502
3.01e-07,0.001304060980010251
3.011e-07,0.0015384409800102503
3.012e-07,0.001304060980010251
3.013e-07,-0.0004615590199897497
3.014e-07,-0.0026959370199897484
3.015e-07,-0.0036490620199897492
3.016e-07,-0.0026959370199897484
3.017e-07,-0.0015865620199897491
3.018e-07,-0.0026959370199897484
3.019e-07,-0.005586562019989749
3.02e-07,-0.006695937019989749
3.021e-07,-0.004399062019989749
3.022e-07,-0.0026959370199897484
3.023e-07,-0.004461562019989749
3.024e-07,-0.006695937019989749
3.025e-07,-0.005570937019989749
3.026e-07,-0.0026959370199897484
3.027e-07,-0.0017428120199897493
3.028e-07,-0.0026959370199897484
3.029e-07,-0.003336562019989749
3.03e-07,-0.0026959370199897484
3.031e-07,-0.0021490620199897496
3.032e-07,-0.0026959370199897484
3.033e-07,-0.004617812019989749
3.034e-07,-0.006695937019989749
3.035e-07,-0.007508437019989749
3.036e-07,-0.006695937019989749
3.037e-07,-0.005742812019989749
3.038e-07,-0.006695937019989749
3.039e-07,-0.009336562019989749
3.04e-07,-0.01069593723185075
3.041e-07,-0.008961562019989749
3.042e-07,-0.006695937019989749
3.043e-07,-0.006383437019989749
3.044e-07,-0.006695937019989749
3.045e-07,-0.006289687019989749
3.046e-07,-0.006695937019989749
3.047e-07,-0.009180312019989749
3.048e-07,-0.01069593723185075
3.049e-07,-0.009086562019989749
3.05e-07,-0.006695937019989749
3.051e-07,-0.007430312019989749
3.052e-07,-0.01069593723185075
3.053e-07,-0.01368031201998975
3.054e-07,-0.014695937019989749
3.055e-07,-0.01439906201998975
3.056e-07,-0.014695937019989749
3.057e-07,-0.01630531201998975
3.058e-07,-0.01869593701998975
3.059e-07,-0.01969593701998975
3.06e-07,-0.01869593701998975
3.061e-07,-0.01636781201998975
3.062e-07,-0.014695937019989749
3.063e-07,-0.014383437019989748
3.064e-07,-0.014695937019989749
3.065e-07,-0.01377406201998975
3.066e-07,-0.01069593723185075
3.067e-07,-0.007414687019989749
3.068e-07,-0.006695937019989749
3.069e-07,-0.010055312219989749
3.07e-07,-0.014695937019989749
3.071e-07,-0.01685218701998975
3.072e-07,-0.014695937019989749
3.073e-07,-0.01107093721998975
3.074e-07,-0.01069593723185075
3.075e-07,-0.014930312019989749
3.076e-07,-0.01869593701998975
3.077e-07,-0.017914687019989748
3.078e-07,-0.014695937019989749
3.079e-07,-0.013289687019989749
3.08e-07,-0.014695937019989749
3.081e-07,-0.01686781201998975
3.082e-07,-0.01869593701998975
3.083e-07,-0.02061781201998975
3.084e-07,-0.02269593901998975
3.085e-07,-0.02386780901998975
3.086e-07,-0.02269593901998975
3.087e-07,-0.01894593701998975
3.088e-07,-0.014695937019989749
3.089e-07,-0.012914687019989749
3.09e-07,-0.014695937019989749
3.091e-07,-0.01888343701998975
3.092e-07,-0.02269593901998975
3.093e-07,-0.02499280901998975
3.094e-07,-0.026695939019989748
3.095e-07,-0.02794593901998975
3.096e-07,-0.026695939019989748
3.097e-07,-0.02232093901998975
3.098e-07,-0.01869593701998975
3.099e-07,-0.01916468701998975
3.1e-07,-0.02269593901998975
3.101e-07,-0.02572718901998975
3.102e-07,-0.026695939019989748
3.103e-07,-0.026508439019989748
3.104e-07,-0.026695939019989748
3.105e-07,-0.02628968901998975
3.106e-07,-0.02269593901998975
3.107e-07,-0.01696156201998975
3.108e-07,-0.014695937019989749
3.109e-07,-0.019461562019989748
3.11e-07,-0.026695939019989748
3.111e-07,-0.029352189019989747
3.112e-07,-0.026695939019989748
3.113e-07,-0.02321155901998975
3.114e-07,-0.02269593901998975
3.115e-07,-0.02500843901998975
3.116e-07,-0.026695939019989748
3.117e-07,-0.02450843901998975
3.118e-07,-0.01869593701998975
3.119e-07,-0.01368031201998975
3.12e-07,-0.014695937019989749
3.121e-07,-0.02135218901998975
3.122e-07,-0.026695939019989748
3.123e-07,-0.026180309019989752
3.124e-07,-0.02269593901998975
3.125e-07,-0.021477189019989747
3.126e-07,-0.02269593901998975
3.127e-07,-0.02255530901998975
3.128e-07,-0.01869593701998975
3.129e-07,-0.014258437019989748
3.13e-07,-0.014695937019989749
3.131e-07,-0.02094593901998975
3.132e-07,-0.026695939019989748
3.133e-07,-0.026383439019989748
3.134e-07,-0.02269593901998975
3.135e-07,-0.021180309019989747
3.136e-07,-0.02269593901998975
3.137e-07,-0.02375843901998975
3.138e-07,-0.02269593901998975
3.139e-07,-0.02032093701998975
3.14e-07,-0.01869593701998975
3.141e-07,-0.01844593701998975
3.142e-07,-0.01869593701998975
3.143e-07,-0.01772718701998975
3.144e-07,-0.014695937019989749
3.145e-07,-0.011508437219989748
3.146e-07,-0.01069593723185075
3.147e-07,-0.012727187019989749
3.148e-07,-0.014695937019989749
3.149e-07,-0.014789687019989749
3.15e-07,-0.014695937019989749
3.151e-07,-0.01650843701998975
3.152e-07,-0.01869593701998975
3.153e-07,-0.018133437019989748
3.154e-07,-0.014695937019989749
3.155e-07,-0.010242812219989749
3.156e-07,-0.006695937019989749
3.157e-07,-0.005430312019989749
3.158e-07,-0.006695937019989749
3.159e-07,-0.009289687019989749
3.16e-07,-0.01069593723185075
3.161e-07,-0.00949281201998975
3.162e-07,-0.006695937019989749
3.163e-07,-0.005164687019989749
3.164e-07,-0.006695937019989749
3.165e-07,-0.010055312219989749
3.166e-07,-0.01069593723185075
3.167e-07,-0.006867812019989749
3.168e-07,-0.0026959370199897484
3.169e-07,-0.0019771870199897495
3.17e-07,-0.0026959370199897484
3.171e-07,-0.00239906201998975
3.172e-07,-0.0026959370199897484
3.173e-07,-0.005274062019989749
3.174e-07,-0.006695937019989749
3.175e-07,-0.004602187019989749
3.176e-07,-0.0026959370199897484
3.177e-07,-0.004320937019989749
3.178e-07,-0.006695937019989749
3.179e-07,-0.005742812019989749
3.18e-07,-0.0026959370199897484
3.181e-07,-0.0012740620199897489
3.182e-07,-0.0026959370199897484
3.183e-07,-0.004227187019989749
3.184e-07,-0.0026959370199897484
3.185e-07,0.0017728109800102514
3.186e-07,0.005304060980010251
3.187e-07,0.00436656098001025
3.188e-07,0.001304060980010251
3.189e-07,-0.00014905901998974944
3.19e-07,0.001304060980010251
3.191e-07,0.0036790609800102514
3.192e-07,0.005304060980010251
3.193e-07,0.004663440980010251
3.194e-07,0.001304060980010251
3.195e-07,-0.003586562019989749
3.196e-07,-0.006695937019989749
3.197e-07,-0.0058834370199897495
3.198e-07,-0.0026959370199897484
3.199e-07,0.000319690980010251
3.2e-07,0.001304060980010251
3.201e-07,0.0009603109800102507
3.202e-07,0.001304060980010251
3.203e-07,0.002257190980010251
3.204e-07,0.001304060980010251
3.205e-07,-0.0017896870199897493
3.206e-07,-0.0026959370199897484
3.207e-07,0.0011165609800102509
3.208e-07,0.005304060980010251
3.209e-07,0.004804060980010251
3.21e-07,0.001304060980010251
3.211e-07,-0.0011959370199897488
3.212e-07,-0.0026959370199897484
3.213e-07,-0.0036803120199897493
3.214e-07,-0.0026959370199897484
3.215e-07,0.001335310980010251
3.216e-07,0.005304060980010251
3.217e-07,0.006100940980010251
3.218e-07,0.005304060980010251
3.219e-07,0.006147810980010252
3.22e-07,0.009304060980010251
3.221e-07,0.01255406098001025
3.222e-07,0.013304060980010251
3.223e-07,0.010210310980010252
3.224e-07,0.005304060980010251
3.225e-07,0.0015540609800102512
3.226e-07,0.001304060980010251
3.227e-07,0.004663440980010251
3.228e-07,0.009304060980010251
3.229e-07,0.01258531098001025
3.23e-07,0.013304060980010251
3.231e-07,0.011663440980010252
3.232e-07,0.009304060980010251
3.233e-07,0.00816344098001025
3.234e-07,0.009304060980010251
3.235e-07,0.01180406098001025
3.236e-07,0.013304060980010251
3.237e-07,0.011882190980010249
3.238e-07,0.009304060980010251
3.239e-07,0.00814781098001025
3.24e-07,0.009304060980010251
3.241e-07,0.011757190980010252
3.242e-07,0.013304060980010251
3.243e-07,0.01242906098001025
3.244e-07,0.009304060980010251
3.245e-07,0.005882190980010251
3.246e-07,0.005304060980010251
3.247e-07,0.00872594098001025
3.248e-07,0.013304060980010251
3.249e-07,0.016225940980010248
3.25e-07,0.01730406098001025
3.251e-07,0.01663219098001025
3.252e-07,0.013304060980010251
3.253e-07,0.00803844098001025
3.254e-07,0.005304060980010251
3.255e-07,0.00813219098001025
3.256e-07,0.013304060980010251
3.257e-07,0.016210310980010252
3.258e-07,0.01730406098001025
3.259e-07,0.01803844098001025
3.26e-07,0.01730406098001025
3.261e-07,0.014694690980010252
3.262e-07,0.013304060980010251
3.263e-07,0.014288440980010251
3.264e-07,0.013304060980010251
3.265e-07,0.00842906098001025
3.266e-07,0.005304060980010251
3.267e-07,0.00938219098001025
3.268e-07,0.01730406098001025
3.269e-07,0.02200719098001025
3.27e-07,0.021304060980010253
3.271e-07,0.018319690980010253
3.272e-07,0.01730406098001025
3.273e-07,0.01905406098001025
3.274e-07,0.021304060980010253
3.275e-07,0.020694690980010255
3.276e-07,0.01730406098001025
3.277e-07,0.013710310980010252
3.278e-07,0.013304060980010251
3.279e-07,0.01561656098001025
3.28e-07,0.01730406098001025
3.281e-07,0.01600719098001025
3.282e-07,0.013304060980010251
3.283e-07,0.01230406098001025
3.284e-07,0.013304060980010251
3.285e-07,0.014257190980010251
3.286e-07,0.013304060980010251
3.287e-07,0.01092906098001025
3.288e-07,0.009304060980010251
3.289e-07,0.010257190980010251
3.29e-07,0.013304060980010251
3.291e-07,0.01638219098001025
3.292e-07,0.01730406098001025
3.293e-07,0.01569469098001025
3.294e-07,0.013304060980010251
3.295e-07,0.011163440980010252
3.296e-07,0.009304060980010251
3.297e-07,0.00805406098001025
3.298e-07,0.009304060980010251
3.299e-07,0.01338219098001025
3.3e-07,0.01730406098001025
3.301e-07,0.01705406098001025
3.302e-07,0.013304060980010251
3.303e-07,0.00877281098001025
3.304e-07,0.005304060980010251
3.305e-07,0.00408531098001025
3.306e-07,0.005304060980010251
3.307e-07,0.007085310980010249
3.308e-07,0.005304060980010251
3.309e-07,0.00016344098001025084
3.31e-07,-0.0026959370199897484
3.311e-07,0.0015384409800102503
3.312e-07,0.009304060980010251
3.313e-07,0.014225940980010251
3.314e-07,0.013304060980010251
3.315e-07,0.00975719098001025
3.316e-07,0.009304060980010251
3.317e-07,0.01227281098001025
3.318e-07,0.013304060980010251
3.319e-07,0.009179060980010251
3.32e-07,0.005304060980010251
3.321e-07,0.007319690980010252
3.322e-07,0.013304060980010251
3.323e-07,0.016225940980010248
3.324e-07,0.013304060980010251
3.325e-07,0.00777281098001025
3.326e-07,0.005304060980010251
3.327e-07,0.0073665609800102495
3.328e-07,0.009304060980010251
3.329e-07,0.007569690980010252
3.33e-07,0.005304060980010251
3.331e-07,0.006491560980010252
3.332e-07,0.009304060980010251
3.333e-07,0.009991560980010252
3.334e-07,0.009304060980010251
3.335e-07,0.00938219098001025
3.336e-07,0.009304060980010251
3.337e-07,0.007382190980010252
3.338e-07,0.005304060980010251
3.339e-07,0.004835310980010251
3.34e-07,0.005304060980010251
3.341e-07,0.005366560980010251
3.342e-07,0.005304060980010251
3.343e-07,0.0057415609800102515
3.344e-07,0.005304060980010251
3.345e-07,0.003366560980010251
3.346e-07,0.001304060980010251
3.347e-07,0.0008353109800102506
3.348e-07,0.001304060980010251
3.349e-07,0.0024290609800102503
3.35e-07,0.005304060980010251
3.351e-07,0.009929060980010252
3.352e-07,0.013304060980010251
3.353e-07,0.01261656098001025
3.354e-07,0.009304060980010251
3.355e-07,0.006272810980010252
3.356e-07,0.005304060980010251
3.357e-07,0.00535094098001025
3.358e-07,0.005304060980010251
3.359e-07,0.004772810980010251
3.36e-07,0.005304060980010251
3.361e-07,0.0073353109800102494
3.362e-07,0.009304060980010251
3.363e-07,0.00871031098001025
3.364e-07,0.005304060980010251
3.365e-07,0.0008196909800102514
3.366e-07,-0.0026959370199897484
3.367e-07,-0.0036803120199897493
3.368e-07,-0.0026959370199897484
3.369e-07,-0.0006803090199897499
3.37e-07,0.001304060980010251
3.371e-07,0.002257190980010251
3.372e-07,0.001304060980010251
3.373e-07,-8.655901998974938e-05
3.374e-07,0.001304060980010251
3.375e-07,0.006147810980010252
3.376e-07,0.009304060980010251
3.377e-07,0.0067259409800102515
3.378e-07,0.001304060980010251
3.379e-07,-0.0021959370199897497
3.38e-07,-0.0026959370199897484
3.381e-07,-0.001399062019989749
3.382e-07,0.001304060980010251
3.383e-07,0.005397810980010251
3.384e-07,0.009304060980010251
3.385e-07,0.010616560980010252
3.386e-07,0.009304060980010251
3.387e-07,0.0067884409800102515
3.388e-07,0.005304060980010251
3.389e-07,0.00531969098001025
3.39e-07,0.005304060980010251
3.391e-07,0.0035696909800102504
3.392e-07,0.001304060980010251
3.393e-07,0.00041344098001025106
3.394e-07,0.001304060980010251
3.395e-07,0.003272810980010251
3.396e-07,0.005304060980010251
3.397e-07,0.006475940980010251
3.398e-07,0.005304060980010251
3.399e-07,0.0024915609800102503
3.4e-07,0.001304060980010251
3.401e-07,0.003304060980010251
3.402e-07,0.005304060980010251
3.403e-07,0.00506969098001025
3.404e-07,0.005304060980010251
3.405e-07,0.00783531098001025
3.406e-07,0.009304060980010251
3.407e-07,0.007116560980010249
3.408e-07,0.005304060980010251
3.409e-07,0.007085310980010249
3.41e-07,0.009304060980010251
3.411e-07,0.00792906098001025
3.412e-07,0.005304060980010251
3.413e-07,0.0057103109800102515
3.414e-07,0.009304060980010251
3.415e-07,0.011757190980010252
3.416e-07,0.009304060980010251
3.417e-07,0.0034915609800102512
3.418e-07,0.001304060980010251
3.419e-07,0.00531969098001025
3.42e-07,0.009304060980010251
3.421e-07,0.00792906098001025
3.422e-07,0.005304060980010251
3.423e-07,0.006772810980010252
3.424e-07,0.009304060980010251
3.425e-07,0.007132190980010252
3.426e-07,0.001304060980010251
3.427e-07,-0.0027428120199897484
3.428e-07,-0.0026959370199897484
3.429e-07,0.0008040609800102506
3.43e-07,0.005304060980010251
3.431e-07,0.00864781098001025
3.432e-07,0.009304060980010251
3.433e-07,0.00758531098001025
3.434e-07,0.005304060980010251
3.435e-07,0.00427281098001025
3.436e-07,0.005304060980010251
3.437e-07,0.007569690980010252
3.438e-07,0.009304060980010251
3.439e-07,0.00944469098001025
3.44e-07,0.009304060980010251
3.441e-07,0.009585310980010251
3.442e-07,0.009304060980010251
3.443e-07,0.0073978109800102495
3.444e-07,0.005304060980010251
3.445e-07,0.0048196909800102515
3.446e-07,0.005304060980010251
3.447e-07,0.006335310980010252
3.448e-07,0.009304060980010251
3.449e-07,0.013147810980010251
3.45e-07,0.013304060980010251
3.451e-07,0.00855406098001025
3.452e-07,0.005304060980010251
3.453e-07,0.00827281098001025
3.454e-07,0.013304060980010251
3.455e-07,0.01341344098001025
3.456e-07,0.009304060980010251
3.457e-07,0.005757190980010251
3.458e-07,0.005304060980010251
3.459e-07,0.007038440980010252
3.46e-07,0.009304060980010251
3.461e-07,0.009554060980010251
3.462e-07,0.005304060980010251
3.463e-07,-0.0011803120199897488
3.464e-07,-0.0026959370199897484
3.465e-07,0.003304060980010251
3.466e-07,0.009304060980010251
3.467e-07,0.00894469098001025
3.468e-07,0.005304060980010251
3.469e-07,0.004163440980010251
3.47e-07,0.005304060980010251
3.471e-07,0.0046478109800102505
3.472e-07,0.001304060980010251
3.473e-07,-0.0010553120199897487
3.474e-07,0.001304060980010251
3.475e-07,0.0068196909800102515
3.476e-07,0.009304060980010251
3.477e-07,0.0056009409800102505
3.478e-07,0.001304060980010251
3.479e-07,0.00214781098001025
3.48e-07,0.005304060980010251
3.481e-07,0.004991560980010251
3.482e-07,0.001304060980010251
3.483e-07,-0.0020084370199897495
3.484e-07,-0.0026959370199897484
3.485e-07,-0.0011334370199897487
3.486e-07,0.001304060980010251
3.487e-07,0.0036165609800102513
3.488e-07,0.005304060980010251
3.489e-07,0.00510094098001025
3.49e-07,0.001304060980010251
3.491e-07,-0.004555312019989749
3.492e-07,-0.006695937019989749
3.493e-07,-0.0028209370199897485
3.494e-07,0.001304060980010251
3.495e-07,0.00021031098001025005
3.496e-07,-0.0026959370199897484
3.497e-07,-0.0020865620199897496
3.498e-07,0.001304060980010251
3.499e-07,0.003085310980010251
3.5e-07,0.001304060980010251
3.501e-07,-0.0026803120199897484
3.502e-07,-0.006695937019989749
3.503e-07,-0.00961781201998975
3.504e-07,-0.01069593723185075
3.505e-07,-0.00963343701998975
3.506e-07,-0.006695937019989749
3.507e-07,-0.00249281201998975
3.508e-07,0.001304060980010251
3.509e-07,0.0018040609800102515
3.51e-07,-0.0026959370199897484
3.511e-07,-0.010070937219989749
3.512e-07,-0.014695937019989749
3.513e-07,-0.01355531201998975
3.514e-07,-0.01069593723185075
3.515e-07,-0.010195937219989749
3.516e-07,-0.01069593723185075
3.517e-07,-0.009133437019989749
3.518e-07,-0.006695937019989749
3.519e-07,-0.0059303120199897495
3.52e-07,-0.006695937019989749
3.521e-07,-0.007008437019989749
3.522e-07,-0.006695937019989749
3.523e-07,-0.006680312019989749
3.524e-07,-0.006695937019989749
3.525e-07,-0.006680312019989749
3.526e-07,-0.006695937019989749
3.527e-07,-0.007008437019989749
3.528e-07,-0.006695937019989749
3.529e-07,-0.00607093701998975
3.53e-07,-0.006695937019989749
3.531e-07,-0.008961562019989749
3.532e-07,-0.01069593723185075
3.533e-07,-0.010617812229989749
3.534e-07,-0.01069593723185075
3.535e-07,-0.012742812019989749
3.536e-07,-0.014695937019989749
3.537e-07,-0.01382093701998975
3.538e-07,-0.01069593723185075
3.539e-07,-0.00805531201998975
3.54e-07,-0.006695937019989749
3.541e-07,-0.007352187019989749
3.542e-07,-0.01069593723185075
3.543e-07,-0.01583656201998975
3.544e-07,-0.01869593701998975
3.545e-07,-0.018133437019989748
3.546e-07,-0.01869593701998975
3.547e-07,-0.02300843901998975
3.548e-07,-0.026695939019989748
3.549e-07,-0.02543030901998975
3.55e-07,-0.02269593901998975
3.551e-07,-0.02225843901998975
3.552e-07,-0.02269593901998975
3.553e-07,-0.02078968901998975
3.554e-07,-0.01869593701998975
3.555e-07,-0.01968031201998975
3.556e-07,-0.02269593901998975
3.557e-07,-0.02427405901998975
3.558e-07,-0.02269593901998975
3.559e-07,-0.01994593701998975
3.56e-07,-0.01869593701998975
3.561e-07,-0.02032093701998975
3.562e-07,-0.02269593901998975
3.563e-07,-0.02346155901998975
3.564e-07,-0.02269593901998975
3.565e-07,-0.02296155901998975
3.566e-07,-0.026695939019989748
3.567e-07,-0.032195939019989746
3.568e-07,-0.03469593901998975
3.569e-07,-0.03150843901998975
3.57e-07,-0.026695939019989748
3.571e-07,-0.02421155901998975
3.572e-07,-0.02269593901998975
3.573e-07,-0.02016468701998975
3.574e-07,-0.01869593701998975
3.575e-07,-0.02071155901998975
3.576e-07,-0.02269593901998975
3.577e-07,-0.022289689019989747
3.578e-07,-0.02269593901998975
3.579e-07,-0.02678968901998975
3.58e-07,-0.03069593901998975
3.581e-07,-0.031133439019989752
3.582e-07,-0.03069593901998975
3.583e-07,-0.03261780901998975
3.584e-07,-0.03469593901998975
3.585e-07,-0.03255530901998975
3.586e-07,-0.026695939019989748
3.587e-07,-0.02194593901998975
3.588e-07,-0.02269593901998975
3.589e-07,-0.028727189019989746
3.59e-07,-0.03469593901998975
3.591e-07,-0.036227189019989746
3.592e-07,-0.03469593901998975
3.593e-07,-0.03378968901998975
3.594e-07,-0.03469593901998975
3.595e-07,-0.03563343901998975
3.596e-07,-0.03469593901998975
3.597e-07,-0.03233655901998975
3.598e-07,-0.03069593901998975
3.599e-07,-0.03050843901998975
3.6e-07,-0.03069593901998975
3.601e-07,-0.03038343901998975
3.602e-07,-0.03069593901998975
3.603e-07,-0.03372718901998975
3.604e-07,-0.03869593901998975
3.605e-07,-0.04157093901998975
3.606e-07,-0.03869593901998975
3.607e-07,-0.03141468901998975
3.608e-07,-0.026695939019989748
3.609e-07,-0.02925843901998975
3.61e-07,-0.03469593901998975
3.611e-07,-0.03658655901998975
3.612e-07,-0.03469593901998975
3.613e-07,-0.03222718901998975
3.614e-07,-0.03069593901998975
3.615e-07,-0.030852189019989748
3.616e-07,-0.03469593901998975
3.617e-07,-0.04072718901998975
3.618e-07,-0.04269593901998975
3.619e-07,-0.03730530901998975
3.62e-07,-0.03069593901998975
3.621e-07,-0.02907093901998975
3.622e-07,-0.03069593901998975
3.623e-07,-0.03025843901998975
3.624e-07,-0.026695939019989748
3.625e-07,-0.02335218901998975
3.626e-07,-0.02269593901998975
3.627e-07,-0.025633439019989747
3.628e-07,-0.03069593901998975
3.629e-07,-0.03500843901998975
3.63e-07,-0.03469593901998975
3.631e-07,-0.030211559019989752
3.632e-07,-0.026695939019989748
3.633e-07,-0.027742809019989746
3.634e-07,-0.03069593901998975
3.635e-07,-0.03153968901998975
3.636e-07,-0.03069593901998975
3.637e-07,-0.03030530901998975
3.638e-07,-0.03069593901998975
3.639e-07,-0.03068030901998975
3.64e-07,-0.03069593901998975
3.641e-07,-0.03111780901998975
3.642e-07,-0.03069593901998975
3.643e-07,-0.02877405901998975
3.644e-07,-0.026695939019989748
3.645e-07,-0.026149059019989748
3.646e-07,-0.026695939019989748
3.647e-07,-0.027117809019989753
3.648e-07,-0.026695939019989748
3.649e-07,-0.02622718901998975
3.65e-07,-0.026695939019989748
3.651e-07,-0.02839905901998975
3.652e-07,-0.03069593901998975
3.653e-07,-0.03175843901998975
3.654e-07,-0.03069593901998975
3.655e-07,-0.02813343901998975
3.656e-07,-0.026695939019989748
3.657e-07,-0.026805309019989752
3.658e-07,-0.026695939019989748
3.659e-07,-0.02375843901998975
3.66e-07,-0.01869593701998975
3.661e-07,-0.01477406201998975
3.662e-07,-0.014695937019989749
3.663e-07,-0.01764906201998975
3.664e-07,-0.01869593701998975
3.665e-07,-0.01555531201998975
3.666e-07,-0.01069593723185075
3.667e-07,-0.008930312019989749
3.668e-07,-0.01069593723185075
3.669e-07,-0.01366468701998975
3.67e-07,-0.014695937019989749
3.671e-07,-0.01408656201998975
3.672e-07,-0.014695937019989749
3.673e-07,-0.01724281201998975
3.674e-07,-0.01869593701998975
3.675e-07,-0.01685218701998975
3.676e-07,-0.014695937019989749
3.677e-07,-0.014727187019989749
3.678e-07,-0.014695937019989749
3.679e-07,-0.01143031221998975
3.68e-07,-0.006695937019989749
3.681e-07,-0.004789687019989749
3.682e-07,-0.006695937019989749
3.683e-07,-0.009836562219989749
3.684e-07,-0.01069593723185075
3.685e-07,-0.00863343701998975
3.686e-07,-0.006695937019989749
3.687e-07,-0.0077896870199897494
3.688e-07,-0.01069593723185075
3.689e-07,-0.01213343701998975
3.69e-07,-0.01069593723185075
3.691e-07,-0.007024062019989749
3.692e-07,-0.0026959370199897484
3.693e-07,0.0005696909800102512
3.694e-07,0.001304060980010251
3.695e-07,-0.0005709390199897489
3.696e-07,-0.0026959370199897484
3.697e-07,-0.003274062019989749
3.698e-07,-0.0026959370199897484
3.699e-07,-0.00249281201998975
3.7e-07,-0.0026959370199897484
3.701e-07,-0.0029303120199897495
3.702e-07,-0.0026959370199897484
3.703e-07,-0.001524062019989749
3.704e-07,0.001304060980010251
3.705e-07,0.004569690980010251
3.706e-07,0.005304060980010251
3.707e-07,0.0019290609800102516
3.708e-07,-0.0026959370199897484
3.709e-07,-0.004555312019989749
3.71e-07,-0.0026959370199897484
3.711e-07,0.00042906098001025024
3.712e-07,0.001304060980010251
3.713e-07,-0.000695939019989749
3.714e-07,-0.0026959370199897484
3.715e-07,-0.0017584370199897493
3.716e-07,0.001304060980010251
3.717e-07,0.004038440980010251
3.718e-07,0.005304060980010251
3.719e-07,0.00553844098001025
3.72e-07,0.005304060980010251
3.721e-07,0.0048821909800102516
3.722e-07,0.005304060980010251
3.723e-07,0.006100940980010251
3.724e-07,0.005304060980010251
3.725e-07,0.0026634409800102513
3.726e-07,0.001304060980010251
3.727e-07,0.0029290609800102507
3.728e-07,0.005304060980010251
3.729e-07,0.005913440980010251
3.73e-07,0.005304060980010251
3.731e-07,0.006163440980010251
3.732e-07,0.009304060980010251
3.733e-07,0.01161656098001025
3.734e-07,0.009304060980010251
3.735e-07,0.003397810980010251
3.736e-07,0.001304060980010251
3.737e-07,0.006804060980010252
3.738e-07,0.013304060980010251
3.739e-07,0.01338219098001025
3.74e-07,0.009304060980010251
3.741e-07,0.006429060980010252
3.742e-07,0.005304060980010251
3.743e-07,0.004538440980010251
3.744e-07,0.005304060980010251
3.745e-07,0.00922594098001025
3.746e-07,0.013304060980010251
3.747e-07,0.01316344098001025
3.748e-07,0.009304060980010251
3.749e-07,0.00538219098001025
3.75e-07,0.005304060980010251
3.751e-07,0.010257190980010251
3.752e-07,0.01730406098001025
3.753e-07,0.020819690980010255
3.754e-07,0.01730406098001025
3.755e-07,0.00846031098001025
3.756e-07,0.001304060980010251
3.757e-07,0.0009915609800102507
3.758e-07,0.005304060980010251
3.759e-07,0.00916344098001025
3.76e-07,0.009304060980010251
3.761e-07,0.00771031098001025
3.762e-07,0.009304060980010251
3.763e-07,0.014382190980010251
3.764e-07,0.01730406098001025
3.765e-07,0.015069690980010252
3.766e-07,0.013304060980010251
3.767e-07,0.01569469098001025
3.768e-07,0.01730406098001025
3.769e-07,0.01225719098001025
3.77e-07,0.005304060980010251
3.771e-07,0.00325719098001025
3.772e-07,0.005304060980010251
3.773e-07,0.006429060980010252
3.774e-07,0.005304060980010251
3.775e-07,0.004475940980010251
3.776e-07,0.005304060980010251
3.777e-07,0.00749156098001025
3.778e-07,0.009304060980010251
3.779e-07,0.00881969098001025
3.78e-07,0.005304060980010251
3.781e-07,0.0013821909800102502
3.782e-07,0.001304060980010251
3.783e-07,0.00541344098001025
3.784e-07,0.009304060980010251
3.785e-07,0.00872594098001025
3.786e-07,0.005304060980010251
3.787e-07,0.0034915609800102512
3.788e-07,0.005304060980010251
3.789e-07,0.007600940980010252
3.79e-07,0.005304060980010251
3.791e-07,-0.0016334370199897492
3.792e-07,-0.006695937019989749
3.793e-07,-0.004742812019989749
3.794e-07,0.001304060980010251
3.795e-07,0.00522594098001025
3.796e-07,0.005304060980010251
3.797e-07,0.004382190980010251
3.798e-07,0.005304060980010251
3.799e-07,0.006772810980010252
3.8e-07,0.005304060980010251
3.801e-07,-0.0005084390199897489
3.802e-07,-0.006695937019989749
3.803e-07,-0.008680312019989748
3.804e-07,-0.006695937019989749
3.805e-07,-0.0038521870199897494
3.806e-07,-0.0026959370199897484
3.807e-07,-0.0028521870199897485
3.808e-07,-0.0026959370199897484
3.809e-07,-0.0020709370199897496
3.81e-07,-0.0026959370199897484
3.811e-07,-0.004149062019989749
3.812e-07,-0.0026959370199897484
3.813e-07,0.00233531098001025
3.814e-07,0.005304060980010251
3.815e-07,0.0008978109800102507
3.816e-07,-0.006695937019989749
3.817e-07,-0.01094593721998975
3.818e-07,-0.01069593723185075
3.819e-07,-0.008820937019989749
3.82e-07,-0.006695937019989749
3.821e-07,-0.005195937019989749
3.822e-07,-0.006695937019989749
3.823e-07,-0.01035218721998975
3.824e-07,-0.01069593723185075
3.825e-07,-0.006930312019989749
3.826e-07,-0.006695937019989749
3.827e-07,-0.01349281201998975
3.828e-07,-0.01869593701998975
3.829e-07,-0.014477187019989748
3.83e-07,-0.006695937019989749
3.831e-07,-0.005211562019989749
3.832e-07,-0.01069593723185075
3.833e-07,-0.01661781201998975
3.834e-07,-0.01869593701998975
3.835e-07,-0.01718031201998975
3.836e-07,-0.014695937019989749
3.837e-07,-0.01266468701998975
3.838e-07,-0.01069593723185075
3.839e-07,-0.008336562019989748
3.84e-07,-0.006695937019989749
3.841e-07,-0.007774062019989749
3.842e-07,-0.01069593723185075
3.843e-07,-0.013274062019989749
3.844e-07,-0.014695937019989749
3.845e-07,-0.015227187019989749
3.846e-07,-0.014695937019989749
3.847e-07,-0.01410218701998975
3.848e-07,-0.014695937019989749
3.849e-07,-0.01578968701998975
3.85e-07,-0.014695937019989749
3.851e-07,-0.01049281221998975
3.852e-07,-0.006695937019989749
3.853e-07,-0.00799281201998975
3.854e-07,-0.014695937019989749
3.855e-07,-0.02188343901998975
3.856e-07,-0.02269593901998975
3.857e-07,-0.01644593701998975
3.858e-07,-0.01069593723185075
3.859e-07,-0.01127406221998975
3.86e-07,-0.014695937019989749
3.861e-07,-0.01547718701998975
3.862e-07,-0.014695937019989749
3.863e-07,-0.01597718701998975
3.864e-07,-0.01869593701998975
3.865e-07,-0.01969593701998975
3.866e-07,-0.01869593701998975
3.867e-07,-0.01696156201998975
3.868e-07,-0.014695937019989749
3.869e-07,-0.01216468701998975
3.87e-07,-0.01069593723185075
3.871e-07,-0.01174281201998975
3.872e-07,-0.014695937019989749
3.873e-07,-0.01772718701998975
3.874e-07,-0.01869593701998975
3.875e-07,-0.01722718701998975
3.876e-07,-0.014695937019989749
3.877e-07,-0.01350843701998975
3.878e-07,-0.014695937019989749
3.879e-07,-0.01735218701998975
3.88e-07,-0.01869593701998975
3.881e-07,-0.01822718701998975
3.882e-07,-0.01869593701998975
3.883e-07,-0.021117809019989747
3.884e-07,-0.02269593901998975
3.885e-07,-0.02108655901998975
3.886e-07,-0.01869593701998975
3.887e-07,-0.019274062019989747
3.888e-07,-0.02269593901998975
3.889e-07,-0.02494593901998975
3.89e-07,-0.02269593901998975
3.891e-07,-0.01735218701998975
3.892e-07,-0.014695937019989749
3.893e-07,-0.01789906201998975
3.894e-07,-0.02269593901998975
3.895e-07,-0.02400843901998975
3.896e-07,-0.02269593901998975
3.897e-07,-0.02207093901998975
3.898e-07,-0.02269593901998975
3.899e-07,-0.022852189019989748
3.9e-07,-0.02269593901998975
3.901e-07,-0.02280530901998975
3.902e-07,-0.02269593901998975
3.903e-07,-0.021180309019989747
3.904e-07,-0.01869593701998975
3.905e-07,-0.01622718701998975
3.906e-07,-0.014695937019989749
3.907e-07,-0.014539687019989748
3.908e-07,-0.014695937019989749
3.909e-07,-0.01477406201998975
3.91e-07,-0.014695937019989749
3.911e-07,-0.014852187019989749
3.912e-07,-0.014695937019989749
3.913e-07,-0.014383437019989748
3.914e-07,-0.014695937019989749
3.915e-07,-0.01646156201998975
3.916e-07,-0.01869593701998975
3.917e-07,-0.01966468701998975
3.918e-07,-0.01869593701998975
3.919e-07,-0.01652406201998975
3.92e-07,-0.014695937019989749
3.921e-07,-0.014164687019989748
3.922e-07,-0.014695937019989749
3.923e-07,-0.015070937019989749
3.924e-07,-0.014695937019989749
3.925e-07,-0.01413343701998975
3.926e-07,-0.014695937019989749
3.927e-07,-0.01668031201998975
3.928e-07,-0.01869593701998975
3.929e-07,-0.01830531201998975
3.93e-07,-0.014695937019989749
3.931e-07,-0.00958656201998975
3.932e-07,-0.006695937019989749
3.933e-07,-0.00783656201998975
3.934e-07,-0.01069593723185075
3.935e-07,-0.01199281201998975
3.936e-07,-0.01069593723185075
3.937e-07,-0.00828968701998975
3.938e-07,-0.006695937019989749
3.939e-07,-0.006539687019989749
3.94e-07,-0.006695937019989749
3.941e-07,-0.006633437019989749
3.942e-07,-0.006695937019989749
3.943e-07,-0.007164687019989749
3.944e-07,-0.006695937019989749
3.945e-07,-0.004555312019989749
3.946e-07,-0.0026959370199897484
3.947e-07,-0.00263343701998975
3.948e-07,-0.0026959370199897484
3.949e-07,-0.0020553120199897496
3.95e-07,-0.0026959370199897484
3.951e-07,-0.005414687019989749
3.952e-07,-0.006695937019989749
3.953e-07,-0.0036490620199897492
3.954e-07,0.001304060980010251
3.955e-07,0.00328844098001025
3.956e-07,0.001304060980010251
3.957e-07,-0.0019146870199897494
3.958e-07,-0.0026959370199897484
3.959e-07,-0.0004146890199897488
3.96e-07,0.001304060980010251
3.961e-07,-0.00011780901998974941
3.962e-07,-0.0026959370199897484
3.963e-07,-0.003414687019989749
3.964e-07,-0.0026959370199897484
3.965e-07,-0.001367812019989749
3.966e-07,0.001304060980010251
3.967e-07,0.005788440980010251
3.968e-07,0.009304060980010251
3.969e-07,0.00872594098001025
3.97e-07,0.005304060980010251
3.971e-07,0.0029915609800102508
3.972e-07,0.005304060980010251
3.973e-07,0.010804060980010249
3.974e-07,0.013304060980010251
3.975e-07,0.009772810980010252
3.976e-07,0.005304060980010251
3.977e-07,0.0046478109800102505
3.978e-07,0.005304060980010251
3.979e-07,0.004444690980010251
3.98e-07,0.005304060980010251
3.981e-07,0.011007190980010252
3.982e-07,0.01730406098001025
3.983e-07,0.01885094098001025
3.984e-07,0.01730406098001025
3.985e-07,0.016647810980010253
3.986e-07,0.01730406098001025
3.987e-07,0.01650719098001025
3.988e-07,0.013304060980010251
3.989e-07,0.009585310980010251
3.99e-07,0.009304060980010251
3.991e-07,0.013147810980010251
3.992e-07,0.01730406098001025
3.993e-07,0.01822594098001025
3.994e-07,0.01730406098001025
3.995e-07,0.017194690980010252
3.996e-07,0.01730406098001025
3.997e-07,0.015913440980010247
3.998e-07,0.013304060980010251
3.999e-07,0.01197594098001025
4e-07,0.013304060980010251
4.001e-07,0.016038440980010248
4.002e-07,0.01730406098001025
4.003e-07,0.016710310980010253
4.004e-07,0.01730406098001025
4.005e-07,0.021194690980010256
4.006e-07,0.02530406098001025
4.007e-07,0.025163440980010256
4.008e-07,0.021304060980010253
4.009e-07,0.01749156098001025
4.01e-07,0.01730406098001025
4.011e-07,0.020741560980010253
4.012e-07,0.02530406098001025
4.013e-07,0.02736656098001025
4.014e-07,0.02530406098001025
4.015e-07,0.020694690980010255
4.016e-07,0.01730406098001025
4.017e-07,0.016835310980010253
4.018e-07,0.01730406098001025
4.019e-07,0.017022810980010253
4.02e-07,0.01730406098001025
4.021e-07,0.02052281098001025
4.022e-07,0.02530406098001025
4.023e-07,0.028632190980010255
4.024e-07,0.029304060980010253
4.025e-07,0.026897810980010255
4.026e-07,0.021304060980010253
4.027e-07,0.01588219098001025
4.028e-07,0.01730406098001025
4.029e-07,0.026210310980010254
4.03e-07,0.03330406098001025
4.031e-07,0.031350940980010254
4.032e-07,0.02530406098001025
4.033e-07,0.02319469098001025
4.034e-07,0.02530406098001025
4.035e-07,0.02667906098001025
4.036e-07,0.02530406098001025
4.037e-07,0.023741560980010255
4.038e-07,0.02530406098001025
4.039e-07,0.029741560980010254
4.04e-07,0.03330406098001025
4.041e-07,0.03271031098001025
4.042e-07,0.029304060980010253
4.043e-07,0.02642906098001025
4.044e-07,0.02530406098001025
4.045e-07,0.025085310980010253
4.046e-07,0.02530406098001025
4.047e-07,0.026522810980010254
4.048e-07,0.029304060980010253
4.049e-07,0.03225719098001025
4.05e-07,0.03330406098001025
4.051e-07,0.03150719098001025
4.052e-07,0.029304060980010253
4.053e-07,0.028819690980010255
4.054e-07,0.029304060980010253
4.055e-07,0.028272810980010256
4.056e-07,0.02530406098001025
4.057e-07,0.02219469098001025
4.058e-07,0.021304060980010253
4.059e-07,0.02319469098001025
4.06e-07,0.02530406098001025
4.061e-07,0.025772810980010254
4.062e-07,0.02530406098001025
4.063e-07,0.02536656098001025
4.064e-07,0.02530406098001025
4.065e-07,0.024725940980010255
4.066e-07,0.02530406098001025
4.067e-07,0.027632190980010254
4.068e-07,0.029304060980010253
4.069e-07,0.02785094098001025
4.07e-07,0.02530406098001025
4.071e-07,0.024397810980010252
4.072e-07,0.02530406098001025
4.073e-07,0.026085310980010254
4.074e-07,0.02530406098001025
4.075e-07,0.023366560980010255
4.076e-07,0.021304060980010253
4.077e-07,0.020491560980010252
4.078e-07,0.021304060980010253
4.079e-07,0.02331969098001025
4.08e-07,0.02530406098001025
4.081e-07,0.02699156098001025
4.082e-07,0.029304060980010253
4.083e-07,0.031929060980010256
4.084e-07,0.03330406098001025
4.085e-07,0.031929060980010256
4.086e-07,0.029304060980010253
4.087e-07,0.02691344098001025
4.088e-07,0.02530406098001025
4.089e-07,0.023475940980010254
4.09e-07,0.021304060980010253
4.091e-07,0.020179060980010252
4.092e-07,0.021304060980010253
4.093e-07,0.024022810980010252
4.094e-07,0.02530406098001025
4.095e-07,0.02369469098001025
4.096e-07,0.021304060980010253
4.097e-07,0.02169469098001025
4.098e-07,0.02530406098001025
4.099e-07,0.029116560980010253
4.1e-07,0.029304060980010253
4.101e-07,0.025288440980010256
4.102e-07,0.021304060980010253
4.103e-07,0.020491560980010252
4.104e-07,0.021304060980010253
4.105e-07,0.021257190980010256
4.106e-07,0.021304060980010253
4.107e-07,0.02314781098001025
4.108e-07,0.02530406098001025
4.109e-07,0.02566344098001025
4.11e-07,0.02530406098001025
4.111e-07,0.025460310980010253
4.112e-07,0.02530406098001025
4.113e-07,0.023538440980010254
4.114e-07,0.021304060980010253
4.115e-07,0.02035094098001025
4.116e-07,0.021304060980010253
4.117e-07,0.02233531098001025
4.118e-07,0.021304060980010253
4.119e-07,0.01849156098001025
4.12e-07,0.01730406098001025
4.121e-07,0.01942906098001025
4.122e-07,0.021304060980010253
4.123e-07,0.019866560980010252
4.124e-07,0.01730406098001025
4.125e-07,0.016882190980010252
4.126e-07,0.01730406098001025
4.127e-07,0.016882190980010252
4.128e-07,0.01730406098001025
4.129e-07,0.01972594098001025
4.13e-07,0.021304060980010253
4.131e-07,0.01960094098001025
4.132e-07,0.01730406098001025
4.133e-07,0.018085310980010254
4.134e-07,0.021304060980010253
4.135e-07,0.02321031098001025
4.136e-07,0.021304060980010253
4.137e-07,0.016522810980010252
4.138e-07,0.013304060980010251
4.139e-07,0.014257190980010251
4.14e-07,0.01730406098001025
4.141e-07,0.019694690980010247
4.142e-07,0.021304060980010253
4.143e-07,0.02239781098001025
4.144e-07,0.021304060980010253
4.145e-07,0.017194690980010252
4.146e-07,0.013304060980010251
4.147e-07,0.01341344098001025
4.148e-07,0.01730406098001025
4.149e-07,0.02114781098001025
4.15e-07,0.021304060980010253
4.151e-07,0.018319690980010253
4.152e-07,0.01730406098001025
4.153e-07,0.019991560980010252
4.154e-07,0.021304060980010253
4.155e-07,0.01755406098001025
4.156e-07,0.013304060980010251
4.157e-07,0.014022810980010252
4.158e-07,0.01730406098001025
4.159e-07,0.018257190980010253
4.16e-07,0.01730406098001025
4.161e-07,0.017147810980010253
4.162e-07,0.01730406098001025
4.163e-07,0.01680406098001025
4.164e-07,0.01730406098001025
4.165e-07,0.01977281098001025
4.166e-07,0.021304060980010253
4.167e-07,0.01961656098001025
4.168e-07,0.01730406098001025
4.169e-07,0.016835310980010253
4.17e-07,0.01730406098001025
4.171e-07,0.01691344098001025
4.172e-07,0.01730406098001025
4.173e-07,0.01966344098001025
4.174e-07,0.021304060980010253
4.175e-07,0.019819690980010247
4.176e-07,0.01730406098001025
4.177e-07,0.01577281098001025
4.178e-07,0.013304060980010251
4.179e-07,0.009710310980010252
4.18e-07,0.009304060980010251
4.181e-07,0.01483531098001025
4.182e-07,0.021304060980010253
4.183e-07,0.022975940980010254
4.184e-07,0.021304060980010253
4.185e-07,0.02053844098001025
4.186e-07,0.021304060980010253
4.187e-07,0.021554060980010253
4.188e-07,0.021304060980010253
4.189e-07,0.02035094098001025
4.19e-07,0.01730406098001025
4.191e-07,0.013210310980010251
4.192e-07,0.013304060980010251
4.193e-07,0.01849156098001025
4.194e-07,0.021304060980010253
4.195e-07,0.017382190980010252
4.196e-07,0.013304060980010251
4.197e-07,0.01592906098001025
4.198e-07,0.021304060980010253
4.199e-07,0.022725940980010254
4.2e-07,0.021304060980010253
4.201e-07,0.020913440980010252
4.202e-07,0.021304060980010253
4.203e-07,0.019757190980010247
4.204e-07,0.01730406098001025
4.205e-07,0.016350940980010248
4.206e-07,0.01730406098001025
4.207e-07,0.018319690980010253
4.208e-07,0.01730406098001025
4.209e-07,0.014647810980010252
4.21e-07,0.013304060980010251
4.211e-07,0.01505406098001025
4.212e-07,0.01730406098001025
4.213e-07,0.01761656098001025
4.214e-07,0.01730406098001025
4.215e-07,0.01872594098001025
4.216e-07,0.021304060980010253
4.217e-07,0.02239781098001025
4.218e-07,0.021304060980010253
4.219e-07,0.01899156098001025
4.22e-07,0.01730406098001025
4.221e-07,0.01697594098001025
4.222e-07,0.01730406098001025
4.223e-07,0.017382190980010252
4.224e-07,0.01730406098001025
4.225e-07,0.017382190980010252
4.226e-07,0.01730406098001025
4.227e-07,0.01703844098001025
4.228e-07,0.01730406098001025
4.229e-07,0.01897594098001025
4.23e-07,0.021304060980010253
4.231e-07,0.022350940980010253
4.232e-07,0.021304060980010253
4.233e-07,0.01867906098001025
4.234e-07,0.01730406098001025
4.235e-07,0.018569690980010253
4.236e-07,0.021304060980010253
4.237e-07,0.02264781098001025
4.238e-07,0.021304060980010253
4.239e-07,0.01760094098001025
4.24e-07,0.013304060980010251
4.241e-07,0.010257190980010251
4.242e-07,0.009304060980010251
4.243e-07,0.010757190980010252
4.244e-07,0.013304060980010251
4.245e-07,0.015850940980010247
4.246e-07,0.01730406098001025
4.247e-07,0.017522810980010253
4.248e-07,0.01730406098001025
4.249e-07,0.01716344098001025
4.25e-07,0.01730406098001025
4.251e-07,0.017382190980010252
4.252e-07,0.01730406098001025
4.253e-07,0.01711656098001025
4.254e-07,0.01730406098001025
4.255e-07,0.01644469098001025
4.256e-07,0.013304060980010251
4.257e-07,0.00842906098001025
4.258e-07,0.005304060980010251
4.259e-07,0.007304060980010249
4.26e-07,0.013304060980010251
4.261e-07,0.018460310980010254
4.262e-07,0.01730406098001025
4.263e-07,0.010538440980010251
4.264e-07,0.005304060980010251
4.265e-07,0.006413440980010251
4.266e-07,0.009304060980010251
4.267e-07,0.009491560980010251
4.268e-07,0.009304060980010251
4.269e-07,0.01266344098001025
4.27e-07,0.01730406098001025
4.271e-07,0.018694690980010253
4.272e-07,0.01730406098001025
4.273e-07,0.01642906098001025
4.274e-07,0.01730406098001025
4.275e-07,0.01805406098001025
4.276e-07,0.01730406098001025
4.277e-07,0.014850940980010252
4.278e-07,0.013304060980010251
4.279e-07,0.014413440980010251
4.28e-07,0.01730406098001025
4.281e-07,0.018944690980010254
4.282e-07,0.01730406098001025
4.283e-07,0.012991560980010251
4.284e-07,0.009304060980010251
4.285e-07,0.00842906098001025
4.286e-07,0.009304060980010251
4.287e-07,0.010819690980010252
4.288e-07,0.013304060980010251
4.289e-07,0.016335310980010252
4.29e-07,0.01730406098001025
4.291e-07,0.014147810980010252
4.292e-07,0.009304060980010251
4.293e-07,0.007147810980010249
4.294e-07,0.009304060980010251
4.295e-07,0.012929060980010251
4.296e-07,0.013304060980010251
4.297e-07,0.009210310980010251
4.298e-07,0.005304060980010251
4.299e-07,0.005913440980010251
4.3e-07,0.009304060980010251
4.301e-07,0.01105406098001025
4.302e-07,0.009304060980010251
4.303e-07,0.006272810980010252
4.304e-07,0.005304060980010251
4.305e-07,0.007132190980010252
4.306e-07,0.009304060980010251
4.307e-07,0.009835310980010252
4.308e-07,0.009304060980010251
4.309e-07,0.009147810980010251
4.31e-07,0.009304060980010251
4.311e-07,0.00803844098001025
4.312e-07,0.005304060980010251
4.313e-07,0.003335310980010251
4.314e-07,0.005304060980010251
4.315e-07,0.010475940980010251
4.316e-07,0.013304060980010251
4.317e-07,0.010225940980010251
4.318e-07,0.005304060980010251
4.319e-07,0.0027571909800102514
4.32e-07,0.001304060980010251
4.321e-07,-0.001383437019989749
4.322e-07,-0.0026959370199897484
4.323e-07,0.00042906098001025024
4.324e-07,0.005304060980010251
4.325e-07,0.007304060980010249
4.326e-07,0.005304060980010251
4.327e-07,0.0014134409800102502
4.328e-07,-0.0026959370199897484
4.329e-07,-0.005711562019989749
4.33e-07,-0.006695937019989749
4.331e-07,-0.005227187019989749
4.332e-07,-0.0026959370199897484
4.333e-07,0.0004915609800102503
4.334e-07,0.005304060980010251
4.335e-07,0.009960310980010252
4.336e-07,0.009304060980010251
4.337e-07,0.0025540609800102504
4.338e-07,-0.0026959370199897484
4.339e-07,-0.001445937019989749
4.34e-07,0.001304060980010251
4.341e-07,-0.0003365590199897496
4.342e-07,-0.0026959370199897484
4.343e-07,-0.0002271890199897486
4.344e-07,0.005304060980010251
4.345e-07,0.00774156098001025
4.346e-07,0.005304060980010251
4.347e-07,0.0006634409800102513
4.348e-07,-0.0026959370199897484
4.349e-07,-0.003492812019989749
4.35e-07,-0.0026959370199897484
4.351e-07,-0.0022115620199897497
4.352e-07,-0.0026959370199897484
4.353e-07,-0.003195937019989749
4.354e-07,-0.0026959370199897484
4.355e-07,-0.0018521870199897494
4.356e-07,-0.0026959370199897484
4.357e-07,-0.005180312019989749
4.358e-07,-0.006695937019989749
4.359e-07,-0.005242812019989749
4.36e-07,-0.0026959370199897484
4.361e-07,-0.0020396870199897495
4.362e-07,-0.0026959370199897484
4.363e-07,-0.0030396870199897496
4.364e-07,-0.0026959370199897484
4.365e-07,-0.00250843701998975
4.366e-07,-0.0026959370199897484
4.367e-07,-0.0037428120199897493
4.368e-07,-0.006695937019989749
4.369e-07,-0.01118031221998975
4.37e-07,-0.014695937019989749
4.371e-07,-0.014445937019989748
4.372e-07,-0.01069593723185075
4.373e-07,-0.005742812019989749
4.374e-07,-0.0026959370199897484
4.375e-07,-0.00233656201998975
4.376e-07,-0.0026959370199897484
4.377e-07,-0.00255531201998975
4.378e-07,-0.0026959370199897484
4.379e-07,-0.004445937019989749
4.38e-07,-0.006695937019989749
4.381e-07,-0.007649062019989749
4.382e-07,-0.006695937019989749
4.383e-07,-0.0058834370199897495
4.384e-07,-0.006695937019989749
4.385e-07,-0.009102187019989749
4.386e-07,-0.01069593723185075
4.387e-07,-0.00952406201998975
4.388e-07,-0.006695937019989749
4.389e-07,-0.005117812019989749
4.39e-07,-0.006695937019989749
4.391e-07,-0.010727187229989749
4.392e-07,-0.014695937019989749
4.393e-07,-0.01613343701998975
4.394e-07,-0.014695937019989749
4.395e-07,-0.01203968701998975
4.396e-07,-0.01069593723185075
4.397e-07,-0.01096156221998975
4.398e-07,-0.01069593723185075
4.399e-07,-0.00866468701998975
4.4e-07,-0.006695937019989749
4.401e-07,-0.007289687019989749
4.402e-07,-0.01069593723185075
4.403e-07,-0.01427406201998975
4.404e-07,-0.014695937019989749
4.405e-07,-0.01227406201998975
4.406e-07,-0.01069593723185075
4.407e-07,-0.011414687219989748
4.408e-07,-0.01069593723185075
4.409e-07,-0.006336562019989749
4.41e-07,-0.0026959370199897484
4.411e-07,-0.0049459370199897495
4.412e-07,-0.01069593723185075
4.413e-07,-0.01439906201998975
4.414e-07,-0.014695937019989749
4.415e-07,-0.013164687019989749
4.416e-07,-0.01069593723185075
4.417e-07,-0.008992812019989749
4.418e-07,-0.01069593723185075
4.419e-07,-0.01464906201998975
4.42e-07,-0.014695937019989749
4.421e-07,-0.008336562019989748
4.422e-07,-0.0026959370199897484
4.423e-07,-0.004602187019989749
4.424e-07,-0.01069593723185075
4.425e-07,-0.01439906201998975
4.426e-07,-0.014695937019989749
4.427e-07,-0.01357093701998975
4.428e-07,-0.01069593723185075
4.429e-07,-0.006836562019989749
4.43e-07,-0.006695937019989749
4.431e-07,-0.011617812219989749
4.432e-07,-0.014695937019989749
4.433e-07,-0.01133656221998975
4.434e-07,-0.006695937019989749
4.435e-07,-0.007164687019989749
4.436e-07,-0.01069593723185075
4.437e-07,-0.01207093701998975
4.438e-07,-0.01069593723185075
4.439e-07,-0.00963343701998975
4.44e-07,-0.01069593723185075
4.441e-07,-0.012852187019989749
4.442e-07,-0.014695937019989749
4.443e-07,-0.01530531201998975
4.444e-07,-0.014695937019989749
4.445e-07,-0.013164687019989749
4.446e-07,-0.01069593723185075
4.447e-07,-0.007039687019989749
4.448e-07,-0.0026959370199897484
4.449e-07,-0.0004928090199897497
4.45e-07,-0.0026959370199897484
4.451e-07,-0.009039687019989749
4.452e-07,-0.014695937019989749
4.453e-07,-0.016180312019989748
4.454e-07,-0.014695937019989749
4.455e-07,-0.01378968701998975
4.456e-07,-0.014695937019989749
4.457e-07,-0.015680312019989748
4.458e-07,-0.014695937019989749
4.459e-07,-0.01196156201998975
4.46e-07,-0.01069593723185075
4.461e-07,-0.01224281201998975
4.462e-07,-0.014695937019989749
4.463e-07,-0.01525843701998975
4.464e-07,-0.014695937019989749
4.465e-07,-0.01461781201998975
4.466e-07,-0.014695937019989749
4.467e-07,-0.01333656201998975
4.468e-07,-0.01069593723185075
4.469e-07,-0.00828968701998975
4.47e-07,-0.006695937019989749
4.471e-07,-0.006227187019989749
4.472e-07,-0.006695937019989749
4.473e-07,-0.007352187019989749
4.474e-07,-0.006695937019989749
4.475e-07,-0.005445937019989749
4.476e-07,-0.006695937019989749
4.477e-07,-0.01124281221998975
4.478e-07,-0.014695937019989749
4.479e-07,-0.01371156201998975
4.48e-07,-0.01069593723185075
4.481e-07,-0.00869593701998975
4.482e-07,-0.006695937019989749
4.483e-07,-0.0027271870199897484
4.484e-07,0.001304060980010251
4.485e-07,0.0014290609800102511
4.486e-07,-0.0026959370199897484
4.487e-07,-0.00819593701998975
4.488e-07,-0.01069593723185075
4.489e-07,-0.009164687019989749
4.49e-07,-0.006695937019989749
4.491e-07,-0.006289687019989749
4.492e-07,-0.006695937019989749
4.493e-07,-0.006320937019989749
4.494e-07,-0.006695937019989749
4.495e-07,-0.008961562019989749
4.496e-07,-0.01069593723185075
4.497e-07,-0.009242812019989749
4.498e-07,-0.006695937019989749
4.499e-07,-0.006117812019989749
4.5e-07,-0.006695937019989749
4.501e-07,-0.006789687019989749
4.502e-07,-0.006695937019989749
4.503e-07,-0.007055312019989749
4.504e-07,-0.006695937019989749
4.505e-07,-0.005727187019989749
4.506e-07,-0.006695937019989749
4.507e-07,-0.010789687229989749
4.508e-07,-0.014695937019989749
4.509e-07,-0.01452406201998975
4.51e-07,-0.01069593723185075
4.511e-07,-0.007070937019989749
4.512e-07,-0.006695937019989749
4.513e-07,-0.009055312019989749
4.514e-07,-0.01069593723185075
4.515e-07,-0.009305312019989749
4.516e-07,-0.006695937019989749
4.517e-07,-0.006758437019989749
4.518e-07,-0.01069593723185075
4.519e-07,-0.016117812019989748
4.52e-07,-0.01869593701998975
4.521e-07,-0.016086562019989748
4.522e-07,-0.01069593723185075
4.523e-07,-0.006711562019989749
4.524e-07,-0.006695937019989749
4.525e-07,-0.010102187219989749
4.526e-07,-0.014695937019989749
4.527e-07,-0.01702406201998975
4.528e-07,-0.014695937019989749
4.529e-07,-0.009305312019989749
4.53e-07,-0.006695937019989749
4.531e-07,-0.009024062019989749
4.532e-07,-0.01069593723185075
4.533e-07,-0.007367812019989749
4.534e-07,-0.0026959370199897484
4.535e-07,-0.00255531201998975
4.536e-07,-0.006695937019989749
4.537e-07,-0.01050843721998975
4.538e-07,-0.01069593723185075
4.539e-07,-0.00838343701998975
4.54e-07,-0.006695937019989749
4.541e-07,-0.006852187019989749
4.542e-07,-0.006695937019989749
4.543e-07,-0.004711562019989749
4.544e-07,-0.0026959370199897484
4.545e-07,-0.003524062019989749
4.546e-07,-0.006695937019989749
4.547e-07,-0.008758437019989749
4.548e-07,-0.006695937019989749
4.549e-07,-0.0027740620199897485
4.55e-07,-0.0026959370199897484
4.551e-07,-0.007742812019989749
4.552e-07,-0.01069593723185075
4.553e-07,-0.006961562019989749
4.554e-07,-0.0026959370199897484
4.555e-07,-0.0049459370199897495
4.556e-07,-0.01069593723185075
4.557e-07,-0.012992812019989749
4.558e-07,-0.01069593723185075
4.559e-07,-0.007680312019989749
4.56e-07,-0.006695937019989749
4.561e-07,-0.007164687019989749
4.562e-07,-0.006695937019989749
4.563e-07,-0.005461562019989749
4.564e-07,-0.006695937019989749
4.565e-07,-0.011414687219989748
4.566e-07,-0.014695937019989749
4.567e-07,-0.012945937019989749
4.568e-07,-0.01069593723185075
4.569e-07,-0.01230531201998975
4.57e-07,-0.014695937019989749
4.571e-07,-0.01341468701998975
4.572e-07,-0.01069593723185075
4.573e-07,-0.010227187219989749
4.574e-07,-0.01069593723185075
4.575e-07,-0.009117812019989749
4.576e-07,-0.006695937019989749
4.577e-07,-0.00607093701998975
4.578e-07,-0.006695937019989749
4.579e-07,-0.00796156201998975
4.58e-07,-0.01069593723185075
4.581e-07,-0.014227187019989748
4.582e-07,-0.014695937019989749
4.583e-07,-0.010680312229989749
4.584e-07,-0.006695937019989749
4.585e-07,-0.007195937019989749
4.586e-07,-0.01069593723185075
4.587e-07,-0.012555312019989748
4.588e-07,-0.01069593723185075
4.589e-07,-0.007352187019989749
4.59e-07,-0.006695937019989749
4.591e-07,-0.009320937019989749
4.592e-07,-0.01069593723185075
4.593e-07,-0.008555312019989748
4.594e-07,-0.006695937019989749
4.595e-07,-0.008617812019989748
4.596e-07,-0.01069593723185075
4.597e-07,-0.009164687019989749
4.598e-07,-0.006695937019989749
4.599e-07,-0.007742812019989749
4.6e-07,-0.01069593723185075
4.601e-07,-0.011680312219989749
4.602e-07,-0.01069593723185075
4.603e-07,-0.010008437219989749
4.604e-07,-0.01069593723185075
4.605e-07,-0.012367812019989748
4.606e-07,-0.014695937019989749
4.607e-07,-0.01619593701998975
4.608e-07,-0.014695937019989749
4.609e-07,-0.010227187219989749
4.61e-07,-0.006695937019989749
4.611e-07,-0.006399062019989749
4.612e-07,-0.006695937019989749
4.613e-07,-0.005789687019989749
4.614e-07,-0.006695937019989749
4.615e-07,-0.01124281221998975
4.616e-07,-0.014695937019989749
4.617e-07,-0.013227187019989749
4.618e-07,-0.01069593723185075
4.619e-07,-0.01086781221998975
4.62e-07,-0.01069593723185075
4.621e-07,-0.006789687019989749
4.622e-07,-0.0026959370199897484
4.623e-07,-0.0031334370199897496
4.624e-07,-0.006695937019989749
4.625e-07,-0.00853968701998975
4.626e-07,-0.006695937019989749
4.627e-07,-0.0036490620199897492
4.628e-07,-0.0026959370199897484
4.629e-07,-0.004836562019989749
4.63e-07,-0.006695937019989749
4.631e-07,-0.005524062019989749
4.632e-07,-0.0026959370199897484
4.633e-07,-0.001508437019989749
4.634e-07,-0.0026959370199897484
4.635e-07,-0.0049303120199897495
4.636e-07,-0.006695937019989749
4.637e-07,-0.007414687019989749
4.638e-07,-0.006695937019989749
4.639e-07,-0.004774062019989749
4.64e-07,-0.0026959370199897484
4.641e-07,-0.0017740620199897493
4.642e-07,-0.0026959370199897484
4.643e-07,-0.004820937019989749
4.644e-07,-0.006695937019989749
4.645e-07,-0.007164687019989749
4.646e-07,-0.006695937019989749
4.647e-07,-0.006430312019989749
4.648e-07,-0.006695937019989749
4.649e-07,-0.006133437019989749
4.65e-07,-0.0026959370199897484
4.651e-07,0.0026165609800102504
4.652e-07,0.005304060980010251
4.653e-07,0.002538440980010251
4.654e-07,-0.0026959370199897484
4.655e-07,-0.006180312019989749
4.656e-07,-0.006695937019989749
4.657e-07,-0.006414687019989749
4.658e-07,-0.006695937019989749
4.659e-07,-0.006289687019989749
4.66e-07,-0.0026959370199897484
4.661e-07,0.0029915609800102508
4.662e-07,0.005304060980010251
4.663e-07,0.0007728109800102505
4.664e-07,-0.006695937019989749
4.665e-07,-0.010789687229989749
4.666e-07,-0.01069593723185075
4.667e-07,-0.008742812019989749
4.668e-07,-0.006695937019989749
4.669e-07,-0.004602187019989749
4.67e-07,-0.0026959370199897484
4.671e-07,-0.0008521870199897485
4.672e-07,0.001304060980010251
4.673e-07,0.0036790609800102514
4.674e-07,0.005304060980010251
4.675e-07,0.004600940980010251
4.676e-07,0.001304060980010251
4.677e-07,-0.0027428120199897484
4.678e-07,-0.0026959370199897484
4.679e-07,0.0017884409800102506
4.68e-07,0.005304060980010251
4.681e-07,0.0038353109800102515
4.682e-07,0.001304060980010251
4.683e-07,0.001366560980010251
4.684e-07,0.001304060980010251
4.685e-07,-0.0023053120199897498
4.686e-07,-0.006695937019989749
4.687e-07,-0.006680312019989749
4.688e-07,-0.0026959370199897484
4.689e-07,0.0009759409800102516
4.69e-07,0.001304060980010251
4.691e-07,-0.0009615620199897486
4.692e-07,-0.0026959370199897484
4.693e-07,-0.001461562019989749
4.694e-07,0.001304060980010251
4.695e-07,0.0026009409800102513
4.696e-07,0.001304060980010251
4.697e-07,-0.001320937019989749
4.698e-07,-0.0026959370199897484
4.699e-07,-0.0017271870199897493
4.7e-07,0.001304060980010251
4.701e-07,0.00439781098001025
4.702e-07,0.005304060980010251
4.703e-07,0.0035853109800102513
4.704e-07,0.001304060980010251
4.705e-07,-0.0004615590199897497
4.706e-07,-0.0026959370199897484
4.707e-07,-0.005477187019989749
4.708e-07,-0.006695937019989749
4.709e-07,-0.0040240620199897496
4.71e-07,0.001304060980010251
4.711e-07,0.005491560980010251
4.712e-07,0.005304060980010251
4.713e-07,0.00214781098001025
4.714e-07,0.001304060980010251
4.715e-07,0.004257190980010251
4.716e-07,0.005304060980010251
4.717e-07,0.00106969098001025
4.718e-07,-0.0026959370199897484
4.719e-07,-0.0002115590199897495
4.72e-07,0.005304060980010251
4.721e-07,0.007210310980010249
4.722e-07,0.005304060980010251
4.723e-07,0.003929060980010252
4.724e-07,0.005304060980010251
4.725e-07,0.00799156098001025
4.726e-07,0.009304060980010251
4.727e-07,0.007882190980010252
4.728e-07,0.005304060980010251
4.729e-07,0.004038440980010251
4.73e-07,0.005304060980010251
4.731e-07,0.007632190980010252
4.732e-07,0.009304060980010251
4.733e-07,0.009460310980010251
4.734e-07,0.009304060980010251
4.735e-07,0.009429060980010251
4.736e-07,0.009304060980010251
4.737e-07,0.00783531098001025
4.738e-07,0.005304060980010251
4.739e-07,0.0027728109800102506
4.74e-07,0.001304060980010251
4.741e-07,0.0010540609800102508
4.742e-07,0.001304060980010251
4.743e-07,0.0026165609800102504
4.744e-07,0.005304060980010251
4.745e-07,0.00849156098001025
4.746e-07,0.009304060980010251
4.747e-07,0.006100940980010251
4.748e-07,0.001304060980010251
4.749e-07,-0.0001021890199897485
4.75e-07,0.005304060980010251
4.751e-07,0.013944690980010251
4.752e-07,0.01730406098001025
4.753e-07,0.011819690980010249
4.754e-07,0.005304060980010251
4.755e-07,0.004257190980010251
4.756e-07,0.005304060980010251
4.757e-07,0.002507190980010251
4.758e-07,-0.0026959370199897484
4.759e-07,-0.0036490620199897492
4.76e-07,0.001304060980010251
4.761e-07,0.00767906098001025
4.762e-07,0.009304060980010251
4.763e-07,0.005304060980010251
4.764e-07,0.001304060980010251
4.765e-07,0.003116560980010251
4.766e-07,0.009304060980010251
4.767e-07,0.01372594098001025
4.768e-07,0.013304060980010251
4.769e-07,0.00906969098001025
4.77e-07,0.005304060980010251
4.771e-07,0.00424156098001025
4.772e-07,0.005304060980010251
4.773e-07,0.006116560980010252
4.774e-07,0.005304060980010251
4.775e-07,0.00322594098001025
4.776e-07,0.001304060980010251
4.777e-07,0.0005696909800102512
4.778e-07,0.001304060980010251
4.779e-07,0.003304060980010251
4.78e-07,0.005304060980010251
4.781e-07,0.006163440980010251
4.782e-07,0.005304060980010251
4.783e-07,0.003116560980010251
4.784e-07,0.001304060980010251
4.785e-07,0.0009759409800102516
4.786e-07,0.001304060980010251
4.787e-07,0.0013821909800102502
4.788e-07,0.001304060980010251
4.789e-07,0.0014446909800102502
4.79e-07,0.001304060980010251
4.791e-07,0.0008196909800102514
4.792e-07,0.001304060980010251
4.793e-07,0.00331969098001025
4.794e-07,0.005304060980010251
4.795e-07,0.005554060980010251
4.796e-07,0.005304060980010251
4.797e-07,0.00544469098001025
4.798e-07,0.005304060980010251
4.799e-07,0.0036009409800102504
4.8e-07,0.001304060980010251
4.801e-07,-0.0007584370199897484
4.802e-07,-0.0026959370199897484
4.803e-07,-0.0048678120199897494
4.804e-07,-0.006695937019989749
4.805e-07,-0.006289687019989749
4.806e-07,-0.0026959370199897484
4.807e-07,0.0016009409800102504
4.808e-07,0.001304060980010251
4.809e-07,-0.0037115620199897493
4.81e-07,-0.006695937019989749
4.811e-07,-0.0030396870199897496
4.812e-07,0.001304060980010251
4.813e-07,-0.0004615590199897497
4.814e-07,-0.006695937019989749
4.815e-07,-0.010024062219989749
4.816e-07,-0.006695937019989749
4.817e-07,0.0004915609800102503
4.818e-07,0.005304060980010251
4.819e-07,0.005460310980010251
4.82e-07,0.005304060980010251
4.821e-07,0.007663440980010252
4.822e-07,0.009304060980010251
4.823e-07,0.006022810980010252
4.824e-07,0.001304060980010251
4.825e-07,-3.968901998974844e-05
4.826e-07,0.001304060980010251
4.827e-07,0.0016478109800102513
4.828e-07,0.001304060980010251
4.829e-07,0.0015384409800102503
4.83e-07,0.001304060980010251
4.831e-07,0.000319690980010251
4.832e-07,0.001304060980010251
4.833e-07,0.004507190980010251
4.834e-07,0.005304060980010251
4.835e-07,0.001210310980010251
4.836e-07,-0.0026959370199897484
4.837e-07,-0.0018834370199897494
4.838e-07,0.001304060980010251
4.839e-07,0.00128844098001025
4.84e-07,-0.0026959370199897484
4.841e-07,-0.006570937019989749
4.842e-07,-0.006695937019989749
4.843e-07,-0.0038365620199897494
4.844e-07,-0.0026959370199897484
4.845e-07,-0.0059615620199897496
4.846e-07,-0.01069593723185075
4.847e-07,-0.01121156221998975
4.848e-07,-0.006695937019989749
4.849e-07,-0.0008834370199897485
4.85e-07,0.001304060980010251
4.851e-07,-0.0015865620199897491
4.852e-07,-0.006695937019989749
4.853e-07,-0.009195937019989749
4.854e-07,-0.006695937019989749
4.855e-07,-0.001399062019989749
4.856e-07,0.001304060980010251
4.857e-07,-0.0005396890199897489
4.858e-07,-0.0026959370199897484
4.859e-07,-0.0015865620199897491
4.86e-07,0.001304060980010251
4.861e-07,0.00227281098001025
4.862e-07,0.001304060980010251
4.863e-07,0.0006009409800102512
4.864e-07,0.001304060980010251
4.865e-07,0.0019290609800102516
4.866e-07,0.001304060980010251
4.867e-07,-0.0007740620199897484
4.868e-07,-0.0026959370199897484
4.869e-07,-0.003180312019989749
4.87e-07,-0.0026959370199897484
4.871e-07,-0.00246156201998975
4.872e-07,-0.0026959370199897484
4.873e-07,-0.0029928120199897495
4.874e-07,-0.0026959370199897484
4.875e-07,-0.0022428120199897497
4.876e-07,-0.0026959370199897484
4.877e-07,-0.003524062019989749
4.878e-07,-0.0026959370199897484
4.879e-07,-0.0008834370199897485
4.88e-07,-0.0026959370199897484
4.881e-07,-0.00941468701998975
4.882e-07,-0.014695937019989749
4.883e-07,-0.012680312019989749
4.884e-07,-0.006695937019989749
4.885e-07,-0.0029459370199897495
4.886e-07,-0.0026959370199897484
4.887e-07,-0.0030709370199897496
4.888e-07,-0.0026959370199897484
4.889e-07,-0.0022584370199897497
4.89e-07,-0.0026959370199897484
4.891e-07,-0.004336562019989749
4.892e-07,-0.006695937019989749
4.893e-07,-0.00811781201998975
4.894e-07,-0.006695937019989749
4.895e-07,-0.0027740620199897485
4.896e-07,0.001304060980010251
4.897e-07,0.0027884409800102514
4.898e-07,0.001304060980010251
4.899e-07,-0.001445937019989749
4.9e-07,-0.0026959370199897484
4.901e-07,-0.0022896870199897498
4.902e-07,-0.0026959370199897484
4.903e-07,-0.00507093701998975
4.904e-07,-0.006695937019989749
4.905e-07,-0.005258437019989749
4.906e-07,-0.0026959370199897484
4.907e-07,-0.0019146870199897494
4.908e-07,-0.0026959370199897484
4.909e-07,-0.0028990620199897494
4.91e-07,-0.0026959370199897484
4.911e-07,-0.0027896870199897485
4.912e-07,-0.0026959370199897484
4.913e-07,-0.0022740620199897497
4.914e-07,-0.0026959370199897484
4.915e-07,-0.0038209370199897494
4.916e-07,-0.0026959370199897484
4.917e-07,0.001397810980010251
4.918e-07,0.005304060980010251
4.919e-07,0.004835310980010251
4.92e-07,0.001304060980010251
4.921e-07,-0.0018521870199897494
4.922e-07,-0.0026959370199897484
4.923e-07,-0.0023053120199897498
4.924e-07,-0.0026959370199897484
4.925e-07,-0.005477187019989749
4.926e-07,-0.01069593723185075
4.927e-07,-0.014977187019989749
4.928e-07,-0.014695937019989749
4.929e-07,-0.008867812019989749
4.93e-07,-0.0026959370199897484
4.931e-07,-0.000633439019989749
4.932e-07,-0.0026959370199897484
4.933e-07,-0.004633437019989749
4.934e-07,-0.0026959370199897484
4.935e-07,0.00211656098001025
4.936e-07,0.005304060980010251
4.937e-07,0.0038978109800102516
4.938e-07,0.001304060980010251
4.939e-07,0.0007103109800102505
4.94e-07,0.001304060980010251
4.941e-07,-5.530901998974935e-05
4.942e-07,-0.0026959370199897484
4.943e-07,-0.004774062019989749
4.944e-07,-0.006695937019989749
4.945e-07,-0.00814906201998975
4.946e-07,-0.006695937019989749
4.947e-07,-0.0018990620199897494
4.948e-07,0.001304060980010251
4.949e-07,-8.655901998974938e-05
4.95e-07,-0.0026959370199897484
4.951e-07,-0.0019928120199897495
4.952e-07,0.001304060980010251
4.953e-07,0.003054060980010251
4.954e-07,0.001304060980010251
4.955e-07,-0.0020396870199897495
4.956e-07,-0.0026959370199897484
4.957e-07,-0.00016468901998974855
4.958e-07,0.001304060980010251
4.959e-07,-0.0007896870199897484
4.96e-07,-0.0026959370199897484
4.961e-07,-0.0008678120199897485
4.962e-07,0.001304060980010251
4.963e-07,-7.093901998974847e-05
4.964e-07,-0.0026959370199897484
4.965e-07,-0.0021178120199897496
4.966e-07,0.001304060980010251
4.967e-07,0.00417906098001025
4.968e-07,0.005304060980010251
4.969e-07,0.005366560980010251
4.97e-07,0.005304060980010251
4.971e-07,0.005210310980010251
4.972e-07,0.005304060980010251
4.973e-07,0.004288440980010251
4.974e-07,0.001304060980010251
4.975e-07,-0.0022271870199897497
4.976e-07,-0.0026959370199897484
4.977e-07,0.00113219098001025
4.978e-07,0.005304060980010251
4.979e-07,0.005429060980010251
4.98e-07,0.001304060980010251
4.981e-07,-0.0027896870199897485
4.982e-07,-0.0026959370199897484
4.983e-07,0.0015540609800102512
4.984e-07,0.005304060980010251
4.985e-07,0.0057103109800102515
4.986e-07,0.005304060980010251
4.987e-07,0.007022810980010249
4.988e-07,0.009304060980010251
4.989e-07,0.00871031098001025
4.99e-07,0.005304060980010251
4.991e-07,0.0019915609800102516
4.992e-07,0.001304060980010251
4.993e-07,0.0029446909800102516
4.994e-07,0.005304060980010251
4.995e-07,0.007210310980010249
4.996e-07,0.009304060980010251
4.997e-07,0.011819690980010249
4.998e-07,0.013304060980010251
4.999e-07,0.01111656098001025
5e-07,0.005304060980010251
5.001e-07,-0.0008990620199897485
5.002e-07,-0.0026959370199897484
5.003e-07,0.0009915609800102507
5.004e-07,0.005304060980010251
5.005e-07,0.006163440980010251
5.006e-07,0.005304060980010251
5.007e-07,0.005429060980010251
5.008e-07,0.005304060980010251
5.009e-07,0.003210310980010251
5.01e-07,0.001304060980010251
5.011e-07,0.002507190980010251
5.012e-07,0.005304060980010251
5.013e-07,0.006413440980010251
5.014e-07,0.005304060980010251
5.015e-07,0.003147810980010251
5.016e-07,0.001304060980010251
5.017e-07,0.0005071909800102511
5.018e-07,0.001304060980010251
5.019e-07,0.0033821909800102502
5.02e-07,0.005304060980010251
5.021e-07,0.005913440980010251
5.022e-07,0.005304060980010251
5.023e-07,0.0036165609800102513
5.024e-07,0.001304060980010251
5.025e-07,-0.0010240620199897486
5.026e-07,-0.0026959370199897484
5.027e-07,-0.0021334370199897496
5.028e-07,0.001304060980010251
5.029e-07,0.005366560980010251
5.03e-07,0.005304060980010251
5.031e-07,0.0004915609800102503
5.032e-07,-0.0026959370199897484
5.033e-07,0.00041344098001025106
5.034e-07,0.005304060980010251
5.035e-07,0.006554060980010252
5.036e-07,0.005304060980010251
5.037e-07,0.004991560980010251
5.038e-07,0.005304060980010251
5.039e-07,0.0038509409800102506
5.04e-07,0.001304060980010251
5.041e-07,0.00110094098001025
5.042e-07,0.005304060980010251
5.043e-07,0.011225940980010252
5.044e-07,0.013304060980010251
5.045e-07,0.009366560980010251
5.046e-07,0.005304060980010251
5.047e-07,0.006100940980010251
5.048e-07,0.009304060980010251
5.049e-07,0.00916344098001025
5.05e-07,0.005304060980010251
5.051e-07,0.0015540609800102512
5.052e-07,0.001304060980010251
5.053e-07,0.0036946909800102505
5.054e-07,0.005304060980010251
5.055e-07,0.004007190980010251
5.056e-07,0.001304060980010251
5.057e-07,0.00024156098001025007
5.058e-07,0.001304060980010251
5.059e-07,0.002413440980010251
5.06e-07,0.001304060980010251
5.061e-07,-0.0012584370199897488
5.062e-07,-0.0026959370199897484
5.063e-07,-0.001336562019989749
5.064e-07,0.001304060980010251
5.065e-07,0.0024290609800102503
5.066e-07,0.001304060980010251
5.067e-07,8.531098001024993e-05
5.068e-07,0.001304060980010251
5.069e-07,0.004319690980010251
5.07e-07,0.005304060980010251
5.071e-07,0.0018821909800102506
5.072e-07,-0.0026959370199897484
5.073e-07,-0.004289687019989749
5.074e-07,-0.0026959370199897484
5.075e-07,-0.00038343901998974875
5.076e-07,0.001304060980010251
5.077e-07,0.00208531098001025
5.078e-07,0.001304060980010251
5.079e-07,-0.0009615620199897486
5.08e-07,-0.0026959370199897484
5.081e-07,-0.0027740620199897485
5.082e-07,-0.0026959370199897484
5.083e-07,-0.003180312019989749
5.084e-07,-0.0026959370199897484
5.085e-07,-0.00039905901998974966
5.086e-07,0.001304060980010251
5.087e-07,7.190980010250703e-06
5.088e-07,-0.0026959370199897484
5.089e-07,-0.0038209370199897494
5.09e-07,-0.0026959370199897484
5.091e-07,-0.0006803090199897499
5.092e-07,0.001304060980010251
5.093e-07,0.002257190980010251
5.094e-07,0.001304060980010251
5.095e-07,-0.0011334370199897487
5.096e-07,-0.0026959370199897484
5.097e-07,-0.00246156201998975
5.098e-07,-0.0026959370199897484
5.099e-07,-0.004836562019989749
5.1e-07,-0.006695937019989749
5.101e-07,-0.005664687019989749
5.102e-07,-0.0026959370199897484
5.103e-07,-8.655901998974938e-05
5.104e-07,0.001304060980010251
5.105e-07,0.0017728109800102514
5.106e-07,0.001304060980010251
5.107e-07,-0.0004615590199897497
5.108e-07,-0.0026959370199897484
5.109e-07,-0.0038209370199897494
5.11e-07,-0.0026959370199897484
5.111e-07,-0.0002115590199897495
5.112e-07,0.001304060980010251
5.113e-07,7.190980010250703e-06
5.114e-07,-0.0026959370199897484
5.115e-07,-0.00407093701998975
5.116e-07,-0.0026959370199897484
5.117e-07,3.844098001025073e-05
5.118e-07,0.001304060980010251
5.119e-07,-0.00028968901998974866
5.12e-07,-0.0026959370199897484
5.121e-07,-0.003383437019989749
5.122e-07,-0.0026959370199897484
5.123e-07,-0.00235218701998975
5.124e-07,-0.0026959370199897484
5.125e-07,-0.0040084370199897496
5.126e-07,-0.006695937019989749
5.127e-07,-0.008899062019989749
5.128e-07,-0.006695937019989749
5.129e-07,0.0002259409800102509
5.13e-07,0.005304060980010251
5.131e-07,0.002382190980010251
5.132e-07,-0.006695937019989749
5.133e-07,-0.01424281201998975
5.134e-07,-0.014695937019989749
5.135e-07,-0.008586562019989748
5.136e-07,-0.0026959370199897484
5.137e-07,-0.001539687019989749
5.138e-07,-0.0026959370199897484
5.139e-07,-0.0019459370199897495
5.14e-07,0.001304060980010251
5.141e-07,0.004163440980010251
5.142e-07,0.005304060980010251
5.143e-07,0.004288440980010251
5.144e-07,0.001304060980010251
5.145e-07,-0.003274062019989749
5.146e-07,-0.006695937019989749
5.147e-07,-0.007492812019989749
5.148e-07,-0.006695937019989749
5.149e-07,-0.006133437019989749
5.15e-07,-0.006695937019989749
5.151e-07,-0.007352187019989749
5.152e-07,-0.006695937019989749
5.153e-07,-0.004477187019989749
5.154e-07,-0.0026959370199897484
5.155e-07,-0.00239906201998975
5.156e-07,-0.0026959370199897484
5.157e-07,-0.0026803120199897484
5.158e-07,-0.0026959370199897484
5.159e-07,-0.00413343701998975
5.16e-07,-0.006695937019989749
5.161e-07,-0.00822718701998975
5.162e-07,-0.006695937019989749
5.163e-07,-0.003414687019989749
5.164e-07,-0.0026959370199897484
5.165e-07,-0.006399062019989749
5.166e-07,-0.01069593723185075
5.167e-07,-0.010633437229989749
5.168e-07,-0.006695937019989749
5.169e-07,-0.0030084370199897495
5.17e-07,-0.0026959370199897484
5.171e-07,-0.00502406201998975
5.172e-07,-0.006695937019989749
5.173e-07,-0.005524062019989749
5.174e-07,-0.0026959370199897484
5.175e-07,-0.001320937019989749
5.176e-07,-0.0026959370199897484
5.177e-07,-0.005352187019989749
5.178e-07,-0.006695937019989749
5.179e-07,-0.005445937019989749
5.18e-07,-0.0026959370199897484
5.181e-07,-0.0012271870199897488
5.182e-07,-0.0026959370199897484
5.183e-07,-0.005820937019989749
5.184e-07,-0.006695937019989749
5.185e-07,-0.003445937019989749
5.186e-07,0.001304060980010251
5.187e-07,0.003366560980010251
5.188e-07,0.001304060980010251
5.189e-07,-0.003180312019989749
5.19e-07,-0.006695937019989749
5.191e-07,-0.007570937019989749
5.192e-07,-0.006695937019989749
5.193e-07,-0.005149062019989749
5.194e-07,-0.0026959370199897484
5.195e-07,0.00016344098001025084
5.196e-07,0.001304060980010251
5.197e-07,-0.0004303090199897497
5.198e-07,-0.0026959370199897484
5.199e-07,-0.0031021870199897496
5.2e-07,-0.0026959370199897484
5.201e-07,-0.0038834370199897494
5.202e-07,-0.006695937019989749
5.203e-07,-0.008461562019989748
5.204e-07,-0.006695937019989749
5.205e-07,-0.0020084370199897495
5.206e-07,0.001304060980010251
5.207e-07,0.0004759409800102511
5.208e-07,-0.0026959370199897484
5.209e-07,-0.004227187019989749
5.21e-07,-0.0026959370199897484
5.211e-07,-3.968901998974844e-05
5.212e-07,0.001304060980010251
5.213e-07,0.0009915609800102507
5.214e-07,0.001304060980010251
5.215e-07,0.003335310980010251
5.216e-07,0.005304060980010251
5.217e-07,0.00449156098001025
5.218e-07,0.001304060980010251
5.219e-07,-0.0017896870199897493
5.22e-07,-0.0026959370199897484
5.221e-07,-0.001320937019989749
5.222e-07,0.001304060980010251
5.223e-07,0.003913440980010251
5.224e-07,0.005304060980010251
5.225e-07,0.005491560980010251
5.226e-07,0.005304060980010251
5.227e-07,0.00427281098001025
5.228e-07,0.001304060980010251
5.229e-07,-0.00249281201998975
5.23e-07,-0.0026959370199897484
5.231e-07,0.0027259409800102514
5.232e-07,0.009304060980010251
5.233e-07,0.01136656098001025
5.234e-07,0.009304060980010251
5.235e-07,0.00553844098001025
5.236e-07,0.001304060980010251
5.237e-07,-0.00238343701998975
5.238e-07,-0.0026959370199897484
5.239e-07,0.001179060980010251
5.24e-07,0.005304060980010251
5.241e-07,0.005116560980010251
5.242e-07,0.001304060980010251
5.243e-07,-0.0021959370199897497
5.244e-07,-0.0026959370199897484
5.245e-07,-0.0003209390199897487
5.246e-07,0.001304060980010251
5.247e-07,0.00011656098001024996
5.248e-07,-0.0026959370199897484
5.249e-07,-0.00413343701998975
5.25e-07,-0.0026959370199897484
5.251e-07,0.0009915609800102507
5.252e-07,0.005304060980010251
5.253e-07,0.00855406098001025
5.254e-07,0.009304060980010251
5.255e-07,0.00749156098001025
5.256e-07,0.005304060980010251
5.257e-07,0.00335094098001025
5.258e-07,0.001304060980010251
5.259e-07,-0.0010865620199897487
5.26e-07,-0.0026959370199897484
5.261e-07,-0.0008678120199897485
5.262e-07,0.005304060980010251
5.263e-07,0.01121031098001025
5.264e-07,0.009304060980010251
5.265e-07,-0.0003209390199897487
5.266e-07,-0.006695937019989749
5.267e-07,-0.001399062019989749
5.268e-07,0.009304060980010251
5.269e-07,0.01378844098001025
5.27e-07,0.009304060980010251
5.271e-07,0.00233531098001025
5.272e-07,0.001304060980010251
5.273e-07,0.006304060980010252
5.274e-07,0.009304060980010251
5.275e-07,0.0056634409800102505
5.276e-07,0.001304060980010251
5.277e-07,0.002413440980010251
5.278e-07,0.005304060980010251
5.279e-07,0.00408531098001025
5.28e-07,0.001304060980010251
5.281e-07,0.00227281098001025
5.282e-07,0.005304060980010251
5.283e-07,0.006163440980010251
5.284e-07,0.005304060980010251
5.285e-07,0.004991560980010251
5.286e-07,0.005304060980010251
5.287e-07,0.005210310980010251
5.288e-07,0.005304060980010251
5.289e-07,0.0057728109800102515
5.29e-07,0.005304060980010251
5.291e-07,0.00306969098001025
5.292e-07,0.001304060980010251
5.293e-07,0.00122594098001025
5.294e-07,0.001304060980010251
5.295e-07,0.0006478109800102504
5.296e-07,0.001304060980010251
5.297e-07,0.004007190980010251
5.298e-07,0.005304060980010251
5.299e-07,0.00224156098001025
5.3e-07,-0.0026959370199897484
5.301e-07,-0.004633437019989749
5.302e-07,-0.0026959370199897484
5.303e-07,0.0004915609800102503
5.304e-07,0.001304060980010251
5.305e-07,-0.000695939019989749
5.306e-07,-0.0026959370199897484
5.307e-07,-0.0018990620199897494
5.308e-07,0.001304060980010251
5.309e-07,0.004132190980010251
5.31e-07,0.005304060980010251
5.311e-07,0.005272810980010251
5.312e-07,0.005304060980010251
5.313e-07,0.005429060980010251
5.314e-07,0.005304060980010251
5.315e-07,0.003054060980010251
5.316e-07,-0.0026959370199897484
5.317e-07,-0.009242812019989749
5.318e-07,-0.01069593723185075
5.319e-07,-0.005133437019989749
5.32e-07,0.001304060980010251
5.321e-07,0.0028196909800102515
5.322e-07,0.001304060980010251
5.323e-07,0.0018821909800102506
5.324e-07,0.005304060980010251
5.325e-07,0.00764781098001025
5.326e-07,0.005304060980010251
5.327e-07,-0.0010709370199897487
5.328e-07,-0.006695937019989749
5.329e-07,-0.00824281201998975
5.33e-07,-0.006695937019989749
5.331e-07,-0.004680312019989749
5.332e-07,-0.0026959370199897484
5.333e-07,0.0007103109800102505
5.334e-07,0.005304060980010251
5.335e-07,0.007819690980010252
5.336e-07,0.005304060980010251
5.337e-07,-0.001352187019989749
5.338e-07,-0.006695937019989749
5.339e-07,-0.006445937019989749
5.34e-07,-0.0026959370199897484
5.341e-07,-0.0008834370199897485
5.342e-07,-0.0026959370199897484
5.343e-07,-0.005758437019989749
5.344e-07,-0.006695937019989749
5.345e-07,-0.0037896870199897494
5.346e-07,0.001304060980010251
5.347e-07,0.004194690980010251
5.348e-07,0.001304060980010251
5.349e-07,-0.00599281201998975
5.35e-07,-0.01069593723185075
5.351e-07,-0.008399062019989748
5.352e-07,-0.0026959370199897484
5.353e-07,7.190980010250703e-06
5.354e-07,-0.0026959370199897484
5.355e-07,-0.00789906201998975
5.356e-07,-0.01069593723185075
5.357e-07,-0.009352187019989749
5.358e-07,-0.006695937019989749
5.359e-07,-0.004836562019989749
5.36e-07,-0.0026959370199897484
5.361e-07,0.00038219098001025104
5.362e-07,0.001304060980010251
5.363e-07,-0.00239906201998975
5.364e-07,-0.006695937019989749
5.365e-07,-0.007555312019989749
5.366e-07,-0.006695937019989749
5.367e-07,-0.006930312019989749
5.368e-07,-0.006695937019989749
5.369e-07,-0.004461562019989749
5.37e-07,-0.0026959370199897484
5.371e-07,-0.00408656201998975
5.372e-07,-0.006695937019989749
5.373e-07,-0.007352187019989749
5.374e-07,-0.006695937019989749
5.375e-07,-0.006461562019989749
5.376e-07,-0.006695937019989749
5.377e-07,-0.006680312019989749
5.378e-07,-0.006695937019989749
5.379e-07,-0.007102187019989749
5.38e-07,-0.006695937019989749
5.381e-07,-0.004852187019989749
5.382e-07,-0.0026959370199897484
5.383e-07,-0.0019928120199897495
5.384e-07,-0.0026959370199897484
5.385e-07,-0.004539687019989749
5.386e-07,-0.006695937019989749
5.387e-07,-0.008945937019989749
5.388e-07,-0.01069593723185075
5.389e-07,-0.01119593721998975
5.39e-07,-0.01069593723185075
5.391e-07,-0.010070937219989749
5.392e-07,-0.01069593723185075
5.393e-07,-0.012570937019989748
5.394e-07,-0.014695937019989749
5.395e-07,-0.01446156201998975
5.396e-07,-0.01069593723185075
5.397e-07,-0.005180312019989749
5.398e-07,-0.0026959370199897484
5.399e-07,-0.004789687019989749
5.4e-07,-0.006695937019989749
5.401e-07,-0.00503968701998975
5.402e-07,-0.0026959370199897484
5.403e-07,-0.0038834370199897494
5.404e-07,-0.006695937019989749
5.405e-07,-0.007711562019989749
5.406e-07,-0.006695937019989749
5.407e-07,-0.006164687019989749
5.408e-07,-0.006695937019989749
5.409e-07,-0.007180312019989749
5.41e-07,-0.006695937019989749
5.411e-07,-0.00605531201998975
5.412e-07,-0.006695937019989749
5.413e-07,-0.008867812019989749
5.414e-07,-0.01069593723185075
5.415e-07,-0.009836562219989749
5.416e-07,-0.006695937019989749
5.417e-07,-0.004617812019989749
5.418e-07,-0.006695937019989749
5.419e-07,-0.01189906201998975
5.42e-07,-0.014695937019989749
5.421e-07,-0.01188343701998975
5.422e-07,-0.006695937019989749
5.423e-07,-0.004617812019989749
5.424e-07,-0.006695937019989749
5.425e-07,-0.009914687219989749
5.426e-07,-0.01069593723185075
5.427e-07,-0.00961781201998975
5.428e-07,-0.01069593723185075
5.429e-07,-0.015086562019989749
5.43e-07,-0.01869593701998975
5.431e-07,-0.01758656201998975
5.432e-07,-0.014695937019989749
5.433e-07,-0.01397718701998975
5.434e-07,-0.014695937019989749
5.435e-07,-0.01357093701998975
5.436e-07,-0.01069593723185075
5.437e-07,-0.00808656201998975
5.438e-07,-0.006695937019989749
5.439e-07,-0.006320937019989749
5.44e-07,-0.006695937019989749
5.441e-07,-0.00822718701998975
5.442e-07,-0.01069593723185075
5.443e-07,-0.01346156201998975
5.444e-07,-0.014695937019989749
5.445e-07,-0.01346156201998975
5.446e-07,-0.01069593723185075
5.447e-07,-0.00808656201998975
5.448e-07,-0.006695937019989749
5.449e-07,-0.006414687019989749
5.45e-07,-0.006695937019989749
5.451e-07,-0.00783656201998975
5.452e-07,-0.01069593723185075
5.453e-07,-0.014258437019989748
5.454e-07,-0.014695937019989749
5.455e-07,-0.010774062229989749
5.456e-07,-0.006695937019989749
5.457e-07,-0.00608656201998975
5.458e-07,-0.006695937019989749
5.459e-07,-0.00608656201998975
5.46e-07,-0.006695937019989749
5.461e-07,-0.01069593723185075
5.462e-07,-0.014695937019989749
5.463e-07,-0.01433656201998975
5.464e-07,-0.01069593723185075
5.465e-07,-0.007586562019989749
5.466e-07,-0.006695937019989749
5.467e-07,-0.006899062019989749
5.468e-07,-0.006695937019989749
5.469e-07,-0.00602406201998975
5.47e-07,-0.006695937019989749
5.471e-07,-0.009070937019989749
5.472e-07,-0.01069593723185075
5.473e-07,-0.00946156201998975
5.474e-07,-0.006695937019989749
5.475e-07,-0.004617812019989749
5.476e-07,-0.0026959370199897484
5.477e-07,-0.0003209390199897487
5.478e-07,0.001304060980010251
5.479e-07,0.00010094098001025079
5.48e-07,-0.0026959370199897484
5.481e-07,-0.005180312019989749
5.482e-07,-0.006695937019989749
5.483e-07,-0.007336562019989749
5.484e-07,-0.006695937019989749
5.485e-07,-0.005789687019989749
5.486e-07,-0.006695937019989749
5.487e-07,-0.00943031201998975
5.488e-07,-0.01069593723185075
5.489e-07,-0.007617812019989749
5.49e-07,-0.0026959370199897484
5.491e-07,-0.0004615590199897497
5.492e-07,-0.0026959370199897484
5.493e-07,-0.007352187019989749
5.494e-07,-0.01069593723185075
5.495e-07,-0.010227187219989749
5.496e-07,-0.006695937019989749
5.497e-07,-0.003227187019989749
5.498e-07,-0.0026959370199897484
5.499e-07,-0.0049615620199897495
5.5e-07,-0.006695937019989749
5.501e-07,-0.005524062019989749
5.502e-07,-0.0026959370199897484
5.503e-07,-0.0011803120199897488
5.504e-07,-0.0026959370199897484
5.505e-07,-0.005727187019989749
5.506e-07,-0.006695937019989749
5.507e-07,-0.004695937019989749
5.508e-07,-0.0026959370199897484
5.509e-07,-0.00263343701998975
5.51e-07,-0.0026959370199897484
5.511e-07,-0.0008521870199897485
5.512e-07,0.001304060980010251
5.513e-07,0.0005696909800102512
5.514e-07,-0.0026959370199897484
5.515e-07,-0.0049303120199897495
5.516e-07,-0.0026959370199897484
5.517e-07,0.0025696909800102512
5.518e-07,0.005304060980010251
5.519e-07,0.002100940980010251
5.52e-07,-0.0026959370199897484
5.521e-07,-0.0040084370199897496
5.522e-07,-0.0026959370199897484
5.523e-07,-0.0020709370199897496
5.524e-07,-0.0026959370199897484
5.525e-07,-0.0029928120199897495
5.526e-07,-0.0026959370199897484
5.527e-07,-0.00257093701998975
5.528e-07,-0.0026959370199897484
5.529e-07,-0.0018209370199897493
5.53e-07,0.001304060980010251
5.531e-07,0.005116560980010251
5.532e-07,0.005304060980010251
5.533e-07,0.0007259409800102513
5.534e-07,-0.0026959370199897484
5.535e-07,-0.0011646870199897488
5.536e-07,0.001304060980010251
5.537e-07,-0.00019593901998974858
5.538e-07,-0.0026959370199897484
5.539e-07,-0.0017428120199897493
5.54e-07,0.001304060980010251
5.541e-07,0.002382190980010251
5.542e-07,0.001304060980010251
5.543e-07,-0.0003053090199897496
5.544e-07,-0.0026959370199897484
5.545e-07,-0.005524062019989749
5.546e-07,-0.006695937019989749
5.547e-07,-0.004852187019989749
5.548e-07,-0.0026959370199897484
5.549e-07,-0.00236781201998975
5.55e-07,-0.0026959370199897484
5.551e-07,-0.001414687019989749
5.552e-07,0.001304060980010251
5.553e-07,0.0037103109800102514
5.554e-07,0.005304060980010251
5.555e-07,0.005929060980010252
5.556e-07,0.005304060980010251
5.557e-07,0.003272810980010251
5.558e-07,0.001304060980010251
5.559e-07,-0.00028968901998974866
5.56e-07,-0.0026959370199897484
5.561e-07,-0.0058521870199897495
5.562e-07,-0.006695937019989749
5.563e-07,-0.003336562019989749
5.564e-07,0.001304060980010251
5.565e-07,0.00405406098001025
5.566e-07,0.005304060980010251
5.567e-07,0.006147810980010252
5.568e-07,0.005304060980010251
5.569e-07,0.0015384409800102503
5.57e-07,-0.0026959370199897484
5.571e-07,-0.004180312019989749
5.572e-07,-0.0026959370199897484
5.573e-07,-0.00028968901998974866
5.574e-07,0.001304060980010251
5.575e-07,0.0016009409800102504
5.576e-07,0.001304060980010251
5.577e-07,0.00125719098001025
5.578e-07,0.001304060980010251
5.579e-07,0.00122594098001025
5.58e-07,0.001304060980010251
5.581e-07,0.0014134409800102502
5.582e-07,0.001304060980010251
5.583e-07,0.0007415609800102505
5.584e-07,0.001304060980010251
5.585e-07,0.003366560980010251
5.586e-07,0.005304060980010251
5.587e-07,0.004772810980010251
5.588e-07,0.001304060980010251
5.589e-07,-0.003352187019989749
5.59e-07,-0.006695937019989749
5.591e-07,-0.007320937019989749
5.592e-07,-0.006695937019989749
5.593e-07,-0.005399062019989749
5.594e-07,-0.0026959370199897484
5.595e-07,0.0018196909800102506
5.596e-07,0.005304060980010251
5.597e-07,0.005757190980010251
5.598e-07,0.005304060980010251
5.599e-07,0.0057103109800102515
5.6e-07,0.005304060980010251
5.601e-07,0.0027415609800102506
5.602e-07,0.001304060980010251
5.603e-07,0.003147810980010251
5.604e-07,0.005304060980010251
5.605e-07,0.00396031098001025
5.606e-07,0.001304060980010251
5.607e-07,0.0005853109800102504
5.608e-07,0.001304060980010251
5.609e-07,0.002413440980010251
5.61e-07,0.005304060980010251
5.611e-07,0.00928844098001025
5.612e-07,0.009304060980010251
5.613e-07,0.003054060980010251
5.614e-07,-0.0026959370199897484
5.615e-07,-0.0020709370199897496
5.616e-07,0.001304060980010251
5.617e-07,0.0020384409800102508
5.618e-07,0.001304060980010251
5.619e-07,0.0017728109800102514
5.62e-07,0.001304060980010251
5.621e-07,-0.0016178120199897492
5.622e-07,-0.0026959370199897484
5.623e-07,0.00128844098001025
5.624e-07,0.005304060980010251
5.625e-07,0.004413440980010251
5.626e-07,0.001304060980010251
5.627e-07,0.0004915609800102503
5.628e-07,0.001304060980010251
5.629e-07,0.00116344098001025
5.63e-07,0.001304060980010251
5.631e-07,0.0033821909800102502
5.632e-07,0.005304060980010251
5.633e-07,0.005116560980010251
5.634e-07,0.005304060980010251
5.635e-07,0.006444690980010251
5.636e-07,0.005304060980010251
5.637e-07,0.000350940980010251
5.638e-07,-0.0026959370199897484
5.639e-07,0.00033531098001025016
5.64e-07,0.005304060980010251
5.641e-07,0.0056634409800102505
5.642e-07,0.001304060980010251
5.643e-07,-0.003602187019989749
5.644e-07,-0.006695937019989749
5.645e-07,-0.007508437019989749
5.646e-07,-0.006695937019989749
5.647e-07,-0.004664687019989749
5.648e-07,-0.0026959370199897484
5.649e-07,-0.0009615620199897486
5.65e-07,0.001304060980010251
5.651e-07,0.0038978109800102516
5.652e-07,0.005304060980010251
5.653e-07,0.004100940980010251
5.654e-07,0.001304060980010251
5.655e-07,-0.001399062019989749
5.656e-07,-0.0026959370199897484
5.657e-07,-0.0029928120199897495
5.658e-07,-0.0026959370199897484
5.659e-07,-0.00246156201998975
5.66e-07,-0.0026959370199897484
5.661e-07,-0.0031178120199897496
5.662e-07,-0.0026959370199897484
5.663e-07,-0.0018990620199897494
5.664e-07,-0.0026959370199897484
5.665e-07,-0.00507093701998975
5.666e-07,-0.006695937019989749
5.667e-07,-0.005211562019989749
5.668e-07,-0.0026959370199897484
5.669e-07,-0.0026959370199897484
5.67e-07,-0.006695937019989749
5.671e-07,-0.01122718721998975
5.672e-07,-0.01069593723185075
5.673e-07,-0.003274062019989749
5.674e-07,0.005304060980010251
5.675e-07,0.009210310980010251
5.676e-07,0.009304060980010251
5.677e-07,0.007850940980010252
5.678e-07,0.005304060980010251
5.679e-07,0.0006165609800102504
5.68e-07,-0.0026959370199897484
5.681e-07,-0.0018678120199897494
5.682e-07,0.001304060980010251
5.683e-07,0.0026478109800102505
5.684e-07,0.001304060980010251
5.685e-07,-0.0020865620199897496
5.686e-07,-0.006695937019989749
5.687e-07,-0.01039906221998975
5.688e-07,-0.01069593723185075
5.689e-07,-0.006774062019989749
5.69e-07,-0.0026959370199897484
5.691e-07,-0.0016803120199897492
5.692e-07,-0.0026959370199897484
5.693e-07,-0.0031334370199897496
5.694e-07,-0.0026959370199897484
5.695e-07,-0.00246156201998975
5.696e-07,-0.0026959370199897484
5.697e-07,-0.0029146870199897494
5.698e-07,-0.0026959370199897484
5.699e-07,-0.00255531201998975
5.7e-07,-0.0026959370199897484
5.701e-07,-0.0030240620199897495
5.702e-07,-0.0026959370199897484
5.703e-07,-0.0019146870199897494
5.704e-07,-0.0026959370199897484
5.705e-07,-0.005336562019989749
5.706e-07,-0.006695937019989749
5.707e-07,-0.004852187019989749
5.708e-07,-0.0026959370199897484
5.709e-07,-0.0027740620199897485
5.71e-07,-0.0026959370199897484
5.711e-07,-0.00039905901998974966
5.712e-07,0.001304060980010251
5.713e-07,-0.00039905901998974966
5.714e-07,-0.0026959370199897484
5.715e-07,-0.0026959370199897484
5.716e-07,-0.0026959370199897484
5.717e-07,-0.00500843701998975
5.718e-07,-0.006695937019989749
5.719e-07,-0.0049459370199897495
5.72e-07,-0.0026959370199897484
5.721e-07,-0.0028521870199897485
5.722e-07,-0.0026959370199897484
5.723e-07,-7.093901998974847e-05
5.724e-07,0.001304060980010251
5.725e-07,-0.0010553120199897487
5.726e-07,-0.0026959370199897484
5.727e-07,-0.0004459390199897488
5.728e-07,0.001304060980010251
5.729e-07,-0.0021178120199897496
5.73e-07,-0.006695937019989749
5.731e-07,-0.006617812019989749
5.732e-07,-0.0026959370199897484
5.733e-07,0.0004915609800102503
5.734e-07,0.001304060980010251
5.735e-07,0.00016344098001025084
5.736e-07,-0.0026959370199897484
5.737e-07,-0.00600843701998975
5.738e-07,-0.006695937019989749
5.739e-07,-0.00413343701998975
5.74e-07,-0.0026959370199897484
5.741e-07,-0.004836562019989749
5.742e-07,-0.006695937019989749
5.743e-07,-0.00502406201998975
5.744e-07,-0.0026959370199897484
5.745e-07,-0.0027271870199897484
5.746e-07,-0.0026959370199897484
5.747e-07,-0.00016468901998974855
5.748e-07,0.001304060980010251
5.749e-07,-0.0018521870199897494
5.75e-07,-0.006695937019989749
5.751e-07,-0.008492812019989748
5.752e-07,-0.006695937019989749
5.753e-07,-0.00405531201998975
5.754e-07,-0.0026959370199897484
5.755e-07,-0.0016803120199897492
5.756e-07,0.001304060980010251
5.757e-07,0.00525719098001025
5.758e-07,0.005304060980010251
5.759e-07,-0.0006803090199897499
5.76e-07,-0.006695937019989749
5.761e-07,-0.0068209370199897494
5.762e-07,-0.0026959370199897484
5.763e-07,0.0005540609800102504
5.764e-07,0.001304060980010251
5.765e-07,0.0011165609800102509
5.766e-07,0.001304060980010251
5.767e-07,0.0005540609800102504
5.768e-07,-0.0026959370199897484
5.769e-07,-0.006758437019989749
5.77e-07,-0.006695937019989749
5.771e-07,-0.0007740620199897484
5.772e-07,0.005304060980010251
5.773e-07,0.005429060980010251
5.774e-07,0.001304060980010251
5.775e-07,-0.0020709370199897496
5.776e-07,-0.0026959370199897484
5.777e-07,-0.00236781201998975
5.778e-07,-0.0026959370199897484
5.779e-07,-0.003383437019989749
5.78e-07,-0.0026959370199897484
5.781e-07,-0.0004146890199897488
5.782e-07,0.001304060980010251
5.783e-07,0.0002259409800102509
5.784e-07,-0.0026959370199897484
5.785e-07,-0.005320937019989749
5.786e-07,-0.006695937019989749
5.787e-07,-0.007102187019989749
5.788e-07,-0.006695937019989749
5.789e-07,-0.005180312019989749
5.79e-07,-0.0026959370199897484
5.791e-07,-0.0009771870199897486
5.792e-07,-0.0026959370199897484
5.793e-07,-0.007445937019989749
5.794e-07,-0.01069593723185075
5.795e-07,-0.009133437019989749
5.796e-07,-0.006695937019989749
5.797e-07,-0.006680312019989749
5.798e-07,-0.006695937019989749
5.799e-07,-0.004289687019989749
5.8e-07,-0.0026959370199897484
5.801e-07,-0.0038990620199897495
5.802e-07,-0.0026959370199897484
5.803e-07,0.0037884409800102506
5.804e-07,0.009304060980010251
5.805e-07,0.007054060980010249
5.806e-07,0.001304060980010251
5.807e-07,-0.0018365620199897494
5.808e-07,-0.0026959370199897484
5.809e-07,-0.004617812019989749
5.81e-07,-0.006695937019989749
5.811e-07,-0.006899062019989749
5.812e-07,-0.006695937019989749
5.813e-07,-0.007352187019989749
5.814e-07,-0.006695937019989749
5.815e-07,-0.0026803120199897484
5.816e-07,0.001304060980010251
5.817e-07,0.002225940980010251
5.818e-07,0.001304060980010251
5.819e-07,3.844098001025073e-05
5.82e-07,-0.0026959370199897484
5.821e-07,-0.006461562019989749
5.822e-07,-0.006695937019989749
5.823e-07,-0.0010709370199897487
5.824e-07,0.005304060980010251
5.825e-07,0.005929060980010252
5.826e-07,0.001304060980010251
5.827e-07,-0.0031178120199897496
5.828e-07,-0.0026959370199897484
5.829e-07,0.0017884409800102506
5.83e-07,0.005304060980010251
5.831e-07,0.00442906098001025
5.832e-07,0.001304060980010251
5.833e-07,-8.655901998974938e-05
5.834e-07,0.001304060980010251
5.835e-07,0.0026634409800102513
5.836e-07,0.001304060980010251
5.837e-07,-0.0018678120199897494
5.838e-07,-0.0026959370199897484
5.839e-07,0.0008040609800102506
5.84e-07,0.005304060980010251
5.841e-07,0.006569690980010251
5.842e-07,0.005304060980010251
5.843e-07,0.0036009409800102504
5.844e-07,0.001304060980010251
5.845e-07,-0.0017428120199897493
5.846e-07,-0.0026959370199897484
5.847e-07,-0.0003521890199897487
5.848e-07,0.001304060980010251
5.849e-07,-0.0006178090199897499
5.85e-07,-0.0026959370199897484
5.851e-07,-0.0012115620199897488
