5.613e-07,-0.00504448745497113
5.614e-07,-0.00466948745497113
5.615e-07,-0.0022710494549711296
5.616e-07,-0.0006694874549711296
5.617e-07,-0.0023179244549711296
5.618e-07,-0.00466948745497113
5.619e-07,-0.004575737454971129
5.62e-07,-0.0026694869881681293
5.621e-07,-0.0017944869549711296
5.622e-07,-0.0026694869881681293
5.623e-07,-0.00407573745497113
5.624e-07,-0.00466948745497113
5.625e-07,-0.00445073745497113
5.626e-07,-0.00466948745497113
5.627e-07,-0.00581792445497113
5.628e-07,-0.00666948745497113
5.629e-07,-0.006021049454971129
5.63e-07,-0.00466948745497113
5.631e-07,-0.0037163624549711293
5.632e-07,-0.0026694869881681293
5.633e-07,-0.0011694874549711294
5.634e-07,-0.0006694874549711296
5.635e-07,-0.0023257369549711296
5.636e-07,-0.00466948745497113
5.637e-07,-0.006021049454971129
5.638e-07,-0.00666948745497113
5.639e-07,-0.00717729945497113
5.64e-07,-0.00666948745497113
5.641e-07,-0.0046616744549711295
5.642e-07,-0.0026694869881681293
5.643e-07,-0.0022163619549711295
5.644e-07,-0.0026694869881681293
5.645e-07,-0.0028022994549711296
5.646e-07,-0.0026694869881681293
5.647e-07,-0.0032632369549711296
5.648e-07,-0.00466948745497113
5.649e-07,-0.006208549454971129
5.65e-07,-0.00666948745497113
5.651e-07,-0.00583354945497113
5.652e-07,-0.00466948745497113
5.653e-07,-0.00424761245497113
5.654e-07,-0.00466948745497113
5.655e-07,-0.0055210494549711294
5.656e-07,-0.00666948745497113
5.657e-07,-0.00784136245497113
5.658e-07,-0.00866948745497113
5.659e-07,-0.00823198745497113
5.66e-07,-0.00666948745497113
5.661e-07,-0.0049507374549711295
5.662e-07,-0.00466948745497113
5.663e-07,-0.005942924454971129
5.664e-07,-0.00666948745497113
5.665e-07,-0.00519292445497113
5.666e-07,-0.0026694869881681293
5.667e-07,-0.0010757374549711296
5.668e-07,-0.0006694874549711296
5.669e-07,-0.0012319874549711295
5.67e-07,-0.0026694869881681293
5.671e-07,-0.00495854945497113
5.672e-07,-0.00666948745497113
5.673e-07,-0.0064897994549711294
5.674e-07,-0.00466948745497113
5.675e-07,-0.0028335494549711297
5.676e-07,-0.0026694869881681293
5.677e-07,-0.00404448745497113
5.678e-07,-0.00466948745497113
5.679e-07,-0.0035522994549711294
5.68e-07,-0.0026694869881681293
5.681e-07,-0.0036226119549711295
5.682e-07,-0.00466948745497113
5.683e-07,-0.0038882374549711295
5.684e-07,-0.0026694869881681293
5.685e-07,-0.0031616744549711295
5.686e-07,-0.00466948745497113
5.687e-07,-0.00570854945497113
5.688e-07,-0.00666948745497113
5.689e-07,-0.007583549454971129
5.69e-07,-0.00666948745497113
5.691e-07,-0.0033491744549711297
5.692e-07,-0.0006694874549711296
5.693e-07,-0.0011538624549711294
5.694e-07,-0.0026694869881681293
5.695e-07,-0.0029116744549711297
5.696e-07,-0.0026694869881681293
5.697e-07,-0.0035991744549711295
5.698e-07,-0.00466948745497113
5.699e-07,-0.0045991744549711295
5.7e-07,-0.00466948745497113
5.701e-07,-0.006396049454971129
5.702e-07,-0.00866948745497113
5.703e-07,-0.00941948745497113
5.704e-07,-0.00866948745497113
5.705e-07,-0.006919487454971129
5.706e-07,-0.00466948745497113
5.707e-07,-0.0022397994549711296
5.708e-07,-0.0006694874549711296
5.709e-07,-0.0009351124549711294
5.71e-07,-0.0026694869881681293
5.711e-07,-0.00443511245497113
5.712e-07,-0.00466948745497113
5.713e-07,-0.0034897994549711294
5.714e-07,-0.0026694869881681293
5.715e-07,-0.0034976119549711294
5.716e-07,-0.00466948745497113
5.717e-07,-0.004396049454971129
5.718e-07,-0.0026694869881681293
5.719e-07,-0.0009663624549711295
5.72e-07,-0.0006694874549711296
5.721e-07,-0.0016772994549711295
5.722e-07,-0.0026694869881681293
5.723e-07,-0.0028726119549711297
5.724e-07,-0.0026694869881681293
5.725e-07,-0.0027397994849711295
5.726e-07,-0.0026694869881681293
5.727e-07,-0.0018335494549711296
5.728e-07,-0.0006694874549711296
5.729e-07,-0.00027104945497112955
5.73e-07,-0.0006694874549711296
5.731e-07,-0.0014897994549711295
5.732e-07,-0.0026694869881681293
5.733e-07,-0.0034741744549711294
5.734e-07,-0.0026694869881681293
5.735e-07,-0.0008179244549711296
5.736e-07,-0.0006694874549711296
5.737e-07,-0.0030366744549711294
5.738e-07,-0.00466948745497113
5.739e-07,-0.0025991744849711293
5.74e-07,0.0013305135450288707
5.741e-07,0.003119575545028871
5.742e-07,0.0013305135450288707
5.743e-07,-0.0018257369549711296
5.744e-07,-0.0026694869881681293
5.745e-07,-0.0005522994549711294
5.746e-07,0.0013305135450288707
5.747e-07,0.0005805135450288705
5.748e-07,-0.0006694874549711296
5.749e-07,2.3885450288704292e-06
5.75e-07,0.0013305135450288707
5.751e-07,0.0008695755450288706
5.752e-07,-0.0006694874549711296
5.753e-07,-0.0011538624549711294
5.754e-07,-0.0006694874549711296
5.755e-07,-0.0004976124549711295
5.756e-07,-0.0006694874549711296
5.757e-07,-0.0007085494549711295
5.758e-07,-0.0006694874549711296
5.759e-07,-0.0002788614549711294
5.76e-07,0.0013305135450288707
5.761e-07,0.0034008255450288702
5.762e-07,0.0033305135450288708
5.763e-07,0.00023676354502887064
5.764e-07,-0.0026694869881681293
5.765e-07,-0.0025132369549711294
5.766e-07,-0.0006694874549711296
5.767e-07,5.707554502887031e-05
5.768e-07,-0.0006694874549711296
5.769e-07,-0.0012241744549711295
5.77e-07,-0.0006694874549711296
5.771e-07,0.0005805135450288705
5.772e-07,0.0013305135450288707
5.773e-07,0.0013227005450288701
5.774e-07,0.0013305135450288707
5.775e-07,0.0016508255450288704
5.776e-07,0.0013305135450288707
5.777e-07,-6.792445497112937e-05
5.778e-07,-0.0006694874549711296
5.779e-07,0.0009320755450288707
5.78e-07,0.0033305135450288708
5.781e-07,0.00419770054502887
5.782e-07,0.0033305135450288708
5.783e-07,0.0019633255450288707
5.784e-07,0.0013305135450288707
5.785e-07,0.0013695755450288702
5.786e-07,0.0013305135450288707
5.787e-07,0.0010883255450288704
5.788e-07,0.0013305135450288707
5.789e-07,0.0024008255450288702
5.79e-07,0.0033305135450288708
5.791e-07,0.0029164505450288707
5.792e-07,0.0013305135450288707
5.793e-07,0.0002914505450288705
5.794e-07,0.0013305135450288707
5.795e-07,0.0038930135450288704
5.796e-07,0.0053305135450288695
5.797e-07,0.00440082554502887
5.798e-07,0.0033305135450288708
5.799e-07,0.004041450545028871
5.8e-07,0.0053305135450288695
5.801e-07,0.00496332554502887
5.802e-07,0.0033305135450288708
5.803e-07,0.002424263545028871
5.804e-07,0.0033305135450288708
5.805e-07,0.004924263545028871
5.806e-07,0.0053305135450288695
5.807e-07,0.00412738854502887
5.808e-07,0.0033305135450288708
5.809e-07,0.00423676354502887
5.81e-07,0.0053305135450288695
5.811e-07,0.004799263545028871
5.812e-07,0.0033305135450288708
5.813e-07,0.0028070755450288706
5.814e-07,0.0033305135450288708
5.815e-07,0.0036977005450288705
5.816e-07,0.0033305135450288708
5.817e-07,0.0028930135450288704
5.818e-07,0.0033305135450288708
5.819e-07,0.005080513545028871
5.82e-07,0.0073305135450288696
5.821e-07,0.00843207554502887
5.822e-07,0.0073305135450288696
5.823e-07,0.00480707554502887
5.824e-07,0.0033305135450288708
5.825e-07,0.004057075545028871
5.826e-07,0.0053305135450288695
5.827e-07,0.00550238854502887
5.828e-07,0.0053305135450288695
5.829e-07,0.00611957554502887
5.83e-07,0.0073305135450288696
5.831e-07,0.00760395554502887
5.832e-07,0.0073305135450288696
5.833e-07,0.007322700545028871
5.834e-07,0.0073305135450288696
5.835e-07,0.007080513545028869
5.836e-07,0.0073305135450288696
5.837e-07,0.00793207554502887
5.838e-07,0.0073305135450288696
5.839e-07,0.00501020054502887
5.84e-07,0.0033305135450288708
5.841e-07,0.0044242635450288705
5.842e-07,0.0073305135450288696
5.843e-07,0.00936957554502887
5.844e-07,0.00933051554502887
5.845e-07,0.00800238554502887
5.846e-07,0.0073305135450288696
5.847e-07,0.00766645554502887
5.848e-07,0.0073305135450288696
5.849e-07,0.005369575545028871
5.85e-07,0.0033305135450288708
5.851e-07,0.0029711385450288705
5.852e-07,0.0033305135450288708
5.853e-07,0.00321332554502887
5.854e-07,0.0033305135450288708
5.855e-07,0.005049263545028871
5.856e-07,0.0073305135450288696
5.857e-07,0.00868207554502887
5.858e-07,0.00933051554502887
5.859e-07,0.00971332554502887
5.86e-07,0.00933051554502887
5.861e-07,0.00796332554502887
5.862e-07,0.0073305135450288696
5.863e-07,0.007744575545028869
5.864e-07,0.0073305135450288696
5.865e-07,0.005049263545028871
5.866e-07,0.0033305135450288708
5.867e-07,0.0045336385450288706
5.868e-07,0.0073305135450288696
5.869e-07,0.00864301554502887
5.87e-07,0.0073305135450288696
5.871e-07,0.0052836385450288695
5.872e-07,0.0053305135450288695
5.873e-07,0.00775238554502887
5.874e-07,0.00933051554502887
5.875e-07,0.00778363554502887
5.876e-07,0.0053305135450288695
5.877e-07,0.00476020054502887
5.878e-07,0.0053305135450288695
5.879e-07,0.0052523885450288695
5.88e-07,0.0053305135450288695
5.881e-07,0.00654145054502887
5.882e-07,0.0073305135450288696
5.883e-07,0.00631488854502887
5.884e-07,0.0053305135450288695
5.885e-07,0.00615082554502887
5.886e-07,0.0073305135450288696
5.887e-07,0.006814888545028871
5.888e-07,0.0053305135450288695
5.889e-07,0.00425238854502887
5.89e-07,0.0033305135450288708
5.891e-07,0.0025570755450288704
5.892e-07,0.0033305135450288708
5.893e-07,0.00592426354502887
5.894e-07,0.0073305135450288696
5.895e-07,0.00564301354502887
5.896e-07,0.0033305135450288708
5.897e-07,0.0034164505450288703
5.898e-07,0.0053305135450288695
5.899e-07,0.00677582554502887
5.9e-07,0.0073305135450288696
5.901e-07,0.00748676554502887
5.902e-07,0.0073305135450288696
5.903e-07,0.00649457554502887
5.904e-07,0.0053305135450288695
5.905e-07,0.00426020054502887
5.906e-07,0.0033305135450288708
5.907e-07,0.00238520054502887
5.908e-07,0.0013305135450288707
5.909e-07,0.0011742635450288706
5.91e-07,0.0033305135450288708
5.911e-07,0.007228950545028871
5.912e-07,0.00933051554502887
5.913e-07,0.007713325545028869
5.914e-07,0.0053305135450288695
5.915e-07,0.00496332554502887
5.916e-07,0.0053305135450288695
5.917e-07,0.00426801354502887
5.918e-07,0.0033305135450288708
5.919e-07,0.00418207554502887
5.92e-07,0.0053305135450288695
5.921e-07,0.00466645054502887
5.922e-07,0.0033305135450288708
5.923e-07,0.0031898885450288707
5.924e-07,0.0033305135450288708
5.925e-07,0.0025258255450288703
5.926e-07,0.0013305135450288707
5.927e-07,0.0010258255450288703
5.928e-07,0.0013305135450288707
5.929e-07,0.0019633255450288707
5.93e-07,0.0033305135450288708
5.931e-07,0.00559613854502887
5.932e-07,0.0073305135450288696
5.933e-07,0.0070727005450288705
5.934e-07,0.0053305135450288695
5.935e-07,0.0036195755450288704
5.936e-07,0.0033305135450288708
5.937e-07,0.00429926354502887
5.938e-07,0.0053305135450288695
5.939e-07,0.00548676354502887
5.94e-07,0.0053305135450288695
5.941e-07,0.0053617635450288696
5.942e-07,0.0053305135450288695
5.943e-07,0.004564888545028871
5.944e-07,0.0033305135450288708
5.945e-07,0.0027289505450288705
5.946e-07,0.0033305135450288708
5.947e-07,0.004611763545028871
5.948e-07,0.0053305135450288695
5.949e-07,0.00465082554502887
5.95e-07,0.0033305135450288708
5.951e-07,0.0027211385450288702
5.952e-07,0.0033305135450288708
5.953e-07,0.0045336385450288706
5.954e-07,0.0053305135450288695
5.955e-07,0.004924263545028871
5.956e-07,0.0033305135450288708
5.957e-07,0.0016039505450288704
5.958e-07,0.0013305135450288707
5.959e-07,0.00261176354502887
5.96e-07,0.0033305135450288708
5.961e-07,0.00236957554502887
5.962e-07,0.0013305135450288707
5.963e-07,0.0019555135450288704
5.964e-07,0.0033305135450288708
5.965e-07,0.0037289505450288705
5.966e-07,0.0033305135450288708
5.967e-07,0.0031742635450288706
5.968e-07,0.0033305135450288708
5.969e-07,0.0033148885450288708
5.97e-07,0.0033305135450288708
5.971e-07,0.003455513545028871
5.972e-07,0.0033305135450288708
5.973e-07,0.002486763545028871
5.974e-07,0.0013305135450288707
5.975e-07,0.0007289505450288705
5.976e-07,0.0013305135450288707
5.977e-07,0.0026508255450288704
5.978e-07,0.0033305135450288708
5.979e-07,0.00259613854502887
5.98e-07,0.0013305135450288707
5.981e-07,0.0008695755450288706
5.982e-07,0.0013305135450288707
5.983e-07,0.0017758255450288705
5.984e-07,0.0013305135450288707
5.985e-07,0.00017426354502887058
5.986e-07,-0.0006694874549711296
5.987e-07,-0.0003022994549711296
5.988e-07,0.0013305135450288707
5.989e-07,0.0031117635450288706
5.99e-07,0.0033305135450288708
5.991e-07,0.0020336385450288705
5.992e-07,0.0013305135450288707
5.993e-07,0.0018461385450288703
5.994e-07,0.0013305135450288707
5.995e-07,-0.0012163624549711295
5.996e-07,-0.0026694869881681293
5.997e-07,-0.00038042445497112965
5.998e-07,0.0033305135450288708
5.999e-07,0.004564888545028871
6e-07,0.0033305135450288708
6.001e-07,0.0019008255450288706
6.002e-07,0.0013305135450288707
6.003e-07,0.0012367635450288707
6.004e-07,0.0013305135450288707
6.005e-07,0.0009867635450288704
6.006e-07,-0.0006694874549711296
6.007e-07,-0.0028257369549711297
6.008e-07,-0.0026694869881681293
6.009e-07,0.0005570755450288703
6.01e-07,0.0033305135450288708
6.011e-07,0.0029555135450288705
6.012e-07,0.0013305135450288707
6.013e-07,0.0010805135450288705
6.014e-07,0.0013305135450288707
6.015e-07,0.00033832554502887056
6.016e-07,-0.0006694874549711296
6.017e-07,5.707554502887031e-05
6.018e-07,0.0013305135450288707
6.019e-07,0.0014477005450288702
6.02e-07,0.0013305135450288707
6.021e-07,0.0017289505450288705
6.022e-07,0.0013305135450288707
6.023e-07,-0.0003179244549711296
6.024e-07,-0.0006694874549711296
6.025e-07,0.00153363854502887
6.026e-07,0.0033305135450288708
6.027e-07,0.0019242635450288704
6.028e-07,-0.0006694874549711296
6.029e-07,-0.0013647994549711294
6.03e-07,-0.0006694874549711296
6.031e-07,-0.0004351114549711295
6.032e-07,-0.0006694874549711296
6.033e-07,-0.0005757374549711296
6.034e-07,-0.0006694874549711296
6.035e-07,-0.0011929244549711295
6.036e-07,-0.0006694874549711296
6.037e-07,0.0015570755450288703
6.038e-07,0.0033305135450288708
6.039e-07,0.0028383255450288706
6.04e-07,0.0013305135450288707
6.041e-07,0.0002914505450288705
6.042e-07,-0.0006694874549711296
6.043e-07,-0.0021069869549711294
6.044e-07,-0.0026694869881681293
6.045e-07,-0.0011304244549711294
6.046e-07,0.0013305135450288707
6.047e-07,0.00232270054502887
6.048e-07,0.0013305135450288707
6.049e-07,-0.0002944864549711294
6.05e-07,-0.0006694874549711296
6.051e-07,0.0005805135450288705
6.052e-07,0.0013305135450288707
6.053e-07,-0.00013042445497112943
6.054e-07,-0.0026694869881681293
6.055e-07,-0.004333549454971129
6.056e-07,-0.00466948745497113
6.057e-07,-0.0036304244549711295
6.058e-07,-0.0006694874549711296
6.059e-07,0.0034320755450288703
6.06e-07,0.0053305135450288695
6.061e-07,0.0030258255450288708
6.062e-07,-0.0006694874549711296
6.063e-07,-0.0025444869549711294
6.064e-07,-0.0026694869881681293
6.065e-07,-0.0026851119849711294
6.066e-07,-0.0026694869881681293
6.067e-07,-0.0018647994549711297
6.068e-07,-0.0006694874549711296
6.069e-07,-0.00017729945497112947
6.07e-07,-0.0006694874549711296
6.071e-07,-0.0016694869549711295
6.072e-07,-0.0026694869881681293
6.073e-07,-0.0030991744549711295
6.074e-07,-0.0026694869881681293
6.075e-07,-0.0016304244549711295
6.076e-07,-0.0006694874549711296
6.077e-07,-0.0004351114549711295
6.078e-07,-0.0006694874549711296
6.079e-07,-0.0013569874549711296
6.08e-07,-0.0026694869881681293
6.081e-07,-0.004192924454971129
6.082e-07,-0.00466948745497113
6.083e-07,-0.0036304244549711295
6.084e-07,-0.0026694869881681293
6.085e-07,-0.0032397994549711296
6.086e-07,-0.00466948745497113
6.087e-07,-0.005310112454971129
6.088e-07,-0.00466948745497113
6.089e-07,-0.0034351119549711293
6.09e-07,-0.0026694869881681293
6.091e-07,-0.0025991744849711293
6.092e-07,-0.0026694869881681293
6.093e-07,-0.0024585494549711293
6.094e-07,-0.0026694869881681293
6.095e-07,-0.0037085494549711296
6.096e-07,-0.00466948745497113
6.097e-07,-0.00477104945497113
6.098e-07,-0.00466948745497113
6.099e-07,-0.00449761245497113
6.1e-07,-0.0026694869881681293
6.101e-07,0.0008852005450288706
6.102e-07,0.0033305135450288708
6.103e-07,0.002182075545028871
6.104e-07,-0.0006694874549711296
6.105e-07,-0.0024351119549711293
6.106e-07,-0.0026694869881681293
6.107e-07,-0.0031304244549711295
6.108e-07,-0.00466948745497113
6.109e-07,-0.006380424454971129
6.11e-07,-0.00666948745497113
6.111e-07,-0.0049663624549711296
6.112e-07,-0.0026694869881681293
6.113e-07,-0.0016851119549711295
6.114e-07,-0.0026694869881681293
6.115e-07,-0.00427886245497113
6.116e-07,-0.00466948745497113
6.117e-07,-0.0035522994549711294
6.118e-07,-0.0026694869881681293
6.119e-07,-0.0033179244549711297
6.12e-07,-0.00466948745497113
6.121e-07,-0.00512261245497113
6.122e-07,-0.00466948745497113
6.123e-07,-0.004411674454971129
6.124e-07,-0.00466948745497113
6.125e-07,-0.0049038624549711295
6.126e-07,-0.00466948745497113
6.127e-07,-0.0034038619549711293
6.128e-07,-0.0006694874549711296
6.129e-07,0.0019164505450288707
6.13e-07,0.0013305135450288707
6.131e-07,-0.0029194869549711297
6.132e-07,-0.00666948745497113
6.133e-07,-0.00665386245497113
6.134e-07,-0.00466948745497113
6.135e-07,-0.00404448745497113
6.136e-07,-0.00466948745497113
6.137e-07,-0.00443511245497113
6.138e-07,-0.0026694869881681293
6.139e-07,-0.0009351124549711294
6.14e-07,-0.0006694874549711296
6.141e-07,-0.0023101119549711296
6.142e-07,-0.00466948745497113
6.143e-07,-0.006317924454971129
6.144e-07,-0.00666948745497113
6.145e-07,-0.006396049454971129
6.146e-07,-0.00666948745497113
6.147e-07,-0.007638237454971129
6.148e-07,-0.00866948745497113
6.149e-07,-0.008950737454971129
6.15e-07,-0.00866948745497113
6.151e-07,-0.007911674454971129
6.152e-07,-0.00666948745497113
6.153e-07,-0.004716362454971129
6.154e-07,-0.0026694869881681293
6.155e-07,-0.0018022994549711296
6.156e-07,-0.0026694869881681293
6.157e-07,-0.0048413624549711294
6.158e-07,-0.00666948745497113
6.159e-07,-0.007247612454971129
6.16e-07,-0.00666948745497113
6.161e-07,-0.00618511245497113
6.162e-07,-0.00666948745497113
6.163e-07,-0.00744292445497113
6.164e-07,-0.00666948745497113
6.165e-07,-0.00468511245497113
6.166e-07,-0.00466948745497113
6.167e-07,-0.007833549454971129
6.168e-07,-0.01066948745497113
6.169e-07,-0.009708549454971129
6.17e-07,-0.00666948745497113
6.171e-07,-0.005356987454971129
6.172e-07,-0.00666948745497113
6.173e-07,-0.00851323745497113
6.174e-07,-0.00866948745497113
6.175e-07,-0.00728667445497113
6.176e-07,-0.00666948745497113
6.177e-07,-0.007817924454971129
6.178e-07,-0.00866948745497113
6.179e-07,-0.007638237454971129
6.18e-07,-0.00666948745497113
6.181e-07,-0.007638237454971129
6.182e-07,-0.00866948745497113
6.183e-07,-0.007786674454971129
6.184e-07,-0.00666948745497113
6.185e-07,-0.007403862454971129
6.186e-07,-0.00866948745497113
6.187e-07,-0.00830229945497113
6.188e-07,-0.00666948745497113
6.189e-07,-0.0058726124549711295
6.19e-07,-0.00666948745497113
6.191e-07,-0.00815386245497113
6.192e-07,-0.00866948745497113
6.193e-07,-0.0077944874549711295
6.194e-07,-0.00666948745497113
6.195e-07,-0.00688042445497113
6.196e-07,-0.00866948745497113
6.197e-07,-0.01052104945497113
6.198e-07,-0.01066948745497113
6.199e-07,-0.009200737454971129
6.2e-07,-0.00866948745497113
6.201e-07,-0.009942924454971129
6.202e-07,-0.01066948745497113
6.203e-07,-0.00891167445497113
6.204e-07,-0.00666948745497113
6.205e-07,-0.00627886245497113
6.206e-07,-0.00666948745497113
6.207e-07,-0.0059507374549711296
6.208e-07,-0.00466948745497113
6.209e-07,-0.00484917445497113
6.21e-07,-0.00666948745497113
6.211e-07,-0.00857573745497113
6.212e-07,-0.00866948745497113
6.213e-07,-0.007294487454971129
6.214e-07,-0.00666948745497113
6.215e-07,-0.007974174454971129
6.216e-07,-0.00866948745497113
6.217e-07,-0.00688823745497113
6.218e-07,-0.00466948745497113
6.219e-07,-0.004778862454971129
6.22e-07,-0.00666948745497113
6.221e-07,-0.00863042445497113
6.222e-07,-0.01066948745497113
6.223e-07,-0.01313823445497113
6.224e-07,-0.01466948445497113
6.225e-07,-0.01354448445497113
6.226e-07,-0.01066948745497113
6.227e-07,-0.007927299454971129
6.228e-07,-0.00666948745497113
6.229e-07,-0.007091362454971129
6.23e-07,-0.00866948745497113
6.231e-07,-0.01023979945497113
6.232e-07,-0.01066948745497113
6.233e-07,-0.009771049454971129
6.234e-07,-0.00866948745497113
6.235e-07,-0.00842729945497113
6.236e-07,-0.00866948745497113
6.237e-07,-0.008872612454971129
6.238e-07,-0.00866948745497113
6.239e-07,-0.00848198745497113
6.24e-07,-0.00866948745497113
6.241e-07,-0.008919487454971129
6.242e-07,-0.00866948745497113
6.243e-07,-0.00816167445497113
6.244e-07,-0.00866948745497113
6.245e-07,-0.01063823745497113
6.246e-07,-0.01266948445497113
6.247e-07,-0.01270073445497113
6.248e-07,-0.01066948745497113
6.249e-07,-0.00802886245497113
6.25e-07,-0.00666948745497113
6.251e-07,-0.00676323745497113
6.252e-07,-0.00666948745497113
6.253e-07,-0.0056304244549711295
6.254e-07,-0.00466948745497113
6.255e-07,-0.00530229945497113
6.256e-07,-0.00666948745497113
6.257e-07,-0.00727104945497113
6.258e-07,-0.00666948745497113
6.259e-07,-0.00615386245497113
6.26e-07,-0.00666948745497113
6.261e-07,-0.00843511245497113
6.262e-07,-0.01066948745497113
6.263e-07,-0.01175542445497113
6.264e-07,-0.01066948745497113
6.265e-07,-0.00813823745497113
6.266e-07,-0.00666948745497113
6.267e-07,-0.007435112454971129
6.268e-07,-0.00866948745497113
6.269e-07,-0.00829448745497113
6.27e-07,-0.00666948745497113
6.271e-07,-0.005763237454971129
6.272e-07,-0.00666948745497113
6.273e-07,-0.008856987454971129
6.274e-07,-0.01066948745497113
6.275e-07,-0.01115386245497113
6.276e-07,-0.01066948745497113
6.277e-07,-0.00985698745497113
6.278e-07,-0.00866948745497113
6.279e-07,-0.00720854945497113
6.28e-07,-0.00666948745497113
6.281e-07,-0.007653862454971129
6.282e-07,-0.00866948745497113
6.283e-07,-0.00863042445497113
6.284e-07,-0.00866948745497113
6.285e-07,-0.00974761245497113
6.286e-07,-0.01066948745497113
6.287e-07,-0.01002886245497113
6.288e-07,-0.00866948745497113
6.289e-07,-0.00816167445497113
6.29e-07,-0.00866948745497113
6.291e-07,-0.009075737454971129
6.292e-07,-0.00866948745497113
6.293e-07,-0.007599174454971129
6.294e-07,-0.00666948745497113
6.295e-07,-0.00643511245497113
6.296e-07,-0.00666948745497113
6.297e-07,-0.006903862454971129
6.298e-07,-0.00666948745497113
6.299e-07,-0.00635698745497113
6.3e-07,-0.00666948745497113
6.301e-07,-0.00723979945497113
6.302e-07,-0.00666948745497113
6.303e-07,-0.00499761245497113
6.304e-07,-0.00466948745497113
6.305e-07,-0.00685698745497113
6.306e-07,-0.00866948745497113
6.307e-07,-0.00742729945497113
6.308e-07,-0.00466948745497113
6.309e-07,-0.0031226119549711295
6.31e-07,-0.0026694869881681293
6.311e-07,-0.0023960494549711297
6.312e-07,-0.0026694869881681293
6.313e-07,-0.00448198745497113
6.314e-07,-0.00666948745497113
6.315e-07,-0.007466362454971129
6.316e-07,-0.00666948745497113
6.317e-07,-0.005380424454971129
6.318e-07,-0.00466948745497113
6.319e-07,-0.00522417445497113
6.32e-07,-0.00666948745497113
6.321e-07,-0.00753667445497113
6.322e-07,-0.00666948745497113
6.323e-07,-0.004317924454971129
6.324e-07,-0.0026694869881681293
6.325e-07,-0.0036616744549711295
6.326e-07,-0.00666948745497113
6.327e-07,-0.00911479945497113
6.328e-07,-0.00866948745497113
6.329e-07,-0.005544487454971129
6.33e-07,-0.0026694869881681293
6.331e-07,-0.0025522994549711294
6.332e-07,-0.00466948745497113
6.333e-07,-0.0066147994549711295
6.334e-07,-0.00666948745497113
6.335e-07,-0.005278862454971129
6.336e-07,-0.00466948745497113
6.337e-07,-0.005653862454971129
6.338e-07,-0.00666948745497113
6.339e-07,-0.00615386245497113
6.34e-07,-0.00466948745497113
6.341e-07,-0.0035522994549711294
6.342e-07,-0.0026694869881681293
6.343e-07,-0.0015132374549711295
6.344e-07,-0.0006694874549711296
6.345e-07,-0.0012710494549711296
6.346e-07,-0.0026694869881681293
6.347e-07,-0.0039507374549711295
6.348e-07,-0.00466948745497113
6.349e-07,-0.00494292445497113
6.35e-07,-0.00466948745497113
6.351e-07,-0.004271049454971129
6.352e-07,-0.00466948745497113
6.353e-07,-0.0059194874549711295
6.354e-07,-0.00666948745497113
6.355e-07,-0.005880424454971129
6.356e-07,-0.00466948745497113
6.357e-07,-0.004349174454971129
6.358e-07,-0.00466948745497113
6.359e-07,-0.00472417445497113
6.36e-07,-0.00466948745497113
6.361e-07,-0.00483354945497113
6.362e-07,-0.00466948745497113
6.363e-07,-0.004114799454971129
6.364e-07,-0.00466948745497113
6.365e-07,-0.00638823745497113
6.366e-07,-0.00666948745497113
6.367e-07,-0.004427299454971129
6.368e-07,-0.0026694869881681293
6.369e-07,-0.0035991744549711295
6.37e-07,-0.00466948745497113
6.371e-07,-0.0031226119549711295
6.372e-07,-0.0006694874549711296
6.373e-07,-0.0005991744549711294
6.374e-07,-0.0026694869881681293
6.375e-07,-0.004505424454971129
6.376e-07,-0.00466948745497113
6.377e-07,-0.0036382369549711295
6.378e-07,-0.0026694869881681293
6.379e-07,-0.0024663619549711293
6.38e-07,-0.0026694869881681293
6.381e-07,-0.0027476119849711295
6.382e-07,-0.0026694869881681293
6.383e-07,-0.0027163619849711294
6.384e-07,-0.0026694869881681293
6.385e-07,-0.0019585494549711297
6.386e-07,-0.0006694874549711296
6.387e-07,4.926354502887047e-05
6.388e-07,-0.0006694874549711296
6.389e-07,-0.0027944869549711296
6.39e-07,-0.00466948745497113
6.391e-07,-0.00456011245497113
6.392e-07,-0.0026694869881681293
6.393e-07,-0.0007476124549711295
6.394e-07,-0.0006694874549711296
6.395e-07,-0.0026304244849711294
6.396e-07,-0.00466948745497113
6.397e-07,-0.00468511245497113
6.398e-07,-0.0026694869881681293
6.399e-07,-0.00010698645497112967
6.4e-07,0.0013305135450288707
6.401e-07,0.0009242635450288704
6.402e-07,-0.0006694874549711296
6.403e-07,-0.0022788619549711296
6.404e-07,-0.0026694869881681293
6.405e-07,-0.0016694869549711295
6.406e-07,-0.0006694874549711296
6.407e-07,-0.0005132374549711295
6.408e-07,-0.0006694874549711296
6.409e-07,-0.0006304244549711294
6.41e-07,-0.0006694874549711296
6.411e-07,-0.0010601124549711296
6.412e-07,-0.0006694874549711296
6.413e-07,0.0012055135450288706
6.414e-07,0.0033305135450288708
6.415e-07,0.004025825545028871
6.416e-07,0.0033305135450288708
6.417e-07,0.0017523885450288702
6.418e-07,-0.0006694874549711296
6.419e-07,-0.0034116744549711293
6.42e-07,-0.00466948745497113
6.421e-07,-0.0032476119549711296
6.422e-07,-0.0006694874549711296
6.423e-07,0.0014086385450288708
6.424e-07,0.0033305135450288708
6.425e-07,0.005143013545028871
6.426e-07,0.0053305135450288695
6.427e-07,0.00322895054502887
6.428e-07,0.0013305135450288707
6.429e-07,0.0012992635450288707
6.43e-07,0.0013305135450288707
6.431e-07,-0.0006069874549711296
6.432e-07,-0.0026694869881681293
6.433e-07,-0.0024351119549711293
6.434e-07,-0.0006694874549711296
6.435e-07,0.0006742635450288706
6.436e-07,0.0013305135450288707
6.437e-07,0.0017602005450288705
6.438e-07,0.0013305135450288707
6.439e-07,-5.4244549711293145e-06
6.44e-07,-0.0006694874549711296
6.441e-07,0.0003305135450288703
6.442e-07,0.0013305135450288707
6.443e-07,0.0006977005450288704
6.444e-07,-0.0006694874549711296
6.445e-07,-0.0011538624549711294
6.446e-07,-0.0006694874549711296
6.447e-07,0.00012738854502887054
6.448e-07,0.0013305135450288707
6.449e-07,0.0028070755450288706
6.45e-07,0.0033305135450288708
6.451e-07,0.0023148885450288707
6.452e-07,0.0013305135450288707
6.453e-07,0.0013695755450288702
6.454e-07,0.0013305135450288707
6.455e-07,0.00021332554502887045
6.456e-07,-0.0006694874549711296
6.457e-07,4.926354502887047e-05
6.458e-07,0.0013305135450288707
6.459e-07,0.0016742635450288702
6.46e-07,0.0013305135450288707
6.461e-07,0.0012523885450288707
6.462e-07,0.0013305135450288707
6.463e-07,0.0012055135450288706
6.464e-07,0.0013305135450288707
6.465e-07,0.0021742635450288706
6.466e-07,0.0033305135450288708
6.467e-07,0.0038070755450288706
6.468e-07,0.0033305135450288708
6.469e-07,0.0022367635450288707
6.47e-07,0.0013305135450288707
6.471e-07,0.0010883255450288704
6.472e-07,0.0013305135450288707
6.473e-07,0.001502388545028871
6.474e-07,0.0013305135450288707
6.475e-07,0.0010883255450288704
6.476e-07,0.0013305135450288707
6.477e-07,0.0022055135450288707
6.478e-07,0.0033305135450288708
6.479e-07,0.003916450545028871
6.48e-07,0.0033305135450288708
6.481e-07,0.0020023885450288705
6.482e-07,0.0013305135450288707
6.483e-07,0.0016117635450288701
6.484e-07,0.0013305135450288707
6.485e-07,-2.88614549711296e-05
6.486e-07,-0.0006694874549711296
6.487e-07,0.0009711385450288704
6.488e-07,0.0033305135450288708
6.489e-07,0.004088325545028871
6.49e-07,0.0033305135450288708
6.491e-07,0.0028305135450288703
6.492e-07,0.0033305135450288708
6.493e-07,0.00433832554502887
6.494e-07,0.0053305135450288695
6.495e-07,0.005221138545028869
6.496e-07,0.0033305135450288708
6.497e-07,0.0008930135450288704
6.498e-07,0.0013305135450288707
6.499e-07,0.00496332554502887
6.5e-07,0.0073305135450288696
6.501e-07,0.0051195755450288705
6.502e-07,0.0013305135450288707
6.503e-07,0.0001664505450288704
6.504e-07,0.0013305135450288707
6.505e-07,0.0020492635450288705
6.506e-07,0.0013305135450288707
6.507e-07,0.0006977005450288704
6.508e-07,0.0013305135450288707
6.509e-07,0.0027523885450288703
6.51e-07,0.0033305135450288708
6.511e-07,0.00236957554502887
6.512e-07,0.0013305135450288707
6.513e-07,0.0018852005450288706
6.514e-07,0.0033305135450288708
6.515e-07,0.00392426354502887
6.516e-07,0.0033305135450288708
6.517e-07,0.00221332554502887
6.518e-07,0.0013305135450288707
6.519e-07,0.0009320755450288707
6.52e-07,0.0013305135450288707
6.521e-07,0.0024008255450288702
6.522e-07,0.0033305135450288708
6.523e-07,0.0035258255450288704
6.524e-07,0.0033305135450288708
6.525e-07,0.0027289505450288705
6.526e-07,0.0013305135450288707
6.527e-07,-0.0004585494549711297
6.528e-07,-0.0006694874549711296
6.529e-07,0.0014008255450288702
6.53e-07,0.0033305135450288708
6.531e-07,0.0029477005450288707
6.532e-07,0.0013305135450288707
6.533e-07,0.0002758255450288705
6.534e-07,-0.0006694874549711296
6.535e-07,-0.0020288619549711294
6.536e-07,-0.0026694869881681293
6.537e-07,-0.0012085494549711295
6.538e-07,0.0013305135450288707
6.539e-07,0.0030648885450288705
6.54e-07,0.0033305135450288708
6.541e-07,0.0029242635450288704
6.542e-07,0.0033305135450288708
6.543e-07,0.00415863854502887
6.544e-07,0.0033305135450288708
6.545e-07,0.0005414505450288703
6.546e-07,-0.0006694874549711296
6.547e-07,0.0013773885450288708
6.548e-07,0.0033305135450288708
6.549e-07,0.0018461385450288703
6.55e-07,-0.0006694874549711296
6.551e-07,-0.0005288624549711295
6.552e-07,0.0013305135450288707
6.553e-07,0.0020805135450288705
6.554e-07,0.0013305135450288707
6.555e-07,0.00029926354502887026
6.556e-07,-0.0006694874549711296
6.557e-07,-0.0013882374549711296
6.558e-07,-0.0006694874549711296
6.559e-07,0.0015727005450288704
6.56e-07,0.0033305135450288708
6.561e-07,0.0029164505450288707
6.562e-07,0.0013305135450288707
6.563e-07,8.05135450288705e-05
6.564e-07,-0.0006694874549711296
6.565e-07,-0.0016226124549711296
6.566e-07,-0.0026694869881681293
6.567e-07,-0.0030679244549711294
6.568e-07,-0.0026694869881681293
6.569e-07,-0.0017944869549711296
6.57e-07,-0.0006694874549711296
6.571e-07,6.488854502887048e-05
6.572e-07,-0.0006694874549711296
6.573e-07,-0.0023257369549711296
6.574e-07,-0.0026694869881681293
6.575e-07,-0.0011538624549711294
6.576e-07,-0.0006694874549711296
6.577e-07,-0.0028257369549711297
6.578e-07,-0.00466948745497113
6.579e-07,-0.0033101119549711296
6.58e-07,-0.0006694874549711296
6.581e-07,4.926354502887047e-05
6.582e-07,-0.0006694874549711296
6.583e-07,-0.0009116744549711295
6.584e-07,-0.0006694874549711296
6.585e-07,-0.0008022994549711296
6.586e-07,-0.0006694874549711296
6.587e-07,-0.00014604945497112944
6.588e-07,-0.0006694874549711296
6.589e-07,-0.0029116744549711297
6.59e-07,-0.00466948745497113
6.591e-07,-0.00415386245497113
6.592e-07,-0.0026694869881681293
6.593e-07,-0.0021929244549711295
6.594e-07,-0.0026694869881681293
6.595e-07,-0.0028804244549711297
6.596e-07,-0.0026694869881681293
6.597e-07,-0.0026304244849711294
6.598e-07,-0.0026694869881681293
6.599e-07,-0.0025522994549711294
6.6e-07,-0.0026694869881681293
6.601e-07,-0.0029976119549711294
6.602e-07,-0.0026694869881681293
6.603e-07,-0.0019897994549711298
6.604e-07,-0.0026694869881681293
6.605e-07,-0.00513823745497113
6.606e-07,-0.00666948745497113
6.607e-07,-0.005263237454971129
6.608e-07,-0.0026694869881681293
6.609e-07,-0.0016929244549711295
6.61e-07,-0.0026694869881681293
6.611e-07,-0.00404448745497113
6.612e-07,-0.00466948745497113
6.613e-07,-0.00511479945497113
6.614e-07,-0.00666948745497113
6.615e-07,-0.00866167445497113
6.616e-07,-0.00866948745497113
6.617e-07,-0.005606987454971129
6.618e-07,-0.0026694869881681293
6.619e-07,-0.0028335494549711297
6.62e-07,-0.00466948745497113
6.621e-07,-0.00534917445497113
6.622e-07,-0.00466948745497113
6.623e-07,-0.0037632374549711294
6.624e-07,-0.0026694869881681293
6.625e-07,-0.0013726124549711296
6.626e-07,-0.0006694874549711296
6.627e-07,-0.0018569869549711297
6.628e-07,-0.00466948745497113
6.629e-07,-0.007106987454971129
6.63e-07,-0.00666948745497113
6.631e-07,-0.0038179244549711297
6.632e-07,-0.0026694869881681293
6.633e-07,-0.0049507374549711295
6.634e-07,-0.00666948745497113
6.635e-07,-0.00432573745497113
6.636e-07,-0.0006694874549711296
6.637e-07,-0.00019292445497112948
6.638e-07,-0.0026694869881681293
6.639e-07,-0.00478667445497113
6.64e-07,-0.00466948745497113
6.641e-07,-0.0033257369549711297
6.642e-07,-0.0026694869881681293
6.643e-07,-0.0034976119549711294
6.644e-07,-0.00466948745497113
6.645e-07,-0.00498979945497113
6.646e-07,-0.00466948745497113
6.647e-07,-0.0046304244549711295
6.648e-07,-0.00466948745497113
6.649e-07,-0.0039194874549711295
6.65e-07,-0.0026694869881681293
6.651e-07,-0.0020444869549711294
6.652e-07,-0.0026694869881681293
6.653e-07,-0.00451323745497113
6.654e-07,-0.00666948745497113
6.655e-07,-0.007708549454971129
6.656e-07,-0.00666948745497113
6.657e-07,-0.00426323745497113
6.658e-07,-0.0026694869881681293
6.659e-07,-0.0031694869549711295
6.66e-07,-0.00466948745497113
6.661e-07,-0.00525542445497113
6.662e-07,-0.00466948745497113
6.663e-07,-0.004099174454971129
6.664e-07,-0.00466948745497113
6.665e-07,-0.006052299454971129
6.666e-07,-0.00666948745497113
6.667e-07,-0.005388237454971129
6.668e-07,-0.0026694869881681293
6.669e-07,-0.0004897994549711293
6.67e-07,-0.0006694874549711296
6.671e-07,-0.0028569869549711297
6.672e-07,-0.00466948745497113
6.673e-07,-0.0048569874549711295
6.674e-07,-0.00466948745497113
6.675e-07,-0.0055679244549711295
6.676e-07,-0.00666948745497113
6.677e-07,-0.0058726124549711295
6.678e-07,-0.0026694869881681293
6.679e-07,0.0007055135450288706
6.68e-07,0.0013305135450288707
6.681e-07,-0.0014429244549711295
6.682e-07,-0.00466948745497113
6.683e-07,-0.0055835494549711295
6.684e-07,-0.00466948745497113
6.685e-07,-0.00420073745497113
6.686e-07,-0.00466948745497113
6.687e-07,-0.00507573745497113
6.688e-07,-0.00466948745497113
6.689e-07,-0.0036616744549711295
6.69e-07,-0.0026694869881681293
6.691e-07,-0.0026851119849711294
6.692e-07,-0.00466948745497113
6.693e-07,-0.007583549454971129
6.694e-07,-0.00866948745497113
6.695e-07,-0.00675542445497113
6.696e-07,-0.00466948745497113
6.697e-07,-0.00451323745497113
6.698e-07,-0.00466948745497113
6.699e-07,-0.0034741744549711294
6.7e-07,-0.0026694869881681293
6.701e-07,-0.0037710494549711296
6.702e-07,-0.00466948745497113
6.703e-07,-0.0030991744549711295
6.704e-07,-0.0006694874549711296
6.705e-07,-0.0005132374549711295
6.706e-07,-0.0026694869881681293
6.707e-07,-0.004825737454971129
6.708e-07,-0.00466948745497113
6.709e-07,-0.0024351119549711293
6.71e-07,-0.0006694874549711296
6.711e-07,-0.0012163624549711295
6.712e-07,-0.0026694869881681293
6.713e-07,-0.0030835494549711294
6.714e-07,-0.0026694869881681293
6.715e-07,-0.0025991744849711293
6.716e-07,-0.0026694869881681293
6.717e-07,-0.0024272994549711293
6.718e-07,-0.0026694869881681293
6.719e-07,-0.00391167445497113
6.72e-07,-0.00466948745497113
6.721e-07,-0.0039038624549711295
6.722e-07,-0.0026694869881681293
6.723e-07,-0.0023257369549711296
6.724e-07,-0.0026694869881681293
6.725e-07,-0.0028022994549711296
6.726e-07,-0.0026694869881681293
6.727e-07,-0.0031147994549711295
6.728e-07,-0.00466948745497113
6.729e-07,-0.00641948745497113
6.73e-07,-0.00666948745497113
6.731e-07,-0.004825737454971129
6.732e-07,-0.0026694869881681293
6.733e-07,-0.0020757369549711294
6.734e-07,-0.0026694869881681293
6.735e-07,-0.0029429244549711298
6.736e-07,-0.0026694869881681293
6.737e-07,-0.0024429244549711293
6.738e-07,-0.0026694869881681293
6.739e-07,-0.0034819869549711294
6.74e-07,-0.00466948745497113
6.741e-07,-0.005435112454971129
6.742e-07,-0.00466948745497113
6.743e-07,-0.0019663619549711298
6.744e-07,0.0013305135450288707
6.745e-07,0.0029164505450288707
6.746e-07,0.0013305135450288707
6.747e-07,-0.0023882369549711297
6.748e-07,-0.00466948745497113
6.749e-07,-0.0034897994549711294
6.75e-07,-0.0006694874549711296
6.751e-07,0.0010180135450288705
6.752e-07,0.0013305135450288707
6.753e-07,0.00127582554502887
6.754e-07,0.0013305135450288707
6.755e-07,0.0008227005450288706
6.756e-07,-0.0006694874549711296
6.757e-07,-0.0022632369549711296
6.758e-07,-0.0026694869881681293
6.759e-07,-0.0016851119549711295
6.76e-07,-0.0006694874549711296
6.761e-07,-0.0007085494549711295
6.762e-07,-0.0006694874549711296
6.763e-07,0.0009008255450288706
6.764e-07,0.0033305135450288708
6.765e-07,0.00454145054502887
6.766e-07,0.0033305135450288708
6.767e-07,0.00018207554502887042
6.768e-07,-0.0026694869881681293
6.769e-07,-0.0035757369549711294
6.77e-07,-0.0026694869881681293
6.771e-07,-0.0008569874549711296
6.772e-07,0.0013305135450288707
6.773e-07,0.0031898885450288707
6.774e-07,0.0033305135450288708
6.775e-07,0.0013852005450288702
6.776e-07,-0.0006694874549711296
6.777e-07,-0.0010679244549711296
6.778e-07,-0.0006694874549711296
6.779e-07,-0.0006616744549711295
6.78e-07,-0.0006694874549711296
6.781e-07,0.0001664505450288704
6.782e-07,0.0013305135450288707
6.783e-07,0.0017211385450288702
6.784e-07,0.0013305135450288707
6.785e-07,0.0010102005450288703
6.786e-07,0.0013305135450288707
6.787e-07,0.0022523885450288707
6.788e-07,0.0033305135450288708
6.789e-07,0.0037680135450288703
6.79e-07,0.0033305135450288708
6.791e-07,0.0022367635450288707
6.792e-07,0.0013305135450288707
6.793e-07,0.0010570755450288703
6.794e-07,0.0013305135450288707
6.795e-07,0.0016117635450288701
6.796e-07,0.0013305135450288707
6.797e-07,0.0008852005450288706
6.798e-07,0.0013305135450288707
6.799e-07,0.0026508255450288704
6.8e-07,0.0033305135450288708
6.801e-07,0.0024789505450288703
6.802e-07,0.0013305135450288707
6.803e-07,0.0016430135450288702
6.804e-07,0.0033305135450288708
6.805e-07,0.00444770054502887
6.806e-07,0.0033305135450288708
6.807e-07,0.0006508255450288704
6.808e-07,-0.0006694874549711296
6.809e-07,0.0009242635450288704
6.81e-07,0.0033305135450288708
6.811e-07,0.004010200545028871
6.812e-07,0.0033305135450288708
6.813e-07,0.0029633255450288707
6.814e-07,0.0033305135450288708
6.815e-07,0.0035570755450288704
6.816e-07,0.0033305135450288708
6.817e-07,0.0030961385450288706
6.818e-07,0.0033305135450288708
6.819e-07,0.0037523885450288703
6.82e-07,0.0033305135450288708
6.821e-07,0.0019711385450288704
6.822e-07,0.0013305135450288707
6.823e-07,0.00230707554502887
6.824e-07,0.0033305135450288708
6.825e-07,0.0032055135450288707
6.826e-07,0.0033305135450288708
6.827e-07,0.0051508255450288705
6.828e-07,0.0073305135450288696
6.829e-07,0.007432075545028871
6.83e-07,0.0053305135450288695
6.831e-07,0.0026977005450288705
6.832e-07,0.0013305135450288707
6.833e-07,0.0018148885450288703
6.834e-07,0.0033305135450288708
6.835e-07,0.00469770054502887
6.836e-07,0.0053305135450288695
6.837e-07,0.00542426354502887
6.838e-07,0.0053305135450288695
6.839e-07,0.005205513545028869
6.84e-07,0.0053305135450288695
6.841e-07,0.005510200545028871
6.842e-07,0.0053305135450288695
6.843e-07,0.004893013545028871
6.844e-07,0.0053305135450288695
6.845e-07,0.006643013545028871
6.846e-07,0.0073305135450288696
6.847e-07,0.00592426354502887
6.848e-07,0.0033305135450288708
6.849e-07,0.0015258255450288703
6.85e-07,0.0013305135450288707
6.851e-07,0.00229145054502887
6.852e-07,0.0033305135450288708
6.853e-07,0.0037289505450288705
6.854e-07,0.0033305135450288708
6.855e-07,0.0028695755450288706
6.856e-07,0.0033305135450288708
6.857e-07,0.00471332554502887
6.858e-07,0.0053305135450288695
6.859e-07,0.00437738854502887
6.86e-07,0.0033305135450288708
6.861e-07,0.00326020054502887
6.862e-07,0.0033305135450288708
6.863e-07,0.0028461385450288704
6.864e-07,0.0033305135450288708
6.865e-07,0.00556488854502887
6.866e-07,0.0073305135450288696
6.867e-07,0.00629926354502887
6.868e-07,0.0033305135450288708
6.869e-07,0.0012055135450288706
6.87e-07,0.0013305135450288707
6.871e-07,0.0027836385450288703
6.872e-07,0.0033305135450288708
6.873e-07,0.0027055135450288702
6.874e-07,0.0033305135450288708
6.875e-07,0.0064242635450288705
6.876e-07,0.00933051554502887
6.877e-07,0.00919770554502887
6.878e-07,0.0073305135450288696
6.879e-07,0.00604926354502887
6.88e-07,0.0053305135450288695
6.881e-07,0.00409613854502887
6.882e-07,0.0033305135450288708
6.883e-07,0.00409613854502887
6.884e-07,0.0053305135450288695
6.885e-07,0.005603950545028871
6.886e-07,0.0053305135450288695
6.887e-07,0.0053305135450288695
6.888e-07,0.0053305135450288695
6.889e-07,0.0051195755450288705
6.89e-07,0.0053305135450288695
6.891e-07,0.00633832554502887
6.892e-07,0.0073305135450288696
6.893e-07,0.00696332554502887
6.894e-07,0.0053305135450288695
6.895e-07,0.00361176354502887
6.896e-07,0.0033305135450288708
6.897e-07,0.0044867635450288705
6.898e-07,0.0053305135450288695
6.899e-07,0.004643013545028871
6.9e-07,0.0033305135450288708
6.901e-07,0.0029477005450288707
6.902e-07,0.0033305135450288708
6.903e-07,0.0036039505450288704
6.904e-07,0.0033305135450288708
6.905e-07,0.0030961385450288706
6.906e-07,0.0033305135450288708
6.907e-07,0.00409613854502887
6.908e-07,0.0053305135450288695
6.909e-07,0.006596138545028871
6.91e-07,0.0073305135450288696
6.911e-07,0.00736176554502887
6.912e-07,0.0073305135450288696
6.913e-07,0.007002388545028869
6.914e-07,0.0053305135450288695
6.915e-07,0.0025414505450288703
6.916e-07,0.0013305135450288707
6.917e-07,0.0030961385450288706
6.918e-07,0.0053305135450288695
6.919e-07,0.00564301354502887
6.92e-07,0.0053305135450288695
6.921e-07,0.00623676354502887
6.922e-07,0.0073305135450288696
6.923e-07,0.00676020054502887
6.924e-07,0.0053305135450288695
6.925e-07,0.00474457554502887
6.926e-07,0.0053305135450288695
6.927e-07,0.005807075545028869
6.928e-07,0.0053305135450288695
6.929e-07,0.004088325545028871
6.93e-07,0.0033305135450288708
6.931e-07,0.00354926354502887
6.932e-07,0.0033305135450288708
6.933e-07,0.0020180135450288705
6.934e-07,0.0013305135450288707
6.935e-07,0.0024477005450288703
6.936e-07,0.0033305135450288708
6.937e-07,0.0028695755450288706
6.938e-07,0.0033305135450288708
6.939e-07,0.00589301354502887
6.94e-07,0.0073305135450288696
6.941e-07,0.004846138545028871
6.942e-07,0.0013305135450288707
6.943e-07,0.0008930135450288704
6.944e-07,0.0033305135450288708
6.945e-07,0.005447700545028871
6.946e-07,0.0053305135450288695
6.947e-07,0.0034008255450288702
6.948e-07,0.0013305135450288707
6.949e-07,0.0005258255450288703
6.95e-07,0.0013305135450288707
6.951e-07,0.0027445755450288705
6.952e-07,0.0033305135450288708
6.953e-07,0.003041450545028871
6.954e-07,0.0033305135450288708
6.955e-07,0.00461957554502887
6.956e-07,0.0053305135450288695
6.957e-07,0.00395551354502887
6.958e-07,0.0013305135450288707
6.959e-07,-0.00039604945497112966
6.96e-07,-0.0006694874549711296
6.961e-07,6.488854502887048e-05
6.962e-07,0.0013305135450288707
6.963e-07,0.00265863854502887
6.964e-07,0.0033305135450288708
6.965e-07,0.00364301354502887
6.966e-07,0.0053305135450288695
6.967e-07,0.00818988554502887
6.968e-07,0.00933051554502887
6.969e-07,0.006799263545028871
6.97e-07,0.0033305135450288708
6.971e-07,0.0016586385450288702
6.972e-07,0.0013305135450288707
6.973e-07,0.0004555135450288704
6.974e-07,-0.0006694874549711296
6.975e-07,-0.0003882364549711295
6.976e-07,0.0013305135450288707
6.977e-07,0.003103950545028871
6.978e-07,0.0033305135450288708
6.979e-07,0.00222895054502887
6.98e-07,0.0013305135450288707
6.981e-07,0.0020023885450288705
6.982e-07,0.0033305135450288708
6.983e-07,0.0038148885450288703
6.984e-07,0.0033305135450288708
6.985e-07,0.0029242635450288704
6.986e-07,0.0033305135450288708
6.987e-07,0.00433051354502887
6.988e-07,0.0053305135450288695
6.989e-07,0.00565863854502887
6.99e-07,0.0053305135450288695
6.991e-07,0.004924263545028871
6.992e-07,0.0053305135450288695
6.993e-07,0.0064086385450288705
6.994e-07,0.0073305135450288696
6.995e-07,0.00696332554502887
6.996e-07,0.0053305135450288695
6.997e-07,0.00353363854502887
6.998e-07,0.0033305135450288708
6.999e-07,0.00465082554502887
7e-07,0.0053305135450288695
7.001e-07,0.00425238854502887
7.002e-07,0.0033305135450288708
7.003e-07,0.00419770054502887
7.004e-07,0.0053305135450288695
7.005e-07,0.004799263545028871
7.006e-07,0.0033305135450288708
7.007e-07,0.0028461385450288704
7.008e-07,0.0033305135450288708
7.009e-07,0.00364301354502887
7.01e-07,0.0033305135450288708
7.011e-07,0.0030492635450288705
7.012e-07,0.0033305135450288708
7.013e-07,0.00431488854502887
7.014e-07,0.0053305135450288695
7.015e-07,0.00558051354502887
7.016e-07,0.0053305135450288695
7.017e-07,0.0051664505450288705
7.018e-07,0.0053305135450288695
7.019e-07,0.00589301354502887
7.02e-07,0.0073305135450288696
7.021e-07,0.00853363554502887
7.022e-07,0.0073305135450288696
7.023e-07,0.0036742635450288702
7.024e-07,0.0013305135450288707
7.025e-07,0.0027758255450288706
7.026e-07,0.0053305135450288695
7.027e-07,0.005416450545028871
7.028e-07,0.0033305135450288708
7.029e-07,0.0021586385450288706
7.03e-07,0.0033305135450288708
7.031e-07,0.005760200545028869
7.032e-07,0.0073305135450288696
7.033e-07,0.00690082554502887
7.034e-07,0.0053305135450288695
7.035e-07,0.0044398885450288705
7.036e-07,0.0053305135450288695
7.037e-07,0.007002388545028869
7.038e-07,0.0073305135450288696
7.039e-07,0.00553363854502887
7.04e-07,0.0033305135450288708
7.041e-07,0.00261176354502887
7.042e-07,0.0033305135450288708
7.043e-07,0.00447895054502887
7.044e-07,0.0053305135450288695
7.045e-07,0.00620551354502887
7.046e-07,0.0073305135450288696
7.047e-07,0.00803363554502887
7.048e-07,0.0073305135450288696
7.049e-07,0.005650825545028869
7.05e-07,0.0053305135450288695
7.051e-07,0.0072992635450288695
7.052e-07,0.00933051554502887
7.053e-07,0.00893207554502887
7.054e-07,0.0073305135450288696
7.055e-07,0.00668207554502887
7.056e-07,0.0073305135450288696
7.057e-07,0.007807075545028869
7.058e-07,0.0073305135450288696
7.059e-07,0.00621332554502887
7.06e-07,0.0053305135450288695
7.061e-07,0.005189888545028869
7.062e-07,0.0053305135450288695
7.063e-07,0.0053305135450288695
7.064e-07,0.0053305135450288695
7.065e-07,0.00550238854502887
7.066e-07,0.0053305135450288695
7.067e-07,0.00491645054502887
7.068e-07,0.0053305135450288695
7.069e-07,0.0072367635450288695
7.07e-07,0.00933051554502887
7.071e-07,0.00958832554502887
7.072e-07,0.0073305135450288696
7.073e-07,0.00425238854502887
7.074e-07,0.0033305135450288708
7.075e-07,0.005307075545028871
7.076e-07,0.0073305135450288696
7.077e-07,0.007346135545028869
7.078e-07,0.0073305135450288696
7.079e-07,0.00919770554502887
7.08e-07,0.01133051554502887
7.081e-07,0.01111176554502887
7.082e-07,0.00933051554502887
7.083e-07,0.00797895554502887
7.084e-07,0.0073305135450288696
7.085e-07,0.00641645054502887
7.086e-07,0.0053305135450288695
7.087e-07,0.00482270054502887
7.088e-07,0.0053305135450288695
7.089e-07,0.006518013545028871
7.09e-07,0.0073305135450288696
7.091e-07,0.00739301554502887
7.092e-07,0.0073305135450288696
7.093e-07,0.00763520554502887
7.094e-07,0.0073305135450288696
7.095e-07,0.00608832554502887
7.096e-07,0.0053305135450288695
7.097e-07,0.00614301354502887
7.098e-07,0.0073305135450288696
7.099e-07,0.00745551554502887
7.1e-07,0.0073305135450288696
7.101e-07,0.00811957554502887
7.102e-07,0.00933051554502887
7.103e-07,0.00975238554502887
7.104e-07,0.00933051554502887
7.105e-07,0.00848676554502887
7.106e-07,0.0073305135450288696
7.107e-07,0.0060102005450288695
7.108e-07,0.0053305135450288695
7.109e-07,0.0059320755450288695
7.11e-07,0.0073305135450288696
7.111e-07,0.008541455545028871
7.112e-07,0.00933051554502887
7.113e-07,0.00956488554502887
7.114e-07,0.00933051554502887
7.115e-07,0.00898676554502887
7.116e-07,0.00933051554502887
7.117e-07,0.01000238554502887
7.118e-07,0.00933051554502887
7.119e-07,0.00649457554502887
7.12e-07,0.0033305135450288708
7.121e-07,0.0022523885450288707
7.122e-07,0.0033305135450288708
7.123e-07,0.005416450545028871
7.124e-07,0.0073305135450288696
7.125e-07,0.00872113554502887
7.126e-07,0.00933051554502887
7.127e-07,0.00930707554502887
7.128e-07,0.00933051554502887
7.129e-07,0.00953363554502887
7.13e-07,0.00933051554502887
7.131e-07,0.00833832554502887
7.132e-07,0.0073305135450288696
7.133e-07,0.00697895054502887
7.134e-07,0.0073305135450288696
7.135e-07,0.0076117655450288705
7.136e-07,0.0073305135450288696
7.137e-07,0.006924263545028869
7.138e-07,0.0073305135450288696
7.139e-07,0.00863520554502887
7.14e-07,0.00933051554502887
7.141e-07,0.00848676554502887
7.142e-07,0.0073305135450288696
7.143e-07,0.0071664505450288706
7.144e-07,0.0073305135450288696
7.145e-07,0.0070570755450288705
7.146e-07,0.0073305135450288696
7.147e-07,0.00865082554502887
7.148e-07,0.00933051554502887
7.149e-07,0.00823676554502887
7.15e-07,0.0073305135450288696
7.151e-07,0.00820551554502887
7.152e-07,0.00933051554502887
7.153e-07,0.00872895554502887
7.154e-07,0.0073305135450288696
7.155e-07,0.00685395054502887
7.156e-07,0.0073305135450288696
7.157e-07,0.00759613554502887
7.158e-07,0.0073305135450288696
7.159e-07,0.0070570755450288705
7.16e-07,0.0073305135450288696
7.161e-07,0.00776020554502887
7.162e-07,0.0073305135450288696
7.163e-07,0.00597113854502887
7.164e-07,0.0053305135450288695
7.165e-07,0.00643207554502887
7.166e-07,0.0073305135450288696
7.167e-07,0.0064867635450288706
7.168e-07,0.0053305135450288695
7.169e-07,0.005369575545028871
7.17e-07,0.0053305135450288695
7.171e-07,0.004564888545028871
7.172e-07,0.0053305135450288695
7.173e-07,0.00872895554502887
7.174e-07,0.01133051554502887
7.175e-07,0.01014301554502887
7.176e-07,0.0073305135450288696
7.177e-07,0.00633832554502887
7.178e-07,0.0073305135450288696
7.179e-07,0.00805707554502887
7.18e-07,0.0073305135450288696
7.181e-07,0.00634613854502887
7.182e-07,0.0073305135450288696
7.183e-07,0.01000238554502887
7.184e-07,0.01133051554502887
7.185e-07,0.00948676554502887
7.186e-07,0.0073305135450288696
7.187e-07,0.00772895554502887
7.188e-07,0.00933051554502887
7.189e-07,0.00916645554502887
7.19e-07,0.0073305135450288696
7.191e-07,0.00573676354502887
7.192e-07,0.0053305135450288695
7.193e-07,0.005478950545028871
7.194e-07,0.0053305135450288695
7.195e-07,0.005049263545028871
7.196e-07,0.0053305135450288695
7.197e-07,0.00647895054502887
7.198e-07,0.0073305135450288696
7.199e-07,0.00676020054502887
7.2e-07,0.0053305135450288695
7.201e-07,0.004674263545028871
7.202e-07,0.0053305135450288695
7.203e-07,0.006611763545028871
7.204e-07,0.0073305135450288696
7.205e-07,0.00677582554502887
7.206e-07,0.0053305135450288695
7.207e-07,0.00440082554502887
7.208e-07,0.0053305135450288695
7.209e-07,0.00776020554502887
7.21e-07,0.00933051554502887
7.211e-07,0.00861957554502887
7.212e-07,0.0073305135450288696
7.213e-07,0.0071195755450288705
7.214e-07,0.0073305135450288696
7.215e-07,0.00697895054502887
7.216e-07,0.0073305135450288696
7.217e-07,0.00889301554502887
7.218e-07,0.00933051554502887
7.219e-07,0.007228950545028871
7.22e-07,0.0053305135450288695
7.221e-07,0.00604926354502887
7.222e-07,0.0073305135450288696
7.223e-07,0.006658638545028871
7.224e-07,0.0053305135450288695
7.225e-07,0.005728950545028869
7.226e-07,0.0073305135450288696
7.227e-07,0.00851020554502887
7.228e-07,0.00933051554502887
7.229e-07,0.00993207554502887
7.23e-07,0.00933051554502887
7.231e-07,0.0071195755450288705
7.232e-07,0.0053305135450288695
7.233e-07,0.005697700545028869
7.234e-07,0.0073305135450288696
7.235e-07,0.00806488554502887
7.236e-07,0.0073305135450288696
7.237e-07,0.00597113854502887
7.238e-07,0.0053305135450288695
7.239e-07,0.00595551354502887
7.24e-07,0.0073305135450288696
7.241e-07,0.00822895554502887
7.242e-07,0.0073305135450288696
7.243e-07,0.005002388545028871
7.244e-07,0.0033305135450288708
7.245e-07,0.0033305135450288708
7.246e-07,0.0033305135450288708
7.247e-07,0.00262738854502887
7.248e-07,0.0033305135450288708
7.249e-07,0.006564888545028871
7.25e-07,0.00933051554502887
7.251e-07,0.00886957554502887
7.252e-07,0.0073305135450288696
7.253e-07,0.0072367635450288695
7.254e-07,0.0073305135450288696
7.255e-07,0.00553363854502887
7.256e-07,0.0033305135450288708
7.257e-07,0.0028227005450288706
7.258e-07,0.0033305135450288708
7.259e-07,0.0033305135450288708
7.26e-07,0.0033305135450288708
7.261e-07,0.00428363854502887
7.262e-07,0.0053305135450288695
7.263e-07,0.00554926354502887
7.264e-07,0.0053305135450288695
7.265e-07,0.005400825545028871
7.266e-07,0.0053305135450288695
7.267e-07,0.0044867635450288705
7.268e-07,0.0033305135450288708
7.269e-07,0.0027836385450288703
7.27e-07,0.0033305135450288708
7.271e-07,0.00455707554502887
7.272e-07,0.0053305135450288695
7.273e-07,0.0052523885450288695
7.274e-07,0.0053305135450288695
7.275e-07,0.005807075545028869
7.276e-07,0.0053305135450288695
7.277e-07,0.0036195755450288704
7.278e-07,0.0033305135450288708
7.279e-07,0.005572700545028871
7.28e-07,0.0073305135450288696
7.281e-07,0.005838325545028869
7.282e-07,0.0033305135450288708
7.283e-07,0.0027289505450288705
7.284e-07,0.0033305135450288708
7.285e-07,0.0028852005450288707
7.286e-07,0.0013305135450288707
7.287e-07,0.0005023885450288704
7.288e-07,0.0013305135450288707
7.289e-07,0.0029164505450288707
7.29e-07,0.0033305135450288708
7.291e-07,0.002166450545028871
7.292e-07,0.0013305135450288707
7.293e-07,0.0022367635450288707
7.294e-07,0.0033305135450288708
7.295e-07,0.0027992635450288703
7.296e-07,0.0013305135450288707
7.297e-07,0.0007758255450288705
7.298e-07,0.0013305135450288707
7.299e-07,0.0017758255450288705
7.3e-07,0.0013305135450288707
7.301e-07,0.0007289505450288705
7.302e-07,0.0013305135450288707
7.303e-07,0.00347113854502887
7.304e-07,0.0053305135450288695
7.305e-07,0.0050883255450288704
7.306e-07,0.0033305135450288708
7.307e-07,0.0017367635450288702
7.308e-07,0.0013305135450288707
7.309e-07,0.0019398885450288704
7.31e-07,0.0033305135450288708
7.311e-07,0.004768013545028871
7.312e-07,0.0053305135450288695
7.313e-07,0.0045492635450288706
7.314e-07,0.0033305135450288708
7.315e-07,0.0023305135450288708
7.316e-07,0.0013305135450288707
7.317e-07,0.00014301354502887055
7.318e-07,-0.0006694874549711296
7.319e-07,-0.00016167445497112945
7.32e-07,0.0013305135450288707
7.321e-07,0.0027992635450288703
7.322e-07,0.0033305135450288708
7.323e-07,0.0027523885450288703
7.324e-07,0.0013305135450288707
7.325e-07,0.0003695755450288706
7.326e-07,0.0013305135450288707
7.327e-07,0.0038539505450288706
7.328e-07,0.0053305135450288695
7.329e-07,0.00433832554502887
7.33e-07,0.0033305135450288708
7.331e-07,0.00415863854502887
7.332e-07,0.0053305135450288695
7.333e-07,0.00468207554502887
7.334e-07,0.0033305135450288708
7.335e-07,0.0030180135450288705
7.336e-07,0.0033305135450288708
7.337e-07,0.0027211385450288702
7.338e-07,0.0013305135450288707
7.339e-07,0.0006117635450288705
7.34e-07,0.0013305135450288707
7.341e-07,0.0028070755450288706
7.342e-07,0.0033305135450288708
7.343e-07,0.0023305135450288708
7.344e-07,0.0013305135450288707
7.345e-07,0.0019164505450288707
7.346e-07,0.0033305135450288708
7.347e-07,0.00395551354502887
7.348e-07,0.0033305135450288708
7.349e-07,0.0021742635450288706
7.35e-07,0.0013305135450288707
7.351e-07,0.0010570755450288703
7.352e-07,0.0013305135450288707
7.353e-07,0.0020961385450288706
7.354e-07,0.0033305135450288708
7.355e-07,0.004643013545028871
7.356e-07,0.0053305135450288695
7.357e-07,0.004752388545028871
7.358e-07,0.0033305135450288708
7.359e-07,0.0019320755450288707
7.36e-07,0.0013305135450288707
7.361e-07,0.0013461385450288708
7.362e-07,0.0013305135450288707
7.363e-07,0.0010180135450288705
7.364e-07,0.0013305135450288707
7.365e-07,0.0024789505450288703
7.366e-07,0.0033305135450288708
7.367e-07,0.0027836385450288703
7.368e-07,0.0013305135450288707
7.369e-07,8.832554502887034e-05
7.37e-07,-0.0006694874549711296
7.371e-07,-0.0014351124549711295
7.372e-07,-0.0026694869881681293
7.373e-07,-0.0034741744549711294
7.374e-07,-0.0026694869881681293
7.375e-07,-0.0003101114549711294
7.376e-07,0.0013305135450288707
7.377e-07,0.0007992635450288703
7.378e-07,-0.0006694874549711296
7.379e-07,-0.0006069874549711296
7.38e-07,0.0013305135450288707
7.381e-07,0.00326020054502887
7.382e-07,0.0033305135450288708
7.383e-07,0.0012992635450288707
7.384e-07,-0.0006694874549711296
7.385e-07,-0.0007397994549711295
7.386e-07,0.0013305135450288707
7.387e-07,0.003377388545028871
7.388e-07,0.0033305135450288708
7.389e-07,0.0011195755450288704
7.39e-07,-0.0006694874549711296
7.391e-07,-0.0006929244549711295
7.392e-07,-0.0006694874549711296
7.393e-07,-0.0023491744549711297
7.394e-07,-0.00466948745497113
7.395e-07,-0.005419487454971129
7.396e-07,-0.00466948745497113
7.397e-07,-0.0035288619549711294
7.398e-07,-0.0026694869881681293
7.399e-07,-0.0016460494549711295
7.4e-07,-0.0006694874549711296
7.401e-07,-0.0002085494549711295
7.402e-07,-0.0006694874549711296
7.403e-07,-0.0018647994549711297
7.404e-07,-0.0026694869881681293
7.405e-07,-0.0022163619549711295
7.406e-07,-0.0006694874549711296
7.407e-07,0.0007680135450288707
7.408e-07,0.0013305135450288707
7.409e-07,0.0006742635450288706
7.41e-07,-0.0006694874549711296
7.411e-07,-0.0019976119549711298
7.412e-07,-0.0026694869881681293
7.413e-07,-0.0026929244849711294
7.414e-07,-0.0026694869881681293
7.415e-07,-0.0028569869549711297
7.416e-07,-0.0026694869881681293
7.417e-07,-0.0016929244549711295
7.418e-07,-0.0006694874549711296
7.419e-07,-0.00036479945497112963
7.42e-07,-0.0006694874549711296
7.421e-07,-0.0013491744549711294
7.422e-07,-0.0026694869881681293
7.423e-07,-0.00434136245497113
7.424e-07,-0.00466948745497113
7.425e-07,-0.0028726119549711297
7.426e-07,-0.0006694874549711296
7.427e-07,-4.448645497112961e-05
7.428e-07,-0.0006694874549711296
7.429e-07,-0.0015601124549711296
7.43e-07,-0.0026694869881681293
7.431e-07,-0.00402886245497113
7.432e-07,-0.00466948745497113
7.433e-07,-0.0038569874549711294
7.434e-07,-0.0026694869881681293
7.435e-07,-0.0023882369549711297
7.436e-07,-0.0026694869881681293
7.437e-07,-0.0027241744849711294
7.438e-07,-0.0026694869881681293
7.439e-07,-0.0027241744849711294
7.44e-07,-0.0026694869881681293
7.441e-07,-0.0023882369549711297
7.442e-07,-0.0026694869881681293
7.443e-07,-0.0038257374549711294
7.444e-07,-0.00466948745497113
7.445e-07,-0.00413823745497113
7.446e-07,-0.0026694869881681293
7.447e-07,-0.0014272994549711295
7.448e-07,-0.0006694874549711296
7.449e-07,-0.00037261145497112947
7.45e-07,-0.0006694874549711296
7.451e-07,-0.0017163619549711295
7.452e-07,-0.0026694869881681293
7.453e-07,-0.0033101119549711296
7.454e-07,-0.00466948745497113
7.455e-07,-0.0065054244549711294
7.456e-07,-0.00666948745497113
7.457e-07,-0.00441948745497113
7.458e-07,-0.0026694869881681293
7.459e-07,-0.0034429244549711293
7.46e-07,-0.00466948745497113
7.461e-07,-0.0034429244549711293
7.462e-07,-0.0006694874549711296
7.463e-07,0.0006430135450288706
7.464e-07,-0.0006694874549711296
7.465e-07,-0.0032944869549711296
7.466e-07,-0.00466948745497113
7.467e-07,-0.00398979945497113
7.468e-07,-0.0026694869881681293
7.469e-07,-0.0023179244549711296
7.47e-07,-0.0026694869881681293
7.471e-07,-0.0028257369549711297
7.472e-07,-0.0026694869881681293
7.473e-07,-0.0031616744549711295
7.474e-07,-0.00466948745497113
7.475e-07,-0.005794487454971129
7.476e-07,-0.00466948745497113
7.477e-07,-0.0017944869549711296
7.478e-07,-0.0006694874549711296
7.479e-07,-0.0033179244549711297
7.48e-07,-0.00666948745497113
7.481e-07,-0.00695854945497113
7.482e-07,-0.00466948745497113
7.483e-07,-0.0027163619849711294
7.484e-07,-0.0026694869881681293
7.485e-07,-0.0038257374549711294
7.486e-07,-0.00466948745497113
7.487e-07,-0.00469292445497113
7.488e-07,-0.00466948745497113
7.489e-07,-0.00494292445497113
7.49e-07,-0.00466948745497113
7.491e-07,-0.0033882369549711293
7.492e-07,-0.0026694869881681293
7.493e-07,-0.0036694874549711293
7.494e-07,-0.00466948745497113
7.495e-07,-0.00402104945497113
7.496e-07,-0.0026694869881681293
7.497e-07,-0.0022788619549711296
7.498e-07,-0.0026694869881681293
7.499e-07,-0.0028726119549711297
7.5e-07,-0.0026694869881681293
7.501e-07,-0.0031069869549711295
7.502e-07,-0.00466948745497113
7.503e-07,-0.00649761245497113
7.504e-07,-0.00666948745497113
7.505e-07,-0.004606987454971129
7.506e-07,-0.0026694869881681293
7.507e-07,-0.0029976119549711294
7.508e-07,-0.00466948745497113
7.509e-07,-0.005880424454971129
7.51e-07,-0.00666948745497113
7.511e-07,-0.00723979945497113
7.512e-07,-0.00666948745497113
7.513e-07,-0.0045366744549711294
7.514e-07,-0.0026694869881681293
7.515e-07,-0.0029663619549711293
7.516e-07,-0.00466948745497113
7.517e-07,-0.005606987454971129
7.518e-07,-0.00466948745497113
7.519e-07,-0.0028804244549711297
7.52e-07,-0.0026694869881681293
7.521e-07,-0.00470854945497113
7.522e-07,-0.00666948745497113
7.523e-07,-0.006458549454971129
7.524e-07,-0.00466948745497113
7.525e-07,-0.0032319869549711296
7.526e-07,-0.0026694869881681293
7.527e-07,-0.0021147994549711295
7.528e-07,-0.0006694874549711296
7.529e-07,0.0004008255450288706
7.53e-07,-0.0006694874549711296
7.531e-07,-0.004036674454971129
7.532e-07,-0.00666948745497113
7.533e-07,-0.006349174454971129
7.534e-07,-0.00466948745497113
7.535e-07,-0.0046304244549711295
7.536e-07,-0.00666948745497113
7.537e-07,-0.00863823745497113
7.538e-07,-0.00866948745497113
7.539e-07,-0.00664604945497113
7.54e-07,-0.00466948745497113
7.541e-07,-0.00415386245497113
7.542e-07,-0.00466948745497113
7.543e-07,-0.0049194874549711295
7.544e-07,-0.00466948745497113
7.545e-07,-0.0045522994549711294
7.546e-07,-0.00466948745497113
7.547e-07,-0.004778862454971129
7.548e-07,-0.00466948745497113
7.549e-07,-0.0045991744549711295
7.55e-07,-0.00466948745497113
7.551e-07,-0.00483354945497113
7.552e-07,-0.00466948745497113
7.553e-07,-0.004317924454971129
7.554e-07,-0.00466948745497113
7.555e-07,-0.005911674454971129
7.556e-07,-0.00666948745497113
7.557e-07,-0.005880424454971129
7.558e-07,-0.00466948745497113
7.559e-07,-0.00438823745497113
7.56e-07,-0.00466948745497113
7.561e-07,-0.00470854945497113
7.562e-07,-0.00466948745497113
7.563e-07,-0.00488042445497113
7.564e-07,-0.00466948745497113
7.565e-07,-0.0036304244549711295
7.566e-07,-0.0026694869881681293
7.567e-07,-0.0030757369549711294
7.568e-07,-0.00466948745497113
7.569e-07,-0.006271049454971129
7.57e-07,-0.00666948745497113
7.571e-07,-0.005747612454971129
7.572e-07,-0.00466948745497113
7.573e-07,-0.004427299454971129
7.574e-07,-0.00466948745497113
7.575e-07,-0.00469292445497113
7.576e-07,-0.00466948745497113
7.577e-07,-0.00480229945497113
7.578e-07,-0.00466948745497113
7.579e-07,-0.00426323745497113
7.58e-07,-0.00466948745497113
7.581e-07,-0.00607573745497113
7.582e-07,-0.00666948745497113
7.583e-07,-0.00510698745497113
7.584e-07,-0.0026694869881681293
7.585e-07,-0.0016772994549711295
7.586e-07,-0.0026694869881681293
7.587e-07,-0.00424761245497113
7.588e-07,-0.00466948745497113
7.589e-07,-0.0036694874549711293
7.59e-07,-0.0026694869881681293
7.591e-07,-0.0030991744549711295
7.592e-07,-0.00466948745497113
7.593e-07,-0.005669487454971129
7.594e-07,-0.00466948745497113
7.595e-07,-0.0022710494549711296
7.596e-07,-0.0006694874549711296
7.597e-07,-0.0012632374549711295
7.598e-07,-0.0026694869881681293
7.599e-07,-0.0031304244549711295
7.6e-07,-0.0026694869881681293
7.601e-07,-0.0023647994549711297
7.602e-07,-0.0026694869881681293
7.603e-07,-0.0034585494549711293
7.604e-07,-0.00466948745497113
7.605e-07,-0.00602886245497113
7.606e-07,-0.00666948745497113
7.607e-07,-0.005544487454971129
7.608e-07,-0.0026694869881681293
7.609e-07,0.0005023885450288704
7.61e-07,0.0013305135450288707
7.611e-07,-0.0007241744549711295
7.612e-07,-0.0026694869881681293
7.613e-07,-0.0027007369849711294
7.614e-07,-0.0026694869881681293
7.615e-07,-0.00416948745497113
7.616e-07,-0.00466948745497113
7.617e-07,-0.0020366744549711294
7.618e-07,0.0013305135450288707
7.619e-07,0.0016352005450288704
7.62e-07,-0.0006694874549711296
7.621e-07,-0.0030522994549711294
7.622e-07,-0.00466948745497113
7.623e-07,-0.005388237454971129
7.624e-07,-0.00466948745497113
7.625e-07,-0.0030054244549711294
7.626e-07,-0.0026694869881681293
7.627e-07,-0.00420073745497113
7.628e-07,-0.00466948745497113
7.629e-07,-0.0019741744549711298
7.63e-07,0.0013305135450288707
7.631e-07,0.0017289505450288705
7.632e-07,-0.0006694874549711296
7.633e-07,-0.0033882369549711293
7.634e-07,-0.00466948745497113
7.635e-07,-0.004239799454971129
7.636e-07,-0.0026694869881681293
7.637e-07,-0.0010913624549711296
7.638e-07,-0.0006694874549711296
7.639e-07,-0.0016382374549711296
7.64e-07,-0.0026694869881681293
7.641e-07,-0.0024351119549711293
7.642e-07,-0.0006694874549711296
7.643e-07,0.0013148885450288707
7.644e-07,0.0013305135450288707
7.645e-07,-0.0009116744549711295
7.646e-07,-0.0026694869881681293
7.647e-07,-0.0025835494849711293
7.648e-07,-0.0026694869881681293
7.649e-07,-0.00421636245497113
7.65e-07,-0.00466948745497113
7.651e-07,-0.0018413619549711296
7.652e-07,0.0013305135450288707
7.653e-07,0.0013852005450288702
7.654e-07,-0.0006694874549711296
7.655e-07,-0.0020757369549711294
7.656e-07,-0.0026694869881681293
7.657e-07,-0.0031382369549711295
7.658e-07,-0.0026694869881681293
7.659e-07,-0.0006851124549711297
7.66e-07,0.0013305135450288707
7.661e-07,0.0017523885450288702
7.662e-07,0.0013305135450288707
7.663e-07,0.0011977005450288705
7.664e-07,0.0013305135450288707
7.665e-07,0.0008383255450288706
7.666e-07,-0.0006694874549711296
7.667e-07,-0.0023022994549711296
7.668e-07,-0.0026694869881681293
7.669e-07,-0.0015522994549711296
7.67e-07,-0.0006694874549711296
7.671e-07,-0.0009351124549711294
7.672e-07,-0.0006694874549711296
7.673e-07,0.0013617635450288708
7.674e-07,0.0033305135450288708
7.675e-07,0.0035102005450288703
7.676e-07,0.0033305135450288708
7.677e-07,0.0038773885450288704
7.678e-07,0.0033305135450288708
7.679e-07,0.00021332554502887045
7.68e-07,-0.0026694869881681293
7.681e-07,-0.0024976119549711294
7.682e-07,-0.0006694874549711296
7.683e-07,0.0005258255450288703
7.684e-07,0.0013305135450288707
7.685e-07,0.00267426354502887
7.686e-07,0.0033305135450288708
7.687e-07,0.00235395054502887
7.688e-07,0.0013305135450288707
7.689e-07,0.0020414505450288708
7.69e-07,0.0033305135450288708
7.691e-07,0.0035414505450288704
7.692e-07,0.0033305135450288708
7.693e-07,0.003455513545028871
7.694e-07,0.0033305135450288708
7.695e-07,0.0027523885450288703
7.696e-07,0.0033305135450288708
7.697e-07,0.005619575545028869
7.698e-07,0.0073305135450288696
7.699e-07,0.00609613854502887
7.7e-07,0.0033305135450288708
7.701e-07,0.0019320755450288707
7.702e-07,0.0033305135450288708
7.703e-07,0.0060102005450288695
7.704e-07,0.0073305135450288696
7.705e-07,0.00592426354502887
7.706e-07,0.0033305135450288708
7.707e-07,0.0016664505450288704
7.708e-07,0.0013305135450288707
7.709e-07,0.0015258255450288703
7.71e-07,0.0013305135450288707
7.711e-07,0.0010961385450288705
7.712e-07,0.0013305135450288707
7.713e-07,0.00230707554502887
7.714e-07,0.0033305135450288708
7.715e-07,0.00419770054502887
7.716e-07,0.0053305135450288695
7.717e-07,0.00680707554502887
7.718e-07,0.0073305135450288696
7.719e-07,0.00618207554502887
7.72e-07,0.0053305135450288695
7.721e-07,0.00606488854502887
7.722e-07,0.0073305135450288696
7.723e-07,0.00748676554502887
7.724e-07,0.0073305135450288696
7.725e-07,0.007494575545028871
7.726e-07,0.0073305135450288696
7.727e-07,0.00567426354502887
7.728e-07,0.0033305135450288708
7.729e-07,0.0022523885450288707
7.73e-07,0.0033305135450288708
7.731e-07,0.0052836385450288695
7.732e-07,0.0053305135450288695
7.733e-07,0.0030023885450288705
7.734e-07,0.0013305135450288707
7.735e-07,0.0028305135450288703
7.736e-07,0.0053305135450288695
7.737e-07,0.0060414505450288696
7.738e-07,0.0053305135450288695
7.739e-07,0.0050883255450288704
7.74e-07,0.0053305135450288695
7.741e-07,0.005205513545028869
7.742e-07,0.0053305135450288695
7.743e-07,0.00633832554502887
7.744e-07,0.0073305135450288696
7.745e-07,0.007400825545028871
7.746e-07,0.0073305135450288696
7.747e-07,0.00756488554502887
7.748e-07,0.0073305135450288696
7.749e-07,0.00616645054502887
7.75e-07,0.0053305135450288695
7.751e-07,0.00593988854502887
7.752e-07,0.0073305135450288696
7.753e-07,0.00785395554502887
7.754e-07,0.0073305135450288696
7.755e-07,0.00676020054502887
7.756e-07,0.0073305135450288696
7.757e-07,0.00875238554502887
7.758e-07,0.00933051554502887
7.759e-07,0.00781488554502887
7.76e-07,0.0053305135450288695
7.761e-07,0.0036898885450288702
7.762e-07,0.0033305135450288708
7.763e-07,0.003932075545028871
7.764e-07,0.0053305135450288695
7.765e-07,0.007002388545028869
7.766e-07,0.0073305135450288696
7.767e-07,0.00607270054502887
7.768e-07,0.0053305135450288695
7.769e-07,0.00640082554502887
7.77e-07,0.0073305135450288696
7.771e-07,0.0064242635450288705
7.772e-07,0.0053305135450288695
7.773e-07,0.0059320755450288695
7.774e-07,0.0073305135450288696
7.775e-07,0.00760395554502887
7.776e-07,0.0073305135450288696
7.777e-07,0.00747895554502887
7.778e-07,0.0073305135450288696
7.779e-07,0.00622895054502887
7.78e-07,0.0053305135450288695
7.781e-07,0.00545551354502887
7.782e-07,0.0053305135450288695
7.783e-07,0.004135200545028871
7.784e-07,0.0033305135450288708
7.785e-07,0.00461957554502887
7.786e-07,0.0073305135450288696
7.787e-07,0.00928363554502887
7.788e-07,0.00933051554502887
7.789e-07,0.00807270554502887
7.79e-07,0.0073305135450288696
7.791e-07,0.00751801554502887
7.792e-07,0.0073305135450288696
7.793e-07,0.005572700545028871
7.794e-07,0.0033305135450288708
7.795e-07,0.002455513545028871
7.796e-07,0.0033305135450288708
7.797e-07,0.00476020054502887
7.798e-07,0.0053305135450288695
7.799e-07,0.005158638545028869
7.8e-07,0.0053305135450288695
7.801e-07,0.0064398885450288705
7.802e-07,0.0073305135450288696
7.803e-07,0.006768013545028871
7.804e-07,0.0053305135450288695
7.805e-07,0.00457270054502887
7.806e-07,0.0053305135450288695
7.807e-07,0.00669770054502887
7.808e-07,0.0073305135450288696
7.809e-07,0.006533638545028871
7.81e-07,0.0053305135450288695
7.811e-07,0.00488520054502887
7.812e-07,0.0053305135450288695
7.813e-07,0.005728950545028869
7.814e-07,0.0053305135450288695
7.815e-07,0.00425238854502887
7.816e-07,0.0033305135450288708
7.817e-07,0.0031586385450288706
7.818e-07,0.0033305135450288708
7.819e-07,0.0034008255450288702
7.82e-07,0.0033305135450288708
7.821e-07,0.00336957554502887
7.822e-07,0.0033305135450288708
7.823e-07,0.003166450545028871
7.824e-07,0.0033305135450288708
7.825e-07,0.00417426354502887
7.826e-07,0.0053305135450288695
7.827e-07,0.00584613854502887
7.828e-07,0.0053305135450288695
7.829e-07,0.004088325545028871
7.83e-07,0.0033305135450288708
7.831e-07,0.00336957554502887
7.832e-07,0.0033305135450288708
7.833e-07,0.0024477005450288703
7.834e-07,0.0013305135450288707
7.835e-07,0.0010023885450288705
7.836e-07,0.0013305135450288707
7.837e-07,0.0016664505450288704
7.838e-07,0.0013305135450288707
7.839e-07,0.0009633255450288707
7.84e-07,0.0013305135450288707
7.841e-07,0.00250238854502887
7.842e-07,0.0033305135450288708
7.843e-07,0.00321332554502887
7.844e-07,0.0033305135450288708
7.845e-07,0.004814888545028871
7.846e-07,0.0073305135450288696
7.847e-07,0.00863520554502887
7.848e-07,0.0073305135450288696
7.849e-07,0.0038930135450288704
7.85e-07,0.0013305135450288707
7.851e-07,0.0010883255450288704
7.852e-07,0.0013305135450288707
7.853e-07,0.00033832554502887056
7.854e-07,-0.0006694874549711296
7.855e-07,0.00011176354502887053
7.856e-07,0.0013305135450288707
7.857e-07,0.0014711385450288709
7.858e-07,0.0013305135450288707
7.859e-07,0.00229145054502887
7.86e-07,0.0033305135450288708
7.861e-07,0.00332270054502887
7.862e-07,0.0033305135450288708
7.863e-07,0.00426020054502887
7.864e-07,0.0053305135450288695
7.865e-07,0.00488520054502887
7.866e-07,0.0033305135450288708
7.867e-07,0.0018148885450288703
7.868e-07,0.0013305135450288707
7.869e-07,0.0015258255450288703
7.87e-07,0.0013305135450288707
7.871e-07,0.0002602005450288705
7.872e-07,-0.0006694874549711296
7.873e-07,-0.0006851124549711297
7.874e-07,-0.0006694874549711296
7.875e-07,-0.0009741744549711295
7.876e-07,-0.0006694874549711296
7.877e-07,0.0007602005450288705
7.878e-07,0.0013305135450288707
7.879e-07,-0.0003882364549711295
7.88e-07,-0.0026694869881681293
7.881e-07,-0.0028257369549711297
7.882e-07,-0.0006694874549711296
7.883e-07,0.0019633255450288707
7.884e-07,0.0033305135450288708
7.885e-07,0.0028070755450288706
7.886e-07,0.0013305135450288707
7.887e-07,-5.4244549711293145e-06
7.888e-07,-0.0006694874549711296
7.889e-07,-0.0008491744549711296
7.89e-07,-0.0006694874549711296
7.891e-07,-0.0004585494549711297
7.892e-07,-0.0006694874549711296
7.893e-07,-0.0011616744549711295
7.894e-07,-0.0006694874549711296
7.895e-07,0.0008070755450288705
7.896e-07,0.0013305135450288707
7.897e-07,-0.00035698645497112946
7.898e-07,-0.0026694869881681293
7.899e-07,-0.0033960494549711293
7.9e-07,-0.0026694869881681293
7.901e-07,-0.0021069869549711294
7.902e-07,-0.0026694869881681293
7.903e-07,-0.0038335494549711297
7.904e-07,-0.00466948745497113
7.905e-07,-0.00427886245497113
7.906e-07,-0.0026694869881681293
7.907e-07,-0.0008804244549711294
7.908e-07,-0.0006694874549711296
7.909e-07,-0.0019976119549711298
7.91e-07,-0.0026694869881681293
7.911e-07,-0.0015991744549711294
7.912e-07,-0.0006694874549711296
7.913e-07,-0.0016147994549711294
7.914e-07,-0.0026694869881681293
7.915e-07,-0.0019897994549711298
7.916e-07,-0.0006694874549711296
7.917e-07,-0.0005210494549711293
7.918e-07,-0.0006694874549711296
7.919e-07,-0.0003101114549711294
7.92e-07,-0.0006694874549711296
7.921e-07,-0.0027944869549711296
7.922e-07,-0.00466948745497113
7.923e-07,-0.004239799454971129
7.924e-07,-0.0026694869881681293
7.925e-07,-0.0020757369549711294
7.926e-07,-0.0026694869881681293
7.927e-07,-0.0035991744549711295
7.928e-07,-0.00466948745497113
7.929e-07,-0.00536479945497113
7.93e-07,-0.00466948745497113
7.931e-07,-0.0024272994549711293
7.932e-07,-0.0006694874549711296
7.933e-07,-0.0010054244549711296
7.934e-07,-0.0026694869881681293
7.935e-07,-0.0035601119549711294
7.936e-07,-0.0026694869881681293
7.937e-07,-0.0010913624549711296
7.938e-07,-0.0006694874549711296
7.939e-07,-0.0018647994549711297
7.94e-07,-0.0026694869881681293
7.941e-07,-0.0014038624549711294
7.942e-07,0.0013305135450288707
7.943e-07,0.0027680135450288703
7.944e-07,0.0013305135450288707
7.945e-07,-0.0021147994549711295
7.946e-07,-0.00466948745497113
7.947e-07,-0.00454448745497113
7.948e-07,-0.0026694869881681293
7.949e-07,-0.0016147994549711294
7.95e-07,-0.0026694869881681293
7.951e-07,-0.00452886245497113
7.952e-07,-0.00466948745497113
7.953e-07,-0.0024976119549711294
7.954e-07,-0.0006694874549711296
7.955e-07,-0.0016304244549711295
7.956e-07,-0.00466948745497113
7.957e-07,-0.00694292445497113
7.958e-07,-0.00666948745497113
7.959e-07,-0.00451323745497113
7.96e-07,-0.0026694869881681293
7.961e-07,-0.0023491744549711297
7.962e-07,-0.0026694869881681293
7.963e-07,-0.0025444869549711294
7.964e-07,-0.0026694869881681293
7.965e-07,-0.0037866744549711296
7.966e-07,-0.00466948745497113
7.967e-07,-0.004489799454971129
7.968e-07,-0.00466948745497113
7.969e-07,-0.005560112454971129
7.97e-07,-0.00466948745497113
7.971e-07,-0.0011226124549711296
7.972e-07,0.0013305135450288707
7.973e-07,-0.0006382374549711296
7.974e-07,-0.00466948745497113
7.975e-07,-0.006380424454971129
7.976e-07,-0.00466948745497113
7.977e-07,-0.0018726119549711297
7.978e-07,-0.0006694874549711296
7.979e-07,-0.0015913624549711296
7.98e-07,-0.0026694869881681293
7.981e-07,-0.0027241744849711294
7.982e-07,-0.0026694869881681293
7.983e-07,-0.0036304244549711295
7.984e-07,-0.00466948745497113
7.985e-07,-0.00418511245497113
7.986e-07,-0.0026694869881681293
7.987e-07,-0.0019585494549711297
7.988e-07,-0.0026694869881681293
7.989e-07,-0.0039663624549711295
7.99e-07,-0.00466948745497113
7.991e-07,-0.00404448745497113
7.992e-07,-0.0026694869881681293
7.993e-07,-0.0019038619549711295
7.994e-07,-0.0026694869881681293
7.995e-07,-0.004239799454971129
7.996e-07,-0.00466948745497113
7.997e-07,-0.0030679244549711294
7.998e-07,-0.0006694874549711296
7.999e-07,0.0003305135450288703
8e-07,-0.0006694874549711296
8.001e-07,-0.0024351119549711293
8.002e-07,-0.0026694869881681293
8.003e-07,-0.0012788624549711295
8.004e-07,-0.0006694874549711296
8.005e-07,-0.0024585494549711293
8.006e-07,-0.00466948745497113
8.007e-07,-0.00515386245497113
8.008e-07,-0.00466948745497113
8.009e-07,-0.004747612454971129
8.01e-07,-0.00466948745497113
8.011e-07,-0.0034429244549711293
8.012e-07,-0.0026694869881681293
8.013e-07,-0.0036069869549711295
8.014e-07,-0.00466948745497113
8.015e-07,-0.00451323745497113
8.016e-07,-0.00466948745497113
8.017e-07,-0.00610698745497113
8.018e-07,-0.00666948745497113
8.019e-07,-0.004716362454971129
8.02e-07,-0.0026694869881681293
8.021e-07,-0.0030835494549711294
8.022e-07,-0.00466948745497113
8.023e-07,-0.00510698745497113
8.024e-07,-0.00466948745497113
8.025e-07,-0.0046616744549711295
8.026e-07,-0.00466948745497113
8.027e-07,-0.0038257374549711294
8.028e-07,-0.0026694869881681293
8.029e-07,-0.0023257369549711296
8.03e-07,-0.0026694869881681293
8.031e-07,-0.0034351119549711293
8.032e-07,-0.00466948745497113
8.033e-07,-0.00610698745497113
8.034e-07,-0.00666948745497113
8.035e-07,-0.005794487454971129
8.036e-07,-0.00466948745497113
8.037e-07,-0.004396049454971129
8.038e-07,-0.00466948745497113
8.039e-07,-0.004716362454971129
8.04e-07,-0.00466948745497113
8.041e-07,-0.004794487454971129
8.042e-07,-0.00466948745497113
8.043e-07,-0.0038257374549711294
8.044e-07,-0.0026694869881681293
8.045e-07,-0.0021929244549711295
8.046e-07,-0.0026694869881681293
8.047e-07,-0.0037632374549711294
8.048e-07,-0.00466948745497113
8.049e-07,-0.00491167445497113
8.05e-07,-0.00466948745497113
8.051e-07,-0.0045366744549711294
8.052e-07,-0.00466948745497113
8.053e-07,-0.0048726124549711295
8.054e-07,-0.00466948745497113
8.055e-07,-0.0038491744549711297
8.056e-07,-0.0026694869881681293
8.057e-07,-0.0019663619549711298
8.058e-07,-0.0026694869881681293
8.059e-07,-0.004747612454971129
8.06e-07,-0.00666948745497113
8.061e-07,-0.007185112454971129
8.062e-07,-0.00666948745497113
8.063e-07,-0.0058257374549711295
8.064e-07,-0.00466948745497113
8.065e-07,-0.0033179244549711297
8.066e-07,-0.0026694869881681293
8.067e-07,-0.0034429244549711293
8.068e-07,-0.00466948745497113
8.069e-07,-0.00500542445497113
8.07e-07,-0.00466948745497113
8.071e-07,-0.00446636245497113
8.072e-07,-0.00466948745497113
8.073e-07,-0.005380424454971129
8.074e-07,-0.00666948745497113
8.075e-07,-0.007708549454971129
8.076e-07,-0.00666948745497113
8.077e-07,-0.0033569869549711297
8.078e-07,-0.0006694874549711296
8.079e-07,-0.0008569874549711296
8.08e-07,-0.0026694869881681293
8.081e-07,-0.004067924454971129
8.082e-07,-0.00466948745497113
8.083e-07,-0.005497612454971129
8.084e-07,-0.00666948745497113
8.085e-07,-0.00681792445497113
8.086e-07,-0.00466948745497113
8.087e-07,-0.0014897994549711295
8.088e-07,-0.0006694874549711296
8.089e-07,-0.0035288619549711294
8.09e-07,-0.00666948745497113
8.091e-07,-0.0065991744549711295
8.092e-07,-0.00466948745497113
8.093e-07,-0.00397417445497113
8.094e-07,-0.00466948745497113
8.095e-07,-0.00510698745497113
8.096e-07,-0.00466948745497113
8.097e-07,-0.00391167445497113
8.098e-07,-0.0026694869881681293
8.099e-07,-0.0017085494549711295
8.1e-07,-0.0026694869881681293
8.101e-07,-0.00536479945497113
8.102e-07,-0.00666948745497113
8.103e-07,-0.005388237454971129
8.104e-07,-0.00466948745497113
8.105e-07,-0.00714604945497113
8.106e-07,-0.01066948745497113
8.107e-07,-0.01123198745497113
8.108e-07,-0.00866948745497113
8.109e-07,-0.005606987454971129
8.11e-07,-0.00466948745497113
8.111e-07,-0.005747612454971129
8.112e-07,-0.00666948745497113
8.113e-07,-0.00596636245497113
8.114e-07,-0.00466948745497113
8.115e-07,-0.004380424454971129
8.116e-07,-0.00466948745497113
8.117e-07,-0.0046616744549711295
8.118e-07,-0.00466948745497113
8.119e-07,-0.0055991744549711295
8.12e-07,-0.00666948745497113
8.121e-07,-0.00691167445497113
8.122e-07,-0.00666948745497113
8.123e-07,-0.0065991744549711295
8.124e-07,-0.00666948745497113
8.125e-07,-0.0065991744549711295
8.126e-07,-0.00666948745497113
8.127e-07,-0.00681011245497113
8.128e-07,-0.00666948745497113
8.129e-07,-0.0058257374549711295
8.13e-07,-0.00466948745497113
8.131e-07,-0.004146049454971129
8.132e-07,-0.00466948745497113
8.133e-07,-0.005403862454971129
8.134e-07,-0.00466948745497113
8.135e-07,-0.0023960494549711297
8.136e-07,-0.0006694874549711296
8.137e-07,-0.0017085494549711295
8.138e-07,-0.00466948745497113
8.139e-07,-0.00695854945497113
8.14e-07,-0.00666948745497113
8.141e-07,-0.00438823745497113
8.142e-07,-0.0026694869881681293
8.143e-07,-0.0031460494549711295
8.144e-07,-0.00466948745497113
8.145e-07,-0.005356987454971129
8.146e-07,-0.00466948745497113
8.147e-07,-0.0034819869549711294
8.148e-07,-0.0026694869881681293
8.149e-07,-0.0024663619549711293
8.15e-07,-0.0026694869881681293
8.151e-07,-0.0034038619549711293
8.152e-07,-0.00466948745497113
8.153e-07,-0.00613823745497113
8.154e-07,-0.00666948745497113
8.155e-07,-0.00578667445497113
8.156e-07,-0.00466948745497113
8.157e-07,-0.004442924454971129
8.158e-07,-0.00466948745497113
8.159e-07,-0.00463823745497113
8.16e-07,-0.00466948745497113
8.161e-07,-0.005403862454971129
8.162e-07,-0.00666948745497113
8.163e-07,-0.00734917445497113
8.164e-07,-0.00666948745497113
8.165e-07,-0.00516167445497113
8.166e-07,-0.00466948745497113
8.167e-07,-0.00575542445497113
8.168e-07,-0.00666948745497113
8.169e-07,-0.005911674454971129
8.17e-07,-0.00466948745497113
8.171e-07,-0.00446636245497113
8.172e-07,-0.00466948745497113
8.173e-07,-0.00398979945497113
8.174e-07,-0.0026694869881681293
8.175e-07,-0.0021538619549711295
8.176e-07,-0.0026694869881681293
8.177e-07,-0.0038179244549711297
8.178e-07,-0.00466948745497113
8.179e-07,-0.00491167445497113
8.18e-07,-0.00466948745497113
8.181e-07,-0.004442924454971129
8.182e-07,-0.00466948745497113
8.183e-07,-0.005442924454971129
8.184e-07,-0.00666948745497113
8.185e-07,-0.00787261245497113
8.186e-07,-0.00866948745497113
8.187e-07,-0.00830229945497113
8.188e-07,-0.00666948745497113
8.189e-07,-0.00427886245497113
8.19e-07,-0.0026694869881681293
8.191e-07,-0.0025913619849711293
8.192e-07,-0.0026694869881681293
8.193e-07,-0.0022866744549711296
8.194e-07,-0.0026694869881681293
8.195e-07,-0.00431011245497113
8.196e-07,-0.00466948745497113
8.197e-07,-0.0030601119549711294
8.198e-07,-0.0026694869881681293
8.199e-07,-0.005716362454971129
8.2e-07,-0.00866948745497113
8.201e-07,-0.007716362454971129
8.202e-07,-0.00466948745497113
8.203e-07,-0.0033960494549711293
8.204e-07,-0.00466948745497113
8.205e-07,-0.00631011245497113
8.206e-07,-0.00666948745497113
8.207e-07,-0.00575542445497113
8.208e-07,-0.00466948745497113
8.209e-07,-0.00434136245497113
8.21e-07,-0.00466948745497113
8.211e-07,-0.0049194874549711295
8.212e-07,-0.00466948745497113
8.213e-07,-0.004364799454971129
8.214e-07,-0.00466948745497113
8.215e-07,-0.00566167445497113
8.216e-07,-0.00666948745497113
8.217e-07,-0.00702104945497113
8.218e-07,-0.00666948745497113
8.219e-07,-0.00583354945497113
8.22e-07,-0.00466948745497113
8.221e-07,-0.0034351119549711293
8.222e-07,-0.0026694869881681293
8.223e-07,-0.0030835494549711294
8.224e-07,-0.00466948745497113
8.225e-07,-0.00635698745497113
8.226e-07,-0.00666948745497113
8.227e-07,-0.005466362454971129
8.228e-07,-0.00466948745497113
8.229e-07,-0.005544487454971129
8.23e-07,-0.00666948745497113
8.231e-07,-0.00620073745497113
8.232e-07,-0.00466948745497113
8.233e-07,-0.0034663619549711294
8.234e-07,-0.0026694869881681293
8.235e-07,-0.0021851119549711295
8.236e-07,-0.0026694869881681293
8.237e-07,-0.004130424454971129
8.238e-07,-0.00466948745497113
8.239e-07,-0.0035132369549711294
8.24e-07,-0.0026694869881681293
8.241e-07,-0.00413823745497113
8.242e-07,-0.00666948745497113
8.243e-07,-0.007716362454971129
8.244e-07,-0.00666948745497113
8.245e-07,-0.0045522994549711294
8.246e-07,-0.0026694869881681293
8.247e-07,-0.0019116744549711295
8.248e-07,-0.0026694869881681293
8.249e-07,-0.004208549454971129
8.25e-07,-0.00466948745497113
8.251e-07,-0.0035913619549711295
8.252e-07,-0.0026694869881681293
8.253e-07,-0.0033491744549711297
8.254e-07,-0.00466948745497113
8.255e-07,-0.00511479945497113
8.256e-07,-0.00466948745497113
8.257e-07,-0.00432573745497113
8.258e-07,-0.00466948745497113
8.259e-07,-0.00509917445497113
8.26e-07,-0.00466948745497113
8.261e-07,-0.0034038619549711293
8.262e-07,-0.0026694869881681293
8.263e-07,-0.0029897994549711294
8.264e-07,-0.0026694869881681293
8.265e-07,-0.0011538624549711294
8.266e-07,-0.0006694874549711296
8.267e-07,-0.0027476119849711295
8.268e-07,-0.00466948745497113
8.269e-07,-0.004067924454971129
8.27e-07,-0.0026694869881681293
8.271e-07,-0.0030835494549711294
8.272e-07,-0.00466948745497113
8.273e-07,-0.00527104945497113
8.274e-07,-0.00466948745497113
8.275e-07,-0.004192924454971129
8.276e-07,-0.00466948745497113
8.277e-07,-0.00530229945497113
8.278e-07,-0.00466948745497113
8.279e-07,-0.0025522994549711294
8.28e-07,-0.0006694874549711296
8.281e-07,-0.0008804244549711294
8.282e-07,-0.0026694869881681293
8.283e-07,-0.004317924454971129
8.284e-07,-0.00466948745497113
8.285e-07,-0.00431011245497113
8.286e-07,-0.00466948745497113
8.287e-07,-0.00598198745497113
8.288e-07,-0.00666948745497113
8.289e-07,-0.00569292445497113
8.29e-07,-0.00466948745497113
8.291e-07,-0.00475542445497113
8.292e-07,-0.00466948745497113
8.293e-07,-0.0033179244549711297
8.294e-07,-0.0026694869881681293
8.295e-07,-0.00395854945497113
8.296e-07,-0.00466948745497113
8.297e-07,-0.0028960494549711297
8.298e-07,-0.0006694874549711296
8.299e-07,-0.0008804244549711294
8.3e-07,-0.0026694869881681293
8.301e-07,-0.0035210494549711294
8.302e-07,-0.0026694869881681293
8.303e-07,-0.0018257369549711296
8.304e-07,-0.0026694869881681293
8.305e-07,-0.00498979945497113
8.306e-07,-0.00666948745497113
8.307e-07,-0.00567729945497113
8.308e-07,-0.0026694869881681293
8.309e-07,-0.0003022994549711296
8.31e-07,-0.0006694874549711296
8.311e-07,-0.0031147994549711295
8.312e-07,-0.00466948745497113
8.313e-07,-0.0034038619549711293
8.314e-07,-0.0006694874549711296
8.315e-07,0.0006195755450288704
8.316e-07,-0.0006694874549711296
8.317e-07,-0.0033022994549711296
8.318e-07,-0.00466948745497113
8.319e-07,-0.00395854945497113
8.32e-07,-0.0026694869881681293
8.321e-07,-0.0023491744549711297
8.322e-07,-0.0026694869881681293
8.323e-07,-0.0026460494849711294
8.324e-07,-0.0026694869881681293
8.325e-07,-0.0035210494549711294
8.326e-07,-0.00466948745497113
8.327e-07,-0.00505229945497113
8.328e-07,-0.00466948745497113
8.329e-07,-0.0038335494549711297
8.33e-07,-0.0026694869881681293
8.331e-07,-0.0014038624549711294
8.332e-07,-0.0006694874549711296
8.333e-07,-0.0011616744549711295
8.334e-07,-0.0026694869881681293
8.335e-07,-0.00426323745497113
8.336e-07,-0.00466948745497113
8.337e-07,-0.0037397994549711296
8.338e-07,-0.0026694869881681293
8.339e-07,-0.0024741744549711293
8.34e-07,-0.0026694869881681293
8.341e-07,-0.0026069869849711293
8.342e-07,-0.0026694869881681293
8.343e-07,-0.0035132369549711294
8.344e-07,-0.00466948745497113
8.345e-07,-0.00510698745497113
8.346e-07,-0.00466948745497113
8.347e-07,-0.0036851124549711293
8.348e-07,-0.0026694869881681293
8.349e-07,-0.0021616744549711295
8.35e-07,-0.0026694869881681293
8.351e-07,-0.0038413624549711294
8.352e-07,-0.00466948745497113
8.353e-07,-0.00421636245497113
8.354e-07,-0.0026694869881681293
8.355e-07,-0.0012085494549711295
8.356e-07,-0.0006694874549711296
8.357e-07,-0.0009585494549711295
8.358e-07,-0.0006694874549711296
8.359e-07,0.0005102005450288703
8.36e-07,0.0013305135450288707
8.361e-07,0.00012738854502887054
8.362e-07,-0.0026694869881681293
8.363e-07,-0.005419487454971129
8.364e-07,-0.00666948745497113
8.365e-07,-0.00613823745497113
8.366e-07,-0.00466948745497113
8.367e-07,-0.0032710494549711296
8.368e-07,-0.0026694869881681293
8.369e-07,-0.0026226119849711294
8.37e-07,-0.0026694869881681293
8.371e-07,-0.0025601119549711294
8.372e-07,-0.0026694869881681293
8.373e-07,-0.0033804244549711293
8.374e-07,-0.00466948745497113
8.375e-07,-0.005575737454971129
8.376e-07,-0.00466948745497113
8.377e-07,-0.0022710494549711296
8.378e-07,-0.0006694874549711296
8.379e-07,-0.0013257374549711296
8.38e-07,-0.0026694869881681293
8.381e-07,-0.0029194869549711297
8.382e-07,-0.0026694869881681293
8.383e-07,-0.0033491744549711297
8.384e-07,-0.00466948745497113
8.385e-07,-0.005294487454971129
8.386e-07,-0.00466948745497113
8.387e-07,-0.0034741744549711294
8.388e-07,-0.0026694869881681293
8.389e-07,-0.0025601119549711294
8.39e-07,-0.0026694869881681293
8.391e-07,-0.0025601119549711294
8.392e-07,-0.0026694869881681293
8.393e-07,-0.0035132369549711294
8.394e-07,-0.00466948745497113
8.395e-07,-0.00525542445497113
8.396e-07,-0.00466948745497113
8.397e-07,-0.0034038619549711293
8.398e-07,-0.0026694869881681293
8.399e-07,-0.0028335494549711297
8.4e-07,-0.0026694869881681293
8.401e-07,-0.0019663619549711298
8.402e-07,-0.0026694869881681293
8.403e-07,-0.00523979945497113
8.404e-07,-0.00666948745497113
8.405e-07,-0.00486479945497113
8.406e-07,-0.0026694869881681293
8.407e-07,-0.0031069869549711295
8.408e-07,-0.00466948745497113
8.409e-07,-0.004396049454971129
8.41e-07,-0.0026694869881681293
8.411e-07,-0.0013257374549711296
8.412e-07,-0.0006694874549711296
8.413e-07,-0.00034136145497112944
8.414e-07,-0.0006694874549711296
8.415e-07,-0.0018804244549711297
8.416e-07,-0.0026694869881681293
8.417e-07,-0.0020679244549711294
8.418e-07,-0.0006694874549711296
8.419e-07,-2.104945497112933e-05
8.42e-07,-0.0006694874549711296
8.421e-07,-0.0019976119549711298
8.422e-07,-0.0026694869881681293
8.423e-07,-0.0020288619549711294
8.424e-07,-0.0006694874549711296
8.425e-07,8.832554502887034e-05
8.426e-07,-0.0006694874549711296
8.427e-07,-0.0022710494549711296
8.428e-07,-0.0026694869881681293
8.429e-07,-0.0014351124549711295
8.43e-07,-0.0006694874549711296
8.431e-07,-0.0017085494549711295
8.432e-07,-0.0026694869881681293
8.433e-07,-0.0018335494549711296
8.434e-07,-0.0006694874549711296
8.435e-07,-0.0012710494549711296
8.436e-07,-0.0026694869881681293
8.437e-07,-0.0030288619549711294
8.438e-07,-0.0026694869881681293
8.439e-07,-0.0026069869849711293
8.44e-07,-0.0026694869881681293
8.441e-07,-0.0024976119549711294
8.442e-07,-0.0026694869881681293
8.443e-07,-0.0036069869549711295
8.444e-07,-0.00466948745497113
8.445e-07,-0.004442924454971129
8.446e-07,-0.0026694869881681293
8.447e-07,-0.0007085494549711295
8.448e-07,-0.0006694874549711296
8.449e-07,-0.0028335494549711297
8.45e-07,-0.00466948745497113
8.451e-07,-0.0037163624549711293
8.452e-07,-0.0006694874549711296
8.453e-07,0.0016508255450288704
8.454e-07,0.0013305135450288707
8.455e-07,-0.0010679244549711296
8.456e-07,-0.0026694869881681293
8.457e-07,-0.0020757369549711294
8.458e-07,-0.0006694874549711296
8.459e-07,-0.00034136145497112944
8.46e-07,-0.0006694874549711296
8.461e-07,-0.0006772994549711295
8.462e-07,-0.0006694874549711296
8.463e-07,-0.0015991744549711294
8.464e-07,-0.0026694869881681293
8.465e-07,-0.0029351119549711297
8.466e-07,-0.0026694869881681293
8.467e-07,-0.0025288619549711294
8.468e-07,-0.0026694869881681293
8.469e-07,-0.0027554244849711295
8.47e-07,-0.0026694869881681293
8.471e-07,-0.0029976119549711294
8.472e-07,-0.00466948745497113
8.473e-07,-0.00671636245497113
8.474e-07,-0.00666948745497113
8.475e-07,-0.0035991744549711295
8.476e-07,-0.0006694874549711296
8.477e-07,-0.0007944874549711295
8.478e-07,-0.0026694869881681293
8.479e-07,-0.0035132369549711294
8.48e-07,-0.0026694869881681293
8.481e-07,-0.0014351124549711295
8.482e-07,-0.0006694874549711296
8.483e-07,-0.00046636245497112946
8.484e-07,-0.0006694874549711296
8.485e-07,-0.0014429244549711295
8.486e-07,-0.0026694869881681293
8.487e-07,-0.00402104945497113
8.488e-07,-0.00466948745497113
8.489e-07,-0.00398979945497113
8.49e-07,-0.0026694869881681293
8.491e-07,-0.0015522994549711296
8.492e-07,-0.0006694874549711296
8.493e-07,-0.00013042445497112943
8.494e-07,-0.0006694874549711296
8.495e-07,-0.0021147994549711295
8.496e-07,-0.0026694869881681293
8.497e-07,-0.0015132374549711295
8.498e-07,-0.0006694874549711296
8.499e-07,-0.0017007369549711295
8.5e-07,-0.0026694869881681293
8.501e-07,-0.0018726119549711297
8.502e-07,-0.0006694874549711296
8.503e-07,-0.0006851124549711297
8.504e-07,-0.0006694874549711296
8.505e-07,0.0005336385450288705
8.506e-07,0.0013305135450288707
8.507e-07,-0.00019292445497112948
8.508e-07,-0.0026694869881681293
8.509e-07,-0.0037007374549711293
8.51e-07,-0.0026694869881681293
8.511e-07,-0.0010444874549711295
8.512e-07,-0.0006694874549711296
8.513e-07,-0.0017944869549711296
8.514e-07,-0.0026694869881681293
8.515e-07,-0.0024429244549711293
8.516e-07,-0.0026694869881681293
8.517e-07,-0.00407573745497113
8.518e-07,-0.00466948745497113
8.519e-07,-0.0028257369549711297
8.52e-07,-0.0006694874549711296
8.521e-07,-0.0008804244549711294
8.522e-07,-0.0026694869881681293
8.523e-07,-0.0035210494549711294
8.524e-07,-0.0026694869881681293
8.525e-07,-0.0012710494549711296
8.526e-07,-0.0006694874549711296
8.527e-07,-0.0014194874549711294
8.528e-07,-0.0026694869881681293
8.529e-07,-0.0032788619549711296
8.53e-07,-0.0026694869881681293
8.531e-07,-0.0013647994549711294
8.532e-07,-0.0006694874549711296
8.533e-07,-0.0012397994549711295
8.534e-07,-0.0026694869881681293
8.535e-07,-0.004067924454971129
8.536e-07,-0.00466948745497113
8.537e-07,-0.00413823745497113
8.538e-07,-0.0026694869881681293
8.539e-07,-0.0005601124549711295
8.54e-07,0.0013305135450288707
8.541e-07,0.0020336385450288705
8.542e-07,0.0013305135450288707
8.543e-07,-0.0005913624549711296
8.544e-07,-0.0026694869881681293
8.545e-07,-0.0036226119549711295
8.546e-07,-0.0026694869881681293
8.547e-07,-0.0004272994549711297
8.548e-07,0.0013305135450288707
8.549e-07,0.0010805135450288705
8.55e-07,-0.0006694874549711296
8.551e-07,-0.0023257369549711296
8.552e-07,-0.0026694869881681293
8.553e-07,-0.0017085494549711295
8.554e-07,-0.0006694874549711296
8.555e-07,-0.0004272994549711297
8.556e-07,-0.0006694874549711296
8.557e-07,-0.0008335494549711296
8.558e-07,-0.0006694874549711296
8.559e-07,-0.0005210494549711293
8.56e-07,-0.0006694874549711296
8.561e-07,-0.0009038624549711296
8.562e-07,-0.0006694874549711296
8.563e-07,-0.00027104945497112955
8.564e-07,-0.0006694874549711296
8.565e-07,-0.0020288619549711294
8.566e-07,-0.0026694869881681293
8.567e-07,-0.0016382374549711296
8.568e-07,-0.0006694874549711296
8.569e-07,-0.0013882374549711296
8.57e-07,-0.0026694869881681293
8.571e-07,-0.0029116744549711297
8.572e-07,-0.0026694869881681293
8.573e-07,-0.0028022994549711296
8.574e-07,-0.0026694869881681293
8.575e-07,-0.0015210494549711296
8.576e-07,-0.0006694874549711296
8.577e-07,-0.0013569874549711296
8.578e-07,-0.0026694869881681293
8.579e-07,-0.0031772994549711295
8.58e-07,-0.0026694869881681293
8.581e-07,-0.0017163619549711295
8.582e-07,-0.0006694874549711296
8.583e-07,0.0004008255450288706
8.584e-07,0.0013305135450288707
8.585e-07,0.0011977005450288705
8.586e-07,-0.0006694874549711296
8.587e-07,-0.0034663619549711294
8.588e-07,-0.00466948745497113
8.589e-07,-0.0030522994549711294
8.59e-07,-0.0006694874549711296
8.591e-07,4.1450545028870293e-05
8.592e-07,-0.0006694874549711296
8.593e-07,-0.0011304244549711294
8.594e-07,-0.0006694874549711296
8.595e-07,-0.00016167445497112945
8.596e-07,-0.0006694874549711296
8.597e-07,-0.0019429244549711295
8.598e-07,-0.0026694869881681293
8.599e-07,-0.0019897994549711298
8.6e-07,-0.0006694874549711296
8.601e-07,-0.00021636145497112933
8.602e-07,-0.0006694874549711296
8.603e-07,-0.0010444874549711295
8.604e-07,-0.0006694874549711296
8.605e-07,0.0003148885450288703
8.606e-07,0.0013305135450288707
8.607e-07,0.0012523885450288707
8.608e-07,-0.0006694874549711296
8.609e-07,-0.0035132369549711294
8.61e-07,-0.00466948745497113
8.611e-07,-0.0030210494549711294
8.612e-07,-0.0006694874549711296
8.613e-07,1.0200545028870266e-05
8.614e-07,-0.0006694874549711296
8.615e-07,-0.0010835494549711296
8.616e-07,-0.0006694874549711296
8.617e-07,-0.0003179244549711296
8.618e-07,-0.0006694874549711296
8.619e-07,-0.0016616744549711295
8.62e-07,-0.0026694869881681293
8.621e-07,-0.0030444869549711294
8.622e-07,-0.0026694869881681293
8.623e-07,-0.0023022994549711296
8.624e-07,-0.0026694869881681293
8.625e-07,-0.0037163624549711293
8.626e-07,-0.00466948745497113
8.627e-07,-0.004364799454971129
8.628e-07,-0.0026694869881681293
8.629e-07,-0.0007944874549711295
8.63e-07,-0.0006694874549711296
8.631e-07,-0.0026382369849711294
8.632e-07,-0.00466948745497113
8.633e-07,-0.0046304244549711295
8.634e-07,-0.0026694869881681293
8.635e-07,-0.0007163624549711295
8.636e-07,-0.0006694874549711296
8.637e-07,-0.0021147994549711295
8.638e-07,-0.0026694869881681293
8.639e-07,-0.0015132374549711295
8.64e-07,-0.0006694874549711296
8.641e-07,-0.0017007369549711295
8.642e-07,-0.0026694869881681293
8.643e-07,-0.0012476124549711295
8.644e-07,0.0013305135450288707
8.645e-07,0.0023148885450288707
8.646e-07,0.0013305135450288707
8.647e-07,-0.0006851124549711297
8.648e-07,-0.0026694869881681293
8.649e-07,-0.0036694874549711293
8.65e-07,-0.0026694869881681293
8.651e-07,0.0002914505450288705
8.652e-07,0.0033305135450288708
8.653e-07,0.0038773885450288704
8.654e-07,0.0013305135450288707
8.655e-07,-0.0026069869849711293
8.656e-07,-0.00466948745497113
8.657e-07,-0.0033022994549711296
8.658e-07,-0.0006694874549711296
8.659e-07,0.0003461385450288703
8.66e-07,-0.0006694874549711296
8.661e-07,-0.0022007369549711295
8.662e-07,-0.0026694869881681293
8.663e-07,-0.0018101119549711296
8.664e-07,-0.0006694874549711296
8.665e-07,-0.00018511145497112974
8.666e-07,-0.0006694874549711296
8.667e-07,-0.0017163619549711295
8.668e-07,-0.0026694869881681293
8.669e-07,-0.0030366744549711294
8.67e-07,-0.0026694869881681293
8.671e-07,-0.0016616744549711295
8.672e-07,-0.0006694874549711296
8.673e-07,-0.0003491744549711296
8.674e-07,-0.0006694874549711296
8.675e-07,-0.0010054244549711296
8.676e-07,-0.0006694874549711296
8.677e-07,0.0004008255450288706
8.678e-07,0.0013305135450288707
8.679e-07,0.0009789505450288703
8.68e-07,-0.0006694874549711296
8.681e-07,-0.0024663619549711293
8.682e-07,-0.0026694869881681293
8.683e-07,-0.0009038624549711296
8.684e-07,0.0013305135450288707
8.685e-07,0.00219770054502887
8.686e-07,0.0013305135450288707
8.687e-07,-0.00013042445497112943
8.688e-07,-0.0006694874549711296
8.689e-07,-0.00038042445497112965
8.69e-07,-0.0006694874549711296
8.691e-07,-0.00201323695497113
8.692e-07,-0.0026694869881681293
8.693e-07,-0.0011616744549711295
8.694e-07,0.0013305135450288707
8.695e-07,0.002361763545028871
8.696e-07,0.0013305135450288707
8.697e-07,-0.0007632374549711295
8.698e-07,-0.0026694869881681293
8.699e-07,-0.0034663619549711294
8.7e-07,-0.0026694869881681293
8.701e-07,-0.0011304244549711294
8.702e-07,-0.0006694874549711296
8.703e-07,-0.0017710494549711296
8.704e-07,-0.0026694869881681293
8.705e-07,-0.0019272994549711295
8.706e-07,-0.0006694874549711296
8.707e-07,-0.0008257374549711296
8.708e-07,-0.0026694869881681293
8.709e-07,-0.00454448745497113
8.71e-07,-0.00466948745497113
8.711e-07,-0.0028726119549711297
8.712e-07,-0.0006694874549711296
8.713e-07,0.00019770054502887043
8.714e-07,-0.0006694874549711296
8.715e-07,-0.0020913619549711294
8.716e-07,-0.0026694869881681293
8.717e-07,-0.0023882369549711297
8.718e-07,-0.0026694869881681293
8.719e-07,-0.0039663624549711295
8.72e-07,-0.00466948745497113
8.721e-07,-0.0032397994549711296
8.722e-07,-0.0006694874549711296
8.723e-07,0.0010336385450288705
8.724e-07,0.0013305135450288707
8.725e-07,0.0006430135450288706
8.726e-07,-0.0006694874549711296
8.727e-07,-0.0020835494549711294
8.728e-07,-0.0026694869881681293
8.729e-07,-0.0019351119549711295
8.73e-07,-0.0006694874549711296
8.731e-07,-0.00017729945497112947
8.732e-07,-0.0006694874549711296
8.733e-07,-0.0013179244549711296
8.734e-07,-0.0006694874549711296
8.735e-07,0.0014008255450288702
8.736e-07,0.0033305135450288708
8.737e-07,0.00324457554502887
8.738e-07,0.0013305135450288707
8.739e-07,-0.0011147994549711294
8.74e-07,-0.0026694869881681293
8.741e-07,-0.0029897994549711294
8.742e-07,-0.0026694869881681293
8.743e-07,-0.0023882369549711297
8.744e-07,-0.0026694869881681293
8.745e-07,-0.0030366744549711294
8.746e-07,-0.0026694869881681293
8.747e-07,-0.0014741744549711295
8.748e-07,-0.0006694874549711296
8.749e-07,-0.0007476124549711295
8.75e-07,-0.0006694874549711296
8.751e-07,0.00032270054502887054
8.752e-07,0.0013305135450288707
8.753e-07,0.0008461385450288703
8.754e-07,-0.0006694874549711296
8.755e-07,-0.0020288619549711294
8.756e-07,-0.0026694869881681293
8.757e-07,-0.0027944869549711296
8.758e-07,-0.0026694869881681293
8.759e-07,-0.0025054244549711294
8.76e-07,-0.0026694869881681293
8.761e-07,-0.0028882369549711297
8.762e-07,-0.0026694869881681293
8.763e-07,-0.0016460494549711295
8.764e-07,-0.0006694874549711296
8.765e-07,-0.0003882364549711295
8.766e-07,-0.0006694874549711296
8.767e-07,-0.0009351124549711294
8.768e-07,-0.0006694874549711296
8.769e-07,0.00012738854502887054
8.77e-07,0.0013305135450288707
8.771e-07,0.00251801354502887
8.772e-07,0.0033305135450288708
8.773e-07,0.0030023885450288705
8.774e-07,0.0013305135450288707
8.775e-07,-0.0011382374549711296
8.776e-07,-0.0026694869881681293
8.777e-07,-0.0021851119549711295
8.778e-07,-0.0006694874549711296
8.779e-07,0.0005336385450288705
8.78e-07,0.0013305135450288707
8.781e-07,0.0017914505450288705
8.782e-07,0.0013305135450288707
8.783e-07,-5.4244549711293145e-06
8.784e-07,-0.0006694874549711296
8.785e-07,0.00022113854502887062
8.786e-07,0.0013305135450288707
8.787e-07,0.0009242635450288704
8.788e-07,-0.0006694874549711296
8.789e-07,-0.0016382374549711296
8.79e-07,-0.0006694874549711296
8.791e-07,0.0012055135450288706
8.792e-07,0.0013305135450288707
8.793e-07,-0.0009429244549711295
8.794e-07,-0.0026694869881681293
8.795e-07,-0.0013882374549711296
8.796e-07,0.0013305135450288707
8.797e-07,0.0024008255450288702
8.798e-07,0.0013305135450288707
8.799e-07,-0.00019292445497112948
8.8e-07,-0.0006694874549711296
8.801e-07,-0.0004038614549711295
8.802e-07,-0.0006694874549711296
8.803e-07,-0.0018257369549711296
8.804e-07,-0.0026694869881681293
8.805e-07,-0.0020679244549711294
8.806e-07,-0.0006694874549711296
8.807e-07,-7.573645497112964e-05
8.808e-07,-0.0006694874549711296
8.809e-07,-0.0012788624549711295
8.81e-07,-0.0006694874549711296
8.811e-07,0.0008383255450288706
8.812e-07,0.0013305135450288707
8.813e-07,-0.0003491744549711296
8.814e-07,-0.0026694869881681293
8.815e-07,-0.0034429244549711293
8.816e-07,-0.0026694869881681293
8.817e-07,-0.0015054244549711296
8.818e-07,-0.0006694874549711296
8.819e-07,-0.00027104945497112955
8.82e-07,-0.0006694874549711296
8.821e-07,-0.0013569874549711296
8.822e-07,-0.0006694874549711296
8.823e-07,0.0016195755450288704
8.824e-07,0.0033305135450288708
8.825e-07,0.0027289505450288705
8.826e-07,0.0013305135450288707
8.827e-07,0.0009555135450288704
8.828e-07,0.0013305135450288707
8.829e-07,0.0009164505450288706
8.83e-07,-0.0006694874549711296
8.831e-07,-0.0022632369549711296
8.832e-07,-0.0026694869881681293
8.833e-07,-0.0017476119549711296
8.834e-07,-0.0006694874549711296
8.835e-07,8.832554502887034e-05
8.836e-07,0.0013305135450288707
8.837e-07,0.00351801354502887
8.838e-07,0.0053305135450288695
8.839e-07,0.00501020054502887
8.84e-07,0.0033305135450288708
8.841e-07,0.0018148885450288703
8.842e-07,0.0013305135450288707
8.843e-07,0.0013383255450288701
8.844e-07,0.0013305135450288707
8.845e-07,0.0006977005450288704
8.846e-07,-0.0006694874549711296
8.847e-07,-0.0021226119549711295
8.848e-07,-0.0026694869881681293
8.849e-07,-0.0018335494549711296
8.85e-07,-0.0006694874549711296
8.851e-07,-0.00016167445497112945
8.852e-07,-0.0006694874549711296
8.853e-07,-0.0012397994549711295
8.854e-07,-0.0006694874549711296
8.855e-07,0.0007680135450288707
8.856e-07,0.0013305135450288707
8.857e-07,0.0003148885450288703
8.858e-07,-0.0006694874549711296
8.859e-07,-4.448645497112961e-05
8.86e-07,0.0013305135450288707
8.861e-07,0.00129145054502887
8.862e-07,-0.0006694874549711296
8.863e-07,-0.0027163619849711294
8.864e-07,-0.0026694869881681293
8.865e-07,8.05135450288705e-05
8.866e-07,0.0033305135450288708
8.867e-07,0.00449457554502887
8.868e-07,0.0033305135450288708
8.869e-07,0.0015961385450288701
8.87e-07,0.0013305135450288707
8.871e-07,0.0029008255450288707
8.872e-07,0.0053305135450288695
8.873e-07,0.00654145054502887
8.874e-07,0.0053305135450288695
8.875e-07,0.0025570755450288704
8.876e-07,0.0013305135450288707
8.877e-07,0.0025258255450288703
8.878e-07,0.0033305135450288708
8.879e-07,0.0016195755450288704
8.88e-07,-0.0006694874549711296
8.881e-07,-0.0006304244549711294
8.882e-07,0.0013305135450288707
8.883e-07,0.0029945755450288707
8.884e-07,0.0033305135450288708
8.885e-07,0.003166450545028871
8.886e-07,0.0033305135450288708
8.887e-07,0.0036742635450288702
8.888e-07,0.0033305135450288708
8.889e-07,0.0020961385450288706
8.89e-07,0.0013305135450288707
8.891e-07,0.0020570755450288708
8.892e-07,0.0033305135450288708
8.893e-07,0.0036508255450288705
8.894e-07,0.0033305135450288708
8.895e-07,0.0032367635450288707
8.896e-07,0.0033305135450288708
8.897e-07,0.0032055135450288707
8.898e-07,0.0033305135450288708
8.899e-07,0.0037602005450288706
8.9e-07,0.0033305135450288708
8.901e-07,0.0018461385450288703
8.902e-07,0.0013305135450288707
8.903e-07,0.00264301354502887
8.904e-07,0.0033305135450288708
8.905e-07,0.0020492635450288705
8.906e-07,0.0013305135450288707
8.907e-07,0.0032836385450288707
8.908e-07,0.0053305135450288695
8.909e-07,0.004799263545028871
8.91e-07,0.0033305135450288708
8.911e-07,0.00365863854502887
8.912e-07,0.0053305135450288695
8.913e-07,0.0060102005450288695
8.914e-07,0.0053305135450288695
8.915e-07,0.00465082554502887
8.916e-07,0.0053305135450288695
8.917e-07,0.00686957554502887
8.918e-07,0.0073305135450288696
8.919e-07,0.005572700545028871
8.92e-07,0.0033305135450288708
8.921e-07,0.0026508255450288704
8.922e-07,0.0033305135450288708
8.923e-07,0.00425238854502887
8.924e-07,0.0053305135450288695
8.925e-07,0.00665082554502887
8.926e-07,0.0073305135450288696
8.927e-07,0.00658832554502887
8.928e-07,0.0053305135450288695
8.929e-07,0.00488520054502887
8.93e-07,0.0053305135450288695
8.931e-07,0.00573676354502887
8.932e-07,0.0053305135450288695
8.933e-07,0.00414301354502887
8.934e-07,0.0033305135450288708
8.935e-07,0.0038383255450288706
8.936e-07,0.0053305135450288695
8.937e-07,0.00679145054502887
8.938e-07,0.0073305135450288696
8.939e-07,0.006752388545028871
8.94e-07,0.0053305135450288695
8.941e-07,0.0038461385450288704
8.942e-07,0.0033305135450288708
8.943e-07,0.004103950545028871
8.944e-07,0.0053305135450288695
8.945e-07,0.00629145054502887
8.946e-07,0.0073305135450288696
8.947e-07,0.00855707554502887
8.948e-07,0.00933051554502887
8.949e-07,0.00879145554502887
8.95e-07,0.0073305135450288696
8.951e-07,0.0059320755450288695
8.952e-07,0.0053305135450288695
8.953e-07,0.005338325545028871
8.954e-07,0.0053305135450288695
8.955e-07,0.0051352005450288705
8.956e-07,0.0053305135450288695
8.957e-07,0.00625238854502887
8.958e-07,0.0073305135450288696
8.959e-07,0.00772113554502887
8.96e-07,0.0073305135450288696
8.961e-07,0.006955513545028869
8.962e-07,0.0073305135450288696
8.963e-07,0.00792426554502887
8.964e-07,0.0073305135450288696
8.965e-07,0.005143013545028871
8.966e-07,0.0033305135450288708
8.967e-07,0.0036898885450288702
8.968e-07,0.0053305135450288695
8.969e-07,0.006643013545028871
8.97e-07,0.0073305135450288696
8.971e-07,0.007682075545028869
8.972e-07,0.0073305135450288696
8.973e-07,0.00615082554502887
8.974e-07,0.0053305135450288695
8.975e-07,0.0059320755450288695
8.976e-07,0.0073305135450288696
8.977e-07,0.00801020554502887
8.978e-07,0.0073305135450288696
8.979e-07,0.00592426354502887
8.98e-07,0.0053305135450288695
8.981e-07,0.00609613854502887
8.982e-07,0.0073305135450288696
8.983e-07,0.007768015545028871
8.984e-07,0.0073305135450288696
8.985e-07,0.00694770054502887
8.986e-07,0.0073305135450288696
8.987e-07,0.00791645554502887
8.988e-07,0.0073305135450288696
8.989e-07,0.005260200545028871
8.99e-07,0.0033305135450288708
8.991e-07,0.003377388545028871
8.992e-07,0.0053305135450288695
8.993e-07,0.00776020554502887
8.994e-07,0.00933051554502887
8.995e-07,0.00964301554502887
8.996e-07,0.00933051554502887
8.997e-07,0.00866645554502887
8.998e-07,0.0073305135450288696
8.999e-07,0.00565863854502887
9e-07,0.0053305135450288695
9.001e-07,0.006658638545028871
9.002e-07,0.0073305135450288696
9.003e-07,0.00608051354502887
9.004e-07,0.0053305135450288695
9.005e-07,0.007158638545028869
9.006e-07,0.00933051554502887
9.007e-07,0.00911957554502887
9.008e-07,0.0073305135450288696
9.009e-07,0.00649457554502887
9.01e-07,0.0073305135450288696
9.011e-07,0.00861176554502887
9.012e-07,0.00933051554502887
9.013e-07,0.00936957554502887
9.014e-07,0.00933051554502887
9.015e-07,0.00940082554502887
9.016e-07,0.00933051554502887
9.017e-07,0.00856488554502887
9.018e-07,0.0073305135450288696
9.019e-07,0.00658832554502887
9.02e-07,0.0073305135450288696
9.021e-07,0.00892426554502887
9.022e-07,0.00933051554502887
9.023e-07,0.00800238554502887
9.024e-07,0.0073305135450288696
9.025e-07,0.00859613554502887
9.026e-07,0.00933051554502887
9.027e-07,0.00745551554502887
9.028e-07,0.0053305135450288695
9.029e-07,0.005728950545028869
9.03e-07,0.0073305135450288696
9.031e-07,0.00772113554502887
9.032e-07,0.0073305135450288696
9.033e-07,0.00747895554502887
9.034e-07,0.0073305135450288696
9.035e-07,0.00611957554502887
9.036e-07,0.0053305135450288695
9.037e-07,0.00621332554502887
9.038e-07,0.0073305135450288696
9.039e-07,0.00736176554502887
9.04e-07,0.0073305135450288696
9.041e-07,0.00836176554502887
9.042e-07,0.00933051554502887
9.043e-07,0.00869770554502887
9.044e-07,0.0073305135450288696
9.045e-07,0.006814888545028871
9.046e-07,0.0073305135450288696
9.047e-07,0.00820551554502887
9.048e-07,0.00933051554502887
9.049e-07,0.01008832554502887
9.05e-07,0.00933051554502887
9.051e-07,0.0070727005450288705
9.052e-07,0.0053305135450288695
9.053e-07,0.00573676354502887
9.054e-07,0.0073305135450288696
9.055e-07,0.00809613554502887
9.056e-07,0.0073305135450288696
9.057e-07,0.00640082554502887
9.058e-07,0.0073305135450288696
9.059e-07,0.00994770554502887
9.06e-07,0.01133051554502887
9.061e-07,0.00968988554502887
9.062e-07,0.0073305135450288696
9.063e-07,0.006736763545028871
9.064e-07,0.0073305135450288696
9.065e-07,0.007400825545028871
9.066e-07,0.0073305135450288696
9.067e-07,0.00817426554502887
9.068e-07,0.00933051554502887
9.069e-07,0.00908832554502887
9.07e-07,0.0073305135450288696
9.071e-07,0.00548676354502887
9.072e-07,0.0053305135450288695
9.073e-07,0.0072367635450288695
9.074e-07,0.00933051554502887
9.075e-07,0.00936957554502887
9.076e-07,0.0073305135450288696
9.077e-07,0.00472895054502887
9.078e-07,0.0033305135450288708
9.079e-07,0.0038383255450288706
9.08e-07,0.0053305135450288695
9.081e-07,0.00672895054502887
9.082e-07,0.0073305135450288696
9.083e-07,0.00686957554502887
9.084e-07,0.0053305135450288695
9.085e-07,0.0036039505450288704
9.086e-07,0.0033305135450288708
9.087e-07,0.0052133255450288706
9.088e-07,0.0073305135450288696
9.089e-07,0.00778363554502887
9.09e-07,0.0073305135450288696
9.091e-07,0.007197700545028871
9.092e-07,0.0073305135450288696
9.093e-07,0.007096138545028869
9.094e-07,0.0073305135450288696
9.095e-07,0.00793988554502887
9.096e-07,0.0073305135450288696
9.097e-07,0.00491645054502887
9.098e-07,0.0033305135450288708
9.099e-07,0.00427582554502887
9.1e-07,0.0053305135450288695
9.101e-07,0.00397113854502887
9.102e-07,0.0013305135450288707
9.103e-07,0.00029926354502887026
9.104e-07,0.0013305135450288707
9.105e-07,0.0033305135450288708
9.106e-07,0.0053305135450288695
9.107e-07,0.006846138545028871
9.108e-07,0.0073305135450288696
9.109e-07,0.00651020054502887
9.11e-07,0.0053305135450288695
9.111e-07,0.00436176354502887
9.112e-07,0.0033305135450288708
9.113e-07,0.002135200545028871
9.114e-07,0.0013305135450288707
9.115e-07,0.0012992635450288707
9.116e-07,0.0013305135450288707
9.117e-07,0.0010883255450288704
9.118e-07,0.0013305135450288707
9.119e-07,0.0029711385450288705
9.12e-07,0.0053305135450288695
9.121e-07,0.007033638545028869
9.122e-07,0.0073305135450288696
9.123e-07,0.00643207554502887
9.124e-07,0.0053305135450288695
9.125e-07,0.00429926354502887
9.126e-07,0.0033305135450288708
9.127e-07,0.0022211385450288707
9.128e-07,0.0013305135450288707
9.129e-07,0.00156488854502887
9.13e-07,0.0033305135450288708
9.131e-07,0.0053617635450288696
9.132e-07,0.0053305135450288695
9.133e-07,0.0030023885450288705
9.134e-07,0.0013305135450288707
9.135e-07,0.0026820755450288705
9.136e-07,0.0053305135450288695
9.137e-07,0.00629145054502887
9.138e-07,0.0053305135450288695
9.139e-07,0.003963325545028871
9.14e-07,0.0033305135450288708
9.141e-07,0.00324457554502887
9.142e-07,0.0033305135450288708
9.143e-07,0.003377388545028871
9.144e-07,0.0033305135450288708
9.145e-07,0.00321332554502887
9.146e-07,0.0033305135450288708
9.147e-07,0.0034477005450288703
9.148e-07,0.0033305135450288708
9.149e-07,0.003119575545028871
9.15e-07,0.0033305135450288708
9.151e-07,0.0037602005450288706
9.152e-07,0.0033305135450288708
9.153e-07,0.0014789505450288703
9.154e-07,-0.0006694874549711296
9.155e-07,-0.0014351124549711295
9.156e-07,-0.0006694874549711296
9.157e-07,0.0006898885450288706
9.158e-07,0.0013305135450288707
9.159e-07,0.00124457554502887
9.16e-07,0.0013305135450288707
9.161e-07,0.00227582554502887
9.162e-07,0.0033305135450288708
9.163e-07,0.00350238854502887
9.164e-07,0.0033305135450288708
9.165e-07,0.0033305135450288708
9.166e-07,0.0033305135450288708
9.167e-07,0.0030023885450288705
9.168e-07,0.0033305135450288708
9.169e-07,0.004088325545028871
9.17e-07,0.0033305135450288708
9.171e-07,0.0002445755450288705
9.172e-07,-0.0026694869881681293
9.173e-07,-0.0026694869881681293
9.174e-07,-0.0006694874549711296
9.175e-07,0.0009789505450288703
9.176e-07,0.0013305135450288707
9.177e-07,0.0011664505450288704
9.178e-07,0.0013305135450288707
9.179e-07,0.0021430135450288706
9.18e-07,0.0033305135450288708
9.181e-07,0.004010200545028871
9.182e-07,0.0033305135450288708
9.183e-07,0.00126020054502887
9.184e-07,-0.0006694874549711296
9.185e-07,-0.0012710494549711296
9.186e-07,-0.0006694874549711296
9.187e-07,0.0003695755450288706
9.188e-07,0.0013305135450288707
9.189e-07,0.0018383255450288706
9.19e-07,0.0013305135450288707
9.191e-07,3.363854502887046e-05
9.192e-07,-0.0006694874549711296
9.193e-07,6.488854502887048e-05
9.194e-07,0.0013305135450288707
9.195e-07,0.0017680135450288703
9.196e-07,0.0013305135450288707
9.197e-07,0.0008773885450288703
9.198e-07,0.0013305135450288707
9.199e-07,0.0020023885450288705
9.2e-07,0.0013305135450288707
9.201e-07,-0.0009819874549711295
9.202e-07,-0.0026694869881681293
9.203e-07,-0.0021069869549711294
9.204e-07,-0.0006694874549711296
9.205e-07,-0.0002788614549711294
9.206e-07,-0.0006694874549711296
9.207e-07,-0.0006851124549711297
9.208e-07,-0.0006694874549711296
9.209e-07,-0.0015132374549711295
9.21e-07,-0.0026694869881681293
9.211e-07,-0.0030288619549711294
9.212e-07,-0.0026694869881681293
9.213e-07,-0.0018804244549711297
9.214e-07,-0.0006694874549711296
9.215e-07,0.0002758255450288705
9.216e-07,-0.0006694874549711296
9.217e-07,-0.0033101119549711296
9.218e-07,-0.00466948745497113
9.219e-07,-0.0029116744549711297
9.22e-07,-0.0006694874549711296
9.221e-07,-0.0003882364549711295
9.222e-07,-0.0006694874549711296
9.223e-07,0.0003617635450288703
9.224e-07,0.0013305135450288707
9.225e-07,0.0004789505450288707
9.226e-07,-0.0006694874549711296
9.227e-07,-0.00013042445497112943
9.228e-07,0.0013305135450288707
9.229e-07,0.0017680135450288703
9.23e-07,0.0013305135450288707
9.231e-07,0.0010102005450288703
9.232e-07,0.0013305135450288707
9.233e-07,0.0016039505450288704
9.234e-07,0.0013305135450288707
9.235e-07,0.0004008255450288706
9.236e-07,-0.0006694874549711296
9.237e-07,-0.0011147994549711294
9.238e-07,-0.0006694874549711296
9.239e-07,-0.0001382364549711297
9.24e-07,-0.0006694874549711296
9.241e-07,-0.0020757369549711294
9.242e-07,-0.0026694869881681293
9.243e-07,-0.0011304244549711294
9.244e-07,0.0013305135450288707
9.245e-07,0.0024789505450288703
9.246e-07,0.0013305135450288707
9.247e-07,-0.0010757374549711296
9.248e-07,-0.0026694869881681293
9.249e-07,-0.0022710494549711296
9.25e-07,-0.0006694874549711296
9.251e-07,0.0007758255450288705
9.252e-07,0.0013305135450288707
9.253e-07,0.0012836385450288707
9.254e-07,0.0013305135450288707
9.255e-07,0.0014086385450288708
9.256e-07,0.0013305135450288707
9.257e-07,0.0011273885450288706
9.258e-07,0.0013305135450288707
9.259e-07,0.0022055135450288707
9.26e-07,0.0033305135450288708
9.261e-07,0.00321332554502887
9.262e-07,0.0013305135450288707
9.263e-07,-0.0013882374549711296
9.264e-07,-0.0026694869881681293
9.265e-07,-0.0013022994549711296
9.266e-07,0.0013305135450288707
9.267e-07,0.0025727005450288704
9.268e-07,0.0013305135450288707
9.269e-07,-0.0012476124549711295
9.27e-07,-0.0026694869881681293
9.271e-07,-0.0018882369549711297
9.272e-07,-0.0006694874549711296
9.273e-07,-0.0009116744549711295
9.274e-07,-0.0026694869881681293
9.275e-07,-0.00431011245497113
9.276e-07,-0.00466948745497113
9.277e-07,-0.0037241744549711296
9.278e-07,-0.0026694869881681293
9.279e-07,-0.0018257369549711296
9.28e-07,-0.0006694874549711296
9.281e-07,0.0008383255450288706
9.282e-07,0.0013305135450288707
9.283e-07,0.00015863854502887057
9.284e-07,-0.0006694874549711296
9.285e-07,0.00025238854502887065
9.286e-07,0.0013305135450288707
9.287e-07,0.0006195755450288704
9.288e-07,-0.0006694874549711296
9.289e-07,-0.0008804244549711294
9.29e-07,-0.0006694874549711296
9.291e-07,-0.0009194874549711294
9.292e-07,-0.0006694874549711296
9.293e-07,0.0005961385450288705
9.294e-07,0.0013305135450288707
9.295e-07,0.00032270054502887054
9.296e-07,-0.0006694874549711296
9.297e-07,0.0004789505450288707
9.298e-07,0.0033305135450288708
9.299e-07,0.00493207554502887
9.3e-07,0.0033305135450288708
9.301e-07,-0.0009897994549711295
9.302e-07,-0.00466948745497113
9.303e-07,-0.00499761245497113
9.304e-07,-0.0026694869881681293
9.305e-07,-0.00046636245497112946
9.306e-07,-0.0006694874549711296
9.307e-07,-0.0028413619549711297
9.308e-07,-0.00466948745497113
9.309e-07,-0.004333549454971129
9.31e-07,-0.0026694869881681293
9.311e-07,-0.0011851124549711294
9.312e-07,-0.0006694874549711296
9.313e-07,-0.0006772994549711295
9.314e-07,-0.0006694874549711296
9.315e-07,-0.0007163624549711295
9.316e-07,-0.0006694874549711296
9.317e-07,-0.0005913624549711296
9.318e-07,-0.0006694874549711296
9.319e-07,-0.0009351124549711294
9.32e-07,-0.0006694874549711296
9.321e-07,-0.00019292445497112948
9.322e-07,-0.0006694874549711296
9.323e-07,-0.0022319869549711296
9.324e-07,-0.0026694869881681293
9.325e-07,-0.0012397994549711295
9.326e-07,-0.0006694874549711296
9.327e-07,-0.0026851119849711294
9.328e-07,-0.00466948745497113
9.329e-07,-0.0039976124549711296
9.33e-07,-0.0026694869881681293
9.331e-07,-0.0032710494549711296
9.332e-07,-0.00466948745497113
9.333e-07,-0.004380424454971129
9.334e-07,-0.0026694869881681293
9.335e-07,-0.0012476124549711295
9.336e-07,-0.0006694874549711296
9.337e-07,-0.0005210494549711293
9.338e-07,-0.0006694874549711296
9.339e-07,-0.0014351124549711295
9.34e-07,-0.0026694869881681293
9.341e-07,-0.00391167445497113
9.342e-07,-0.00466948745497113
9.343e-07,-0.004271049454971129
9.344e-07,-0.0026694869881681293
9.345e-07,-0.0009116744549711295
9.346e-07,-0.0006694874549711296
9.347e-07,-0.0020288619549711294
9.348e-07,-0.0026694869881681293
9.349e-07,-0.0009976124549711295
9.35e-07,0.0013305135450288707
9.351e-07,0.0019711385450288704
9.352e-07,0.0013305135450288707
9.353e-07,0.00037738854502887033
9.354e-07,-0.0006694874549711296
9.355e-07,-0.0021069869549711294
9.356e-07,-0.0026694869881681293
9.357e-07,-0.0017397994549711296
9.358e-07,-0.0006694874549711296
9.359e-07,-0.0010835494549711296
9.36e-07,-0.0026694869881681293
9.361e-07,-0.004114799454971129
9.362e-07,-0.00466948745497113
9.363e-07,-0.00448198745497113
9.364e-07,-0.00466948745497113
9.365e-07,-0.00510698745497113
9.366e-07,-0.00466948745497113
9.367e-07,-0.0031616744549711295
9.368e-07,-0.0026694869881681293
9.369e-07,-0.0039663624549711295
9.37e-07,-0.00466948745497113
9.371e-07,-0.0028335494549711297
9.372e-07,-0.0006694874549711296
9.373e-07,-0.0009819874549711295
9.374e-07,-0.0026694869881681293
9.375e-07,-0.0033804244549711293
9.376e-07,-0.0026694869881681293
9.377e-07,-0.0016069874549711296
9.378e-07,-0.0006694874549711296
9.379e-07,-0.00018511145497112974
9.38e-07,-0.0006694874549711296
9.381e-07,-0.0024741744549711293
9.382e-07,-0.00466948745497113
9.383e-07,-0.005669487454971129
9.384e-07,-0.00466948745497113
9.385e-07,-0.0023022994549711296
9.386e-07,-0.0006694874549711296
9.387e-07,-0.0011147994549711294
9.388e-07,-0.0026694869881681293
9.389e-07,-0.0034116744549711293
9.39e-07,-0.0026694869881681293
9.391e-07,-0.0012397994549711295
9.392e-07,-0.0006694874549711296
9.393e-07,-0.0015366744549711296
9.394e-07,-0.0026694869881681293
9.395e-07,-0.0030679244549711294
9.396e-07,-0.0026694869881681293
9.397e-07,-0.0019507369549711295
9.398e-07,-0.0006694874549711296
9.399e-07,0.0009164505450288706
9.4e-07,0.0013305135450288707
9.401e-07,-0.0004351114549711295
9.402e-07,-0.0026694869881681293
9.403e-07,-0.0038726124549711295
9.404e-07,-0.00466948745497113
9.405e-07,-0.005419487454971129
9.406e-07,-0.00466948745497113
9.407e-07,-0.0021069869549711294
9.408e-07,-0.0006694874549711296
9.409e-07,-0.0023647994549711297
9.41e-07,-0.00466948745497113
9.411e-07,-0.004411674454971129
9.412e-07,-0.0026694869881681293
9.413e-07,-0.0019897994549711298
9.414e-07,-0.0026694869881681293
9.415e-07,-0.0036304244549711295
9.416e-07,-0.00466948745497113
9.417e-07,-0.005442924454971129
9.418e-07,-0.00466948745497113
9.419e-07,-0.0022632369549711296
9.42e-07,-0.0006694874549711296
9.421e-07,-0.0014038624549711294
9.422e-07,-0.0026694869881681293
9.423e-07,-0.0022476119549711296
9.424e-07,-0.0006694874549711296
9.425e-07,4.926354502887047e-05
9.426e-07,-0.0006694874549711296
9.427e-07,-0.0019819869549711298
9.428e-07,-0.0026694869881681293
9.429e-07,-0.0022319869549711296
9.43e-07,-0.0006694874549711296
9.431e-07,0.0009633255450288707
9.432e-07,0.0013305135450288707
9.433e-07,0.00023676354502887064
9.434e-07,-0.0006694874549711296
9.435e-07,-0.0005991744549711294
9.436e-07,-0.0006694874549711296
9.437e-07,-0.0017866744549711296
9.438e-07,-0.0026694869881681293
9.439e-07,-0.0019507369549711295
9.44e-07,-0.0006694874549711296
9.441e-07,-0.00035698645497112946
9.442e-07,-0.0006694874549711296
9.443e-07,-0.0007085494549711295
9.444e-07,-0.0006694874549711296
9.445e-07,-0.0008491744549711296
9.446e-07,-0.0006694874549711296
9.447e-07,0.0002914505450288705
9.448e-07,0.0013305135450288707
9.449e-07,0.0010883255450288704
9.45e-07,-0.0006694874549711296
9.451e-07,-0.0025991744849711293
9.452e-07,-0.0026694869881681293
9.453e-07,-0.0005522994549711294
9.454e-07,0.0013305135450288707
9.455e-07,0.0009711385450288704
9.456e-07,-0.0006694874549711296
9.457e-07,-0.0013335494549711296
9.458e-07,-0.0006694874549711296
9.459e-07,0.0004164505450288706
9.46e-07,0.0013305135450288707
9.461e-07,0.0017133255450288705
9.462e-07,0.0013305135450288707
9.463e-07,0.0006430135450288706
9.464e-07,0.0013305135450288707
9.465e-07,0.00359613854502887
9.466e-07,0.0053305135450288695
9.467e-07,0.00432270054502887
9.468e-07,0.0013305135450288707
9.469e-07,-0.0014741744549711295
9.47e-07,-0.0026694869881681293
9.471e-07,-0.0021069869549711294
9.472e-07,-0.0006694874549711296
9.473e-07,0.0007055135450288706
9.474e-07,0.0013305135450288707
9.475e-07,0.0013070755450288701
9.476e-07,0.0013305135450288707
9.477e-07,0.0020648885450288705
9.478e-07,0.0033305135450288708
9.479e-07,0.00412738854502887
9.48e-07,0.0033305135450288708
9.481e-07,0.0010180135450288705
9.482e-07,-0.0006694874549711296
9.483e-07,-0.0003022994549711296
9.484e-07,0.0013305135450288707
9.485e-07,0.0026820755450288705
9.486e-07,0.0033305135450288708
9.487e-07,0.0035570755450288704
9.488e-07,0.0033305135450288708
9.489e-07,0.00236957554502887
9.49e-07,0.0013305135450288707
9.491e-07,0.0009398885450288704
9.492e-07,0.0013305135450288707
9.493e-07,0.0021742635450288706
9.494e-07,0.0033305135450288708
9.495e-07,0.00403363854502887
9.496e-07,0.0033305135450288708
9.497e-07,0.0011977005450288705
9.498e-07,-0.0006694874549711296
9.499e-07,-0.0009507374549711295
9.5e-07,-0.0006694874549711296
9.501e-07,-0.0007476124549711295
9.502e-07,-0.0006694874549711296
9.503e-07,0.0003305135450288703
9.504e-07,0.0013305135450288707
9.505e-07,0.0014008255450288702
9.506e-07,0.0013305135450288707
9.507e-07,0.0021273885450288706
9.508e-07,0.0033305135450288708
9.509e-07,0.0037289505450288705
9.51e-07,0.0033305135450288708
9.511e-07,0.0024477005450288703
9.512e-07,0.0013305135450288707
9.513e-07,5.707554502887031e-05
9.514e-07,-0.0006694874549711296
9.515e-07,-0.0006616744549711295
9.516e-07,-0.0006694874549711296
9.517e-07,-0.0008882374549711296
9.518e-07,-0.0006694874549711296
9.519e-07,0.0004711385450288704
9.52e-07,0.0013305135450288707
9.521e-07,0.0008773885450288703
9.522e-07,-0.0006694874549711296
9.523e-07,-0.0015522994549711296
9.524e-07,-0.0006694874549711296
9.525e-07,0.0015727005450288704
9.526e-07,0.0033305135450288708
9.527e-07,0.00353363854502887
9.528e-07,0.0033305135450288708
9.529e-07,0.00400238854502887
9.53e-07,0.0053305135450288695
9.531e-07,0.005853950545028869
9.532e-07,0.0053305135450288695
9.533e-07,0.00428363854502887
9.534e-07,0.0033305135450288708
9.535e-07,0.0028461385450288704
9.536e-07,0.0033305135450288708
9.537e-07,0.004057075545028871
9.538e-07,0.0033305135450288708
9.539e-07,0.0014164505450288702
9.54e-07,0.0013305135450288707
9.541e-07,0.00436957554502887
9.542e-07,0.0073305135450288696
9.543e-07,0.0070883255450288705
9.544e-07,0.0053305135450288695
9.545e-07,0.00486957554502887
9.546e-07,0.0053305135450288695
9.547e-07,0.004799263545028871
9.548e-07,0.0033305135450288708
9.549e-07,0.002072700545028871
9.55e-07,0.0013305135450288707
9.551e-07,0.0009711385450288704
9.552e-07,0.0013305135450288707
9.553e-07,0.0029242635450288704
9.554e-07,0.0053305135450288695
9.555e-07,0.007275825545028871
9.556e-07,0.0073305135450288696
9.557e-07,0.00542426354502887
9.558e-07,0.0033305135450288708
9.559e-07,0.0026977005450288705
9.56e-07,0.0033305135450288708
9.561e-07,0.0037914505450288706
9.562e-07,0.0033305135450288708
9.563e-07,0.0026508255450288704
9.564e-07,0.0033305135450288708
9.565e-07,0.005510200545028871
9.566e-07,0.0073305135450288696
9.567e-07,0.0070414505450288704
9.568e-07,0.0053305135450288695
9.569e-07,0.0038461385450288704
9.57e-07,0.0033305135450288708
9.571e-07,0.00329145054502887
9.572e-07,0.0033305135450288708
9.573e-07,0.00336957554502887
9.574e-07,0.0033305135450288708
9.575e-07,0.00327582554502887
9.576e-07,0.0033305135450288708
9.577e-07,0.0034477005450288703
9.578e-07,0.0033305135450288708
9.579e-07,0.0031273885450288706
9.58e-07,0.0033305135450288708
9.581e-07,0.00420551354502887
9.582e-07,0.0053305135450288695
9.583e-07,0.00576801354502887
9.584e-07,0.0053305135450288695
9.585e-07,0.00431488854502887
9.586e-07,0.0033305135450288708
9.587e-07,0.0029242635450288704
9.588e-07,0.0033305135450288708
9.589e-07,0.0038930135450288704
9.59e-07,0.0033305135450288708
9.591e-07,0.0018070755450288706
9.592e-07,0.0013305135450288707
9.593e-07,0.003119575545028871
9.594e-07,0.0053305135450288695
9.595e-07,0.00592426354502887
9.596e-07,0.0053305135450288695
9.597e-07,0.00504145054502887
9.598e-07,0.0053305135450288695
9.599e-07,0.00540863854502887
9.6e-07,0.0053305135450288695
9.601e-07,0.0052992635450288695
9.602e-07,0.0053305135450288695
9.603e-07,0.0052367635450288694
9.604e-07,0.0053305135450288695
9.605e-07,0.00548676354502887
9.606e-07,0.0053305135450288695
9.607e-07,0.0044867635450288705
9.608e-07,0.0033305135450288708
9.609e-07,0.0026977005450288705
9.61e-07,0.0033305135450288708
9.611e-07,0.00476020054502887
9.612e-07,0.0053305135450288695
9.613e-07,0.00439301354502887
9.614e-07,0.0033305135450288708
9.615e-07,0.0032836385450288707
9.616e-07,0.0033305135450288708
9.617e-07,0.0024164505450288702
9.618e-07,0.0013305135450288707
9.619e-07,0.0016898885450288702
9.62e-07,0.0033305135450288708
9.621e-07,0.00491645054502887
9.622e-07,0.0053305135450288695
9.623e-07,0.0044867635450288705
9.624e-07,0.0033305135450288708
9.625e-07,0.0028852005450288707
9.626e-07,0.0033305135450288708
9.627e-07,0.00426020054502887
9.628e-07,0.0053305135450288695
9.629e-07,0.00589301354502887
9.63e-07,0.0053305135450288695
9.631e-07,0.0038461385450288704
9.632e-07,0.0033305135450288708
9.633e-07,0.00444770054502887
9.634e-07,0.0053305135450288695
9.635e-07,0.00455707554502887
9.636e-07,0.0033305135450288708
9.637e-07,0.00319770054502887
9.638e-07,0.0033305135450288708
9.639e-07,0.0024945755450288703
9.64e-07,0.0013305135450288707
9.641e-07,0.0015414505450288703
9.642e-07,0.0033305135450288708
9.643e-07,0.005603950545028871
9.644e-07,0.0073305135450288696
9.645e-07,0.00786957554502887
9.646e-07,0.0073305135450288696
9.647e-07,0.00619770054502887
9.648e-07,0.0053305135450288695
9.649e-07,0.004689888545028871
9.65e-07,0.0033305135450288708
9.651e-07,0.0015414505450288703
9.652e-07,0.0013305135450288707
9.653e-07,0.003377388545028871
9.654e-07,0.0053305135450288695
9.655e-07,0.005369575545028871
9.656e-07,0.0053305135450288695
9.657e-07,0.0071195755450288705
9.658e-07,0.00933051554502887
9.659e-07,0.00934613554502887
9.66e-07,0.0073305135450288696
9.661e-07,0.00493207554502887
9.662e-07,0.0033305135450288708
9.663e-07,0.00226020054502887
9.664e-07,0.0013305135450288707
9.665e-07,0.0007836385450288707
9.666e-07,0.0013305135450288707
9.667e-07,0.00327582554502887
9.668e-07,0.0053305135450288695
9.669e-07,0.00606488854502887
9.67e-07,0.0053305135450288695
9.671e-07,0.004119575545028871
9.672e-07,0.0033305135450288708
9.673e-07,0.0031742635450288706
9.674e-07,0.0033305135450288708
9.675e-07,0.0034164505450288703
9.676e-07,0.0033305135450288708
9.677e-07,0.0032055135450288707
9.678e-07,0.0033305135450288708
9.679e-07,0.0035258255450288704
9.68e-07,0.0033305135450288708
9.681e-07,0.0030023885450288705
9.682e-07,0.0033305135450288708
9.683e-07,0.0044867635450288705
9.684e-07,0.0053305135450288695
9.685e-07,0.00472895054502887
9.686e-07,0.0033305135450288708
9.687e-07,0.0025727005450288704
9.688e-07,0.0033305135450288708
9.689e-07,0.00480707554502887
9.69e-07,0.0053305135450288695
9.691e-07,0.00436176354502887
9.692e-07,0.0033305135450288708
9.693e-07,0.00335395054502887
9.694e-07,0.0033305135450288708
9.695e-07,0.0023305135450288708
9.696e-07,0.0013305135450288707
9.697e-07,0.0018227005450288706
9.698e-07,0.0033305135450288708
9.699e-07,0.004564888545028871
9.7e-07,0.0053305135450288695
9.701e-07,0.00612738854502887
9.702e-07,0.0073305135450288696
9.703e-07,0.00807270554502887
9.704e-07,0.0073305135450288696
9.705e-07,0.0050883255450288704
9.706e-07,0.0033305135450288708
9.707e-07,0.0031742635450288706
9.708e-07,0.0033305135450288708
9.709e-07,0.0023148885450288707
9.71e-07,0.0013305135450288707
9.711e-07,0.0018930135450288704
9.712e-07,0.0033305135450288708
9.713e-07,0.00439301354502887
9.714e-07,0.0053305135450288695
9.715e-07,0.00618988854502887
9.716e-07,0.0053305135450288695
9.717e-07,0.00219770054502887
9.718e-07,-0.0006694874549711296
9.719e-07,-0.0011382374549711296
9.72e-07,-0.0006694874549711296
9.721e-07,-0.0008257374549711296
9.722e-07,-0.0006694874549711296
9.723e-07,0.0012367635450288707
9.724e-07,0.0033305135450288708
9.725e-07,0.0038305135450288704
9.726e-07,0.0033305135450288708
9.727e-07,0.0032836385450288707
9.728e-07,0.0033305135450288708
9.729e-07,0.0029789505450288707
9.73e-07,0.0033305135450288708
9.731e-07,0.004627388545028871
9.732e-07,0.0053305135450288695
9.733e-07,0.00431488854502887
9.734e-07,0.0033305135450288708
9.735e-07,0.003963325545028871
9.736e-07,0.0053305135450288695
9.737e-07,0.0052133255450288706
9.738e-07,0.0033305135450288708
9.739e-07,0.0014008255450288702
9.74e-07,0.0013305135450288707
9.741e-07,0.0032523885450288707
9.742e-07,0.0053305135450288695
9.743e-07,0.0053773885450288696
9.744e-07,0.0033305135450288708
9.745e-07,0.0012992635450288707
9.746e-07,0.0013305135450288707
9.747e-07,0.003408638545028871
9.748e-07,0.0053305135450288695
9.749e-07,0.004627388545028871
9.75e-07,0.0013305135450288707
9.751e-07,-0.0016069874549711296
9.752e-07,-0.0006694874549711296
9.753e-07,0.003994575545028871
9.754e-07,0.0073305135450288696
9.755e-07,0.005650825545028869
9.756e-07,0.0013305135450288707
9.757e-07,-0.0011929244549711295
9.758e-07,-0.0006694874549711296
9.759e-07,0.0013695755450288702
9.76e-07,0.0033305135450288708
9.761e-07,0.004768013545028871
9.762e-07,0.0053305135450288695
9.763e-07,0.00463520054502887
9.764e-07,0.0033305135450288708
9.765e-07,0.0020180135450288705
9.766e-07,0.0013305135450288707
9.767e-07,0.0017445755450288705
9.768e-07,0.0033305135450288708
9.769e-07,0.005002388545028871
9.77e-07,0.0053305135450288695
9.771e-07,0.0036352005450288704
9.772e-07,0.0013305135450288707
9.773e-07,-0.00010698645497112967
9.774e-07,-0.0006694874549711296
9.775e-07,-0.0008257374549711296
9.776e-07,-0.0006694874549711296
9.777e-07,0.00013520054502887038
9.778e-07,0.0013305135450288707
9.779e-07,0.0019945755450288707
9.78e-07,0.0013305135450288707
9.781e-07,-5.2299454971129356e-05
9.782e-07,-0.0006694874549711296
9.783e-07,0.0003148885450288703
9.784e-07,0.0013305135450288707
9.785e-07,0.0008148885450288703
9.786e-07,-0.0006694874549711296
9.787e-07,-0.0013882374549711296
9.788e-07,-0.0006694874549711296
9.789e-07,0.0011273885450288706
9.79e-07,0.0033305135450288708
9.791e-07,0.00501020054502887
9.792e-07,0.0053305135450288695
9.793e-07,0.00427582554502887
9.794e-07,0.0033305135450288708
9.795e-07,0.0033148885450288708
9.796e-07,0.0033305135450288708
9.797e-07,0.002455513545028871
9.798e-07,0.0013305135450288707
9.799e-07,0.0009086385450288704
9.8e-07,0.0013305135450288707
9.801e-07,0.0021273885450288706
9.802e-07,0.0033305135450288708
9.803e-07,0.005158638545028869
9.804e-07,0.0073305135450288696
9.805e-07,0.00843207554502887
9.806e-07,0.0073305135450288696
9.807e-07,0.00412738854502887
9.808e-07,0.0013305135450288707
9.809e-07,0.0006586385450288706
9.81e-07,0.0013305135450288707
9.811e-07,0.0016195755450288704
9.812e-07,0.0013305135450288707
9.813e-07,0.0011352005450288704
9.814e-07,0.0013305135450288707
9.815e-07,0.00154926354502887
9.816e-07,0.0013305135450288707
9.817e-07,0.0011117635450288705
9.818e-07,0.0013305135450288707
9.819e-07,0.0019086385450288704
9.82e-07,0.0013305135450288707
9.821e-07,-0.0007866744549711296
9.822e-07,-0.0026694869881681293
9.823e-07,-0.0024116744549711293
9.824e-07,-0.0006694874549711296
9.825e-07,0.00126020054502887
9.826e-07,0.0033305135450288708
9.827e-07,0.00567426354502887
9.828e-07,0.0073305135450288696
9.829e-07,0.006955513545028869
9.83e-07,0.0053305135450288695
9.831e-07,0.00336957554502887
9.832e-07,0.0013305135450288707
9.833e-07,-0.0004897994549711293
9.834e-07,-0.0006694874549711296
9.835e-07,0.0007367635450288706
9.836e-07,0.0013305135450288707
9.837e-07,2.3885450288704292e-06
9.838e-07,-0.0006694874549711296
9.839e-07,0.0013070755450288701
9.84e-07,0.0033305135450288708
9.841e-07,0.0029086385450288704
9.842e-07,0.0013305135450288707
9.843e-07,0.0009789505450288703
9.844e-07,0.0013305135450288707
9.845e-07,0.0006195755450288704
9.846e-07,-0.0006694874549711296
9.847e-07,-0.0006304244549711294
9.848e-07,0.0013305135450288707
9.849e-07,0.00392426354502887
9.85e-07,0.0053305135450288695
9.851e-07,0.00420551354502887
9.852e-07,0.0013305135450288707
9.853e-07,-0.0009976124549711295
9.854e-07,-0.0006694874549711296
9.855e-07,0.0018148885450288703
9.856e-07,0.0033305135450288708
9.857e-07,0.0018539505450288706
9.858e-07,-0.0006694874549711296
9.859e-07,-0.0014976124549711295
9.86e-07,-0.0006694874549711296
9.861e-07,0.0004164505450288706
9.862e-07,0.0013305135450288707
9.863e-07,0.0019398885450288704
9.864e-07,0.0013305135450288707
9.865e-07,-0.0004038614549711295
9.866e-07,-0.0006694874549711296
9.867e-07,0.00151801354502887
9.868e-07,0.0033305135450288708
9.869e-07,0.002119575545028871
9.87e-07,-0.0006694874549711296
9.871e-07,-0.0023882369549711297
9.872e-07,-0.0026694869881681293
9.873e-07,-0.0026304244849711294
9.874e-07,-0.0026694869881681293
9.875e-07,-0.0020288619549711294
9.876e-07,-0.0006694874549711296
9.877e-07,0.0007836385450288707
9.878e-07,0.0013305135450288707
9.879e-07,0.0006352005450288704
9.88e-07,-0.0006694874549711296
9.881e-07,-0.0013022994549711296
9.882e-07,-0.0006694874549711296
9.883e-07,0.0005180135450288705
9.884e-07,0.0013305135450288707
9.885e-07,0.00129145054502887
9.886e-07,0.0013305135450288707
9.887e-07,0.0021117635450288706
9.888e-07,0.0033305135450288708
9.889e-07,0.00336957554502887
9.89e-07,0.0013305135450288707
9.891e-07,-0.0021069869549711294
9.892e-07,-0.00466948745497113
9.893e-07,-0.0046304244549711295
9.894e-07,-0.0026694869881681293
9.895e-07,-0.0007944874549711295
9.896e-07,-0.0006694874549711296
9.897e-07,-0.0018882369549711297
9.898e-07,-0.0026694869881681293
9.899e-07,-0.0018882369549711297
9.9e-07,-0.0006694874549711296
9.901e-07,-0.0003022994549711296
9.902e-07,-0.0006694874549711296
9.903e-07,-0.0008335494549711296
9.904e-07,-0.0006694874549711296
9.905e-07,-0.0007085494549711295
9.906e-07,-0.0006694874549711296
9.907e-07,-0.0005054244549711293
9.908e-07,-0.0006694874549711296
9.909e-07,-0.0010835494549711296
9.91e-07,-0.0006694874549711296
9.911e-07,0.0007211385450288706
9.912e-07,0.0013305135450288707
9.913e-07,-0.00016167445497112945
9.914e-07,-0.0026694869881681293
9.915e-07,-0.0037944874549711294
9.916e-07,-0.0026694869881681293
9.917e-07,-0.00034136145497112944
9.918e-07,0.0013305135450288707
9.919e-07,0.0014945755450288703
9.92e-07,0.0013305135450288707
9.921e-07,0.0019555135450288704
9.922e-07,0.0033305135450288708
9.923e-07,0.004072700545028871
9.924e-07,0.0033305135450288708
9.925e-07,0.00126020054502887
9.926e-07,-0.0006694874549711296
9.927e-07,-0.0018257369549711296
9.928e-07,-0.0026694869881681293
9.929e-07,-0.0033022994549711296
9.93e-07,-0.0026694869881681293
9.931e-07,-0.0004351114549711295
9.932e-07,0.0013305135450288707
9.933e-07,0.0009398885450288704
9.934e-07,-0.0006694874549711296
9.935e-07,-0.0013257374549711296
9.936e-07,-0.0006694874549711296
9.937e-07,1.0200545028870266e-05
9.938e-07,-0.0006694874549711296
9.939e-07,-0.0023257369549711296
9.94e-07,-0.0026694869881681293
9.941e-07,-0.0007944874549711295
9.942e-07,0.0013305135450288707
9.943e-07,0.0017211385450288702
9.944e-07,0.0013305135450288707
9.945e-07,0.0014086385450288708
9.946e-07,0.0013305135450288707
9.947e-07,-0.0003179244549711296
9.948e-07,-0.0026694869881681293
9.949e-07,-0.0037397994549711296
9.95e-07,-0.0026694869881681293
9.951e-07,-0.0008335494549711296
9.952e-07,-0.0006694874549711296
9.953e-07,-0.0027554244849711295
9.954e-07,-0.00466948745497113
9.955e-07,-0.00420073745497113
9.956e-07,-0.0026694869881681293
9.957e-07,-0.0021538619549711295
9.958e-07,-0.0026694869881681293
9.959e-07,-0.0029116744549711297
9.96e-07,-0.0026694869881681293
9.961e-07,-0.0025601119549711294
9.962e-07,-0.0026694869881681293
9.963e-07,-0.0027085494849711294
9.964e-07,-0.0026694869881681293
9.965e-07,-0.0027085494849711294
9.966e-07,-0.0026694869881681293
9.967e-07,-0.0025991744849711293
9.968e-07,-0.0026694869881681293
9.969e-07,-0.0028022994549711296
9.97e-07,-0.0026694869881681293
9.971e-07,-0.0023569869549711297
9.972e-07,-0.0026694869881681293
9.973e-07,-0.0037944874549711294
9.974e-07,-0.00466948745497113
9.975e-07,-0.00415386245497113
9.976e-07,-0.0026694869881681293
9.977e-07,-0.0013491744549711294
9.978e-07,-0.0006694874549711296
9.979e-07,-0.0005522994549711294
9.98e-07,-0.0006694874549711296
9.981e-07,-0.0008413624549711296
9.982e-07,-0.0006694874549711296
9.983e-07,-0.0004272994549711297
9.984e-07,-0.0006694874549711296
9.985e-07,-0.0017085494549711295
9.986e-07,-0.0026694869881681293
9.987e-07,-0.0029116744549711297
9.988e-07,-0.0026694869881681293
9.989e-07,-0.0025522994549711294
9.99e-07,-0.0026694869881681293
9.991e-07,-0.0027163619849711294
9.992e-07,-0.0026694869881681293
9.993e-07,-0.0025679244549711294
9.994e-07,-0.0026694869881681293
9.995e-07,-0.0027944869549711296
9.996e-07,-0.0026694869881681293
9.997e-07,-0.0023882369549711297
9.998e-07,-0.0026694869881681293
9.999e-07,-0.0033022994549711296
1e-06,-0.0026694869881681293
1.0001e-06,-0.00035698645497112946
1.0002e-06,0.0013305135450288707
1.0003e-06,0.0006039505450288704
1.0004e-06,-0.0006694874549711296
1.0005e-06,-0.0007476124549711295
1.0006e-06,-0.0006694874549711296
1.0007e-06,-0.0018647994549711297
1.0008e-06,-0.0026694869881681293
1.0009e-06,-0.0017085494549711295
1.001e-06,-0.0006694874549711296
1.0011e-06,-0.0014741744549711295
1.0012e-06,-0.0026694869881681293
1.0013e-06,-0.0026694869881681293
1.0014e-06,-0.0026694869881681293
1.0015e-06,-0.0038335494549711297
1.0016e-06,-0.00466948745497113
1.0017e-06,-0.0036851124549711293
1.0018e-06,-0.0026694869881681293
1.0019e-06,-0.0034351119549711293
1.002e-06,-0.00466948745497113
1.0021e-06,-0.004716362454971129
1.0022e-06,-0.00466948745497113
1.0023e-06,-0.00527104945497113
1.0024e-06,-0.00466948745497113
1.0025e-06,-0.0021069869549711294
1.0026e-06,-0.0006694874549711296
1.0027e-06,-0.0025210494549711294
1.0028e-06,-0.00466948745497113
1.0029e-06,-0.004114799454971129
1.003e-06,-0.0026694869881681293
1.0031e-06,-0.0031538619549711295
1.0032e-06,-0.00466948745497113
1.0033e-06,-0.00502886245497113
1.0034e-06,-0.00466948745497113
1.0035e-06,-0.00472417445497113
1.0036e-06,-0.00466948745497113
1.0037e-06,-0.0036616744549711295
1.0038e-06,-0.0026694869881681293
1.0039e-06,-0.0025601119549711294
1.004e-06,-0.0026694869881681293
1.0041e-06,-0.0019897994549711298
1.0042e-06,-0.0006694874549711296
1.0043e-06,1.0200545028870266e-05
1.0044e-06,-0.0006694874549711296
1.0045e-06,-0.0022241744549711296
1.0046e-06,-0.0026694869881681293
1.0047e-06,-0.0015913624549711296
1.0048e-06,-0.0006694874549711296
1.0049e-06,-0.0014351124549711295
1.005e-06,-0.0026694869881681293
1.0051e-06,-0.0029116744549711297
1.0052e-06,-0.0026694869881681293
1.0053e-06,-0.0033491744549711297
1.0054e-06,-0.00466948745497113
1.0055e-06,-0.00527104945497113
1.0056e-06,-0.00466948745497113
1.0057e-06,-0.0034429244549711293
1.0058e-06,-0.0026694869881681293
1.0059e-06,-0.0030835494549711294
1.006e-06,-0.00466948745497113
1.0061e-06,-0.00631011245497113
1.0062e-06,-0.00666948745497113
1.0063e-06,-0.005622612454971129
1.0064e-06,-0.00466948745497113
1.0065e-06,-0.00463823745497113
1.0066e-06,-0.00466948745497113
1.0067e-06,-0.0038022994549711297
1.0068e-06,-0.0026694869881681293
1.0069e-06,-0.0028022994549711296
1.007e-06,-0.00466948745497113
1.0071e-06,-0.00673979945497113
1.0072e-06,-0.00666948745497113
1.0073e-06,-0.00431011245497113
1.0074e-06,-0.0026694869881681293
1.0075e-06,-0.0035913619549711295
1.0076e-06,-0.00466948745497113
1.0077e-06,-0.0037944874549711294
1.0078e-06,-0.0026694869881681293
1.0079e-06,-0.0034819869549711294
1.008e-06,-0.00466948745497113
1.0081e-06,-0.004067924454971129
1.0082e-06,-0.0026694869881681293
1.0083e-06,-0.0029116744549711297
1.0084e-06,-0.00466948745497113
1.0085e-06,-0.006271049454971129
1.0086e-06,-0.00666948745497113
1.0087e-06,-0.005880424454971129
1.0088e-06,-0.00466948745497113
1.0089e-06,-0.00402886245497113
1.009e-06,-0.00466948745497113
1.0091e-06,-0.00607573745497113
1.0092e-06,-0.00666948745497113
1.0093e-06,-0.005794487454971129
1.0094e-06,-0.00466948745497113
1.0095e-06,-0.00443511245497113
1.0096e-06,-0.00466948745497113
1.0097e-06,-0.004606987454971129
1.0098e-06,-0.00466948745497113
1.0099e-06,-0.0055522994549711295
1.01e-06,-0.00666948745497113
1.0101e-06,-0.00698979945497113
1.0102e-06,-0.00666948745497113
1.0103e-06,-0.005989799454971129
1.0104e-06,-0.00466948745497113
1.0105e-06,-0.0030444869549711294
1.0106e-06,-0.0026694869881681293
1.0107e-06,-0.00395854945497113
1.0108e-06,-0.00466948745497113
1.0109e-06,-0.0035913619549711295
1.011e-06,-0.0026694869881681293
1.0111e-06,-0.0036616744549711295
1.0112e-06,-0.00466948745497113
1.0113e-06,-0.0039038624549711295
1.0114e-06,-0.0026694869881681293
1.0115e-06,-0.0031304244549711295
1.0116e-06,-0.00466948745497113
1.0117e-06,-0.005380424454971129
1.0118e-06,-0.00466948745497113
1.0119e-06,-0.0038413624549711294
1.012e-06,-0.00466948745497113
1.0121e-06,-0.0065210494549711295
1.0122e-06,-0.00666948745497113
1.0123e-06,-0.004239799454971129
1.0124e-06,-0.0026694869881681293
1.0125e-06,-0.00438823745497113
1.0126e-06,-0.00666948745497113
1.0127e-06,-0.0058257374549711295
1.0128e-06,-0.0026694869881681293
1.0129e-06,-0.0005210494549711293
1.013e-06,-0.0006694874549711296
1.0131e-06,-0.0019897994549711298
1.0132e-06,-0.0026694869881681293
1.0133e-06,-0.0025913619849711293
1.0134e-06,-0.0026694869881681293
1.0135e-06,-0.0037319874549711293
1.0136e-06,-0.00466948745497113
1.0137e-06,-0.004192924454971129
1.0138e-06,-0.0026694869881681293
1.0139e-06,-0.0018491744549711297
1.014e-06,-0.0026694869881681293
1.0141e-06,-0.00468511245497113
1.0142e-06,-0.00666948745497113
1.0143e-06,-0.007388237454971129
1.0144e-06,-0.00666948745497113
1.0145e-06,-0.00530229945497113
1.0146e-06,-0.00466948745497113
1.0147e-06,-0.00488042445497113
1.0148e-06,-0.00466948745497113
1.0149e-06,-0.0034897994549711294
1.015e-06,-0.0026694869881681293
1.0151e-06,-0.0034272994549711293
1.0152e-06,-0.00466948745497113
1.0153e-06,-0.00495854945497113
1.0154e-06,-0.00466948745497113
1.0155e-06,-0.00468511245497113
1.0156e-06,-0.00466948745497113
1.0157e-06,-0.00431011245497113
1.0158e-06,-0.00466948745497113
1.0159e-06,-0.00602886245497113
1.016e-06,-0.00666948745497113
1.0161e-06,-0.00517729945497113
1.0162e-06,-0.0026694869881681293
1.0163e-06,-0.0011147994549711294
1.0164e-06,-0.0006694874549711296
1.0165e-06,-0.0007163624549711295
1.0166e-06,-0.0006694874549711296
1.0167e-06,-0.0012007374549711295
1.0168e-06,-0.0026694869881681293
1.0169e-06,-0.0048726124549711295
1.017e-06,-0.00666948745497113
1.0171e-06,-0.007185112454971129
1.0172e-06,-0.00666948745497113
1.0173e-06,-0.006192924454971129
1.0174e-06,-0.00666948745497113
1.0175e-06,-0.007325737454971129
1.0176e-06,-0.00666948745497113
1.0177e-06,-0.004333549454971129
1.0178e-06,-0.0026694869881681293
1.0179e-06,-0.0033101119549711296
1.018e-06,-0.00466948745497113
1.0181e-06,-0.00491167445497113
1.0182e-06,-0.00466948745497113
1.0183e-06,-0.00502104945497113
1.0184e-06,-0.00466948745497113
1.0185e-06,-0.0031069869549711295
1.0186e-06,-0.0026694869881681293
1.0187e-06,-0.00483354945497113
1.0188e-06,-0.00666948745497113
1.0189e-06,-0.0058726124549711295
1.019e-06,-0.00466948745497113
1.0191e-06,-0.005474174454971129
1.0192e-06,-0.00666948745497113
1.0193e-06,-0.0059194874549711295
1.0194e-06,-0.00466948745497113
1.0195e-06,-0.00519292445497113
1.0196e-06,-0.00666948745497113
1.0197e-06,-0.007075737454971129
1.0198e-06,-0.00666948745497113
1.0199e-06,-0.00607573745497113
1.02e-06,-0.00466948745497113
1.0201e-06,-0.0027866744549711296
1.0202e-06,-0.0026694869881681293
1.0203e-06,-0.00507573745497113
1.0204e-06,-0.00666948745497113
1.0205e-06,-0.00510698745497113
1.0206e-06,-0.0026694869881681293
1.0207e-06,-0.0026772994879711294
1.0208e-06,-0.00466948745497113
1.0209e-06,-0.00624761245497113
1.021e-06,-0.00666948745497113
1.0211e-06,-0.00666948745497113
1.0212e-06,-0.00666948745497113
1.0213e-06,-0.00654448745497113
1.0214e-06,-0.00666948745497113
1.0215e-06,-0.006474174454971129
1.0216e-06,-0.00466948745497113
1.0217e-06,-0.0017241744549711295
1.0218e-06,-0.0006694874549711296
1.0219e-06,-0.0027163619849711294
1.022e-06,-0.00466948745497113
1.0221e-06,-0.00398979945497113
1.0222e-06,-0.0026694869881681293
1.0223e-06,-0.0033804244549711293
1.0224e-06,-0.00466948745497113
1.0225e-06,-0.00421636245497113
1.0226e-06,-0.0026694869881681293
1.0227e-06,-0.0021304244549711295
1.0228e-06,-0.0026694869881681293
1.0229e-06,-0.0030366744549711294
1.023e-06,-0.0026694869881681293
1.0231e-06,-0.0022710494549711296
1.0232e-06,-0.0026694869881681293
1.0233e-06,-0.0038335494549711297
1.0234e-06,-0.00466948745497113
1.0235e-06,-0.00415386245497113
1.0236e-06,-0.0026694869881681293
1.0237e-06,-0.0017241744549711295
1.0238e-06,-0.0026694869881681293
1.0239e-06,-0.0045835494549711295
1.024e-06,-0.00466948745497113
1.0241e-06,-0.0023022994549711296
1.0242e-06,-0.0006694874549711296
1.0243e-06,-0.0017476119549711296
1.0244e-06,-0.0026694869881681293
1.0245e-06,-0.0008491744549711296
1.0246e-06,0.0013305135450288707
1.0247e-06,0.00032270054502887054
1.0248e-06,-0.0026694869881681293
1.0249e-06,-0.00454448745497113
1.025e-06,-0.00466948745497113
1.0251e-06,-0.00398979945497113
1.0252e-06,-0.0026694869881681293
1.0253e-06,-0.0010679244549711296
1.0254e-06,-0.0006694874549711296
1.0255e-06,-0.0018882369549711297
1.0256e-06,-0.0026694869881681293
1.0257e-06,-0.0016851119549711295
1.0258e-06,-0.0006694874549711296
1.0259e-06,-0.0013804244549711295
1.026e-06,-0.0026694869881681293
1.0261e-06,-0.0029819869549711294
1.0262e-06,-0.0026694869881681293
1.0263e-06,-0.0027944869549711296
1.0264e-06,-0.0026694869881681293
1.0265e-06,-0.0015601124549711296
1.0266e-06,-0.0006694874549711296
1.0267e-06,-0.0012476124549711295
1.0268e-06,-0.0026694869881681293
1.0269e-06,-0.0037944874549711294
1.027e-06,-0.00466948745497113
1.0271e-06,-0.005263237454971129
1.0272e-06,-0.00466948745497113
1.0273e-06,-0.0025835494849711293
1.0274e-06,-0.0006694874549711296
1.0275e-06,-0.00032573645497112943
1.0276e-06,-0.0006694874549711296
1.0277e-06,-0.0006382374549711296
1.0278e-06,-0.0006694874549711296
1.0279e-06,-0.0015913624549711296
1.028e-06,-0.0026694869881681293
1.0281e-06,-0.0029116744549711297
1.0282e-06,-0.0026694869881681293
1.0283e-06,-0.0026382369849711294
1.0284e-06,-0.0026694869881681293
1.0285e-06,-0.0024741744549711293
1.0286e-06,-0.0026694869881681293
1.0287e-06,-0.0031538619549711295
1.0288e-06,-0.0026694869881681293
1.0289e-06,-0.0006616744549711295
1.029e-06,0.0013305135450288707
1.0291e-06,0.0016898885450288702
1.0292e-06,0.0013305135450288707
1.0293e-06,0.0013148885450288707
1.0294e-06,0.0013305135450288707
1.0295e-06,0.00044770054502887065
1.0296e-06,-0.0006694874549711296
1.0297e-06,-0.0015366744549711296
1.0298e-06,-0.0026694869881681293
1.0299e-06,-0.004224174454971129
1.03e-06,-0.00466948745497113
1.0301e-06,-0.0028882369549711297
1.0302e-06,-0.0006694874549711296
1.0303e-06,3.363854502887046e-05
1.0304e-06,-0.0006694874549711296
1.0305e-06,-0.0017085494549711295
1.0306e-06,-0.0026694869881681293
1.0307e-06,-0.0032710494549711296
1.0308e-06,-0.0026694869881681293
1.0309e-06,-0.0006616744549711295
1.031e-06,0.0013305135450288707
1.0311e-06,0.0013930135450288708
1.0312e-06,-0.0006694874549711296
1.0313e-06,-0.0034351119549711293
1.0314e-06,-0.00466948745497113
1.0315e-06,-0.0037788624549711294
1.0316e-06,-0.0026694869881681293
1.0317e-06,-0.0026616744879711294
1.0318e-06,-0.0026694869881681293
1.0319e-06,-0.0016772994549711295
1.032e-06,-0.0006694874549711296
1.0321e-06,-0.0011694874549711294
1.0322e-06,-0.0026694869881681293
1.0323e-06,-0.0033569869549711297
1.0324e-06,-0.0026694869881681293
1.0325e-06,-0.0018726119549711297
1.0326e-06,-0.0026694869881681293
1.0327e-06,-0.00502886245497113
1.0328e-06,-0.00666948745497113
1.0329e-06,-0.0055210494549711294
1.033e-06,-0.0026694869881681293
1.0331e-06,-0.0006304244549711294
1.0332e-06,-0.0006694874549711296
1.0333e-06,-0.0019897994549711298
1.0334e-06,-0.0026694869881681293
1.0335e-06,-0.0019272994549711295
1.0336e-06,-0.0006694874549711296
1.0337e-06,-0.0002632364549711294
1.0338e-06,-0.0006694874549711296
1.0339e-06,-0.0015132374549711295
1.034e-06,-0.0026694869881681293
1.0341e-06,-0.00410698745497113
1.0342e-06,-0.00466948745497113
1.0343e-06,-0.0038179244549711297
1.0344e-06,-0.0026694869881681293
1.0345e-06,-0.0023335494549711296
1.0346e-06,-0.0026694869881681293
1.0347e-06,-0.0027788619549711296
1.0348e-06,-0.0026694869881681293
1.0349e-06,-0.0030366744549711294
1.035e-06,-0.00466948745497113
1.0351e-06,-0.00657573745497113
1.0352e-06,-0.00666948745497113
1.0353e-06,-0.00402104945497113
1.0354e-06,-0.0006694874549711296
1.0355e-06,0.0010414505450288703
1.0356e-06,0.0013305135450288707
1.0357e-06,0.0013461385450288708
1.0358e-06,0.0013305135450288707
1.0359e-06,0.0005648885450288705
1.036e-06,-0.0006694874549711296
1.0361e-06,-0.0018491744549711297
1.0362e-06,-0.0026694869881681293
1.0363e-06,-0.0030679244549711294
1.0364e-06,-0.0026694869881681293
1.0365e-06,-0.0015601124549711296
1.0366e-06,-0.0006694874549711296
1.0367e-06,-0.00045073745497112945
1.0368e-06,-0.0006694874549711296
1.0369e-06,-0.0007163624549711295
1.037e-06,-0.0006694874549711296
1.0371e-06,-0.0007397994549711295
1.0372e-06,-0.0006694874549711296
1.0373e-06,-6.0111454971129626e-05
1.0374e-06,0.0013305135450288707
1.0375e-06,0.0027289505450288705
1.0376e-06,0.0033305135450288708
1.0377e-06,0.0025258255450288703
1.0378e-06,0.0013305135450288707
1.0379e-06,0.00032270054502887054
1.038e-06,-0.0006694874549711296
1.0381e-06,-0.0019116744549711295
1.0382e-06,-0.0026694869881681293
1.0383e-06,-0.0025522994549711294
1.0384e-06,-0.0026694869881681293
1.0385e-06,-0.0036772994549711295
1.0386e-06,-0.00466948745497113
1.0387e-06,-0.004192924454971129
1.0388e-06,-0.0026694869881681293
1.0389e-06,-0.0012007374549711295
1.039e-06,-0.0006694874549711296
1.0391e-06,-0.0007944874549711295
1.0392e-06,-0.0006694874549711296
1.0393e-06,-0.0003179244549711296
1.0394e-06,-0.0006694874549711296
1.0395e-06,-0.0020210494549711294
1.0396e-06,-0.0026694869881681293
1.0397e-06,-0.0017085494549711295
1.0398e-06,-0.0006694874549711296
1.0399e-06,-0.0013491744549711294
1.04e-06,-0.0026694869881681293
1.0401e-06,-0.0030288619549711294
1.0402e-06,-0.0026694869881681293
1.0403e-06,-0.0025288619549711294
1.0404e-06,-0.0026694869881681293
1.0405e-06,-0.0025601119549711294
1.0406e-06,-0.0026694869881681293
1.0407e-06,-0.0035054244549711294
1.0408e-06,-0.00466948745497113
1.0409e-06,-0.005185112454971129
1.041e-06,-0.00466948745497113
1.0411e-06,-0.0030288619549711294
1.0412e-06,-0.0006694874549711296
1.0413e-06,0.0012367635450288707
1.0414e-06,0.0013305135450288707
1.0415e-06,-0.0006069874549711296
1.0416e-06,-0.0026694869881681293
1.0417e-06,-0.0032319869549711296
1.0418e-06,-0.0026694869881681293
1.0419e-06,-0.0023726119549711297
1.042e-06,-0.0026694869881681293
1.0421e-06,-0.0029897994549711294
1.0422e-06,-0.0026694869881681293
1.0423e-06,-0.0017944869549711296
1.0424e-06,-0.0006694874549711296
1.0425e-06,-0.00011479945497112941
1.0426e-06,-0.0006694874549711296
1.0427e-06,-0.0019351119549711295
1.0428e-06,-0.0026694869881681293
1.0429e-06,-0.0025210494549711294
1.043e-06,-0.0026694869881681293
1.0431e-06,-0.004224174454971129
1.0432e-06,-0.00666948745497113
1.0433e-06,-0.007974174454971129
1.0434e-06,-0.00666948745497113
1.0435e-06,-0.0032788619549711296
1.0436e-06,-0.0006694874549711296
1.0437e-06,-0.00035698645497112946
1.0438e-06,-0.0006694874549711296
1.0439e-06,-0.00035698645497112946
1.044e-06,-0.0006694874549711296
1.0441e-06,-0.0027944869549711296
1.0442e-06,-0.00466948745497113
1.0443e-06,-0.00421636245497113
1.0444e-06,-0.0026694869881681293
1.0445e-06,-0.0027163619849711294
1.0446e-06,-0.00466948745497113
1.0447e-06,-0.00666167445497113
1.0448e-06,-0.00666948745497113
1.0449e-06,-0.00452886245497113
1.045e-06,-0.0026694869881681293
1.0451e-06,-0.0024741744549711293
1.0452e-06,-0.0026694869881681293
1.0453e-06,-0.0022085494549711295
1.0454e-06,-0.0026694869881681293
1.0455e-06,-0.0049663624549711296
1.0456e-06,-0.00666948745497113
1.0457e-06,-0.005372612454971129
1.0458e-06,-0.0026694869881681293
1.0459e-06,-0.0016304244549711295
1.046e-06,-0.0026694869881681293
1.0461e-06,-0.0036851124549711293
1.0462e-06,-0.0026694869881681293
1.0463e-06,-8.354945497112938e-05
1.0464e-06,0.0013305135450288707
1.0465e-06,-0.00014604945497112944
1.0466e-06,-0.0026694869881681293
1.0467e-06,-0.0036616744549711295
1.0468e-06,-0.0026694869881681293
1.0469e-06,-0.0012397994549711295
1.047e-06,-0.0006694874549711296
1.0471e-06,-0.0007944874549711295
1.0472e-06,-0.0006694874549711296
1.0473e-06,-0.0003179244549711296
1.0474e-06,-0.0006694874549711296
1.0475e-06,-0.0019897994549711298
1.0476e-06,-0.0026694869881681293
1.0477e-06,-0.0012632374549711295
1.0478e-06,0.0013305135450288707
1.0479e-06,0.00259613854502887
1.048e-06,0.0013305135450288707
1.0481e-06,-0.0013257374549711296
1.0482e-06,-0.0026694869881681293
1.0483e-06,-0.0017163619549711295
1.0484e-06,-0.0006694874549711296
1.0485e-06,-0.0013804244549711295
1.0486e-06,-0.0026694869881681293
1.0487e-06,-0.0023882369549711297
1.0488e-06,-0.0006694874549711296
1.0489e-06,0.0008070755450288705
1.049e-06,0.0013305135450288707
1.0491e-06,0.0013227005450288701
1.0492e-06,0.0013305135450288707
1.0493e-06,0.0013227005450288701
1.0494e-06,0.0013305135450288707
1.0495e-06,0.0007680135450288707
1.0496e-06,-0.0006694874549711296
1.0497e-06,-0.0023101119549711296
1.0498e-06,-0.0026694869881681293
1.0499e-06,-0.0015444874549711296
1.05e-06,-0.0006694874549711296
1.0501e-06,-0.0013882374549711296
1.0502e-06,-0.0026694869881681293
1.0503e-06,-0.0024897994549711294
1.0504e-06,-0.0006694874549711296
1.0505e-06,0.0011664505450288704
1.0506e-06,0.0013305135450288707
1.0507e-06,-0.00046636245497112946
1.0508e-06,-0.0026694869881681293
1.0509e-06,-0.0035210494549711294
1.051e-06,-0.0026694869881681293
1.0511e-06,-0.0012241744549711295
1.0512e-06,-0.0006694874549711296
1.0513e-06,-0.0014663624549711295
1.0514e-06,-0.0026694869881681293
1.0515e-06,-0.0031304244549711295
1.0516e-06,-0.0026694869881681293
1.0517e-06,-0.0017085494549711295
1.0518e-06,-0.0006694874549711296
1.0519e-06,-0.00010698645497112967
1.052e-06,-0.0006694874549711296
1.0521e-06,-0.0020835494549711294
1.0522e-06,-0.0026694869881681293
1.0523e-06,-0.0016694869549711295
1.0524e-06,-0.0006694874549711296
1.0525e-06,-0.0012632374549711295
1.0526e-06,-0.0026694869881681293
1.0527e-06,-0.0032710494549711296
1.0528e-06,-0.0026694869881681293
1.0529e-06,-0.0015991744549711294
1.053e-06,-0.0006694874549711296
1.0531e-06,-0.00023979945497112952
1.0532e-06,-0.0006694874549711296
1.0533e-06,-0.0018335494549711296
1.0534e-06,-0.0026694869881681293
1.0535e-06,-0.0027397994849711295
1.0536e-06,-0.0026694869881681293
1.0537e-06,-0.0028726119549711297
1.0538e-06,-0.0026694869881681293
1.0539e-06,-0.0016382374549711296
1.054e-06,-0.0006694874549711296
1.0541e-06,-0.0010444874549711295
1.0542e-06,-0.0026694869881681293
1.0543e-06,-0.004271049454971129
1.0544e-06,-0.00466948745497113
1.0545e-06,-0.0037866744549711296
1.0546e-06,-0.0026694869881681293
1.0547e-06,-0.0023179244549711296
1.0548e-06,-0.0026694869881681293
1.0549e-06,-0.0029663619549711293
1.055e-06,-0.0026694869881681293
1.0551e-06,-0.0022710494549711296
1.0552e-06,-0.0026694869881681293
1.0553e-06,-0.0038726124549711295
1.0554e-06,-0.00466948745497113
1.0555e-06,-0.00410698745497113
1.0556e-06,-0.0026694869881681293
1.0557e-06,-0.0018804244549711297
1.0558e-06,-0.0026694869881681293
1.0559e-06,-0.004239799454971129
1.056e-06,-0.00466948745497113
1.0561e-06,-0.0035444869549711294
1.0562e-06,-0.0026694869881681293
1.0563e-06,-0.0034351119549711293
1.0564e-06,-0.00466948745497113
1.0565e-06,-0.00443511245497113
1.0566e-06,-0.0026694869881681293
1.0567e-06,-0.0014741744549711295
1.0568e-06,-0.0026694869881681293
1.0569e-06,-0.005396049454971129
1.057e-06,-0.00666948745497113
1.0571e-06,-0.0048882374549711295
1.0572e-06,-0.0026694869881681293
1.0573e-06,-0.0027944869549711296
1.0574e-06,-0.00466948745497113
1.0575e-06,-0.0056304244549711295
1.0576e-06,-0.00466948745497113
1.0577e-06,-0.0025991744849711293
1.0578e-06,-0.0006694874549711296
1.0579e-06,0.0005414505450288703
1.058e-06,0.0013305135450288707
1.0581e-06,0.0016742635450288702
1.0582e-06,0.0013305135450288707
1.0583e-06,0.00015863854502887057
1.0584e-06,-0.0006694874549711296
1.0585e-06,-0.0005835494549711294
1.0586e-06,-0.0006694874549711296
1.0587e-06,-0.0018179244549711296
1.0588e-06,-0.0026694869881681293
1.0589e-06,-0.0019507369549711295
1.059e-06,-0.0006694874549711296
1.0591e-06,0.0001664505450288704
1.0592e-06,0.0013305135450288707
1.0593e-06,0.0030102005450288708
1.0594e-06,0.0033305135450288708
1.0595e-06,0.0011742635450288706
1.0596e-06,-0.0006694874549711296
1.0597e-06,-3.667445497112934e-05
1.0598e-06,0.0013305135450288707
1.0599e-06,0.0007836385450288707
1.06e-06,-0.0006694874549711296
1.0601e-06,-0.0015835494549711296
1.0602e-06,-0.0026694869881681293
1.0603e-06,-0.004396049454971129
1.0604e-06,-0.00466948745497113
1.0605e-06,-0.0023569869549711297
1.0606e-06,-0.0006694874549711296
1.0607e-06,-0.0020601119549711294
1.0608e-06,-0.00466948745497113
1.0609e-06,-0.00533354945497113
1.061e-06,-0.00466948745497113
1.0611e-06,-0.00438823745497113
1.0612e-06,-0.00466948745497113
1.0613e-06,-0.004208549454971129
1.0614e-06,-0.0026694869881681293
1.0615e-06,-0.0006772994549711295
1.0616e-06,0.0013305135450288707
1.0617e-06,0.0027602005450288705
1.0618e-06,0.0033305135450288708
1.0619e-06,0.0027133255450288705
1.062e-06,0.0013305135450288707
1.0621e-06,-0.0007319874549711295
1.0622e-06,-0.0026694869881681293
1.0623e-06,-0.00402104945497113
1.0624e-06,-0.00466948745497113
1.0625e-06,-0.004349174454971129
1.0626e-06,-0.0026694869881681293
1.0627e-06,-0.0006069874549711296
1.0628e-06,-0.0006694874549711296
1.0629e-06,-0.0030913619549711295
1.063e-06,-0.00466948745497113
1.0631e-06,-0.0030679244549711294
1.0632e-06,-0.0006694874549711296
1.0633e-06,-0.0006772994549711295
1.0634e-06,-0.0026694869881681293
1.0635e-06,-0.0038022994549711297
1.0636e-06,-0.0026694869881681293
1.0637e-06,-0.0007944874549711295
1.0638e-06,-0.0006694874549711296
1.0639e-06,-0.0028179244549711296
1.064e-06,-0.00466948745497113
1.0641e-06,-0.0037476124549711293
1.0642e-06,-0.0006694874549711296
1.0643e-06,0.0015727005450288704
1.0644e-06,0.0013305135450288707
1.0645e-06,-0.0008726124549711296
1.0646e-06,-0.0026694869881681293
1.0647e-06,-0.0029351119549711297
1.0648e-06,-0.0026694869881681293
1.0649e-06,-0.0033022994549711296
1.065e-06,-0.00466948745497113
1.0651e-06,-0.00578667445497113
1.0652e-06,-0.00666948745497113
1.0653e-06,-0.007200737454971129
1.0654e-06,-0.00666948745497113
1.0655e-06,-0.0045991744549711295
1.0656e-06,-0.0026694869881681293
1.0657e-06,-0.0021694869549711295
1.0658e-06,-0.0026694869881681293
1.0659e-06,-0.0029585494549711298
1.066e-06,-0.0026694869881681293
1.0661e-06,-0.0024585494549711293
1.0662e-06,-0.0026694869881681293
1.0663e-06,-0.0030210494549711294
1.0664e-06,-0.0026694869881681293
1.0665e-06,-0.0015601124549711296
1.0666e-06,-0.0006694874549711296
1.0667e-06,-0.0011538624549711294
1.0668e-06,-0.0026694869881681293
1.0669e-06,-0.00410698745497113
1.067e-06,-0.00466948745497113
1.0671e-06,-0.00413823745497113
1.0672e-06,-0.0026694869881681293
1.0673e-06,-0.0011069874549711296
1.0674e-06,-0.0006694874549711296
1.0675e-06,-0.0017163619549711295
1.0676e-06,-0.0026694869881681293
1.0677e-06,-0.0026069869849711293
1.0678e-06,-0.0026694869881681293
1.0679e-06,-0.0037476124549711293
1.068e-06,-0.00466948745497113
1.0681e-06,-0.004505424454971129
1.0682e-06,-0.00466948745497113
1.0683e-06,-0.00599761245497113
1.0684e-06,-0.00666948745497113
1.0685e-06,-0.0049194874549711295
1.0686e-06,-0.0026694869881681293
1.0687e-06,-0.0020522994549711294
1.0688e-06,-0.0026694869881681293
1.0689e-06,-0.0029116744549711297
1.069e-06,-0.0026694869881681293
1.0691e-06,-0.0026616744879711294
1.0692e-06,-0.0026694869881681293
1.0693e-06,-0.0020210494549711294
1.0694e-06,-0.0006694874549711296
1.0695e-06,0.0006742635450288706
1.0696e-06,0.0013305135450288707
1.0697e-06,0.0007289505450288705
1.0698e-06,-0.0006694874549711296
1.0699e-06,-0.0020679244549711294
1.07e-06,-0.0026694869881681293
1.0701e-06,-0.0021772994549711295
1.0702e-06,-0.0006694874549711296
1.0703e-06,0.0008930135450288704
1.0704e-06,0.0013305135450288707
1.0705e-06,0.0003148885450288703
1.0706e-06,-0.0006694874549711296
1.0707e-06,-0.0006851124549711297
1.0708e-06,-0.0006694874549711296
1.0709e-06,-0.0016226124549711296
1.071e-06,-0.0026694869881681293
1.0711e-06,-0.0027944869549711296
1.0712e-06,-0.0026694869881681293
1.0713e-06,-0.0029507369549711298
1.0714e-06,-0.0026694869881681293
1.0715e-06,-0.0012788624549711295
1.0716e-06,-0.0006694874549711296
1.0717e-06,-0.0017710494549711296
1.0718e-06,-0.0026694869881681293
1.0719e-06,-0.0017476119549711296
1.072e-06,-0.0006694874549711296
1.0721e-06,-0.0013101124549711296
1.0722e-06,-0.0026694869881681293
1.0723e-06,-0.0025132369549711294
1.0724e-06,-0.0006694874549711296
1.0725e-06,0.0010492635450288705
1.0726e-06,0.0013305135450288707
1.0727e-06,0.00021332554502887045
1.0728e-06,-0.0006694874549711296
1.0729e-06,-0.00016167445497112945
1.073e-06,0.0013305135450288707
1.0731e-06,0.002166450545028871
1.0732e-06,0.0013305135450288707
1.0733e-06,-0.0008257374549711296
1.0734e-06,-0.0026694869881681293
1.0735e-06,-0.0031147994549711295
1.0736e-06,-0.0026694869881681293
1.0737e-06,-0.0019038619549711295
1.0738e-06,-0.0006694874549711296
1.0739e-06,0.0008852005450288706
1.074e-06,0.0013305135450288707
1.0741e-06,0.00011957554502887036
1.0742e-06,-0.0006694874549711296
1.0743e-06,0.00032270054502887054
1.0744e-06,0.0013305135450288707
1.0745e-06,0.0005336385450288705
1.0746e-06,-0.0006694874549711296
1.0747e-06,-0.0007476124549711295
1.0748e-06,-0.0006694874549711296
1.0749e-06,-0.0017476119549711296
1.075e-06,-0.0026694869881681293
1.0751e-06,-0.0019429244549711295
1.0752e-06,-0.0006694874549711296
1.0753e-06,-0.00036479945497112963
1.0754e-06,-0.0006694874549711296
1.0755e-06,-0.0006772994549711295
1.0756e-06,-0.0006694874549711296
1.0757e-06,-0.0014351124549711295
1.0758e-06,-0.0026694869881681293
1.0759e-06,-0.0032710494549711296
1.076e-06,-0.0026694869881681293
1.0761e-06,-0.0013569874549711296
1.0762e-06,-0.0006694874549711296
1.0763e-06,-0.0013569874549711296
1.0764e-06,-0.0026694869881681293
1.0765e-06,-0.0032007369549711296
1.0766e-06,-0.0026694869881681293
1.0767e-06,-0.0015522994549711296
1.0768e-06,-0.0006694874549711296
1.0769e-06,-0.0003882364549711295
1.077e-06,-0.0006694874549711296
1.0771e-06,-0.0010679244549711296
1.0772e-06,-0.0006694874549711296
1.0773e-06,0.0004867635450288704
1.0774e-06,0.0013305135450288707
1.0775e-06,0.0012133255450288705
1.0776e-06,0.0013305135450288707
1.0777e-06,0.0018773885450288704
1.0778e-06,0.0013305135450288707
1.0779e-06,-0.0009976124549711295
1.078e-06,-0.0026694869881681293
1.0781e-06,-0.0018647994549711297
1.0782e-06,-0.0006694874549711296
1.0783e-06,-0.0013101124549711296
1.0784e-06,-0.0026694869881681293
1.0785e-06,-0.0023882369549711297
1.0786e-06,-0.0006694874549711296
1.0787e-06,0.0008383255450288706
1.0788e-06,0.0013305135450288707
1.0789e-06,0.00124457554502887
1.079e-06,0.0013305135450288707
1.0791e-06,0.0014867635450288709
1.0792e-06,0.0013305135450288707
1.0793e-06,0.0004789505450288707
1.0794e-06,-0.0006694874549711296
1.0795e-06,-0.0012241744549711295
1.0796e-06,-0.0006694874549711296
1.0797e-06,8.832554502887034e-05
1.0798e-06,-0.0006694874549711296
1.0799e-06,-0.0025522994549711294
1.08e-06,-0.0026694869881681293
1.0801e-06,0.0003617635450288703
1.0802e-06,0.0033305135450288708
1.0803e-06,0.003166450545028871
1.0804e-06,0.0013305135450288707
1.0805e-06,0.0006508255450288704
1.0806e-06,0.0013305135450288707
1.0807e-06,0.0016195755450288704
1.0808e-06,0.0013305135450288707
1.0809e-06,0.0012055135450288706
1.081e-06,0.0013305135450288707
1.0811e-06,0.0013148885450288707
1.0812e-06,0.0013305135450288707
1.0813e-06,0.0009320755450288707
1.0814e-06,-0.0006694874549711296
1.0815e-06,-0.0026382369849711294
1.0816e-06,-0.0026694869881681293
1.0817e-06,0.00030707554502887053
1.0818e-06,0.0033305135450288708
1.0819e-06,0.0034164505450288703
1.082e-06,0.0013305135450288707
1.0821e-06,-0.00035698645497112946
1.0822e-06,-0.0006694874549711296
1.0823e-06,0.0004867635450288704
1.0824e-06,0.0033305135450288708
1.0825e-06,0.00661957554502887
1.0826e-06,0.0073305135450288696
1.0827e-06,0.00428363854502887
1.0828e-06,0.0013305135450288707
1.0829e-06,0.0014945755450288703
1.083e-06,0.0033305135450288708
1.0831e-06,0.0039008255450288707
1.0832e-06,0.0033305135450288708
1.0833e-06,0.003119575545028871
1.0834e-06,0.0033305135450288708
1.0835e-06,0.0028227005450288706
1.0836e-06,0.0013305135450288707
1.0837e-06,-0.0001382364549711297
1.0838e-06,-0.0006694874549711296
1.0839e-06,0.0001664505450288704
1.084e-06,0.0013305135450288707
1.0841e-06,0.0021742635450288706
1.0842e-06,0.0033305135450288708
1.0843e-06,0.004877388545028871
1.0844e-06,0.0053305135450288695
1.0845e-06,0.004072700545028871
1.0846e-06,0.0033305135450288708
1.0847e-06,0.00437738854502887
1.0848e-06,0.0053305135450288695
1.0849e-06,0.0038930135450288704
1.085e-06,0.0013305135450288707
1.0851e-06,0.00025238854502887065
1.0852e-06,0.0013305135450288707
1.0853e-06,0.0029008255450288707
1.0854e-06,0.0033305135450288708
1.0855e-06,0.00236957554502887
1.0856e-06,0.0013305135450288707
1.0857e-06,0.0016352005450288704
1.0858e-06,0.0033305135450288708
1.0859e-06,0.004564888545028871
1.086e-06,0.0033305135450288708
1.0861e-06,-0.00010698645497112967
1.0862e-06,-0.0026694869881681293
1.0863e-06,-0.0022476119549711296
1.0864e-06,-0.0006694874549711296
1.0865e-06,-0.0002241744549711295
1.0866e-06,-0.0006694874549711296
1.0867e-06,-0.0006382374549711296
1.0868e-06,-0.0006694874549711296
1.0869e-06,-0.0011304244549711294
1.087e-06,-0.0006694874549711296
1.0871e-06,0.00153363854502887
1.0872e-06,0.0033305135450288708
1.0873e-06,0.0027367635450288703
1.0874e-06,0.0013305135450288707
1.0875e-06,0.0009633255450288707
1.0876e-06,0.0013305135450288707
1.0877e-06,0.0012523885450288707
1.0878e-06,0.0013305135450288707
1.0879e-06,0.0018852005450288706
1.088e-06,0.0013305135450288707
1.0881e-06,-0.0009663624549711295
1.0882e-06,-0.0026694869881681293
1.0883e-06,-0.00201323695497113
1.0884e-06,-0.0006694874549711296
1.0885e-06,-0.0005132374549711295
1.0886e-06,-0.0006694874549711296
1.0887e-06,0.0007211385450288706
1.0888e-06,0.0033305135450288708
1.0889e-06,0.004752388545028871
1.089e-06,0.0033305135450288708
1.0891e-06,-0.00018511145497112974
1.0892e-06,-0.0026694869881681293
1.0893e-06,-0.0023022994549711296
1.0894e-06,-0.0006694874549711296
1.0895e-06,-0.00017729945497112947
1.0896e-06,-0.0006694874549711296
1.0897e-06,-0.0008413624549711296
1.0898e-06,-0.0006694874549711296
1.0899e-06,-0.0006616744549711295
1.09e-06,-0.0006694874549711296
1.0901e-06,-0.0003882364549711295
1.0902e-06,-0.0006694874549711296
1.0903e-06,-0.0017944869549711296
1.0904e-06,-0.0026694869881681293
1.0905e-06,-0.0021147994549711295
1.0906e-06,-0.0006694874549711296
1.0907e-06,0.0006117635450288705
1.0908e-06,0.0013305135450288707
1.0909e-06,0.00156488854502887
1.091e-06,0.0013305135450288707
1.0911e-06,0.0009242635450288704
1.0912e-06,0.0013305135450288707
1.0913e-06,0.0026039505450288704
1.0914e-06,0.0033305135450288708
1.0915e-06,0.002455513545028871
1.0916e-06,0.0013305135450288707
1.0917e-06,0.0011664505450288704
1.0918e-06,0.0013305135450288707
1.0919e-06,0.0010570755450288703
1.092e-06,0.0013305135450288707
1.0921e-06,0.0026195755450288704
1.0922e-06,0.0033305135450288708
1.0923e-06,0.0023148885450288707
1.0924e-06,0.0013305135450288707
1.0925e-06,0.0020414505450288708
1.0926e-06,0.0033305135450288708
1.0927e-06,0.003119575545028871
1.0928e-06,0.0013305135450288707
1.0929e-06,-0.0004272994549711297
1.093e-06,-0.0006694874549711296
1.0931e-06,0.00044770054502887065
1.0932e-06,0.0013305135450288707
1.0933e-06,0.0012523885450288707
1.0934e-06,0.0013305135450288707
1.0935e-06,0.002439888545028871
1.0936e-06,0.0033305135450288708
1.0937e-06,0.00264301354502887
1.0938e-06,0.0013305135450288707
1.0939e-06,0.0009711385450288704
1.094e-06,0.0013305135450288707
1.0941e-06,0.0014164505450288702
1.0942e-06,0.0013305135450288707
1.0943e-06,0.0014477005450288702
1.0944e-06,0.0013305135450288707
1.0945e-06,0.0008930135450288704
1.0946e-06,0.0013305135450288707
1.0947e-06,0.0027680135450288703
1.0948e-06,0.0033305135450288708
1.0949e-06,0.0020492635450288705
1.095e-06,0.0013305135450288707
1.0951e-06,0.00251801354502887
1.0952e-06,0.0033305135450288708
1.0953e-06,0.0016352005450288704
1.0954e-06,-0.0006694874549711296
1.0955e-06,-0.0010757374549711296
1.0956e-06,-0.0006694874549711296
1.0957e-06,-0.0014194874549711294
1.0958e-06,-0.0026694869881681293
1.0959e-06,-0.0024194869549711293
1.096e-06,-0.0006694874549711296
1.0961e-06,0.0014789505450288703
1.0962e-06,0.0033305135450288708
1.0963e-06,0.00426020054502887
1.0964e-06,0.0033305135450288708
1.0965e-06,0.0008773885450288703
1.0966e-06,-0.0006694874549711296
1.0967e-06,-0.0004897994549711293
1.0968e-06,-0.0006694874549711296
1.0969e-06,-0.0022632369549711296
1.097e-06,-0.0026694869881681293
1.0971e-06,1.0200545028870266e-05
1.0972e-06,0.0033305135450288708
1.0973e-06,0.0036742635450288702
1.0974e-06,0.0013305135450288707
1.0975e-06,-0.0007632374549711295
1.0976e-06,-0.0006694874549711296
1.0977e-06,0.0008070755450288705
1.0978e-06,0.0013305135450288707
1.0979e-06,-0.0003022994549711296
1.098e-06,-0.0026694869881681293
1.0981e-06,-0.0035601119549711294
1.0982e-06,-0.0026694869881681293
1.0983e-06,-0.0012710494549711296
1.0984e-06,-0.0006694874549711296
1.0985e-06,-0.0007866744549711296
1.0986e-06,-0.0006694874549711296
1.0987e-06,0.00022895054502887046
1.0988e-06,0.0013305135450288707
1.0989e-06,0.0017211385450288702
1.099e-06,0.0013305135450288707
1.0991e-06,0.0005258255450288703
1.0992e-06,-0.0006694874549711296
1.0993e-06,-0.0020991744549711294
1.0994e-06,-0.0026694869881681293
1.0995e-06,-0.0018960494549711295
1.0996e-06,-0.0006694874549711296
1.0997e-06,0.00023676354502887064
1.0998e-06,0.0013305135450288707
1.0999e-06,0.0027133255450288705
1.1e-06,0.0033305135450288708
1.1001e-06,0.0019555135450288704
1.1002e-06,-0.0006694874549711296
1.1003e-06,-0.0026304244849711294
1.1004e-06,-0.0026694869881681293
1.1005e-06,-0.0013491744549711294
1.1006e-06,-0.0006694874549711296
1.1007e-06,-0.0015835494549711296
1.1008e-06,-0.0026694869881681293
1.1009e-06,-0.0022007369549711295
1.101e-06,-0.0006694874549711296
1.1011e-06,0.0006430135450288706
1.1012e-06,0.0013305135450288707
1.1013e-06,0.0015727005450288704
1.1014e-06,0.0013305135450288707
1.1015e-06,0.00039301354502887034
1.1016e-06,-0.0006694874549711296
1.1017e-06,-0.0010757374549711296
1.1018e-06,-0.0006694874549711296
1.1019e-06,-0.00021636145497112933
1.102e-06,-0.0006694874549711296
1.1021e-06,-0.0020210494549711294
1.1022e-06,-0.0026694869881681293
1.1023e-06,-0.0013179244549711296
1.1024e-06,0.0013305135450288707
1.1025e-06,0.0033148885450288708
1.1026e-06,0.0033305135450288708
1.1027e-06,0.0014789505450288703
1.1028e-06,-0.0006694874549711296
1.1029e-06,-0.0020288619549711294
1.103e-06,-0.0026694869881681293
1.1031e-06,-0.0029038619549711297
1.1032e-06,-0.0026694869881681293
1.1033e-06,-0.0017476119549711296
1.1034e-06,-0.0006694874549711296
1.1035e-06,-0.00021636145497112933
1.1036e-06,-0.0006694874549711296
1.1037e-06,-0.0011616744549711295
1.1038e-06,-0.0006694874549711296
1.1039e-06,0.0006977005450288704
1.104e-06,0.0013305135450288707
1.1041e-06,0.00029926354502887026
1.1042e-06,-0.0006694874549711296
1.1043e-06,-7.573645497112964e-05
1.1044e-06,0.0013305135450288707
1.1045e-06,0.0018070755450288706
1.1046e-06,0.0013305135450288707
1.1047e-06,0.0004867635450288704
1.1048e-06,-0.0006694874549711296
1.1049e-06,-0.0020757369549711294
1.105e-06,-0.0026694869881681293
1.1051e-06,-0.0018257369549711296
1.1052e-06,-0.0006694874549711296
1.1053e-06,-0.00035698645497112946
1.1054e-06,-0.0006694874549711296
1.1055e-06,-0.0008022994549711296
1.1056e-06,-0.0006694874549711296
1.1057e-06,-0.0005991744549711294
1.1058e-06,-0.0006694874549711296
1.1059e-06,-0.0007085494549711295
1.106e-06,-0.0006694874549711296
1.1061e-06,-0.0006694874549711296
1.1062e-06,-0.0006694874549711296
1.1063e-06,-0.0006694874549711296
1.1064e-06,-0.0006694874549711296
1.1065e-06,-0.0006382374549711296
1.1066e-06,-0.0006694874549711296
1.1067e-06,-0.0007163624549711295
1.1068e-06,-0.0006694874549711296
1.1069e-06,-0.0006226124549711296
1.107e-06,-0.0006694874549711296
1.1071e-06,-0.0007554244549711295
1.1072e-06,-0.0006694874549711296
1.1073e-06,-3.667445497112934e-05
1.1074e-06,0.0013305135450288707
1.1075e-06,0.00229145054502887
1.1076e-06,0.0013305135450288707
1.1077e-06,-0.0013179244549711296
1.1078e-06,-0.0026694869881681293
1.1079e-06,-0.0010991744549711296
1.108e-06,0.0013305135450288707
1.1081e-06,0.0014867635450288709
1.1082e-06,-0.0006694874549711296
1.1083e-06,-0.0027241744849711294
1.1084e-06,-0.0026694869881681293
1.1085e-06,-0.0011147994549711294
1.1086e-06,-0.0006694874549711296
1.1087e-06,-0.0024976119549711294
1.1088e-06,-0.00466948745497113
1.1089e-06,-0.004606987454971129
1.109e-06,-0.0026694869881681293
1.1091e-06,-0.0009194874549711294
1.1092e-06,-0.0006694874549711296
1.1093e-06,-0.0015522994549711296
1.1094e-06,-0.0026694869881681293
1.1095e-06,-0.0031616744549711295
1.1096e-06,-0.0026694869881681293
1.1097e-06,-0.0015444874549711296
1.1098e-06,-0.0006694874549711296
1.1099e-06,-0.0005444874549711295
1.11e-06,-0.0006694874549711296
1.1101e-06,-0.0006851124549711297
1.1102e-06,-0.0006694874549711296
1.1103e-06,-0.0007241744549711295
1.1104e-06,-0.0006694874549711296
1.1105e-06,-0.00046636245497112946
1.1106e-06,-0.0006694874549711296
1.1107e-06,-0.0016929244549711295
1.1108e-06,-0.0026694869881681293
1.1109e-06,-0.0024585494549711293
1.111e-06,-0.0006694874549711296
1.1111e-06,0.0017602005450288705
1.1112e-06,0.0033305135450288708
1.1113e-06,0.0030258255450288708
1.1114e-06,0.0013305135450288707
1.1115e-06,-0.0008335494549711296
1.1116e-06,-0.0026694869881681293
1.1117e-06,-0.0039663624549711295
1.1118e-06,-0.00466948745497113
1.1119e-06,-0.004333549454971129
1.112e-06,-0.0026694869881681293
1.1121e-06,-0.00014604945497112944
1.1122e-06,0.0013305135450288707
1.1123e-06,0.0007836385450288707
1.1124e-06,-0.0006694874549711296
1.1125e-06,-0.0017085494549711295
1.1126e-06,-0.0026694869881681293
1.1127e-06,-0.0035679244549711294
1.1128e-06,-0.0026694869881681293
1.1129e-06,0.0005648885450288705
1.113e-06,0.0033305135450288708
1.1131e-06,0.0030336385450288705
1.1132e-06,0.0013305135450288707
1.1133e-06,0.0002836385450288707
1.1134e-06,-0.0006694874549711296
1.1135e-06,-0.0022241744549711296
1.1136e-06,-0.0026694869881681293
1.1137e-06,-0.0007710494549711296
1.1138e-06,0.0013305135450288707
1.1139e-06,0.0011117635450288705
1.114e-06,-0.0006694874549711296
1.1141e-06,-0.0016304244549711295
1.1142e-06,-0.0006694874549711296
1.1143e-06,0.0010102005450288703
1.1144e-06,0.0013305135450288707
1.1145e-06,4.1450545028870293e-05
1.1146e-06,-0.0006694874549711296
1.1147e-06,0.00039301354502887034
1.1148e-06,0.0013305135450288707
1.1149e-06,-2.88614549711296e-05
1.115e-06,-0.0026694869881681293
1.1151e-06,-0.0037944874549711294
1.1152e-06,-0.0026694869881681293
1.1153e-06,-0.00039604945497112966
1.1154e-06,0.0013305135450288707
1.1155e-06,0.0017367635450288702
1.1156e-06,0.0013305135450288707
1.1157e-06,0.0010336385450288705
1.1158e-06,0.0013305135450288707
1.1159e-06,0.0020961385450288706
1.116e-06,0.0033305135450288708
1.1161e-06,0.004135200545028871
1.1162e-06,0.0033305135450288708
1.1163e-06,0.0008148885450288703
1.1164e-06,-0.0006694874549711296
1.1165e-06,0.0002445755450288705
1.1166e-06,0.0013305135450288707
1.1167e-06,0.0006039505450288704
1.1168e-06,-0.0006694874549711296
1.1169e-06,-0.0007163624549711295
1.117e-06,-0.0006694874549711296
1.1171e-06,-0.0017554244549711296
1.1172e-06,-0.0026694869881681293
1.1173e-06,-0.0013804244549711295
1.1174e-06,0.0013305135450288707
1.1175e-06,0.0032367635450288707
1.1176e-06,0.0033305135450288708
1.1177e-06,0.0021273885450288706
1.1178e-06,0.0013305135450288707
1.1179e-06,0.0013695755450288702
1.118e-06,0.0013305135450288707
1.1181e-06,0.0004008255450288706
1.1182e-06,-0.0006694874549711296
1.1183e-06,-0.0009819874549711295
1.1184e-06,-0.0006694874549711296
1.1185e-06,-0.0009976124549711295
1.1186e-06,-0.0026694869881681293
1.1187e-06,-0.004036674454971129
1.1188e-06,-0.0026694869881681293
1.1189e-06,0.0012055135450288706
1.119e-06,0.0033305135450288708
1.1191e-06,0.0010336385450288705
1.1192e-06,-0.0026694869881681293
1.1193e-06,-0.0032788619549711296
1.1194e-06,-0.0006694874549711296
1.1195e-06,0.0017367635450288702
1.1196e-06,0.0013305135450288707
1.1197e-06,-0.0012163624549711295
1.1198e-06,-0.0026694869881681293
1.1199e-06,-0.0012476124549711295
1.12e-06,0.0013305135450288707
1.1201e-06,0.00229145054502887
1.1202e-06,0.0013305135450288707
1.1203e-06,-3.667445497112934e-05
1.1204e-06,-0.0006694874549711296
1.1205e-06,-0.0007944874549711295
1.1206e-06,-0.0006694874549711296
1.1207e-06,-0.0006147994549711294
1.1208e-06,-0.0006694874549711296
1.1209e-06,-0.0007632374549711295
1.121e-06,-0.0006694874549711296
1.1211e-06,-0.0005601124549711295
1.1212e-06,-0.0006694874549711296
1.1213e-06,-0.0013179244549711296
1.1214e-06,-0.0026694869881681293
1.1215e-06,-0.004114799454971129
1.1216e-06,-0.00466948745497113
1.1217e-06,-0.0038335494549711297
1.1218e-06,-0.0026694869881681293
1.1219e-06,-0.0022710494549711296
1.122e-06,-0.0026694869881681293
1.1221e-06,-0.0029663619549711293
1.1222e-06,-0.0026694869881681293
1.1223e-06,-0.0017632369549711296
1.1224e-06,-0.0006694874549711296
1.1225e-06,-0.00017729945497112947
1.1226e-06,-0.0006694874549711296
1.1227e-06,-0.0018804244549711297
1.1228e-06,-0.0026694869881681293
1.1229e-06,-0.0021616744549711295
1.123e-06,-0.0006694874549711296
1.1231e-06,0.0003305135450288703
1.1232e-06,-0.0006694874549711296
1.1233e-06,-0.0032944869549711296
1.1234e-06,-0.00466948745497113
1.1235e-06,-0.0032163619549711296
1.1236e-06,-0.0006694874549711296
1.1237e-06,0.0007602005450288705
1.1238e-06,0.0013305135450288707
1.1239e-06,0.0018148885450288703
1.124e-06,0.0013305135450288707
1.1241e-06,-0.0012476124549711295
1.1242e-06,-0.00466948745497113
1.1243e-06,-0.00668511245497113
1.1244e-06,-0.00666948745497113
1.1245e-06,-0.00502104945497113
1.1246e-06,-0.0026694869881681293
1.1247e-06,-0.00035698645497112946
1.1248e-06,0.0013305135450288707
1.1249e-06,0.0019008255450288706
1.125e-06,0.0013305135450288707
1.1251e-06,0.0001508255450288704
1.1252e-06,-0.0006694874549711296
1.1253e-06,-0.0007788624549711295
1.1254e-06,-0.0006694874549711296
1.1255e-06,-0.0013726124549711296
1.1256e-06,-0.0026694869881681293
1.1257e-06,-0.0035132369549711294
1.1258e-06,-0.0026694869881681293
1.1259e-06,-0.0003022994549711296
1.126e-06,0.0013305135450288707
1.1261e-06,0.0008070755450288705
1.1262e-06,-0.0006694874549711296
1.1263e-06,-0.0016382374549711296
1.1264e-06,-0.0026694869881681293
1.1265e-06,-0.0036694874549711293
1.1266e-06,-0.0026694869881681293
1.1267e-06,0.0008227005450288706
1.1268e-06,0.0033305135450288708
1.1269e-06,0.0019633255450288707
1.127e-06,-0.0006694874549711296
1.1271e-06,-0.0009116744549711295
1.1272e-06,0.0013305135450288707
1.1273e-06,0.00332270054502887
1.1274e-06,0.0033305135450288708
1.1275e-06,0.0014555135450288709
1.1276e-06,-0.0006694874549711296
1.1277e-06,-0.00200542445497113
1.1278e-06,-0.0026694869881681293
1.1279e-06,-0.0029116744549711297
1.128e-06,-0.0026694869881681293
1.1281e-06,-0.0016304244549711295
1.1282e-06,-0.0006694874549711296
1.1283e-06,-0.0004819874549711295
1.1284e-06,-0.0006694874549711296
1.1285e-06,-0.00011479945497112941
1.1286e-06,0.0013305135450288707
1.1287e-06,0.0028461385450288704
1.1288e-06,0.0033305135450288708
1.1289e-06,0.002408638545028871
1.129e-06,0.0013305135450288707
1.1291e-06,0.0010102005450288703
1.1292e-06,0.0013305135450288707
1.1293e-06,0.0014242635450288708
1.1294e-06,0.0013305135450288707
1.1295e-06,0.00129145054502887
1.1296e-06,0.0013305135450288707
1.1297e-06,0.00127582554502887
1.1298e-06,0.0013305135450288707
1.1299e-06,0.0014867635450288709
1.13e-06,0.0013305135450288707
1.1301e-06,0.0005258255450288703
1.1302e-06,-0.0006694874549711296
1.1303e-06,-0.0013804244549711295
1.1304e-06,-0.0006694874549711296
1.1305e-06,0.0009555135450288704
1.1306e-06,0.0013305135450288707
1.1307e-06,-4.448645497112961e-05
1.1308e-06,-0.0006694874549711296
1.1309e-06,0.0006508255450288704
1.131e-06,0.0013305135450288707
1.1311e-06,-0.0006304244549711294
1.1312e-06,-0.0026694869881681293
1.1313e-06,-0.0015991744549711294
1.1314e-06,0.0013305135450288707
1.1315e-06,0.00267426354502887
1.1316e-06,0.0013305135450288707
1.1317e-06,-0.0011538624549711294
1.1318e-06,-0.0026694869881681293
1.1319e-06,-0.0022710494549711296
1.132e-06,-0.0006694874549711296
1.1321e-06,0.0007445755450288705
1.1322e-06,0.0013305135450288707
1.1323e-06,0.0013461385450288708
1.1324e-06,0.0013305135450288707
1.1325e-06,0.0013539505450288702
1.1326e-06,0.0013305135450288707
1.1327e-06,0.0008148885450288703
1.1328e-06,-0.0006694874549711296
1.1329e-06,-0.0024194869549711293
1.133e-06,-0.0026694869881681293
1.1331e-06,-0.0008257374549711296
1.1332e-06,0.0013305135450288707
1.1333e-06,0.0019555135450288704
1.1334e-06,0.0013305135450288707
1.1335e-06,0.0008773885450288703
1.1336e-06,0.0013305135450288707
1.1337e-06,0.0018461385450288703
1.1338e-06,0.0013305135450288707
1.1339e-06,-6.792445497112937e-05
1.134e-06,-0.0006694874549711296
1.1341e-06,0.00025238854502887065
1.1342e-06,0.0013305135450288707
1.1343e-06,0.0008461385450288703
1.1344e-06,-0.0006694874549711296
1.1345e-06,-0.0013960494549711295
1.1346e-06,-0.0006694874549711296
1.1347e-06,0.0007211385450288706
1.1348e-06,0.0013305135450288707
1.1349e-06,0.0006117635450288705
1.135e-06,-0.0006694874549711296
1.1351e-06,-0.0012397994549711295
1.1352e-06,-0.0006694874549711296
1.1353e-06,0.0004867635450288704
1.1354e-06,0.0013305135450288707
1.1355e-06,0.0015258255450288703
1.1356e-06,0.0013305135450288707
1.1357e-06,0.0011977005450288705
1.1358e-06,0.0013305135450288707
1.1359e-06,0.0014555135450288709
1.136e-06,0.0013305135450288707
1.1361e-06,0.0010961385450288705
1.1362e-06,0.0013305135450288707
1.1363e-06,0.0022055135450288707
1.1364e-06,0.0033305135450288708
1.1365e-06,0.0038383255450288706
1.1366e-06,0.0033305135450288708
1.1367e-06,0.002166450545028871
1.1368e-06,0.0013305135450288707
1.1369e-06,0.0011820755450288704
1.137e-06,0.0013305135450288707
1.1371e-06,0.00129145054502887
1.1372e-06,0.0013305135450288707
1.1373e-06,0.0020023885450288705
1.1374e-06,0.0033305135450288708
1.1375e-06,0.00419770054502887
1.1376e-06,0.0033305135450288708
1.1377e-06,0.0010023885450288705
1.1378e-06,-0.0006694874549711296
1.1379e-06,-0.0001538614549711297
1.138e-06,0.0013305135450288707
1.1381e-06,0.0018617635450288703
1.1382e-06,0.0013305135450288707
1.1383e-06,0.0008930135450288704
1.1384e-06,0.0013305135450288707
1.1385e-06,0.002424263545028871
1.1386e-06,0.0033305135450288708
1.1387e-06,0.00356488854502887
1.1388e-06,0.0033305135450288708
1.1389e-06,0.0026508255450288704
1.139e-06,0.0013305135450288707
1.1391e-06,-0.00023979945497112952
1.1392e-06,-0.0006694874549711296
1.1393e-06,0.0010023885450288705
1.1394e-06,0.0033305135450288708
1.1395e-06,0.00425238854502887
1.1396e-06,0.0033305135450288708
1.1397e-06,0.0017367635450288702
1.1398e-06,0.0013305135450288707
1.1399e-06,0.0027758255450288706
1.14e-06,0.0053305135450288695
1.1401e-06,0.0072367635450288695
1.1402e-06,0.0073305135450288696
1.1403e-06,0.005478950545028871
1.1404e-06,0.0033305135450288708
1.1405e-06,0.0014555135450288709
1.1406e-06,-0.0006694874549711296
1.1407e-06,-0.0026929244849711294
1.1408e-06,-0.0026694869881681293
1.1409e-06,0.0002836385450288707
1.141e-06,0.0033305135450288708
1.1411e-06,0.00350238854502887
1.1412e-06,0.0013305135450288707
1.1413e-06,-0.00045073745497112945
1.1414e-06,-0.0006694874549711296
1.1415e-06,0.0002914505450288705
1.1416e-06,0.0013305135450288707
1.1417e-06,0.0017367635450288702
1.1418e-06,0.0013305135450288707
1.1419e-06,0.0007289505450288705
1.142e-06,0.0013305135450288707
1.1421e-06,0.0029164505450288707
1.1422e-06,0.0033305135450288708
1.1423e-06,0.0019633255450288707
1.1424e-06,0.0013305135450288707
1.1425e-06,0.0026508255450288704
1.1426e-06,0.0033305135450288708
1.1427e-06,0.00126020054502887
1.1428e-06,-0.0006694874549711296
1.1429e-06,0.0005727005450288703
1.143e-06,0.0033305135450288708
1.1431e-06,0.00427582554502887
1.1432e-06,0.0033305135450288708
1.1433e-06,0.00219770054502887
1.1434e-06,0.0013305135450288707
1.1435e-06,0.0002836385450288707
1.1436e-06,-0.0006694874549711296
1.1437e-06,-0.0009038624549711296
1.1438e-06,-0.0006694874549711296
1.1439e-06,2.3885450288704292e-06
1.144e-06,0.0013305135450288707
1.1441e-06,0.0029477005450288707
1.1442e-06,0.0033305135450288708
1.1443e-06,0.0021273885450288706
1.1444e-06,0.0013305135450288707
1.1445e-06,0.002182075545028871
1.1446e-06,0.0033305135450288708
1.1447e-06,0.00329145054502887
1.1448e-06,0.0033305135450288708
1.1449e-06,0.00447895054502887
1.145e-06,0.0053305135450288695
1.1451e-06,0.003994575545028871
1.1452e-06,0.0013305135450288707
1.1453e-06,-0.0004976124549711295
1.1454e-06,-0.0006694874549711296
1.1455e-06,0.0002602005450288705
1.1456e-06,0.0013305135450288707
1.1457e-06,0.0022836385450288707
1.1458e-06,0.0033305135450288708
1.1459e-06,0.00451020054502887
1.146e-06,0.0053305135450288695
1.1461e-06,0.004955513545028871
1.1462e-06,0.0033305135450288708
1.1463e-06,0.0015414505450288703
1.1464e-06,0.0013305135450288707
1.1465e-06,0.0026508255450288704
1.1466e-06,0.0033305135450288708
1.1467e-06,0.00224457554502887
1.1468e-06,0.0013305135450288707
1.1469e-06,0.00224457554502887
1.147e-06,0.0033305135450288708
1.1471e-06,0.00268988854502887
1.1472e-06,0.0013305135450288707
1.1473e-06,0.00153363854502887
1.1474e-06,0.0033305135450288708
1.1475e-06,0.005002388545028871
1.1476e-06,0.0053305135450288695
1.1477e-06,0.0044398885450288705
1.1478e-06,0.0033305135450288708
1.1479e-06,0.0029555135450288705
1.148e-06,0.0033305135450288708
1.1481e-06,0.00365863854502887
1.1482e-06,0.0033305135450288708
1.1483e-06,0.0027836385450288703
1.1484e-06,0.0033305135450288708
1.1485e-06,0.0052523885450288695
1.1486e-06,0.0073305135450288696
1.1487e-06,0.00796332554502887
1.1488e-06,0.0073305135450288696
1.1489e-06,0.00630707554502887
1.149e-06,0.0053305135450288695
1.1491e-06,0.00428363854502887
1.1492e-06,0.0033305135450288708
1.1493e-06,0.00250238854502887
1.1494e-06,0.0013305135450288707
1.1495e-06,0.0003852005450288706
1.1496e-06,0.0013305135450288707
1.1497e-06,0.00452582554502887
1.1498e-06,0.0073305135450288696
1.1499e-06,0.00779145554502887
1.15e-06,0.0073305135450288696
1.1501e-06,0.00751020554502887
1.1502e-06,0.0073305135450288696
1.1503e-06,0.005447700545028871
1.1504e-06,0.0033305135450288708
1.1505e-06,0.0027914505450288706
1.1506e-06,0.0033305135450288708
1.1507e-06,0.003455513545028871
1.1508e-06,0.0033305135450288708
1.1509e-06,0.003994575545028871
1.151e-06,0.0053305135450288695
1.1511e-06,0.006596138545028871
1.1512e-06,0.0073305135450288696
1.1513e-06,0.00697895054502887
1.1514e-06,0.0053305135450288695
1.1515e-06,0.003439888545028871
1.1516e-06,0.0033305135450288708
1.1517e-06,0.00540863854502887
1.1518e-06,0.0073305135450288696
1.1519e-06,0.00652582554502887
1.152e-06,0.0033305135450288708
1.1521e-06,0.0007211385450288706
1.1522e-06,0.0013305135450288707
1.1523e-06,0.004736763545028871
1.1524e-06,0.0073305135450288696
1.1525e-06,0.00685395054502887
1.1526e-06,0.0053305135450288695
1.1527e-06,0.005510200545028871
1.1528e-06,0.0073305135450288696
1.1529e-06,0.00839301554502887
1.153e-06,0.0073305135450288696
1.1531e-06,0.00497895054502887
1.1532e-06,0.0033305135450288708
1.1533e-06,0.0030961385450288706
1.1534e-06,0.0033305135450288708
1.1535e-06,0.0031430135450288706
1.1536e-06,0.0033305135450288708
1.1537e-06,0.005033638545028871
1.1538e-06,0.0073305135450288696
1.1539e-06,0.00827582554502887
1.154e-06,0.0073305135450288696
1.1541e-06,0.0052523885450288695
1.1542e-06,0.0033305135450288708
1.1543e-06,0.0025727005450288704
1.1544e-06,0.0033305135450288708
1.1545e-06,0.004736763545028871
1.1546e-06,0.0053305135450288695
1.1547e-06,0.0045180135450288705
1.1548e-06,0.0033305135450288708
1.1549e-06,0.0030258255450288708
1.155e-06,0.0033305135450288708
1.1551e-06,0.00350238854502887
1.1552e-06,0.0033305135450288708
1.1553e-06,0.00321332554502887
1.1554e-06,0.0033305135450288708
1.1555e-06,0.0038852005450288707
1.1556e-06,0.0053305135450288695
1.1557e-06,0.0070414505450288704
1.1558e-06,0.0073305135450288696
1.1559e-06,0.005478950545028871
1.156e-06,0.0033305135450288708
1.1561e-06,0.0026977005450288705
1.1562e-06,0.0033305135450288708
1.1563e-06,0.0038070755450288706
1.1564e-06,0.0033305135450288708
1.1565e-06,0.0027289505450288705
1.1566e-06,0.0033305135450288708
1.1567e-06,0.00488520054502887
1.1568e-06,0.0053305135450288695
1.1569e-06,0.004010200545028871
1.157e-06,0.0033305135450288708
1.1571e-06,0.0051508255450288705
1.1572e-06,0.0073305135450288696
1.1573e-06,0.0070883255450288705
1.1574e-06,0.0053305135450288695
1.1575e-06,0.00398676354502887
1.1576e-06,0.0033305135450288708
1.1577e-06,0.0028461385450288704
1.1578e-06,0.0033305135450288708
1.1579e-06,0.005291450545028871
1.158e-06,0.0073305135450288696
1.1581e-06,0.00739301554502887
1.1582e-06,0.0053305135450288695
1.1583e-06,0.00267426354502887
1.1584e-06,0.0013305135450288707
1.1585e-06,0.0019477005450288707
1.1586e-06,0.0033305135450288708
1.1587e-06,0.003932075545028871
1.1588e-06,0.0033305135450288708
1.1589e-06,0.0026664505450288705
1.159e-06,0.0033305135450288708
1.1591e-06,0.00499457554502887
1.1592e-06,0.0053305135450288695
1.1593e-06,0.0034477005450288703
1.1594e-06,0.0013305135450288707
1.1595e-06,0.0013773885450288708
1.1596e-06,0.0033305135450288708
1.1597e-06,0.00505707554502887
1.1598e-06,0.0053305135450288695
1.1599e-06,0.004814888545028871
1.16e-06,0.0053305135450288695
1.1601e-06,0.00690082554502887
1.1602e-06,0.0073305135450288696
1.1603e-06,0.005400825545028871
1.1604e-06,0.0033305135450288708
1.1605e-06,0.003135200545028871
1.1606e-06,0.0033305135450288708
1.1607e-06,0.0022211385450288707
1.1608e-06,0.0013305135450288707
1.1609e-06,0.0027367635450288703
1.161e-06,0.0053305135450288695
1.1611e-06,0.00691645054502887
1.1612e-06,0.0073305135450288696
1.1613e-06,0.007400825545028871
1.1614e-06,0.0073305135450288696
1.1615e-06,0.006564888545028871
1.1616e-06,0.0053305135450288695
1.1617e-06,0.00406488854502887
1.1618e-06,0.0033305135450288708
1.1619e-06,0.00324457554502887
1.162e-06,0.0033305135450288708
1.1621e-06,0.00332270054502887
1.1622e-06,0.0033305135450288708
1.1623e-06,0.0035258255450288704
1.1624e-06,0.0033305135450288708
1.1625e-06,0.0029633255450288707
1.1626e-06,0.0033305135450288708
1.1627e-06,0.0051664505450288705
1.1628e-06,0.0073305135450288696
1.1629e-06,0.00812738554502887
1.163e-06,0.0073305135450288696
1.1631e-06,0.005853950545028869
1.1632e-06,0.0053305135450288695
1.1633e-06,0.00612738854502887
1.1634e-06,0.0073305135450288696
1.1635e-06,0.00768988554502887
1.1636e-06,0.0073305135450288696
1.1637e-06,0.00655707554502887
1.1638e-06,0.0053305135450288695
1.1639e-06,0.0038852005450288707
1.164e-06,0.0033305135450288708
1.1641e-06,0.00429145054502887
1.1642e-06,0.0053305135450288695
1.1643e-06,0.005338325545028871
1.1644e-06,0.0053305135450288695
1.1645e-06,0.00635395054502887
1.1646e-06,0.0073305135450288696
1.1647e-06,0.0072836385450288695
1.1648e-06,0.0073305135450288696
1.1649e-06,0.00786176554502887
1.165e-06,0.0073305135450288696
1.1651e-06,0.004893013545028871
1.1652e-06,0.0033305135450288708
1.1653e-06,0.004736763545028871
1.1654e-06,0.0073305135450288696
1.1655e-06,0.00772113554502887
1.1656e-06,0.0053305135450288695
1.1657e-06,0.0024320755450288702
1.1658e-06,0.0013305135450288707
1.1659e-06,0.0023305135450288708
1.166e-06,0.0033305135450288708
1.1661e-06,0.0027836385450288703
1.1662e-06,0.0013305135450288707
1.1663e-06,0.0011977005450288705
1.1664e-06,0.0033305135450288708
1.1665e-06,0.00627582554502887
1.1666e-06,0.0073305135450288696
1.1667e-06,0.005572700545028871
1.1668e-06,0.0033305135450288708
1.1669e-06,0.0027289505450288705
1.167e-06,0.0033305135450288708
1.1671e-06,0.0034633255450288703
1.1672e-06,0.0033305135450288708
1.1673e-06,0.00348676354502887
1.1674e-06,0.0033305135450288708
1.1675e-06,0.0022680135450288707
1.1676e-06,0.0013305135450288707
1.1677e-06,0.0014008255450288702
1.1678e-06,0.0013305135450288707
1.1679e-06,0.0003617635450288703
1.168e-06,-0.0006694874549711296
1.1681e-06,-0.00027104945497112955
1.1682e-06,0.0013305135450288707
1.1683e-06,0.0028461385450288704
1.1684e-06,0.0033305135450288708
1.1685e-06,0.003150825545028871
1.1686e-06,0.0033305135450288708
1.1687e-06,0.00424457554502887
1.1688e-06,0.0053305135450288695
1.1689e-06,0.005174263545028869
1.169e-06,0.0033305135450288708
1.1691e-06,0.0011742635450288706
1.1692e-06,0.0013305135450288707
1.1693e-06,0.0038461385450288704
1.1694e-06,0.0053305135450288695
1.1695e-06,0.0035727005450288704
1.1696e-06,0.0013305135450288707
1.1697e-06,0.0016430135450288702
1.1698e-06,0.0033305135450288708
1.1699e-06,0.0038695755450288707
1.17e-06,0.0033305135450288708
1.1701e-06,0.00324457554502887
1.1702e-06,0.0033305135450288708
1.1703e-06,0.0026352005450288704
1.1704e-06,0.0013305135450288707
1.1705e-06,0.0006664505450288704
1.1706e-06,0.0013305135450288707
1.1707e-06,0.0032523885450288707
1.1708e-06,0.0053305135450288695
1.1709e-06,0.00660395054502887
1.171e-06,0.0073305135450288696
1.1711e-06,0.0076430155450288705
1.1712e-06,0.0073305135450288696
1.1713e-06,0.00623676354502887
1.1714e-06,0.0053305135450288695
1.1715e-06,0.0051820755450288705
1.1716e-06,0.0053305135450288695
1.1717e-06,0.00469770054502887
1.1718e-06,0.0033305135450288708
1.1719e-06,0.0024164505450288702
1.172e-06,0.0033305135450288708
1.1721e-06,0.005728950545028869
1.1722e-06,0.0073305135450288696
1.1723e-06,0.006721138545028871
1.1724e-06,0.0053305135450288695
1.1725e-06,0.00499457554502887
1.1726e-06,0.0053305135450288695
1.1727e-06,0.004814888545028871
1.1728e-06,0.0033305135450288708
1.1729e-06,0.0019320755450288707
1.173e-06,0.0013305135450288707
1.1731e-06,0.0018383255450288706
1.1732e-06,0.0033305135450288708
1.1733e-06,0.004971138545028871
1.1734e-06,0.0053305135450288695
1.1735e-06,0.00420551354502887
1.1736e-06,0.0033305135450288708
1.1737e-06,0.00400238854502887
1.1738e-06,0.0053305135450288695
1.1739e-06,0.005807075545028869
1.174e-06,0.0053305135450288695
1.1741e-06,0.0044086385450288704
1.1742e-06,0.0033305135450288708
1.1743e-06,0.0020570755450288708
1.1744e-06,0.0013305135450288707
1.1745e-06,0.0018617635450288703
1.1746e-06,0.0033305135450288708
1.1747e-06,0.00476020054502887
1.1748e-06,0.0053305135450288695
1.1749e-06,0.004705513545028871
1.175e-06,0.0033305135450288708
1.1751e-06,0.0019711385450288704
1.1752e-06,0.0013305135450288707
1.1753e-06,0.0014164505450288702
1.1754e-06,0.0013305135450288707
1.1755e-06,0.0009711385450288704
1.1756e-06,0.0013305135450288707
1.1757e-06,0.00267426354502887
1.1758e-06,0.0033305135450288708
1.1759e-06,0.002361763545028871
1.176e-06,0.0013305135450288707
1.1761e-06,0.0019320755450288707
1.1762e-06,0.0033305135450288708
1.1763e-06,0.0038070755450288706
1.1764e-06,0.0033305135450288708
1.1765e-06,0.0029633255450288707
1.1766e-06,0.0033305135450288708
1.1767e-06,0.0037602005450288706
1.1768e-06,0.0033305135450288708
1.1769e-06,0.0020180135450288705
1.177e-06,0.0013305135450288707
1.1771e-06,0.0021273885450288706
1.1772e-06,0.0033305135450288708
1.1773e-06,0.00359613854502887
1.1774e-06,0.0033305135450288708
1.1775e-06,0.00332270054502887
1.1776e-06,0.0033305135450288708
1.1777e-06,0.00256488854502887
1.1778e-06,0.0013305135450288707
1.1779e-06,0.0007289505450288705
1.178e-06,0.0013305135450288707
1.1781e-06,0.00261176354502887
1.1782e-06,0.0033305135450288708
1.1783e-06,0.0026195755450288704
1.1784e-06,0.0013305135450288707
1.1785e-06,0.0007992635450288703
1.1786e-06,0.0013305135450288707
1.1787e-06,0.002471138545028871
1.1788e-06,0.0033305135450288708
1.1789e-06,0.0030180135450288705
1.179e-06,0.0013305135450288707
1.1791e-06,-0.0011069874549711296
1.1792e-06,-0.0026694869881681293
1.1793e-06,-0.0018257369549711296
1.1794e-06,0.0013305135450288707
1.1795e-06,0.00468207554502887
1.1796e-06,0.0053305135450288695
1.1797e-06,0.00254926354502887
1.1798e-06,-0.0006694874549711296
1.1799e-06,-0.0015210494549711296
1.18e-06,-0.0006694874549711296
1.1801e-06,-0.00017729945497112947
1.1802e-06,-0.0006694874549711296
1.1803e-06,-0.0011069874549711296
1.1804e-06,-0.0006694874549711296
1.1805e-06,0.00043207554502887064
1.1806e-06,0.0013305135450288707
1.1807e-06,0.00153363854502887
1.1808e-06,0.0013305135450288707
1.1809e-06,0.0012523885450288707
1.181e-06,0.0013305135450288707
1.1811e-06,0.0012836385450288707
1.1812e-06,0.0013305135450288707
1.1813e-06,0.0014555135450288709
1.1814e-06,0.0013305135450288707
1.1815e-06,0.0005258255450288703
1.1816e-06,-0.0006694874549711296
1.1817e-06,-0.0012788624549711295
1.1818e-06,-0.0006694874549711296
1.1819e-06,0.0007602005450288705
1.182e-06,0.0013305135450288707
1.1821e-06,0.0003695755450288706
1.1822e-06,-0.0006694874549711296
1.1823e-06,-0.0002632364549711294
1.1824e-06,0.0013305135450288707
1.1825e-06,0.0027602005450288705
1.1826e-06,0.0033305135450288708
1.1827e-06,0.003346138545028871
1.1828e-06,0.0033305135450288708
1.1829e-06,0.0028852005450288707
1.183e-06,0.0013305135450288707
1.1831e-06,-0.0010991744549711296
1.1832e-06,-0.0026694869881681293
1.1833e-06,-0.0017632369549711296
1.1834e-06,0.0013305135450288707
1.1835e-06,0.00440082554502887
1.1836e-06,0.0053305135450288695
1.1837e-06,0.00414301354502887
1.1838e-06,0.0033305135450288708
1.1839e-06,0.0038305135450288704
1.184e-06,0.0033305135450288708
1.1841e-06,0.0003695755450288706
1.1842e-06,-0.0026694869881681293
1.1843e-06,-0.0027710494549711296
1.1844e-06,-0.0006694874549711296
1.1845e-06,0.0010492635450288705
1.1846e-06,0.0013305135450288707
1.1847e-06,0.00156488854502887
1.1848e-06,0.0033305135450288708
1.1849e-06,0.00607270054502887
1.185e-06,0.0073305135450288696
1.1851e-06,0.005650825545028869
1.1852e-06,0.0033305135450288708
1.1853e-06,0.00268988854502887
1.1854e-06,0.0033305135450288708
1.1855e-06,0.0029789505450288707
1.1856e-06,0.0013305135450288707
1.1857e-06,-0.0003022994549711296
1.1858e-06,-0.0006694874549711296
1.1859e-06,0.0002445755450288705
1.186e-06,0.0013305135450288707
1.1861e-06,0.0016820755450288704
1.1862e-06,0.0013305135450288707
1.1863e-06,0.0011117635450288705
1.1864e-06,0.0013305135450288707
1.1865e-06,0.00156488854502887
1.1866e-06,0.0013305135450288707
1.1867e-06,0.0004555135450288704
1.1868e-06,-0.0006694874549711296
1.1869e-06,-0.0012397994549711295
1.187e-06,-0.0006694874549711296
1.1871e-06,0.0006117635450288705
1.1872e-06,0.0013305135450288707
1.1873e-06,0.0006508255450288704
1.1874e-06,-0.0006694874549711296
1.1875e-06,-0.0012788624549711295
1.1876e-06,-0.0006694874549711296
1.1877e-06,0.0005336385450288705
1.1878e-06,0.0013305135450288707
1.1879e-06,0.0008930135450288704
1.188e-06,-0.0006694874549711296
1.1881e-06,-0.0023569869549711297
1.1882e-06,-0.0026694869881681293
1.1883e-06,-0.0014741744549711295
1.1884e-06,-0.0006694874549711296
1.1885e-06,-0.0014351124549711295
1.1886e-06,-0.0026694869881681293
1.1887e-06,-0.0029194869549711297
1.1888e-06,-0.0026694869881681293
1.1889e-06,-0.0027163619849711294
1.189e-06,-0.0026694869881681293
1.1891e-06,-0.0017476119549711296
1.1892e-06,-0.0006694874549711296
1.1893e-06,-0.0004038614549711295
1.1894e-06,-0.0006694874549711296
1.1895e-06,-0.0007944874549711295
1.1896e-06,-0.0006694874549711296
1.1897e-06,-0.0007007374549711297
1.1898e-06,-0.0006694874549711296
1.1899e-06,-0.0006538624549711296
1.19e-06,-0.0006694874549711296
1.1901e-06,-0.0007710494549711296
1.1902e-06,-0.0006694874549711296
1.1903e-06,-0.0004116744549711297
1.1904e-06,-0.0006694874549711296
1.1905e-06,-0.0021147994549711295
1.1906e-06,-0.00466948745497113
1.1907e-06,-0.00681792445497113
1.1908e-06,-0.00666948745497113
1.1909e-06,-0.0037944874549711294
1.191e-06,-0.0006694874549711296
1.1911e-06,0.0007602005450288705
1.1912e-06,0.0013305135450288707
