-3.68e-08,-0.0025721757488862927
-3.67e-08,-0.0005721777488862934
-3.66e-08,0.0014278222511137067
-3.65e-08,0.0022559522511137065
-3.64e-08,0.0014278222511137067
-3.63e-08,0.0004590722511137058
-3.62e-08,0.0014278222511137067
-3.61e-08,0.0041622022511137065
-3.6e-08,0.005427822251113707
-3.59e-08,0.0032090722511137065
-3.58e-08,0.0014278222511137067
-3.57e-08,0.002802822251113706
-3.56e-08,0.005427822251113707
-3.55e-08,0.006037202251113706
-3.54e-08,0.005427822251113707
-3.53e-08,0.005412202251113706
-3.52e-08,0.005427822251113707
-3.51e-08,0.002849702251113707
-3.5e-08,-0.0025721757488862927
-3.49e-08,-0.007275300748886293
-3.48e-08,-0.006572175748886294
-3.47e-08,-0.000165927748886293
-3.46e-08,0.005427822251113707
-3.45e-08,0.005005952251113707
-3.44e-08,0.0014278222511137067
-3.43e-08,0.0001622022511137064
-3.42e-08,0.0014278222511137067
-3.41e-08,0.0022872022511137065
-3.4e-08,0.0014278222511137067
-3.39e-08,-0.0003846777488862932
-3.38e-08,-0.0025721757488862927
-3.37e-08,-0.004009675748886294
-3.36e-08,-0.0025721757488862927
-3.35e-08,0.0018184522511137061
-3.34e-08,0.005427822251113707
-3.33e-08,0.005896572251113707
-3.32e-08,0.005427822251113707
-3.31e-08,0.005802822251113707
-3.3e-08,0.005427822251113707
-3.29e-08,0.0028653222511137062
-3.28e-08,0.0014278222511137067
-3.27e-08,0.0032090722511137065
-3.26e-08,0.005427822251113707
-3.25e-08,0.0041622022511137065
-3.24e-08,0.0014278222511137067
-3.23e-08,0.00039657225111370577
-3.22e-08,0.0014278222511137067
-3.21e-08,0.0022090722511137056
-3.2e-08,0.0014278222511137067
-3.19e-08,-0.0005096777488862933
-3.18e-08,-0.0025721757488862927
-3.17e-08,-0.004290925748886293
-3.16e-08,-0.006572175748886294
-3.15e-08,-0.009212800748886293
-3.14e-08,-0.010572175960747294
-3.13e-08,-0.008978425748886293
-3.12e-08,-0.006572175748886294
-3.11e-08,-0.004744050748886294
-3.1e-08,-0.0025721757488862927
-3.09e-08,0.0003809522511137066
-3.08e-08,0.0014278222511137067
-3.07e-08,-0.0007596757488862928
-3.06e-08,-0.0025721757488862927
-3.05e-08,-0.0011346757488862932
-3.04e-08,0.0014278222511137067
-3.03e-08,0.0009434522511137071
-3.02e-08,-0.0025721757488862927
-3.01e-08,-0.005884675748886294
-3e-08,-0.006572175748886294
-2.99e-08,-0.004728425748886294
-2.98e-08,-0.0025721757488862927
-2.97e-08,-0.001978425748886294
-2.96e-08,-0.0025721757488862927
-2.95e-08,-0.001962800748886294
-2.94e-08,0.0014278222511137067
-2.93e-08,0.006287202251113707
-2.92e-08,0.009427822251113707
-2.91e-08,0.007584072251113705
-2.9e-08,0.0014278222511137067
-2.89e-08,-0.004994050748886293
-2.88e-08,-0.006572175748886294
-2.87e-08,-0.0027753007488862938
-2.86e-08,0.0014278222511137067
-2.85e-08,0.0011934522511137056
-2.84e-08,-0.0025721757488862927
-2.83e-08,-0.005150300748886293
-2.82e-08,-0.0025721757488862927
-2.81e-08,0.0032247022511137056
-2.8e-08,0.005427822251113707
-2.79e-08,0.001568452251113706
-2.78e-08,-0.0025721757488862927
-2.77e-08,-0.0026034257488862927
-2.76e-08,-0.0025721757488862927
-2.75e-08,-0.006509675748886294
-2.74e-08,-0.010572175960747294
-2.73e-08,-0.008619050748886293
-2.72e-08,-0.0025721757488862927
-2.71e-08,0.001568452251113706
-2.7e-08,0.0014278222511137067
-2.69e-08,-0.00010342774888629294
-2.68e-08,0.0014278222511137067
-2.67e-08,0.0062715722511137075
-2.66e-08,0.009427822251113707
-2.65e-08,0.006709072251113708
-2.64e-08,0.0014278222511137067
-2.63e-08,-0.0019159257488862939
-2.62e-08,-0.0025721757488862927
-2.61e-08,-0.002869050748886294
-2.6e-08,-0.0025721757488862927
-2.59e-08,-0.0006659257488862928
-2.58e-08,0.0014278222511137067
-2.57e-08,0.002021572251113707
-2.56e-08,0.0014278222511137067
-2.55e-08,0.0002090722511137056
-2.54e-08,-0.0025721757488862927
-2.53e-08,-0.005931550748886294
-2.52e-08,-0.006572175748886294
-2.51e-08,-0.002884675748886294
-2.5e-08,0.0014278222511137067
-2.49e-08,0.002459072251113706
-2.48e-08,0.0014278222511137067
-2.47e-08,0.0010684522511137072
-2.46e-08,0.0014278222511137067
-2.45e-08,0.0013340722511137066
-2.44e-08,0.0014278222511137067
-2.43e-08,0.0020059522511137063
-2.42e-08,0.0014278222511137067
-2.41e-08,-0.001056550748886293
-2.4e-08,-0.0025721757488862927
-2.39e-08,-0.0011190507488862932
-2.38e-08,0.0014278222511137067
-2.37e-08,0.0021622022511137064
-2.36e-08,0.0014278222511137067
-2.35e-08,0.0010684522511137072
-2.34e-08,0.0014278222511137067
-2.33e-08,0.001568452251113706
-2.32e-08,0.0014278222511137067
-2.31e-08,0.0004590722511137058
-2.3e-08,-0.0025721757488862927
-2.29e-08,-0.0064003007488862935
-2.28e-08,-0.006572175748886294
-2.27e-08,-0.001947175748886294
-2.26e-08,0.0014278222511137067
-2.25e-08,-0.000275297748886294
-2.24e-08,-0.0025721757488862927
-2.23e-08,-0.000900300748886293
-2.22e-08,0.0014278222511137067
-2.21e-08,5.28222511137072e-05
-2.2e-08,-0.0025721757488862927
-2.19e-08,-0.0017753007488862937
-2.18e-08,0.0014278222511137067
-2.17e-08,0.0029278222511137063
-2.16e-08,0.0014278222511137067
-2.15e-08,-0.0013534257488862934
-2.14e-08,-0.0025721757488862927
-2.13e-08,-0.0010721757488862931
-2.12e-08,0.0014278222511137067
-2.11e-08,0.0033497022511137058
-2.1e-08,0.005427822251113707
-2.09e-08,0.007099702251113707
-2.08e-08,0.005427822251113707
-2.07e-08,6.845225111370631e-05
-2.06e-08,-0.0025721757488862927
-2.05e-08,0.0010372022511137072
-2.04e-08,0.005427822251113707
-2.03e-08,0.004552822251113706
-2.02e-08,0.0014278222511137067
-2.01e-08,0.0007715722511137061
-2e-08,0.0014278222511137067
-1.99e-08,-4.0927748886292886e-05
-1.98e-08,-0.0025721757488862927
-1.97e-08,-0.0032128007488862933
-1.96e-08,-0.0025721757488862927
-1.95e-08,-0.0023534257488862943
-1.94e-08,-0.0025721757488862927
-1.93e-08,-0.0024940507488862944
-1.92e-08,-0.0025721757488862927
-1.91e-08,-0.002978425748886294
-1.9e-08,-0.0025721757488862927
-1.89e-08,-0.0006034257488862927
-1.88e-08,0.0014278222511137067
-1.87e-08,0.0020997022511137064
-1.86e-08,0.0014278222511137067
-1.85e-08,-0.000165927748886293
-1.84e-08,-0.0025721757488862927
-1.83e-08,-0.005275300748886293
-1.82e-08,-0.006572175748886294
-1.81e-08,-0.004322175748886293
-1.8e-08,0.0014278222511137067
-1.79e-08,0.0072872022511137075
-1.78e-08,0.009427822251113707
-1.77e-08,0.0061934522511137065
-1.76e-08,0.0014278222511137067
-1.75e-08,-0.0003846777488862932
-1.74e-08,0.0014278222511137067
-1.73e-08,0.003552822251113707
-1.72e-08,0.0014278222511137067
-1.71e-08,-0.004900300748886294
-1.7e-08,-0.010572175960747294
-1.69e-08,-0.010728425948886294
-1.68e-08,-0.006572175748886294
-1.67e-08,-0.0007753007488862929
-1.66e-08,0.005427822251113707
-1.65e-08,0.011974702251113705
-1.64e-08,0.01742782225111371
-1.63e-08,0.01891220225111371
-1.62e-08,0.01742782225111371
-1.61e-08,0.013615322251113707
-1.6e-08,0.009427822251113707
-1.59e-08,0.0051153222511137065
-1.58e-08,0.0014278222511137067
-1.57e-08,-0.0011503007488862932
-1.56e-08,-0.0025721757488862927
-1.55e-08,-0.0035565507488862936
-1.54e-08,-0.006572175748886294
-1.53e-08,-0.010165925948886293
-1.52e-08,-0.010572175960747294
-1.51e-08,-0.004165925748886293
-1.5e-08,0.005427822251113707
-1.49e-08,0.013240322251113707
-1.48e-08,0.01742782225111371
-1.47e-08,0.01847470225111371
-1.46e-08,0.01742782225111371
-1.45e-08,0.013959072251113707
-1.44e-08,0.009427822251113707
-1.43e-08,0.004849702251113707
-1.42e-08,0.0014278222511137067
-1.41e-08,-4.0927748886292886e-05
-1.4e-08,0.0014278222511137067
-1.39e-08,0.005209072251113707
-1.38e-08,0.009427822251113707
-1.37e-08,0.012209072251113706
-1.36e-08,0.013427822251113707
-1.35e-08,0.013630952251113706
-1.34e-08,0.013427822251113707
-1.33e-08,0.012130952251113705
-1.32e-08,0.009427822251113707
-1.31e-08,0.005349702251113706
-1.3e-08,0.0014278222511137067
-1.29e-08,-0.0012128007488862932
-1.28e-08,-0.0025721757488862927
-1.27e-08,-0.002900300748886294
-1.26e-08,-0.0025721757488862927
-1.25e-08,-0.0008534257488862929
-1.24e-08,0.0014278222511137067
-1.23e-08,0.003865322251113707
-1.22e-08,0.005427822251113707
-1.21e-08,0.0060997022511137065
-1.2e-08,0.005427822251113707
-1.19e-08,0.004615322251113706
-1.18e-08,0.005427822251113707
-1.17e-08,0.007912202251113708
-1.16e-08,0.009427822251113707
-1.15e-08,0.008802822251113706
-1.14e-08,0.009427822251113707
-1.13e-08,0.013334072251113707
-1.12e-08,0.01742782225111371
-1.11e-08,0.018068452251113705
-1.1e-08,0.01742782225111371
-1.09e-08,0.017599702251113708
-1.08e-08,0.01742782225111371
-1.07e-08,0.014959072251113705
-1.06e-08,0.013427822251113707
-1.05e-08,0.015115322251113705
-1.04e-08,0.01742782225111371
-1.03e-08,0.016459072251113704
-1.02e-08,0.013427822251113707
-1.01e-08,0.010880952251113707
-1e-08,0.009427822251113707
-9.9e-09,0.008771572251113706
-9.8e-09,0.009427822251113707
-9.7e-09,0.011662202251113708
-9.6e-09,0.013427822251113707
-9.5e-09,0.012662202251113705
-9.4e-09,0.009427822251113707
-9.3e-09,0.0062715722511137075
-9.2e-09,0.005427822251113707
-9.1e-09,0.007349702251113708
-9e-09,0.009427822251113707
-8.9e-09,0.009568452251113706
-8.8e-09,0.009427822251113707
-8.7e-09,0.010849702251113707
-8.6e-09,0.013427822251113707
-8.5e-09,0.015412202251113708
-8.4e-09,0.01742782225111371
-8.3e-09,0.017896572251113706
-8.2e-09,0.013427822251113707
-8.1e-09,0.004052822251113707
-8e-09,-0.0025721757488862927
-7.9e-09,-0.0014003007488862934
-7.8e-09,0.0014278222511137067
-7.7e-09,0.00034970225111370656
-7.6e-09,-0.0025721757488862927
-7.5e-09,-0.0014940507488862935
-7.4e-09,0.0014278222511137067
-7.3e-09,0.0033340722511137066
-7.2e-09,0.005427822251113707
-7.1e-09,0.010662202251113707
-7e-09,0.01742782225111371
-6.9e-09,0.0220684522511137
-6.8e-09,0.025427822251113702
-6.7e-09,0.026646572251113707
-6.6e-09,0.025427822251113702
-6.5e-09,0.019693452251113706
-6.4e-09,0.013427822251113707
-6.3e-09,0.008443452251113705
-6.2e-09,0.005427822251113707
-6.1e-09,0.0019122022511137062
-6e-09,-0.0025721757488862927
-5.9e-09,-0.006884675748886293
-5.8e-09,-0.010572175960747294
-5.7e-09,-0.012509675748886293
-5.6e-09,-0.014572175748886293
-5.5e-09,-0.016228425748886294
-5.4e-09,-0.018572175748886293
-5.3e-09,-0.018290925748886293
-5.2e-09,-0.014572175748886293
-5.1e-09,-0.006603425748886294
-5e-09,0.0014278222511137067
-4.9e-09,0.006896572251113708
-4.8e-09,0.009427822251113707
-4.7e-09,0.011068452251113707
-4.6e-09,0.013427822251113707
-4.5e-09,0.015849702251113706
-4.4e-09,0.01742782225111371
-4.3e-09,0.01711532225111371
-4.2e-09,0.01742782225111371
-4.1e-09,0.01897470225111371
-4e-09,0.021427822251113705
-3.9e-09,0.023037202251113706
-3.8e-09,0.025427822251113702
-3.7e-09,0.027412202251113703
-3.6e-09,0.025427822251113702
-3.5e-09,0.01853720225111371
-3.4e-09,0.013427822251113707
-3.3e-09,0.014630952251113707
-3.2e-09,0.01742782225111371
-3.1e-09,0.016380952251113703
-3e-09,0.013427822251113707
-2.9e-09,0.013615322251113707
-2.8e-09,0.01742782225111371
-2.7e-09,0.020943452251113708
-2.6e-09,0.021427822251113705
-2.5e-09,0.020146572251113708
-2.4e-09,0.021427822251113705
-2.3e-09,0.0248028222511137
-2.2e-09,0.025427822251113702
-2.1e-09,0.018709072251113706
-2e-09,0.009427822251113707
-1.9e-09,0.004662202251113707
-1.8e-09,0.005427822251113707
-1.7e-09,0.007521572251113705
-1.6e-09,0.005427822251113707
-1.5e-09,-0.0003846777488862932
-1.4e-09,-0.006572175748886294
-1.3e-09,-0.007119050748886293
-1.2e-09,-0.0025721757488862927
-1.1e-09,0.005584072251113707
-1e-09,0.013427822251113707
-9e-10,0.020209072251113708
-8e-10,0.025427822251113702
-7e-10,0.029396572251113702
-6e-10,0.0334278222511137
-5e-10,0.036412202251113704
-4e-10,0.037427822251113706
-3e-10,0.035115322251113704
-2e-10,0.0334278222511137
-1e-10,0.032943452251113704
0.0,0.0334278222511137
1e-10,0.03184970225111371
2e-10,0.029427822251113706
3e-10,0.027240322251113704
4e-10,0.025427822251113702
5e-10,0.022365322251113706
6e-10,0.01742782225111371
7e-10,0.012459072251113706
8e-10,0.009427822251113707
9e-10,0.010224702251113707
1e-09,0.013427822251113707
1.1e-09,0.016755952251113704
1.2e-09,0.01742782225111371
1.3e-09,0.016584072251113705
1.4e-09,0.01742782225111371
1.5e-09,0.020396572251113708
1.6e-09,0.021427822251113705
1.7e-09,0.01749032225111371
1.8e-09,0.013427822251113707
1.9e-09,0.013615322251113707
2e-09,0.01742782225111371
2.1e-09,0.019193452251113706
2.2e-09,0.01742782225111371
2.3e-09,0.012287202251113705
2.4e-09,0.005427822251113707
2.5e-09,-0.0015096757488862935
2.6e-09,-0.006572175748886294
2.7e-09,-0.008540925748886295
2.8e-09,-0.010572175960747294
2.9e-09,-0.012728425748886293
3e-09,-0.014572175748886293
3.1e-09,-0.013119050748886293
3.2e-09,-0.010572175960747294
3.3e-09,-0.007134675748886293
3.4e-09,-0.0025721757488862927
3.5e-09,0.004740322251113706
3.6e-09,0.013427822251113707
3.7e-09,0.020255952251113707
3.8e-09,0.025427822251113702
3.9e-09,0.026912202251113702
4e-09,0.025427822251113702
4.1e-09,0.019615322251113704
4.2e-09,0.013427822251113707
4.3e-09,0.007177822251113705
4.4e-09,0.0014278222511137067
4.5e-09,-0.0064003007488862935
4.6e-09,-0.014572175748886293
4.7e-09,-0.02083779774888629
4.8e-09,-0.022572177748886292
4.9e-09,-0.02057217574888629
5e-09,-0.018572175748886293
5.1e-09,-0.02038467574888629
5.2e-09,-0.026572177748886296
5.3e-09,-0.034884677748886296
5.4e-09,-0.042572177748886296
5.5e-09,-0.0486034277488863
5.6e-09,-0.05457217774888629
5.7e-09,-0.060603427748886295
5.8e-09,-0.0665721777488863
5.9e-09,-0.06954092774888629
6e-09,-0.07057217774888629
6.1e-09,-0.06979092774888629
6.2e-09,-0.07057217774888629
6.3e-09,-0.07111904774888629
6.4e-09,-0.07057217774888629
6.5e-09,-0.0654002977488863
6.6e-09,-0.058572177748886296
6.7e-09,-0.051603427748886294
6.8e-09,-0.04657217774888629
6.9e-09,-0.043181547748886294
7e-09,-0.042572177748886296
7.1e-09,-0.042572177748886296
7.2e-09,-0.03857217774888629
7.3e-09,-0.028915927748886294
7.4e-09,-0.018572175748886293
7.5e-09,-0.013040925748886293
7.6e-09,-0.010572175960747294
7.7e-09,-0.007556550748886294
7.8e-09,-0.0025721757488862927
7.9e-09,0.0010372022511137072
8e-09,0.0014278222511137067
8.1e-09,-0.0013690507488862934
8.2e-09,-0.0025721757488862927
8.3e-09,-0.0002596777488862931
8.4e-09,0.005427822251113707
8.5e-09,0.010005952251113706
8.6e-09,0.013427822251113707
8.7e-09,0.014052822251113707
8.8e-09,0.013427822251113707
8.9e-09,0.009630952251113706
9e-09,0.005427822251113707
9.1e-09,-0.0002596777488862931
9.2e-09,-0.006572175748886294
9.3e-09,-0.015884675748886294
9.4e-09,-0.026572177748886296
9.5e-09,-0.037806547748886296
9.6e-09,-0.04657217774888629
9.7e-09,-0.05258779774888629
9.8e-09,-0.058572177748886296
9.9e-09,-0.06496279774888629
1e-08,-0.07057217774888629
1.01e-08,-0.0736190477488863
1.02e-08,-0.0785721777488863
1.03e-08,-0.08613467774888629
1.04e-08,-0.0945721777488863
1.05e-08,-0.09691592774888629
1.06e-08,-0.0945721777488863
1.07e-08,-0.09046279774888628
1.08e-08,-0.09057217774888629
1.09e-08,-0.09313467774888629
1.1e-08,-0.0945721777488863
1.11e-08,-0.08875967774888628
1.12e-08,-0.0785721777488863
1.13e-08,-0.0691034277488863
1.14e-08,-0.0665721777488863
1.15e-08,-0.0691815477488863
1.16e-08,-0.07057217774888629
1.17e-08,-0.06505654774888629
1.18e-08,-0.05457217774888629
1.19e-08,-0.044540927748886294
1.2e-08,-0.03857217774888629
1.21e-08,-0.035384677748886297
1.22e-08,-0.030572177748886292
1.23e-08,-0.023806547748886294
1.24e-08,-0.018572175748886293
1.25e-08,-0.017853425748886292
1.26e-08,-0.018572175748886293
1.27e-08,-0.016462800748886293
1.28e-08,-0.010572175960747294
1.29e-08,-0.005025300748886293
1.3e-08,-0.0025721757488862927
1.31e-08,-0.002290925748886294
1.32e-08,0.0014278222511137067
1.33e-08,0.009740322251113707
1.34e-08,0.01742782225111371
1.35e-08,0.01872470225111371
1.36e-08,0.01742782225111371
1.37e-08,0.017146572251113705
1.38e-08,0.01742782225111371
1.39e-08,0.015193452251113708
1.4e-08,0.013427822251113707
1.41e-08,0.014740322251113708
1.42e-08,0.01742782225111371
1.43e-08,0.016896572251113705
1.44e-08,0.013427822251113707
1.45e-08,0.009646572251113707
1.46e-08,0.009427822251113707
1.47e-08,0.012818452251113705
1.48e-08,0.01742782225111371
1.49e-08,0.01916220225111371
1.5e-08,0.01742782225111371
1.51e-08,0.012193452251113705
1.52e-08,0.005427822251113707
1.53e-08,-0.0024940507488862944
1.54e-08,-0.010572175960747294
1.55e-08,-0.016822175748886295
1.56e-08,-0.018572175748886293
1.57e-08,-0.016087800748886293
1.58e-08,-0.014572175748886293
1.59e-08,-0.016415925748886295
1.6e-08,-0.018572175748886293
1.61e-08,-0.017915925748886292
1.62e-08,-0.018572175748886293
1.63e-08,-0.023728427748886293
1.64e-08,-0.030572177748886292
1.65e-08,-0.032900297748886295
1.66e-08,-0.030572177748886292
1.67e-08,-0.027025297748886297
1.68e-08,-0.026572177748886296
1.69e-08,-0.02863467774888629
1.7e-08,-0.030572177748886292
1.71e-08,-0.029119047748886295
1.72e-08,-0.026572177748886296
1.73e-08,-0.024087797748886294
1.74e-08,-0.022572177748886292
1.75e-08,-0.019197175748886294
1.76e-08,-0.014572175748886293
1.77e-08,-0.009650300948886293
1.78e-08,-0.006572175748886294
1.79e-08,-0.0036971757488862937
1.8e-08,0.0014278222511137067
1.81e-08,0.010771572251113708
1.82e-08,0.021427822251113705
1.83e-08,0.029130952251113708
1.84e-08,0.0334278222511137
1.85e-08,0.035365322251113704
1.86e-08,0.037427822251113706
1.87e-08,0.04011532225111371
1.88e-08,0.045427822251113706
1.89e-08,0.0508497022511137
1.9e-08,0.053427822251113706
1.91e-08,0.050927822251113704
1.92e-08,0.0494278222511137
1.93e-08,0.05127157225111371
1.94e-08,0.053427822251113706
1.95e-08,0.0515372022511137
1.96e-08,0.0494278222511137
1.97e-08,0.049693452251113705
1.98e-08,0.0494278222511137
1.99e-08,0.0453184522511137
2e-08,0.0414278222511137
2.01e-08,0.04252157225111371
2.02e-08,0.045427822251113706
2.03e-08,0.045037202251113705
2.04e-08,0.0414278222511137
2.05e-08,0.038177822251113706
2.06e-08,0.037427822251113706
2.07e-08,0.0396934522511137
2.08e-08,0.045427822251113706
2.09e-08,0.05145907225111371
2.1e-08,0.053427822251113706
2.11e-08,0.0483653222511137
2.12e-08,0.0414278222511137
2.13e-08,0.03631845225111371
2.14e-08,0.0334278222511137
2.15e-08,0.028755952251113708
2.16e-08,0.021427822251113705
2.17e-08,0.013474702251113706
2.18e-08,0.009427822251113707
2.19e-08,0.009787202251113706
2.2e-08,0.009427822251113707
2.21e-08,0.005834072251113707
2.22e-08,0.0014278222511137067
2.23e-08,-9.677748886292858e-06
2.24e-08,-0.0025721757488862927
2.25e-08,-0.008322175748886294
2.26e-08,-0.014572175748886293
2.27e-08,-0.014619050748886295
2.28e-08,-0.010572175960747294
2.29e-08,-0.0053846757488862935
2.3e-08,-0.0025721757488862927
2.31e-08,-0.0004784277488862933
2.32e-08,0.0014278222511137067
2.33e-08,0.004974702251113707
2.34e-08,0.009427822251113707
2.35e-08,0.015021572251113705
2.36e-08,0.021427822251113705
2.37e-08,0.028209072251113708
2.38e-08,0.0334278222511137
2.39e-08,0.035802822251113704
2.4e-08,0.037427822251113706
2.41e-08,0.039459072251113704
2.42e-08,0.0414278222511137
2.43e-08,0.042380952251113706
2.44e-08,0.045427822251113706
2.45e-08,0.0511622022511137
2.46e-08,0.05742782225111371
2.47e-08,0.0603028222511137
2.48e-08,0.0614278222511137
2.49e-08,0.0616778222511137
2.5e-08,0.0614278222511137
2.51e-08,0.0581153222511137
2.52e-08,0.053427822251113706
2.53e-08,0.0493497022511137
2.54e-08,0.0494278222511137
2.55e-08,0.0520840722511137
2.56e-08,0.053427822251113706
2.57e-08,0.050130952251113706
2.58e-08,0.045427822251113706
2.59e-08,0.0417247022511137
2.6e-08,0.037427822251113706
2.61e-08,0.030880952251113702
2.62e-08,0.025427822251113702
2.63e-08,0.024490322251113708
2.64e-08,0.025427822251113702
2.65e-08,0.024162202251113707
2.66e-08,0.021427822251113705
2.67e-08,0.019396572251113707
2.68e-08,0.01742782225111371
2.69e-08,0.014771572251113708
2.7e-08,0.013427822251113707
2.71e-08,0.013240322251113707
2.72e-08,0.009427822251113707
2.73e-08,0.0005372022511137067
2.74e-08,-0.006572175748886294
2.75e-08,-0.007181550748886293
2.76e-08,-0.006572175748886294
2.77e-08,-0.010103425948886293
2.78e-08,-0.014572175748886293
2.79e-08,-0.014322175748886293
2.8e-08,-0.010572175960747294
2.81e-08,-0.009572175748886294
2.82e-08,-0.014572175748886293
2.83e-08,-0.022494047748886293
2.84e-08,-0.026572177748886296
2.85e-08,-0.02541592774888629
2.86e-08,-0.026572177748886296
2.87e-08,-0.034150297748886296
2.88e-08,-0.042572177748886296
2.89e-08,-0.043915927748886294
2.9e-08,-0.042572177748886296
2.91e-08,-0.0436502977488863
2.92e-08,-0.04657217774888629
2.93e-08,-0.044806547748886295
2.94e-08,-0.03857217774888629
2.95e-08,-0.030150297748886293
2.96e-08,-0.022572177748886292
2.97e-08,-0.017087800748886293
2.98e-08,-0.014572175748886293
2.99e-08,-0.015634675748886294
3e-08,-0.018572175748886293
3.01e-08,-0.021806547748886296
3.02e-08,-0.022572177748886292
3.03e-08,-0.021056547748886295
3.04e-08,-0.018572175748886293
3.05e-08,-0.017915925748886292
3.06e-08,-0.018572175748886293
3.07e-08,-0.019181550748886292
3.08e-08,-0.018572175748886293
3.09e-08,-0.017853425748886292
3.1e-08,-0.018572175748886293
3.11e-08,-0.021978427748886295
3.12e-08,-0.026572177748886296
3.13e-08,-0.029119047748886295
3.14e-08,-0.026572177748886296
3.15e-08,-0.021119047748886295
3.16e-08,-0.018572175748886293
3.17e-08,-0.023056547748886293
3.18e-08,-0.030572177748886292
3.19e-08,-0.03515029774888629
3.2e-08,-0.034572177748886296
3.21e-08,-0.032650297748886295
3.22e-08,-0.034572177748886296
3.23e-08,-0.04124404774888629
3.24e-08,-0.04657217774888629
3.25e-08,-0.047212797748886294
3.26e-08,-0.04657217774888629
3.27e-08,-0.048650297748886295
3.28e-08,-0.050572177748886296
3.29e-08,-0.04966592774888629
3.3e-08,-0.050572177748886296
3.31e-08,-0.057384677748886295
3.32e-08,-0.0665721777488863
3.33e-08,-0.07186904774888629
3.34e-08,-0.07457217774888629
3.35e-08,-0.07686904774888628
3.36e-08,-0.0785721777488863
3.37e-08,-0.07630654774888629
3.38e-08,-0.07057217774888629
3.39e-08,-0.0636659277488863
3.4e-08,-0.058572177748886296
3.41e-08,-0.0572909277488863
3.42e-08,-0.058572177748886296
3.43e-08,-0.06194717774888629
3.44e-08,-0.0665721777488863
3.45e-08,-0.07191592774888629
3.46e-08,-0.07457217774888629
3.47e-08,-0.07485342774888629
3.48e-08,-0.0785721777488863
3.49e-08,-0.08719717774888629
3.5e-08,-0.0945721777488863
3.51e-08,-0.09380654774888629
3.52e-08,-0.09057217774888629
3.53e-08,-0.08861904774888629
3.54e-08,-0.08657217774888629
3.55e-08,-0.07808779774888629
3.56e-08,-0.0665721777488863
3.57e-08,-0.05749404774888629
3.58e-08,-0.05457217774888629
3.59e-08,-0.055150297748886294
3.6e-08,-0.05457217774888629
3.61e-08,-0.050806547748886294
3.62e-08,-0.04657217774888629
3.63e-08,-0.043790927748886294
3.64e-08,-0.03857217774888629
3.65e-08,-0.02969717774888629
3.66e-08,-0.022572177748886292
3.67e-08,-0.022040927748886295
3.68e-08,-0.022572177748886292
3.69e-08,-0.019181550748886292
3.7e-08,-0.014572175748886293
3.71e-08,-0.014119050748886294
3.72e-08,-0.014572175748886293
3.73e-08,-0.012306550748886293
3.74e-08,-0.006572175748886294
3.75e-08,-0.002994050748886294
3.76e-08,-0.0025721757488862927
3.77e-08,-0.005259675748886293
3.78e-08,-0.006572175748886294
3.79e-08,-0.007447175748886294
3.8e-08,-0.010572175960747294
3.81e-08,-0.019525300748886296
3.82e-08,-0.030572177748886292
3.83e-08,-0.038790927748886296
3.84e-08,-0.042572177748886296
3.85e-08,-0.0439471777488863
3.86e-08,-0.04657217774888629
3.87e-08,-0.049634677748886295
3.88e-08,-0.050572177748886296
3.89e-08,-0.047837797748886295
3.9e-08,-0.04657217774888629
3.91e-08,-0.048775297748886295
3.92e-08,-0.050572177748886296
3.93e-08,-0.048212797748886295
3.94e-08,-0.04657217774888629
3.95e-08,-0.049900297748886296
3.96e-08,-0.05457217774888629
3.97e-08,-0.0551034277488863
3.98e-08,-0.05457217774888629
3.99e-08,-0.056212797748886295
4e-08,-0.058572177748886296
4.01e-08,-0.0571659277488863
4.02e-08,-0.05457217774888629
4.03e-08,-0.0515096777488863
4.04e-08,-0.04657217774888629
4.05e-08,-0.037665927748886295
4.06e-08,-0.030572177748886292
4.07e-08,-0.028072177748886297
4.08e-08,-0.026572177748886296
4.09e-08,-0.021228427748886294
4.1e-08,-0.014572175748886293
4.11e-08,-0.010165925948886293
4.12e-08,-0.006572175748886294
4.13e-08,-0.0011815507488862932
4.14e-08,0.005427822251113707
4.15e-08,0.010021572251113707
4.16e-08,0.013427822251113707
4.17e-08,0.016755952251113704
4.18e-08,0.021427822251113705
4.19e-08,0.025771572251113706
4.2e-08,0.029427822251113706
4.21e-08,0.030271572251113703
4.22e-08,0.029427822251113706
4.23e-08,0.026927822251113703
4.24e-08,0.025427822251113702
4.25e-08,0.024912202251113708
4.26e-08,0.025427822251113702
4.27e-08,0.025521572251113706
4.28e-08,0.025427822251113702
4.29e-08,0.024287202251113707
4.3e-08,0.021427822251113705
4.31e-08,0.017084072251113705
4.32e-08,0.013427822251113707
4.33e-08,0.012615322251113706
4.34e-08,0.013427822251113707
4.35e-08,0.013990322251113707
4.36e-08,0.013427822251113707
4.37e-08,0.012927822251113706
4.38e-08,0.013427822251113707
4.39e-08,0.015380952251113708
4.4e-08,0.01742782225111371
4.41e-08,0.01834970225111371
4.42e-08,0.01742782225111371
4.43e-08,0.015396572251113705
4.44e-08,0.013427822251113707
4.45e-08,0.012912202251113706
4.46e-08,0.013427822251113707
4.47e-08,0.015240322251113705
4.48e-08,0.01742782225111371
4.49e-08,0.019755952251113706
4.5e-08,0.021427822251113705
4.51e-08,0.022943452251113702
4.52e-08,0.025427822251113702
4.53e-08,0.030240322251113706
4.54e-08,0.037427822251113706
4.55e-08,0.0435997022511137
4.56e-08,0.045427822251113706
4.57e-08,0.041646572251113706
4.58e-08,0.037427822251113706
4.59e-08,0.03638095225111371
4.6e-08,0.037427822251113706
4.61e-08,0.036865322251113705
4.62e-08,0.0334278222511137
4.63e-08,0.029912202251113705
4.64e-08,0.029427822251113706
4.65e-08,0.032943452251113704
4.66e-08,0.037427822251113706
4.67e-08,0.0414747022511137
4.68e-08,0.045427822251113706
4.69e-08,0.0514122022511137
4.7e-08,0.05742782225111371
4.71e-08,0.06000595225111371
4.72e-08,0.05742782225111371
4.73e-08,0.0522403222511137
4.74e-08,0.0494278222511137
4.75e-08,0.0527559522511137
4.76e-08,0.0614278222511137
4.77e-08,0.07117782225111371
4.78e-08,0.0774278222511137
4.79e-08,0.07939657225111371
4.8e-08,0.08142782225111371
4.81e-08,0.0845372022511137
4.82e-08,0.08542782225111371
4.83e-08,0.08241220225111372
4.84e-08,0.08142782225111371
4.85e-08,0.08622470225111371
4.86e-08,0.0934278222511137
4.87e-08,0.09464662225111371
4.88e-08,0.08942782225111372
4.89e-08,0.08359970225111371
4.9e-08,0.08542782225111371
4.91e-08,0.09336532225111371
4.92e-08,0.09742782225111371
4.93e-08,0.09066222225111371
4.94e-08,0.08142782225111371
4.95e-08,0.0787247022511137
4.96e-08,0.08142782225111371
4.97e-08,0.0814590722511137
4.98e-08,0.0774278222511137
4.99e-08,0.07242782225111372
5e-08,0.06942782225111371
5.01e-08,0.06749032225111372
5.02e-08,0.06542782225111371
5.03e-08,0.061912202251113706
5.04e-08,0.05742782225111371
5.05e-08,0.053302822251113706
5.06e-08,0.0494278222511137
5.07e-08,0.045537202251113705
5.08e-08,0.0414278222511137
5.09e-08,0.037865322251113706
5.1e-08,0.0334278222511137
5.11e-08,0.0298809522511137
5.12e-08,0.029427822251113706
5.13e-08,0.033630952251113705
5.14e-08,0.037427822251113706
5.15e-08,0.038240322251113706
5.16e-08,0.037427822251113706
5.17e-08,0.03867782225111371
5.18e-08,0.0414278222511137
5.19e-08,0.0428497022511137
5.2e-08,0.0414278222511137
5.21e-08,0.039459072251113704
5.22e-08,0.0414278222511137
5.23e-08,0.046724702251113706
5.24e-08,0.0494278222511137
5.25e-08,0.045599702251113705
5.26e-08,0.0414278222511137
5.27e-08,0.0421778222511137
5.28e-08,0.045427822251113706
5.29e-08,0.045162202251113705
5.3e-08,0.0414278222511137
5.31e-08,0.0380059522511137
5.32e-08,0.037427822251113706
5.33e-08,0.037177822251113705
5.34e-08,0.0334278222511137
5.35e-08,0.027209072251113707
5.36e-08,0.025427822251113702
5.37e-08,0.031271572251113704
5.38e-08,0.037427822251113706
5.39e-08,0.03589657225111371
5.4e-08,0.029427822251113706
5.41e-08,0.0251153222511137
5.42e-08,0.025427822251113702
5.43e-08,0.026630952251113706
5.44e-08,0.025427822251113702
5.45e-08,0.021302822251113705
5.46e-08,0.01742782225111371
5.47e-08,0.015240322251113705
5.48e-08,0.013427822251113707
5.49e-08,0.009677822251113707
5.5e-08,0.005427822251113707
5.51e-08,0.002740322251113706
5.52e-08,0.0014278222511137067
5.53e-08,-0.000275297748886294
5.54e-08,-0.0025721757488862927
5.55e-08,-0.004759675748886294
5.56e-08,-0.006572175748886294
5.57e-08,-0.009322175748886294
5.58e-08,-0.014572175748886293
5.59e-08,-0.021337797748886292
5.6e-08,-0.026572177748886296
5.61e-08,-0.027540927748886293
5.62e-08,-0.026572177748886296
5.63e-08,-0.027056547748886293
5.64e-08,-0.030572177748886292
5.65e-08,-0.034134677748886295
5.66e-08,-0.034572177748886296
5.67e-08,-0.030697177748886292
5.68e-08,-0.026572177748886296
5.69e-08,-0.026337797748886296
5.7e-08,-0.030572177748886292
5.71e-08,-0.0358846777488863
5.72e-08,-0.03857217774888629
5.73e-08,-0.03738467774888629
5.74e-08,-0.034572177748886296
5.75e-08,-0.03299404774888629
5.76e-08,-0.034572177748886296
5.77e-08,-0.037431547748886296
5.78e-08,-0.03857217774888629
5.79e-08,-0.036665927748886294
5.8e-08,-0.034572177748886296
5.81e-08,-0.03430654774888629
5.82e-08,-0.034572177748886296
5.83e-08,-0.032259677748886294
5.84e-08,-0.026572177748886296
5.85e-08,-0.020759677748886294
5.86e-08,-0.018572175748886293
5.87e-08,-0.02163467774888629
5.88e-08,-0.026572177748886296
5.89e-08,-0.029869047748886296
5.9e-08,-0.030572177748886292
5.91e-08,-0.030322177748886292
5.92e-08,-0.030572177748886292
5.93e-08,-0.031165927748886296
5.94e-08,-0.030572177748886292
5.95e-08,-0.02850967774888629
5.96e-08,-0.026572177748886296
5.97e-08,-0.025306547748886292
5.98e-08,-0.022572177748886292
5.99e-08,-0.018822175748886293
6e-08,-0.018572175748886293
6.01e-08,-0.02443154774888629
6.02e-08,-0.030572177748886292
6.03e-08,-0.0319784277488863
6.04e-08,-0.030572177748886292
6.05e-08,-0.03143154774888629
6.06e-08,-0.034572177748886296
6.07e-08,-0.03633779774888629
6.08e-08,-0.034572177748886296
6.09e-08,-0.03124404774888629
6.1e-08,-0.030572177748886292
6.11e-08,-0.03416592774888629
6.12e-08,-0.03857217774888629
6.13e-08,-0.03993154774888629
6.14e-08,-0.03857217774888629
6.15e-08,-0.03782217774888629
6.16e-08,-0.03857217774888629
6.17e-08,-0.04054092774888629
6.18e-08,-0.042572177748886296
6.19e-08,-0.0448221777488863
6.2e-08,-0.04657217774888629
6.21e-08,-0.0481190477488863
6.22e-08,-0.050572177748886296
6.23e-08,-0.054290927748886296
6.24e-08,-0.058572177748886296
6.25e-08,-0.0623065477488863
6.26e-08,-0.0665721777488863
6.27e-08,-0.06988467774888629
6.28e-08,-0.07057217774888629
6.29e-08,-0.06675967774888629
6.3e-08,-0.06257217774888629
6.31e-08,-0.059994047748886295
6.32e-08,-0.058572177748886296
6.33e-08,-0.0550409277488863
6.34e-08,-0.050572177748886296
6.35e-08,-0.04744717774888629
6.36e-08,-0.04657217774888629
6.37e-08,-0.0469315477488863
6.38e-08,-0.04657217774888629
6.39e-08,-0.0440252977488863
6.4e-08,-0.03857217774888629
6.41e-08,-0.032759677748886294
6.42e-08,-0.030572177748886292
6.43e-08,-0.03386904774888629
6.44e-08,-0.03857217774888629
6.45e-08,-0.040384677748886294
6.46e-08,-0.03857217774888629
6.47e-08,-0.03479092774888629
6.48e-08,-0.030572177748886292
6.49e-08,-0.026415927748886292
6.5e-08,-0.022572177748886292
6.51e-08,-0.020853427748886294
6.52e-08,-0.022572177748886292
6.53e-08,-0.026103427748886292
6.54e-08,-0.026572177748886296
6.55e-08,-0.022462797748886293
6.56e-08,-0.018572175748886293
6.57e-08,-0.019744050748886292
6.58e-08,-0.022572177748886292
6.59e-08,-0.022322177748886292
6.6e-08,-0.018572175748886293
6.61e-08,-0.015431550748886294
6.62e-08,-0.014572175748886293
6.63e-08,-0.016025300748886293
6.64e-08,-0.018572175748886293
6.65e-08,-0.021244047748886295
6.66e-08,-0.022572177748886292
6.67e-08,-0.023447177748886293
6.68e-08,-0.026572177748886296
6.69e-08,-0.031478427748886297
6.7e-08,-0.034572177748886296
6.71e-08,-0.0320409277488863
6.72e-08,-0.026572177748886296
6.73e-08,-0.022369047748886293
6.74e-08,-0.022572177748886292
6.75e-08,-0.024275297748886294
6.76e-08,-0.022572177748886292
6.77e-08,-0.016197175748886294
6.78e-08,-0.010572175960747294
6.79e-08,-0.009853425948886293
6.8e-08,-0.010572175960747294
6.81e-08,-0.008978425748886293
6.82e-08,-0.006572175748886294
6.83e-08,-0.007540925748886294
6.84e-08,-0.010572175960747294
6.85e-08,-0.011994050748886294
6.86e-08,-0.010572175960747294
6.87e-08,-0.007962800748886294
6.88e-08,-0.006572175748886294
6.89e-08,-0.006587800748886294
6.9e-08,-0.006572175748886294
6.91e-08,-0.004837800748886294
6.92e-08,-0.0025721757488862927
6.93e-08,-0.0006659257488862928
6.94e-08,0.0014278222511137067
6.95e-08,0.005162202251113706
6.96e-08,0.009427822251113707
6.97e-08,0.012224702251113705
6.98e-08,0.013427822251113707
6.99e-08,0.013459072251113707
7e-08,0.013427822251113707
7.01e-08,0.014443452251113707
7.02e-08,0.01742782225111371
7.03e-08,0.0218184522511137
7.04e-08,0.025427822251113702
7.05e-08,0.025427822251113702
7.06e-08,0.021427822251113705
7.07e-08,0.017021572251113705
7.08e-08,0.01742782225111371
7.09e-08,0.024709072251113705
7.1e-08,0.0334278222511137
7.11e-08,0.0378809522511137
7.12e-08,0.037427822251113706
7.13e-08,0.036162202251113704
7.14e-08,0.037427822251113706
7.15e-08,0.0413497022511137
7.16e-08,0.045427822251113706
7.17e-08,0.04780282225111371
7.18e-08,0.0494278222511137
7.19e-08,0.052224702251113704
7.2e-08,0.05742782225111371
7.21e-08,0.06249032225111371
7.22e-08,0.06542782225111371
7.23e-08,0.0643340722511137
7.24e-08,0.0614278222511137
7.25e-08,0.05942782225111371
7.26e-08,0.0614278222511137
7.27e-08,0.06503720225111372
7.28e-08,0.06542782225111371
7.29e-08,0.059990322251113705
7.3e-08,0.053427822251113706
7.31e-08,0.051177822251113704
7.32e-08,0.053427822251113706
7.33e-08,0.0564903222511137
7.34e-08,0.05742782225111371
7.35e-08,0.056880952251113705
7.36e-08,0.05742782225111371
7.37e-08,0.05970907225111371
7.38e-08,0.0614278222511137
7.39e-08,0.06008407225111371
7.4e-08,0.05742782225111371
7.41e-08,0.05514657225111371
7.42e-08,0.053427822251113706
7.43e-08,0.05102157225111371
7.44e-08,0.0494278222511137
7.45e-08,0.0494122022511137
7.46e-08,0.0494278222511137
7.47e-08,0.046974702251113706
7.48e-08,0.0414278222511137
7.49e-08,0.035802822251113704
7.5e-08,0.0334278222511137
7.51e-08,0.03556845225111371
7.52e-08,0.037427822251113706
7.53e-08,0.037162202251113705
7.54e-08,0.037427822251113706
7.55e-08,0.041380952251113705
7.56e-08,0.045427822251113706
7.57e-08,0.046115322251113706
7.58e-08,0.045427822251113706
7.59e-08,0.0470059522511137
7.6e-08,0.0494278222511137
7.61e-08,0.049959072251113706
7.62e-08,0.0494278222511137
7.63e-08,0.0493028222511137
7.64e-08,0.0494278222511137
7.65e-08,0.0486153222511137
7.66e-08,0.0494278222511137
7.67e-08,0.0527559522511137
7.68e-08,0.05742782225111371
7.69e-08,0.0602715722511137
7.7e-08,0.0614278222511137
7.71e-08,0.059412202251113704
7.72e-08,0.053427822251113706
7.73e-08,0.043130952251113706
7.74e-08,0.0334278222511137
7.75e-08,0.0288965722511137
7.76e-08,0.029427822251113706
7.77e-08,0.03192782225111371
7.78e-08,0.0334278222511137
7.79e-08,0.0327403222511137
7.8e-08,0.029427822251113706
7.81e-08,0.025865322251113702
7.82e-08,0.025427822251113702
7.83e-08,0.028459072251113708
7.84e-08,0.029427822251113706
7.85e-08,0.025505952251113705
7.86e-08,0.021427822251113705
7.87e-08,0.021099702251113704
7.88e-08,0.021427822251113705
7.89e-08,0.018146572251113706
7.9e-08,0.013427822251113707
7.91e-08,0.011990322251113706
7.92e-08,0.013427822251113707
7.93e-08,0.014521572251113708
7.94e-08,0.013427822251113707
7.95e-08,0.011177822251113705
7.96e-08,0.009427822251113707
7.97e-08,0.009224702251113706
7.98e-08,0.009427822251113707
7.99e-08,0.009271572251113707
8e-08,0.009427822251113707
8.01e-08,0.010209072251113708
8.02e-08,0.009427822251113707
8.03e-08,0.006474702251113707
8.04e-08,0.005427822251113707
8.05e-08,0.007709072251113705
8.06e-08,0.009427822251113707
8.07e-08,0.0071934522511137074
8.08e-08,0.005427822251113707
8.09e-08,0.007334072251113705
8.1e-08,0.009427822251113707
8.11e-08,0.005787202251113706
8.12e-08,-0.0025721757488862927
8.13e-08,-0.010353425948886294
8.14e-08,-0.014572175748886293
8.15e-08,-0.015197175748886294
8.16e-08,-0.014572175748886293
8.17e-08,-0.014150300748886294
8.18e-08,-0.014572175748886293
8.19e-08,-0.013822175748886294
8.2e-08,-0.010572175960747294
8.21e-08,-0.005572175748886294
8.22e-08,-0.0025721757488862927
8.23e-08,-0.004650300748886294
8.24e-08,-0.010572175960747294
8.25e-08,-0.016556550748886293
8.26e-08,-0.018572175748886293
8.27e-08,-0.016572175748886295
8.28e-08,-0.014572175748886293
8.29e-08,-0.015619050748886294
8.3e-08,-0.018572175748886293
8.31e-08,-0.02077529774888629
8.32e-08,-0.022572177748886292
8.33e-08,-0.023697177748886293
8.34e-08,-0.022572177748886292
8.35e-08,-0.018228425748886293
8.36e-08,-0.014572175748886293
8.37e-08,-0.014212800748886294
8.38e-08,-0.014572175748886293
8.39e-08,-0.012712800748886293
8.4e-08,-0.010572175960747294
8.41e-08,-0.011525300948886293
8.42e-08,-0.014572175748886293
8.43e-08,-0.017400300748886294
8.44e-08,-0.018572175748886293
8.45e-08,-0.017994050748886294
8.46e-08,-0.014572175748886293
8.47e-08,-0.009603425948886293
8.48e-08,-0.006572175748886294
8.49e-08,-0.008775300748886293
8.5e-08,-0.014572175748886293
8.51e-08,-0.02025967574888629
8.52e-08,-0.022572177748886292
8.53e-08,-0.022150297748886293
8.54e-08,-0.022572177748886292
8.55e-08,-0.02499404774888629
8.56e-08,-0.026572177748886296
8.57e-08,-0.02499404774888629
8.58e-08,-0.022572177748886292
8.59e-08,-0.022915927748886296
8.6e-08,-0.026572177748886296
8.61e-08,-0.029150297748886292
8.62e-08,-0.026572177748886296
8.63e-08,-0.02058779774888629
8.64e-08,-0.018572175748886293
8.65e-08,-0.024103427748886293
8.66e-08,-0.030572177748886292
8.67e-08,-0.030744047748886297
8.68e-08,-0.026572177748886296
8.69e-08,-0.02449404774888629
8.7e-08,-0.026572177748886296
8.71e-08,-0.029681547748886296
8.72e-08,-0.030572177748886292
8.73e-08,-0.028494047748886295
8.74e-08,-0.026572177748886296
8.75e-08,-0.026197177748886295
8.76e-08,-0.026572177748886296
8.77e-08,-0.026025297748886296
8.78e-08,-0.026572177748886296
8.79e-08,-0.028165927748886294
8.8e-08,-0.026572177748886296
8.81e-08,-0.019103425748886294
8.82e-08,-0.010572175960747294
8.83e-08,-0.006697175748886294
8.84e-08,-0.006572175748886294
8.85e-08,-0.006931550748886293
8.86e-08,-0.006572175748886294
8.87e-08,-0.007681550748886294
8.88e-08,-0.010572175960747294
8.89e-08,-0.014009675748886294
8.9e-08,-0.014572175748886293
8.91e-08,-0.011494050948886293
8.92e-08,-0.006572175748886294
8.93e-08,-0.0032596757488862933
8.94e-08,-0.0025721757488862927
8.95e-08,-0.004056550748886293
8.96e-08,-0.006572175748886294
8.97e-08,-0.010103425948886293
8.98e-08,-0.014572175748886293
8.99e-08,-0.018228425748886293
9e-08,-0.018572175748886293
9.01e-08,-0.014744050748886295
9.02e-08,-0.010572175960747294
9.03e-08,-0.009400300748886294
9.04e-08,-0.010572175960747294
9.05e-08,-0.011087800948886294
9.06e-08,-0.010572175960747294
9.07e-08,-0.009072175748886293
9.08e-08,-0.006572175748886294
9.09e-08,-0.0035409257488862936
9.1e-08,-0.0025721757488862927
9.11e-08,-0.004665925748886294
9.12e-08,-0.006572175748886294
9.13e-08,-0.0053846757488862935
9.14e-08,-0.0025721757488862927
9.15e-08,-0.0004002977488862941
9.16e-08,0.0014278222511137067
9.17e-08,0.003818452251113706
9.18e-08,0.005427822251113707
9.19e-08,0.005240322251113707
9.2e-08,0.005427822251113707
9.21e-08,0.007505952251113708
9.22e-08,0.009427822251113707
9.23e-08,0.009490322251113707
9.24e-08,0.009427822251113707
9.25e-08,0.011052822251113705
9.26e-08,0.013427822251113707
9.27e-08,0.014084072251113708
9.28e-08,0.013427822251113707
9.29e-08,0.013755952251113706
9.3e-08,0.01742782225111371
9.31e-08,0.022896572251113703
9.32e-08,0.025427822251113702
9.33e-08,0.022224702251113705
9.34e-08,0.01742782225111371
9.35e-08,0.014880952251113707
9.36e-08,0.013427822251113707
9.37e-08,0.011849702251113708
9.38e-08,0.013427822251113707
9.39e-08,0.019896572251113707
9.4e-08,0.025427822251113702
9.41e-08,0.024755952251113704
9.42e-08,0.021427822251113705
9.43e-08,0.020677822251113705
9.44e-08,0.021427822251113705
9.45e-08,0.021177822251113705
9.46e-08,0.021427822251113705
9.47e-08,0.023771572251113704
9.48e-08,0.025427822251113702
9.49e-08,0.023724702251113707
9.5e-08,0.021427822251113705
9.51e-08,0.022427822251113706
9.52e-08,0.025427822251113702
9.53e-08,0.028037202251113703
9.54e-08,0.029427822251113706
9.55e-08,0.030209072251113703
9.56e-08,0.029427822251113706
9.57e-08,0.028052822251113704
9.58e-08,0.029427822251113706
9.59e-08,0.035130952251113706
9.6e-08,0.0414278222511137
9.61e-08,0.0444590722511137
9.62e-08,0.045427822251113706
9.63e-08,0.046787202251113706
9.64e-08,0.0494278222511137
9.65e-08,0.05064657225111371
9.66e-08,0.0494278222511137
9.67e-08,0.04649032225111371
9.68e-08,0.045427822251113706
9.69e-08,0.04717782225111371
9.7e-08,0.0494278222511137
9.71e-08,0.048709072251113705
9.72e-08,0.045427822251113706
9.73e-08,0.042318452251113706
9.74e-08,0.0414278222511137
9.75e-08,0.042943452251113706
9.76e-08,0.045427822251113706
9.77e-08,0.04774032225111371
9.78e-08,0.0494278222511137
9.79e-08,0.0499747022511137
9.8e-08,0.0494278222511137
9.81e-08,0.04742782225111371
9.82e-08,0.045427822251113706
9.83e-08,0.04456845225111371
9.84e-08,0.045427822251113706
9.85e-08,0.04630282225111371
9.86e-08,0.045427822251113706
9.87e-08,0.041818452251113705
9.88e-08,0.037427822251113706
9.89e-08,0.0345997022511137
9.9e-08,0.0334278222511137
9.91e-08,0.033271572251113705
9.92e-08,0.0334278222511137
9.93e-08,0.033880952251113705
9.94e-08,0.0334278222511137
9.95e-08,0.0327403222511137
9.96e-08,0.0334278222511137
9.97e-08,0.036115322251113705
9.98e-08,0.037427822251113706
9.99e-08,0.0355997022511137
1e-07,0.0334278222511137
1.001e-07,0.0342403222511137
1.002e-07,0.037427822251113706
1.003e-07,0.03992782225111371
1.004e-07,0.0414278222511137
1.005e-07,0.041771572251113706
1.006e-07,0.0414278222511137
1.007e-07,0.03942782225111371
1.008e-07,0.037427822251113706
1.009e-07,0.03552157225111371
1.01e-07,0.0334278222511137
1.011e-07,0.0297559522511137
1.012e-07,0.025427822251113702
1.013e-07,0.021177822251113705
1.014e-07,0.01742782225111371
1.015e-07,0.014615322251113708
1.016e-07,0.013427822251113707
1.017e-07,0.013755952251113706
1.018e-07,0.013427822251113707
1.019e-07,0.011552822251113705
1.02e-07,0.009427822251113707
1.021e-07,0.008927822251113706
1.022e-07,0.009427822251113707
1.023e-07,0.008771572251113706
1.024e-07,0.005427822251113707
1.025e-07,0.000615322251113706
1.026e-07,-0.0025721757488862927
1.027e-07,-0.002884675748886294
1.028e-07,-0.0025721757488862927
1.029e-07,-0.004009675748886294
1.03e-07,-0.006572175748886294
1.031e-07,-0.007634675748886294
1.032e-07,-0.006572175748886294
1.033e-07,-0.005244050748886293
1.034e-07,-0.006572175748886294
1.035e-07,-0.010603425958886293
1.036e-07,-0.014572175748886293
1.037e-07,-0.015619050748886294
1.038e-07,-0.014572175748886293
1.039e-07,-0.013978425748886294
1.04e-07,-0.014572175748886293
1.041e-07,-0.015275300748886294
1.042e-07,-0.014572175748886293
1.043e-07,-0.012462800748886293
1.044e-07,-0.010572175960747294
1.045e-07,-0.011150300948886294
1.046e-07,-0.014572175748886293
1.047e-07,-0.02038467574888629
1.048e-07,-0.026572177748886296
1.049e-07,-0.030853427748886296
1.05e-07,-0.030572177748886292
1.051e-07,-0.026259677748886295
1.052e-07,-0.022572177748886292
1.053e-07,-0.023244047748886294
1.054e-07,-0.026572177748886296
1.055e-07,-0.030134677748886292
1.056e-07,-0.034572177748886296
1.057e-07,-0.039837797748886294
1.058e-07,-0.042572177748886296
1.059e-07,-0.040775297748886295
1.06e-07,-0.03857217774888629
1.061e-07,-0.040009677748886294
1.062e-07,-0.042572177748886296
1.063e-07,-0.042931547748886294
1.064e-07,-0.042572177748886296
1.065e-07,-0.044119047748886295
1.066e-07,-0.04657217774888629
1.067e-07,-0.048259677748886294
1.068e-07,-0.050572177748886296
1.069e-07,-0.0546815477488863
1.07e-07,-0.058572177748886296
1.071e-07,-0.0595252977488863
1.072e-07,-0.058572177748886296
1.073e-07,-0.05779092774888629
1.074e-07,-0.058572177748886296
1.075e-07,-0.0593377977488863
1.076e-07,-0.058572177748886296
1.077e-07,-0.0561190477488863
1.078e-07,-0.05457217774888629
1.079e-07,-0.055775297748886295
1.08e-07,-0.058572177748886296
1.081e-07,-0.0599471777488863
1.082e-07,-0.058572177748886296
1.083e-07,-0.0559315477488863
1.084e-07,-0.05457217774888629
1.085e-07,-0.0559940477488863
1.086e-07,-0.058572177748886296
1.087e-07,-0.059931547748886295
1.088e-07,-0.058572177748886296
1.089e-07,-0.0557909277488863
1.09e-07,-0.05457217774888629
1.091e-07,-0.056322177748886294
1.092e-07,-0.058572177748886296
1.093e-07,-0.060103427748886294
1.094e-07,-0.06257217774888629
1.095e-07,-0.06596279774888629
1.096e-07,-0.0665721777488863
1.097e-07,-0.062400297748886294
1.098e-07,-0.058572177748886296
1.099e-07,-0.0605096777488863
1.1e-07,-0.0665721777488863
1.101e-07,-0.0698065477488863
1.102e-07,-0.0665721777488863
1.103e-07,-0.0591502977488863
1.104e-07,-0.05457217774888629
1.105e-07,-0.056822177748886295
1.106e-07,-0.06257217774888629
1.107e-07,-0.0654002977488863
1.108e-07,-0.06257217774888629
1.109e-07,-0.05711904774888629
1.11e-07,-0.05457217774888629
1.111e-07,-0.0564784277488863
1.112e-07,-0.058572177748886296
1.113e-07,-0.057400297748886296
1.114e-07,-0.05457217774888629
1.115e-07,-0.053619047748886296
1.116e-07,-0.05457217774888629
1.117e-07,-0.0551190477488863
1.118e-07,-0.05457217774888629
1.119e-07,-0.0541815477488863
1.12e-07,-0.05457217774888629
1.121e-07,-0.0551190477488863
1.122e-07,-0.05457217774888629
1.123e-07,-0.05265029774888629
1.124e-07,-0.050572177748886296
1.125e-07,-0.0500877977488863
1.126e-07,-0.050572177748886296
1.127e-07,-0.0507752977488863
1.128e-07,-0.050572177748886296
1.129e-07,-0.050509677748886296
1.13e-07,-0.050572177748886296
1.131e-07,-0.0514471777488863
1.132e-07,-0.05457217774888629
1.133e-07,-0.05841592774888629
1.134e-07,-0.058572177748886296
1.135e-07,-0.05290029774888629
1.136e-07,-0.04657217774888629
1.137e-07,-0.0447596777488863
1.138e-07,-0.04657217774888629
1.139e-07,-0.0477284277488863
1.14e-07,-0.04657217774888629
1.141e-07,-0.0443377977488863
1.142e-07,-0.042572177748886296
1.143e-07,-0.04199404774888629
1.144e-07,-0.042572177748886296
1.145e-07,-0.0433846777488863
1.146e-07,-0.042572177748886296
1.147e-07,-0.040259677748886294
1.148e-07,-0.03857217774888629
1.149e-07,-0.03844717774888629
1.15e-07,-0.03857217774888629
1.151e-07,-0.036869047748886295
1.152e-07,-0.034572177748886296
1.153e-07,-0.03361904774888629
1.154e-07,-0.034572177748886296
1.155e-07,-0.03571279774888629
1.156e-07,-0.034572177748886296
1.157e-07,-0.029915927748886295
1.158e-07,-0.022572177748886292
1.159e-07,-0.015259675748886294
1.16e-07,-0.010572175960747294
1.161e-07,-0.010759675948886294
1.162e-07,-0.014572175748886293
1.163e-07,-0.02071279774888629
1.164e-07,-0.026572177748886296
1.165e-07,-0.029462797748886292
1.166e-07,-0.026572177748886296
1.167e-07,-0.019509675748886294
1.168e-07,-0.014572175748886293
1.169e-07,-0.015587800748886294
1.17e-07,-0.018572175748886293
1.171e-07,-0.018665925748886293
1.172e-07,-0.018572175748886293
1.173e-07,-0.02058779774888629
1.174e-07,-0.022572177748886292
1.175e-07,-0.021009677748886294
1.176e-07,-0.018572175748886293
1.177e-07,-0.017181550748886294
1.178e-07,-0.014572175748886293
1.179e-07,-0.007462800748886294
1.18e-07,0.0014278222511137067
1.181e-07,0.006724702251113707
1.182e-07,0.005427822251113707
1.183e-07,0.0010997022511137072
1.184e-07,0.0014278222511137067
1.185e-07,0.008084072251113706
1.186e-07,0.013427822251113707
1.187e-07,0.011849702251113708
1.188e-07,0.009427822251113707
1.189e-07,0.013427822251113707
1.19e-07,0.021427822251113705
1.191e-07,0.025959072251113706
1.192e-07,0.025427822251113702
1.193e-07,0.023912202251113707
1.194e-07,0.025427822251113702
1.195e-07,0.029787202251113705
1.196e-07,0.0334278222511137
1.197e-07,0.0338497022511137
1.198e-07,0.0334278222511137
1.199e-07,0.034880952251113706
1.2e-07,0.037427822251113706
1.201e-07,0.03911532225111371
1.202e-07,0.0414278222511137
1.203e-07,0.0455215722511137
1.204e-07,0.0494278222511137
1.205e-07,0.05008407225111371
1.206e-07,0.0494278222511137
1.207e-07,0.049255952251113705
1.208e-07,0.0494278222511137
1.209e-07,0.0488653222511137
1.21e-07,0.0494278222511137
1.211e-07,0.05058407225111371
1.212e-07,0.0494278222511137
1.213e-07,0.0447090722511137
1.214e-07,0.0414278222511137
1.215e-07,0.04383407225111371
1.216e-07,0.0494278222511137
1.217e-07,0.0522090722511137
1.218e-07,0.0494278222511137
1.219e-07,0.044099702251113704
1.22e-07,0.0414278222511137
1.221e-07,0.04331845225111371
1.222e-07,0.045427822251113706
1.223e-07,0.04438095225111371
1.224e-07,0.0414278222511137
1.225e-07,0.0414122022511137
1.226e-07,0.045427822251113706
1.227e-07,0.05077157225111371
1.228e-07,0.053427822251113706
1.229e-07,0.0532403222511137
1.23e-07,0.053427822251113706
1.231e-07,0.05667782225111371
1.232e-07,0.0614278222511137
1.233e-07,0.06336532225111371
1.234e-07,0.0614278222511137
1.235e-07,0.058130952251113706
1.236e-07,0.05742782225111371
1.237e-07,0.0605528222511137
1.238e-07,0.06542782225111371
1.239e-07,0.06783407225111371
1.24e-07,0.06542782225111371
1.241e-07,0.06095907225111371
1.242e-07,0.0614278222511137
1.243e-07,0.06800595225111371
1.244e-07,0.07342782225111372
1.245e-07,0.07222470225111371
1.246e-07,0.06942782225111371
1.247e-07,0.07061532225111371
1.248e-07,0.07342782225111372
1.249e-07,0.07136532225111371
1.25e-07,0.06542782225111371
1.251e-07,0.0608497022511137
1.252e-07,0.0614278222511137
1.253e-07,0.06572470225111371
1.254e-07,0.06942782225111371
1.255e-07,0.06900595225111371
1.256e-07,0.06542782225111371
1.257e-07,0.0612247022511137
1.258e-07,0.05742782225111371
1.259e-07,0.0543340722511137
1.26e-07,0.053427822251113706
1.261e-07,0.05530282225111371
1.262e-07,0.05742782225111371
1.263e-07,0.0577715722511137
1.264e-07,0.05742782225111371
1.265e-07,0.057630952251113705
1.266e-07,0.05742782225111371
1.267e-07,0.05469345225111371
1.268e-07,0.0494278222511137
1.269e-07,0.0448965722511137
1.27e-07,0.045427822251113706
1.271e-07,0.05045907225111371
1.272e-07,0.053427822251113706
1.273e-07,0.05020907225111371
1.274e-07,0.045427822251113706
1.275e-07,0.04444345225111371
1.276e-07,0.045427822251113706
1.277e-07,0.04408407225111371
1.278e-07,0.0414278222511137
1.279e-07,0.040568452251113704
1.28e-07,0.0414278222511137
1.281e-07,0.0417872022511137
1.282e-07,0.0414278222511137
1.283e-07,0.04022470225111371
1.284e-07,0.037427822251113706
1.285e-07,0.03309970225111371
1.286e-07,0.029427822251113706
1.287e-07,0.028334072251113708
1.288e-07,0.029427822251113706
1.289e-07,0.030537202251113706
1.29e-07,0.029427822251113706
1.291e-07,0.026755952251113706
1.292e-07,0.025427822251113702
1.293e-07,0.026334072251113706
1.294e-07,0.025427822251113702
1.295e-07,0.0209590722511137
1.296e-07,0.01742782225111371
1.297e-07,0.01878720225111371
1.298e-07,0.021427822251113705
1.299e-07,0.021552822251113705
1.3e-07,0.021427822251113705
1.301e-07,0.023818452251113703
1.302e-07,0.025427822251113702
1.303e-07,0.022380952251113702
1.304e-07,0.01742782225111371
1.305e-07,0.015521572251113705
1.306e-07,0.01742782225111371
1.307e-07,0.020224702251113703
1.308e-07,0.021427822251113705
1.309e-07,0.020130952251113707
1.31e-07,0.01742782225111371
1.311e-07,0.014771572251113708
1.312e-07,0.013427822251113707
1.313e-07,0.013287202251113706
1.314e-07,0.013427822251113707
1.315e-07,0.013490322251113707
1.316e-07,0.013427822251113707
1.317e-07,0.013334072251113707
1.318e-07,0.013427822251113707
1.319e-07,0.012474702251113705
1.32e-07,0.009427822251113707
1.321e-07,0.005677822251113707
1.322e-07,0.005427822251113707
1.323e-07,0.009724702251113706
1.324e-07,0.013427822251113707
1.325e-07,0.011271572251113705
1.326e-07,0.005427822251113707
1.327e-07,0.0003028222511137057
1.328e-07,-0.0025721757488862927
1.329e-07,-0.0037596757488862938
1.33e-07,-0.0025721757488862927
1.331e-07,0.0003340722511137057
1.332e-07,0.0014278222511137067
1.333e-07,-0.0018846757488862938
1.334e-07,-0.006572175748886294
1.335e-07,-0.009181550748886293
1.336e-07,-0.010572175960747294
1.337e-07,-0.012431550748886293
1.338e-07,-0.014572175748886293
1.339e-07,-0.016165925748886294
1.34e-07,-0.018572175748886293
1.341e-07,-0.02163467774888629
1.342e-07,-0.022572177748886292
1.343e-07,-0.019134675748886294
1.344e-07,-0.014572175748886293
1.345e-07,-0.012697175748886293
1.346e-07,-0.014572175748886293
1.347e-07,-0.017556550748886294
1.348e-07,-0.018572175748886293
1.349e-07,-0.017978425748886293
1.35e-07,-0.018572175748886293
1.351e-07,-0.021556547748886296
1.352e-07,-0.022572177748886292
1.353e-07,-0.019150300748886295
1.354e-07,-0.014572175748886293
1.355e-07,-0.014525300748886295
1.356e-07,-0.018572175748886293
1.357e-07,-0.024275297748886294
1.358e-07,-0.030572177748886292
1.359e-07,-0.03633779774888629
1.36e-07,-0.03857217774888629
1.361e-07,-0.03632217774888629
1.362e-07,-0.034572177748886296
1.363e-07,-0.036290927748886294
1.364e-07,-0.03857217774888629
1.365e-07,-0.03725967774888629
1.366e-07,-0.034572177748886296
1.367e-07,-0.033712797748886296
1.368e-07,-0.034572177748886296
1.369e-07,-0.034884677748886296
1.37e-07,-0.034572177748886296
1.371e-07,-0.03460342774888629
1.372e-07,-0.034572177748886296
1.373e-07,-0.034259677748886296
1.374e-07,-0.034572177748886296
1.375e-07,-0.03633779774888629
1.376e-07,-0.03857217774888629
1.377e-07,-0.0396034277488863
1.378e-07,-0.03857217774888629
1.379e-07,-0.036119047748886295
1.38e-07,-0.034572177748886296
1.381e-07,-0.0344627977488863
1.382e-07,-0.034572177748886296
1.383e-07,-0.03416592774888629
1.384e-07,-0.034572177748886296
1.385e-07,-0.03671279774888629
1.386e-07,-0.03857217774888629
1.387e-07,-0.036728427748886294
1.388e-07,-0.030572177748886292
1.389e-07,-0.024040927748886293
1.39e-07,-0.022572177748886292
1.391e-07,-0.027947177748886297
1.392e-07,-0.034572177748886296
1.393e-07,-0.036806547748886295
1.394e-07,-0.034572177748886296
1.395e-07,-0.0316659277488863
1.396e-07,-0.030572177748886292
1.397e-07,-0.030884677748886293
1.398e-07,-0.030572177748886292
1.399e-07,-0.029806547748886296
1.4e-07,-0.030572177748886292
1.401e-07,-0.033212797748886295
1.402e-07,-0.034572177748886296
1.403e-07,-0.032712797748886295
1.404e-07,-0.030572177748886292
1.405e-07,-0.031837797748886294
1.406e-07,-0.034572177748886296
1.407e-07,-0.03533779774888629
1.408e-07,-0.034572177748886296
1.409e-07,-0.034134677748886295
1.41e-07,-0.034572177748886296
1.411e-07,-0.035619047748886294
1.412e-07,-0.03857217774888629
1.413e-07,-0.04211904774888629
1.414e-07,-0.042572177748886296
1.415e-07,-0.03738467774888629
1.416e-07,-0.030572177748886292
1.417e-07,-0.026759677748886296
1.418e-07,-0.026572177748886296
1.419e-07,-0.027181547748886294
1.42e-07,-0.026572177748886296
1.421e-07,-0.024603427748886294
1.422e-07,-0.022572177748886292
1.423e-07,-0.02175967774888629
1.424e-07,-0.022572177748886292
1.425e-07,-0.023681547748886294
1.426e-07,-0.022572177748886292
1.427e-07,-0.018603425748886293
1.428e-07,-0.014572175748886293
1.429e-07,-0.012134675748886294
1.43e-07,-0.010572175960747294
1.431e-07,-0.008353425748886294
1.432e-07,-0.006572175748886294
1.433e-07,-0.006478425748886294
1.434e-07,-0.006572175748886294
1.435e-07,-0.004290925748886293
1.436e-07,0.0014278222511137067
1.437e-07,0.008365322251113706
1.438e-07,0.013427822251113707
1.439e-07,0.014505952251113707
1.44e-07,0.013427822251113707
1.441e-07,0.011662202251113708
1.442e-07,0.009427822251113707
1.443e-07,0.006584072251113708
1.444e-07,0.005427822251113707
1.445e-07,0.008021572251113706
1.446e-07,0.013427822251113707
1.447e-07,0.01853720225111371
1.448e-07,0.021427822251113705
1.449e-07,0.021802822251113706
1.45e-07,0.021427822251113705
1.451e-07,0.021193452251113708
1.452e-07,0.021427822251113705
1.453e-07,0.021365322251113705
1.454e-07,0.021427822251113705
1.455e-07,0.021505952251113708
1.456e-07,0.021427822251113705
1.457e-07,0.020115322251113704
1.458e-07,0.01742782225111371
1.459e-07,0.014693452251113707
1.46e-07,0.013427822251113707
1.461e-07,0.014787202251113707
1.462e-07,0.01742782225111371
1.463e-07,0.019896572251113707
1.464e-07,0.021427822251113705
1.465e-07,0.022990322251113707
1.466e-07,0.025427822251113702
1.467e-07,0.028271572251113708
1.468e-07,0.029427822251113706
1.469e-07,0.027896572251113708
1.47e-07,0.025427822251113702
1.471e-07,0.024193452251113703
1.472e-07,0.025427822251113702
1.473e-07,0.027896572251113708
1.474e-07,0.029427822251113706
1.475e-07,0.030365322251113706
1.476e-07,0.0334278222511137
1.477e-07,0.037724702251113705
1.478e-07,0.037427822251113706
1.479e-07,0.030709072251113703
1.48e-07,0.025427822251113702
1.481e-07,0.0288965722511137
1.482e-07,0.037427822251113706
1.483e-07,0.04245907225111371
1.484e-07,0.0414278222511137
1.485e-07,0.038052822251113706
1.486e-07,0.037427822251113706
1.487e-07,0.03980282225111371
1.488e-07,0.0414278222511137
1.489e-07,0.0396309522511137
1.49e-07,0.037427822251113706
1.491e-07,0.038302822251113706
1.492e-07,0.0414278222511137
1.493e-07,0.042693452251113706
1.494e-07,0.0414278222511137
1.495e-07,0.03917782225111371
1.496e-07,0.037427822251113706
1.497e-07,0.0367715722511137
1.498e-07,0.037427822251113706
1.499e-07,0.0383184522511137
1.5e-07,0.037427822251113706
1.501e-07,0.0347247022511137
1.502e-07,0.0334278222511137
1.503e-07,0.035177822251113704
1.504e-07,0.037427822251113706
1.505e-07,0.037724702251113705
1.506e-07,0.037427822251113706
1.507e-07,0.038037202251113705
1.508e-07,0.037427822251113706
1.509e-07,0.0336622022511137
1.51e-07,0.029427822251113706
1.511e-07,0.028177822251113704
1.512e-07,0.029427822251113706
1.513e-07,0.031271572251113704
1.514e-07,0.0334278222511137
1.515e-07,0.036099702251113704
1.516e-07,0.037427822251113706
1.517e-07,0.03595907225111371
1.518e-07,0.0334278222511137
1.519e-07,0.03136532225111371
1.52e-07,0.029427822251113706
1.521e-07,0.027849702251113703
1.522e-07,0.029427822251113706
1.523e-07,0.034146572251113706
1.524e-07,0.037427822251113706
1.525e-07,0.034990322251113704
1.526e-07,0.029427822251113706
1.527e-07,0.0257247022511137
1.528e-07,0.025427822251113702
1.529e-07,0.026177822251113703
1.53e-07,0.025427822251113702
1.531e-07,0.023115322251113707
1.532e-07,0.021427822251113705
1.533e-07,0.022427822251113706
1.534e-07,0.025427822251113702
1.535e-07,0.027334072251113707
1.536e-07,0.025427822251113702
1.537e-07,0.0207715722511137
1.538e-07,0.01742782225111371
1.539e-07,0.01822470225111371
1.54e-07,0.021427822251113705
1.541e-07,0.023115322251113707
1.542e-07,0.021427822251113705
1.543e-07,0.01822470225111371
1.544e-07,0.01742782225111371
1.545e-07,0.019787202251113703
1.546e-07,0.021427822251113705
1.547e-07,0.019740322251113704
1.548e-07,0.01742782225111371
1.549e-07,0.017271572251113705
1.55e-07,0.01742782225111371
1.551e-07,0.015552822251113705
1.552e-07,0.013427822251113707
1.553e-07,0.014177822251113708
1.554e-07,0.01742782225111371
1.555e-07,0.01934970225111371
1.556e-07,0.01742782225111371
1.557e-07,0.013646572251113707
1.558e-07,0.013427822251113707
1.559e-07,0.01817782225111371
1.56e-07,0.021427822251113705
1.561e-07,0.017349702251113708
1.562e-07,0.009427822251113707
1.563e-07,0.004584072251113706
1.564e-07,0.005427822251113707
1.565e-07,0.009505952251113706
1.566e-07,0.013427822251113707
1.567e-07,0.015896572251113704
1.568e-07,0.01742782225111371
1.569e-07,0.017209072251113705
1.57e-07,0.013427822251113707
1.571e-07,0.006396572251113708
1.572e-07,0.0014278222511137067
1.573e-07,0.0021934522511137065
1.574e-07,0.005427822251113707
1.575e-07,0.0063028222511137075
1.576e-07,0.005427822251113707
1.577e-07,0.005224702251113706
1.578e-07,0.005427822251113707
1.579e-07,0.0041934522511137065
1.58e-07,0.0014278222511137067
1.581e-07,-0.0011971757488862932
1.582e-07,-0.0025721757488862927
1.583e-07,-0.002869050748886294
1.584e-07,-0.0025721757488862927
1.585e-07,-0.0024315507488862943
1.586e-07,-0.0025721757488862927
1.587e-07,-0.0026190507488862928
1.588e-07,-0.0025721757488862927
1.589e-07,-0.0034003007488862935
1.59e-07,-0.006572175748886294
1.591e-07,-0.011431550948886293
1.592e-07,-0.014572175748886293
1.593e-07,-0.013462800748886294
1.594e-07,-0.010572175960747294
1.595e-07,-0.008353425748886294
1.596e-07,-0.006572175748886294
1.597e-07,-0.005150300748886293
1.598e-07,-0.006572175748886294
1.599e-07,-0.011322175948886293
1.6e-07,-0.014572175748886293
1.601e-07,-0.012087800748886294
1.602e-07,-0.006572175748886294
1.603e-07,-0.004228425748886293
1.604e-07,-0.006572175748886294
1.605e-07,-0.011384675948886293
1.606e-07,-0.014572175748886293
1.607e-07,-0.013962800748886294
1.608e-07,-0.010572175960747294
1.609e-07,-0.008165925748886294
1.61e-07,-0.010572175960747294
1.611e-07,-0.017228425748886292
1.612e-07,-0.022572177748886292
1.613e-07,-0.022478427748886295
1.614e-07,-0.018572175748886293
1.615e-07,-0.015119050748886293
1.616e-07,-0.014572175748886293
1.617e-07,-0.015275300748886294
1.618e-07,-0.014572175748886293
1.619e-07,-0.013103425748886293
1.62e-07,-0.014572175748886293
1.621e-07,-0.020540925748886295
1.622e-07,-0.026572177748886296
1.623e-07,-0.027197177748886296
1.624e-07,-0.022572177748886292
1.625e-07,-0.017212800748886294
1.626e-07,-0.014572175748886293
1.627e-07,-0.015494050748886294
1.628e-07,-0.018572175748886293
1.629e-07,-0.02157217774888629
1.63e-07,-0.022572177748886292
1.631e-07,-0.021931547748886296
1.632e-07,-0.022572177748886292
1.633e-07,-0.025119047748886292
1.634e-07,-0.026572177748886296
1.635e-07,-0.024962797748886295
1.636e-07,-0.022572177748886292
1.637e-07,-0.022103427748886295
1.638e-07,-0.022572177748886292
1.639e-07,-0.02132217774888629
1.64e-07,-0.018572175748886293
1.641e-07,-0.017087800748886293
1.642e-07,-0.018572175748886293
1.643e-07,-0.022790927748886296
1.644e-07,-0.026572177748886296
1.645e-07,-0.027619047748886294
1.646e-07,-0.026572177748886296
1.647e-07,-0.02474404774888629
1.648e-07,-0.022572177748886292
1.649e-07,-0.020853427748886294
1.65e-07,-0.022572177748886292
1.651e-07,-0.027478427748886293
1.652e-07,-0.030572177748886292
1.653e-07,-0.027759677748886297
1.654e-07,-0.022572177748886292
1.655e-07,-0.019665925748886294
1.656e-07,-0.018572175748886293
1.657e-07,-0.016775300748886293
1.658e-07,-0.014572175748886293
1.659e-07,-0.013978425748886294
1.66e-07,-0.014572175748886293
1.661e-07,-0.015837800748886292
1.662e-07,-0.018572175748886293
1.663e-07,-0.02200967774888629
1.664e-07,-0.022572177748886292
1.665e-07,-0.018728425748886293
1.666e-07,-0.014572175748886293
1.667e-07,-0.013775300748886294
1.668e-07,-0.014572175748886293
1.669e-07,-0.013462800748886294
1.67e-07,-0.010572175960747294
1.671e-07,-0.008103425748886294
1.672e-07,-0.006572175748886294
1.673e-07,-0.005931550748886294
1.674e-07,-0.006572175748886294
1.675e-07,-0.008884675748886293
1.676e-07,-0.010572175960747294
1.677e-07,-0.010712800948886294
1.678e-07,-0.010572175960747294
1.679e-07,-0.011056550948886294
1.68e-07,-0.010572175960747294
1.681e-07,-0.008275300748886293
1.682e-07,-0.006572175748886294
1.683e-07,-0.007728425748886294
1.684e-07,-0.010572175960747294
1.685e-07,-0.011853425748886294
1.686e-07,-0.010572175960747294
1.687e-07,-0.008009675748886294
1.688e-07,-0.006572175748886294
1.689e-07,-0.006603425748886294
1.69e-07,-0.006572175748886294
1.691e-07,-0.004915925748886294
1.692e-07,-0.0025721757488862927
1.693e-07,-0.0016034257488862936
1.694e-07,-0.0025721757488862927
1.695e-07,-0.0037596757488862938
1.696e-07,-0.0025721757488862927
1.697e-07,0.0013340722511137066
1.698e-07,0.005427822251113707
1.699e-07,0.006693452251113707
1.7e-07,0.005427822251113707
1.701e-07,0.0032403222511137066
1.702e-07,0.0014278222511137067
1.703e-07,0.0004903222511137059
1.704e-07,0.0014278222511137067
1.705e-07,0.003912202251113706
1.706e-07,0.005427822251113707
1.707e-07,0.004943452251113707
1.708e-07,0.005427822251113707
1.709e-07,0.008052822251113706
1.71e-07,0.009427822251113707
1.711e-07,0.007271572251113705
1.712e-07,0.005427822251113707
1.713e-07,0.007115322251113705
1.714e-07,0.009427822251113707
1.715e-07,0.008365322251113706
1.716e-07,0.005427822251113707
1.717e-07,0.004240322251113706
1.718e-07,0.005427822251113707
1.719e-07,0.006537202251113707
1.72e-07,0.005427822251113707
1.721e-07,0.003818452251113706
1.722e-07,0.005427822251113707
1.723e-07,0.010459072251113708
1.724e-07,0.013427822251113707
1.725e-07,0.010177822251113708
1.726e-07,0.005427822251113707
1.727e-07,0.005255952251113706
1.728e-07,0.009427822251113707
1.729e-07,0.013005952251113706
1.73e-07,0.013427822251113707
1.731e-07,0.010459072251113708
1.732e-07,0.005427822251113707
1.733e-07,6.845225111370631e-05
1.734e-07,-0.0025721757488862927
1.735e-07,-0.0013378007488862934
1.736e-07,0.0014278222511137067
1.737e-07,0.003724702251113706
1.738e-07,0.005427822251113707
1.739e-07,0.006427822251113708
1.74e-07,0.005427822251113707
1.741e-07,0.001724702251113706
1.742e-07,-0.0025721757488862927
1.743e-07,-0.004228425748886293
1.744e-07,-0.0025721757488862927
1.745e-07,0.00031845225111370654
1.746e-07,0.0014278222511137067
1.747e-07,-0.00033779774888629405
1.748e-07,-0.0025721757488862927
1.749e-07,-0.0031503007488862932
1.75e-07,-0.0025721757488862927
1.751e-07,-0.0024159257488862943
1.752e-07,-0.0025721757488862927
1.753e-07,-0.0024940507488862944
1.754e-07,-0.0025721757488862927
1.755e-07,-0.004040925748886293
1.756e-07,-0.006572175748886294
1.757e-07,-0.009119050748886293
1.758e-07,-0.010572175960747294
1.759e-07,-0.010603425958886293
1.76e-07,-0.010572175960747294
1.761e-07,-0.010962800948886294
1.762e-07,-0.010572175960747294
1.763e-07,-0.009603425948886293
1.764e-07,-0.010572175960747294
1.765e-07,-0.013634675748886294
1.766e-07,-0.014572175748886293
1.767e-07,-0.010759675948886294
1.768e-07,-0.006572175748886294
1.769e-07,-0.008087800748886294
1.77e-07,-0.014572175748886293
1.771e-07,-0.020884677748886294
1.772e-07,-0.022572177748886292
1.773e-07,-0.019165925748886294
1.774e-07,-0.014572175748886293
1.775e-07,-0.012728425748886293
1.776e-07,-0.014572175748886293
1.777e-07,-0.018728425748886293
1.778e-07,-0.022572177748886292
1.779e-07,-0.024103427748886293
1.78e-07,-0.022572177748886292
1.781e-07,-0.018697175748886293
1.782e-07,-0.014572175748886293
1.783e-07,-0.013947175748886294
1.784e-07,-0.018572175748886293
1.785e-07,-0.026150297748886296
1.786e-07,-0.030572177748886292
1.787e-07,-0.029040927748886294
1.788e-07,-0.026572177748886296
1.789e-07,-0.028915927748886294
1.79e-07,-0.034572177748886296
1.791e-07,-0.037556547748886296
1.792e-07,-0.034572177748886296
1.793e-07,-0.02758779774888629
1.794e-07,-0.022572177748886292
1.795e-07,-0.024009677748886293
1.796e-07,-0.030572177748886292
1.797e-07,-0.038103427748886295
1.798e-07,-0.042572177748886296
1.799e-07,-0.04247842774888629
1.8e-07,-0.03857217774888629
1.801e-07,-0.0344627977488863
1.802e-07,-0.034572177748886296
1.803e-07,-0.040150297748886295
1.804e-07,-0.04657217774888629
1.805e-07,-0.0485409277488863
1.806e-07,-0.04657217774888629
1.807e-07,-0.044556547748886295
1.808e-07,-0.04657217774888629
1.809e-07,-0.051603427748886294
1.81e-07,-0.05457217774888629
1.811e-07,-0.0520252977488863
1.812e-07,-0.04657217774888629
1.813e-07,-0.042884677748886296
1.814e-07,-0.042572177748886296
1.815e-07,-0.044290927748886294
1.816e-07,-0.04657217774888629
1.817e-07,-0.0488534277488863
1.818e-07,-0.050572177748886296
1.819e-07,-0.0521971777488863
1.82e-07,-0.05457217774888629
1.821e-07,-0.0572909277488863
1.822e-07,-0.058572177748886296
1.823e-07,-0.056275297748886295
1.824e-07,-0.050572177748886296
1.825e-07,-0.045540927748886295
1.826e-07,-0.04657217774888629
1.827e-07,-0.053556547748886296
1.828e-07,-0.058572177748886296
1.829e-07,-0.0560409277488863
1.83e-07,-0.050572177748886296
1.831e-07,-0.049775297748886296
1.832e-07,-0.05457217774888629
1.833e-07,-0.060244047748886295
1.834e-07,-0.06257217774888629
1.835e-07,-0.0610721777488863
1.836e-07,-0.058572177748886296
1.837e-07,-0.05649404774888629
1.838e-07,-0.05457217774888629
1.839e-07,-0.052056547748886295
1.84e-07,-0.050572177748886296
1.841e-07,-0.0518846777488863
1.842e-07,-0.05457217774888629
1.843e-07,-0.055822177748886294
1.844e-07,-0.05457217774888629
1.845e-07,-0.052369047748886295
1.846e-07,-0.050572177748886296
1.847e-07,-0.050322177748886296
1.848e-07,-0.050572177748886296
1.849e-07,-0.050759677748886296
1.85e-07,-0.050572177748886296
1.851e-07,-0.051603427748886294
1.852e-07,-0.05457217774888629
1.853e-07,-0.05904092774888629
1.854e-07,-0.06257217774888629
1.855e-07,-0.0635409277488863
1.856e-07,-0.06257217774888629
1.857e-07,-0.06171279774888629
1.858e-07,-0.06257217774888629
1.859e-07,-0.06468154774888629
1.86e-07,-0.0665721777488863
1.861e-07,-0.06691592774888629
1.862e-07,-0.0665721777488863
1.863e-07,-0.06633779774888629
1.864e-07,-0.0665721777488863
1.865e-07,-0.0665252977488863
1.866e-07,-0.0665721777488863
1.867e-07,-0.0666815477488863
1.868e-07,-0.0665721777488863
1.869e-07,-0.06610342774888629
1.87e-07,-0.0665721777488863
1.871e-07,-0.0674002977488863
1.872e-07,-0.0665721777488863
1.873e-07,-0.0627440477488863
1.874e-07,-0.058572177748886296
1.875e-07,-0.057212797748886296
1.876e-07,-0.058572177748886296
1.877e-07,-0.0600721777488863
1.878e-07,-0.058572177748886296
1.879e-07,-0.05433779774888629
1.88e-07,-0.050572177748886296
1.881e-07,-0.04993154774888629
1.882e-07,-0.050572177748886296
1.883e-07,-0.051619047748886294
1.884e-07,-0.05457217774888629
1.885e-07,-0.0597752977488863
1.886e-07,-0.06257217774888629
1.887e-07,-0.0595096777488863
1.888e-07,-0.05457217774888629
1.889e-07,-0.052994047748886296
1.89e-07,-0.05457217774888629
1.891e-07,-0.055572177748886294
1.892e-07,-0.05457217774888629
1.893e-07,-0.052431547748886295
1.894e-07,-0.050572177748886296
1.895e-07,-0.049837797748886296
1.896e-07,-0.050572177748886296
1.897e-07,-0.051556547748886294
1.898e-07,-0.050572177748886296
1.899e-07,-0.0477909277488863
1.9e-07,-0.04657217774888629
1.901e-07,-0.0484315477488863
1.902e-07,-0.050572177748886296
1.903e-07,-0.04961904774888629
1.904e-07,-0.04657217774888629
1.905e-07,-0.0440096777488863
1.906e-07,-0.042572177748886296
1.907e-07,-0.04097842774888629
1.908e-07,-0.03857217774888629
1.909e-07,-0.036119047748886295
1.91e-07,-0.034572177748886296
1.911e-07,-0.03447842774888629
1.912e-07,-0.034572177748886296
1.913e-07,-0.03454092774888629
1.914e-07,-0.034572177748886296
1.915e-07,-0.035134677748886296
1.916e-07,-0.034572177748886296
1.917e-07,-0.03235342774888629
1.918e-07,-0.030572177748886292
1.919e-07,-0.03155654774888629
1.92e-07,-0.034572177748886296
1.921e-07,-0.037290927748886295
1.922e-07,-0.03857217774888629
1.923e-07,-0.037619047748886296
1.924e-07,-0.034572177748886296
1.925e-07,-0.030103427748886295
1.926e-07,-0.026572177748886296
1.927e-07,-0.025572177748886295
1.928e-07,-0.026572177748886296
1.929e-07,-0.02746279774888629
1.93e-07,-0.026572177748886296
1.931e-07,-0.02424404774888629
1.932e-07,-0.022572177748886292
1.933e-07,-0.022650297748886293
1.934e-07,-0.022572177748886292
1.935e-07,-0.02077529774888629
1.936e-07,-0.018572175748886293
1.937e-07,-0.017947175748886292
1.938e-07,-0.018572175748886293
1.939e-07,-0.018884675748886293
1.94e-07,-0.018572175748886293
1.941e-07,-0.017447175748886296
1.942e-07,-0.014572175748886293
1.943e-07,-0.010165925948886293
1.944e-07,-0.006572175748886294
1.945e-07,-0.005665925748886294
1.946e-07,-0.006572175748886294
1.947e-07,-0.007228425748886293
1.948e-07,-0.006572175748886294
1.949e-07,-0.005822175748886294
1.95e-07,-0.006572175748886294
1.951e-07,-0.008056550748886294
1.952e-07,-0.006572175748886294
1.953e-07,-0.0007596757488862928
1.954e-07,0.005427822251113707
1.955e-07,0.007240322251113705
1.956e-07,0.005427822251113707
1.957e-07,0.002943452251113707
1.958e-07,0.0014278222511137067
1.959e-07,0.000849702251113707
1.96e-07,0.0014278222511137067
1.961e-07,0.0032247022511137056
1.962e-07,0.005427822251113707
1.963e-07,0.006443452251113707
1.964e-07,0.005427822251113707
1.965e-07,0.003896572251113707
1.966e-07,0.005427822251113707
1.967e-07,0.010380952251113707
1.968e-07,0.013427822251113707
1.969e-07,0.011568452251113708
1.97e-07,0.009427822251113707
1.971e-07,0.011099702251113707
1.972e-07,0.013427822251113707
1.973e-07,0.012068452251113705
1.974e-07,0.009427822251113707
1.975e-07,0.010068452251113707
1.976e-07,0.013427822251113707
1.977e-07,0.016068452251113703
1.978e-07,0.01742782225111371
1.979e-07,0.01797470225111371
1.98e-07,0.01742782225111371
1.981e-07,0.016287202251113707
1.982e-07,0.01742782225111371
1.983e-07,0.020568452251113707
1.984e-07,0.021427822251113705
1.985e-07,0.017505952251113704
1.986e-07,0.013427822251113707
1.987e-07,0.013896572251113707
1.988e-07,0.01742782225111371
1.989e-07,0.019177822251113703
1.99e-07,0.01742782225111371
1.991e-07,0.014459072251113708
1.992e-07,0.013427822251113707
1.993e-07,0.015099702251113708
1.994e-07,0.01742782225111371
1.995e-07,0.01822470225111371
1.996e-07,0.01742782225111371
1.997e-07,0.016912202251113707
1.998e-07,0.01742782225111371
1.999e-07,0.01805282225111371
2e-07,0.01742782225111371
2.001e-07,0.015240322251113705
2.002e-07,0.013427822251113707
2.003e-07,0.014209072251113708
2.004e-07,0.01742782225111371
2.005e-07,0.021568452251113708
2.006e-07,0.025427822251113702
2.007e-07,0.026287202251113702
2.008e-07,0.021427822251113705
2.009e-07,0.013005952251113706
2.01e-07,0.009427822251113707
2.011e-07,0.014724702251113707
2.012e-07,0.021427822251113705
2.013e-07,0.021662202251113705
2.014e-07,0.01742782225111371
2.015e-07,0.015396572251113705
2.016e-07,0.01742782225111371
2.017e-07,0.020505952251113707
2.018e-07,0.021427822251113705
2.019e-07,0.020802822251113705
2.02e-07,0.021427822251113705
2.021e-07,0.023896572251113704
2.022e-07,0.025427822251113702
2.023e-07,0.023662202251113706
2.024e-07,0.021427822251113705
2.025e-07,0.022240322251113706
2.026e-07,0.025427822251113702
2.027e-07,0.026959072251113707
2.028e-07,0.025427822251113702
2.029e-07,0.022396572251113703
2.03e-07,0.021427822251113705
2.031e-07,0.023334072251113704
2.032e-07,0.025427822251113702
2.033e-07,0.0246153222511137
2.034e-07,0.021427822251113705
2.035e-07,0.018459072251113706
2.036e-07,0.01742782225111371
2.037e-07,0.017662202251113708
2.038e-07,0.01742782225111371
2.039e-07,0.016584072251113705
2.04e-07,0.01742782225111371
2.041e-07,0.020271572251113708
2.042e-07,0.021427822251113705
2.043e-07,0.019146572251113707
2.044e-07,0.01742782225111371
2.045e-07,0.018459072251113706
2.046e-07,0.01742782225111371
2.047e-07,0.011052822251113705
2.048e-07,0.005427822251113707
2.049e-07,0.007130952251113707
2.05e-07,0.013427822251113707
2.051e-07,0.01755282225111371
2.052e-07,0.01742782225111371
2.053e-07,0.015318452251113708
2.054e-07,0.013427822251113707
2.055e-07,0.011787202251113708
2.056e-07,0.009427822251113707
2.057e-07,0.006584072251113708
2.058e-07,0.005427822251113707
2.059e-07,0.007115322251113705
2.06e-07,0.009427822251113707
2.061e-07,0.009880952251113706
2.062e-07,0.009427822251113707
2.063e-07,0.009709072251113707
2.064e-07,0.009427822251113707
2.065e-07,0.007630952251113708
2.066e-07,0.005427822251113707
2.067e-07,0.004802822251113706
2.068e-07,0.005427822251113707
2.069e-07,0.005896572251113707
2.07e-07,0.005427822251113707
2.071e-07,0.005740322251113707
2.072e-07,0.009427822251113707
2.073e-07,0.015240322251113705
2.074e-07,0.01742782225111371
2.075e-07,0.013490322251113707
2.076e-07,0.009427822251113707
2.077e-07,0.010318452251113707
2.078e-07,0.013427822251113707
2.079e-07,0.012818452251113705
2.08e-07,0.009427822251113707
2.081e-07,0.007584072251113705
2.082e-07,0.009427822251113707
2.083e-07,0.012505952251113705
2.084e-07,0.013427822251113707
2.085e-07,0.010459072251113708
2.086e-07,0.005427822251113707
2.087e-07,0.0018184522511137061
2.088e-07,0.0014278222511137067
2.089e-07,0.003646572251113707
2.09e-07,0.005427822251113707
2.091e-07,0.005599702251113706
2.092e-07,0.005427822251113707
2.093e-07,0.005818452251113706
2.094e-07,0.005427822251113707
2.095e-07,0.004287202251113707
2.096e-07,0.005427822251113707
2.097e-07,0.009974702251113706
2.098e-07,0.013427822251113707
2.099e-07,0.011099702251113707
2.1e-07,0.005427822251113707
2.101e-07,0.001568452251113706
2.102e-07,0.0014278222511137067
2.103e-07,0.003505952251113706
2.104e-07,0.005427822251113707
2.105e-07,0.005943452251113706
2.106e-07,0.005427822251113707
2.107e-07,0.004927822251113706
2.108e-07,0.005427822251113707
2.109e-07,0.007162202251113707
2.11e-07,0.009427822251113707
2.111e-07,0.010630952251113707
2.112e-07,0.009427822251113707
2.113e-07,0.005568452251113706
2.114e-07,0.0014278222511137067
2.115e-07,-0.0001815477488862939
2.116e-07,0.0014278222511137067
2.117e-07,0.004334072251113706
2.118e-07,0.005427822251113707
2.119e-07,0.003662202251113706
2.12e-07,0.0014278222511137067
2.121e-07,0.0018184522511137061
2.122e-07,0.005427822251113707
2.123e-07,0.009255952251113706
2.124e-07,0.009427822251113707
2.125e-07,0.005396572251113707
2.126e-07,0.0014278222511137067
2.127e-07,0.000677822251113706
2.128e-07,0.0014278222511137067
2.129e-07,0.00039657225111370577
2.13e-07,-0.0025721757488862927
2.131e-07,-0.004322175748886293
2.132e-07,-0.0025721757488862927
2.133e-07,0.0019434522511137062
2.134e-07,0.005427822251113707
2.135e-07,0.005959072251113707
2.136e-07,0.005427822251113707
2.137e-07,0.005865322251113707
2.138e-07,0.005427822251113707
2.139e-07,0.002880952251113707
2.14e-07,0.0014278222511137067
2.141e-07,0.0033028222511137066
2.142e-07,0.005427822251113707
2.143e-07,0.005162202251113706
2.144e-07,0.005427822251113707
2.145e-07,0.009021572251113706
2.146e-07,0.013427822251113707
2.147e-07,0.013724702251113706
2.148e-07,0.009427822251113707
2.149e-07,0.004943452251113707
2.15e-07,0.005427822251113707
2.151e-07,0.010334072251113708
2.152e-07,0.013427822251113707
2.153e-07,0.010396572251113708
2.154e-07,0.005427822251113707
2.155e-07,0.0050528222511137064
2.156e-07,0.009427822251113707
2.157e-07,0.013646572251113707
2.158e-07,0.013427822251113707
2.159e-07,0.009427822251113707
2.16e-07,0.005427822251113707
2.161e-07,0.005334072251113707
2.162e-07,0.009427822251113707
2.163e-07,0.014724702251113707
2.164e-07,0.01742782225111371
2.165e-07,0.01711532225111371
2.166e-07,0.01742782225111371
2.167e-07,0.019646572251113707
2.168e-07,0.021427822251113705
2.169e-07,0.019912202251113703
2.17e-07,0.01742782225111371
2.171e-07,0.016724702251113707
2.172e-07,0.01742782225111371
2.173e-07,0.016537202251113707
2.174e-07,0.013427822251113707
2.175e-07,0.010162202251113707
2.176e-07,0.009427822251113707
2.177e-07,0.011584072251113705
2.178e-07,0.013427822251113707
2.179e-07,0.013396572251113707
2.18e-07,0.013427822251113707
2.181e-07,0.015552822251113705
2.182e-07,0.01742782225111371
2.183e-07,0.016365322251113708
2.184e-07,0.013427822251113707
2.185e-07,0.012146572251113706
2.186e-07,0.013427822251113707
2.187e-07,0.015834072251113704
2.188e-07,0.01742782225111371
2.189e-07,0.017521572251113705
2.19e-07,0.01742782225111371
2.191e-07,0.01861532225111371
2.192e-07,0.021427822251113705
2.193e-07,0.024287202251113707
2.194e-07,0.025427822251113702
2.195e-07,0.023974702251113707
2.196e-07,0.021427822251113705
2.197e-07,0.01909970225111371
2.198e-07,0.01742782225111371
2.199e-07,0.016505952251113704
2.2e-07,0.01742782225111371
2.201e-07,0.019990322251113704
2.202e-07,0.021427822251113705
2.203e-07,0.020912202251113704
2.204e-07,0.021427822251113705
2.205e-07,0.024287202251113707
2.206e-07,0.025427822251113702
2.207e-07,0.0217559522511137
2.208e-07,0.01742782225111371
2.209e-07,0.017599702251113708
2.21e-07,0.021427822251113705
2.211e-07,0.0246778222511137
2.212e-07,0.025427822251113702
2.213e-07,0.023990322251113708
2.214e-07,0.021427822251113705
2.215e-07,0.018630952251113705
2.216e-07,0.01742782225111371
2.217e-07,0.018584072251113706
2.218e-07,0.021427822251113705
2.219e-07,0.024130952251113703
2.22e-07,0.025427822251113702
2.221e-07,0.024396572251113705
2.222e-07,0.021427822251113705
2.223e-07,0.017474702251113708
2.224e-07,0.013427822251113707
2.225e-07,0.010505952251113707
2.226e-07,0.009427822251113707
2.227e-07,0.010662202251113707
2.228e-07,0.013427822251113707
2.229e-07,0.017162202251113708
2.23e-07,0.021427822251113705
2.231e-07,0.025099702251113708
2.232e-07,0.025427822251113702
2.233e-07,0.021724702251113705
2.234e-07,0.01742782225111371
2.235e-07,0.014927822251113705
2.236e-07,0.013427822251113707
2.237e-07,0.012021572251113706
2.238e-07,0.013427822251113707
2.239e-07,0.01909970225111371
2.24e-07,0.025427822251113702
2.241e-07,0.026568452251113706
2.242e-07,0.021427822251113705
2.243e-07,0.013818452251113706
2.244e-07,0.009427822251113707
2.245e-07,0.010490322251113708
2.246e-07,0.013427822251113707
2.247e-07,0.014396572251113708
2.248e-07,0.013427822251113707
2.249e-07,0.012709072251113706
2.25e-07,0.013427822251113707
2.251e-07,0.014271572251113708
2.252e-07,0.013427822251113707
2.253e-07,0.012068452251113705
2.254e-07,0.013427822251113707
2.255e-07,0.017099702251113708
2.256e-07,0.01742782225111371
2.257e-07,0.011349702251113708
2.258e-07,0.005427822251113707
2.259e-07,0.005834072251113707
2.26e-07,0.009427822251113707
2.261e-07,0.010396572251113708
2.262e-07,0.009427822251113707
2.263e-07,0.009490322251113707
2.264e-07,0.009427822251113707
2.265e-07,0.007380952251113708
2.266e-07,0.005427822251113707
2.267e-07,0.005521572251113707
2.268e-07,0.005427822251113707
2.269e-07,0.0033340722511137066
2.27e-07,0.0014278222511137067
2.271e-07,0.002459072251113706
2.272e-07,0.005427822251113707
2.273e-07,0.006943452251113707
2.274e-07,0.005427822251113707
2.275e-07,0.002599702251113707
2.276e-07,0.0014278222511137067
2.277e-07,0.0031622022511137056
2.278e-07,0.005427822251113707
2.279e-07,0.004959072251113706
2.28e-07,0.0014278222511137067
2.281e-07,-0.002259675748886294
2.282e-07,-0.0025721757488862927
2.283e-07,0.0010215722511137063
2.284e-07,0.005427822251113707
2.285e-07,0.007099702251113707
2.286e-07,0.005427822251113707
2.287e-07,0.002599702251113707
2.288e-07,0.0014278222511137067
2.289e-07,0.001755952251113706
2.29e-07,0.0014278222511137067
2.291e-07,-0.0007128007488862928
2.292e-07,-0.0025721757488862927
2.293e-07,-0.0016346757488862936
2.294e-07,0.0014278222511137067
2.295e-07,0.0032403222511137066
2.296e-07,0.0014278222511137067
2.297e-07,-0.003119050748886293
2.298e-07,-0.006572175748886294
2.299e-07,-0.006009675748886293
2.3e-07,-0.0025721757488862927
2.301e-07,0.0005528222511137059
2.302e-07,0.0014278222511137067
2.303e-07,-0.00010342774888629294
2.304e-07,-0.0025721757488862927
2.305e-07,-0.004931550748886294
2.306e-07,-0.006572175748886294
2.307e-07,-0.007197175748886293
2.308e-07,-0.006572175748886294
2.309e-07,-0.005681550748886294
2.31e-07,-0.006572175748886294
2.311e-07,-0.009244050748886293
2.312e-07,-0.010572175960747294
2.313e-07,-0.008728425748886293
2.314e-07,-0.006572175748886294
2.315e-07,-0.0073846757488862935
2.316e-07,-0.010572175960747294
2.317e-07,-0.012494050748886293
2.318e-07,-0.010572175960747294
2.319e-07,-0.006978425748886293
2.32e-07,-0.006572175748886294
2.321e-07,-0.010884675948886294
2.322e-07,-0.014572175748886293
2.323e-07,-0.013337800748886294
2.324e-07,-0.010572175960747294
2.325e-07,-0.011290925948886293
2.326e-07,-0.014572175748886293
2.327e-07,-0.016962800748886293
2.328e-07,-0.018572175748886293
2.329e-07,-0.019790925748886294
2.33e-07,-0.018572175748886293
2.331e-07,-0.014150300748886294
2.332e-07,-0.010572175960747294
2.333e-07,-0.011400300948886293
2.334e-07,-0.014572175748886293
2.335e-07,-0.015900300748886292
2.336e-07,-0.014572175748886293
2.337e-07,-0.013212800748886293
2.338e-07,-0.014572175748886293
2.339e-07,-0.018712800748886295
2.34e-07,-0.022572177748886292
2.341e-07,-0.022728427748886296
2.342e-07,-0.018572175748886293
2.343e-07,-0.012994050748886293
2.344e-07,-0.010572175960747294
2.345e-07,-0.012431550748886293
2.346e-07,-0.014572175748886293
2.347e-07,-0.014509675748886293
2.348e-07,-0.014572175748886293
2.349e-07,-0.016962800748886293
2.35e-07,-0.018572175748886293
2.351e-07,-0.01672842574888629
2.352e-07,-0.014572175748886293
2.353e-07,-0.015947175748886294
2.354e-07,-0.018572175748886293
2.355e-07,-0.019056550748886292
2.356e-07,-0.018572175748886293
2.357e-07,-0.018837800748886295
2.358e-07,-0.018572175748886293
2.359e-07,-0.016337800748886293
2.36e-07,-0.014572175748886293
2.361e-07,-0.015869050748886292
2.362e-07,-0.018572175748886293
2.363e-07,-0.019822175748886294
2.364e-07,-0.018572175748886293
2.365e-07,-0.016259675748886294
2.366e-07,-0.014572175748886293
2.367e-07,-0.014337800748886294
2.368e-07,-0.014572175748886293
2.369e-07,-0.015415925748886294
2.37e-07,-0.018572175748886293
2.371e-07,-0.023556547748886294
2.372e-07,-0.026572177748886296
2.373e-07,-0.024962797748886295
2.374e-07,-0.022572177748886292
2.375e-07,-0.022415927748886295
2.376e-07,-0.022572177748886292
2.377e-07,-0.019540925748886294
2.378e-07,-0.014572175748886293
2.379e-07,-0.011103425948886294
2.38e-07,-0.010572175960747294
2.381e-07,-0.011306550948886294
2.382e-07,-0.010572175960747294
2.383e-07,-0.009150300748886293
2.384e-07,-0.010572175960747294
2.385e-07,-0.015665925748886294
2.386e-07,-0.018572175748886293
2.387e-07,-0.015290925748886294
2.388e-07,-0.010572175960747294
2.389e-07,-0.009775300948886293
2.39e-07,-0.010572175960747294
2.391e-07,-0.008900300748886293
2.392e-07,-0.006572175748886294
2.393e-07,-0.006509675748886294
2.394e-07,-0.006572175748886294
2.395e-07,-0.0044784257488862935
2.396e-07,-0.0025721757488862927
2.397e-07,-0.004025300748886293
2.398e-07,-0.006572175748886294
2.399e-07,-0.007228425748886293
2.4e-07,-0.006572175748886294
2.401e-07,-0.0064315507488862935
2.402e-07,-0.006572175748886294
2.403e-07,-0.006244050748886293
2.404e-07,-0.006572175748886294
2.405e-07,-0.0074003007488862935
2.406e-07,-0.006572175748886294
2.407e-07,-0.002665925748886293
2.408e-07,0.0014278222511137067
2.409e-07,0.002677822251113706
2.41e-07,0.0014278222511137067
2.411e-07,0.0003028222511137057
2.412e-07,0.0014278222511137067
2.413e-07,0.003912202251113706
2.414e-07,0.005427822251113707
2.415e-07,0.0051153222511137065
2.416e-07,0.005427822251113707
2.417e-07,0.007505952251113708
2.418e-07,0.009427822251113707
2.419e-07,0.008443452251113705
2.42e-07,0.005427822251113707
2.421e-07,0.0038809522511137062
2.422e-07,0.005427822251113707
2.423e-07,0.008396572251113706
2.424e-07,0.009427822251113707
2.425e-07,0.007443452251113708
2.426e-07,0.005427822251113707
2.427e-07,0.007271572251113705
2.428e-07,0.013427822251113707
2.429e-07,0.019740322251113704
2.43e-07,0.021427822251113705
2.431e-07,0.017630952251113705
2.432e-07,0.013427822251113707
2.433e-07,0.012537202251113705
2.434e-07,0.013427822251113707
2.435e-07,0.012412202251113705
2.436e-07,0.009427822251113707
2.437e-07,0.007677822251113705
2.438e-07,0.009427822251113707
2.439e-07,0.013927822251113707
2.44e-07,0.01742782225111371
2.441e-07,0.01805282225111371
2.442e-07,0.01742782225111371
2.443e-07,0.017568452251113705
2.444e-07,0.01742782225111371
2.445e-07,0.016396572251113704
2.446e-07,0.01742782225111371
2.447e-07,0.021834072251113702
2.448e-07,0.025427822251113702
2.449e-07,0.024287202251113707
2.45e-07,0.021427822251113705
2.451e-07,0.0207090722511137
2.452e-07,0.021427822251113705
2.453e-07,0.021349702251113704
2.454e-07,0.021427822251113705
2.455e-07,0.023334072251113704
2.456e-07,0.025427822251113702
2.457e-07,0.025865322251113702
2.458e-07,0.025427822251113702
2.459e-07,0.025505952251113705
2.46e-07,0.025427822251113702
2.461e-07,0.024880952251113704
2.462e-07,0.025427822251113702
2.463e-07,0.0287715722511137
2.464e-07,0.0334278222511137
2.465e-07,0.036615322251113705
2.466e-07,0.037427822251113706
2.467e-07,0.0359122022511137
2.468e-07,0.0334278222511137
2.469e-07,0.031834072251113704
2.47e-07,0.0334278222511137
2.471e-07,0.0377559522511137
2.472e-07,0.0414278222511137
2.473e-07,0.0408653222511137
2.474e-07,0.037427822251113706
2.475e-07,0.034209072251113706
2.476e-07,0.0334278222511137
2.477e-07,0.03502157225111371
2.478e-07,0.037427822251113706
2.479e-07,0.0387090722511137
2.48e-07,0.037427822251113706
2.481e-07,0.0346622022511137
2.482e-07,0.0334278222511137
2.483e-07,0.035255952251113706
2.484e-07,0.037427822251113706
2.485e-07,0.0377715722511137
2.486e-07,0.037427822251113706
2.487e-07,0.0387090722511137
2.488e-07,0.0414278222511137
2.489e-07,0.043802822251113704
2.49e-07,0.045427822251113706
2.491e-07,0.0461309522511137
2.492e-07,0.045427822251113706
2.493e-07,0.04338095225111371
2.494e-07,0.0414278222511137
2.495e-07,0.0408028222511137
2.496e-07,0.0414278222511137
2.497e-07,0.0418028222511137
2.498e-07,0.0414278222511137
2.499e-07,0.041880952251113705
2.5e-07,0.045427822251113706
2.501e-07,0.05188095225111371
2.502e-07,0.05742782225111371
2.503e-07,0.05684970225111371
2.504e-07,0.0494278222511137
2.505e-07,0.04022470225111371
2.506e-07,0.037427822251113706
2.507e-07,0.043052822251113704
2.508e-07,0.0494278222511137
2.509e-07,0.0493028222511137
2.51e-07,0.045427822251113706
2.511e-07,0.043787202251113704
2.512e-07,0.045427822251113706
2.513e-07,0.047709072251113704
2.514e-07,0.0494278222511137
2.515e-07,0.05027157225111371
2.516e-07,0.0494278222511137
2.517e-07,0.0458809522511137
2.518e-07,0.0414278222511137
2.519e-07,0.03917782225111371
2.52e-07,0.0414278222511137
2.521e-07,0.0458184522511137
2.522e-07,0.045427822251113706
2.523e-07,0.03861532225111371
2.524e-07,0.0334278222511137
2.525e-07,0.03614657225111371
2.526e-07,0.0414278222511137
2.527e-07,0.0424747022511137
2.528e-07,0.0414278222511137
2.529e-07,0.042943452251113706
2.53e-07,0.045427822251113706
2.531e-07,0.04456845225111371
2.532e-07,0.0414278222511137
2.533e-07,0.038896572251113704
2.534e-07,0.037427822251113706
2.535e-07,0.03552157225111371
2.536e-07,0.0334278222511137
2.537e-07,0.032396572251113705
2.538e-07,0.0334278222511137
2.539e-07,0.03594345225111371
2.54e-07,0.037427822251113706
2.541e-07,0.03620907225111371
2.542e-07,0.0334278222511137
2.543e-07,0.031162202251113706
2.544e-07,0.029427822251113706
2.545e-07,0.028334072251113708
2.546e-07,0.029427822251113706
2.547e-07,0.032396572251113705
2.548e-07,0.0334278222511137
2.549e-07,0.030927822251113707
2.55e-07,0.029427822251113706
2.551e-07,0.03172470225111371
2.552e-07,0.0334278222511137
2.553e-07,0.030162202251113705
2.554e-07,0.025427822251113702
2.555e-07,0.024021572251113704
2.556e-07,0.025427822251113702
2.557e-07,0.025990322251113702
2.558e-07,0.025427822251113702
2.559e-07,0.025318452251113704
2.56e-07,0.025427822251113702
2.561e-07,0.024334072251113704
2.562e-07,0.021427822251113705
2.563e-07,0.017349702251113708
2.564e-07,0.013427822251113707
2.565e-07,0.011834072251113706
2.566e-07,0.013427822251113707
2.567e-07,0.017568452251113705
2.568e-07,0.021427822251113705
2.569e-07,0.022677822251113706
2.57e-07,0.021427822251113705
2.571e-07,0.019084072251113707
2.572e-07,0.01742782225111371
2.573e-07,0.016896572251113705
2.574e-07,0.01742782225111371
2.575e-07,0.017771572251113706
2.576e-07,0.01742782225111371
2.577e-07,0.015521572251113705
2.578e-07,0.013427822251113707
2.579e-07,0.011490322251113705
2.58e-07,0.009427822251113707
2.581e-07,0.007162202251113707
2.582e-07,0.005427822251113707
2.583e-07,0.004146572251113706
2.584e-07,0.0014278222511137067
2.585e-07,-0.002853425748886294
2.586e-07,-0.006572175748886294
2.587e-07,-0.006197175748886293
2.588e-07,-0.0025721757488862927
2.589e-07,0.0013184522511137057
2.59e-07,0.0014278222511137067
2.591e-07,-0.0015409257488862935
2.592e-07,-0.0025721757488862927
2.593e-07,0.0010215722511137063
2.594e-07,0.005427822251113707
2.595e-07,0.006365322251113708
2.596e-07,0.005427822251113707
2.597e-07,0.005255952251113706
2.598e-07,0.005427822251113707
2.599e-07,0.002630952251113707
2.6e-07,-0.0025721757488862927
2.601e-07,-0.006775300748886293
2.602e-07,-0.006572175748886294
2.603e-07,-0.0024784257488862944
2.604e-07,0.0014278222511137067
2.605e-07,0.0010997022511137072
2.606e-07,-0.0025721757488862927
2.607e-07,-0.005900300748886294
2.608e-07,-0.006572175748886294
2.609e-07,-0.005712800748886294
2.61e-07,-0.006572175748886294
2.611e-07,-0.010462800948886294
2.612e-07,-0.014572175748886293
2.613e-07,-0.015790925748886294
2.614e-07,-0.014572175748886293
2.615e-07,-0.012603425748886293
2.616e-07,-0.010572175960747294
2.617e-07,-0.009072175748886293
2.618e-07,-0.010572175960747294
2.619e-07,-0.015165925748886293
2.62e-07,-0.018572175748886293
2.621e-07,-0.017509675748886296
2.622e-07,-0.014572175748886293
2.623e-07,-0.013603425748886294
2.624e-07,-0.014572175748886293
2.625e-07,-0.015165925748886293
2.626e-07,-0.014572175748886293
2.627e-07,-0.014040925748886292
2.628e-07,-0.014572175748886293
2.629e-07,-0.016322175748886295
2.63e-07,-0.018572175748886293
2.631e-07,-0.019712800748886296
2.632e-07,-0.018572175748886293
2.633e-07,-0.016009675748886294
2.634e-07,-0.014572175748886293
2.635e-07,-0.015931550748886292
2.636e-07,-0.018572175748886293
2.637e-07,-0.019790925748886294
2.638e-07,-0.018572175748886293
2.639e-07,-0.016103425748886294
2.64e-07,-0.014572175748886293
2.641e-07,-0.015540925748886294
2.642e-07,-0.018572175748886293
2.643e-07,-0.021712797748886292
2.644e-07,-0.022572177748886292
2.645e-07,-0.020869047748886295
2.646e-07,-0.018572175748886293
2.647e-07,-0.017712800748886294
2.648e-07,-0.018572175748886293
2.649e-07,-0.019556550748886292
2.65e-07,-0.018572175748886293
2.651e-07,-0.01697842574888629
2.652e-07,-0.018572175748886293
2.653e-07,-0.023697177748886293
2.654e-07,-0.026572177748886296
2.655e-07,-0.023447177748886293
2.656e-07,-0.018572175748886293
2.657e-07,-0.018275300748886295
2.658e-07,-0.022572177748886292
2.659e-07,-0.026447177748886296
2.66e-07,-0.026572177748886296
2.661e-07,-0.023947177748886293
2.662e-07,-0.022572177748886292
2.663e-07,-0.024228427748886294
2.664e-07,-0.026572177748886296
2.665e-07,-0.025962797748886296
2.666e-07,-0.022572177748886292
2.667e-07,-0.019447175748886294
2.668e-07,-0.018572175748886293
2.669e-07,-0.020025300748886296
2.67e-07,-0.022572177748886292
2.671e-07,-0.024056547748886294
2.672e-07,-0.022572177748886292
2.673e-07,-0.019431550748886292
2.674e-07,-0.018572175748886293
2.675e-07,-0.02200967774888629
2.676e-07,-0.026572177748886296
2.677e-07,-0.027165927748886293
2.678e-07,-0.022572177748886292
2.679e-07,-0.016494050748886293
2.68e-07,-0.014572175748886293
2.681e-07,-0.018259675748886293
2.682e-07,-0.022572177748886292
2.683e-07,-0.022509677748886292
2.684e-07,-0.018572175748886293
2.685e-07,-0.015103425748886293
2.686e-07,-0.014572175748886293
2.687e-07,-0.016353425748886295
2.688e-07,-0.018572175748886293
2.689e-07,-0.019634675748886294
2.69e-07,-0.018572175748886293
2.691e-07,-0.01704092574888629
2.692e-07,-0.018572175748886293
2.693e-07,-0.022478427748886295
2.694e-07,-0.022572177748886292
2.695e-07,-0.016353425748886295
2.696e-07,-0.010572175960747294
2.697e-07,-0.011165925948886294
2.698e-07,-0.014572175748886293
2.699e-07,-0.015306550748886294
2.7e-07,-0.014572175748886293
2.701e-07,-0.016244050748886293
2.702e-07,-0.018572175748886293
2.703e-07,-0.017978425748886293
2.704e-07,-0.014572175748886293
2.705e-07,-0.011415925948886293
2.706e-07,-0.010572175960747294
2.707e-07,-0.012056550748886294
2.708e-07,-0.014572175748886293
2.709e-07,-0.016681550748886293
2.71e-07,-0.018572175748886293
2.711e-07,-0.019603425748886294
2.712e-07,-0.018572175748886293
2.713e-07,-0.014728425748886293
2.714e-07,-0.010572175960747294
2.715e-07,-0.007978425748886294
2.716e-07,-0.006572175748886294
2.717e-07,-0.004884675748886294
2.718e-07,-0.0025721757488862927
2.719e-07,-0.0014315507488862934
2.72e-07,-0.0025721757488862927
2.721e-07,-0.0044784257488862935
2.722e-07,-0.0025721757488862927
2.723e-07,0.002787202251113707
2.724e-07,0.005427822251113707
2.725e-07,0.000677822251113706
2.726e-07,-0.006572175748886294
2.727e-07,-0.009275300748886293
2.728e-07,-0.006572175748886294
2.729e-07,-0.002962800748886294
2.73e-07,-0.0025721757488862927
2.731e-07,-0.003884675748886294
2.732e-07,-0.0025721757488862927
2.733e-07,0.0023340722511137058
2.734e-07,0.005427822251113707
2.735e-07,0.0024747022511137067
2.736e-07,-0.0025721757488862927
2.737e-07,-0.0033221757488862934
2.738e-07,0.0014278222511137067
2.739e-07,0.007162202251113707
2.74e-07,0.009427822251113707
2.741e-07,0.007568452251113708
2.742e-07,0.005427822251113707
2.743e-07,0.004287202251113707
2.744e-07,0.0014278222511137067
2.745e-07,-0.004056550748886293
2.746e-07,-0.006572175748886294
2.747e-07,-0.0016815507488862937
2.748e-07,0.005427822251113707
2.749e-07,0.007709072251113705
2.75e-07,0.005427822251113707
2.751e-07,0.002771572251113706
2.752e-07,0.0014278222511137067
2.753e-07,0.0009434522511137071
2.754e-07,0.0014278222511137067
2.755e-07,0.0032872022511137057
2.756e-07,0.005427822251113707
2.757e-07,0.0062090722511137075
2.758e-07,0.005427822251113707
2.759e-07,0.0034903222511137068
2.76e-07,0.0014278222511137067
2.761e-07,0.0004903222511137059
2.762e-07,0.0014278222511137067
2.763e-07,0.003677822251113707
2.764e-07,0.005427822251113707
2.765e-07,0.005646572251113707
2.766e-07,0.005427822251113707
2.767e-07,0.005771572251113707
2.768e-07,0.005427822251113707
2.769e-07,0.003443452251113706
2.77e-07,0.0014278222511137067
2.771e-07,0.0010528222511137064
2.772e-07,0.0014278222511137067
2.773e-07,0.0023653222511137058
2.774e-07,0.005427822251113707
2.775e-07,0.010459072251113708
2.776e-07,0.013427822251113707
2.777e-07,0.010787202251113707
2.778e-07,0.005427822251113707
2.779e-07,0.002646572251113706
2.78e-07,0.005427822251113707
2.781e-07,0.010865322251113708
2.782e-07,0.013427822251113707
2.783e-07,0.010349702251113707
2.784e-07,0.005427822251113707
2.785e-07,0.002740322251113706
2.786e-07,0.0014278222511137067
2.787e-07,-0.0004940477488862942
2.788e-07,-0.0025721757488862927
2.789e-07,-0.002040925748886294
2.79e-07,0.0014278222511137067
2.791e-07,0.005959072251113707
2.792e-07,0.009427822251113707
2.793e-07,0.011459072251113705
2.794e-07,0.013427822251113707
2.795e-07,0.015052822251113705
2.796e-07,0.013427822251113707
2.797e-07,0.007209072251113705
2.798e-07,0.0014278222511137067
2.799e-07,0.00011532225111370725
2.8e-07,0.0014278222511137067
2.801e-07,0.002630952251113707
2.802e-07,0.005427822251113707
2.803e-07,0.010662202251113707
2.804e-07,0.013427822251113707
2.805e-07,0.010177822251113708
2.806e-07,0.005427822251113707
2.807e-07,0.004459072251113706
2.808e-07,0.005427822251113707
2.809e-07,0.005334072251113707
2.81e-07,0.005427822251113707
2.811e-07,0.007521572251113705
2.812e-07,0.009427822251113707
2.813e-07,0.008146572251113706
2.814e-07,0.005427822251113707
2.815e-07,0.005349702251113706
2.816e-07,0.009427822251113707
2.817e-07,0.014865322251113705
2.818e-07,0.01742782225111371
2.819e-07,0.014615322251113708
2.82e-07,0.009427822251113707
2.821e-07,0.005818452251113706
2.822e-07,0.005427822251113707
2.823e-07,0.006318452251113707
2.824e-07,0.005427822251113707
2.825e-07,0.002787202251113707
2.826e-07,0.0014278222511137067
2.827e-07,0.0030997022511137073
2.828e-07,0.005427822251113707
2.829e-07,0.006037202251113706
2.83e-07,0.005427822251113707
2.831e-07,0.006443452251113707
2.832e-07,0.009427822251113707
2.833e-07,0.011412202251113708
2.834e-07,0.009427822251113707
2.835e-07,0.004302822251113706
2.836e-07,0.0014278222511137067
2.837e-07,0.0041622022511137065
2.838e-07,0.009427822251113707
2.839e-07,0.011584072251113705
2.84e-07,0.009427822251113707
2.841e-07,0.005990322251113707
2.842e-07,0.005427822251113707
2.843e-07,0.007740322251113705
2.844e-07,0.009427822251113707
2.845e-07,0.007912202251113708
2.846e-07,0.005427822251113707
2.847e-07,0.004912202251113707
2.848e-07,0.005427822251113707
2.849e-07,0.0042247022511137065
2.85e-07,0.0014278222511137067
2.851e-07,-0.000962800748886293
2.852e-07,-0.0025721757488862927
2.853e-07,-0.002197175748886294
2.854e-07,0.0014278222511137067
2.855e-07,0.007021572251113705
2.856e-07,0.009427822251113707
2.857e-07,0.0061934522511137065
2.858e-07,0.0014278222511137067
2.859e-07,0.0009434522511137071
2.86e-07,0.005427822251113707
2.861e-07,0.009865322251113707
2.862e-07,0.009427822251113707
2.863e-07,0.004396572251113706
2.864e-07,0.0014278222511137067
2.865e-07,0.004349702251113707
2.866e-07,0.009427822251113707
2.867e-07,0.010130952251113707
2.868e-07,0.005427822251113707
2.869e-07,-0.00033779774888629405
2.87e-07,-0.0025721757488862927
2.871e-07,-0.0007440507488862928
2.872e-07,0.0014278222511137067
2.873e-07,0.001677822251113707
2.874e-07,0.0014278222511137067
2.875e-07,0.002880952251113707
2.876e-07,0.005427822251113707
2.877e-07,0.006443452251113707
2.878e-07,0.005427822251113707
2.879e-07,0.004505952251113707
2.88e-07,0.005427822251113707
2.881e-07,0.006787202251113707
2.882e-07,0.005427822251113707
2.883e-07,-0.000165927748886293
2.884e-07,-0.006572175748886294
2.885e-07,-0.008009675748886294
2.886e-07,-0.0025721757488862927
2.887e-07,0.005677822251113707
2.888e-07,0.009427822251113707
2.889e-07,0.006177822251113707
2.89e-07,0.0014278222511137067
2.891e-07,0.0014434522511137058
2.892e-07,0.005427822251113707
2.893e-07,0.007787202251113708
2.894e-07,0.005427822251113707
2.895e-07,0.0002559522511137065
2.896e-07,-0.0025721757488862927
2.897e-07,-0.000275297748886294
2.898e-07,0.005427822251113707
2.899e-07,0.009880952251113706
2.9e-07,0.009427822251113707
2.901e-07,0.0050840722511137065
2.902e-07,0.0014278222511137067
2.903e-07,0.0009434522511137071
2.904e-07,0.0014278222511137067
2.905e-07,0.0009122022511137071
2.906e-07,0.0014278222511137067
2.907e-07,0.005021572251113706
2.908e-07,0.009427822251113707
2.909e-07,0.010677822251113708
2.91e-07,0.009427822251113707
2.911e-07,0.007630952251113708
2.912e-07,0.005427822251113707
2.913e-07,0.002709072251113706
2.914e-07,0.0014278222511137067
2.915e-07,0.0019434522511137062
2.916e-07,0.0014278222511137067
2.917e-07,-0.0012909257488862933
2.918e-07,-0.0025721757488862927
2.919e-07,0.000818452251113707
2.92e-07,0.005427822251113707
2.921e-07,0.006990322251113708
2.922e-07,0.005427822251113707
2.923e-07,0.0033340722511137066
2.924e-07,0.0014278222511137067
2.925e-07,0.0001622022511137064
2.926e-07,0.0014278222511137067
2.927e-07,0.005615322251113707
2.928e-07,0.009427822251113707
2.929e-07,0.010052822251113707
2.93e-07,0.009427822251113707
2.931e-07,0.009552822251113707
2.932e-07,0.009427822251113707
2.933e-07,0.007443452251113708
2.934e-07,0.005427822251113707
2.935e-07,0.0050684522511137056
2.936e-07,0.005427822251113707
2.937e-07,0.005099702251113706
2.938e-07,0.005427822251113707
2.939e-07,0.007490322251113705
2.94e-07,0.009427822251113707
2.941e-07,0.008677822251113706
2.942e-07,0.005427822251113707
2.943e-07,0.0022872022511137065
2.944e-07,0.0014278222511137067
2.945e-07,0.0031778222511137065
2.946e-07,0.005427822251113707
2.947e-07,0.0061622022511137065
2.948e-07,0.005427822251113707
2.949e-07,0.004709072251113706
2.95e-07,0.005427822251113707
2.951e-07,0.007490322251113705
2.952e-07,0.009427822251113707
2.953e-07,0.009974702251113706
2.954e-07,0.009427822251113707
2.955e-07,0.007834072251113705
2.956e-07,0.005427822251113707
2.957e-07,0.002709072251113706
2.958e-07,0.0014278222511137067
2.959e-07,0.002787202251113707
2.96e-07,0.005427822251113707
2.961e-07,0.006771572251113708
2.962e-07,0.005427822251113707
2.963e-07,0.002677822251113706
2.964e-07,0.0014278222511137067
2.965e-07,0.0029590722511137063
2.966e-07,0.005427822251113707
2.967e-07,0.0062403222511137075
2.968e-07,0.005427822251113707
2.969e-07,0.004755952251113707
2.97e-07,0.005427822251113707
2.971e-07,0.006427822251113708
2.972e-07,0.005427822251113707
2.973e-07,0.001677822251113707
2.974e-07,-0.0025721757488862927
2.975e-07,-0.004025300748886293
2.976e-07,-0.0025721757488862927
2.977e-07,0.000880952251113707
2.978e-07,0.005427822251113707
2.979e-07,0.009271572251113707
2.98e-07,0.009427822251113707
2.981e-07,0.006334072251113708
2.982e-07,0.005427822251113707
2.983e-07,0.009412202251113706
2.984e-07,0.013427822251113707
2.985e-07,0.011380952251113708
2.986e-07,0.005427822251113707
2.987e-07,0.0010528222511137064
2.988e-07,0.0014278222511137067
2.989e-07,0.005255952251113706
2.99e-07,0.009427822251113707
2.991e-07,0.011115322251113705
2.992e-07,0.009427822251113707
2.993e-07,0.005318452251113706
2.994e-07,0.0014278222511137067
2.995e-07,-9.677748886292858e-06
2.996e-07,0.0014278222511137067
2.997e-07,0.004240322251113706
2.998e-07,0.005427822251113707
2.999e-07,0.003662202251113706
3e-07,0.0014278222511137067
3.001e-07,0.0009903222511137063
3.002e-07,0.0014278222511137067
3.003e-07,0.0013497022511137057
3.004e-07,0.0014278222511137067
3.005e-07,0.0020684522511137064
3.006e-07,0.0014278222511137067
3.007e-07,-0.0012909257488862933
3.008e-07,-0.0025721757488862927
3.009e-07,-0.00043154774888629413
3.01e-07,0.0014278222511137067
3.011e-07,-0.0001815477488862939
3.012e-07,-0.0025721757488862927
3.013e-07,-0.0026034257488862927
3.014e-07,-0.0025721757488862927
3.015e-07,-0.004822175748886294
3.016e-07,-0.006572175748886294
3.017e-07,-0.004947175748886294
3.018e-07,-0.0025721757488862927
3.019e-07,-0.0023534257488862943
3.02e-07,-0.0025721757488862927
3.021e-07,-0.0007596757488862928
3.022e-07,0.0014278222511137067
3.023e-07,0.0008340722511137062
3.024e-07,-0.0025721757488862927
3.025e-07,-0.005994050748886293
3.026e-07,-0.006572175748886294
3.027e-07,-0.004540925748886294
3.028e-07,-0.0025721757488862927
3.029e-07,-0.0024940507488862944
3.03e-07,-0.0025721757488862927
3.031e-07,-0.000931550748886293
3.032e-07,0.0014278222511137067
3.033e-07,0.0011778222511137065
3.034e-07,-0.0025721757488862927
3.035e-07,-0.007697175748886294
3.036e-07,-0.010572175960747294
3.037e-07,-0.009603425948886293
3.038e-07,-0.006572175748886294
3.039e-07,-0.004978425748886294
3.04e-07,-0.006572175748886294
3.041e-07,-0.009572175748886294
3.042e-07,-0.010572175960747294
3.043e-07,-0.008509675748886295
3.044e-07,-0.006572175748886294
3.045e-07,-0.007540925748886294
3.046e-07,-0.010572175960747294
3.047e-07,-0.012259675748886294
3.048e-07,-0.010572175960747294
3.049e-07,-0.0073846757488862935
3.05e-07,-0.006572175748886294
3.051e-07,-0.009040925748886293
3.052e-07,-0.010572175960747294
3.053e-07,-0.008525300748886293
3.054e-07,-0.006572175748886294
3.055e-07,-0.008119050748886294
3.056e-07,-0.010572175960747294
3.057e-07,-0.010775300948886294
3.058e-07,-0.010572175960747294
3.059e-07,-0.012650300748886293
3.06e-07,-0.014572175748886293
3.061e-07,-0.012415925748886295
3.062e-07,-0.006572175748886294
3.063e-07,-0.0018221757488862938
3.064e-07,-0.0025721757488862927
3.065e-07,-0.008759675748886293
3.066e-07,-0.014572175748886293
3.067e-07,-0.015775300748886292
3.068e-07,-0.014572175748886293
3.069e-07,-0.014447175748886293
3.07e-07,-0.014572175748886293
3.071e-07,-0.012822175748886293
3.072e-07,-0.010572175960747294
3.073e-07,-0.010212800948886294
3.074e-07,-0.010572175960747294
3.075e-07,-0.010259675948886294
3.076e-07,-0.010572175960747294
3.077e-07,-0.012728425748886293
3.078e-07,-0.014572175748886293
3.079e-07,-0.014650300748886295
3.08e-07,-0.014572175748886293
3.081e-07,-0.016275300748886293
3.082e-07,-0.018572175748886293
3.083e-07,-0.019228425748886294
3.084e-07,-0.018572175748886293
3.085e-07,-0.017962800748886294
3.086e-07,-0.018572175748886293
3.087e-07,-0.019228425748886294
3.088e-07,-0.018572175748886293
3.089e-07,-0.016400300748886293
3.09e-07,-0.014572175748886293
3.091e-07,-0.014337800748886294
3.092e-07,-0.014572175748886293
3.093e-07,-0.013587800748886294
3.094e-07,-0.010572175960747294
3.095e-07,-0.008431550748886293
3.096e-07,-0.010572175960747294
3.097e-07,-0.016197175748886294
3.098e-07,-0.018572175748886293
3.099e-07,-0.015681550748886296
3.1e-07,-0.014572175748886293
3.101e-07,-0.020244050748886293
3.102e-07,-0.026572177748886296
3.103e-07,-0.02535342774888629
3.104e-07,-0.018572175748886293
3.105e-07,-0.013665925748886294
3.106e-07,-0.014572175748886293
3.107e-07,-0.018103425748886293
3.108e-07,-0.018572175748886293
3.109e-07,-0.015400300748886294
3.11e-07,-0.014572175748886293
3.111e-07,-0.019103425748886294
3.112e-07,-0.022572177748886292
3.113e-07,-0.019525300748886296
3.114e-07,-0.014572175748886293
3.115e-07,-0.014837800748886293
3.116e-07,-0.018572175748886293
3.117e-07,-0.020103425748886294
3.118e-07,-0.018572175748886293
3.119e-07,-0.017322175748886295
3.12e-07,-0.018572175748886293
3.121e-07,-0.021353427748886294
3.122e-07,-0.022572177748886292
3.123e-07,-0.02083779774888629
3.124e-07,-0.018572175748886293
3.125e-07,-0.018056550748886294
3.126e-07,-0.018572175748886293
3.127e-07,-0.01843155074888629
3.128e-07,-0.018572175748886293
3.129e-07,-0.020337800748886293
3.13e-07,-0.022572177748886292
3.131e-07,-0.022322177748886292
3.132e-07,-0.018572175748886293
3.133e-07,-0.013447175748886294
3.134e-07,-0.010572175960747294
3.135e-07,-0.011790925748886294
3.136e-07,-0.014572175748886293
3.137e-07,-0.015650300748886292
3.138e-07,-0.014572175748886293
3.139e-07,-0.013665925748886294
3.14e-07,-0.014572175748886293
3.141e-07,-0.016947175748886295
3.142e-07,-0.018572175748886293
3.143e-07,-0.017775300748886294
3.144e-07,-0.014572175748886293
3.145e-07,-0.011306550948886294
3.146e-07,-0.010572175960747294
3.147e-07,-0.012540925748886295
3.148e-07,-0.014572175748886293
3.149e-07,-0.015040925748886293
3.15e-07,-0.014572175748886293
3.151e-07,-0.015587800748886294
3.152e-07,-0.018572175748886293
3.153e-07,-0.020822177748886294
3.154e-07,-0.018572175748886293
3.155e-07,-0.012853425748886293
3.156e-07,-0.010572175960747294
3.157e-07,-0.015556550748886294
3.158e-07,-0.022572177748886292
3.159e-07,-0.024525297748886295
3.16e-07,-0.022572177748886292
3.161e-07,-0.020478425748886295
3.162e-07,-0.018572175748886293
3.163e-07,-0.015915925748886294
3.164e-07,-0.014572175748886293
3.165e-07,-0.015494050748886294
3.166e-07,-0.014572175748886293
3.167e-07,-0.009947175948886293
3.168e-07,-0.006572175748886294
3.169e-07,-0.009150300748886293
3.17e-07,-0.014572175748886293
3.171e-07,-0.017931550748886294
3.172e-07,-0.018572175748886293
3.173e-07,-0.018650300748886295
3.174e-07,-0.018572175748886293
3.175e-07,-0.017056550748886293
3.176e-07,-0.014572175748886293
3.177e-07,-0.012072175748886294
3.178e-07,-0.010572175960747294
3.179e-07,-0.010056550948886293
3.18e-07,-0.010572175960747294
3.181e-07,-0.011119050948886294
3.182e-07,-0.010572175960747294
3.183e-07,-0.008853425748886293
3.184e-07,-0.006572175748886294
3.185e-07,-0.004650300748886294
3.186e-07,-0.0025721757488862927
3.187e-07,-0.0004940477488862942
3.188e-07,0.0014278222511137067
3.189e-07,0.0011622022511137073
3.19e-07,-0.0025721757488862927
3.191e-07,-0.008025300748886294
3.192e-07,-0.010572175960747294
3.193e-07,-0.008697175748886293
3.194e-07,-0.006572175748886294
3.195e-07,-0.007931550748886294
3.196e-07,-0.010572175960747294
3.197e-07,-0.009165925748886293
3.198e-07,-0.0025721757488862927
3.199e-07,0.004443452251113707
3.2e-07,0.005427822251113707
3.201e-07,-0.0007128007488862928
3.202e-07,-0.006572175748886294
3.203e-07,-0.0064159257488862935
3.204e-07,-0.0025721757488862927
3.205e-07,-0.001040925748886293
3.206e-07,-0.0025721757488862927
3.207e-07,-0.004681550748886294
3.208e-07,-0.006572175748886294
3.209e-07,-0.008634675748886293
3.21e-07,-0.010572175960747294
3.211e-07,-0.011040925948886294
3.212e-07,-0.010572175960747294
3.213e-07,-0.009181550748886293
3.214e-07,-0.006572175748886294
3.215e-07,-0.0026034257488862927
3.216e-07,0.0014278222511137067
3.217e-07,0.004177822251113706
3.218e-07,0.005427822251113707
3.219e-07,0.004615322251113706
3.22e-07,0.0014278222511137067
3.221e-07,-0.0034315507488862935
3.222e-07,-0.006572175748886294
3.223e-07,-0.005822175748886294
3.224e-07,-0.0025721757488862927
3.225e-07,0.00036532225111370574
3.226e-07,0.0014278222511137067
3.227e-07,0.0012559522511137056
3.228e-07,0.0014278222511137067
3.229e-07,0.0021153222511137073
3.23e-07,0.0014278222511137067
3.231e-07,-9.677748886292858e-06
3.232e-07,0.0014278222511137067
3.233e-07,0.006255952251113707
3.234e-07,0.009427822251113707
3.235e-07,0.006459072251113708
3.236e-07,0.0014278222511137067
3.237e-07,0.0008340722511137062
3.238e-07,0.005427822251113707
3.239e-07,0.009990322251113707
3.24e-07,0.009427822251113707
3.241e-07,0.0033653222511137067
3.242e-07,-0.0025721757488862927
3.243e-07,-0.0031346757488862932
3.244e-07,0.0014278222511137067
3.245e-07,0.006865322251113708
3.246e-07,0.009427822251113707
3.247e-07,0.008349702251113705
3.248e-07,0.005427822251113707
3.249e-07,0.002740322251113706
3.25e-07,0.0014278222511137067
3.251e-07,0.0015059522511137059
3.252e-07,0.0014278222511137067
3.253e-07,0.0011153222511137064
3.254e-07,0.0014278222511137067
3.255e-07,0.0030997022511137073
3.256e-07,0.005427822251113707
3.257e-07,0.007443452251113708
3.258e-07,0.009427822251113707
3.259e-07,0.011584072251113705
3.26e-07,0.013427822251113707
3.261e-07,0.013802822251113707
3.262e-07,0.013427822251113707
3.263e-07,0.012209072251113706
3.264e-07,0.009427822251113707
3.265e-07,0.004959072251113706
3.266e-07,0.0014278222511137067
3.267e-07,0.0008028222511137061
3.268e-07,0.0014278222511137067
3.269e-07,0.0024747022511137067
3.27e-07,0.005427822251113707
3.271e-07,0.010599702251113707
3.272e-07,0.013427822251113707
3.273e-07,0.011552822251113705
3.274e-07,0.009427822251113707
3.275e-07,0.011084072251113705
3.276e-07,0.013427822251113707
3.277e-07,0.012162202251113705
3.278e-07,0.009427822251113707
3.279e-07,0.008584072251113706
3.28e-07,0.009427822251113707
3.281e-07,0.009568452251113706
3.282e-07,0.009427822251113707
3.283e-07,0.010771572251113708
3.284e-07,0.013427822251113707
3.285e-07,0.015068452251113707
3.286e-07,0.013427822251113707
3.287e-07,0.008802822251113706
3.288e-07,0.005427822251113707
3.289e-07,0.0062403222511137075
3.29e-07,0.009427822251113707
3.291e-07,0.011896572251113706
3.292e-07,0.013427822251113707
3.293e-07,0.014287202251113707
3.294e-07,0.013427822251113707
3.295e-07,0.009787202251113706
3.296e-07,0.005427822251113707
3.297e-07,0.003615322251113707
3.298e-07,0.005427822251113707
3.299e-07,0.008630952251113705
3.3e-07,0.009427822251113707
3.301e-07,0.007084072251113705
3.302e-07,0.005427822251113707
3.303e-07,0.0072247022511137075
3.304e-07,0.009427822251113707
3.305e-07,0.008396572251113706
3.306e-07,0.005427822251113707
3.307e-07,0.0042247022511137065
3.308e-07,0.005427822251113707
3.309e-07,0.007427822251113705
3.31e-07,0.009427822251113707
3.311e-07,0.010552822251113708
3.312e-07,0.009427822251113707
3.313e-07,0.006599702251113707
3.314e-07,0.005427822251113707
3.315e-07,0.007349702251113708
3.316e-07,0.009427822251113707
3.317e-07,0.008396572251113706
3.318e-07,0.005427822251113707
3.319e-07,0.003896572251113707
3.32e-07,0.005427822251113707
3.321e-07,0.008287202251113705
3.322e-07,0.009427822251113707
3.323e-07,0.007677822251113705
3.324e-07,0.005427822251113707
3.325e-07,0.004849702251113707
3.326e-07,0.005427822251113707
3.327e-07,0.005646572251113707
3.328e-07,0.005427822251113707
3.329e-07,0.005505952251113706
3.33e-07,0.005427822251113707
3.331e-07,0.004052822251113707
3.332e-07,0.0014278222511137067
3.333e-07,-0.0002596777488862931
3.334e-07,0.0014278222511137067
3.335e-07,0.0062090722511137075
3.336e-07,0.009427822251113707
3.337e-07,0.008130952251113705
3.338e-07,0.005427822251113707
3.339e-07,0.004787202251113707
3.34e-07,0.005427822251113707
3.341e-07,0.005193452251113706
3.342e-07,0.005427822251113707
3.343e-07,0.007505952251113708
3.344e-07,0.009427822251113707
3.345e-07,0.008287202251113705
3.346e-07,0.005427822251113707
3.347e-07,0.0030997022511137073
3.348e-07,0.0014278222511137067
3.349e-07,0.0005997022511137068
3.35e-07,0.0014278222511137067
3.351e-07,0.003927822251113707
3.352e-07,0.005427822251113707
3.353e-07,0.004115322251113706
3.354e-07,0.0014278222511137067
3.355e-07,0.0011778222511137065
3.356e-07,0.005427822251113707
3.357e-07,0.011505952251113708
3.358e-07,0.013427822251113707
3.359e-07,0.009334072251113707
3.36e-07,0.005427822251113707
3.361e-07,0.006396572251113708
3.362e-07,0.009427822251113707
3.363e-07,0.008896572251113706
3.364e-07,0.005427822251113707
3.365e-07,0.003568452251113706
3.366e-07,0.005427822251113707
3.367e-07,0.008662202251113705
3.368e-07,0.009427822251113707
3.369e-07,0.0061622022511137065
3.37e-07,0.0014278222511137067
3.371e-07,-0.0006503007488862927
3.372e-07,0.0014278222511137067
3.373e-07,0.005959072251113707
3.374e-07,0.009427822251113707
3.375e-07,0.010209072251113708
3.376e-07,0.009427822251113707
3.377e-07,0.007959072251113706
3.378e-07,0.005427822251113707
3.379e-07,0.0023184522511137066
3.38e-07,0.0014278222511137067
3.381e-07,0.004787202251113707
3.382e-07,0.009427822251113707
3.383e-07,0.011021572251113705
3.384e-07,0.009427822251113707
3.385e-07,0.006927822251113708
3.386e-07,0.005427822251113707
3.387e-07,0.006005952251113706
3.388e-07,0.009427822251113707
3.389e-07,0.013365322251113707
3.39e-07,0.013427822251113707
3.391e-07,0.008677822251113706
3.392e-07,0.005427822251113707
3.393e-07,0.007240322251113705
3.394e-07,0.009427822251113707
3.395e-07,0.006630952251113707
3.396e-07,0.0014278222511137067
3.397e-07,-0.0004159277488862932
3.398e-07,0.0014278222511137067
3.399e-07,0.003974702251113706
3.4e-07,0.005427822251113707
3.401e-07,0.005990322251113707
3.402e-07,0.005427822251113707
3.403e-07,0.004459072251113706
3.404e-07,0.005427822251113707
3.405e-07,0.008287202251113705
3.406e-07,0.009427822251113707
3.407e-07,0.0073184522511137075
3.408e-07,0.005427822251113707
3.409e-07,0.005896572251113707
3.41e-07,0.005427822251113707
3.411e-07,0.0013497022511137057
3.412e-07,-0.0025721757488862927
3.413e-07,-0.0008221757488862929
3.414e-07,0.005427822251113707
3.415e-07,0.011115322251113705
3.416e-07,0.013427822251113707
3.417e-07,0.012287202251113705
3.418e-07,0.009427822251113707
3.419e-07,0.007552822251113705
3.42e-07,0.009427822251113707
3.421e-07,0.013146572251113707
3.422e-07,0.013427822251113707
3.423e-07,0.007740322251113705
3.424e-07,0.0014278222511137067
3.425e-07,0.0006934522511137069
3.426e-07,0.005427822251113707
3.427e-07,0.010068452251113707
3.428e-07,0.009427822251113707
3.429e-07,0.004396572251113706
3.43e-07,0.0014278222511137067
3.431e-07,0.004427822251113706
3.432e-07,0.009427822251113707
3.433e-07,0.011021572251113705
3.434e-07,0.009427822251113707
3.435e-07,0.007490322251113705
3.436e-07,0.005427822251113707
3.437e-07,0.002615322251113706
3.438e-07,0.0014278222511137067
3.439e-07,0.003505952251113706
3.44e-07,0.005427822251113707
3.441e-07,0.005162202251113706
3.442e-07,0.005427822251113707
3.443e-07,0.008115322251113706
3.444e-07,0.009427822251113707
3.445e-07,0.006959072251113708
3.446e-07,0.005427822251113707
3.447e-07,0.008740322251113706
3.448e-07,0.013427822251113707
3.449e-07,0.014365322251113708
3.45e-07,0.013427822251113707
3.451e-07,0.013412202251113706
3.452e-07,0.013427822251113707
3.453e-07,0.010443452251113707
3.454e-07,0.005427822251113707
3.455e-07,0.001693452251113706
3.456e-07,0.0014278222511137067
3.457e-07,0.003818452251113706
3.458e-07,0.005427822251113707
3.459e-07,0.005162202251113706
3.46e-07,0.005427822251113707
3.461e-07,0.007943452251113708
3.462e-07,0.009427822251113707
3.463e-07,0.007568452251113708
3.464e-07,0.005427822251113707
3.465e-07,0.006505952251113707
3.466e-07,0.009427822251113707
3.467e-07,0.010459072251113708
3.468e-07,0.009427822251113707
3.469e-07,0.008459072251113706
3.47e-07,0.009427822251113707
3.471e-07,0.010771572251113708
3.472e-07,0.009427822251113707
3.473e-07,0.004880952251113707
3.474e-07,0.0014278222511137067
3.475e-07,0.0025372022511137068
3.476e-07,0.005427822251113707
3.477e-07,0.006084072251113707
3.478e-07,0.005427822251113707
3.479e-07,0.005646572251113707
3.48e-07,0.005427822251113707
3.481e-07,0.004334072251113706
3.482e-07,0.005427822251113707
3.483e-07,0.009115322251113707
3.484e-07,0.009427822251113707
3.485e-07,0.0032715722511137066
3.486e-07,-0.0025721757488862927
3.487e-07,-0.001040925748886293
3.488e-07,0.005427822251113707
3.489e-07,0.009818452251113706
3.49e-07,0.009427822251113707
3.491e-07,0.006771572251113708
3.492e-07,0.005427822251113707
3.493e-07,0.005787202251113706
3.494e-07,0.005427822251113707
3.495e-07,0.0030684522511137072
3.496e-07,0.0014278222511137067
3.497e-07,0.002880952251113707
3.498e-07,0.005427822251113707
3.499e-07,0.005959072251113707
3.5e-07,0.005427822251113707
3.501e-07,0.005443452251113706
3.502e-07,0.005427822251113707
3.503e-07,0.003802822251113707
3.504e-07,0.0014278222511137067
3.505e-07,0.0003028222511137057
3.506e-07,0.0014278222511137067
3.507e-07,0.0029278222511137063
3.508e-07,0.0014278222511137067
3.509e-07,-0.0031659257488862932
3.51e-07,-0.006572175748886294
3.511e-07,-0.0054471757488862935
3.512e-07,-0.0025721757488862927
3.513e-07,-0.0017596757488862937
3.514e-07,-0.0025721757488862927
3.515e-07,-0.0019315507488862939
3.516e-07,0.0014278222511137067
3.517e-07,0.004912202251113707
3.518e-07,0.005427822251113707
3.519e-07,0.001959072251113707
3.52e-07,-0.0025721757488862927
3.521e-07,-0.0054471757488862935
3.522e-07,-0.006572175748886294
3.523e-07,-0.007931550748886294
3.524e-07,-0.010572175960747294
3.525e-07,-0.012400300748886293
3.526e-07,-0.010572175960747294
3.527e-07,-0.005619050748886294
3.528e-07,-0.0025721757488862927
3.529e-07,-0.004119050748886293
3.53e-07,-0.006572175748886294
3.531e-07,-0.005634675748886294
3.532e-07,-0.0025721757488862927
3.533e-07,-0.0024159257488862943
3.534e-07,-0.006572175748886294
3.535e-07,-0.012165925748886294
3.536e-07,-0.014572175748886293
3.537e-07,-0.012744050748886293
3.538e-07,-0.010572175960747294
3.539e-07,-0.011540925948886293
3.54e-07,-0.014572175748886293
3.541e-07,-0.015947175748886294
3.542e-07,-0.014572175748886293
3.543e-07,-0.012040925748886294
3.544e-07,-0.010572175960747294
3.545e-07,-0.010431550948886294
3.546e-07,-0.010572175960747294
3.547e-07,-0.010556550958886293
3.548e-07,-0.010572175960747294
3.549e-07,-0.011994050748886294
3.55e-07,-0.014572175748886293
3.551e-07,-0.016259675748886294
3.552e-07,-0.014572175748886293
3.553e-07,-0.011056550948886294
3.554e-07,-0.010572175960747294
3.555e-07,-0.015869050748886292
3.556e-07,-0.022572177748886292
3.557e-07,-0.024837797748886295
3.558e-07,-0.022572177748886292
3.559e-07,-0.019306550748886292
3.56e-07,-0.018572175748886293
3.561e-07,-0.020337800748886293
3.562e-07,-0.022572177748886292
3.563e-07,-0.023244047748886294
3.564e-07,-0.022572177748886292
3.565e-07,-0.021040927748886294
3.566e-07,-0.018572175748886293
3.567e-07,-0.015697175748886294
3.568e-07,-0.014572175748886293
3.569e-07,-0.016447175748886295
3.57e-07,-0.018572175748886293
3.571e-07,-0.018884675748886293
3.572e-07,-0.018572175748886293
3.573e-07,-0.019931550748886293
3.574e-07,-0.022572177748886292
3.575e-07,-0.024009677748886293
3.576e-07,-0.022572177748886292
3.577e-07,-0.019619050748886292
3.578e-07,-0.018572175748886293
3.579e-07,-0.02065029774888629
3.58e-07,-0.022572177748886292
3.581e-07,-0.02138467774888629
3.582e-07,-0.018572175748886293
3.583e-07,-0.017478425748886292
3.584e-07,-0.018572175748886293
3.585e-07,-0.02058779774888629
3.586e-07,-0.022572177748886292
3.587e-07,-0.024728427748886294
3.588e-07,-0.026572177748886296
3.589e-07,-0.02721279774888629
3.59e-07,-0.026572177748886296
3.591e-07,-0.024822177748886294
3.592e-07,-0.022572177748886292
3.593e-07,-0.02132217774888629
3.594e-07,-0.022572177748886292
3.595e-07,-0.02554092774888629
3.596e-07,-0.026572177748886296
3.597e-07,-0.024337797748886295
3.598e-07,-0.022572177748886292
3.599e-07,-0.024119047748886294
3.6e-07,-0.026572177748886296
3.601e-07,-0.026900297748886297
3.602e-07,-0.026572177748886296
3.603e-07,-0.028228427748886294
3.604e-07,-0.030572177748886292
3.605e-07,-0.030306547748886296
3.606e-07,-0.026572177748886296
3.607e-07,-0.02157217774888629
3.608e-07,-0.018572175748886293
3.609e-07,-0.019275300748886295
3.61e-07,-0.022572177748886292
3.611e-07,-0.026728427748886292
3.612e-07,-0.030572177748886292
3.613e-07,-0.03343154774888629
3.614e-07,-0.034572177748886296
3.615e-07,-0.032384677748886294
3.616e-07,-0.026572177748886296
3.617e-07,-0.020275300748886293
3.618e-07,-0.018572175748886293
3.619e-07,-0.022619047748886293
3.62e-07,-0.026572177748886296
3.621e-07,-0.025619047748886292
3.622e-07,-0.022572177748886292
3.623e-07,-0.022931547748886293
3.624e-07,-0.026572177748886296
3.625e-07,-0.029931547748886296
3.626e-07,-0.030572177748886292
3.627e-07,-0.028915927748886294
3.628e-07,-0.026572177748886296
3.629e-07,-0.02529092774888629
3.63e-07,-0.026572177748886296
3.631e-07,-0.029244047748886295
3.632e-07,-0.030572177748886292
3.633e-07,-0.029119047748886295
3.634e-07,-0.026572177748886296
3.635e-07,-0.025525297748886296
3.636e-07,-0.026572177748886296
3.637e-07,-0.027728427748886293
3.638e-07,-0.026572177748886296
3.639e-07,-0.023650297748886294
3.64e-07,-0.022572177748886292
3.641e-07,-0.025759677748886295
3.642e-07,-0.030572177748886292
3.643e-07,-0.032572177748886294
3.644e-07,-0.030572177748886292
3.645e-07,-0.026337797748886296
3.646e-07,-0.022572177748886292
3.647e-07,-0.02115029774888629
3.648e-07,-0.022572177748886292
3.649e-07,-0.025462797748886296
3.65e-07,-0.026572177748886296
3.651e-07,-0.02480654774888629
3.652e-07,-0.022572177748886292
3.653e-07,-0.022165927748886295
3.654e-07,-0.022572177748886292
3.655e-07,-0.022509677748886292
3.656e-07,-0.022572177748886292
3.657e-07,-0.024181547748886294
3.658e-07,-0.026572177748886296
3.659e-07,-0.02746279774888629
3.66e-07,-0.026572177748886296
3.661e-07,-0.024572177748886294
3.662e-07,-0.022572177748886292
3.663e-07,-0.02169717774888629
3.664e-07,-0.022572177748886292
3.665e-07,-0.023869047748886294
3.666e-07,-0.022572177748886292
3.667e-07,-0.018197175748886293
3.668e-07,-0.014572175748886293
3.669e-07,-0.015306550748886294
3.67e-07,-0.018572175748886293
3.671e-07,-0.021228427748886294
3.672e-07,-0.022572177748886292
3.673e-07,-0.023275297748886294
3.674e-07,-0.022572177748886292
3.675e-07,-0.020228425748886295
3.676e-07,-0.018572175748886293
3.677e-07,-0.018775300748886295
3.678e-07,-0.018572175748886293
3.679e-07,-0.016353425748886295
3.68e-07,-0.014572175748886293
3.681e-07,-0.015837800748886292
3.682e-07,-0.018572175748886293
3.683e-07,-0.019697175748886294
3.684e-07,-0.018572175748886293
3.685e-07,-0.016447175748886295
3.686e-07,-0.014572175748886293
3.687e-07,-0.013712800748886294
3.688e-07,-0.014572175748886293
3.689e-07,-0.016822175748886295
3.69e-07,-0.018572175748886293
3.691e-07,-0.017837800748886294
3.692e-07,-0.014572175748886293
3.693e-07,-0.010165925948886293
3.694e-07,-0.006572175748886294
3.695e-07,-0.005540925748886294
3.696e-07,-0.006572175748886294
3.697e-07,-0.008822175748886293
3.698e-07,-0.010572175960747294
3.699e-07,-0.010994050948886294
3.7e-07,-0.010572175960747294
3.701e-07,-0.010259675948886294
3.702e-07,-0.010572175960747294
3.703e-07,-0.012009675748886294
3.704e-07,-0.014572175748886293
3.705e-07,-0.016275300748886293
3.706e-07,-0.014572175748886293
3.707e-07,-0.008728425748886293
3.708e-07,-0.0025721757488862927
3.709e-07,-0.00043154774888629413
3.71e-07,-0.0025721757488862927
3.711e-07,-0.005822175748886294
3.712e-07,-0.006572175748886294
3.713e-07,-0.004556550748886294
3.714e-07,-0.0025721757488862927
3.715e-07,-0.0034940507488862935
3.716e-07,-0.006572175748886294
3.717e-07,-0.008712800748886293
3.718e-07,-0.006572175748886294
3.719e-07,-0.0014003007488862934
3.72e-07,0.0014278222511137067
3.721e-07,-0.00043154774888629413
3.722e-07,-0.0025721757488862927
3.723e-07,-0.002103425748886294
3.724e-07,-0.0025721757488862927
3.725e-07,-0.006978425748886293
3.726e-07,-0.010572175960747294
3.727e-07,-0.008087800748886294
3.728e-07,-0.0025721757488862927
3.729e-07,-0.0004940477488862942
3.73e-07,-0.0025721757488862927
3.731e-07,-0.0054003007488862935
3.732e-07,-0.006572175748886294
3.733e-07,-0.005197175748886293
3.734e-07,-0.0025721757488862927
3.735e-07,-0.000947175748886293
3.736e-07,-0.0025721757488862927
3.737e-07,-0.006900300748886293
3.738e-07,-0.010572175960747294
3.739e-07,-0.009384675748886294
3.74e-07,-0.0025721757488862927
3.741e-07,0.005849702251113706
3.742e-07,0.009427822251113707
3.743e-07,0.005896572251113707
3.744e-07,0.0014278222511137067
3.745e-07,0.001630952251113706
3.746e-07,0.005427822251113707
3.747e-07,0.007427822251113705
3.748e-07,0.005427822251113707
3.749e-07,0.0008965722511137062
3.75e-07,-0.0025721757488862927
3.751e-07,-0.0034003007488862935
3.752e-07,-0.0025721757488862927
3.753e-07,-0.000962800748886293
3.754e-07,0.0014278222511137067
3.755e-07,0.004240322251113706
3.756e-07,0.005427822251113707
3.757e-07,0.003568452251113706
3.758e-07,0.0014278222511137067
3.759e-07,0.0021934522511137065
3.76e-07,0.005427822251113707
3.761e-07,0.007412202251113708
3.762e-07,0.005427822251113707
3.763e-07,-0.0004940477488862942
3.764e-07,-0.006572175748886294
3.765e-07,-0.008744050748886293
3.766e-07,-0.006572175748886294
3.767e-07,-0.002212800748886294
3.768e-07,0.0014278222511137067
3.769e-07,0.002615322251113706
3.77e-07,0.0014278222511137067
3.771e-07,5.952251113706258e-06
3.772e-07,0.0014278222511137067
3.773e-07,0.005005952251113707
3.774e-07,0.005427822251113707
3.775e-07,-9.677748886292858e-06
3.776e-07,-0.006572175748886294
3.777e-07,-0.008712800748886293
3.778e-07,-0.006572175748886294
3.779e-07,-0.003775300748886294
3.78e-07,-0.0025721757488862927
3.781e-07,-0.0013378007488862934
3.782e-07,0.0014278222511137067
3.783e-07,0.004755952251113707
3.784e-07,0.005427822251113707
3.785e-07,0.0019122022511137062
3.786e-07,-0.0025721757488862927
3.787e-07,-0.0031971757488862933
3.788e-07,0.0014278222511137067
3.789e-07,0.0072872022511137075
3.79e-07,0.009427822251113707
3.791e-07,0.006052822251113707
3.792e-07,0.0014278222511137067
3.793e-07,-5.65477488862938e-05
3.794e-07,0.0014278222511137067
3.795e-07,0.0025059522511137067
3.796e-07,0.0014278222511137067
3.797e-07,-0.001025300748886293
3.798e-07,-0.0025721757488862927
3.799e-07,-0.0017284257488862937
3.8e-07,0.0014278222511137067
3.801e-07,0.004693452251113707
3.802e-07,0.005427822251113707
3.803e-07,0.0023809522511137066
3.804e-07,-0.0025721757488862927
3.805e-07,-0.006275300748886293
3.806e-07,-0.006572175748886294
3.807e-07,-0.004228425748886293
3.808e-07,-0.0025721757488862927
3.809e-07,-0.003775300748886294
3.81e-07,-0.006572175748886294
3.811e-07,-0.007962800748886294
3.812e-07,-0.006572175748886294
3.813e-07,-0.0037128007488862937
3.814e-07,-0.0025721757488862927
3.815e-07,-0.004259675748886293
3.816e-07,-0.006572175748886294
3.817e-07,-0.0072909257488862934
3.818e-07,-0.006572175748886294
3.819e-07,-0.006040925748886293
3.82e-07,-0.006572175748886294
3.821e-07,-0.007072175748886293
3.822e-07,-0.006572175748886294
3.823e-07,-0.005712800748886294
3.824e-07,-0.006572175748886294
3.825e-07,-0.009275300748886293
3.826e-07,-0.010572175960747294
3.827e-07,-0.007697175748886294
3.828e-07,-0.0025721757488862927
3.829e-07,0.0009122022511137071
3.83e-07,0.0014278222511137067
3.831e-07,-0.0004784277488862933
3.832e-07,-0.0025721757488862927
3.833e-07,-0.004634675748886294
3.834e-07,-0.006572175748886294
3.835e-07,-0.007775300748886294
3.836e-07,-0.006572175748886294
3.837e-07,-0.0036190507488862936
3.838e-07,-0.0025721757488862927
3.839e-07,-0.006775300748886293
3.84e-07,-0.014572175748886293
3.841e-07,-0.019947175748886294
3.842e-07,-0.018572175748886293
3.843e-07,-0.011665925748886294
3.844e-07,-0.006572175748886294
3.845e-07,-0.007540925748886294
3.846e-07,-0.010572175960747294
3.847e-07,-0.010134675948886293
3.848e-07,-0.006572175748886294
3.849e-07,-0.004509675748886294
3.85e-07,-0.006572175748886294
3.851e-07,-0.011119050948886294
3.852e-07,-0.014572175748886293
3.853e-07,-0.015290925748886294
3.854e-07,-0.014572175748886293
3.855e-07,-0.014244050748886294
3.856e-07,-0.014572175748886293
3.857e-07,-0.013759675748886294
3.858e-07,-0.010572175960747294
3.859e-07,-0.006931550748886293
3.86e-07,-0.006572175748886294
3.861e-07,-0.009697175948886293
3.862e-07,-0.010572175960747294
3.863e-07,-0.007462800748886294
3.864e-07,-0.006572175748886294
3.865e-07,-0.012494050748886293
3.866e-07,-0.018572175748886293
3.867e-07,-0.018087800748886294
3.868e-07,-0.014572175748886293
3.869e-07,-0.014900300748886293
3.87e-07,-0.018572175748886293
3.871e-07,-0.020275300748886293
3.872e-07,-0.018572175748886293
3.873e-07,-0.015665925748886294
3.874e-07,-0.014572175748886293
3.875e-07,-0.016150300748886293
3.876e-07,-0.018572175748886293
3.877e-07,-0.019462800748886296
3.878e-07,-0.018572175748886293
3.879e-07,-0.016822175748886295
3.88e-07,-0.014572175748886293
3.881e-07,-0.012994050748886293
3.882e-07,-0.014572175748886293
3.883e-07,-0.019447175748886294
3.884e-07,-0.022572177748886292
3.885e-07,-0.02090029774888629
3.886e-07,-0.018572175748886293
3.887e-07,-0.01874405074888629
3.888e-07,-0.018572175748886293
3.889e-07,-0.015634675748886294
3.89e-07,-0.014572175748886293
3.891e-07,-0.018728425748886293
3.892e-07,-0.022572177748886292
3.893e-07,-0.020150300748886293
3.894e-07,-0.014572175748886293
3.895e-07,-0.011603425748886294
3.896e-07,-0.010572175960747294
3.897e-07,-0.009712800948886293
3.898e-07,-0.010572175960747294
3.899e-07,-0.014837800748886293
3.9e-07,-0.018572175748886293
3.901e-07,-0.01886905074888629
3.902e-07,-0.018572175748886293
3.903e-07,-0.02057217574888629
3.904e-07,-0.022572177748886292
3.905e-07,-0.021306547748886295
3.906e-07,-0.018572175748886293
3.907e-07,-0.017478425748886292
3.908e-07,-0.018572175748886293
3.909e-07,-0.019384675748886294
3.91e-07,-0.018572175748886293
3.911e-07,-0.016431550748886293
3.912e-07,-0.014572175748886293
3.913e-07,-0.014165925748886293
3.914e-07,-0.014572175748886293
3.915e-07,-0.014822175748886293
3.916e-07,-0.014572175748886293
3.917e-07,-0.014494050748886295
3.918e-07,-0.014572175748886293
3.919e-07,-0.014650300748886295
3.92e-07,-0.014572175748886293
3.921e-07,-0.014447175748886293
3.922e-07,-0.014572175748886293
3.923e-07,-0.014744050748886295
3.924e-07,-0.014572175748886293
3.925e-07,-0.014228425748886293
3.926e-07,-0.014572175748886293
3.927e-07,-0.015290925748886294
3.928e-07,-0.014572175748886293
3.929e-07,-0.011072175948886294
3.93e-07,-0.006572175748886294
3.931e-07,-0.004587800748886294
3.932e-07,-0.006572175748886294
3.933e-07,-0.011150300948886294
3.934e-07,-0.014572175748886293
3.935e-07,-0.014228425748886293
3.936e-07,-0.010572175960747294
3.937e-07,-0.007025300748886293
3.938e-07,-0.006572175748886294
3.939e-07,-0.008947175748886293
3.94e-07,-0.010572175960747294
3.941e-07,-0.009087800748886293
3.942e-07,-0.006572175748886294
3.943e-07,-0.006775300748886293
3.944e-07,-0.010572175960747294
3.945e-07,-0.014650300748886295
3.946e-07,-0.014572175748886293
3.947e-07,-0.009087800748886293
3.948e-07,-0.0025721757488862927
3.949e-07,-0.00010342774888629294
3.95e-07,-0.0025721757488862927
3.951e-07,-0.007228425748886293
3.952e-07,-0.010572175960747294
3.953e-07,-0.010540925958886293
3.954e-07,-0.006572175748886294
3.955e-07,-0.001040925748886293
3.956e-07,0.0014278222511137067
3.957e-07,-0.0006815507488862928
3.958e-07,-0.0025721757488862927
3.959e-07,-0.0018846757488862938
3.96e-07,-0.0025721757488862927
3.961e-07,-0.007197175748886293
3.962e-07,-0.010572175960747294
3.963e-07,-0.007822175748886294
3.964e-07,-0.0025721757488862927
3.965e-07,-0.000915925748886293
3.966e-07,-0.0025721757488862927
3.967e-07,-0.0035565507488862936
3.968e-07,-0.0025721757488862927
3.969e-07,-0.0014940507488862935
3.97e-07,-0.0025721757488862927
3.971e-07,-0.005134675748886293
3.972e-07,-0.006572175748886294
3.973e-07,-0.005056550748886293
3.974e-07,-0.0025721757488862927
3.975e-07,-0.0017753007488862937
3.976e-07,-0.0025721757488862927
3.977e-07,-0.002025300748886294
3.978e-07,0.0014278222511137067
3.979e-07,0.006380952251113707
3.98e-07,0.009427822251113707
3.981e-07,0.008396572251113706
3.982e-07,0.005427822251113707
3.983e-07,0.003755952251113706
3.984e-07,0.005427822251113707
3.985e-07,0.008459072251113706
3.986e-07,0.009427822251113707
3.987e-07,0.007396572251113705
3.988e-07,0.005427822251113707
3.989e-07,0.005427822251113707
3.99e-07,0.005427822251113707
3.991e-07,0.003380952251113706
3.992e-07,0.0014278222511137067
3.993e-07,0.003443452251113706
3.994e-07,0.009427822251113707
3.995e-07,0.015459072251113705
3.996e-07,0.01742782225111371
3.997e-07,0.014130952251113707
3.998e-07,0.009427822251113707
3.999e-07,0.006615322251113708
4e-07,0.005427822251113707
4.001e-07,0.004724702251113707
4.002e-07,0.005427822251113707
4.003e-07,0.007990322251113706
4.004e-07,0.009427822251113707
4.005e-07,0.007646572251113705
4.006e-07,0.005427822251113707
4.007e-07,0.006380952251113707
4.008e-07,0.009427822251113707
4.009e-07,0.012052822251113706
4.01e-07,0.013427822251113707
4.011e-07,0.013959072251113707
4.012e-07,0.013427822251113707
4.013e-07,0.011490322251113705
4.014e-07,0.009427822251113707
4.015e-07,0.008662202251113705
4.016e-07,0.009427822251113707
4.017e-07,0.011271572251113705
4.018e-07,0.013427822251113707
4.019e-07,0.015412202251113708
4.02e-07,0.01742782225111371
4.021e-07,0.018521572251113706
4.022e-07,0.01742782225111371
4.023e-07,0.014677822251113708
4.024e-07,0.013427822251113707
4.025e-07,0.015130952251113708
4.026e-07,0.01742782225111371
4.027e-07,0.016787202251113707
4.028e-07,0.013427822251113707
4.029e-07,0.011099702251113707
4.03e-07,0.013427822251113707
4.031e-07,0.019005952251113706
4.032e-07,0.021427822251113705
4.033e-07,0.017818452251113705
4.034e-07,0.013427822251113707
4.035e-07,0.013974702251113707
4.036e-07,0.01742782225111371
4.037e-07,0.01878720225111371
4.038e-07,0.01742782225111371
4.039e-07,0.016255952251113703
4.04e-07,0.01742782225111371
4.041e-07,0.019880952251113707
4.042e-07,0.021427822251113705
4.043e-07,0.021255952251113708
4.044e-07,0.021427822251113705
4.045e-07,0.022443452251113702
4.046e-07,0.021427822251113705
4.047e-07,0.016880952251113704
4.048e-07,0.013427822251113707
4.049e-07,0.014724702251113707
4.05e-07,0.01742782225111371
4.051e-07,0.01780282225111371
4.052e-07,0.01742782225111371
4.053e-07,0.019318452251113706
4.054e-07,0.021427822251113705
4.055e-07,0.020599702251113704
4.056e-07,0.01742782225111371
4.057e-07,0.015615322251113705
4.058e-07,0.01742782225111371
4.059e-07,0.021896572251113702
4.06e-07,0.025427822251113702
4.061e-07,0.025834072251113706
4.062e-07,0.025427822251113702
4.063e-07,0.025880952251113705
4.064e-07,0.025427822251113702
4.065e-07,0.022724702251113706
4.066e-07,0.021427822251113705
4.067e-07,0.023537202251113706
4.068e-07,0.025427822251113702
4.069e-07,0.023646572251113704
4.07e-07,0.021427822251113705
4.071e-07,0.022755952251113702
4.072e-07,0.025427822251113702
4.073e-07,0.025099702251113708
4.074e-07,0.021427822251113705
4.075e-07,0.01792782225111371
4.076e-07,0.01742782225111371
4.077e-07,0.020552822251113705
4.078e-07,0.025427822251113702
4.079e-07,0.029099702251113704
4.08e-07,0.029427822251113706
4.081e-07,0.027005952251113706
4.082e-07,0.025427822251113702
4.083e-07,0.025677822251113702
4.084e-07,0.025427822251113702
4.085e-07,0.023177822251113707
4.086e-07,0.021427822251113705
4.087e-07,0.022709072251113703
4.088e-07,0.025427822251113702
4.089e-07,0.025427822251113702
4.09e-07,0.021427822251113705
4.091e-07,0.017099702251113708
4.092e-07,0.01742782225111371
4.093e-07,0.023349702251113706
4.094e-07,0.029427822251113706
4.095e-07,0.029896572251113702
4.096e-07,0.025427822251113702
4.097e-07,0.021224702251113704
4.098e-07,0.021427822251113705
4.099e-07,0.0246153222511137
4.1e-07,0.025427822251113702
4.101e-07,0.021615322251113706
4.102e-07,0.01742782225111371
4.103e-07,0.017724702251113708
4.104e-07,0.021427822251113705
4.105e-07,0.024459072251113705
4.106e-07,0.025427822251113702
4.107e-07,0.025505952251113705
4.108e-07,0.025427822251113702
4.109e-07,0.025162202251113708
4.11e-07,0.025427822251113702
4.111e-07,0.0259122022511137
4.112e-07,0.025427822251113702
4.113e-07,0.023412202251113706
4.114e-07,0.021427822251113705
4.115e-07,0.020787202251113704
4.116e-07,0.021427822251113705
4.117e-07,0.021990322251113706
4.118e-07,0.021427822251113705
4.119e-07,0.020552822251113705
4.12e-07,0.021427822251113705
4.121e-07,0.024115322251113708
4.122e-07,0.025427822251113702
4.123e-07,0.023568452251113703
4.124e-07,0.021427822251113705
4.125e-07,0.021427822251113705
4.126e-07,0.021427822251113705
4.127e-07,0.019334072251113707
4.128e-07,0.01742782225111371
4.129e-07,0.018630952251113705
4.13e-07,0.021427822251113705
4.131e-07,0.022599702251113706
4.132e-07,0.021427822251113705
4.133e-07,0.020084072251113708
4.134e-07,0.021427822251113705
4.135e-07,0.024552822251113708
4.136e-07,0.025427822251113702
4.137e-07,0.022693452251113702
4.138e-07,0.021427822251113705
4.139e-07,0.024052822251113708
4.14e-07,0.025427822251113702
4.141e-07,0.020459072251113708
4.142e-07,0.013427822251113707
4.143e-07,0.011177822251113705
4.144e-07,0.013427822251113707
4.145e-07,0.016146572251113704
4.146e-07,0.01742782225111371
4.147e-07,0.01803720225111371
4.148e-07,0.01742782225111371
4.149e-07,0.016427822251113708
4.15e-07,0.01742782225111371
4.151e-07,0.020552822251113705
4.152e-07,0.021427822251113705
4.153e-07,0.018709072251113706
4.154e-07,0.01742782225111371
4.155e-07,0.0209590722511137
4.156e-07,0.025427822251113702
4.157e-07,0.025037202251113708
4.158e-07,0.021427822251113705
4.159e-07,0.019505952251113706
4.16e-07,0.021427822251113705
4.161e-07,0.024599702251113707
4.162e-07,0.025427822251113702
4.163e-07,0.022302822251113706
4.164e-07,0.01742782225111371
4.165e-07,0.013990322251113707
4.166e-07,0.013427822251113707
4.167e-07,0.015115322251113705
4.168e-07,0.01742782225111371
4.169e-07,0.019802822251113704
4.17e-07,0.021427822251113705
4.171e-07,0.0219434522511137
4.172e-07,0.021427822251113705
4.173e-07,0.019959072251113708
4.174e-07,0.01742782225111371
4.175e-07,0.015474702251113708
4.176e-07,0.01742782225111371
4.177e-07,0.022568452251113702
4.178e-07,0.025427822251113702
4.179e-07,0.023224702251113706
4.18e-07,0.021427822251113705
4.181e-07,0.023787202251113707
4.182e-07,0.025427822251113702
4.183e-07,0.020724702251113704
4.184e-07,0.013427822251113707
4.185e-07,0.010584072251113708
4.186e-07,0.013427822251113707
4.187e-07,0.018271572251113706
4.188e-07,0.021427822251113705
4.189e-07,0.0221934522511137
4.19e-07,0.021427822251113705
4.191e-07,0.019943452251113707
4.192e-07,0.01742782225111371
4.193e-07,0.014490322251113708
4.194e-07,0.013427822251113707
4.195e-07,0.016396572251113704
4.196e-07,0.021427822251113705
4.197e-07,0.024849702251113708
4.198e-07,0.025427822251113702
4.199e-07,0.023787202251113707
4.2e-07,0.021427822251113705
4.201e-07,0.020130952251113707
4.202e-07,0.021427822251113705
4.203e-07,0.024193452251113703
4.204e-07,0.025427822251113702
4.205e-07,0.023443452251113703
4.206e-07,0.021427822251113705
4.207e-07,0.022287202251113705
4.208e-07,0.025427822251113702
4.209e-07,0.027115322251113703
4.21e-07,0.025427822251113702
4.211e-07,0.021177822251113705
4.212e-07,0.01742782225111371
4.213e-07,0.016365322251113708
4.214e-07,0.01742782225111371
4.215e-07,0.018396572251113706
4.216e-07,0.01742782225111371
4.217e-07,0.015099702251113708
4.218e-07,0.013427822251113707
4.219e-07,0.014427822251113708
4.22e-07,0.01742782225111371
4.221e-07,0.020396572251113708
4.222e-07,0.021427822251113705
4.223e-07,0.020052822251113704
4.224e-07,0.01742782225111371
4.225e-07,0.015943452251113703
4.226e-07,0.01742782225111371
4.227e-07,0.020630952251113707
4.228e-07,0.021427822251113705
4.229e-07,0.017834072251113706
4.23e-07,0.013427822251113707
4.231e-07,0.013099702251113706
4.232e-07,0.01742782225111371
4.233e-07,0.022865322251113707
4.234e-07,0.025427822251113702
4.235e-07,0.023974702251113707
4.236e-07,0.021427822251113705
4.237e-07,0.020505952251113707
4.238e-07,0.021427822251113705
4.239e-07,0.022162202251113705
4.24e-07,0.021427822251113705
4.241e-07,0.019365322251113704
4.242e-07,0.01742782225111371
4.243e-07,0.016615322251113708
4.244e-07,0.01742782225111371
4.245e-07,0.019490322251113704
4.246e-07,0.021427822251113705
4.247e-07,0.022209072251113703
4.248e-07,0.021427822251113705
4.249e-07,0.01941220225111371
4.25e-07,0.01742782225111371
4.251e-07,0.016568452251113704
4.252e-07,0.01742782225111371
4.253e-07,0.019505952251113706
4.254e-07,0.021427822251113705
4.255e-07,0.021896572251113702
4.256e-07,0.021427822251113705
4.257e-07,0.020193452251113707
4.258e-07,0.01742782225111371
4.259e-07,0.014068452251113707
4.26e-07,0.013427822251113707
4.261e-07,0.016162202251113707
4.262e-07,0.01742782225111371
4.263e-07,0.014787202251113707
4.264e-07,0.013427822251113707
4.265e-07,0.017318452251113704
4.266e-07,0.021427822251113705
4.267e-07,0.020443452251113707
4.268e-07,0.01742782225111371
4.269e-07,0.017021572251113705
4.27e-07,0.01742782225111371
4.271e-07,0.015349702251113708
4.272e-07,0.013427822251113707
4.273e-07,0.014880952251113707
4.274e-07,0.01742782225111371
4.275e-07,0.017880952251113705
4.276e-07,0.01742782225111371
4.277e-07,0.01767782225111371
4.278e-07,0.01742782225111371
4.279e-07,0.015334072251113705
4.28e-07,0.013427822251113707
4.281e-07,0.014240322251113708
4.282e-07,0.01742782225111371
4.283e-07,0.01941220225111371
4.284e-07,0.01742782225111371
4.285e-07,0.012380952251113705
4.286e-07,0.009427822251113707
4.287e-07,0.011021572251113705
4.288e-07,0.013427822251113707
4.289e-07,0.012396572251113706
4.29e-07,0.009427822251113707
4.291e-07,0.008490322251113706
4.292e-07,0.009427822251113707
4.293e-07,0.009896572251113707
4.294e-07,0.009427822251113707
4.295e-07,0.008318452251113705
4.296e-07,0.005427822251113707
4.297e-07,0.002834072251113706
4.298e-07,0.005427822251113707
4.299e-07,0.013115322251113707
4.3e-07,0.01742782225111371
4.301e-07,0.012771572251113706
4.302e-07,0.005427822251113707
4.303e-07,0.0042247022511137065
4.304e-07,0.009427822251113707
4.305e-07,0.014287202251113707
4.306e-07,0.013427822251113707
4.307e-07,0.008302822251113706
4.308e-07,0.005427822251113707
4.309e-07,0.007334072251113705
4.31e-07,0.009427822251113707
4.311e-07,0.007740322251113705
4.312e-07,0.005427822251113707
4.313e-07,0.007677822251113705
4.314e-07,0.013427822251113707
4.315e-07,0.016443452251113704
4.316e-07,0.013427822251113707
4.317e-07,0.007412202251113708
4.318e-07,0.005427822251113707
4.319e-07,0.009568452251113706
4.32e-07,0.013427822251113707
4.321e-07,0.010818452251113707
4.322e-07,0.005427822251113707
4.323e-07,0.003505952251113706
4.324e-07,0.005427822251113707
4.325e-07,0.007724702251113708
4.326e-07,0.009427822251113707
4.327e-07,0.010552822251113708
4.328e-07,0.009427822251113707
4.329e-07,0.005318452251113706
4.33e-07,0.0014278222511137067
4.331e-07,0.0005528222511137059
4.332e-07,0.0014278222511137067
4.333e-07,0.001771572251113707
4.334e-07,0.0014278222511137067
4.335e-07,0.0015372022511137059
4.336e-07,0.0014278222511137067
4.337e-07,0.0009903222511137063
4.338e-07,0.0014278222511137067
4.339e-07,0.002771572251113706
4.34e-07,0.0014278222511137067
4.341e-07,-0.0024003007488862943
4.342e-07,-0.0025721757488862927
4.343e-07,0.003615322251113707
4.344e-07,0.009427822251113707
4.345e-07,0.008474702251113705
4.346e-07,0.005427822251113707
4.347e-07,0.006287202251113707
4.348e-07,0.009427822251113707
4.349e-07,0.009084072251113707
4.35e-07,0.005427822251113707
4.351e-07,0.0011309522511137073
4.352e-07,-0.0025721757488862927
4.353e-07,-0.005681550748886294
4.354e-07,-0.006572175748886294
4.355e-07,-0.004650300748886294
4.356e-07,-0.0025721757488862927
4.357e-07,-0.002275300748886294
4.358e-07,-0.0025721757488862927
4.359e-07,-0.002072175748886294
4.36e-07,-0.0025721757488862927
4.361e-07,-0.004775300748886294
4.362e-07,-0.006572175748886294
4.363e-07,-0.0063221757488862934
4.364e-07,-0.006572175748886294
4.365e-07,-0.009040925748886293
4.366e-07,-0.010572175960747294
4.367e-07,-0.007712800748886294
4.368e-07,-0.0025721757488862927
4.369e-07,0.0008340722511137062
4.37e-07,0.0014278222511137067
4.371e-07,5.28222511137072e-05
4.372e-07,-0.0025721757488862927
4.373e-07,-0.005540925748886294
4.374e-07,-0.006572175748886294
4.375e-07,-0.004869050748886294
4.376e-07,-0.0025721757488862927
4.377e-07,-0.002009675748886294
4.378e-07,-0.0025721757488862927
4.379e-07,-0.002837800748886294
4.38e-07,-0.0025721757488862927
4.381e-07,-0.0024315507488862943
4.382e-07,-0.0025721757488862927
4.383e-07,-0.002712800748886293
4.384e-07,-0.0025721757488862927
4.385e-07,-0.0024940507488862944
4.386e-07,-0.0025721757488862927
4.387e-07,-0.002822175748886294
4.388e-07,-0.0025721757488862927
4.389e-07,-0.002103425748886294
4.39e-07,-0.0025721757488862927
4.391e-07,-0.0044471757488862935
4.392e-07,-0.006572175748886294
4.393e-07,-0.0074315507488862936
4.394e-07,-0.006572175748886294
4.395e-07,-0.005603425748886294
4.396e-07,-0.006572175748886294
4.397e-07,-0.008275300748886293
4.398e-07,-0.006572175748886294
4.399e-07,-0.0012284257488862933
4.4e-07,0.0014278222511137067
4.401e-07,-0.0032284257488862933
4.402e-07,-0.010572175960747294
4.403e-07,-0.013290925748886294
4.404e-07,-0.010572175960747294
4.405e-07,-0.006900300748886293
4.406e-07,-0.006572175748886294
4.407e-07,-0.009259675748886293
4.408e-07,-0.010572175960747294
4.409e-07,-0.008525300748886293
4.41e-07,-0.006572175748886294
4.411e-07,-0.006931550748886293
4.412e-07,-0.006572175748886294
4.413e-07,-0.0035409257488862936
4.414e-07,-0.0025721757488862927
4.415e-07,-0.007853425748886294
4.416e-07,-0.014572175748886293
4.417e-07,-0.015509675748886294
4.418e-07,-0.010572175960747294
4.419e-07,-0.004822175748886294
4.42e-07,-0.0025721757488862927
4.421e-07,-0.004181550748886293
4.422e-07,-0.006572175748886294
4.423e-07,-0.007181550748886293
4.424e-07,-0.006572175748886294
4.425e-07,-0.006462800748886294
4.426e-07,-0.006572175748886294
4.427e-07,-0.0063846757488862935
4.428e-07,-0.006572175748886294
4.429e-07,-0.0074003007488862935
4.43e-07,-0.006572175748886294
4.431e-07,-0.0036503007488862937
4.432e-07,-0.0025721757488862927
4.433e-07,-0.005947175748886294
4.434e-07,-0.010572175960747294
4.435e-07,-0.012150300748886294
4.436e-07,-0.010572175960747294
4.437e-07,-0.008259675748886294
4.438e-07,-0.006572175748886294
4.439e-07,-0.004837800748886294
4.44e-07,-0.0025721757488862927
4.441e-07,-0.0012284257488862933
4.442e-07,-0.0025721757488862927
4.443e-07,-0.006806550748886293
4.444e-07,-0.010572175960747294
4.445e-07,-0.010478425958886293
4.446e-07,-0.006572175748886294
4.447e-07,-0.002728425748886293
4.448e-07,-0.0025721757488862927
4.449e-07,-0.006587800748886294
4.45e-07,-0.010572175960747294
4.451e-07,-0.011540925948886293
4.452e-07,-0.010572175960747294
4.453e-07,-0.010165925948886293
4.454e-07,-0.010572175960747294
4.455e-07,-0.010525300958886293
4.456e-07,-0.010572175960747294
4.457e-07,-0.011900300748886294
4.458e-07,-0.014572175748886293
4.459e-07,-0.017181550748886294
4.46e-07,-0.018572175748886293
4.461e-07,-0.017603425748886292
4.462e-07,-0.014572175748886293
4.463e-07,-0.010353425948886294
4.464e-07,-0.006572175748886294
4.465e-07,-0.004884675748886294
4.466e-07,-0.006572175748886294
4.467e-07,-0.010978425948886294
4.468e-07,-0.014572175748886293
4.469e-07,-0.015197175748886294
4.47e-07,-0.014572175748886293
4.471e-07,-0.013822175748886294
4.472e-07,-0.010572175960747294
4.473e-07,-0.004931550748886294
4.474e-07,-0.0025721757488862927
4.475e-07,-0.006540925748886294
4.476e-07,-0.010572175960747294
4.477e-07,-0.009353425748886294
4.478e-07,-0.006572175748886294
4.479e-07,-0.007759675748886294
4.48e-07,-0.010572175960747294
4.481e-07,-0.010103425948886293
4.482e-07,-0.006572175748886294
4.483e-07,-0.004603425748886294
4.484e-07,-0.006572175748886294
4.485e-07,-0.011119050948886294
4.486e-07,-0.014572175748886293
4.487e-07,-0.014025300748886294
4.488e-07,-0.010572175960747294
4.489e-07,-0.0073690507488862935
4.49e-07,-0.006572175748886294
4.491e-07,-0.008119050748886294
4.492e-07,-0.010572175960747294
4.493e-07,-0.012009675748886294
4.494e-07,-0.010572175960747294
4.495e-07,-0.0073690507488862935
4.496e-07,-0.006572175748886294
4.497e-07,-0.009228425748886293
4.498e-07,-0.010572175960747294
4.499e-07,-0.008181550748886292
4.5e-07,-0.006572175748886294
4.501e-07,-0.009853425948886293
4.502e-07,-0.014572175748886293
4.503e-07,-0.014790925748886293
4.504e-07,-0.010572175960747294
4.505e-07,-0.006665925748886294
4.506e-07,-0.006572175748886294
4.507e-07,-0.009306550748886293
4.508e-07,-0.010572175960747294
4.509e-07,-0.008525300748886293
4.51e-07,-0.006572175748886294
4.511e-07,-0.007869050748886294
4.512e-07,-0.010572175960747294
4.513e-07,-0.011290925948886293
4.514e-07,-0.010572175960747294
4.515e-07,-0.010556550958886293
4.516e-07,-0.010572175960747294
4.517e-07,-0.009040925748886293
4.518e-07,-0.006572175748886294
4.519e-07,-0.0044471757488862935
4.52e-07,-0.0025721757488862927
4.521e-07,-0.0016034257488862936
4.522e-07,-0.0025721757488862927
4.523e-07,-0.006259675748886293
4.524e-07,-0.010572175960747294
4.525e-07,-0.012494050748886293
4.526e-07,-0.010572175960747294
4.527e-07,-0.007197175748886293
4.528e-07,-0.006572175748886294
4.529e-07,-0.010337800948886294
4.53e-07,-0.014572175748886293
4.531e-07,-0.014603425748886293
4.532e-07,-0.010572175960747294
4.533e-07,-0.006509675748886294
4.534e-07,-0.006572175748886294
4.535e-07,-0.010665925958886293
4.536e-07,-0.014572175748886293
4.537e-07,-0.015244050748886294
4.538e-07,-0.014572175748886293
4.539e-07,-0.014650300748886295
4.54e-07,-0.014572175748886293
4.541e-07,-0.012712800748886293
4.542e-07,-0.010572175960747294
4.543e-07,-0.010134675948886293
4.544e-07,-0.010572175960747294
4.545e-07,-0.009540925748886294
4.546e-07,-0.006572175748886294
4.547e-07,-0.004572175748886294
4.548e-07,-0.006572175748886294
4.549e-07,-0.011869050748886294
4.55e-07,-0.014572175748886293
4.551e-07,-0.011447175948886293
4.552e-07,-0.006572175748886294
4.553e-07,-0.006103425748886293
4.554e-07,-0.010572175960747294
4.555e-07,-0.014994050748886293
4.556e-07,-0.014572175748886293
4.557e-07,-0.009853425948886293
4.558e-07,-0.006572175748886294
4.559e-07,-0.007869050748886294
4.56e-07,-0.010572175960747294
4.561e-07,-0.009962800948886293
4.562e-07,-0.006572175748886294
4.563e-07,-0.004728425748886294
4.564e-07,-0.006572175748886294
4.565e-07,-0.009837800948886293
4.566e-07,-0.010572175960747294
4.567e-07,-0.0073690507488862935
4.568e-07,-0.0025721757488862927
4.569e-07,-0.00043154774888629413
4.57e-07,-0.0025721757488862927
4.571e-07,-0.006275300748886293
4.572e-07,-0.006572175748886294
4.573e-07,-0.0034471757488862935
4.574e-07,-0.0025721757488862927
4.575e-07,-0.006931550748886293
4.576e-07,-0.010572175960747294
4.577e-07,-0.007947175748886294
4.578e-07,-0.0025721757488862927
4.579e-07,-0.0008378007488862929
4.58e-07,-0.0025721757488862927
4.581e-07,-0.004650300748886294
4.582e-07,-0.006572175748886294
4.583e-07,-0.009212800748886293
4.584e-07,-0.010572175960747294
4.585e-07,-0.008900300748886293
4.586e-07,-0.006572175748886294
4.587e-07,-0.006025300748886293
4.588e-07,-0.006572175748886294
4.589e-07,-0.007556550748886294
4.59e-07,-0.010572175960747294
4.591e-07,-0.014509675748886293
4.592e-07,-0.014572175748886293
4.593e-07,-0.008556550748886293
4.594e-07,-0.0025721757488862927
4.595e-07,-0.002665925748886293
4.596e-07,-0.006572175748886294
4.597e-07,-0.008587800748886293
4.598e-07,-0.006572175748886294
4.599e-07,-0.0034471757488862935
4.6e-07,-0.0025721757488862927
4.601e-07,-0.004634675748886294
4.602e-07,-0.006572175748886294
4.603e-07,-0.006619050748886294
4.604e-07,-0.006572175748886294
4.605e-07,-0.008494050748886293
4.606e-07,-0.010572175960747294
4.607e-07,-0.010712800948886294
4.608e-07,-0.010572175960747294
4.609e-07,-0.011306550948886294
4.61e-07,-0.010572175960747294
4.611e-07,-0.0064471757488862936
4.612e-07,-0.0025721757488862927
4.613e-07,-0.002994050748886294
4.614e-07,-0.006572175748886294
4.615e-07,-0.009619050948886293
4.616e-07,-0.010572175960747294
4.617e-07,-0.009447175748886294
4.618e-07,-0.006572175748886294
4.619e-07,-0.0034315507488862935
4.62e-07,-0.0025721757488862927
4.621e-07,-0.004759675748886294
4.622e-07,-0.006572175748886294
4.623e-07,-0.0053846757488862935
4.624e-07,-0.0025721757488862927
4.625e-07,-0.0013690507488862934
4.626e-07,-0.0025721757488862927
4.627e-07,-0.004978425748886294
4.628e-07,-0.006572175748886294
4.629e-07,-0.006837800748886293
4.63e-07,-0.006572175748886294
4.631e-07,-0.006494050748886294
4.632e-07,-0.006572175748886294
4.633e-07,-0.006556550748886294
4.634e-07,-0.006572175748886294
4.635e-07,-0.006681550748886294
4.636e-07,-0.006572175748886294
4.637e-07,-0.005228425748886293
4.638e-07,-0.0025721757488862927
4.639e-07,-0.0008065507488862929
4.64e-07,-0.0025721757488862927
4.641e-07,-0.007540925748886294
4.642e-07,-0.010572175960747294
4.643e-07,-0.008009675748886294
4.644e-07,-0.0025721757488862927
4.645e-07,5.28222511137072e-05
4.646e-07,-0.0025721757488862927
4.647e-07,-0.007853425748886294
4.648e-07,-0.010572175960747294
4.649e-07,-0.008837800748886293
4.65e-07,-0.006572175748886294
4.651e-07,-0.006556550748886294
4.652e-07,-0.006572175748886294
4.653e-07,-0.004337800748886293
4.654e-07,-0.0025721757488862927
4.655e-07,-0.004212800748886293
4.656e-07,-0.006572175748886294
4.657e-07,-0.005556550748886294
4.658e-07,-0.0025721757488862927
4.659e-07,-0.0012909257488862933
4.66e-07,-0.0025721757488862927
4.661e-07,-0.004947175748886294
4.662e-07,-0.006572175748886294
4.663e-07,-0.006009675748886293
4.664e-07,-0.0025721757488862927
4.665e-07,0.0023809522511137066
4.666e-07,0.005427822251113707
4.667e-07,0.004584072251113706
4.668e-07,0.0014278222511137067
4.669e-07,-0.0014471757488862935
4.67e-07,-0.0025721757488862927
4.671e-07,-0.0025409257488862944
4.672e-07,-0.0025721757488862927
4.673e-07,-0.002056550748886294
4.674e-07,0.0014278222511137067
4.675e-07,0.006990322251113708
4.676e-07,0.009427822251113707
4.677e-07,0.005802822251113707
4.678e-07,0.0014278222511137067
4.679e-07,0.0008653222511137062
4.68e-07,0.0014278222511137067
4.681e-07,-0.0006503007488862927
4.682e-07,-0.0025721757488862927
4.683e-07,-0.000962800748886293
4.684e-07,0.0014278222511137067
4.685e-07,0.0005840722511137059
4.686e-07,-0.0025721757488862927
4.687e-07,-0.004087800748886293
4.688e-07,-0.0025721757488862927
4.689e-07,0.0002872022511137065
4.69e-07,0.0014278222511137067
4.691e-07,0.0007715722511137061
4.692e-07,0.0014278222511137067
4.693e-07,0.004287202251113707
4.694e-07,0.005427822251113707
4.695e-07,0.001896572251113707
4.696e-07,-0.0025721757488862927
4.697e-07,-0.002650300748886293
4.698e-07,0.0014278222511137067
4.699e-07,0.0051778222511137065
4.7e-07,0.005427822251113707
4.701e-07,0.002943452251113707
4.702e-07,0.0014278222511137067
4.703e-07,0.0029278222511137063
4.704e-07,0.005427822251113707
4.705e-07,0.0061622022511137065
4.706e-07,0.005427822251113707
4.707e-07,0.004896572251113706
4.708e-07,0.005427822251113707
4.709e-07,0.005740322251113707
4.71e-07,0.005427822251113707
4.711e-07,0.004943452251113707
4.712e-07,0.005427822251113707
4.713e-07,0.006349702251113707
4.714e-07,0.005427822251113707
4.715e-07,0.001568452251113706
4.716e-07,-0.0025721757488862927
4.717e-07,-0.003775300748886294
4.718e-07,-0.0025721757488862927
4.719e-07,-0.00044717774888629325
4.72e-07,0.0014278222511137067
4.721e-07,0.0034278222511137067
4.722e-07,0.005427822251113707
4.723e-07,0.0062403222511137075
4.724e-07,0.005427822251113707
4.725e-07,0.004146572251113706
4.726e-07,0.005427822251113707
4.727e-07,0.009646572251113707
4.728e-07,0.013427822251113707
4.729e-07,0.011959072251113706
4.73e-07,0.005427822251113707
4.731e-07,-0.002275300748886294
4.732e-07,-0.006572175748886294
4.733e-07,-0.005744050748886294
4.734e-07,-0.0025721757488862927
4.735e-07,0.00022470225111370645
4.736e-07,0.0014278222511137067
4.737e-07,0.002662202251113707
4.738e-07,0.005427822251113707
4.739e-07,0.008615322251113706
4.74e-07,0.009427822251113707
4.741e-07,0.0071934522511137074
4.742e-07,0.005427822251113707
4.743e-07,0.006771572251113708
4.744e-07,0.009427822251113707
4.745e-07,0.009115322251113707
4.746e-07,0.005427822251113707
4.747e-07,0.000709072251113706
4.748e-07,-0.0025721757488862927
4.749e-07,-0.0024940507488862944
4.75e-07,0.0014278222511137067
4.751e-07,0.006959072251113708
4.752e-07,0.009427822251113707
4.753e-07,0.0072559522511137075
4.754e-07,0.005427822251113707
4.755e-07,0.007162202251113707
4.756e-07,0.009427822251113707
4.757e-07,0.008287202251113705
4.758e-07,0.005427822251113707
4.759e-07,0.003568452251113706
4.76e-07,0.0014278222511137067
4.761e-07,-0.002806550748886294
4.762e-07,-0.006572175748886294
4.763e-07,-0.006009675748886293
4.764e-07,-0.0025721757488862927
4.765e-07,0.0013497022511137057
4.766e-07,0.005427822251113707
4.767e-07,0.009068452251113706
4.768e-07,0.009427822251113707
4.769e-07,0.006349702251113707
4.77e-07,0.005427822251113707
4.771e-07,0.008412202251113705
4.772e-07,0.009427822251113707
4.773e-07,0.003693452251113706
4.774e-07,-0.0025721757488862927
4.775e-07,-0.0025721757488862927
4.776e-07,0.0014278222511137067
4.777e-07,0.0031622022511137056
4.778e-07,0.0014278222511137067
4.779e-07,-0.0007596757488862928
4.78e-07,-0.0025721757488862927
4.781e-07,-0.0034784257488862935
4.782e-07,-0.0025721757488862927
4.783e-07,8.407225111370722e-05
4.784e-07,0.0014278222511137067
4.785e-07,0.000709072251113706
4.786e-07,0.0014278222511137067
4.787e-07,0.005490322251113707
4.788e-07,0.009427822251113707
4.789e-07,0.008943452251113706
4.79e-07,0.005427822251113707
4.791e-07,0.0022559522511137065
4.792e-07,0.0014278222511137067
4.793e-07,0.001662202251113706
4.794e-07,0.0014278222511137067
4.795e-07,0.000787202251113707
4.796e-07,0.0014278222511137067
4.797e-07,0.002771572251113706
4.798e-07,0.0014278222511137067
4.799e-07,-0.0033065507488862934
4.8e-07,-0.006572175748886294
4.801e-07,-0.003931550748886294
4.802e-07,0.0014278222511137067
4.803e-07,0.003724702251113706
4.804e-07,0.0014278222511137067
4.805e-07,-0.001962800748886294
4.806e-07,-0.0025721757488862927
4.807e-07,-0.0002596777488862931
4.808e-07,0.0014278222511137067
4.809e-07,6.845225111370631e-05
4.81e-07,-0.0025721757488862927
4.811e-07,-0.0025096757488862944
4.812e-07,0.0014278222511137067
4.813e-07,0.005521572251113707
4.814e-07,0.005427822251113707
4.815e-07,0.0009434522511137071
4.816e-07,-0.0025721757488862927
4.817e-07,-0.0005878007488862944
4.818e-07,0.005427822251113707
4.819e-07,0.008802822251113706
4.82e-07,0.005427822251113707
4.821e-07,-0.002275300748886294
4.822e-07,-0.006572175748886294
4.823e-07,-0.003775300748886294
4.824e-07,0.0014278222511137067
4.825e-07,0.0021622022511137064
4.826e-07,-0.0025721757488862927
4.827e-07,-0.007181550748886293
4.828e-07,-0.006572175748886294
4.829e-07,-0.0014784257488862935
4.83e-07,0.0014278222511137067
4.831e-07,-0.0015878007488862936
4.832e-07,-0.006572175748886294
4.833e-07,-0.007275300748886293
4.834e-07,-0.0025721757488862927
4.835e-07,0.0031622022511137056
4.836e-07,0.005427822251113707
4.837e-07,0.003662202251113706
4.838e-07,0.0014278222511137067
4.839e-07,0.00011532225111370725
4.84e-07,-0.0025721757488862927
4.841e-07,-0.007665925748886294
4.842e-07,-0.010572175960747294
4.843e-07,-0.007509675748886294
4.844e-07,-0.0025721757488862927
4.845e-07,-0.0011659257488862932
4.846e-07,-0.0025721757488862927
4.847e-07,-0.003087800748886293
4.848e-07,-0.0025721757488862927
4.849e-07,-0.002290925748886294
4.85e-07,-0.0025721757488862927
4.851e-07,-0.0025565507488862927
4.852e-07,-0.0025721757488862927
4.853e-07,-0.003025300748886294
4.854e-07,-0.0025721757488862927
4.855e-07,-0.0008065507488862929
4.856e-07,0.0014278222511137067
4.857e-07,0.0032403222511137066
4.858e-07,0.005427822251113707
4.859e-07,0.007005952251113707
4.86e-07,0.005427822251113707
4.861e-07,-0.0005565477488862942
4.862e-07,-0.006572175748886294
4.863e-07,-0.008447175748886294
4.864e-07,-0.006572175748886294
4.865e-07,-0.003947175748886294
4.866e-07,-0.0025721757488862927
4.867e-07,-0.002290925748886294
4.868e-07,-0.0025721757488862927
4.869e-07,-0.0037284257488862937
4.87e-07,-0.006572175748886294
4.871e-07,-0.009837800948886293
4.872e-07,-0.010572175960747294
4.873e-07,-0.007056550748886293
4.874e-07,-0.0025721757488862927
4.875e-07,-0.0010721757488862931
4.876e-07,-0.0025721757488862927
4.877e-07,-0.004837800748886294
4.878e-07,-0.006572175748886294
4.879e-07,-0.0072909257488862934
4.88e-07,-0.006572175748886294
4.881e-07,-0.0044784257488862935
4.882e-07,-0.0025721757488862927
4.883e-07,-0.002119050748886294
4.884e-07,-0.0025721757488862927
4.885e-07,-0.002837800748886294
4.886e-07,-0.0025721757488862927
4.887e-07,-0.002181550748886294
4.888e-07,-0.0025721757488862927
4.889e-07,-0.0032128007488862933
4.89e-07,-0.0025721757488862927
4.891e-07,-0.0005409277488862933
4.892e-07,0.0014278222511137067
4.893e-07,0.001677822251113707
4.894e-07,0.0014278222511137067
4.895e-07,0.002599702251113707
4.896e-07,0.005427822251113707
4.897e-07,0.007177822251113705
4.898e-07,0.005427822251113707
4.899e-07,-0.0002596777488862931
4.9e-07,-0.006572175748886294
4.901e-07,-0.009212800748886293
4.902e-07,-0.006572175748886294
4.903e-07,-0.0012753007488862933
4.904e-07,0.0014278222511137067
4.905e-07,-0.00019717774888629302
4.906e-07,-0.0025721757488862927
4.907e-07,-0.0017284257488862937
4.908e-07,0.0014278222511137067
4.909e-07,0.003037202251113707
4.91e-07,0.0014278222511137067
4.911e-07,-0.0016034257488862936
4.912e-07,-0.0025721757488862927
4.913e-07,-0.0006815507488862928
4.914e-07,0.0014278222511137067
4.915e-07,0.0005684522511137068
4.916e-07,-0.0025721757488862927
4.917e-07,-0.0054471757488862935
4.918e-07,-0.006572175748886294
4.919e-07,-0.005556550748886294
4.92e-07,-0.0025721757488862927
4.921e-07,0.000849702251113707
4.922e-07,0.0014278222511137067
4.923e-07,-0.002119050748886294
4.924e-07,-0.006572175748886294
4.925e-07,-0.008025300748886294
4.926e-07,-0.006572175748886294
4.927e-07,-0.004228425748886293
4.928e-07,-0.0025721757488862927
4.929e-07,-0.002009675748886294
4.93e-07,-0.0025721757488862927
4.931e-07,-0.0034784257488862935
4.932e-07,-0.0025721757488862927
4.933e-07,0.0002090722511137056
4.934e-07,0.0014278222511137067
4.935e-07,-0.0006503007488862927
4.936e-07,-0.0025721757488862927
4.937e-07,-0.002259675748886294
4.938e-07,-0.0025721757488862927
4.939e-07,-0.005244050748886293
4.94e-07,-0.006572175748886294
4.941e-07,-0.003056550748886293
4.942e-07,0.0014278222511137067
4.943e-07,0.0014903222511137067
4.944e-07,-0.0025721757488862927
4.945e-07,-0.0054315507488862935
4.946e-07,-0.0025721757488862927
4.947e-07,0.004474702251113707
4.948e-07,0.009427822251113707
4.949e-07,0.008240322251113706
4.95e-07,0.005427822251113707
4.951e-07,0.0050684522511137056
4.952e-07,0.005427822251113707
4.953e-07,0.0023028222511137057
4.954e-07,-0.0025721757488862927
4.955e-07,-0.0054471757488862935
4.956e-07,-0.006572175748886294
4.957e-07,-0.007150300748886293
4.958e-07,-0.006572175748886294
4.959e-07,-0.004025300748886293
4.96e-07,-0.0025721757488862927
4.961e-07,-0.0031346757488862932
4.962e-07,-0.0025721757488862927
4.963e-07,0.0014903222511137067
4.964e-07,0.005427822251113707
4.965e-07,0.005896572251113707
4.966e-07,0.005427822251113707
4.967e-07,0.0060684522511137064
4.968e-07,0.005427822251113707
4.969e-07,0.0010372022511137072
4.97e-07,-0.0025721757488862927
4.971e-07,-0.0015878007488862936
4.972e-07,0.0014278222511137067
4.973e-07,0.0021309522511137064
4.974e-07,0.0014278222511137067
4.975e-07,0.0016153222511137069
4.976e-07,0.0014278222511137067
4.977e-07,-0.0006034257488862927
4.978e-07,-0.0025721757488862927
4.979e-07,-0.0026190507488862928
4.98e-07,-0.0025721757488862927
4.981e-07,-0.0035096757488862936
4.982e-07,-0.0025721757488862927
4.983e-07,0.001724702251113706
4.984e-07,0.005427822251113707
4.985e-07,0.004599702251113707
4.986e-07,0.0014278222511137067
4.987e-07,-0.0007596757488862928
4.988e-07,-0.0025721757488862927
4.989e-07,-0.005134675748886293
4.99e-07,-0.006572175748886294
4.991e-07,-0.004884675748886294
4.992e-07,-0.0025721757488862927
4.993e-07,-0.002244050748886294
4.994e-07,-0.0025721757488862927
4.995e-07,-0.0010721757488862931
4.996e-07,0.0014278222511137067
4.997e-07,0.0034903222511137068
4.998e-07,0.005427822251113707
4.999e-07,0.006709072251113708
5e-07,0.005427822251113707
5.001e-07,0.0008028222511137061
5.002e-07,-0.0025721757488862927
5.003e-07,-0.0015409257488862935
5.004e-07,0.0014278222511137067
5.005e-07,0.0023809522511137066
5.006e-07,0.0014278222511137067
5.007e-07,-2.529774888629377e-05
5.008e-07,-0.0025721757488862927
5.009e-07,-0.005728425748886294
5.01e-07,-0.006572175748886294
5.011e-07,-0.003040925748886293
5.012e-07,0.0014278222511137067
5.013e-07,0.0029278222511137063
5.014e-07,0.0014278222511137067
5.015e-07,0.00011532225111370725
5.016e-07,0.0014278222511137067
5.017e-07,0.004380952251113707
5.018e-07,0.005427822251113707
5.019e-07,0.0031465722511137065
5.02e-07,0.0014278222511137067
5.021e-07,0.0028653222511137062
5.022e-07,0.005427822251113707
5.023e-07,0.005802822251113707
5.024e-07,0.005427822251113707
5.025e-07,0.005896572251113707
5.026e-07,0.005427822251113707
5.027e-07,0.0018809522511137062
5.028e-07,-0.0025721757488862927
5.029e-07,-0.004228425748886293
5.03e-07,-0.0025721757488862927
5.031e-07,0.00022470225111370645
5.032e-07,0.0014278222511137067
5.033e-07,0.0010059522511137071
5.034e-07,0.0014278222511137067
5.035e-07,0.003787202251113706
5.036e-07,0.005427822251113707
5.037e-07,0.004052822251113707
5.038e-07,0.0014278222511137067
5.039e-07,0.0004747022511137067
5.04e-07,0.0014278222511137067
5.041e-07,0.0022090722511137056
5.042e-07,0.0014278222511137067
5.043e-07,0.00031845225111370654
5.044e-07,0.0014278222511137067
5.045e-07,0.004459072251113706
5.046e-07,0.005427822251113707
5.047e-07,0.002849702251113707
5.048e-07,0.0014278222511137067
5.049e-07,0.004927822251113706
5.05e-07,0.009427822251113707
5.051e-07,0.009193452251113706
5.052e-07,0.005427822251113707
5.053e-07,0.0022403222511137057
5.054e-07,0.0014278222511137067
5.055e-07,0.002396572251113706
5.056e-07,0.005427822251113707
5.057e-07,0.008880952251113705
5.058e-07,0.009427822251113707
5.059e-07,0.005552822251113707
5.06e-07,0.0014278222511137067
5.061e-07,0.0005997022511137068
5.062e-07,0.0014278222511137067
5.063e-07,0.0006934522511137069
5.064e-07,-0.0025721757488862927
5.065e-07,-0.005775300748886294
5.066e-07,-0.006572175748886294
5.067e-07,-0.004790925748886294
5.068e-07,-0.0025721757488862927
5.069e-07,-0.0006815507488862928
5.07e-07,0.0014278222511137067
5.071e-07,0.0050684522511137056
5.072e-07,0.009427822251113707
5.073e-07,0.010459072251113708
5.074e-07,0.005427822251113707
5.075e-07,-0.003040925748886293
5.076e-07,-0.006572175748886294
5.077e-07,-0.0014471757488862935
5.078e-07,0.005427822251113707
5.079e-07,0.005990322251113707
5.08e-07,0.0014278222511137067
5.081e-07,-0.002275300748886294
5.082e-07,-0.0025721757488862927
5.083e-07,-0.0007440507488862928
5.084e-07,0.0014278222511137067
5.085e-07,0.003615322251113707
5.086e-07,0.005427822251113707
5.087e-07,0.006115322251113707
5.088e-07,0.005427822251113707
5.089e-07,0.003474702251113706
5.09e-07,0.0014278222511137067
5.091e-07,0.0007247022511137069
5.092e-07,0.0014278222511137067
5.093e-07,0.0020840722511137073
5.094e-07,0.0014278222511137067
5.095e-07,0.00036532225111370574
5.096e-07,0.0014278222511137067
5.097e-07,0.005412202251113706
5.098e-07,0.009427822251113707
5.099e-07,0.009365322251113707
5.1e-07,0.005427822251113707
5.101e-07,0.0011934522511137056
5.102e-07,0.0014278222511137067
5.103e-07,0.005896572251113707
5.104e-07,0.009427822251113707
5.105e-07,0.007271572251113705
5.106e-07,0.0014278222511137067
5.107e-07,-0.0037284257488862937
5.108e-07,-0.006572175748886294
5.109e-07,-0.007447175748886294
5.11e-07,-0.006572175748886294
5.111e-07,-0.004072175748886293
5.112e-07,-0.0025721757488862927
5.113e-07,-0.0027909257488862938
5.114e-07,-0.0025721757488862927
5.115e-07,-0.0004940477488862942
5.116e-07,0.0014278222511137067
5.117e-07,0.000615322251113706
5.118e-07,-0.0025721757488862927
5.119e-07,-0.004665925748886294
5.12e-07,-0.0025721757488862927
5.121e-07,0.0015059522511137059
5.122e-07,0.0014278222511137067
5.123e-07,-0.004884675748886294
5.124e-07,-0.010572175960747294
5.125e-07,-0.008900300748886293
5.126e-07,-0.0025721757488862927
5.127e-07,0.001724702251113706
5.128e-07,0.0014278222511137067
5.129e-07,-0.000915925748886293
5.13e-07,-0.0025721757488862927
5.131e-07,-0.0027753007488862938
5.132e-07,-0.0025721757488862927
5.133e-07,-0.002759675748886293
5.134e-07,-0.0025721757488862927
5.135e-07,-0.001040925748886293
5.136e-07,0.0014278222511137067
5.137e-07,0.003412202251113706
5.138e-07,0.005427822251113707
5.139e-07,0.006693452251113707
5.14e-07,0.005427822251113707
5.141e-07,0.0010215722511137063
5.142e-07,-0.0025721757488862927
5.143e-07,-0.002978425748886294
5.144e-07,-0.0025721757488862927
5.145e-07,-0.004322175748886293
5.146e-07,-0.006572175748886294
5.147e-07,-0.006837800748886293
5.148e-07,-0.006572175748886294
5.149e-07,-0.007009675748886293
5.15e-07,-0.006572175748886294
5.151e-07,-0.003947175748886294
5.152e-07,-0.0025721757488862927
5.153e-07,-0.0044471757488862935
5.154e-07,-0.006572175748886294
5.155e-07,-0.0053846757488862935
5.156e-07,-0.0025721757488862927
5.157e-07,-0.0016034257488862936
5.158e-07,-0.0025721757488862927
5.159e-07,-0.0033690507488862934
5.16e-07,-0.0025721757488862927
5.161e-07,-0.0006034257488862927
5.162e-07,0.0014278222511137067
5.163e-07,0.0021465722511137056
5.164e-07,0.0014278222511137067
5.165e-07,-0.0005565477488862942
5.166e-07,-0.0025721757488862927
5.167e-07,-0.0036659257488862937
5.168e-07,-0.0025721757488862927
5.169e-07,-2.529774888629377e-05
5.17e-07,0.0014278222511137067
5.171e-07,3.7202251113706286e-05
5.172e-07,-0.0025721757488862927
5.173e-07,-0.0044628007488862935
5.174e-07,-0.006572175748886294
5.175e-07,-0.009275300748886293
5.176e-07,-0.010572175960747294
5.177e-07,-0.008869050748886293
5.178e-07,-0.006572175748886294
5.179e-07,-0.005228425748886293
5.18e-07,-0.0025721757488862927
5.181e-07,0.0023497022511137066
5.182e-07,0.005427822251113707
5.183e-07,0.002834072251113706
5.184e-07,-0.0025721757488862927
5.185e-07,-0.006150300748886293
5.186e-07,-0.006572175748886294
5.187e-07,-0.006009675748886293
5.188e-07,-0.006572175748886294
5.189e-07,-0.007603425748886294
5.19e-07,-0.006572175748886294
5.191e-07,-0.0036190507488862936
5.192e-07,-0.0025721757488862927
5.193e-07,-0.005056550748886293
5.194e-07,-0.006572175748886294
5.195e-07,-0.0031659257488862932
5.196e-07,0.0014278222511137067
5.197e-07,0.0014903222511137067
5.198e-07,-0.0025721757488862927
5.199e-07,-0.007212800748886293
5.2e-07,-0.010572175960747294
5.201e-07,-0.012009675748886294
5.202e-07,-0.010572175960747294
5.203e-07,-0.0063846757488862935
5.204e-07,-0.0025721757488862927
5.205e-07,-0.0017128007488862937
5.206e-07,-0.0025721757488862927
5.207e-07,-0.002947175748886294
5.208e-07,-0.0025721757488862927
5.209e-07,-0.002212800748886294
5.21e-07,-0.0025721757488862927
5.211e-07,-0.003931550748886294
5.212e-07,-0.006572175748886294
5.213e-07,-0.009665925948886293
5.214e-07,-0.010572175960747294
5.215e-07,-0.007603425748886294
5.216e-07,-0.0025721757488862927
5.217e-07,0.0019747022511137063
5.218e-07,0.005427822251113707
5.219e-07,0.006990322251113708
5.22e-07,0.005427822251113707
5.221e-07,0.0010528222511137064
5.222e-07,-0.0025721757488862927
5.223e-07,-0.0031659257488862932
5.224e-07,-0.0025721757488862927
5.225e-07,-0.003962800748886294
5.226e-07,-0.006572175748886294
5.227e-07,-0.006900300748886293
5.228e-07,-0.0025721757488862927
5.229e-07,0.004802822251113706
5.23e-07,0.009427822251113707
5.231e-07,0.007412202251113708
5.232e-07,0.0014278222511137067
5.233e-07,-0.003931550748886294
5.234e-07,-0.006572175748886294
5.235e-07,-0.006165925748886293
5.236e-07,-0.0025721757488862927
5.237e-07,0.002787202251113707
5.238e-07,0.005427822251113707
5.239e-07,0.0025059522511137067
5.24e-07,-0.0025721757488862927
5.241e-07,-0.004728425748886294
5.242e-07,-0.0025721757488862927
5.243e-07,0.0018497022511137062
5.244e-07,0.005427822251113707
5.245e-07,0.006443452251113707
5.246e-07,0.005427822251113707
5.247e-07,0.0033184522511137057
5.248e-07,0.0014278222511137067
5.249e-07,-0.00032217774888629314
5.25e-07,-0.0025721757488862927
5.251e-07,-0.004212800748886293
5.252e-07,-0.0025721757488862927
5.253e-07,0.0022090722511137056
5.254e-07,0.005427822251113707
5.255e-07,0.004037202251113706
5.256e-07,0.0014278222511137067
5.257e-07,0.0011153222511137064
5.258e-07,0.0014278222511137067
5.259e-07,-0.0004159277488862932
5.26e-07,-0.0025721757488862927
5.261e-07,-0.0017128007488862937
5.262e-07,0.0014278222511137067
5.263e-07,0.0032247022511137056
5.264e-07,0.0014278222511137067
5.265e-07,-0.002962800748886294
5.266e-07,-0.006572175748886294
5.267e-07,-0.0063846757488862935
5.268e-07,-0.0025721757488862927
5.269e-07,0.0023028222511137057
5.27e-07,0.005427822251113707
5.271e-07,0.005943452251113706
5.272e-07,0.005427822251113707
5.273e-07,0.004334072251113706
5.274e-07,0.0014278222511137067
5.275e-07,-0.0033378007488862934
5.276e-07,-0.006572175748886294
5.277e-07,-0.0054471757488862935
5.278e-07,-0.0025721757488862927
5.279e-07,-0.0007909257488862929
5.28e-07,0.0014278222511137067
5.281e-07,0.004771572251113706
5.282e-07,0.005427822251113707
5.283e-07,0.0022715722511137057
5.284e-07,0.0014278222511137067
5.285e-07,0.0061309522511137065
5.286e-07,0.009427822251113707
5.287e-07,0.004849702251113707
5.288e-07,-0.0025721757488862927
5.289e-07,-0.005103425748886293
5.29e-07,-0.0025721757488862927
5.291e-07,0.00024032225111370563
5.292e-07,0.0014278222511137067
5.293e-07,0.002693452251113707
5.294e-07,0.005427822251113707
5.295e-07,0.008427822251113706
5.296e-07,0.009427822251113707
5.297e-07,0.006677822251113708
5.298e-07,0.0014278222511137067
5.299e-07,-0.0027753007488862938
5.3e-07,-0.0025721757488862927
5.301e-07,0.0005684522511137068
5.302e-07,0.0014278222511137067
5.303e-07,-0.0014003007488862934
5.304e-07,-0.0025721757488862927
5.305e-07,0.0013965722511137067
5.306e-07,0.005427822251113707
5.307e-07,0.003412202251113706
5.308e-07,-0.0025721757488862927
5.309e-07,-0.005540925748886294
5.31e-07,-0.0025721757488862927
5.311e-07,0.0030840722511137064
5.312e-07,0.005427822251113707
5.313e-07,0.0021622022511137064
5.314e-07,-0.0025721757488862927
5.315e-07,-0.004103425748886293
5.316e-07,-0.0025721757488862927
5.317e-07,-0.0005565477488862942
5.318e-07,0.0014278222511137067
5.319e-07,0.003959072251113707
5.32e-07,0.005427822251113707
5.321e-07,0.004037202251113706
5.322e-07,0.0014278222511137067
5.323e-07,-0.0005721777488862934
5.324e-07,-0.0025721757488862927
5.325e-07,-0.004009675748886294
5.326e-07,-0.0025721757488862927
5.327e-07,0.0020684522511137064
5.328e-07,0.005427822251113707
5.329e-07,0.0041309522511137065
5.33e-07,0.0014278222511137067
5.331e-07,0.001896572251113707
5.332e-07,0.005427822251113707
5.333e-07,0.008412202251113705
5.334e-07,0.009427822251113707
5.335e-07,0.008224702251113705
5.336e-07,0.005427822251113707
5.337e-07,0.0022715722511137057
5.338e-07,0.0014278222511137067
5.339e-07,0.0024122022511137067
5.34e-07,0.0014278222511137067
5.341e-07,-0.003040925748886293
5.342e-07,-0.006572175748886294
5.343e-07,-0.004572175748886294
5.344e-07,0.0014278222511137067
5.345e-07,0.006037202251113706
5.346e-07,0.005427822251113707
5.347e-07,0.0009278222511137062
5.348e-07,-0.0025721757488862927
5.349e-07,-0.002822175748886294
5.35e-07,-0.0025721757488862927
5.351e-07,-0.0044784257488862935
5.352e-07,-0.006572175748886294
5.353e-07,-0.005681550748886294
5.354e-07,-0.0025721757488862927
5.355e-07,-0.0008534257488862929
5.356e-07,-0.0025721757488862927
5.357e-07,-0.005712800748886294
5.358e-07,-0.006572175748886294
5.359e-07,-0.004259675748886293
5.36e-07,-0.0025721757488862927
5.361e-07,-0.004259675748886293
5.362e-07,-0.006572175748886294
5.363e-07,-0.005712800748886294
5.364e-07,-0.0025721757488862927
5.365e-07,-0.000994050748886293
5.366e-07,-0.0025721757488862927
5.367e-07,-0.005587800748886294
5.368e-07,-0.006572175748886294
5.369e-07,-0.004665925748886294
5.37e-07,-0.0025721757488862927
5.371e-07,-0.0024315507488862943
5.372e-07,-0.0025721757488862927
5.373e-07,-0.0017909257488862938
5.374e-07,-0.0025721757488862927
5.375e-07,-0.006806550748886293
5.376e-07,-0.010572175960747294
5.377e-07,-0.009837800948886293
5.378e-07,-0.006572175748886294
5.379e-07,-0.004119050748886293
5.38e-07,-0.0025721757488862927
5.381e-07,-0.0013378007488862934
5.382e-07,-0.0025721757488862927
5.383e-07,-0.006994050748886293
5.384e-07,-0.010572175960747294
5.385e-07,-0.009665925948886293
5.386e-07,-0.006572175748886294
5.387e-07,-0.0044784257488862935
5.388e-07,-0.0025721757488862927
5.389e-07,5.28222511137072e-05
5.39e-07,0.0014278222511137067
5.391e-07,-0.0003690477488862941
5.392e-07,-0.0025721757488862927
5.393e-07,-0.002806550748886294
5.394e-07,-0.0025721757488862927
5.395e-07,-0.004259675748886293
5.396e-07,-0.006572175748886294
5.397e-07,-0.0072909257488862934
5.398e-07,-0.006572175748886294
5.399e-07,-0.006103425748886293
5.4e-07,-0.006572175748886294
5.401e-07,-0.006994050748886293
5.402e-07,-0.006572175748886294
5.403e-07,-0.004837800748886294
5.404e-07,-0.0025721757488862927
5.405e-07,-0.0014471757488862935
5.406e-07,-0.0025721757488862927
5.407e-07,-0.005275300748886293
5.408e-07,-0.006572175748886294
5.409e-07,-0.005134675748886293
5.41e-07,-0.0025721757488862927
5.411e-07,-0.0016190507488862936
5.412e-07,-0.0025721757488862927
5.413e-07,-0.004587800748886294
5.414e-07,-0.006572175748886294
5.415e-07,-0.008509675748886295
5.416e-07,-0.010572175960747294
5.417e-07,-0.011681550748886294
5.418e-07,-0.010572175960747294
5.419e-07,-0.007837800748886294
5.42e-07,-0.006572175748886294
5.421e-07,-0.008290925748886294
5.422e-07,-0.010572175960747294
5.423e-07,-0.009947175948886293
5.424e-07,-0.006572175748886294
5.425e-07,-0.004322175748886293
5.426e-07,-0.006572175748886294
5.427e-07,-0.012009675748886294
5.428e-07,-0.014572175748886293
5.429e-07,-0.011165925948886294
5.43e-07,-0.006572175748886294
5.431e-07,-0.006509675748886294
5.432e-07,-0.010572175960747294
5.433e-07,-0.014103425748886293
5.434e-07,-0.014572175748886293
5.435e-07,-0.012728425748886293
5.436e-07,-0.010572175960747294
5.437e-07,-0.008572175748886295
5.438e-07,-0.006572175748886294
5.439e-07,-0.0043690507488862934
5.44e-07,-0.0025721757488862927
5.441e-07,-0.0032128007488862933
5.442e-07,-0.006572175748886294
5.443e-07,-0.010384675948886294
5.444e-07,-0.010572175960747294
5.445e-07,-0.006494050748886294
5.446e-07,-0.0025721757488862927
5.447e-07,-0.0031503007488862932
5.448e-07,-0.006572175748886294
5.449e-07,-0.009384675748886294
5.45e-07,-0.010572175960747294
5.451e-07,-0.010837800948886294
5.452e-07,-0.010572175960747294
5.453e-07,-0.008962800748886293
5.454e-07,-0.006572175748886294
5.455e-07,-0.005087800748886293
5.456e-07,-0.006572175748886294
5.457e-07,-0.009790925948886293
5.458e-07,-0.010572175960747294
5.459e-07,-0.006728425748886293
5.46e-07,-0.0025721757488862927
5.461e-07,-0.002072175748886294
5.462e-07,-0.0025721757488862927
5.463e-07,-0.000915925748886293
5.464e-07,0.0014278222511137067
5.465e-07,0.0015059522511137059
5.466e-07,0.0014278222511137067
5.467e-07,0.0023184522511137066
5.468e-07,0.0014278222511137067
5.469e-07,-0.0032128007488862933
5.47e-07,-0.006572175748886294
5.471e-07,-0.005056550748886293
5.472e-07,-0.0025721757488862927
5.473e-07,-0.0037128007488862937
5.474e-07,-0.006572175748886294
5.475e-07,-0.0072909257488862934
5.476e-07,-0.006572175748886294
5.477e-07,-0.0064471757488862936
5.478e-07,-0.006572175748886294
5.479e-07,-0.005056550748886293
5.48e-07,-0.0025721757488862927
5.481e-07,-0.0013846757488862934
5.482e-07,-0.0025721757488862927
5.483e-07,-0.005212800748886293
5.484e-07,-0.006572175748886294
5.485e-07,-0.005212800748886293
5.486e-07,-0.0025721757488862927
5.487e-07,-0.0015253007488862935
5.488e-07,-0.0025721757488862927
5.489e-07,-0.004681550748886294
5.49e-07,-0.006572175748886294
5.491e-07,-0.0073221757488862935
5.492e-07,-0.006572175748886294
5.493e-07,-0.005509675748886294
5.494e-07,-0.006572175748886294
5.495e-07,-0.009462800748886294
5.496e-07,-0.010572175960747294
5.497e-07,-0.0073846757488862935
5.498e-07,-0.0025721757488862927
5.499e-07,-0.0005878007488862944
5.5e-07,-0.0025721757488862927
5.501e-07,-0.005931550748886294
5.502e-07,-0.006572175748886294
5.503e-07,-0.004259675748886293
5.504e-07,-0.0025721757488862927
5.505e-07,-0.004103425748886293
5.506e-07,-0.006572175748886294
5.507e-07,-0.007072175748886293
5.508e-07,-0.006572175748886294
5.509e-07,-0.007712800748886294
5.51e-07,-0.010572175960747294
5.511e-07,-0.012165925748886294
5.512e-07,-0.010572175960747294
5.513e-07,-0.006275300748886293
5.514e-07,-0.0025721757488862927
5.515e-07,-0.0017128007488862937
5.516e-07,-0.0025721757488862927
5.517e-07,-0.002994050748886294
5.518e-07,-0.0025721757488862927
5.519e-07,-0.0024159257488862943
5.52e-07,-0.0025721757488862927
5.521e-07,-0.0027909257488862938
5.522e-07,-0.0025721757488862927
5.523e-07,-0.0023534257488862943
5.524e-07,-0.0025721757488862927
5.525e-07,-0.002994050748886294
5.526e-07,-0.0025721757488862927
5.527e-07,-0.0016815507488862937
5.528e-07,-0.0025721757488862927
5.529e-07,-0.0053846757488862935
5.53e-07,-0.006572175748886294
5.531e-07,-0.0034471757488862935
5.532e-07,0.0014278222511137067
5.533e-07,0.0033497022511137058
5.534e-07,0.0014278222511137067
5.535e-07,-0.0015721757488862936
5.536e-07,-0.0025721757488862927
5.537e-07,-0.000900300748886293
5.538e-07,0.0014278222511137067
5.539e-07,0.0012247022511137056
5.54e-07,-0.0025721757488862927
5.541e-07,-0.006900300748886293
5.542e-07,-0.006572175748886294
5.543e-07,-0.0005096777488862933
5.544e-07,0.005427822251113707
5.545e-07,0.005662202251113706
5.546e-07,0.0014278222511137067
5.547e-07,-0.002275300748886294
5.548e-07,-0.0025721757488862927
5.549e-07,-0.0006346757488862927
5.55e-07,0.0014278222511137067
5.551e-07,0.0021622022511137064
5.552e-07,0.0014278222511137067
5.553e-07,0.0005059522511137067
5.554e-07,0.0014278222511137067
5.555e-07,0.003005952251113707
5.556e-07,0.0014278222511137067
5.557e-07,-0.0035409257488862936
5.558e-07,-0.006572175748886294
5.559e-07,-0.0036815507488862937
5.56e-07,0.0014278222511137067
5.561e-07,0.002974702251113707
5.562e-07,0.0014278222511137067
5.563e-07,0.0005059522511137067
5.564e-07,0.0014278222511137067
5.565e-07,0.0032247022511137056
5.566e-07,0.005427822251113707
5.567e-07,0.005849702251113706
5.568e-07,0.0014278222511137067
5.569e-07,-0.006650300748886294
5.57e-07,-0.010572175960747294
5.571e-07,-0.005931550748886294
5.572e-07,0.0014278222511137067
5.573e-07,0.003959072251113707
5.574e-07,0.0014278222511137067
5.575e-07,-0.0015721757488862936
5.576e-07,-0.0025721757488862927
5.577e-07,-0.0024315507488862943
5.578e-07,-0.0025721757488862927
5.579e-07,-0.003009675748886294
5.58e-07,-0.0025721757488862927
5.581e-07,-0.0008221757488862929
5.582e-07,0.0014278222511137067
5.583e-07,0.0022715722511137057
5.584e-07,0.0014278222511137067
5.585e-07,-0.00043154774888629413
5.586e-07,-0.0025721757488862927
5.587e-07,-0.004665925748886294
5.588e-07,-0.006572175748886294
5.589e-07,-0.0073846757488862935
5.59e-07,-0.006572175748886294
5.591e-07,-0.0044784257488862935
5.592e-07,-0.0025721757488862927
5.593e-07,-0.002040925748886294
5.594e-07,-0.0025721757488862927
5.595e-07,-0.001962800748886294
5.596e-07,0.0014278222511137067
5.597e-07,0.005505952251113706
5.598e-07,0.005427822251113707
5.599e-07,-0.0005565477488862942
5.6e-07,-0.006572175748886294
5.601e-07,-0.006822175748886293
5.602e-07,-0.0025721757488862927
5.603e-07,0.0010215722511137063
5.604e-07,0.0014278222511137067
5.605e-07,-0.0004940477488862942
5.606e-07,-0.0025721757488862927
5.607e-07,-0.0033378007488862934
5.608e-07,-0.0025721757488862927
5.609e-07,-0.0007909257488862929
5.61e-07,0.0014278222511137067
5.611e-07,0.002630952251113707
5.612e-07,0.0014278222511137067
5.613e-07,-0.0016503007488862936
5.614e-07,-0.0025721757488862927
5.615e-07,-0.00010342774888629294
5.616e-07,0.0014278222511137067
5.617e-07,-0.0017596757488862937
5.618e-07,-0.006572175748886294
5.619e-07,-0.008322175748886294
5.62e-07,-0.006572175748886294
5.621e-07,-0.004040925748886293
5.622e-07,-0.0025721757488862927
5.623e-07,-0.002119050748886294
5.624e-07,-0.0025721757488862927
5.625e-07,-0.003915925748886294
5.626e-07,-0.006572175748886294
5.627e-07,-0.009509675748886294
5.628e-07,-0.010572175960747294
5.629e-07,-0.008650300748886293
5.63e-07,-0.006572175748886294
5.631e-07,-0.0054628007488862936
5.632e-07,-0.0025721757488862927
5.633e-07,0.002771572251113706
5.634e-07,0.005427822251113707
5.635e-07,0.001834072251113707
5.636e-07,-0.0025721757488862927
5.637e-07,-0.002087800748886294
5.638e-07,0.0014278222511137067
5.639e-07,0.002630952251113707
5.64e-07,0.0014278222511137067
5.641e-07,-0.0004159277488862932
5.642e-07,-0.0025721757488862927
5.643e-07,-0.0053846757488862935
5.644e-07,-0.006572175748886294
5.645e-07,-0.004806550748886294
5.646e-07,-0.0025721757488862927
5.647e-07,-0.002181550748886294
5.648e-07,-0.0025721757488862927
5.649e-07,-0.0023534257488862943
5.65e-07,-0.0025721757488862927
5.651e-07,-0.0044315507488862935
5.652e-07,-0.006572175748886294
5.653e-07,-0.007056550748886293
5.654e-07,-0.006572175748886294
5.655e-07,-0.0064315507488862935
5.656e-07,-0.006572175748886294
5.657e-07,-0.0064315507488862935
5.658e-07,-0.006572175748886294
5.659e-07,-0.006853425748886293
5.66e-07,-0.006572175748886294
5.661e-07,-0.004822175748886294
5.662e-07,-0.0025721757488862927
5.663e-07,-0.0016034257488862936
5.664e-07,-0.0025721757488862927
5.665e-07,-0.003994050748886294
5.666e-07,-0.0025721757488862927
5.667e-07,0.001896572251113707
5.668e-07,0.005427822251113707
5.669e-07,0.004599702251113707
5.67e-07,0.0014278222511137067
5.671e-07,-0.0011190507488862932
5.672e-07,-0.0025721757488862927
5.673e-07,-0.004540925748886294
5.674e-07,-0.006572175748886294
5.675e-07,-0.0063846757488862935
5.676e-07,-0.0025721757488862927
5.677e-07,0.002834072251113706
5.678e-07,0.005427822251113707
5.679e-07,0.002662202251113707
5.68e-07,-0.0025721757488862927
5.681e-07,-0.005947175748886294
5.682e-07,-0.006572175748886294
5.683e-07,-0.006165925748886293
5.684e-07,-0.006572175748886294
5.685e-07,-0.0073378007488862935
5.686e-07,-0.006572175748886294
5.687e-07,-0.004119050748886293
5.688e-07,-0.0025721757488862927
5.689e-07,-0.002931550748886294
5.69e-07,-0.0025721757488862927
5.691e-07,-2.529774888629377e-05
5.692e-07,0.0014278222511137067
5.693e-07,-0.0018221757488862938
5.694e-07,-0.006572175748886294
5.695e-07,-0.008259675748886294
5.696e-07,-0.006572175748886294
5.697e-07,-0.004181550748886293
5.698e-07,-0.0025721757488862927
5.699e-07,-0.002900300748886294
5.7e-07,-0.006572175748886294
5.701e-07,-0.012040925748886294
5.702e-07,-0.014572175748886293
5.703e-07,-0.011369050948886293
5.704e-07,-0.006572175748886294
5.705e-07,-0.004900300748886294
5.706e-07,-0.006572175748886294
5.707e-07,-0.007837800748886294
5.708e-07,-0.006572175748886294
5.709e-07,-0.003931550748886294
5.71e-07,-0.0025721757488862927
5.711e-07,-0.003978425748886294
5.712e-07,-0.006572175748886294
5.713e-07,-0.006900300748886293
5.714e-07,-0.0025721757488862927
5.715e-07,0.003568452251113706
5.716e-07,0.005427822251113707
5.717e-07,0.00014657225111370728
5.718e-07,-0.006572175748886294
5.719e-07,-0.008665925748886293
5.72e-07,-0.006572175748886294
5.721e-07,-0.004087800748886293
5.722e-07,-0.0025721757488862927
5.723e-07,-0.0017128007488862937
5.724e-07,-0.0025721757488862927
5.725e-07,-0.005119050748886293
5.726e-07,-0.006572175748886294
5.727e-07,-0.004822175748886294
5.728e-07,-0.0025721757488862927
5.729e-07,-0.002306550748886294
5.73e-07,-0.0025721757488862927
5.731e-07,-0.0012753007488862933
5.732e-07,0.0014278222511137067
5.733e-07,0.003724702251113706
5.734e-07,0.005427822251113707
5.735e-07,0.006224702251113707
5.736e-07,0.005427822251113707
5.737e-07,0.0019747022511137063
5.738e-07,-0.0025721757488862927
5.739e-07,-0.006056550748886293
5.74e-07,-0.006572175748886294
5.741e-07,-0.0044940507488862936
5.742e-07,-0.0025721757488862927
5.743e-07,-0.0023534257488862943
5.744e-07,-0.0025721757488862927
5.745e-07,-0.002119050748886294
5.746e-07,-0.0025721757488862927
5.747e-07,-0.004822175748886294
5.748e-07,-0.006572175748886294
5.749e-07,-0.0053690507488862935
5.75e-07,-0.0025721757488862927
5.751e-07,-0.0013221757488862933
5.752e-07,-0.0025721757488862927
5.753e-07,-0.004915925748886294
5.754e-07,-0.006572175748886294
5.755e-07,-0.006822175748886293
5.756e-07,-0.006572175748886294
5.757e-07,-0.006619050748886294
5.758e-07,-0.006572175748886294
5.759e-07,-0.005290925748886293
5.76e-07,-0.0025721757488862927
5.761e-07,0.00027157225111370566
5.762e-07,0.0014278222511137067
5.763e-07,5.28222511137072e-05
5.764e-07,-0.0025721757488862927
5.765e-07,-0.004978425748886294
5.766e-07,-0.006572175748886294
5.767e-07,-0.0073378007488862935
5.768e-07,-0.006572175748886294
5.769e-07,-0.0044784257488862935
5.77e-07,-0.0025721757488862927
5.771e-07,-0.002212800748886294
5.772e-07,-0.0025721757488862927
5.773e-07,-0.0026034257488862927
5.774e-07,-0.0025721757488862927
5.775e-07,-0.003775300748886294
5.776e-07,-0.006572175748886294
5.777e-07,-0.009603425948886293
5.778e-07,-0.010572175960747294
5.779e-07,-0.008744050748886293
5.78e-07,-0.006572175748886294
5.781e-07,-0.006025300748886293
5.782e-07,-0.006572175748886294
5.783e-07,-0.006603425748886294
5.784e-07,-0.006572175748886294
5.785e-07,-0.006837800748886293
5.786e-07,-0.006572175748886294
5.787e-07,-0.004869050748886294
5.788e-07,-0.0025721757488862927
5.789e-07,-0.0016190507488862936
5.79e-07,-0.0025721757488862927
5.791e-07,-0.003869050748886294
5.792e-07,-0.0025721757488862927
5.793e-07,0.0006934522511137069
5.794e-07,0.0014278222511137067
5.795e-07,-0.0025096757488862944
5.796e-07,-0.006572175748886294
5.797e-07,-0.006087800748886293
5.798e-07,-0.0025721757488862927
5.799e-07,-0.000884675748886293
5.8e-07,-0.0025721757488862927
5.801e-07,-0.004556550748886294
5.802e-07,-0.0025721757488862927
5.803e-07,0.002740322251113706
5.804e-07,0.005427822251113707
5.805e-07,0.0019747022511137063
5.806e-07,-0.0025721757488862927
5.807e-07,-0.0032909257488862934
5.808e-07,-0.0025721757488862927
5.809e-07,-0.0044003007488862935
5.81e-07,-0.006572175748886294
5.811e-07,-0.0053690507488862935
5.812e-07,-0.0025721757488862927
5.813e-07,-0.0017284257488862937
5.814e-07,-0.0025721757488862927
5.815e-07,-0.002900300748886294
5.816e-07,-0.0025721757488862927
5.817e-07,-0.0024940507488862944
5.818e-07,-0.0025721757488862927
5.819e-07,-0.0024315507488862943
5.82e-07,-0.0025721757488862927
5.821e-07,-0.002994050748886294
5.822e-07,-0.0025721757488862927
5.823e-07,-0.0016815507488862937
5.824e-07,-0.0025721757488862927
5.825e-07,-0.0054471757488862935
5.826e-07,-0.006572175748886294
5.827e-07,-0.0032284257488862933
5.828e-07,0.0014278222511137067
5.829e-07,0.002943452251113707
5.83e-07,0.0014278222511137067
5.831e-07,-0.0008221757488862929
5.832e-07,-0.0025721757488862927
5.833e-07,-0.0034003007488862935
5.834e-07,-0.0025721757488862927
5.835e-07,-0.00022842774888629305
5.836e-07,0.0014278222511137067
5.837e-07,0.0003809522511137066
5.838e-07,-0.0025721757488862927
5.839e-07,-0.0044315507488862935
5.84e-07,-0.0025721757488862927
5.841e-07,0.0022247022511137065
5.842e-07,0.005427822251113707
5.843e-07,0.004146572251113706
5.844e-07,0.0014278222511137067
5.845e-07,0.0005528222511137059
5.846e-07,0.0014278222511137067
5.847e-07,0.001802822251113707
5.848e-07,0.0014278222511137067
5.849e-07,0.0013340722511137066
5.85e-07,0.0014278222511137067
5.851e-07,0.0002872022511137065
5.852e-07,-0.0025721757488862927
5.853e-07,-0.005681550748886294
5.854e-07,-0.006572175748886294
5.855e-07,-0.0036034257488862936
5.856e-07,0.0014278222511137067
5.857e-07,0.005224702251113706
5.858e-07,0.005427822251113707
5.859e-07,0.0030528222511137064
5.86e-07,0.0014278222511137067
5.861e-07,0.0015372022511137059
5.862e-07,0.0014278222511137067
5.863e-07,-0.0006971757488862928
5.864e-07,-0.0025721757488862927
5.865e-07,-0.0006659257488862928
5.866e-07,0.005427822251113707
5.867e-07,0.010740322251113708
5.868e-07,0.009427822251113707
5.869e-07,0.0009590722511137063
5.87e-07,-0.006572175748886294
5.871e-07,-0.006665925748886294
5.872e-07,-0.0025721757488862927
5.873e-07,0.00022470225111370645
5.874e-07,0.0014278222511137067
5.875e-07,0.002662202251113707
5.876e-07,0.0014278222511137067
5.877e-07,-0.0034628007488862935
5.878e-07,-0.006572175748886294
5.879e-07,-0.0034315507488862935
5.88e-07,0.0014278222511137067
5.881e-07,0.003646572251113707
5.882e-07,0.005427822251113707
5.883e-07,0.008677822251113706
5.884e-07,0.009427822251113707
5.885e-07,0.004115322251113706
5.886e-07,-0.0025721757488862927
5.887e-07,-0.0035878007488862936
5.888e-07,0.0014278222511137067
5.889e-07,0.0072872022511137075
5.89e-07,0.009427822251113707
5.891e-07,0.007349702251113708
5.892e-07,0.005427822251113707
5.893e-07,0.006662202251113707
5.894e-07,0.009427822251113707
5.895e-07,0.010459072251113708
5.896e-07,0.009427822251113707
5.897e-07,0.007584072251113705
5.898e-07,0.005427822251113707
5.899e-07,0.0028653222511137062
5.9e-07,0.0014278222511137067
5.901e-07,0.002630952251113707
5.902e-07,0.005427822251113707
5.903e-07,0.007990322251113706
5.904e-07,0.009427822251113707
5.905e-07,0.009724702251113706
5.906e-07,0.009427822251113707
5.907e-07,0.009021572251113706
5.908e-07,0.009427822251113707
5.909e-07,0.010068452251113707
5.91e-07,0.009427822251113707
5.911e-07,0.007021572251113705
5.912e-07,0.005427822251113707
5.913e-07,0.005724702251113706
5.914e-07,0.005427822251113707
5.915e-07,0.0030997022511137073
5.916e-07,0.0014278222511137067
5.917e-07,0.0030997022511137073
5.918e-07,0.005427822251113707
5.919e-07,0.005662202251113706
5.92e-07,0.005427822251113707
5.921e-07,0.007177822251113705
5.922e-07,0.009427822251113707
5.923e-07,0.009740322251113707
5.924e-07,0.009427822251113707
5.925e-07,0.009740322251113707
5.926e-07,0.009427822251113707
5.927e-07,0.007240322251113705
5.928e-07,0.005427822251113707
5.929e-07,0.005443452251113706
5.93e-07,0.005427822251113707
5.931e-07,0.003505952251113706
