-4.55e-08,0.009162109508324301
-4.54e-08,0.0035058595083243002
-4.53e-08,-0.0040097654916756995
-4.52e-08,-0.0084941404916757
-4.51e-08,-0.008431640491675699
-4.5e-08,-0.004494140491675699
-4.49e-08,0.0006152345083243003
-4.48e-08,0.0035058595083243002
-4.47e-08,0.0033808595083243
-4.46e-08,0.0035058595083243002
-4.45e-08,0.0047402345083243005
-4.44e-08,0.0035058595083243002
-4.43e-08,-0.0021660154916756996
-4.42e-08,-0.0084941404916757
-4.41e-08,-0.010369140491675699
-4.4e-08,-0.0084941404916757
-4.39e-08,-0.0060722654916757
-4.38e-08,-0.004494140491675699
-4.37e-08,-0.0026503904916757
-4.36e-08,-0.0004941407967856996
-4.35e-08,0.0017089845083243002
-4.34e-08,0.0035058595083243002
-4.33e-08,0.004318359508324301
-4.32e-08,0.0035058595083243002
-4.31e-08,0.0012871095083243004
-4.3e-08,-0.0004941407967856996
-4.29e-08,-0.0009472657916756997
-4.28e-08,-0.0004941407967856996
-4.27e-08,-0.0003066407916756996
-4.26e-08,-0.0004941407967856996
-4.25e-08,-0.0005722658016756996
-4.24e-08,-0.0004941407967856996
-4.23e-08,-0.0004160157916756996
-4.22e-08,-0.0004941407967856996
-4.21e-08,-0.0004160157916756996
-4.2e-08,-0.0004941407967856996
-4.19e-08,-0.0006347657916756996
-4.18e-08,-0.0004941407967856996
-4.17e-08,-8.789079167569963e-05
-4.16e-08,-0.0004941407967856996
-4.15e-08,-0.0012910157916756996
-4.14e-08,-0.0004941407967856996
-4.13e-08,0.0022246095083243
-4.12e-08,0.0035058595083243002
-4.11e-08,0.0015058595083243004
-4.1e-08,-0.0004941407967856996
-4.09e-08,0.0006621095083243003
-4.08e-08,0.0035058595083243002
-4.07e-08,0.0045527345083243
-4.06e-08,0.0035058595083243002
-4.05e-08,0.0025527345083243003
-4.04e-08,0.0035058595083243002
-4.03e-08,0.004927734508324301
-4.02e-08,0.0035058595083243002
-4.01e-08,-0.0011816407916756997
-4e-08,-0.004494140491675699
-3.99e-08,-0.0029785154916756994
-3.98e-08,-0.0004941407967856996
-3.97e-08,-0.0004785157916756996
-3.96e-08,-0.0004941407967856996
-3.95e-08,0.0020058595083243006
-3.94e-08,0.0035058595083243002
-3.93e-08,0.0011933595083243004
-3.92e-08,-0.0004941407967856996
-3.91e-08,0.0027871095083243005
-3.9e-08,0.007505859508324301
-3.89e-08,0.007662109508324301
-3.88e-08,0.0035058595083243002
-3.87e-08,-0.0012910157916756996
-3.86e-08,-0.004494140491675699
-3.85e-08,-0.005525390491675699
-3.84e-08,-0.004494140491675699
-3.83e-08,-0.0020566404916756995
-3.82e-08,-0.0004941407967856996
-3.81e-08,-0.0005097658016756996
-3.8e-08,-0.0004941407967856996
-3.79e-08,0.0011621095083243003
-3.78e-08,0.0035058595083243002
-3.77e-08,0.0045527345083243
-3.76e-08,0.0035058595083243002
-3.75e-08,0.0011308595083243003
-3.74e-08,-0.0004941407967856996
-3.73e-08,-0.0007285157916756996
-3.72e-08,-0.0004941407967856996
-3.71e-08,-0.0006347657916756996
-3.7e-08,-0.0004941407967856996
-3.69e-08,0.0001464842083243004
-3.68e-08,-0.0004941407967856996
-3.67e-08,-0.0029003904916756994
-3.66e-08,-0.004494140491675699
-3.65e-08,-0.0029628904916756994
-3.64e-08,-0.0004941407967856996
-3.63e-08,0.00022460920832430037
-3.62e-08,-0.0004941407967856996
-3.61e-08,-0.0008066407916756996
-3.6e-08,-0.0004941407967856996
-3.59e-08,-0.0003378907916756996
-3.58e-08,-0.0004941407967856996
-3.57e-08,-0.0005566408016756996
-3.56e-08,-0.0004941407967856996
-3.55e-08,-0.0004160157916756996
-3.54e-08,-0.0004941407967856996
-3.53e-08,-0.0006347657916756996
-3.52e-08,-0.0004941407967856996
-3.51e-08,-0.0002285157916756996
-3.5e-08,-0.0004941407967856996
-3.49e-08,-0.0011191407916756996
-3.48e-08,-0.0004941407967856996
-3.47e-08,0.0018183595083243003
-3.46e-08,0.0035058595083243002
-3.45e-08,0.0023183595083243
-3.44e-08,-0.0004941407967856996
-3.43e-08,-0.0028066404916756993
-3.42e-08,-0.004494140491675699
-3.41e-08,-0.005447265491675699
-3.4e-08,-0.004494140491675699
-3.39e-08,-0.0016816404916756996
-3.38e-08,-0.0004941407967856996
-3.37e-08,-0.0025097654916757
-3.36e-08,-0.004494140491675699
-3.35e-08,-0.0031972654916756996
-3.34e-08,-0.0004941407967856996
-3.33e-08,0.0004746092083243004
-3.32e-08,-0.0004941407967856996
-3.31e-08,-0.0011347657916756996
-3.3e-08,-0.0004941407967856996
-3.29e-08,0.00022460920832430037
-3.28e-08,-0.0004941407967856996
-3.27e-08,-0.0027753904916756993
-3.26e-08,-0.004494140491675699
-3.25e-08,-0.0035253904916757
-3.24e-08,-0.0004941407967856996
-3.23e-08,0.0023183595083243
-3.22e-08,0.0035058595083243002
-3.21e-08,0.0024746095083243
-3.2e-08,-0.0004941407967856996
-3.19e-08,-0.0037753904916756993
-3.18e-08,-0.004494140491675699
-3.17e-08,-0.0020878904916756995
-3.16e-08,-0.0004941407967856996
-3.15e-08,-0.0022910154916756997
-3.14e-08,-0.004494140491675699
-3.13e-08,-0.004416015491675699
-3.12e-08,-0.004494140491675699
-3.11e-08,-0.005791015491675699
-3.1e-08,-0.004494140491675699
-3.09e-08,0.0009433595083243004
-3.08e-08,0.0035058595083243002
-3.07e-08,-0.0016347654916756995
-3.06e-08,-0.0084941404916757
-3.05e-08,-0.0089628904916757
-3.04e-08,-0.004494140491675699
-3.03e-08,-0.0009472657916756997
-3.02e-08,-0.0004941407967856996
-3.01e-08,-0.0009628907916756996
-3e-08,-0.0004941407967856996
-2.99e-08,0.0012402345083243004
-2.98e-08,0.0035058595083243002
-2.97e-08,0.0046621095083243
-2.96e-08,0.0035058595083243002
-2.95e-08,0.0008808595083243003
-2.94e-08,-0.0004941407967856996
-2.93e-08,0.0008027345083243004
-2.92e-08,0.0035058595083243002
-2.91e-08,0.0048183595083243005
-2.9e-08,0.0035058595083243002
-2.89e-08,0.0008652345083243003
-2.88e-08,-0.0004941407967856996
-2.87e-08,0.0007246095083243004
-2.86e-08,0.0035058595083243002
-2.85e-08,0.005052734508324301
-2.84e-08,0.0035058595083243002
-2.83e-08,0.0003652342083243004
-2.82e-08,-0.0004941407967856996
-2.81e-08,0.0018339845083243003
-2.8e-08,0.0035058595083243002
-2.79e-08,0.0009433595083243004
-2.78e-08,-0.004494140491675699
-2.77e-08,-0.007447265491675699
-2.76e-08,-0.004494140491675699
-2.75e-08,0.0015371095083243004
-2.74e-08,0.0035058595083243002
-2.73e-08,-0.0006660157916756997
-2.72e-08,-0.004494140491675699
-2.71e-08,-0.0019628904916756994
-2.7e-08,0.0035058595083243002
-2.69e-08,0.0046152345083243
-2.68e-08,-0.0004941407967856996
-2.67e-08,-0.006791015491675699
-2.66e-08,-0.0084941404916757
-2.65e-08,-0.004728515491675699
-2.64e-08,-0.0004941407967856996
-2.63e-08,0.00033398420832430036
-2.62e-08,-0.0004941407967856996
-2.61e-08,0.0006933595083243003
-2.6e-08,0.0035058595083243002
-2.59e-08,0.0048339845083243006
-2.58e-08,0.0035058595083243002
-2.57e-08,0.0009902345083243004
-2.56e-08,-0.0004941407967856996
-2.55e-08,-0.0006191407916756996
-2.54e-08,-0.0004941407967856996
-2.53e-08,-0.0008847657916756996
-2.52e-08,-0.0004941407967856996
-2.51e-08,0.0015839845083243005
-2.5e-08,0.0035058595083243002
-2.49e-08,0.0027714845083243005
-2.48e-08,-0.0004941407967856996
-2.47e-08,-0.003681640491675699
-2.46e-08,-0.004494140491675699
-2.45e-08,-0.0025722654916757
-2.44e-08,-0.0004941407967856996
-2.43e-08,-0.00013476579167569962
-2.42e-08,-0.0004941407967856996
-2.41e-08,-0.0002597657916756996
-2.4e-08,-0.0004941407967856996
-2.39e-08,-0.0014472657916756995
-2.38e-08,-0.0004941407967856996
-2.37e-08,0.0027871095083243005
-2.36e-08,0.0035058595083243002
-2.35e-08,-0.0008847657916756996
-2.34e-08,-0.004494140491675699
-2.33e-08,-0.0028847654916756994
-2.32e-08,-0.0004941407967856996
-2.31e-08,-0.0019628904916756994
-2.3e-08,-0.004494140491675699
-2.29e-08,-0.0033535154916756998
-2.28e-08,-0.0004941407967856996
-2.27e-08,-0.0007285157916756996
-2.26e-08,-0.004494140491675699
-2.25e-08,-0.0071816404916757
-2.24e-08,-0.004494140491675699
-2.23e-08,0.0027558595083243004
-2.22e-08,0.007505859508324301
-2.21e-08,0.005099609508324301
-2.2e-08,-0.0004941407967856996
-2.19e-08,-0.0036191404916757
-2.18e-08,-0.004494140491675699
-2.17e-08,-0.0051816404916757
-2.16e-08,-0.004494140491675699
-2.15e-08,-0.0006816407916756997
-2.14e-08,0.0035058595083243002
-2.13e-08,0.0045371095083243
-2.12e-08,0.0035058595083243002
-2.11e-08,0.0030839845083243007
-2.1e-08,0.0035058595083243002
-2.09e-08,0.0037558595083243005
-2.08e-08,0.0035058595083243002
-2.07e-08,0.0022714845083243
-2.06e-08,-0.0004941407967856996
-2.05e-08,-0.0039628904916756994
-2.04e-08,-0.004494140491675699
-2.03e-08,-0.0005878908016756997
-2.02e-08,0.0035058595083243002
-2.01e-08,0.004302734508324301
-2e-08,0.0035058595083243002
-1.99e-08,0.0027714845083243005
-1.98e-08,-0.0004941407967856996
-1.97e-08,-0.0061972654916757
-1.96e-08,-0.0084941404916757
-1.95e-08,-0.0032441404916756997
-1.94e-08,0.0035058595083243002
-1.93e-08,0.004162109508324301
-1.92e-08,-0.0004941407967856996
-1.91e-08,-0.0036191404916757
-1.9e-08,-0.0004941407967856996
-1.89e-08,0.006927734508324301
-1.88e-08,0.011505863508324301
-1.87e-08,0.0090527345083243
-1.86e-08,0.0035058595083243002
-1.85e-08,0.00020898420832430036
-1.84e-08,-0.0004941407967856996
-1.83e-08,-0.0007910157916756996
-1.82e-08,-0.0004941407967856996
-1.81e-08,0.0017558595083243002
-1.8e-08,0.0035058595083243002
-1.79e-08,0.0033339845083243
-1.78e-08,0.0035058595083243002
-1.77e-08,0.0057089845083243005
-1.76e-08,0.007505859508324301
-1.75e-08,0.007208984508324301
-1.74e-08,0.007505859508324301
-1.73e-08,0.010740233508324301
-1.72e-08,0.0155058635083243
-1.71e-08,0.016193363508324298
-1.7e-08,0.011505863508324301
-1.69e-08,0.003912109508324301
-1.68e-08,-0.0004941407967856996
-1.67e-08,0.0008339845083243005
-1.66e-08,0.0035058595083243002
-1.65e-08,0.0024121095083243
-1.64e-08,-0.004494140491675699
-1.63e-08,-0.0120097664916757
-1.62e-08,-0.0164941364916757
-1.61e-08,-0.0141972664916757
-1.6e-08,-0.0084941404916757
-1.59e-08,-0.00040039079167569964
-1.58e-08,0.007505859508324301
-1.57e-08,0.0165527335083243
-1.56e-08,0.027505863508324298
-1.55e-08,0.037615233508324304
-1.54e-08,0.043505863508324305
-1.53e-08,0.0431152335083243
-1.52e-08,0.043505863508324305
-1.51e-08,0.045912113508324304
-1.5e-08,0.0475058635083243
-1.49e-08,0.0410371135083243
-1.48e-08,0.0315058635083243
-1.47e-08,0.022490233508324298
-1.46e-08,0.0155058635083243
-1.45e-08,0.0082871095083243
-1.44e-08,0.0035058595083243002
-1.43e-08,0.0028964845083243006
-1.42e-08,0.0035058595083243002
-1.41e-08,0.0013496095083243003
-1.4e-08,-0.004494140491675699
-1.39e-08,-0.0110410164916757
-1.38e-08,-0.0164941364916757
-1.37e-08,-0.019900386491675703
-1.36e-08,-0.0244941364916757
-1.35e-08,-0.0292597664916757
-1.34e-08,-0.0324941364916757
-1.33e-08,-0.030931636491675702
-1.32e-08,-0.0284941364916757
-1.31e-08,-0.0274160164916757
-1.3e-08,-0.0284941364916757
-1.29e-08,-0.0265566364916757
-1.28e-08,-0.0204941364916757
-1.27e-08,-0.011400386491675699
-1.26e-08,-0.004494140491675699
-1.25e-08,-0.0024628904916757
-1.24e-08,-0.004494140491675699
-1.23e-08,-0.0051035154916757
-1.22e-08,-0.0004941407967856996
-1.21e-08,0.0078027345083243015
-1.2e-08,0.011505863508324301
-1.19e-08,0.0085996095083243
-1.18e-08,0.007505859508324301
-1.17e-08,0.0153339835083243
-1.16e-08,0.027505863508324298
-1.15e-08,0.0363652335083243
-1.14e-08,0.043505863508324305
-1.13e-08,0.0514277335083243
-1.12e-08,0.059505863508324305
-1.11e-08,0.060427733508324304
-1.1e-08,0.0555058635083243
-1.09e-08,0.047177733508324306
-1.08e-08,0.043505863508324305
-1.07e-08,0.042380863508324304
-1.06e-08,0.0395058635083243
-1.05e-08,0.0293808635083243
-1.04e-08,0.019505863508324298
-1.03e-08,0.014552733508324301
-1.02e-08,0.011505863508324301
-1.01e-08,0.0036933595083243004
-1e-08,-0.0084941404916757
-9.9e-09,-0.0195097664916757
-9.8e-09,-0.0284941364916757
-9.7e-09,-0.034744136491675695
-9.6e-09,-0.0404941364916757
-9.5e-09,-0.043056636491675696
-9.4e-09,-0.0444941364916757
-9.3e-09,-0.042603516491675694
-9.2e-09,-0.0404941364916757
-9.1e-09,-0.0366503864916757
-9e-09,-0.0324941364916757
-8.9e-09,-0.0264316364916757
-8.8e-09,-0.0204941364916757
-8.7e-09,-0.014791016491675699
-8.6e-09,-0.0084941404916757
-8.5e-09,-0.0014941404916756996
-8.4e-09,0.0035058595083243002
-8.3e-09,0.004287109508324301
-8.2e-09,0.0035058595083243002
-8.1e-09,0.0023496095083243
-8e-09,-0.0004941407967856996
-7.9e-09,-0.004884765491675699
-7.8e-09,-0.004494140491675699
-7.7e-09,0.004068359508324301
-7.6e-09,0.0155058635083243
-7.5e-09,0.0218496135083243
-7.4e-09,0.023505863508324298
-7.3e-09,0.023412113508324298
-7.2e-09,0.023505863508324298
-7.1e-09,0.0218652335083243
-7e-09,0.019505863508324298
-6.9e-09,0.015724613508324298
-6.8e-09,0.011505863508324301
-6.7e-09,0.006177734508324301
-6.6e-09,0.0035058595083243002
-6.5e-09,0.0030996095083243008
-6.4e-09,0.0035058595083243002
-6.3e-09,0.0012714845083243004
-6.2e-09,-0.004494140491675699
-6.1e-09,-0.0123378864916757
-6e-09,-0.0204941364916757
-5.9e-09,-0.0287753864916757
-5.8e-09,-0.0404941364916757
-5.7e-09,-0.0519941464916757
-5.6e-09,-0.056494146491675695
-5.5e-09,-0.048197266491675696
-5.4e-09,-0.0364941364916757
-5.3e-09,-0.0295878864916757
-5.2e-09,-0.0284941364916757
-5.1e-09,-0.0271347664916757
-5e-09,-0.0244941364916757
-4.9e-09,-0.0219003864916757
-4.8e-09,-0.0204941364916757
-4.7e-09,-0.019978516491675702
-4.6e-09,-0.0204941364916757
-4.5e-09,-0.0224003864916757
-4.4e-09,-0.0244941364916757
-4.3e-09,-0.0253066364916757
-4.2e-09,-0.0244941364916757
-4.1e-09,-0.020947266491675703
-4e-09,-0.0164941364916757
-3.9e-09,-0.0117910164916757
-3.8e-09,-0.0084941404916757
-3.7e-09,-0.0063066404916757
-3.6e-09,-0.004494140491675699
-3.5e-09,-0.0006035157916756996
-3.4e-09,0.007505859508324301
-3.3e-09,0.018146483508324297
-3.2e-09,0.027505863508324298
-3.1e-09,0.029896483508324297
-3e-09,0.027505863508324298
-2.9e-09,0.022302733508324298
-2.8e-09,0.019505863508324298
-2.7e-09,0.0174746135083243
-2.6e-09,0.0155058635083243
-2.5e-09,0.0103027335083243
-2.4e-09,0.0035058595083243002
-2.3e-09,-0.0034003904916757
-2.2e-09,-0.0084941404916757
-2.1e-09,-0.0130097664916757
-2e-09,-0.0204941364916757
-1.9e-09,-0.0294316364916757
-1.8e-09,-0.0364941364916757
-1.7e-09,-0.0360253864916757
-1.6e-09,-0.0324941364916757
-1.5e-09,-0.0287441364916757
-1.4e-09,-0.0284941364916757
-1.3e-09,-0.0274472664916757
-1.2e-09,-0.0244941364916757
-1.1e-09,-0.0173222664916757
-1e-09,-0.0084941404916757
-9e-10,0.0002714842083243004
-8e-10,0.007505859508324301
-7e-10,0.0132246135083243
-6e-10,0.019505863508324298
-5e-10,0.0245996135083243
-4e-10,0.027505863508324298
-3e-10,0.025896483508324297
-2e-10,0.023505863508324298
-1e-10,0.0211777335083243
0.0,0.019505863508324298
1e-10,0.0155996135083243
2e-10,0.011505863508324301
3e-10,0.0085996095083243
4e-10,0.007505859508324301
5e-10,0.007255859508324301
6e-10,0.007505859508324301
7e-10,0.007146484508324301
8e-10,0.0035058595083243002
9e-10,-0.0029316404916756994
1e-09,-0.0084941404916757
1.1e-09,-0.0095878904916757
1.2e-09,-0.0084941404916757
1.3e-09,-0.0079785154916757
1.4e-09,-0.0084941404916757
1.5e-09,-0.007744140491675699
1.6e-09,-0.004494140491675699
1.7e-09,-0.0010410157916756996
1.8e-09,-0.0004941407967856996
1.9e-09,-0.0041035154916757
2e-09,-0.0084941404916757
2.1e-09,-0.010791016491675699
2.2e-09,-0.0124941364916757
2.3e-09,-0.0166816364916757
2.4e-09,-0.0244941364916757
2.5e-09,-0.031822266491675695
2.6e-09,-0.0364941364916757
2.7e-09,-0.034619136491675695
2.8e-09,-0.0284941364916757
2.9e-09,-0.019462886491675702
3e-09,-0.0124941364916757
3.1e-09,-0.006728515491675699
3.2e-09,-0.0004941407967856996
3.3e-09,0.0087714845083243
3.4e-09,0.019505863508324298
3.5e-09,0.0264746135083243
3.6e-09,0.027505863508324298
3.7e-09,0.023474613508324298
3.8e-09,0.023505863508324298
3.9e-09,0.0289589835083243
4e-09,0.035505863508324305
4.1e-09,0.034083983508324305
4.2e-09,0.027505863508324298
4.3e-09,0.018990233508324298
4.4e-09,0.011505863508324301
4.5e-09,0.004052734508324301
4.6e-09,-0.0004941407967856996
4.7e-09,-0.0020253904916756995
4.8e-09,-0.004494140491675699
4.9e-09,-0.0105878864916757
5e-09,-0.0164941364916757
5.1e-09,-0.0184160164916757
5.2e-09,-0.0204941364916757
5.3e-09,-0.0254628864916757
5.4e-09,-0.0324941364916757
5.5e-09,-0.036791016491675696
5.6e-09,-0.0404941364916757
5.7e-09,-0.043478516491675695
5.8e-09,-0.0444941364916757
5.9e-09,-0.0395566364916757
6e-09,-0.0324941364916757
6.1e-09,-0.0257441364916757
6.2e-09,-0.0204941364916757
6.3e-09,-0.0156347664916757
6.4e-09,-0.0124941364916757
6.5e-09,-0.0121503864916757
6.6e-09,-0.0124941364916757
6.7e-09,-0.0118222664916757
6.8e-09,-0.0084941404916757
6.9e-09,-0.005603515491675699
7e-09,-0.004494140491675699
7.1e-09,-0.006572265491675699
7.2e-09,-0.0084941404916757
7.3e-09,-0.009791015491675699
7.4e-09,-0.0124941364916757
7.5e-09,-0.0192910164916757
7.6e-09,-0.0284941364916757
7.7e-09,-0.035041016491675694
7.8e-09,-0.0364941364916757
7.9e-09,-0.0327441364916757
8e-09,-0.0284941364916757
8.1e-09,-0.0257128864916757
8.2e-09,-0.0244941364916757
8.3e-09,-0.0224003864916757
8.4e-09,-0.0204941364916757
8.5e-09,-0.018837886491675702
8.6e-09,-0.0164941364916757
8.7e-09,-0.0130722664916757
8.8e-09,-0.0124941364916757
8.9e-09,-0.0153847664916757
9e-09,-0.0164941364916757
9.1e-09,-0.0125253864916757
9.2e-09,-0.0084941404916757
9.3e-09,-0.0086035154916757
9.4e-09,-0.0084941404916757
9.5e-09,-0.0026035154916757
9.6e-09,0.007505859508324301
9.7e-09,0.0144746135083243
9.8e-09,0.0155058635083243
9.9e-09,0.0115214835083243
1e-08,0.007505859508324301
1.01e-08,0.005115234508324301
1.02e-08,0.0035058595083243002
1.03e-08,-8.789079167569963e-05
1.04e-08,-0.004494140491675699
1.05e-08,-0.007572265491675699
1.06e-08,-0.0084941404916757
1.07e-08,-0.0073222654916757
1.08e-08,-0.004494140491675699
1.09e-08,-0.0009316407916756997
1.1e-08,-0.0004941407967856996
1.11e-08,-0.0039785154916756995
1.12e-08,-0.0084941404916757
1.13e-08,-0.009853515491675699
1.14e-08,-0.0084941404916757
1.15e-08,-0.0062285154916757
1.16e-08,-0.004494140491675699
1.17e-08,-0.0027285154916756992
1.18e-08,-0.0004941407967856996
1.19e-08,0.0019589845083243006
1.2e-08,0.0035058595083243002
1.21e-08,0.0038183595083243005
1.22e-08,0.0035058595083243002
1.23e-08,0.0035058595083243002
1.24e-08,0.0035058595083243002
1.25e-08,0.003146484508324301
1.26e-08,0.0035058595083243002
1.27e-08,0.005287109508324301
1.28e-08,0.007505859508324301
1.29e-08,0.009271484508324301
1.3e-08,0.011505863508324301
1.31e-08,0.0141621135083243
1.32e-08,0.0155058635083243
1.33e-08,0.0139902335083243
1.34e-08,0.011505863508324301
1.35e-08,0.010490233508324301
1.36e-08,0.011505863508324301
1.37e-08,0.0122871135083243
1.38e-08,0.011505863508324301
1.39e-08,0.009130859508324301
1.4e-08,0.007505859508324301
1.41e-08,0.0082402345083243
1.42e-08,0.011505863508324301
1.43e-08,0.0138964835083243
1.44e-08,0.011505863508324301
1.45e-08,0.0047558595083243005
1.46e-08,-0.0004941407967856996
1.47e-08,-0.0006660157916756997
1.48e-08,-0.0004941407967856996
1.49e-08,-0.0039785154916756995
1.5e-08,-0.0084941404916757
1.51e-08,-0.0081816404916757
1.52e-08,-0.004494140491675699
1.53e-08,-7.226579167569962e-05
1.54e-08,0.0035058595083243002
1.55e-08,0.006974609508324301
1.56e-08,0.007505859508324301
1.57e-08,0.005224609508324301
1.58e-08,0.0035058595083243002
1.59e-08,0.006255859508324301
1.6e-08,0.011505863508324301
1.61e-08,0.016255863508324298
1.62e-08,0.019505863508324298
1.63e-08,0.0226621135083243
1.64e-08,0.027505863508324298
1.65e-08,0.0325058635083243
1.66e-08,0.035505863508324305
1.67e-08,0.0352246135083243
1.68e-08,0.035505863508324305
1.69e-08,0.0371308635083243
1.7e-08,0.0395058635083243
1.71e-08,0.0373496135083243
1.72e-08,0.0315058635083243
1.73e-08,0.0249121135083243
1.74e-08,0.023505863508324298
1.75e-08,0.0255058635083243
1.76e-08,0.023505863508324298
1.77e-08,0.012708983508324301
1.78e-08,-0.0004941407967856996
1.79e-08,-0.0071816404916757
1.8e-08,-0.0084941404916757
1.81e-08,-0.0081816404916757
1.82e-08,-0.0084941404916757
1.83e-08,-0.0080410154916757
1.84e-08,-0.0084941404916757
1.85e-08,-0.0096347654916757
1.86e-08,-0.0084941404916757
1.87e-08,-0.0030410154916756995
1.88e-08,0.0035058595083243002
1.89e-08,0.005021484508324301
1.9e-08,-0.0004941407967856996
1.91e-08,-0.0110722664916757
1.92e-08,-0.0204941364916757
1.93e-08,-0.0255253864916757
1.94e-08,-0.0284941364916757
1.95e-08,-0.0319941364916757
1.96e-08,-0.0364941364916757
1.97e-08,-0.0380566364916757
1.98e-08,-0.0364941364916757
1.99e-08,-0.0319941364916757
2e-08,-0.0284941364916757
2.01e-08,-0.0260410164916757
2.02e-08,-0.0244941364916757
2.03e-08,-0.0213066364916757
2.04e-08,-0.0164941364916757
2.05e-08,-0.011806636491675699
2.06e-08,-0.0084941404916757
2.07e-08,-0.007744140491675699
2.08e-08,-0.0084941404916757
2.09e-08,-0.0096660154916757
2.1e-08,-0.0084941404916757
2.11e-08,-0.006775390491675699
2.12e-08,-0.0084941404916757
2.13e-08,-0.0149003864916757
2.14e-08,-0.0204941364916757
2.15e-08,-0.020166016491675702
2.16e-08,-0.0164941364916757
2.17e-08,-0.014634766491675699
2.18e-08,-0.0164941364916757
2.19e-08,-0.0182597664916757
2.2e-08,-0.0164941364916757
2.21e-08,-0.0105878864916757
2.22e-08,-0.004494140491675699
2.23e-08,-0.0023222654916756997
2.24e-08,-0.004494140491675699
2.25e-08,-0.007791015491675699
2.26e-08,-0.0084941404916757
2.27e-08,-0.0063378904916757
2.28e-08,-0.004494140491675699
2.29e-08,-0.005650390491675699
2.3e-08,-0.0084941404916757
2.31e-08,-0.010119140491675699
2.32e-08,-0.0084941404916757
2.33e-08,-0.004556640491675699
2.34e-08,-0.0004941407967856996
2.35e-08,0.0020683595083243007
2.36e-08,0.0035058595083243002
2.37e-08,0.0030839845083243007
2.38e-08,-0.0004941407967856996
2.39e-08,-0.0070566404916757
2.4e-08,-0.0124941364916757
2.41e-08,-0.0136347664916757
2.42e-08,-0.0124941364916757
2.43e-08,-0.0120722664916757
2.44e-08,-0.0124941364916757
2.45e-08,-0.0112597664916757
2.46e-08,-0.0084941404916757
2.47e-08,-0.0053691404916757
2.48e-08,-0.004494140491675699
2.49e-08,-0.005806640491675699
2.5e-08,-0.0084941404916757
2.51e-08,-0.0096191404916757
2.52e-08,-0.0084941404916757
2.53e-08,-0.004666015491675699
2.54e-08,-0.0004941407967856996
2.55e-08,0.0034589845083243
2.56e-08,0.007505859508324301
2.57e-08,0.011787113508324301
2.58e-08,0.0155058635083243
2.59e-08,0.018427733508324298
2.6e-08,0.023505863508324298
2.61e-08,0.030333983508324298
2.62e-08,0.035505863508324305
2.63e-08,0.0336152335083243
2.64e-08,0.027505863508324298
2.65e-08,0.0204277335083243
2.66e-08,0.0155058635083243
2.67e-08,0.0124433635083243
2.68e-08,0.011505863508324301
2.69e-08,0.011787113508324301
2.7e-08,0.011505863508324301
2.71e-08,0.0095839835083243
2.72e-08,0.007505859508324301
2.73e-08,0.007021484508324301
2.74e-08,0.007505859508324301
2.75e-08,0.0078339845083243
2.76e-08,0.007505859508324301
2.77e-08,0.006224609508324301
2.78e-08,0.0035058595083243002
2.79e-08,-0.0005878908016756997
2.8e-08,-0.004494140491675699
2.81e-08,-0.006744140491675699
2.82e-08,-0.0084941404916757
2.83e-08,-0.010212890491675699
2.84e-08,-0.0124941364916757
2.85e-08,-0.0133847664916757
2.86e-08,-0.0124941364916757
2.87e-08,-0.009791015491675699
2.88e-08,-0.0084941404916757
2.89e-08,-0.007791015491675699
2.9e-08,-0.004494140491675699
2.91e-08,0.0026777345083243004
2.92e-08,0.007505859508324301
2.93e-08,0.0063496095083243
2.94e-08,0.0035058595083243002
2.95e-08,0.0046308595083243
2.96e-08,0.007505859508324301
2.97e-08,0.0081621095083243
2.98e-08,0.007505859508324301
2.99e-08,0.009849613508324301
3e-08,0.0155058635083243
3.01e-08,0.0220058635083243
3.02e-08,0.027505863508324298
3.03e-08,0.030458983508324298
3.04e-08,0.0315058635083243
3.05e-08,0.0320839835083243
3.06e-08,0.035505863508324305
3.07e-08,0.0405683635083243
3.08e-08,0.043505863508324305
3.09e-08,0.0396308635083243
3.1e-08,0.0315058635083243
3.11e-08,0.0233339835083243
3.12e-08,0.019505863508324298
3.13e-08,0.0201464835083243
3.14e-08,0.023505863508324298
3.15e-08,0.0264433635083243
3.16e-08,0.027505863508324298
3.17e-08,0.0260371135083243
3.18e-08,0.023505863508324298
3.19e-08,0.0201152335083243
3.2e-08,0.0155058635083243
3.21e-08,0.009599613508324301
3.22e-08,0.0035058595083243002
3.23e-08,-0.0014003907916756997
3.24e-08,-0.004494140491675699
3.25e-08,-0.006462890491675699
3.26e-08,-0.0084941404916757
3.27e-08,-0.0094941404916757
3.28e-08,-0.0084941404916757
3.29e-08,-0.005494140491675699
3.3e-08,-0.004494140491675699
3.31e-08,-0.008369140491675699
3.32e-08,-0.0164941364916757
3.33e-08,-0.023369136491675702
3.34e-08,-0.0244941364916757
3.35e-08,-0.019853516491675702
3.36e-08,-0.0164941364916757
3.37e-08,-0.0179316364916757
3.38e-08,-0.0204941364916757
3.39e-08,-0.018962886491675702
3.4e-08,-0.0164941364916757
3.41e-08,-0.0160566364916757
3.42e-08,-0.0164941364916757
3.43e-08,-0.0144003864916757
3.44e-08,-0.0124941364916757
3.45e-08,-0.0128066364916757
3.46e-08,-0.0124941364916757
3.47e-08,-0.0079472654916757
3.48e-08,-0.0004941407967856996
3.49e-08,0.005146484508324301
3.5e-08,0.007505859508324301
3.51e-08,0.007193359508324301
3.52e-08,0.007505859508324301
3.53e-08,0.0080839845083243
3.54e-08,0.007505859508324301
3.55e-08,0.0028339845083243005
3.56e-08,-0.004494140491675699
3.57e-08,-0.010853516491675699
3.58e-08,-0.0124941364916757
3.59e-08,-0.009931640491675699
3.6e-08,-0.0084941404916757
3.61e-08,-0.010212890491675699
3.62e-08,-0.0124941364916757
3.63e-08,-0.0111035164916757
3.64e-08,-0.0084941404916757
3.65e-08,-0.0078222654916757
3.66e-08,-0.0084941404916757
3.67e-08,-0.007353515491675699
3.68e-08,-0.004494140491675699
3.69e-08,-0.0007910157916756996
3.7e-08,0.0035058595083243002
3.71e-08,0.006302734508324301
3.72e-08,0.0035058595083243002
3.73e-08,-0.0051191404916757
3.74e-08,-0.0124941364916757
3.75e-08,-0.0117910164916757
3.76e-08,-0.004494140491675699
3.77e-08,0.0034433595083243
3.78e-08,0.007505859508324301
3.79e-08,0.007724609508324301
3.8e-08,0.007505859508324301
3.81e-08,0.0080371095083243
3.82e-08,0.007505859508324301
3.83e-08,0.004849609508324301
3.84e-08,0.0035058595083243002
3.85e-08,0.005333984508324301
3.86e-08,0.007505859508324301
3.87e-08,0.0058027345083243006
3.88e-08,0.0035058595083243002
3.89e-08,0.0034277345083243
3.9e-08,0.0035058595083243002
3.91e-08,0.0014589845083243004
3.92e-08,-0.0004941407967856996
3.93e-08,-0.0010410157916756996
3.94e-08,-0.004494140491675699
3.95e-08,-0.012728516491675699
3.96e-08,-0.0204941364916757
3.97e-08,-0.019931636491675703
3.98e-08,-0.0124941364916757
3.99e-08,-0.0040253904916756995
4e-08,-0.0004941407967856996
4.01e-08,-0.0018847654916756996
4.02e-08,-0.004494140491675699
4.03e-08,-0.0040410154916756995
4.04e-08,-0.0004941407967856996
4.05e-08,0.0032089845083243
4.06e-08,0.0035058595083243002
4.07e-08,0.0008183595083243005
4.08e-08,-0.0004941407967856996
4.09e-08,0.0014277345083243004
4.1e-08,0.0035058595083243002
4.11e-08,0.0033652345083243
4.12e-08,0.0035058595083243002
4.13e-08,0.006974609508324301
4.14e-08,0.011505863508324301
4.15e-08,0.0130839835083243
4.16e-08,0.011505863508324301
4.17e-08,0.010005863508324301
4.18e-08,0.011505863508324301
4.19e-08,0.0147246135083243
4.2e-08,0.0155058635083243
4.21e-08,0.012521483508324301
4.22e-08,0.011505863508324301
4.23e-08,0.0154433635083243
4.24e-08,0.019505863508324298
4.25e-08,0.0183183635083243
4.26e-08,0.0155058635083243
4.27e-08,0.0154277335083243
4.28e-08,0.0155058635083243
4.29e-08,0.011912113508324301
4.3e-08,0.007505859508324301
4.31e-08,0.0063808595083243
4.32e-08,0.007505859508324301
4.33e-08,0.0079121095083243
4.34e-08,0.007505859508324301
4.35e-08,0.0084746095083243
4.36e-08,0.011505863508324301
4.37e-08,0.013818363508324301
4.38e-08,0.011505863508324301
4.39e-08,0.0045683595083243
4.4e-08,-0.0004941407967856996
4.41e-08,0.0006933595083243003
4.42e-08,0.0035058595083243002
4.43e-08,0.0027558595083243004
4.44e-08,-0.0004941407967856996
4.45e-08,-0.0024316404916757
4.46e-08,-0.004494140491675699
4.47e-08,-0.007447265491675699
4.48e-08,-0.0084941404916757
4.49e-08,-0.0037441404916756993
4.5e-08,0.0035058595083243002
4.51e-08,0.0089277345083243
4.52e-08,0.011505863508324301
4.53e-08,0.012130863508324301
4.54e-08,0.011505863508324301
4.55e-08,0.009505859508324301
4.56e-08,0.007505859508324301
4.57e-08,0.0064746095083243
4.58e-08,0.007505859508324301
4.59e-08,0.0085214845083243
4.6e-08,0.007505859508324301
4.61e-08,0.0044433595083243
4.62e-08,0.0035058595083243002
4.63e-08,0.006130859508324301
4.64e-08,0.007505859508324301
4.65e-08,0.0031152345083243008
4.66e-08,-0.004494140491675699
4.67e-08,-0.0091816404916757
4.68e-08,-0.0084941404916757
4.69e-08,-0.0041816404916757
4.7e-08,-0.0004941407967856996
4.71e-08,0.0005371095083243004
4.72e-08,-0.0004941407967856996
4.73e-08,-0.0019316404916756996
4.74e-08,-0.004494140491675699
4.75e-08,-0.007587890491675699
4.76e-08,-0.0084941404916757
4.77e-08,-0.0060410154916756996
4.78e-08,-0.004494140491675699
4.79e-08,-0.005681640491675699
4.8e-08,-0.004494140491675699
4.81e-08,0.0019746095083243006
4.82e-08,0.007505859508324301
4.83e-08,0.0057089845083243005
4.84e-08,-0.0004941407967856996
4.85e-08,-0.0043378904916757
4.86e-08,-0.004494140491675699
4.87e-08,-0.0038378904916756993
4.88e-08,-0.004494140491675699
4.89e-08,-0.0053378904916757
4.9e-08,-0.004494140491675699
4.91e-08,-0.0009785157916756995
4.92e-08,0.0035058595083243002
4.93e-08,0.0067558595083243005
4.94e-08,0.007505859508324301
4.95e-08,0.007162109508324301
4.96e-08,0.007505859508324301
4.97e-08,0.0081777345083243
4.98e-08,0.007505859508324301
4.99e-08,0.004912109508324301
5e-08,0.0035058595083243002
5.01e-08,0.005880859508324301
5.02e-08,0.011505863508324301
5.03e-08,0.0157714835083243
5.04e-08,0.0155058635083243
5.05e-08,0.010958983508324301
5.06e-08,0.007505859508324301
5.07e-08,0.007490234508324301
5.08e-08,0.007505859508324301
5.09e-08,0.003943359508324301
5.1e-08,-0.0004941407967856996
5.11e-08,-0.002697265491675699
5.12e-08,-0.004494140491675699
5.13e-08,-0.007525390491675699
5.14e-08,-0.0084941404916757
5.15e-08,-0.004572265491675699
5.16e-08,-0.0004941407967856996
5.17e-08,-0.0010722657916756996
5.18e-08,-0.004494140491675699
5.19e-08,-0.0069628904916756995
5.2e-08,-0.0084941404916757
5.21e-08,-0.0107753864916757
5.22e-08,-0.0124941364916757
5.23e-08,-0.0124628864916757
5.24e-08,-0.0124941364916757
5.25e-08,-0.014291016491675699
5.26e-08,-0.0164941364916757
5.27e-08,-0.0178066364916757
5.28e-08,-0.0204941364916757
5.29e-08,-0.0251191364916757
5.3e-08,-0.0284941364916757
5.31e-08,-0.027150386491675702
5.32e-08,-0.0244941364916757
5.33e-08,-0.0227597664916757
5.34e-08,-0.0204941364916757
5.35e-08,-0.016603516491675702
5.36e-08,-0.0164941364916757
5.37e-08,-0.0214785164916757
5.38e-08,-0.0244941364916757
5.39e-08,-0.0195722664916757
5.4e-08,-0.0124941364916757
5.41e-08,-0.010634766491675699
5.42e-08,-0.0124941364916757
5.43e-08,-0.0121816364916757
5.44e-08,-0.0084941404916757
5.45e-08,-0.004853515491675699
5.46e-08,-0.004494140491675699
5.47e-08,-0.006791015491675699
5.48e-08,-0.0084941404916757
5.49e-08,-0.007400390491675699
5.5e-08,-0.004494140491675699
5.51e-08,-0.0020722654916756995
5.52e-08,-0.0004941407967856996
5.53e-08,0.002162109508324301
5.54e-08,0.007505859508324301
5.55e-08,0.0122402335083243
5.56e-08,0.011505863508324301
5.57e-08,0.004365234508324301
5.58e-08,-0.0004941407967856996
5.59e-08,0.002177734508324301
5.6e-08,0.007505859508324301
5.61e-08,0.007521484508324301
5.62e-08,0.0035058595083243002
5.63e-08,-0.0005722658016756996
5.64e-08,-0.004494140491675699
5.65e-08,-0.0093691404916757
5.66e-08,-0.0124941364916757
5.67e-08,-0.0111660164916757
5.68e-08,-0.0084941404916757
5.69e-08,-0.0079160154916757
5.7e-08,-0.0084941404916757
5.71e-08,-0.0082128904916757
5.72e-08,-0.0084941404916757
5.73e-08,-0.010306640491675699
5.74e-08,-0.0124941364916757
5.75e-08,-0.013837886491675699
5.76e-08,-0.0164941364916757
5.77e-08,-0.0211816364916757
5.78e-08,-0.0244941364916757
5.79e-08,-0.0223222664916757
5.8e-08,-0.0164941364916757
5.81e-08,-0.010978516491675699
5.82e-08,-0.0084941404916757
5.83e-08,-0.0092441404916757
5.84e-08,-0.0124941364916757
5.85e-08,-0.016009766491675702
5.86e-08,-0.0164941364916757
5.87e-08,-0.0138847664916757
5.88e-08,-0.0124941364916757
5.89e-08,-0.014572266491675699
5.9e-08,-0.0164941364916757
5.91e-08,-0.014916016491675699
5.92e-08,-0.0124941364916757
5.93e-08,-0.0131347664916757
5.94e-08,-0.0164941364916757
5.95e-08,-0.0182441364916757
5.96e-08,-0.0164941364916757
5.97e-08,-0.0122441364916757
5.98e-08,-0.0084941404916757
5.99e-08,-0.0072285154916757
6e-08,-0.0084941404916757
6.01e-08,-0.0097128904916757
6.02e-08,-0.0084941404916757
6.03e-08,-0.005509765491675699
6.04e-08,-0.004494140491675699
6.05e-08,-0.0069160154916756995
6.06e-08,-0.0084941404916757
6.07e-08,-0.005759765491675699
6.08e-08,-0.0004941407967856996
6.09e-08,0.0027871095083243005
6.1e-08,0.0035058595083243002
6.11e-08,0.0023183595083243
6.12e-08,-0.0004941407967856996
6.13e-08,-0.0049628904916756995
6.14e-08,-0.0084941404916757
6.15e-08,-0.0091816404916757
6.16e-08,-0.0084941404916757
6.17e-08,-0.0082441404916757
6.18e-08,-0.0084941404916757
6.19e-08,-0.008353515491675699
6.2e-08,-0.0084941404916757
6.21e-08,-0.0089628904916757
6.22e-08,-0.0084941404916757
6.23e-08,-0.0063222654916757
6.24e-08,-0.004494140491675699
6.25e-08,-0.004556640491675699
6.26e-08,-0.004494140491675699
6.27e-08,-0.0035566404916757
6.28e-08,-0.004494140491675699
6.29e-08,-0.0088847654916757
6.3e-08,-0.0124941364916757
6.31e-08,-0.0124628864916757
6.32e-08,-0.0124941364916757
6.33e-08,-0.0151972664916757
6.34e-08,-0.0164941364916757
6.35e-08,-0.0125878864916757
6.36e-08,-0.0084941404916757
6.37e-08,-0.0092441404916757
6.38e-08,-0.0124941364916757
6.39e-08,-0.0130878864916757
6.4e-08,-0.0124941364916757
6.41e-08,-0.0127441364916757
6.42e-08,-0.0124941364916757
6.43e-08,-0.010119140491675699
6.44e-08,-0.0084941404916757
6.45e-08,-0.0091347654916757
6.46e-08,-0.0084941404916757
6.47e-08,-0.0032910154916756997
6.48e-08,0.0035058595083243002
6.49e-08,0.006162109508324301
6.5e-08,0.0035058595083243002
6.51e-08,-0.0015253904916756997
6.52e-08,-0.004494140491675699
6.53e-08,-0.003666015491675699
6.54e-08,-0.0004941407967856996
6.55e-08,0.0011777345083243003
6.56e-08,-0.0004941407967856996
6.57e-08,-0.0039941404916756995
6.58e-08,-0.004494140491675699
6.59e-08,-0.0004628907916756996
6.6e-08,0.0035058595083243002
6.61e-08,0.0030371095083243007
6.62e-08,-0.0004941407967856996
6.63e-08,-0.004509765491675699
6.64e-08,-0.0084941404916757
6.65e-08,-0.0123691364916757
6.66e-08,-0.0124941364916757
6.67e-08,-0.0071035154916757
6.68e-08,-0.0004941407967856996
6.69e-08,0.0006152345083243003
6.7e-08,-0.004494140491675699
6.71e-08,-0.012916016491675699
6.72e-08,-0.0204941364916757
6.73e-08,-0.0244628864916757
6.74e-08,-0.0244941364916757
6.75e-08,-0.0229472664916757
6.76e-08,-0.0244941364916757
6.77e-08,-0.0293222664916757
6.78e-08,-0.0324941364916757
6.79e-08,-0.0302597664916757
6.8e-08,-0.0284941364916757
6.81e-08,-0.0301347664916757
6.82e-08,-0.0324941364916757
6.83e-08,-0.030587886491675702
6.84e-08,-0.0284941364916757
6.85e-08,-0.0289785164916757
6.86e-08,-0.0284941364916757
6.87e-08,-0.0216972664916757
6.88e-08,-0.0124941364916757
6.89e-08,-0.006587890491675699
6.9e-08,-0.004494140491675699
6.91e-08,-0.0040878904916756996
6.92e-08,-0.004494140491675699
6.93e-08,-0.005509765491675699
6.94e-08,-0.004494140491675699
6.95e-08,-0.0006660157916756997
6.96e-08,0.0035058595083243002
6.97e-08,0.004302734508324301
6.98e-08,0.0035058595083243002
6.99e-08,0.0028339845083243005
7e-08,0.0035058595083243002
7.01e-08,0.004880859508324301
7.02e-08,0.007505859508324301
7.03e-08,0.009443359508324301
7.04e-08,0.007505859508324301
7.05e-08,-0.00015039079167569963
7.06e-08,-0.0084941404916757
7.07e-08,-0.012759766491675699
7.08e-08,-0.0124941364916757
7.09e-08,-0.010306640491675699
7.1e-08,-0.0084941404916757
7.11e-08,-0.007791015491675699
7.12e-08,-0.0084941404916757
7.13e-08,-0.0113222664916757
7.14e-08,-0.0164941364916757
7.15e-08,-0.0218535164916757
7.16e-08,-0.0244941364916757
7.17e-08,-0.022869136491675702
7.18e-08,-0.0204941364916757
7.19e-08,-0.020978516491675703
7.2e-08,-0.0244941364916757
7.21e-08,-0.027650386491675703
7.22e-08,-0.0284941364916757
7.23e-08,-0.0264472664916757
7.24e-08,-0.0244941364916757
7.25e-08,-0.023916016491675702
7.26e-08,-0.0244941364916757
7.27e-08,-0.0245253864916757
7.28e-08,-0.0244941364916757
7.29e-08,-0.023556636491675702
7.3e-08,-0.0204941364916757
7.31e-08,-0.0152910164916757
7.32e-08,-0.0124941364916757
7.33e-08,-0.0141816364916757
7.34e-08,-0.0164941364916757
7.35e-08,-0.014541016491675699
7.36e-08,-0.0084941404916757
7.37e-08,-0.0028535154916756993
7.38e-08,-0.0004941407967856996
7.39e-08,-0.0009785157916756995
7.4e-08,-0.0004941407967856996
7.41e-08,0.0018808595083243003
7.42e-08,0.0035058595083243002
7.43e-08,0.0008339845083243005
7.44e-08,-0.004494140491675699
7.45e-08,-0.0085878904916757
7.46e-08,-0.0084941404916757
7.47e-08,-0.004884765491675699
7.48e-08,-0.0004941407967856996
7.49e-08,0.0024433595083243
7.5e-08,0.0035058595083243002
7.51e-08,0.0025996095083243003
7.52e-08,-0.0004941407967856996
7.53e-08,-0.0051191404916757
7.54e-08,-0.0084941404916757
7.55e-08,-0.0079628904916757
7.56e-08,-0.004494140491675699
7.57e-08,-0.0012753907916756998
7.58e-08,-0.0004941407967856996
7.59e-08,-0.0021972654916756996
7.6e-08,-0.004494140491675699
7.61e-08,-0.0052441404916757
7.62e-08,-0.004494140491675699
7.63e-08,-0.0035253904916757
7.64e-08,-0.004494140491675699
7.65e-08,-0.0069628904916756995
7.66e-08,-0.0084941404916757
7.67e-08,-0.007337890491675699
7.68e-08,-0.004494140491675699
7.69e-08,-0.0019941404916756994
7.7e-08,-0.0004941407967856996
7.71e-08,0.0008027345083243004
7.72e-08,0.0035058595083243002
7.73e-08,0.0055683595083243
7.74e-08,0.0035058595083243002
7.75e-08,-0.0032128904916756997
7.76e-08,-0.0084941404916757
7.77e-08,-0.0088535154916757
7.78e-08,-0.0084941404916757
7.79e-08,-0.0120566364916757
7.8e-08,-0.0164941364916757
7.81e-08,-0.016322266491675702
7.82e-08,-0.0124941364916757
7.83e-08,-0.0090253904916757
7.84e-08,-0.0084941404916757
7.85e-08,-0.009884765491675699
7.86e-08,-0.0124941364916757
7.87e-08,-0.0149785164916757
7.88e-08,-0.0164941364916757
7.89e-08,-0.0166816364916757
7.9e-08,-0.0164941364916757
7.91e-08,-0.015244136491675699
7.92e-08,-0.0124941364916757
7.93e-08,-0.0080566404916757
7.94e-08,-0.004494140491675699
7.95e-08,-0.0042753904916757
7.96e-08,-0.0084941404916757
7.97e-08,-0.0131191364916757
7.98e-08,-0.0124941364916757
7.99e-08,-0.004791015491675699
8e-08,0.0035058595083243002
8.01e-08,0.006818359508324301
8.02e-08,0.007505859508324301
8.03e-08,0.009271484508324301
8.04e-08,0.011505863508324301
8.05e-08,0.0114589835083243
8.06e-08,0.011505863508324301
8.07e-08,0.013474613508324301
8.08e-08,0.0155058635083243
8.09e-08,0.0140839835083243
8.1e-08,0.011505863508324301
8.11e-08,0.009537113508324301
8.12e-08,0.007505859508324301
8.13e-08,0.0045058595083243
8.14e-08,0.0035058595083243002
8.15e-08,0.0057089845083243005
8.16e-08,0.007505859508324301
8.17e-08,0.005880859508324301
8.18e-08,0.0035058595083243002
8.19e-08,0.0034121095083243
8.2e-08,0.0035058595083243002
8.21e-08,0.0004902342083243003
8.22e-08,-0.004494140491675699
8.23e-08,-0.0079003904916757
8.24e-08,-0.0084941404916757
8.25e-08,-0.006822265491675699
8.26e-08,-0.004494140491675699
8.27e-08,-0.0029316404916756994
8.28e-08,-0.004494140491675699
8.29e-08,-0.0085410154916757
8.3e-08,-0.0124941364916757
8.31e-08,-0.013306636491675699
8.32e-08,-0.0124941364916757
8.33e-08,-0.0108691364916757
8.34e-08,-0.0084941404916757
8.35e-08,-0.004556640491675699
8.36e-08,-0.0004941407967856996
8.37e-08,0.002193359508324301
8.38e-08,0.0035058595083243002
8.39e-08,0.005146484508324301
8.4e-08,0.007505859508324301
8.41e-08,0.009099609508324301
8.42e-08,0.007505859508324301
8.43e-08,0.0028339845083243005
8.44e-08,-0.0004941407967856996
8.45e-08,0.0013339845083243005
8.46e-08,0.007505859508324301
8.47e-08,0.0143339835083243
8.48e-08,0.019505863508324298
8.49e-08,0.0222871135083243
8.5e-08,0.023505863508324298
8.51e-08,0.022396483508324298
8.52e-08,0.019505863508324298
8.53e-08,0.0149433635083243
8.54e-08,0.011505863508324301
8.55e-08,0.0105058635083243
8.56e-08,0.011505863508324301
8.57e-08,0.0122871135083243
8.58e-08,0.011505863508324301
8.59e-08,0.0086152345083243
8.6e-08,0.0035058595083243002
8.61e-08,-0.0018222654916756997
8.62e-08,-0.004494140491675699
8.63e-08,-0.0019785154916756994
8.64e-08,0.0035058595083243002
8.65e-08,0.0086464845083243
8.66e-08,0.011505863508324301
8.67e-08,0.0112871135083243
8.68e-08,0.007505859508324301
8.69e-08,0.0022558595083243
8.7e-08,-0.0004941407967856996
8.71e-08,0.00020898420832430036
8.72e-08,-0.0004941407967856996
8.73e-08,-0.0049316404916756994
8.74e-08,-0.0084941404916757
8.75e-08,-0.004853515491675699
8.76e-08,0.0035058595083243002
8.77e-08,0.0105058635083243
8.78e-08,0.011505863508324301
8.79e-08,0.007755859508324301
8.8e-08,0.0035058595083243002
8.81e-08,0.0031933595083243
8.82e-08,0.007505859508324301
8.83e-08,0.0141152335083243
8.84e-08,0.019505863508324298
8.85e-08,0.0211777335083243
8.86e-08,0.019505863508324298
8.87e-08,0.0164433635083243
8.88e-08,0.0155058635083243
8.89e-08,0.0175996135083243
8.9e-08,0.019505863508324298
8.91e-08,0.0192402335083243
8.92e-08,0.019505863508324298
8.93e-08,0.0218339835083243
8.94e-08,0.023505863508324298
8.95e-08,0.022708983508324298
8.96e-08,0.023505863508324298
8.97e-08,0.0279589835083243
8.98e-08,0.0315058635083243
8.99e-08,0.0288027335083243
9e-08,0.023505863508324298
9.01e-08,0.0212246135083243
9.02e-08,0.023505863508324298
9.03e-08,0.0256777335083243
9.04e-08,0.023505863508324298
9.05e-08,0.0169746135083243
9.06e-08,0.011505863508324301
9.07e-08,0.0106933635083243
9.08e-08,0.011505863508324301
9.09e-08,0.0103027335083243
9.1e-08,0.007505859508324301
9.11e-08,0.0066933595083243005
9.12e-08,0.007505859508324301
9.13e-08,0.0082714845083243
9.14e-08,0.007505859508324301
9.15e-08,0.006865234508324301
9.16e-08,0.007505859508324301
9.17e-08,0.0099589835083243
9.18e-08,0.011505863508324301
9.19e-08,0.0113496135083243
9.2e-08,0.011505863508324301
9.21e-08,0.013693363508324301
9.22e-08,0.0155058635083243
9.23e-08,0.0151308635083243
9.24e-08,0.0155058635083243
9.25e-08,0.019052733508324298
9.26e-08,0.023505863508324298
9.27e-08,0.0248652335083243
9.28e-08,0.023505863508324298
9.29e-08,0.0212246135083243
9.3e-08,0.019505863508324298
9.31e-08,0.0178183635083243
9.32e-08,0.0155058635083243
9.33e-08,0.0139902335083243
9.34e-08,0.0155058635083243
9.35e-08,0.019193363508324297
9.36e-08,0.019505863508324298
9.37e-08,0.014865233508324301
9.38e-08,0.011505863508324301
9.39e-08,0.015662113508324298
9.4e-08,0.023505863508324298
9.41e-08,0.0281308635083243
9.42e-08,0.027505863508324298
9.43e-08,0.0247246135083243
9.44e-08,0.023505863508324298
9.45e-08,0.0237714835083243
9.46e-08,0.023505863508324298
9.47e-08,0.0222246135083243
9.48e-08,0.023505863508324298
9.49e-08,0.0280214835083243
9.5e-08,0.0315058635083243
9.51e-08,0.0291464835083243
9.52e-08,0.023505863508324298
9.53e-08,0.019755863508324298
9.54e-08,0.019505863508324298
9.55e-08,0.019380863508324297
9.56e-08,0.0155058635083243
9.57e-08,0.009380859508324301
9.58e-08,0.007505859508324301
9.59e-08,0.0132871135083243
9.6e-08,0.019505863508324298
9.61e-08,0.019693363508324298
9.62e-08,0.0155058635083243
9.63e-08,0.0127871135083243
9.64e-08,0.011505863508324301
9.65e-08,0.0103652335083243
9.66e-08,0.011505863508324301
9.67e-08,0.0170683635083243
9.68e-08,0.023505863508324298
9.69e-08,0.0265996135083243
9.7e-08,0.027505863508324298
9.71e-08,0.026943363508324297
9.72e-08,0.023505863508324298
9.73e-08,0.0165214835083243
9.74e-08,0.011505863508324301
9.75e-08,0.0121933635083243
9.76e-08,0.0155058635083243
9.77e-08,0.0166777335083243
9.78e-08,0.0155058635083243
9.79e-08,0.0140214835083243
9.8e-08,0.011505863508324301
9.81e-08,0.007505859508324301
9.82e-08,0.0035058595083243002
9.83e-08,0.0035214845083243003
9.84e-08,0.007505859508324301
9.85e-08,0.013974613508324301
9.86e-08,0.019505863508324298
9.87e-08,0.0214277335083243
9.88e-08,0.019505863508324298
9.89e-08,0.0163027335083243
9.9e-08,0.0155058635083243
9.91e-08,0.0186621135083243
9.92e-08,0.023505863508324298
9.93e-08,0.0256308635083243
9.94e-08,0.023505863508324298
9.95e-08,0.018552733508324298
9.96e-08,0.0155058635083243
9.97e-08,0.0165527335083243
9.98e-08,0.019505863508324298
9.99e-08,0.0208808635083243
1e-07,0.019505863508324298
1.001e-07,0.0169433635083243
1.002e-07,0.0155058635083243
1.003e-07,0.0154433635083243
1.004e-07,0.0155058635083243
1.005e-07,0.0151308635083243
1.006e-07,0.0155058635083243
1.007e-07,0.0173496135083243
1.008e-07,0.019505863508324298
1.009e-07,0.019099613508324297
1.01e-07,0.0155058635083243
1.011e-07,0.010552733508324301
1.012e-07,0.007505859508324301
1.013e-07,0.007365234508324301
1.014e-07,0.007505859508324301
1.015e-07,0.005912109508324301
1.016e-07,0.0035058595083243002
1.017e-07,0.0027871095083243005
1.018e-07,0.0035058595083243002
1.019e-07,0.004287109508324301
1.02e-07,0.0035058595083243002
1.021e-07,0.0026308595083243003
1.022e-07,0.0035058595083243002
1.023e-07,0.0064277345083243
1.024e-07,0.007505859508324301
1.025e-07,0.005271484508324301
1.026e-07,0.0035058595083243002
1.027e-07,0.005365234508324301
1.028e-07,0.007505859508324301
1.029e-07,0.007193359508324301
1.03e-07,0.007505859508324301
1.031e-07,0.0114433635083243
1.032e-07,0.0155058635083243
1.033e-07,0.0149433635083243
1.034e-07,0.011505863508324301
1.035e-07,0.009912113508324301
1.036e-07,0.011505863508324301
1.037e-07,0.0141621135083243
1.038e-07,0.0155058635083243
1.039e-07,0.014396483508324301
1.04e-07,0.011505863508324301
1.041e-07,0.009443359508324301
1.042e-07,0.011505863508324301
1.043e-07,0.0166621135083243
1.044e-07,0.019505863508324298
1.045e-07,0.0174433635083243
1.046e-07,0.0155058635083243
1.047e-07,0.0173339835083243
1.048e-07,0.019505863508324298
1.049e-07,0.0168183635083243
1.05e-07,0.011505863508324301
1.051e-07,0.0079746095083243
1.052e-07,0.007505859508324301
1.053e-07,0.007755859508324301
1.054e-07,0.007505859508324301
1.055e-07,0.007193359508324301
1.056e-07,0.007505859508324301
1.057e-07,0.007240234508324301
1.058e-07,0.0035058595083243002
1.059e-07,-0.0033691404916757
1.06e-07,-0.0084941404916757
1.061e-07,-0.007541015491675699
1.062e-07,-0.004494140491675699
1.063e-07,-0.0036035154916757
1.064e-07,-0.004494140491675699
1.065e-07,-0.0042753904916757
1.066e-07,-0.004494140491675699
1.067e-07,-0.005416015491675699
1.068e-07,-0.004494140491675699
1.069e-07,5.859208324300396e-06
1.07e-07,0.0035058595083243002
1.071e-07,0.0023808595083243
1.072e-07,-0.0004941407967856996
1.073e-07,-0.0003222657916756996
1.074e-07,0.0035058595083243002
1.075e-07,0.007271484508324301
1.076e-07,0.007505859508324301
1.077e-07,0.0047871095083243005
1.078e-07,0.0035058595083243002
1.079e-07,0.0055058595083243
1.08e-07,0.007505859508324301
1.081e-07,0.006162109508324301
1.082e-07,0.0035058595083243002
1.083e-07,0.003974609508324301
1.084e-07,0.007505859508324301
1.085e-07,0.010802733508324301
1.086e-07,0.011505863508324301
1.087e-07,0.0098339835083243
1.088e-07,0.007505859508324301
1.089e-07,0.007427734508324301
1.09e-07,0.011505863508324301
1.091e-07,0.0173808635083243
1.092e-07,0.019505863508324298
1.093e-07,0.0155527335083243
1.094e-07,0.011505863508324301
1.095e-07,0.012099613508324301
1.096e-07,0.0155058635083243
1.097e-07,0.0166621135083243
1.098e-07,0.0155058635083243
1.099e-07,0.0136777335083243
1.1e-07,0.011505863508324301
1.101e-07,0.0078027345083243015
1.102e-07,0.0035058595083243002
1.103e-07,0.0005058592083243003
1.104e-07,-0.0004941407967856996
1.105e-07,-0.00015039079167569963
1.106e-07,-0.0004941407967856996
1.107e-07,-0.0012441407916756997
1.108e-07,-0.0004941407967856996
1.109e-07,0.0023027345083243
1.11e-07,0.0035058595083243002
1.111e-07,0.0003964842083243004
1.112e-07,-0.004494140491675699
1.113e-07,-0.006494140491675699
1.114e-07,-0.004494140491675699
1.115e-07,-0.0012910157916756996
1.116e-07,-0.0004941407967856996
1.117e-07,-0.0034628904916757
1.118e-07,-0.0084941404916757
1.119e-07,-0.0121816364916757
1.12e-07,-0.0124941364916757
1.121e-07,-0.010072265491675699
1.122e-07,-0.0084941404916757
1.123e-07,-0.0086503904916757
1.124e-07,-0.0084941404916757
1.125e-07,-0.0061503904916757
1.126e-07,-0.004494140491675699
1.127e-07,-0.005791015491675699
1.128e-07,-0.0084941404916757
1.129e-07,-0.0091972654916757
1.13e-07,-0.0084941404916757
1.131e-07,-0.0071972654916757
1.132e-07,-0.004494140491675699
1.133e-07,8.398420832430036e-05
1.134e-07,0.0035058595083243002
1.135e-07,0.0038183595083243005
1.136e-07,0.0035058595083243002
1.137e-07,0.005052734508324301
1.138e-07,0.007505859508324301
1.139e-07,0.0082402345083243
1.14e-07,0.007505859508324301
1.141e-07,0.0066777345083243005
1.142e-07,0.007505859508324301
1.143e-07,0.0083496095083243
1.144e-07,0.007505859508324301
1.145e-07,0.0047871095083243005
1.146e-07,0.0035058595083243002
1.147e-07,0.005333984508324301
1.148e-07,0.007505859508324301
1.149e-07,0.0055996095083243
1.15e-07,-0.0004941407967856996
1.151e-07,-0.006572265491675699
1.152e-07,-0.0084941404916757
1.153e-07,-0.0051347654916757
1.154e-07,-0.0004941407967856996
1.155e-07,0.0014277345083243004
1.156e-07,-0.0004941407967856996
1.157e-07,-0.0036191404916757
1.158e-07,-0.004494140491675699
1.159e-07,-0.0024941404916757
1.16e-07,-0.0004941407967856996
1.161e-07,-0.0003222657916756996
1.162e-07,-0.0004941407967856996
1.163e-07,5.273420832430033e-05
1.164e-07,-0.0004941407967856996
1.165e-07,-0.0040253904916756995
1.166e-07,-0.0084941404916757
1.167e-07,-0.010072265491675699
1.168e-07,-0.0084941404916757
1.169e-07,-0.005697265491675699
1.17e-07,-0.004494140491675699
1.171e-07,-0.004744140491675699
1.172e-07,-0.004494140491675699
1.173e-07,-0.0023535154916756998
1.174e-07,-0.0004941407967856996
1.175e-07,-0.0004628907916756996
1.176e-07,-0.0004941407967856996
1.177e-07,0.0013652345083243003
1.178e-07,0.0035058595083243002
1.179e-07,0.0036777345083243004
1.18e-07,0.0035058595083243002
1.181e-07,0.004068359508324301
1.182e-07,0.0035058595083243002
1.183e-07,0.0009277345083243003
1.184e-07,-0.0004941407967856996
1.185e-07,0.0015214845083243004
1.186e-07,0.0035058595083243002
1.187e-07,0.002162109508324301
1.188e-07,-0.0004941407967856996
1.189e-07,-0.00029101579167569965
1.19e-07,0.0035058595083243002
1.191e-07,0.0084433595083243
1.192e-07,0.011505863508324301
1.193e-07,0.0118339835083243
1.194e-07,0.011505863508324301
1.195e-07,0.010708983508324301
1.196e-07,0.007505859508324301
1.197e-07,0.0019433595083243004
1.198e-07,-0.0004941407967856996
1.199e-07,0.0030058595083243007
1.2e-07,0.007505859508324301
1.201e-07,0.007240234508324301
1.202e-07,0.0035058595083243002
1.203e-07,0.0017246095083243002
1.204e-07,0.0035058595083243002
1.205e-07,0.0056621095083243
1.206e-07,0.0035058595083243002
1.207e-07,-0.0020566404916756995
1.208e-07,-0.004494140491675699
1.209e-07,0.0003808592083243004
1.21e-07,0.007505859508324301
1.211e-07,0.0098964835083243
1.212e-07,0.007505859508324301
1.213e-07,0.0046152345083243
1.214e-07,0.0035058595083243002
1.215e-07,0.0034277345083243
1.216e-07,0.0035058595083243002
1.217e-07,0.0036933595083243004
1.218e-07,0.0035058595083243002
1.219e-07,0.0031308595083243008
1.22e-07,0.0035058595083243002
1.221e-07,0.004302734508324301
1.222e-07,0.0035058595083243002
1.223e-07,0.0019902345083243006
1.224e-07,0.0035058595083243002
1.225e-07,0.0087089845083243
1.226e-07,0.011505863508324301
1.227e-07,0.0079277345083243
1.228e-07,0.0035058595083243002
1.229e-07,0.004224609508324301
1.23e-07,0.007505859508324301
1.231e-07,0.0083183595083243
1.232e-07,0.007505859508324301
1.233e-07,0.007755859508324301
1.234e-07,0.007505859508324301
1.235e-07,0.005302734508324301
1.236e-07,0.0035058595083243002
1.237e-07,0.004974609508324301
1.238e-07,0.007505859508324301
1.239e-07,0.0082558595083243
1.24e-07,0.007505859508324301
1.241e-07,0.0079433595083243
1.242e-07,0.011505863508324301
1.243e-07,0.0165527335083243
1.244e-07,0.019505863508324298
1.245e-07,0.0181621135083243
1.246e-07,0.0155058635083243
1.247e-07,0.0133964835083243
1.248e-07,0.011505863508324301
1.249e-07,0.007771484508324301
1.25e-07,0.0035058595083243002
1.251e-07,0.0016933595083243006
1.252e-07,0.0035058595083243002
1.253e-07,0.0058183595083243006
1.254e-07,0.0035058595083243002
1.255e-07,-0.0033847654916757
1.256e-07,-0.0084941404916757
1.257e-07,-0.0062441404916757
1.258e-07,-0.0004941407967856996
1.259e-07,0.0020839845083243007
1.26e-07,-0.0004941407967856996
1.261e-07,-0.0041191404916757
1.262e-07,-0.004494140491675699
1.263e-07,-0.0016503904916756996
1.264e-07,-0.0004941407967856996
1.265e-07,-0.0037441404916756993
1.266e-07,-0.0084941404916757
1.267e-07,-0.010009765491675699
1.268e-07,-0.0084941404916757
1.269e-07,-0.0063222654916757
1.27e-07,-0.004494140491675699
1.271e-07,-0.0023222654916756997
1.272e-07,-0.0004941407967856996
1.273e-07,3.7109208324300424e-05
1.274e-07,-0.0004941407967856996
1.275e-07,-0.0009003907916756997
1.276e-07,-0.0004941407967856996
1.277e-07,0.00022460920832430037
1.278e-07,-0.0004941407967856996
1.279e-07,-0.0028066404916756993
1.28e-07,-0.004494140491675699
1.281e-07,-0.0034941404916757
1.282e-07,-0.0004941407967856996
1.283e-07,0.0023183595083243
1.284e-07,0.0035058595083243002
1.285e-07,0.004380859508324301
1.286e-07,0.007505859508324301
1.287e-07,0.011505863508324301
1.288e-07,0.011505863508324301
1.289e-07,0.005240234508324301
1.29e-07,-0.0004941407967856996
1.291e-07,-7.226579167569962e-05
1.292e-07,0.0035058595083243002
1.293e-07,0.0046308595083243
1.294e-07,0.0035058595083243002
1.295e-07,0.0020996095083243007
1.296e-07,-0.0004941407967856996
1.297e-07,-0.0051347654916757
1.298e-07,-0.0084941404916757
1.299e-07,-0.0063378904916757
1.3e-07,-0.0004941407967856996
1.301e-07,0.003990234508324301
1.302e-07,0.0035058595083243002
1.303e-07,-0.0018691404916756995
1.304e-07,-0.0084941404916757
1.305e-07,-0.0114472664916757
1.306e-07,-0.0084941404916757
1.307e-07,-0.0025410154916757
1.308e-07,-0.0004941407967856996
1.309e-07,-0.004509765491675699
1.31e-07,-0.0084941404916757
1.311e-07,-0.007400390491675699
1.312e-07,-0.004494140491675699
1.313e-07,-0.004900390491675699
1.314e-07,-0.0084941404916757
1.315e-07,-0.0104628904916757
1.316e-07,-0.0084941404916757
1.317e-07,-0.0050566404916756996
1.318e-07,-0.004494140491675699
1.319e-07,-0.007337890491675699
1.32e-07,-0.0084941404916757
1.321e-07,-0.004744140491675699
1.322e-07,-0.0004941407967856996
1.323e-07,-0.0009160157916756997
1.324e-07,-0.004494140491675699
1.325e-07,-0.006853515491675699
1.326e-07,-0.0084941404916757
1.327e-07,-0.0108691364916757
1.328e-07,-0.0124941364916757
1.329e-07,-0.011009766491675699
1.33e-07,-0.0084941404916757
1.331e-07,-0.005697265491675699
1.332e-07,-0.0004941407967856996
1.333e-07,0.007162109508324301
1.334e-07,0.011505863508324301
1.335e-07,0.0086152345083243
1.336e-07,0.0035058595083243002
1.337e-07,0.0019433595083243004
1.338e-07,0.0035058595083243002
1.339e-07,0.004052734508324301
1.34e-07,0.0035058595083243002
1.341e-07,0.0032871095083243
1.342e-07,0.0035058595083243002
1.343e-07,0.0033183595083243
1.344e-07,0.0035058595083243002
1.345e-07,0.004224609508324301
1.346e-07,0.0035058595083243002
1.347e-07,0.0008964845083243003
1.348e-07,-0.0004941407967856996
1.349e-07,0.0011308595083243003
1.35e-07,0.0035058595083243002
1.351e-07,0.0038964845083243006
1.352e-07,0.0035058595083243002
1.353e-07,0.004021484508324301
1.354e-07,0.0035058595083243002
1.355e-07,0.0001308592083243004
1.356e-07,-0.004494140491675699
1.357e-07,-0.007337890491675699
1.358e-07,-0.0084941404916757
1.359e-07,-0.0079628904916757
1.36e-07,-0.004494140491675699
1.361e-07,0.0021308595083243008
1.362e-07,0.007505859508324301
1.363e-07,0.0085839845083243
1.364e-07,0.007505859508324301
1.365e-07,0.0064433595083243
1.366e-07,0.0035058595083243002
1.367e-07,-0.0017441404916756996
1.368e-07,-0.004494140491675699
1.369e-07,-0.0013222657916756996
1.37e-07,0.0035058595083243002
1.371e-07,0.0047089845083243004
1.372e-07,0.0035058595083243002
1.373e-07,0.004287109508324301
1.374e-07,0.007505859508324301
1.375e-07,0.010615233508324301
1.376e-07,0.011505863508324301
1.377e-07,0.010005863508324301
1.378e-07,0.007505859508324301
1.379e-07,0.006146484508324301
1.38e-07,0.007505859508324301
1.381e-07,0.0103964835083243
1.382e-07,0.011505863508324301
1.383e-07,0.009599613508324301
1.384e-07,0.007505859508324301
1.385e-07,0.0082558595083243
1.386e-07,0.011505863508324301
1.387e-07,0.014552733508324301
1.388e-07,0.0155058635083243
1.389e-07,0.015162113508324299
1.39e-07,0.0155058635083243
1.391e-07,0.0163808635083243
1.392e-07,0.0155058635083243
1.393e-07,0.0116152335083243
1.394e-07,0.007505859508324301
1.395e-07,0.007224609508324301
1.396e-07,0.011505863508324301
1.397e-07,0.0169589835083243
1.398e-07,0.019505863508324298
1.399e-07,0.0179746135083243
1.4e-07,0.0155058635083243
1.401e-07,0.014990233508324301
1.402e-07,0.0155058635083243
1.403e-07,0.014552733508324301
1.404e-07,0.011505863508324301
1.405e-07,0.0084902345083243
1.406e-07,0.007505859508324301
1.407e-07,0.009115234508324301
1.408e-07,0.011505863508324301
1.409e-07,0.013662113508324301
1.41e-07,0.0155058635083243
1.411e-07,0.0175996135083243
1.412e-07,0.019505863508324298
1.413e-07,0.0201464835083243
1.414e-07,0.019505863508324298
1.415e-07,0.0187246135083243
1.416e-07,0.019505863508324298
1.417e-07,0.0207871135083243
1.418e-07,0.019505863508324298
1.419e-07,0.014958983508324301
1.42e-07,0.011505863508324301
1.421e-07,0.012646483508324301
1.422e-07,0.0155058635083243
1.423e-07,0.016255863508324298
1.424e-07,0.0155058635083243
1.425e-07,0.0164746135083243
1.426e-07,0.019505863508324298
1.427e-07,0.0224433635083243
1.428e-07,0.023505863508324298
1.429e-07,0.022302733508324298
1.43e-07,0.019505863508324298
1.431e-07,0.0167714835083243
1.432e-07,0.0155058635083243
1.433e-07,0.015755863508324298
1.434e-07,0.0155058635083243
1.435e-07,0.0146621135083243
1.436e-07,0.0155058635083243
1.437e-07,0.0193652335083243
1.438e-07,0.023505863508324298
1.439e-07,0.0256621135083243
1.44e-07,0.027505863508324298
1.441e-07,0.030083983508324297
1.442e-07,0.0315058635083243
1.443e-07,0.0287089835083243
1.444e-07,0.023505863508324298
1.445e-07,0.0196152335083243
1.446e-07,0.019505863508324298
1.447e-07,0.0207714835083243
1.448e-07,0.019505863508324298
1.449e-07,0.0148183635083243
1.45e-07,0.011505863508324301
1.451e-07,0.0140839835083243
1.452e-07,0.019505863508324298
1.453e-07,0.0221308635083243
1.454e-07,0.019505863508324298
1.455e-07,0.013662113508324301
1.456e-07,0.007505859508324301
1.457e-07,0.0046464845083243
1.458e-07,0.007505859508324301
1.459e-07,0.014802733508324301
1.46e-07,0.019505863508324298
1.461e-07,0.0182871135083243
1.462e-07,0.0155058635083243
1.463e-07,0.0153339835083243
1.464e-07,0.0155058635083243
1.465e-07,0.0131621135083243
1.466e-07,0.011505863508324301
1.467e-07,0.014490233508324301
1.468e-07,0.019505863508324298
1.469e-07,0.0211777335083243
1.47e-07,0.019505863508324298
1.471e-07,0.0161464835083243
1.472e-07,0.011505863508324301
1.473e-07,0.007412109508324301
1.474e-07,0.007505859508324301
1.475e-07,0.0124121135083243
1.476e-07,0.0155058635083243
1.477e-07,0.0124121135083243
1.478e-07,0.007505859508324301
1.479e-07,0.007271484508324301
1.48e-07,0.011505863508324301
1.481e-07,0.0163808635083243
1.482e-07,0.019505863508324298
1.483e-07,0.0205527335083243
1.484e-07,0.019505863508324298
1.485e-07,0.0158964835083243
1.486e-07,0.011505863508324301
1.487e-07,0.0082714845083243
1.488e-07,0.007505859508324301
1.489e-07,0.0090683595083243
1.49e-07,0.011505863508324301
1.491e-07,0.0126933635083243
1.492e-07,0.011505863508324301
1.493e-07,0.0090058595083243
1.494e-07,0.007505859508324301
1.495e-07,0.0080371095083243
1.496e-07,0.007505859508324301
1.497e-07,0.004896484508324301
1.498e-07,0.0035058595083243002
1.499e-07,0.0055996095083243
1.5e-07,0.007505859508324301
1.501e-07,0.006802734508324301
1.502e-07,0.007505859508324301
1.503e-07,0.0122246135083243
1.504e-07,0.0155058635083243
1.505e-07,0.0124433635083243
1.506e-07,0.007505859508324301
1.507e-07,0.0063964845083243
1.508e-07,0.007505859508324301
1.509e-07,0.006271484508324301
1.51e-07,0.0035058595083243002
1.511e-07,0.0022246095083243
1.512e-07,0.0035058595083243002
1.513e-07,0.0058027345083243006
1.514e-07,0.007505859508324301
1.515e-07,0.0080996095083243
1.516e-07,0.007505859508324301
1.517e-07,0.005021484508324301
1.518e-07,-0.0004941407967856996
1.519e-07,-0.007744140491675699
1.52e-07,-0.0124941364916757
1.521e-07,-0.0107753864916757
1.522e-07,-0.004494140491675699
1.523e-07,0.0015839845083243005
1.524e-07,0.0035058595083243002
1.525e-07,0.0016933595083243006
1.526e-07,-0.0004941407967856996
1.527e-07,-0.0007441407916756996
1.528e-07,-0.0004941407967856996
1.529e-07,-0.0018847654916756996
1.53e-07,-0.004494140491675699
1.531e-07,-0.005837890491675699
1.532e-07,-0.004494140491675699
1.533e-07,-0.0019160154916756996
1.534e-07,-0.0004941407967856996
1.535e-07,-0.0016191404916756995
1.536e-07,-0.004494140491675699
1.537e-07,-0.0061191404916757
1.538e-07,-0.004494140491675699
1.539e-07,-0.0011816407916756997
1.54e-07,-0.0004941407967856996
1.541e-07,-0.0042285154916757
1.542e-07,-0.0084941404916757
1.543e-07,-0.0086347654916757
1.544e-07,-0.004494140491675699
1.545e-07,-0.00040039079167569964
1.546e-07,-0.0004941407967856996
1.547e-07,-0.004728515491675699
1.548e-07,-0.0084941404916757
1.549e-07,-0.0089160154916757
1.55e-07,-0.0084941404916757
1.551e-07,-0.010009765491675699
1.552e-07,-0.0124941364916757
1.553e-07,-0.0130410164916757
1.554e-07,-0.0124941364916757
1.555e-07,-0.012353516491675699
1.556e-07,-0.0124941364916757
1.557e-07,-0.0111191364916757
1.558e-07,-0.0084941404916757
1.559e-07,-0.0060566404916757
1.56e-07,-0.004494140491675699
1.561e-07,-0.0041660154916757
1.562e-07,-0.004494140491675699
1.563e-07,-0.0049785154916756995
1.564e-07,-0.004494140491675699
1.565e-07,-0.004791015491675699
1.566e-07,-0.0084941404916757
1.567e-07,-0.0155722664916757
1.568e-07,-0.0204941364916757
1.569e-07,-0.019462886491675702
1.57e-07,-0.0164941364916757
1.571e-07,-0.0158535164916757
1.572e-07,-0.0164941364916757
1.573e-07,-0.0158066364916757
1.574e-07,-0.0164941364916757
1.575e-07,-0.0194160164916757
1.576e-07,-0.0204941364916757
1.577e-07,-0.0163378864916757
1.578e-07,-0.0124941364916757
1.579e-07,-0.0138222664916757
1.58e-07,-0.0164941364916757
1.581e-07,-0.0154472664916757
1.582e-07,-0.0124941364916757
1.583e-07,-0.0107441364916757
1.584e-07,-0.0084941404916757
1.585e-07,-0.0050253904916756995
1.586e-07,-0.004494140491675699
1.587e-07,-0.010166015491675699
1.588e-07,-0.0164941364916757
1.589e-07,-0.017103516491675703
1.59e-07,-0.0124941364916757
1.591e-07,-0.0082441404916757
1.592e-07,-0.0084941404916757
1.593e-07,-0.012728516491675699
1.594e-07,-0.0164941364916757
1.595e-07,-0.017072266491675703
1.596e-07,-0.0164941364916757
1.597e-07,-0.016572266491675702
1.598e-07,-0.0164941364916757
1.599e-07,-0.014478516491675699
1.6e-07,-0.0124941364916757
1.601e-07,-0.013369136491675699
1.602e-07,-0.0164941364916757
1.603e-07,-0.0183066364916757
1.604e-07,-0.0164941364916757
1.605e-07,-0.0119941364916757
1.606e-07,-0.0084941404916757
1.607e-07,-0.0090566404916757
1.608e-07,-0.0124941364916757
1.609e-07,-0.0156347664916757
1.61e-07,-0.0164941364916757
1.611e-07,-0.0159941364916757
1.612e-07,-0.0164941364916757
1.613e-07,-0.0186191364916757
1.614e-07,-0.0204941364916757
1.615e-07,-0.0196972664916757
1.616e-07,-0.0164941364916757
1.617e-07,-0.0132285164916757
1.618e-07,-0.0124941364916757
1.619e-07,-0.0142597664916757
1.62e-07,-0.0164941364916757
1.621e-07,-0.017072266491675703
1.622e-07,-0.0164941364916757
1.623e-07,-0.016072266491675702
1.624e-07,-0.0164941364916757
1.625e-07,-0.0167441364916757
1.626e-07,-0.0164941364916757
1.627e-07,-0.015275386491675699
1.628e-07,-0.0124941364916757
1.629e-07,-0.0093378904916757
1.63e-07,-0.0084941404916757
1.631e-07,-0.009837890491675699
1.632e-07,-0.0084941404916757
1.633e-07,-0.0032441404916756997
1.634e-07,-0.0004941407967856996
1.635e-07,-0.0053535154916757
1.636e-07,-0.0124941364916757
1.637e-07,-0.0157910164916757
1.638e-07,-0.0164941364916757
1.639e-07,-0.0175722664916757
1.64e-07,-0.0164941364916757
1.641e-07,-0.010572266491675699
1.642e-07,-0.004494140491675699
1.643e-07,-0.0039941404916756995
1.644e-07,-0.0084941404916757
1.645e-07,-0.013462886491675699
1.646e-07,-0.0164941364916757
1.647e-07,-0.0172441364916757
1.648e-07,-0.0164941364916757
1.649e-07,-0.0146816364916757
1.65e-07,-0.0124941364916757
1.651e-07,-0.010353515491675699
1.652e-07,-0.0084941404916757
1.653e-07,-0.007634765491675699
1.654e-07,-0.0084941404916757
1.655e-07,-0.010634766491675699
1.656e-07,-0.0124941364916757
1.657e-07,-0.0130097664916757
1.658e-07,-0.0124941364916757
1.659e-07,-0.0122285164916757
1.66e-07,-0.0124941364916757
1.661e-07,-0.0128066364916757
1.662e-07,-0.0124941364916757
1.663e-07,-0.011806636491675699
1.664e-07,-0.0124941364916757
1.665e-07,-0.014728516491675699
1.666e-07,-0.0164941364916757
1.667e-07,-0.016322266491675702
1.668e-07,-0.0164941364916757
1.669e-07,-0.0175878864916757
1.67e-07,-0.0164941364916757
1.671e-07,-0.011775386491675699
1.672e-07,-0.0084941404916757
1.673e-07,-0.010181640491675699
1.674e-07,-0.0124941364916757
1.675e-07,-0.0109003864916757
1.676e-07,-0.0084941404916757
1.677e-07,-0.009822265491675699
1.678e-07,-0.0124941364916757
1.679e-07,-0.012947266491675699
1.68e-07,-0.0124941364916757
1.681e-07,-0.0131347664916757
1.682e-07,-0.0124941364916757
1.683e-07,-0.0093691404916757
1.684e-07,-0.0084941404916757
1.685e-07,-0.012572266491675699
1.686e-07,-0.0164941364916757
1.687e-07,-0.0152910164916757
1.688e-07,-0.0124941364916757
1.689e-07,-0.0122441364916757
1.69e-07,-0.0124941364916757
1.691e-07,-0.010244140491675699
1.692e-07,-0.0084941404916757
1.693e-07,-0.010259765491675699
1.694e-07,-0.0124941364916757
1.695e-07,-0.011400386491675699
1.696e-07,-0.0084941404916757
1.697e-07,-0.007447265491675699
1.698e-07,-0.0084941404916757
1.699e-07,-0.0095097654916757
1.7e-07,-0.0084941404916757
1.701e-07,-0.0069785154916756995
1.702e-07,-0.0084941404916757
1.703e-07,-0.0132910164916757
1.704e-07,-0.0164941364916757
1.705e-07,-0.0149472664916757
1.706e-07,-0.0124941364916757
1.707e-07,-0.013587886491675699
1.708e-07,-0.0164941364916757
1.709e-07,-0.0163378864916757
1.71e-07,-0.0124941364916757
1.711e-07,-0.008462890491675699
1.712e-07,-0.0084941404916757
1.713e-07,-0.012572266491675699
1.714e-07,-0.0164941364916757
1.715e-07,-0.0171191364916757
1.716e-07,-0.0164941364916757
1.717e-07,-0.016791016491675703
1.718e-07,-0.0164941364916757
1.719e-07,-0.0130566364916757
1.72e-07,-0.0084941404916757
1.721e-07,-0.006806640491675699
1.722e-07,-0.0084941404916757
1.723e-07,-0.0112128864916757
1.724e-07,-0.0124941364916757
1.725e-07,-0.0113535164916757
1.726e-07,-0.0084941404916757
1.727e-07,-0.006712890491675699
1.728e-07,-0.0084941404916757
1.729e-07,-0.0132910164916757
1.73e-07,-0.0164941364916757
1.731e-07,-0.0152910164916757
1.732e-07,-0.0124941364916757
1.733e-07,-0.011587886491675699
1.734e-07,-0.0124941364916757
1.735e-07,-0.012822266491675699
1.736e-07,-0.0124941364916757
1.737e-07,-0.012353516491675699
1.738e-07,-0.0124941364916757
1.739e-07,-0.0123066364916757
1.74e-07,-0.0124941364916757
1.741e-07,-0.0129628864916757
1.742e-07,-0.0124941364916757
1.743e-07,-0.0105566364916757
1.744e-07,-0.0084941404916757
1.745e-07,-0.0078535154916757
1.746e-07,-0.0084941404916757
1.747e-07,-0.0090566404916757
1.748e-07,-0.0084941404916757
1.749e-07,-0.007681640491675699
1.75e-07,-0.0084941404916757
1.751e-07,-0.0111035164916757
1.752e-07,-0.0124941364916757
1.753e-07,-0.010884766491675699
1.754e-07,-0.0084941404916757
1.755e-07,-0.0079472654916757
1.756e-07,-0.0084941404916757
1.757e-07,-0.0084941404916757
1.758e-07,-0.0084941404916757
1.759e-07,-0.010009765491675699
1.76e-07,-0.0124941364916757
1.761e-07,-0.013619136491675699
1.762e-07,-0.0124941364916757
1.763e-07,-0.010009765491675699
1.764e-07,-0.0084941404916757
1.765e-07,-0.0095253904916757
1.766e-07,-0.0124941364916757
1.767e-07,-0.0144628864916757
1.768e-07,-0.0124941364916757
1.769e-07,-0.007509765491675699
1.77e-07,-0.004494140491675699
1.771e-07,-0.0061660154916757
1.772e-07,-0.0084941404916757
1.773e-07,-0.008416015491675699
1.774e-07,-0.0084941404916757
1.775e-07,-0.0120722664916757
1.776e-07,-0.0164941364916757
1.777e-07,-0.0176660164916757
1.778e-07,-0.0164941364916757
1.779e-07,-0.0159316364916757
1.78e-07,-0.0164941364916757
1.781e-07,-0.016728516491675702
1.782e-07,-0.0164941364916757
1.783e-07,-0.016134766491675702
1.784e-07,-0.0164941364916757
1.785e-07,-0.016759766491675702
1.786e-07,-0.0164941364916757
1.787e-07,-0.0159003864916757
1.788e-07,-0.0164941364916757
1.789e-07,-0.0186972664916757
1.79e-07,-0.0204941364916757
1.791e-07,-0.0185097664916757
1.792e-07,-0.0124941364916757
1.793e-07,-0.0060253904916756995
1.794e-07,-0.004494140491675699
1.795e-07,-0.0096816404916757
1.796e-07,-0.0164941364916757
1.797e-07,-0.0191660164916757
1.798e-07,-0.0164941364916757
1.799e-07,-0.0116660164916757
1.8e-07,-0.0084941404916757
1.801e-07,-0.0081660154916757
1.802e-07,-0.0084941404916757
1.803e-07,-0.0091035154916757
1.804e-07,-0.0124941364916757
1.805e-07,-0.0181660164916757
1.806e-07,-0.0204941364916757
1.807e-07,-0.0165878864916757
1.808e-07,-0.0124941364916757
1.809e-07,-0.013900386491675699
1.81e-07,-0.0164941364916757
1.811e-07,-0.0141191364916757
1.812e-07,-0.0084941404916757
1.813e-07,-0.005806640491675699
1.814e-07,-0.0084941404916757
1.815e-07,-0.0145566364916757
1.816e-07,-0.0204941364916757
1.817e-07,-0.023916016491675702
1.818e-07,-0.0244941364916757
1.819e-07,-0.0228535164916757
1.82e-07,-0.0204941364916757
1.821e-07,-0.0180253864916757
1.822e-07,-0.0164941364916757
1.823e-07,-0.0160566364916757
1.824e-07,-0.0164941364916757
1.825e-07,-0.016728516491675702
1.826e-07,-0.0164941364916757
1.827e-07,-0.016072266491675702
1.828e-07,-0.0164941364916757
1.829e-07,-0.0173535164916757
1.83e-07,-0.0164941364916757
1.831e-07,-0.013775386491675699
1.832e-07,-0.0124941364916757
1.833e-07,-0.0146191364916757
1.834e-07,-0.0164941364916757
1.835e-07,-0.0149003864916757
1.836e-07,-0.0124941364916757
1.837e-07,-0.0122597664916757
1.838e-07,-0.0124941364916757
1.839e-07,-0.011806636491675699
1.84e-07,-0.0124941364916757
1.841e-07,-0.016634766491675702
1.842e-07,-0.0204941364916757
1.843e-07,-0.018962886491675702
1.844e-07,-0.0124941364916757
1.845e-07,-0.0070566404916757
1.846e-07,-0.0084941404916757
1.847e-07,-0.0166816364916757
1.848e-07,-0.0244941364916757
1.849e-07,-0.0252910164916757
1.85e-07,-0.0204941364916757
1.851e-07,-0.0160566364916757
1.852e-07,-0.0164941364916757
1.853e-07,-0.019853516491675702
1.854e-07,-0.0204941364916757
1.855e-07,-0.0164316364916757
1.856e-07,-0.0124941364916757
1.857e-07,-0.0131191364916757
1.858e-07,-0.0164941364916757
1.859e-07,-0.0178535164916757
1.86e-07,-0.0164941364916757
1.861e-07,-0.0155097664916757
1.862e-07,-0.0164941364916757
1.863e-07,-0.0186347664916757
1.864e-07,-0.0204941364916757
1.865e-07,-0.020025386491675703
1.866e-07,-0.0164941364916757
1.867e-07,-0.0124003864916757
1.868e-07,-0.0124941364916757
1.869e-07,-0.017134766491675703
1.87e-07,-0.0204941364916757
1.871e-07,-0.0179160164916757
1.872e-07,-0.0124941364916757
1.873e-07,-0.010087890491675699
1.874e-07,-0.0124941364916757
1.875e-07,-0.016228516491675702
1.876e-07,-0.0164941364916757
1.877e-07,-0.013525386491675699
1.878e-07,-0.0124941364916757
1.879e-07,-0.015275386491675699
1.88e-07,-0.0164941364916757
1.881e-07,-0.0124941364916757
1.882e-07,-0.0084941404916757
1.883e-07,-0.0107441364916757
1.884e-07,-0.0164941364916757
1.885e-07,-0.0189472664916757
1.886e-07,-0.0164941364916757
1.887e-07,-0.0129628864916757
1.888e-07,-0.0124941364916757
1.889e-07,-0.014822266491675699
1.89e-07,-0.0164941364916757
1.891e-07,-0.014916016491675699
1.892e-07,-0.0124941364916757
1.893e-07,-0.0128691364916757
1.894e-07,-0.0164941364916757
1.895e-07,-0.019025386491675702
1.896e-07,-0.0164941364916757
1.897e-07,-0.0096816404916757
1.898e-07,-0.004494140491675699
1.899e-07,-0.0051191404916757
1.9e-07,-0.0084941404916757
1.901e-07,-0.009994140491675699
1.902e-07,-0.0084941404916757
1.903e-07,-0.0072753904916757
1.904e-07,-0.0084941404916757
1.905e-07,-0.0112753864916757
1.906e-07,-0.0124941364916757
1.907e-07,-0.011712886491675699
1.908e-07,-0.0124941364916757
1.909e-07,-0.016572266491675702
1.91e-07,-0.0204941364916757
1.911e-07,-0.0196972664916757
1.912e-07,-0.0164941364916757
1.913e-07,-0.0140878864916757
1.914e-07,-0.0124941364916757
1.915e-07,-0.010087890491675699
1.916e-07,-0.0084941404916757
1.917e-07,-0.0088222654916757
1.918e-07,-0.0084941404916757
1.919e-07,-0.0060722654916757
1.92e-07,-0.004494140491675699
1.921e-07,-0.0063222654916757
1.922e-07,-0.0084941404916757
1.923e-07,-0.008478515491675699
1.924e-07,-0.0084941404916757
1.925e-07,-0.010728516491675699
1.926e-07,-0.0124941364916757
1.927e-07,-0.0108691364916757
1.928e-07,-0.0084941404916757
1.929e-07,-0.008306640491675699
1.93e-07,-0.0084941404916757
1.931e-07,-0.006572265491675699
1.932e-07,-0.004494140491675699
1.933e-07,-0.004494140491675699
1.934e-07,-0.004494140491675699
1.935e-07,-0.0035097654916757
1.936e-07,-0.004494140491675699
1.937e-07,-0.0090566404916757
1.938e-07,-0.0124941364916757
1.939e-07,-0.0110410164916757
1.94e-07,-0.0084941404916757
1.941e-07,-0.0093691404916757
1.942e-07,-0.0124941364916757
1.943e-07,-0.0136035164916757
1.944e-07,-0.0124941364916757
1.945e-07,-0.010431640491675699
1.946e-07,-0.0084941404916757
1.947e-07,-0.006384765491675699
1.948e-07,-0.004494140491675699
1.949e-07,-0.003697265491675699
1.95e-07,-0.004494140491675699
1.951e-07,-0.005759765491675699
1.952e-07,-0.004494140491675699
1.953e-07,-0.0012597657916756998
1.954e-07,-0.0004941407967856996
1.955e-07,-0.004634765491675699
1.956e-07,-0.0084941404916757
1.957e-07,-0.007400390491675699
1.958e-07,-0.004494140491675699
1.959e-07,-0.0051035154916757
1.96e-07,-0.0084941404916757
1.961e-07,-0.0111816364916757
1.962e-07,-0.0124941364916757
1.963e-07,-0.0121035164916757
1.964e-07,-0.0084941404916757
1.965e-07,-0.0024316404916757
1.966e-07,-0.0004941407967856996
1.967e-07,-0.005791015491675699
1.968e-07,-0.0124941364916757
1.969e-07,-0.014291016491675699
1.97e-07,-0.0124941364916757
1.971e-07,-0.0106816364916757
1.972e-07,-0.0084941404916757
1.973e-07,-0.004400390491675699
1.974e-07,-0.0004941407967856996
1.975e-07,-0.0005410158016756996
1.976e-07,-0.004494140491675699
1.977e-07,-0.0093691404916757
1.978e-07,-0.0124941364916757
1.979e-07,-0.0130722664916757
1.98e-07,-0.0124941364916757
1.981e-07,-0.0122910164916757
1.982e-07,-0.0124941364916757
1.983e-07,-0.0115410164916757
1.984e-07,-0.0084941404916757
1.985e-07,-0.004916015491675699
1.986e-07,-0.004494140491675699
1.987e-07,-0.0081191404916757
1.988e-07,-0.0124941364916757
1.989e-07,-0.0137597664916757
1.99e-07,-0.0124941364916757
1.991e-07,-0.011431636491675699
1.992e-07,-0.0124941364916757
1.993e-07,-0.013837886491675699
1.994e-07,-0.0124941364916757
1.995e-07,-0.0081660154916757
1.996e-07,-0.004494140491675699
1.997e-07,-0.0040097654916756995
1.998e-07,-0.004494140491675699
1.999e-07,-0.0030566404916756995
2e-07,-0.0004941407967856996
2.001e-07,-0.0006503907916756996
2.002e-07,-0.004494140491675699
2.003e-07,-0.009884765491675699
2.004e-07,-0.0124941364916757
2.005e-07,-0.0109628864916757
2.006e-07,-0.0084941404916757
2.007e-07,-0.0080097654916757
2.008e-07,-0.0084941404916757
2.009e-07,-0.0080410154916757
2.01e-07,-0.0084941404916757
2.011e-07,-0.0109003864916757
2.012e-07,-0.0124941364916757
2.013e-07,-0.0107128864916757
2.014e-07,-0.0084941404916757
2.015e-07,-0.0084941404916757
2.016e-07,-0.0084941404916757
2.017e-07,-0.0063378904916757
2.018e-07,-0.004494140491675699
2.019e-07,-0.005853515491675699
2.02e-07,-0.0084941404916757
2.021e-07,-0.0092753904916757
2.022e-07,-0.0084941404916757
2.023e-07,-0.0081660154916757
2.024e-07,-0.0084941404916757
2.025e-07,-0.0087128904916757
2.026e-07,-0.0084941404916757
2.027e-07,-0.0082597654916757
2.028e-07,-0.0084941404916757
2.029e-07,-0.0087441404916757
2.03e-07,-0.0084941404916757
2.031e-07,-0.0078535154916757
2.032e-07,-0.0084941404916757
2.033e-07,-0.0106503864916757
2.034e-07,-0.0124941364916757
2.035e-07,-0.011587886491675699
2.036e-07,-0.0084941404916757
2.037e-07,-0.005650390491675699
2.038e-07,-0.004494140491675699
2.039e-07,-0.004728515491675699
2.04e-07,-0.004494140491675699
2.041e-07,-0.0028378904916756993
2.042e-07,-0.0004941407967856996
2.043e-07,-0.0003378907916756996
2.044e-07,-0.004494140491675699
2.045e-07,-0.011587886491675699
2.046e-07,-0.0164941364916757
2.047e-07,-0.0159003864916757
2.048e-07,-0.0124941364916757
2.049e-07,-0.0097597654916757
2.05e-07,-0.0084941404916757
2.051e-07,-0.006697265491675699
2.052e-07,-0.004494140491675699
2.053e-07,-0.0034003904916757
2.054e-07,-0.004494140491675699
2.055e-07,-0.006869140491675699
2.056e-07,-0.0084941404916757
2.057e-07,-0.007728515491675699
2.058e-07,-0.004494140491675699
2.059e-07,-0.0012128907916756997
2.06e-07,-0.0004941407967856996
2.061e-07,-0.0026660154916757
2.062e-07,-0.004494140491675699
2.063e-07,-0.0042597654916757
2.064e-07,-0.004494140491675699
2.065e-07,-0.006728515491675699
2.066e-07,-0.0084941404916757
2.067e-07,-0.0069628904916756995
2.068e-07,-0.004494140491675699
2.069e-07,-0.0038691404916756994
2.07e-07,-0.004494140491675699
2.071e-07,-0.0035097654916757
2.072e-07,-0.0004941407967856996
2.073e-07,0.0024902345083243
2.074e-07,0.0035058595083243002
2.075e-07,0.0028027345083243005
2.076e-07,0.0035058595083243002
2.077e-07,0.006208984508324301
2.078e-07,0.007505859508324301
2.079e-07,0.004240234508324301
2.08e-07,-0.0004941407967856996
2.081e-07,-0.0031191404916756996
2.082e-07,-0.004494140491675699
2.083e-07,-0.005681640491675699
2.084e-07,-0.004494140491675699
2.085e-07,0.0002402342083243004
2.086e-07,0.0035058595083243002
2.087e-07,0.002177734508324301
2.088e-07,-0.0004941407967856996
2.089e-07,0.0003808592083243004
2.09e-07,0.0035058595083243002
2.091e-07,0.004974609508324301
2.092e-07,0.0035058595083243002
2.093e-07,0.0017871095083243002
2.094e-07,0.0035058595083243002
2.095e-07,0.0083027345083243
2.096e-07,0.011505863508324301
2.097e-07,0.010068363508324301
2.098e-07,0.007505859508324301
2.099e-07,0.007271484508324301
2.1e-07,0.007505859508324301
2.101e-07,0.0054433595083243
2.102e-07,0.0035058595083243002
2.103e-07,0.004958984508324301
2.104e-07,0.007505859508324301
2.105e-07,0.0081308595083243
2.106e-07,0.007505859508324301
2.107e-07,0.007662109508324301
2.108e-07,0.007505859508324301
2.109e-07,0.0065839845083243
2.11e-07,0.007505859508324301
2.111e-07,0.0116152335083243
2.112e-07,0.0155058635083243
2.113e-07,0.0161152335083243
2.114e-07,0.0155058635083243
2.115e-07,0.0159589835083243
2.116e-07,0.0155058635083243
2.117e-07,0.0118652335083243
2.118e-07,0.007505859508324301
2.119e-07,0.006193359508324301
2.12e-07,0.007505859508324301
2.121e-07,0.0104746135083243
2.122e-07,0.0155058635083243
2.123e-07,0.0213652335083243
2.124e-07,0.023505863508324298
2.125e-07,0.019880863508324298
2.126e-07,0.0155058635083243
2.127e-07,0.015755863508324298
2.128e-07,0.019505863508324298
2.129e-07,0.0215527335083243
2.13e-07,0.019505863508324298
2.131e-07,0.0148183635083243
2.132e-07,0.011505863508324301
2.133e-07,0.012068363508324301
2.134e-07,0.0155058635083243
2.135e-07,0.0189433635083243
2.136e-07,0.019505863508324298
2.137e-07,0.0174902335083243
2.138e-07,0.0155058635083243
2.139e-07,0.015255863508324299
2.14e-07,0.0155058635083243
2.141e-07,0.0154277335083243
2.142e-07,0.0155058635083243
2.143e-07,0.0170527335083243
2.144e-07,0.019505863508324298
2.145e-07,0.0208496135083243
2.146e-07,0.019505863508324298
2.147e-07,0.0176621135083243
2.148e-07,0.019505863508324298
2.149e-07,0.0249589835083243
2.15e-07,0.027505863508324298
2.151e-07,0.023537113508324298
2.152e-07,0.019505863508324298
2.153e-07,0.0217714835083243
2.154e-07,0.027505863508324298
2.155e-07,0.0296777335083243
2.156e-07,0.027505863508324298
2.157e-07,0.0244902335083243
2.158e-07,0.023505863508324298
2.159e-07,0.023818363508324298
2.16e-07,0.023505863508324298
2.161e-07,0.0217558635083243
2.162e-07,0.019505863508324298
2.163e-07,0.0188496135083243
2.164e-07,0.019505863508324298
2.165e-07,0.0200839835083243
2.166e-07,0.019505863508324298
2.167e-07,0.0188183635083243
2.168e-07,0.019505863508324298
2.169e-07,0.022646483508324298
2.17e-07,0.027505863508324298
2.171e-07,0.0313964835083243
2.172e-07,0.0315058635083243
2.173e-07,0.027505863508324298
2.174e-07,0.023505863508324298
2.175e-07,0.0215371135083243
2.176e-07,0.019505863508324298
2.177e-07,0.0162714835083243
2.178e-07,0.0155058635083243
2.179e-07,0.0195214835083243
2.18e-07,0.023505863508324298
2.181e-07,0.0226933635083243
2.182e-07,0.019505863508324298
2.183e-07,0.0186933635083243
2.184e-07,0.019505863508324298
2.185e-07,0.0197402335083243
2.186e-07,0.019505863508324298
2.187e-07,0.0199277335083243
2.188e-07,0.019505863508324298
2.189e-07,0.0173496135083243
2.19e-07,0.0155058635083243
2.191e-07,0.0166308635083243
2.192e-07,0.019505863508324298
2.193e-07,0.022083983508324297
2.194e-07,0.023505863508324298
2.195e-07,0.0239902335083243
2.196e-07,0.023505863508324298
2.197e-07,0.022708983508324298
2.198e-07,0.023505863508324298
2.199e-07,0.0260058635083243
2.2e-07,0.027505863508324298
2.201e-07,0.025927733508324297
2.202e-07,0.023505863508324298
2.203e-07,0.022802733508324298
2.204e-07,0.023505863508324298
2.205e-07,0.0237714835083243
2.206e-07,0.023505863508324298
2.207e-07,0.023443363508324298
2.208e-07,0.023505863508324298
2.209e-07,0.0233339835083243
2.21e-07,0.023505863508324298
2.211e-07,0.0239902335083243
2.212e-07,0.023505863508324298
2.213e-07,0.0215839835083243
2.214e-07,0.019505863508324298
2.215e-07,0.0188183635083243
2.216e-07,0.019505863508324298
2.217e-07,0.0202402335083243
2.218e-07,0.019505863508324298
2.219e-07,0.0183808635083243
2.22e-07,0.019505863508324298
2.221e-07,0.0228496135083243
2.222e-07,0.023505863508324298
2.223e-07,0.0194277335083243
2.224e-07,0.0155058635083243
2.225e-07,0.0165527335083243
2.226e-07,0.019505863508324298
2.227e-07,0.020005863508324298
2.228e-07,0.019505863508324298
2.229e-07,0.0211152335083243
2.23e-07,0.023505863508324298
2.231e-07,0.023974613508324298
2.232e-07,0.023505863508324298
2.233e-07,0.0236777335083243
2.234e-07,0.023505863508324298
2.235e-07,0.0216621135083243
2.236e-07,0.019505863508324298
2.237e-07,0.0188183635083243
2.238e-07,0.019505863508324298
2.239e-07,0.0201464835083243
2.24e-07,0.019505863508324298
2.241e-07,0.0186933635083243
2.242e-07,0.019505863508324298
2.243e-07,0.022083983508324297
2.244e-07,0.023505863508324298
2.245e-07,0.0218496135083243
2.246e-07,0.019505863508324298
2.247e-07,0.0199902335083243
2.248e-07,0.023505863508324298
2.249e-07,0.026880863508324297
2.25e-07,0.027505863508324298
2.251e-07,0.0244746135083243
2.252e-07,0.019505863508324298
2.253e-07,0.0157402335083243
2.254e-07,0.0155058635083243
2.255e-07,0.018240233508324297
2.256e-07,0.019505863508324298
2.257e-07,0.0175996135083243
2.258e-07,0.0155058635083243
2.259e-07,0.0166308635083243
2.26e-07,0.019505863508324298
2.261e-07,0.0217558635083243
2.262e-07,0.023505863508324298
2.263e-07,0.025896483508324297
2.264e-07,0.027505863508324298
2.265e-07,0.026302733508324298
2.266e-07,0.023505863508324298
2.267e-07,0.0210527335083243
2.268e-07,0.019505863508324298
2.269e-07,0.0188183635083243
2.27e-07,0.019505863508324298
2.271e-07,0.0215996135083243
2.272e-07,0.023505863508324298
2.273e-07,0.023974613508324298
2.274e-07,0.023505863508324298
2.275e-07,0.0232714835083243
2.276e-07,0.023505863508324298
2.277e-07,0.0236777335083243
2.278e-07,0.023505863508324298
2.279e-07,0.0232714835083243
2.28e-07,0.023505863508324298
2.281e-07,0.023912113508324298
2.282e-07,0.023505863508324298
2.283e-07,0.0217558635083243
2.284e-07,0.019505863508324298
2.285e-07,0.018427733508324298
2.286e-07,0.019505863508324298
2.287e-07,0.021990233508324297
2.288e-07,0.023505863508324298
2.289e-07,0.0233339835083243
2.29e-07,0.023505863508324298
2.291e-07,0.0245371135083243
2.292e-07,0.023505863508324298
2.293e-07,0.019115233508324298
2.294e-07,0.0155058635083243
2.295e-07,0.0164902335083243
2.296e-07,0.019505863508324298
2.297e-07,0.0204746135083243
2.298e-07,0.019505863508324298
2.299e-07,0.019177733508324298
2.3e-07,0.019505863508324298
2.301e-07,0.0195839835083243
2.302e-07,0.019505863508324298
2.303e-07,0.0198339835083243
2.304e-07,0.019505863508324298
2.305e-07,0.0185683635083243
2.306e-07,0.019505863508324298
2.307e-07,0.022333983508324298
2.308e-07,0.023505863508324298
2.309e-07,0.0211152335083243
2.31e-07,0.019505863508324298
2.311e-07,0.0216464835083243
2.312e-07,0.023505863508324298
2.313e-07,0.0205527335083243
2.314e-07,0.0155058635083243
2.315e-07,0.0127246135083243
2.316e-07,0.011505863508324301
2.317e-07,0.0104746135083243
2.318e-07,0.011505863508324301
2.319e-07,0.016068363508324298
2.32e-07,0.019505863508324298
2.321e-07,0.018427733508324298
2.322e-07,0.0155058635083243
2.323e-07,0.0147246135083243
2.324e-07,0.0155058635083243
2.325e-07,0.0156152335083243
2.326e-07,0.0155058635083243
2.327e-07,0.0168183635083243
2.328e-07,0.019505863508324298
2.329e-07,0.0210839835083243
2.33e-07,0.019505863508324298
2.331e-07,0.0153964835083243
2.332e-07,0.011505863508324301
2.333e-07,0.0105683635083243
2.334e-07,0.011505863508324301
2.335e-07,0.0121152335083243
2.336e-07,0.011505863508324301
2.337e-07,0.0117714835083243
2.338e-07,0.0155058635083243
2.339e-07,0.0223496135083243
2.34e-07,0.027505863508324298
2.341e-07,0.0271777335083243
2.342e-07,0.023505863508324298
2.343e-07,0.019443363508324298
2.344e-07,0.0155058635083243
2.345e-07,0.0118652335083243
2.346e-07,0.011505863508324301
2.347e-07,0.0156152335083243
2.348e-07,0.019505863508324298
2.349e-07,0.0187871135083243
2.35e-07,0.0155058635083243
2.351e-07,0.0141464835083243
2.352e-07,0.0155058635083243
2.353e-07,0.0177714835083243
2.354e-07,0.019505863508324298
2.355e-07,0.0203027335083243
2.356e-07,0.019505863508324298
2.357e-07,0.0171933635083243
2.358e-07,0.0155058635083243
2.359e-07,0.014490233508324301
2.36e-07,0.011505863508324301
2.361e-07,0.007365234508324301
2.362e-07,0.007505859508324301
2.363e-07,0.014068363508324301
2.364e-07,0.019505863508324298
2.365e-07,0.0174121135083243
2.366e-07,0.011505863508324301
2.367e-07,0.009208984508324301
2.368e-07,0.011505863508324301
2.369e-07,0.0144121135083243
2.37e-07,0.0155058635083243
2.371e-07,0.015349613508324299
2.372e-07,0.0155058635083243
2.373e-07,0.015880863508324298
2.374e-07,0.0155058635083243
2.375e-07,0.012646483508324301
2.376e-07,0.007505859508324301
2.377e-07,0.0034277345083243
2.378e-07,0.0035058595083243002
2.379e-07,0.007693359508324301
2.38e-07,0.011505863508324301
2.381e-07,0.0111933635083243
2.382e-07,0.007505859508324301
2.383e-07,0.005240234508324301
2.384e-07,0.007505859508324301
2.385e-07,0.0127246135083243
2.386e-07,0.0155058635083243
2.387e-07,0.0126621135083243
2.388e-07,0.007505859508324301
2.389e-07,0.005193359508324301
2.39e-07,0.007505859508324301
2.391e-07,0.0112558635083243
2.392e-07,0.011505863508324301
2.393e-07,0.007521484508324301
2.394e-07,0.0035058595083243002
2.395e-07,0.0028027345083243005
2.396e-07,0.0035058595083243002
2.397e-07,0.0033652345083243
2.398e-07,0.0035058595083243002
2.399e-07,0.0067714845083243005
2.4e-07,0.011505863508324301
2.401e-07,0.0136464835083243
2.402e-07,0.011505863508324301
2.403e-07,0.0067402345083243005
2.404e-07,0.0035058595083243002
2.405e-07,0.004115234508324301
2.406e-07,0.007505859508324301
2.407e-07,0.010490233508324301
2.408e-07,0.011505863508324301
2.409e-07,0.0102714835083243
2.41e-07,0.007505859508324301
2.411e-07,0.0035839845083243003
2.412e-07,-0.0004941407967856996
2.413e-07,-0.0032597654916756997
2.414e-07,-0.004494140491675699
2.415e-07,-0.0035097654916757
2.416e-07,-0.0004941407967856996
2.417e-07,0.0029277345083243006
2.418e-07,0.0035058595083243002
2.419e-07,0.0012246095083243004
2.42e-07,-0.0004941407967856996
2.421e-07,0.0011152345083243003
2.422e-07,0.0035058595083243002
2.423e-07,0.0029746095083243006
2.424e-07,-0.0004941407967856996
2.425e-07,-0.0028066404916756993
2.426e-07,-0.0004941407967856996
2.427e-07,0.004943359508324301
2.428e-07,0.007505859508324301
2.429e-07,0.004099609508324301
2.43e-07,-0.0004941407967856996
2.431e-07,-0.0006191407916756996
2.432e-07,0.0035058595083243002
2.433e-07,0.007115234508324301
2.434e-07,0.007505859508324301
2.435e-07,0.0054277345083243
2.436e-07,0.0035058595083243002
2.437e-07,0.0020527345083243007
2.438e-07,-0.0004941407967856996
2.439e-07,-0.0049316404916756994
2.44e-07,-0.0084941404916757
2.441e-07,-0.0078535154916757
2.442e-07,-0.004494140491675699
2.443e-07,-0.0015410154916756997
2.444e-07,-0.0004941407967856996
2.445e-07,-0.0012441407916756997
2.446e-07,-0.004494140491675699
2.447e-07,-0.0082597654916757
2.448e-07,-0.0084941404916757
2.449e-07,-0.0039941404916756995
2.45e-07,-0.0004941407967856996
2.451e-07,-0.0019160154916756996
2.452e-07,-0.004494140491675699
2.453e-07,-0.0036035154916757
2.454e-07,-0.0004941407967856996
2.455e-07,0.0006464845083243003
2.456e-07,-0.0004941407967856996
2.457e-07,-0.0012285157916756997
2.458e-07,-0.0004941407967856996
2.459e-07,0.00022460920832430037
2.46e-07,-0.0004941407967856996
2.461e-07,-0.003666015491675699
2.462e-07,-0.0084941404916757
2.463e-07,-0.0114160164916757
2.464e-07,-0.0084941404916757
2.465e-07,-0.0009003907916756997
2.466e-07,0.0035058595083243002
2.467e-07,0.0005214845083243004
2.468e-07,-0.004494140491675699
2.469e-07,-0.005400390491675699
2.47e-07,-0.004494140491675699
2.471e-07,-0.0060566404916757
2.472e-07,-0.0084941404916757
2.473e-07,-0.007666015491675699
2.474e-07,-0.004494140491675699
2.475e-07,-0.0020253904916756995
2.476e-07,-0.0004941407967856996
2.477e-07,0.0004746092083243004
2.478e-07,-0.0004941407967856996
2.479e-07,-0.0032285154916756997
2.48e-07,-0.004494140491675699
2.481e-07,-0.002697265491675699
2.482e-07,-0.0004941407967856996
2.483e-07,-0.0013535157916756996
2.484e-07,-0.004494140491675699
2.485e-07,-0.006400390491675699
2.486e-07,-0.004494140491675699
2.487e-07,-0.0007441407916756996
2.488e-07,-0.0004941407967856996
2.489e-07,-0.0049628904916756995
2.49e-07,-0.0084941404916757
2.491e-07,-0.0069628904916756995
2.492e-07,-0.004494140491675699
2.493e-07,-0.005837890491675699
2.494e-07,-0.0084941404916757
2.495e-07,-0.007619140491675699
2.496e-07,-0.004494140491675699
2.497e-07,-0.0032285154916756997
2.498e-07,-0.004494140491675699
2.499e-07,-0.006416015491675699
2.5e-07,-0.0084941404916757
2.501e-07,-0.009837890491675699
2.502e-07,-0.0084941404916757
2.503e-07,-0.0051191404916757
2.504e-07,-0.004494140491675699
2.505e-07,-0.007541015491675699
2.506e-07,-0.0084941404916757
2.507e-07,-0.0040253904916756995
2.508e-07,-0.0004941407967856996
2.509e-07,-0.0033691404916757
2.51e-07,-0.0084941404916757
2.511e-07,-0.0086972654916757
2.512e-07,-0.004494140491675699
2.513e-07,-0.0010253907916756995
2.514e-07,-0.0004941407967856996
2.515e-07,-0.0012597657916756998
2.516e-07,-0.0004941407967856996
2.517e-07,0.0018808595083243003
2.518e-07,0.0035058595083243002
2.519e-07,0.0022246095083243
2.52e-07,-0.0004941407967856996
2.521e-07,-0.002712890491675699
2.522e-07,-0.004494140491675699
2.523e-07,-0.006853515491675699
2.524e-07,-0.0084941404916757
2.525e-07,-0.007369140491675699
2.526e-07,-0.004494140491675699
2.527e-07,-0.0017128904916756996
2.528e-07,-0.0004941407967856996
2.529e-07,-0.0012441407916756997
2.53e-07,-0.004494140491675699
2.531e-07,-0.0081660154916757
2.532e-07,-0.0084941404916757
2.533e-07,-0.004509765491675699
2.534e-07,-0.0004941407967856996
2.535e-07,6.835920832430034e-05
2.536e-07,-0.0004941407967856996
2.537e-07,0.0010683595083243005
2.538e-07,0.0035058595083243002
2.539e-07,0.0032558595083243
2.54e-07,-0.0004941407967856996
2.541e-07,-0.005400390491675699
2.542e-07,-0.0084941404916757
2.543e-07,-0.0080566404916757
2.544e-07,-0.004494140491675699
2.545e-07,0.00022460920832430037
2.546e-07,0.0035058595083243002
2.547e-07,0.004349609508324301
2.548e-07,0.0035058595083243002
2.549e-07,0.0018183595083243003
2.55e-07,-0.0004941407967856996
2.551e-07,-0.0030097654916756995
2.552e-07,-0.004494140491675699
2.553e-07,-0.0035722654916757
2.554e-07,-0.0004941407967856996
2.555e-07,0.0026308595083243003
2.556e-07,0.0035058595083243002
2.557e-07,0.0016621095083243006
2.558e-07,-0.0004941407967856996
2.559e-07,-0.0009003907916756997
2.56e-07,-0.0004941407967856996
2.561e-07,-0.0006191407916756996
2.562e-07,-0.0004941407967856996
2.563e-07,0.00022460920832430037
2.564e-07,-0.0004941407967856996
2.565e-07,-0.0031503904916756996
2.566e-07,-0.004494140491675699
2.567e-07,-0.0024003904916757
2.568e-07,-0.0004941407967856996
2.569e-07,-0.0017910154916756997
2.57e-07,-0.004494140491675699
2.571e-07,-0.0042441404916757
2.572e-07,-0.0004941407967856996
2.573e-07,0.0033652345083243
2.574e-07,0.0035058595083243002
2.575e-07,0.0006152345083243003
2.576e-07,-0.0004941407967856996
2.577e-07,0.0030214845083243007
2.578e-07,0.007505859508324301
2.579e-07,0.007552734508324301
2.58e-07,0.0035058595083243002
2.581e-07,-0.0003847657916756996
2.582e-07,-0.0004941407967856996
2.583e-07,0.0030371095083243007
2.584e-07,0.007505859508324301
2.585e-07,0.009443359508324301
2.586e-07,0.007505859508324301
2.587e-07,0.0030214845083243007
2.588e-07,-0.0004941407967856996
2.589e-07,-0.0011347657916756996
2.59e-07,-0.0004941407967856996
2.591e-07,-0.0002285157916756996
2.592e-07,-0.0004941407967856996
2.593e-07,-0.0004785157916756996
2.594e-07,-0.0004941407967856996
2.595e-07,-0.0008847657916756996
2.596e-07,-0.0004941407967856996
2.597e-07,0.0015839845083243005
2.598e-07,0.0035058595083243002
2.599e-07,0.0038808595083243006
2.6e-07,0.0035058595083243002
2.601e-07,0.0026308595083243003
2.602e-07,-0.0004941407967856996
2.603e-07,-0.005525390491675699
2.604e-07,-0.0084941404916757
2.605e-07,-0.0059628904916756995
2.606e-07,-0.0004941407967856996
2.607e-07,0.0034121095083243
2.608e-07,0.0035058595083243002
2.609e-07,0.0022089845083243
2.61e-07,0.0035058595083243002
2.611e-07,0.007099609508324301
2.612e-07,0.007505859508324301
2.613e-07,0.0027402345083243004
2.614e-07,-0.0004941407967856996
2.615e-07,0.0027246095083243004
2.616e-07,0.007505859508324301
2.617e-07,0.007099609508324301
2.618e-07,0.0035058595083243002
2.619e-07,0.002162109508324301
2.62e-07,0.0035058595083243002
2.621e-07,0.004318359508324301
2.622e-07,0.0035058595083243002
2.623e-07,0.0025996095083243003
2.624e-07,0.0035058595083243002
2.625e-07,0.005833984508324301
2.626e-07,0.007505859508324301
2.627e-07,0.0064433595083243
2.628e-07,0.0035058595083243002
2.629e-07,0.0009277345083243003
2.63e-07,-0.0004941407967856996
2.631e-07,-0.0017597654916756997
2.632e-07,-0.004494140491675699
2.633e-07,-0.007525390491675699
2.634e-07,-0.0084941404916757
2.635e-07,-0.0053691404916757
2.636e-07,-0.0004941407967856996
2.637e-07,0.0030214845083243007
2.638e-07,0.0035058595083243002
2.639e-07,0.0027089845083243004
2.64e-07,0.0035058595083243002
2.641e-07,0.006146484508324301
2.642e-07,0.007505859508324301
2.643e-07,0.0056777345083243004
2.644e-07,0.0035058595083243002
2.645e-07,0.0032246095083243
2.646e-07,0.0035058595083243002
2.647e-07,0.0017089845083243002
2.648e-07,-0.0004941407967856996
2.649e-07,8.398420832430036e-05
2.65e-07,0.0035058595083243002
2.651e-07,0.006927734508324301
2.652e-07,0.007505859508324301
2.653e-07,0.0045839845083243
2.654e-07,-0.0004941407967856996
2.655e-07,-0.004400390491675699
2.656e-07,-0.004494140491675699
2.657e-07,-0.0017128904916756996
2.658e-07,-0.0004941407967856996
2.659e-07,-0.0016816404916756996
2.66e-07,-0.0004941407967856996
2.661e-07,0.0056464845083243
2.662e-07,0.011505863508324301
2.663e-07,0.0103027335083243
2.664e-07,0.0035058595083243002
2.665e-07,-0.0027910154916756993
2.666e-07,-0.004494140491675699
2.667e-07,-0.0024785154916757
2.668e-07,-0.0004941407967856996
2.669e-07,-0.0011347657916756996
2.67e-07,-0.004494140491675699
2.671e-07,-0.007775390491675699
2.672e-07,-0.0084941404916757
2.673e-07,-0.006462890491675699
2.674e-07,-0.004494140491675699
2.675e-07,-0.0032597654916756997
2.676e-07,-0.0004941407967856996
2.677e-07,0.0044277345083243
2.678e-07,0.007505859508324301
2.679e-07,0.004927734508324301
2.68e-07,-0.0004941407967856996
2.681e-07,-0.0049472654916756995
2.682e-07,-0.0084941404916757
2.683e-07,-0.011806636491675699
2.684e-07,-0.0124941364916757
2.685e-07,-0.0087910154916757
2.686e-07,-0.004494140491675699
2.687e-07,-0.0034003904916757
2.688e-07,-0.004494140491675699
2.689e-07,-0.004837890491675699
2.69e-07,-0.004494140491675699
2.691e-07,-0.004416015491675699
2.692e-07,-0.004494140491675699
2.693e-07,-0.0042285154916757
2.694e-07,-0.004494140491675699
2.695e-07,-0.0062441404916757
2.696e-07,-0.0084941404916757
2.697e-07,-0.0093691404916757
2.698e-07,-0.0084941404916757
2.699e-07,-0.0062597654916757
2.7e-07,-0.004494140491675699
2.701e-07,-0.0041347654916757
2.702e-07,-0.004494140491675699
2.703e-07,-0.004712890491675699
2.704e-07,-0.004494140491675699
2.705e-07,-0.0033847654916757
2.706e-07,-0.0004941407967856996
2.707e-07,0.0029433595083243006
2.708e-07,0.0035058595083243002
2.709e-07,-0.0013535157916756996
2.71e-07,-0.0084941404916757
2.711e-07,-0.012947266491675699
2.712e-07,-0.0124941364916757
2.713e-07,-0.008462890491675699
2.714e-07,-0.004494140491675699
2.715e-07,-0.0030722654916756995
2.716e-07,-0.004494140491675699
2.717e-07,-0.0069941404916756995
2.718e-07,-0.0084941404916757
2.719e-07,-0.008337890491675699
2.72e-07,-0.0084941404916757
2.721e-07,-0.0091816404916757
2.722e-07,-0.0084941404916757
2.723e-07,-0.0059160154916756994
2.724e-07,-0.004494140491675699
2.725e-07,-0.006400390491675699
2.726e-07,-0.0084941404916757
2.727e-07,-0.007353515491675699
2.728e-07,-0.004494140491675699
2.729e-07,-0.0033066404916756997
2.73e-07,-0.004494140491675699
2.731e-07,-0.006634765491675699
2.732e-07,-0.0084941404916757
2.733e-07,-0.010244140491675699
2.734e-07,-0.0124941364916757
2.735e-07,-0.0139785164916757
2.736e-07,-0.0124941364916757
2.737e-07,-0.007791015491675699
2.738e-07,-0.004494140491675699
2.739e-07,-0.005775390491675699
2.74e-07,-0.0084941404916757
2.741e-07,-0.0089628904916757
2.742e-07,-0.0084941404916757
2.743e-07,-0.0089628904916757
2.744e-07,-0.0084941404916757
2.745e-07,-0.0059003904916756994
2.746e-07,-0.004494140491675699
2.747e-07,-0.007541015491675699
2.748e-07,-0.0124941364916757
2.749e-07,-0.014478516491675699
2.75e-07,-0.0124941364916757
2.751e-07,-0.0092753904916757
2.752e-07,-0.0084941404916757
2.753e-07,-0.010634766491675699
2.754e-07,-0.0124941364916757
2.755e-07,-0.0111660164916757
2.756e-07,-0.0084941404916757
2.757e-07,-0.007509765491675699
2.758e-07,-0.0084941404916757
2.759e-07,-0.010228515491675699
2.76e-07,-0.0124941364916757
2.761e-07,-0.014384766491675699
2.762e-07,-0.0124941364916757
2.763e-07,-0.0071191404916757
2.764e-07,-0.004494140491675699
2.765e-07,-0.0081816404916757
2.766e-07,-0.0124941364916757
2.767e-07,-0.012666016491675699
2.768e-07,-0.0124941364916757
2.769e-07,-0.016181636491675703
2.77e-07,-0.0204941364916757
2.771e-07,-0.019978516491675702
2.772e-07,-0.0164941364916757
2.773e-07,-0.0149628864916757
2.774e-07,-0.0164941364916757
2.775e-07,-0.0178535164916757
2.776e-07,-0.0164941364916757
2.777e-07,-0.0122910164916757
2.778e-07,-0.0084941404916757
2.779e-07,-0.0084941404916757
2.78e-07,-0.0124941364916757
2.781e-07,-0.0176816364916757
2.782e-07,-0.0204941364916757
2.783e-07,-0.019650386491675702
2.784e-07,-0.0164941364916757
2.785e-07,-0.0135097664916757
2.786e-07,-0.0124941364916757
2.787e-07,-0.012853516491675699
2.788e-07,-0.0124941364916757
2.789e-07,-0.011525386491675699
2.79e-07,-0.0124941364916757
2.791e-07,-0.0164003864916757
2.792e-07,-0.0204941364916757
2.793e-07,-0.020697266491675703
2.794e-07,-0.0164941364916757
2.795e-07,-0.0120097664916757
2.796e-07,-0.0124941364916757
2.797e-07,-0.0174160164916757
2.798e-07,-0.0204941364916757
2.799e-07,-0.0173691364916757
2.8e-07,-0.0124941364916757
2.801e-07,-0.0120722664916757
2.802e-07,-0.0164941364916757
2.803e-07,-0.019744136491675703
2.804e-07,-0.0164941364916757
2.805e-07,-0.0087285154916757
2.806e-07,-0.004494140491675699
2.807e-07,-0.0079160154916757
2.808e-07,-0.0124941364916757
2.809e-07,-0.0118535164916757
2.81e-07,-0.0084941404916757
2.811e-07,-0.0087285154916757
2.812e-07,-0.0124941364916757
2.813e-07,-0.015587886491675699
2.814e-07,-0.0164941364916757
2.815e-07,-0.0162753864916757
2.816e-07,-0.0164941364916757
2.817e-07,-0.016853516491675703
2.818e-07,-0.0164941364916757
2.819e-07,-0.014634766491675699
2.82e-07,-0.0124941364916757
2.821e-07,-0.0107441364916757
2.822e-07,-0.0084941404916757
2.823e-07,-0.005556640491675699
2.824e-07,-0.004494140491675699
2.825e-07,-0.007603515491675699
2.826e-07,-0.0124941364916757
2.827e-07,-0.0158847664916757
2.828e-07,-0.0164941364916757
2.829e-07,-0.0151035164916757
2.83e-07,-0.0124941364916757
2.831e-07,-0.009775390491675699
2.832e-07,-0.0084941404916757
2.833e-07,-0.0096503904916757
2.834e-07,-0.0124941364916757
2.835e-07,-0.0151347664916757
2.836e-07,-0.0164941364916757
2.837e-07,-0.0164003864916757
2.838e-07,-0.0164941364916757
2.839e-07,-0.0170253864916757
2.84e-07,-0.0164941364916757
2.841e-07,-0.0141035164916757
2.842e-07,-0.0124941364916757
2.843e-07,-0.0128066364916757
2.844e-07,-0.0124941364916757
2.845e-07,-0.009994140491675699
2.846e-07,-0.0084941404916757
2.847e-07,-0.0105566364916757
2.848e-07,-0.0124941364916757
2.849e-07,-0.0110410164916757
2.85e-07,-0.0084941404916757
2.851e-07,-0.0090722654916757
2.852e-07,-0.0124941364916757
2.853e-07,-0.015587886491675699
2.854e-07,-0.0164941364916757
2.855e-07,-0.016072266491675702
2.856e-07,-0.0164941364916757
2.857e-07,-0.0175097664916757
2.858e-07,-0.0164941364916757
2.859e-07,-0.0121972664916757
2.86e-07,-0.0084941404916757
2.861e-07,-0.0090097654916757
2.862e-07,-0.0124941364916757
2.863e-07,-0.0152910164916757
2.864e-07,-0.0164941364916757
2.865e-07,-0.016791016491675703
2.866e-07,-0.0164941364916757
2.867e-07,-0.0149472664916757
2.868e-07,-0.0124941364916757
2.869e-07,-0.010025390491675699
2.87e-07,-0.0084941404916757
2.871e-07,-0.0081816404916757
2.872e-07,-0.0084941404916757
2.873e-07,-0.0085722654916757
2.874e-07,-0.0084941404916757
2.875e-07,-0.0085566404916757
2.876e-07,-0.0084941404916757
2.877e-07,-0.008384765491675699
2.878e-07,-0.0084941404916757
2.879e-07,-0.0089472654916757
2.88e-07,-0.0084941404916757
2.881e-07,-0.006712890491675699
2.882e-07,-0.004494140491675699
2.883e-07,-0.0035566404916757
2.884e-07,-0.004494140491675699
2.885e-07,-0.006587890491675699
2.886e-07,-0.0084941404916757
2.887e-07,-0.010009765491675699
2.888e-07,-0.0124941364916757
2.889e-07,-0.0155097664916757
2.89e-07,-0.0164941364916757
2.891e-07,-0.0133535164916757
2.892e-07,-0.0084941404916757
2.893e-07,-0.0052910154916757
2.894e-07,-0.004494140491675699
2.895e-07,-0.004587890491675699
2.896e-07,-0.004494140491675699
2.897e-07,-0.0041972654916757
2.898e-07,-0.004494140491675699
2.899e-07,-0.0061191404916757
2.9e-07,-0.0084941404916757
2.901e-07,-0.0109316364916757
2.902e-07,-0.0124941364916757
2.903e-07,-0.0120097664916757
2.904e-07,-0.0084941404916757
2.905e-07,-0.0032285154916756997
2.906e-07,-0.0004941407967856996
2.907e-07,-0.0030722654916756995
2.908e-07,-0.0084941404916757
2.909e-07,-0.0122441364916757
2.91e-07,-0.0124941364916757
2.911e-07,-0.010384765491675699
2.912e-07,-0.0084941404916757
2.913e-07,-0.0080722654916757
2.914e-07,-0.0084941404916757
2.915e-07,-0.0085410154916757
2.916e-07,-0.0084941404916757
2.917e-07,-0.0086347654916757
2.918e-07,-0.0084941404916757
2.919e-07,-0.0079003904916757
2.92e-07,-0.0084941404916757
2.921e-07,-0.009853515491675699
2.922e-07,-0.0084941404916757
2.923e-07,-0.0034785154916757
2.924e-07,-0.0004941407967856996
2.925e-07,-0.0035253904916757
2.926e-07,-0.0084941404916757
2.927e-07,-0.0097597654916757
2.928e-07,-0.0084941404916757
2.929e-07,-0.0071191404916757
2.93e-07,-0.004494140491675699
2.931e-07,0.0004746092083243004
2.932e-07,0.0035058595083243002
2.933e-07,0.0017402345083243002
2.934e-07,-0.0004941407967856996
2.935e-07,0.0009589845083243004
2.936e-07,0.0035058595083243002
2.937e-07,0.0036152345083243003
2.938e-07,0.0035058595083243002
2.939e-07,0.0055996095083243
2.94e-07,0.007505859508324301
2.941e-07,0.006052734508324301
2.942e-07,0.0035058595083243002
2.943e-07,0.0026933595083243004
2.944e-07,0.0035058595083243002
2.945e-07,0.0038339845083243005
2.946e-07,0.0035058595083243002
2.947e-07,0.004224609508324301
2.948e-07,0.007505859508324301
2.949e-07,0.0103808635083243
2.95e-07,0.007505859508324301
2.951e-07,-0.0015253904916756997
2.952e-07,-0.0084941404916757
2.953e-07,-0.006431640491675699
2.954e-07,-0.0004941407967856996
2.955e-07,0.0017558595083243002
2.956e-07,-0.0004941407967856996
2.957e-07,-0.0031191404916756996
2.958e-07,-0.004494140491675699
2.959e-07,-0.0039628904916756994
2.96e-07,-0.0004941407967856996
2.961e-07,0.006068359508324301
2.962e-07,0.011505863508324301
2.963e-07,0.011724613508324301
2.964e-07,0.007505859508324301
2.965e-07,0.0022246095083243
2.966e-07,-0.0004941407967856996
2.967e-07,0.0003808592083243004
2.968e-07,0.0035058595083243002
2.969e-07,0.0064277345083243
2.97e-07,0.007505859508324301
2.971e-07,0.007083984508324301
2.972e-07,0.007505859508324301
2.973e-07,0.0087558595083243
2.974e-07,0.007505859508324301
2.975e-07,0.0028964845083243006
2.976e-07,-0.0004941407967856996
2.977e-07,0.0008183595083243005
2.978e-07,0.0035058595083243002
2.979e-07,0.0037558595083243005
2.98e-07,0.0035058595083243002
2.981e-07,0.0054433595083243
2.982e-07,0.007505859508324301
2.983e-07,0.0063808595083243
2.984e-07,0.0035058595083243002
2.985e-07,0.0023183595083243
2.986e-07,0.0035058595083243002
2.987e-07,0.0047714845083243005
2.988e-07,0.0035058595083243002
2.989e-07,-0.0004785157916756996
2.99e-07,-0.004494140491675699
2.991e-07,-0.005541015491675699
2.992e-07,-0.004494140491675699
2.993e-07,-0.0024316404916757
2.994e-07,-0.0004941407967856996
2.995e-07,0.0018183595083243003
2.996e-07,0.0035058595083243002
2.997e-07,0.003912109508324301
2.998e-07,0.0035058595083243002
2.999e-07,0.004177734508324301
3e-07,0.007505859508324301
3.001e-07,0.0123964835083243
3.002e-07,0.0155058635083243
3.003e-07,0.0143808635083243
3.004e-07,0.011505863508324301
3.005e-07,0.009271484508324301
3.006e-07,0.007505859508324301
3.007e-07,0.005146484508324301
3.008e-07,0.0035058595083243002
3.009e-07,0.0045058595083243
3.01e-07,0.007505859508324301
3.011e-07,0.0103652335083243
3.012e-07,0.011505863508324301
3.013e-07,0.0113339835083243
3.014e-07,0.011505863508324301
3.015e-07,0.0122246135083243
3.016e-07,0.011505863508324301
3.017e-07,0.0088808595083243
3.018e-07,0.007505859508324301
3.019e-07,0.009224609508324301
3.02e-07,0.011505863508324301
3.021e-07,0.010708983508324301
3.022e-07,0.007505859508324301
3.023e-07,0.0058027345083243006
3.024e-07,0.007505859508324301
3.025e-07,0.0110058635083243
3.026e-07,0.011505863508324301
3.027e-07,0.007552734508324301
3.028e-07,0.0035058595083243002
3.029e-07,0.004068359508324301
3.03e-07,0.007505859508324301
3.031e-07,0.0112558635083243
3.032e-07,0.0155058635083243
3.033e-07,0.0196777335083243
3.034e-07,0.019505863508324298
3.035e-07,0.0131933635083243
3.036e-07,0.007505859508324301
3.037e-07,0.0090527345083243
3.038e-07,0.0155058635083243
3.039e-07,0.020005863508324298
3.04e-07,0.019505863508324298
3.041e-07,0.0154902335083243
3.042e-07,0.011505863508324301
3.043e-07,0.010130863508324301
3.044e-07,0.011505863508324301
3.045e-07,0.0141777335083243
3.046e-07,0.0155058635083243
3.047e-07,0.0152714835083243
3.048e-07,0.0155058635083243
3.049e-07,0.0172089835083243
3.05e-07,0.019505863508324298
3.051e-07,0.0203339835083243
3.052e-07,0.019505863508324298
3.053e-07,0.018615233508324298
3.054e-07,0.019505863508324298
3.055e-07,0.0208652335083243
3.056e-07,0.019505863508324298
3.057e-07,0.0139277335083243
3.058e-07,0.007505859508324301
3.059e-07,0.005193359508324301
3.06e-07,0.007505859508324301
3.061e-07,0.0120214835083243
3.062e-07,0.0155058635083243
3.063e-07,0.0165527335083243
3.064e-07,0.0155058635083243
3.065e-07,0.014427733508324301
3.066e-07,0.0155058635083243
3.067e-07,0.0183808635083243
3.068e-07,0.019505863508324298
3.069e-07,0.0165527335083243
3.07e-07,0.011505863508324301
3.071e-07,0.0081308595083243
3.072e-07,0.007505859508324301
3.073e-07,0.0090527345083243
3.074e-07,0.011505863508324301
3.075e-07,0.0142402335083243
3.076e-07,0.0155058635083243
3.077e-07,0.0163496135083243
3.078e-07,0.019505863508324298
3.079e-07,0.0248808635083243
3.08e-07,0.027505863508324298
3.081e-07,0.0242402335083243
3.082e-07,0.019505863508324298
3.083e-07,0.019052733508324298
3.084e-07,0.023505863508324298
3.085e-07,0.0277714835083243
3.086e-07,0.027505863508324298
3.087e-07,0.022974613508324297
3.088e-07,0.019505863508324298
3.089e-07,0.0204746135083243
3.09e-07,0.023505863508324298
3.091e-07,0.0245683635083243
3.092e-07,0.023505863508324298
3.093e-07,0.022865233508324298
3.094e-07,0.023505863508324298
3.095e-07,0.0240527335083243
3.096e-07,0.023505863508324298
3.097e-07,0.0217089835083243
3.098e-07,0.019505863508324298
3.099e-07,0.0184746135083243
3.1e-07,0.019505863508324298
3.101e-07,0.0219121135083243
3.102e-07,0.023505863508324298
3.103e-07,0.0226933635083243
3.104e-07,0.019505863508324298
3.105e-07,0.0162402335083243
3.106e-07,0.0155058635083243
3.107e-07,0.0177558635083243
3.108e-07,0.019505863508324298
3.109e-07,0.019146483508324298
3.11e-07,0.019505863508324298
3.111e-07,0.0220683635083243
3.112e-07,0.023505863508324298
3.113e-07,0.0212089835083243
3.114e-07,0.019505863508324298
3.115e-07,0.0214589835083243
3.116e-07,0.023505863508324298
3.117e-07,0.0207089835083243
3.118e-07,0.0155058635083243
3.119e-07,0.0123808635083243
3.12e-07,0.011505863508324301
3.121e-07,0.0104433635083243
3.122e-07,0.007505859508324301
3.123e-07,0.0046933595083243
3.124e-07,0.0035058595083243002
3.125e-07,0.005115234508324301
3.126e-07,0.007505859508324301
3.127e-07,0.009599613508324301
3.128e-07,0.011505863508324301
3.129e-07,0.014865233508324301
3.13e-07,0.019505863508324298
3.131e-07,0.023099613508324297
3.132e-07,0.023505863508324298
3.133e-07,0.020068363508324298
3.134e-07,0.0155058635083243
3.135e-07,0.0123339835083243
3.136e-07,0.011505863508324301
3.137e-07,0.0117714835083243
3.138e-07,0.011505863508324301
3.139e-07,0.0108808635083243
3.14e-07,0.011505863508324301
3.141e-07,0.013818363508324301
3.142e-07,0.0155058635083243
3.143e-07,0.0154902335083243
3.144e-07,0.0155058635083243
3.145e-07,0.0172871135083243
3.146e-07,0.019505863508324298
3.147e-07,0.018896483508324298
3.148e-07,0.0155058635083243
3.149e-07,0.0119277335083243
3.15e-07,0.011505863508324301
3.151e-07,0.0140527335083243
3.152e-07,0.0155058635083243
3.153e-07,0.012646483508324301
3.154e-07,0.007505859508324301
3.155e-07,0.004083984508324301
3.156e-07,0.0035058595083243002
3.157e-07,0.005037109508324301
3.158e-07,0.007505859508324301
3.159e-07,0.0104277335083243
3.16e-07,0.011505863508324301
3.161e-07,0.0099589835083243
3.162e-07,0.007505859508324301
3.163e-07,0.0056933595083243005
3.164e-07,0.0035058595083243002
3.165e-07,0.0017089845083243002
3.166e-07,0.0035058595083243002
3.167e-07,0.0098339835083243
3.168e-07,0.0155058635083243
3.169e-07,0.0154121135083243
3.17e-07,0.011505863508324301
3.171e-07,0.0083183595083243
3.172e-07,0.007505859508324301
3.173e-07,0.007615234508324301
3.174e-07,0.007505859508324301
3.175e-07,0.007224609508324301
3.176e-07,0.007505859508324301
3.177e-07,0.0080371095083243
3.178e-07,0.007505859508324301
3.179e-07,0.0054902345083243
3.18e-07,0.0035058595083243002
3.181e-07,0.0032089845083243
3.182e-07,0.0035058595083243002
3.183e-07,0.0034277345083243
3.184e-07,0.0035058595083243002
3.185e-07,0.005099609508324301
3.186e-07,0.007505859508324301
3.187e-07,0.0088496095083243
3.188e-07,0.007505859508324301
3.189e-07,0.0045683595083243
3.19e-07,0.0035058595083243002
3.191e-07,0.0055996095083243
3.192e-07,0.007505859508324301
3.193e-07,0.007193359508324301
3.194e-07,0.007505859508324301
3.195e-07,0.0103027335083243
3.196e-07,0.011505863508324301
3.197e-07,0.0079121095083243
3.198e-07,0.0035058595083243002
3.199e-07,0.0037089845083243004
3.2e-07,0.007505859508324301
3.201e-07,0.0105683635083243
3.202e-07,0.011505863508324301
3.203e-07,0.0114277335083243
3.204e-07,0.011505863508324301
3.205e-07,0.0116464835083243
3.206e-07,0.011505863508324301
3.207e-07,0.0103183635083243
3.208e-07,0.007505859508324301
3.209e-07,0.004333984508324301
3.21e-07,0.0035058595083243002
3.211e-07,0.0055371095083243
3.212e-07,0.007505859508324301
3.213e-07,0.007583984508324301
3.214e-07,0.007505859508324301
3.215e-07,0.009333984508324301
3.216e-07,0.011505863508324301
3.217e-07,0.0108183635083243
3.218e-07,0.007505859508324301
3.219e-07,0.004240234508324301
3.22e-07,0.0035058595083243002
3.221e-07,0.005333984508324301
3.222e-07,0.007505859508324301
3.223e-07,0.007255859508324301
3.224e-07,0.0035058595083243002
3.225e-07,-0.0015410154916756997
3.226e-07,-0.004494140491675699
3.227e-07,-0.0033535154916756998
3.228e-07,-0.0004941407967856996
3.229e-07,0.0019277345083243004
3.23e-07,0.0035058595083243002
3.231e-07,0.005271484508324301
3.232e-07,0.007505859508324301
3.233e-07,0.0086152345083243
3.234e-07,0.007505859508324301
3.235e-07,0.0048027345083243005
3.236e-07,0.0035058595083243002
3.237e-07,0.004068359508324301
3.238e-07,0.0035058595083243002
3.239e-07,-0.0004628907916756996
3.24e-07,-0.004494140491675699
3.241e-07,-0.0051347654916757
3.242e-07,-0.004494140491675699
3.243e-07,-0.004744140491675699
3.244e-07,-0.004494140491675699
3.245e-07,-0.0018691404916756995
3.246e-07,-0.0004941407967856996
3.247e-07,-0.0025097654916757
3.248e-07,-0.004494140491675699
3.249e-07,-0.0028847654916756994
3.25e-07,-0.0004941407967856996
3.251e-07,-0.0004628907916756996
3.252e-07,-0.0004941407967856996
3.253e-07,0.0017558595083243002
3.254e-07,0.0035058595083243002
3.255e-07,0.0018183595083243003
3.256e-07,-0.0004941407967856996
3.257e-07,-0.0006972657916756996
3.258e-07,-0.0004941407967856996
3.259e-07,-0.0024003904916757
3.26e-07,-0.004494140491675699
3.261e-07,-0.0035410154916757
3.262e-07,-0.0004941407967856996
3.263e-07,0.0011933595083243004
3.264e-07,-0.0004941407967856996
3.265e-07,-0.004634765491675699
3.266e-07,-0.0084941404916757
3.267e-07,-0.0086503904916757
3.268e-07,-0.004494140491675699
3.269e-07,0.0012714845083243004
3.27e-07,0.0035058595083243002
3.271e-07,0.00030273420832430033
3.272e-07,-0.004494140491675699
3.273e-07,-0.0062441404916757
3.274e-07,-0.004494140491675699
3.275e-07,-0.0017441404916756996
3.276e-07,-0.0004941407967856996
3.277e-07,-0.0005722658016756996
3.278e-07,-0.0004941407967856996
3.279e-07,0.00011523420832430038
3.28e-07,-0.0004941407967856996
3.281e-07,-0.0027910154916756993
3.282e-07,-0.004494140491675699
3.283e-07,-0.0033222654916756997
3.284e-07,-0.0004941407967856996
3.285e-07,0.0017558595083243002
3.286e-07,0.0035058595083243002
3.287e-07,0.0056464845083243
3.288e-07,0.007505859508324301
3.289e-07,0.007005859508324301
3.29e-07,0.0035058595083243002
3.291e-07,-0.0014160157916756995
3.292e-07,-0.004494140491675699
3.293e-07,-0.0037910154916756993
3.294e-07,-0.0004941407967856996
3.295e-07,0.0024277345083243
3.296e-07,0.0035058595083243002
3.297e-07,0.0033808595083243
3.298e-07,0.0035058595083243002
3.299e-07,0.003974609508324301
3.3e-07,0.0035058595083243002
3.301e-07,0.0006464845083243003
3.302e-07,-0.004494140491675699
3.303e-07,-0.0088535154916757
3.304e-07,-0.0084941404916757
3.305e-07,-0.003681640491675699
3.306e-07,-0.0004941407967856996
3.307e-07,-0.0022441404916756997
3.308e-07,-0.004494140491675699
3.309e-07,-0.0028378904916756993
3.31e-07,-0.0004941407967856996
3.311e-07,-0.0016972654916756996
3.312e-07,-0.004494140491675699
3.313e-07,-0.0051035154916757
3.314e-07,-0.004494140491675699
3.315e-07,-0.005697265491675699
3.316e-07,-0.0084941404916757
3.317e-07,-0.009994140491675699
3.318e-07,-0.0084941404916757
3.319e-07,-0.0053691404916757
3.32e-07,-0.004494140491675699
3.321e-07,-0.006806640491675699
3.322e-07,-0.0084941404916757
3.323e-07,-0.006666015491675699
3.324e-07,-0.004494140491675699
3.325e-07,-0.005681640491675699
3.326e-07,-0.0084941404916757
3.327e-07,-0.0092285154916757
3.328e-07,-0.0084941404916757
3.329e-07,-0.0082597654916757
3.33e-07,-0.0084941404916757
3.331e-07,-0.0082285154916757
3.332e-07,-0.0084941404916757
3.333e-07,-0.0093535154916757
3.334e-07,-0.0084941404916757
3.335e-07,-0.004634765491675699
3.336e-07,-0.0004941407967856996
3.337e-07,0.0007714845083243004
3.338e-07,-0.0004941407967856996
3.339e-07,-0.0026503904916757
3.34e-07,-0.004494140491675699
3.341e-07,-0.0063378904916757
3.342e-07,-0.0084941404916757
3.343e-07,-0.009884765491675699
3.344e-07,-0.0084941404916757
3.345e-07,-0.0051972654916757
3.346e-07,-0.004494140491675699
3.347e-07,-0.007400390491675699
3.348e-07,-0.0084941404916757
3.349e-07,-0.0043378904916757
3.35e-07,-0.0004941407967856996
3.351e-07,-0.0028847654916756994
3.352e-07,-0.0084941404916757
3.353e-07,-0.010791016491675699
3.354e-07,-0.0084941404916757
3.355e-07,-0.0052285154916757
3.356e-07,-0.004494140491675699
3.357e-07,-0.0063378904916757
3.358e-07,-0.0084941404916757
3.359e-07,-0.0089785154916757
3.36e-07,-0.0084941404916757
3.361e-07,-0.008384765491675699
3.362e-07,-0.0084941404916757
3.363e-07,-0.0072753904916757
3.364e-07,-0.004494140491675699
3.365e-07,-0.0018378904916756995
3.366e-07,-0.0004941407967856996
3.367e-07,-0.0014003907916756997
3.368e-07,-0.004494140491675699
3.369e-07,-0.007791015491675699
3.37e-07,-0.0084941404916757
3.371e-07,-0.0071191404916757
3.372e-07,-0.0084941404916757
3.373e-07,-0.0137285164916757
3.374e-07,-0.0164941364916757
3.375e-07,-0.0116972664916757
3.376e-07,-0.004494140491675699
3.377e-07,-0.0010722657916756996
3.378e-07,-0.0004941407967856996
3.379e-07,0.00022460920832430037
3.38e-07,-0.0004941407967856996
3.381e-07,-0.004728515491675699
3.382e-07,-0.0084941404916757
3.383e-07,-0.007806640491675699
3.384e-07,-0.004494140491675699
3.385e-07,-0.0031191404916756996
3.386e-07,-0.004494140491675699
3.387e-07,-0.0069628904916756995
3.388e-07,-0.0084941404916757
3.389e-07,-0.0087285154916757
3.39e-07,-0.0084941404916757
3.391e-07,-0.008337890491675699
3.392e-07,-0.0084941404916757
3.393e-07,-0.0085097654916757
3.394e-07,-0.0084941404916757
3.395e-07,-0.0094628904916757
3.396e-07,-0.0124941364916757
3.397e-07,-0.0158535164916757
3.398e-07,-0.0164941364916757
3.399e-07,-0.0128691364916757
3.4e-07,-0.0084941404916757
3.401e-07,-0.0070566404916757
3.402e-07,-0.0084941404916757
3.403e-07,-0.009775390491675699
3.404e-07,-0.0084941404916757
3.405e-07,-0.005759765491675699
3.406e-07,-0.004494140491675699
3.407e-07,-0.0062285154916757
3.408e-07,-0.0084941404916757
3.409e-07,-0.0090566404916757
3.41e-07,-0.0084941404916757
3.411e-07,-0.0093691404916757
3.412e-07,-0.0124941364916757
3.413e-07,-0.0156035164916757
3.414e-07,-0.0164941364916757
3.415e-07,-0.014572266491675699
3.416e-07,-0.0124941364916757
3.417e-07,-0.0120097664916757
3.418e-07,-0.0124941364916757
3.419e-07,-0.011462886491675699
3.42e-07,-0.0084941404916757
3.421e-07,-0.005447265491675699
3.422e-07,-0.004494140491675699
3.423e-07,-0.0061660154916757
3.424e-07,-0.0084941404916757
3.425e-07,-0.0094472654916757
3.426e-07,-0.0084941404916757
3.427e-07,-0.007447265491675699
3.428e-07,-0.0084941404916757
3.429e-07,-0.0110722664916757
3.43e-07,-0.0124941364916757
3.431e-07,-0.0109003864916757
3.432e-07,-0.0084941404916757
3.433e-07,-0.0078222654916757
3.434e-07,-0.0084941404916757
3.435e-07,-0.0079003904916757
3.436e-07,-0.004494140491675699
3.437e-07,0.00022460920832430037
3.438e-07,0.0035058595083243002
3.439e-07,0.0029433595083243006
3.44e-07,-0.0004941407967856996
3.441e-07,-0.0049628904916756995
3.442e-07,-0.0084941404916757
3.443e-07,-0.010853516491675699
3.444e-07,-0.0124941364916757
3.445e-07,-0.0132441364916757
3.446e-07,-0.0124941364916757
3.447e-07,-0.010134765491675699
3.448e-07,-0.0084941404916757
3.449e-07,-0.008431640491675699
3.45e-07,-0.0084941404916757
3.451e-07,-0.007619140491675699
3.452e-07,-0.0084941404916757
3.453e-07,-0.011525386491675699
3.454e-07,-0.0124941364916757
3.455e-07,-0.0085722654916757
3.456e-07,-0.004494140491675699
3.457e-07,-0.0051972654916757
3.458e-07,-0.0084941404916757
3.459e-07,-0.0097441404916757
3.46e-07,-0.0084941404916757
3.461e-07,-0.006712890491675699
3.462e-07,-0.004494140491675699
3.463e-07,-0.0017753904916756997
3.464e-07,-0.0004941407967856996
3.465e-07,-0.0021816404916756996
3.466e-07,-0.004494140491675699
3.467e-07,-0.0060097654916756995
3.468e-07,-0.0084941404916757
3.469e-07,-0.0120566364916757
3.47e-07,-0.0124941364916757
3.471e-07,-0.0082128904916757
3.472e-07,-0.004494140491675699
3.473e-07,-0.005712890491675699
3.474e-07,-0.0084941404916757
3.475e-07,-0.007494140491675699
3.476e-07,-0.004494140491675699
3.477e-07,-0.004462890491675699
3.478e-07,-0.0084941404916757
3.479e-07,-0.0135722664916757
3.48e-07,-0.0164941364916757
3.481e-07,-0.0148066364916757
3.482e-07,-0.0084941404916757
3.483e-07,-0.0015253904916756997
3.484e-07,-0.0004941407967856996
3.485e-07,-0.006587890491675699
3.486e-07,-0.0124941364916757
3.487e-07,-0.0120253864916757
3.488e-07,-0.0084941404916757
3.489e-07,-0.007400390491675699
3.49e-07,-0.0084941404916757
3.491e-07,-0.0087285154916757
3.492e-07,-0.0084941404916757
3.493e-07,-0.0090722654916757
3.494e-07,-0.0084941404916757
3.495e-07,-0.005681640491675699
3.496e-07,-0.004494140491675699
3.497e-07,-0.006744140491675699
3.498e-07,-0.0084941404916757
3.499e-07,-0.006712890491675699
3.5e-07,-0.004494140491675699
3.501e-07,-0.005744140491675699
3.502e-07,-0.0084941404916757
3.503e-07,-0.008322265491675699
3.504e-07,-0.004494140491675699
3.505e-07,-0.0006660157916756997
3.506e-07,-0.0004941407967856996
3.507e-07,-0.004400390491675699
3.508e-07,-0.0084941404916757
3.509e-07,-0.0095253904916757
3.51e-07,-0.0084941404916757
3.511e-07,-0.0078535154916757
3.512e-07,-0.0084941404916757
3.513e-07,-0.0089628904916757
3.514e-07,-0.0084941404916757
3.515e-07,-0.0078535154916757
3.516e-07,-0.0084941404916757
3.517e-07,-0.0096660154916757
3.518e-07,-0.0084941404916757
3.519e-07,-0.0041035154916757
3.52e-07,-0.0004941407967856996
3.521e-07,-0.0013066407916756996
3.522e-07,-0.004494140491675699
3.523e-07,-0.0068847654916756994
3.524e-07,-0.0084941404916757
3.525e-07,-0.0107753864916757
3.526e-07,-0.0124941364916757
3.527e-07,-0.011650386491675699
3.528e-07,-0.0084941404916757
3.529e-07,-0.0053222654916757
3.53e-07,-0.004494140491675699
3.531e-07,-0.0061972654916757
3.532e-07,-0.0084941404916757
3.533e-07,-0.010087890491675699
3.534e-07,-0.0124941364916757
3.535e-07,-0.0157285164916757
3.536e-07,-0.0164941364916757
3.537e-07,-0.012853516491675699
3.538e-07,-0.0084941404916757
3.539e-07,-0.0073222654916757
3.54e-07,-0.0084941404916757
3.541e-07,-0.0089160154916757
3.542e-07,-0.0084941404916757
3.543e-07,-0.0094316404916757
3.544e-07,-0.0124941364916757
3.545e-07,-0.0157441364916757
3.546e-07,-0.0164941364916757
3.547e-07,-0.013369136491675699
3.548e-07,-0.0084941404916757
3.549e-07,-0.0059472654916756995
3.55e-07,-0.0084941404916757
3.551e-07,-0.0140722664916757
3.552e-07,-0.0164941364916757
3.553e-07,-0.0130410164916757
3.554e-07,-0.0084941404916757
3.555e-07,-0.007603515491675699
3.556e-07,-0.0084941404916757
3.557e-07,-0.008337890491675699
3.558e-07,-0.0084941404916757
3.559e-07,-0.0117910164916757
3.56e-07,-0.0164941364916757
3.561e-07,-0.0183066364916757
3.562e-07,-0.0164941364916757
3.563e-07,-0.013369136491675699
3.564e-07,-0.0124941364916757
3.565e-07,-0.0145566364916757
3.566e-07,-0.0164941364916757
3.567e-07,-0.015369136491675699
3.568e-07,-0.0124941364916757
3.569e-07,-0.010166015491675699
3.57e-07,-0.0084941404916757
3.571e-07,-0.007447265491675699
3.572e-07,-0.0084941404916757
3.573e-07,-0.012509766491675699
3.574e-07,-0.0164941364916757
3.575e-07,-0.0175722664916757
3.576e-07,-0.0164941364916757
3.577e-07,-0.015619136491675699
3.578e-07,-0.0164941364916757
3.579e-07,-0.0176191364916757
3.58e-07,-0.0164941364916757
3.581e-07,-0.0132441364916757
3.582e-07,-0.0124941364916757
3.583e-07,-0.0153535164916757
3.584e-07,-0.0164941364916757
3.585e-07,-0.0124003864916757
3.586e-07,-0.0084941404916757
3.587e-07,-0.009931640491675699
3.588e-07,-0.0124941364916757
3.589e-07,-0.0111816364916757
3.59e-07,-0.0084941404916757
3.591e-07,-0.0095097654916757
3.592e-07,-0.0124941364916757
3.593e-07,-0.0135097664916757
3.594e-07,-0.0124941364916757
3.595e-07,-0.011806636491675699
3.596e-07,-0.0124941364916757
3.597e-07,-0.0141660164916757
3.598e-07,-0.0164941364916757
3.599e-07,-0.0187441364916757
3.6e-07,-0.0204941364916757
3.601e-07,-0.020009766491675702
3.602e-07,-0.0164941364916757
3.603e-07,-0.0111972664916757
3.604e-07,-0.0084941404916757
3.605e-07,-0.010244140491675699
3.606e-07,-0.0124941364916757
3.607e-07,-0.0115097664916757
3.608e-07,-0.0084941404916757
3.609e-07,-0.0072128904916757
3.61e-07,-0.0084941404916757
3.611e-07,-0.010884766491675699
3.612e-07,-0.0124941364916757
3.613e-07,-0.0139160164916757
3.614e-07,-0.0164941364916757
3.615e-07,-0.0196660164916757
3.616e-07,-0.0204941364916757
3.617e-07,-0.016978516491675703
3.618e-07,-0.0124941364916757
3.619e-07,-0.010853516491675699
3.62e-07,-0.0124941364916757
3.621e-07,-0.0149003864916757
3.622e-07,-0.0164941364916757
3.623e-07,-0.016947266491675703
3.624e-07,-0.0164941364916757
3.625e-07,-0.0150097664916757
3.626e-07,-0.0124941364916757
3.627e-07,-0.009791015491675699
3.628e-07,-0.0084941404916757
3.629e-07,-0.009931640491675699
3.63e-07,-0.0124941364916757
3.631e-07,-0.0147128864916757
3.632e-07,-0.0164941364916757
3.633e-07,-0.0176035164916757
3.634e-07,-0.0164941364916757
3.635e-07,-0.013400386491675699
3.636e-07,-0.0124941364916757
3.637e-07,-0.0160878864916757
3.638e-07,-0.0204941364916757
3.639e-07,-0.0215097664916757
3.64e-07,-0.0204941364916757
3.641e-07,-0.019337886491675702
3.642e-07,-0.0164941364916757
3.643e-07,-0.0112441364916757
3.644e-07,-0.0084941404916757
3.645e-07,-0.011650386491675699
3.646e-07,-0.0164941364916757
3.647e-07,-0.0185722664916757
3.648e-07,-0.0204941364916757
3.649e-07,-0.023962886491675703
3.65e-07,-0.0244941364916757
3.651e-07,-0.0189785164916757
3.652e-07,-0.0124941364916757
3.653e-07,-0.011009766491675699
3.654e-07,-0.0124941364916757
3.655e-07,-0.011806636491675699
3.656e-07,-0.0084941404916757
3.657e-07,-0.007447265491675699
3.658e-07,-0.0124941364916757
3.659e-07,-0.0219003864916757
3.66e-07,-0.0284941364916757
3.661e-07,-0.026962886491675702
3.662e-07,-0.0204941364916757
3.663e-07,-0.0159628864916757
3.664e-07,-0.0164941364916757
3.665e-07,-0.019462886491675702
3.666e-07,-0.0204941364916757
3.667e-07,-0.0172753864916757
3.668e-07,-0.0124941364916757
3.669e-07,-0.010103515491675699
3.67e-07,-0.0124941364916757
3.671e-07,-0.0186191364916757
3.672e-07,-0.0244941364916757
3.673e-07,-0.0266972664916757
3.674e-07,-0.0244941364916757
3.675e-07,-0.0188535164916757
3.676e-07,-0.0124941364916757
3.677e-07,-0.008353515491675699
3.678e-07,-0.0084941404916757
3.679e-07,-0.0124628864916757
3.68e-07,-0.0164941364916757
3.681e-07,-0.0176503864916757
3.682e-07,-0.0164941364916757
3.683e-07,-0.0157128864916757
3.684e-07,-0.0164941364916757
3.685e-07,-0.0176816364916757
3.686e-07,-0.0164941364916757
3.687e-07,-0.013400386491675699
3.688e-07,-0.0124941364916757
3.689e-07,-0.015947266491675702
3.69e-07,-0.0204941364916757
3.691e-07,-0.0216347664916757
3.692e-07,-0.0204941364916757
3.693e-07,-0.019916016491675702
3.694e-07,-0.0204941364916757
3.695e-07,-0.020697266491675703
3.696e-07,-0.0204941364916757
3.697e-07,-0.019462886491675702
3.698e-07,-0.0164941364916757
3.699e-07,-0.011775386491675699
3.7e-07,-0.0084941404916757
3.701e-07,-0.0092910154916757
3.702e-07,-0.0124941364916757
3.703e-07,-0.015431636491675699
3.704e-07,-0.0164941364916757
3.705e-07,-0.0164628864916757
3.706e-07,-0.0164941364916757
3.707e-07,-0.0166503864916757
3.708e-07,-0.0164941364916757
3.709e-07,-0.0160253864916757
3.71e-07,-0.0164941364916757
3.711e-07,-0.0184628864916757
3.712e-07,-0.0204941364916757
3.713e-07,-0.019994136491675703
3.714e-07,-0.0164941364916757
3.715e-07,-0.0116972664916757
3.716e-07,-0.0084941404916757
3.717e-07,-0.0089160154916757
3.718e-07,-0.0124941364916757
3.719e-07,-0.0171972664916757
3.72e-07,-0.0204941364916757
3.721e-07,-0.0213847664916757
3.722e-07,-0.0204941364916757
3.723e-07,-0.0185722664916757
3.724e-07,-0.0164941364916757
3.725e-07,-0.0144316364916757
3.726e-07,-0.0124941364916757
3.727e-07,-0.0122910164916757
3.728e-07,-0.0164941364916757
3.729e-07,-0.0229472664916757
3.73e-07,-0.0244941364916757
3.731e-07,-0.0183847664916757
3.732e-07,-0.0124941364916757
3.733e-07,-0.013369136491675699
3.734e-07,-0.0164941364916757
3.735e-07,-0.015400386491675699
3.736e-07,-0.0124941364916757
3.737e-07,-0.0130722664916757
3.738e-07,-0.0164941364916757
3.739e-07,-0.0180566364916757
3.74e-07,-0.0164941364916757
3.741e-07,-0.0139160164916757
3.742e-07,-0.0124941364916757
3.743e-07,-0.0126191364916757
3.744e-07,-0.0124941364916757
3.745e-07,-0.0107441364916757
3.746e-07,-0.0084941404916757
3.747e-07,-0.007775390491675699
3.748e-07,-0.0084941404916757
3.749e-07,-0.010009765491675699
3.75e-07,-0.0124941364916757
3.751e-07,-0.0154472664916757
3.752e-07,-0.0164941364916757
3.753e-07,-0.0145566364916757
3.754e-07,-0.0124941364916757
3.755e-07,-0.0123378864916757
3.756e-07,-0.0124941364916757
3.757e-07,-0.0108066364916757
3.758e-07,-0.0084941404916757
3.759e-07,-0.007697265491675699
3.76e-07,-0.0084941404916757
3.761e-07,-0.0091191404916757
3.762e-07,-0.0084941404916757
3.763e-07,-0.007619140491675699
3.764e-07,-0.0084941404916757
3.765e-07,-0.0110410164916757
3.766e-07,-0.0124941364916757
3.767e-07,-0.0107441364916757
3.768e-07,-0.0084941404916757
3.769e-07,-0.0082910154916757
3.77e-07,-0.0084941404916757
3.771e-07,-0.006728515491675699
3.772e-07,-0.004494140491675699
3.773e-07,-0.0030722654916756995
3.774e-07,-0.0004941407967856996
3.775e-07,0.0033339845083243
3.776e-07,0.0035058595083243002
3.777e-07,-0.002697265491675699
3.778e-07,-0.0084941404916757
3.779e-07,-0.0081191404916757
3.78e-07,-0.004494140491675699
3.781e-07,-0.0024628904916757
3.782e-07,-0.0004941407967856996
3.783e-07,0.0029277345083243006
3.784e-07,0.0035058595083243002
3.785e-07,-0.0019785154916756994
3.786e-07,-0.0084941404916757
3.787e-07,-0.009978515491675699
3.788e-07,-0.0084941404916757
3.789e-07,-0.0080566404916757
3.79e-07,-0.0084941404916757
3.791e-07,-0.0071347654916757
3.792e-07,-0.004494140491675699
3.793e-07,-0.0021347654916756996
3.794e-07,-0.0004941407967856996
3.795e-07,0.0005371095083243004
3.796e-07,-0.0004941407967856996
3.797e-07,-0.0031972654916756996
3.798e-07,-0.004494140491675699
3.799e-07,-0.002712890491675699
3.8e-07,-0.0004941407967856996
3.801e-07,-0.0003847657916756996
3.802e-07,-0.0004941407967856996
3.803e-07,0.0012089845083243004
3.804e-07,0.0035058595083243002
3.805e-07,0.004052734508324301
3.806e-07,0.0035058595083243002
3.807e-07,0.0034902345083243002
3.808e-07,0.0035058595083243002
3.809e-07,0.0021464845083243008
3.81e-07,-0.0004941407967856996
3.811e-07,-0.0029628904916756994
3.812e-07,-0.004494140491675699
3.813e-07,-0.0039628904916756994
3.814e-07,-0.0004941407967856996
3.815e-07,0.0047089845083243004
3.816e-07,0.007505859508324301
3.817e-07,0.006990234508324301
3.818e-07,0.007505859508324301
3.819e-07,0.010771483508324301
3.82e-07,0.011505863508324301
3.821e-07,0.0057871095083243005
3.822e-07,-0.0004941407967856996
3.823e-07,-0.0006816407916756997
3.824e-07,0.0035058595083243002
3.825e-07,0.0066308595083243
3.826e-07,0.007505859508324301
3.827e-07,0.0078183595083243
3.828e-07,0.007505859508324301
3.829e-07,0.0057402345083243005
3.83e-07,0.0035058595083243002
3.831e-07,0.0027246095083243004
3.832e-07,0.0035058595083243002
3.833e-07,0.005365234508324301
3.834e-07,0.007505859508324301
3.835e-07,0.0086308595083243
3.836e-07,0.007505859508324301
3.837e-07,0.004927734508324301
3.838e-07,0.0035058595083243002
3.839e-07,0.005037109508324301
3.84e-07,0.007505859508324301
3.841e-07,0.0083339845083243
3.842e-07,0.007505859508324301
3.843e-07,0.006802734508324301
3.844e-07,0.007505859508324301
3.845e-07,0.009490234508324301
3.846e-07,0.011505863508324301
3.847e-07,0.0123183635083243
3.848e-07,0.011505863508324301
3.849e-07,0.009443359508324301
3.85e-07,0.007505859508324301
3.851e-07,0.006865234508324301
3.852e-07,0.007505859508324301
3.853e-07,0.009271484508324301
3.854e-07,0.011505863508324301
3.855e-07,0.0127246135083243
3.856e-07,0.011505863508324301
3.857e-07,0.0085527345083243
3.858e-07,0.007505859508324301
3.859e-07,0.010708983508324301
3.86e-07,0.0155058635083243
3.861e-07,0.0174433635083243
3.862e-07,0.0155058635083243
3.863e-07,0.0112714835083243
3.864e-07,0.007505859508324301
3.865e-07,0.006005859508324301
3.866e-07,0.007505859508324301
3.867e-07,0.010490233508324301
3.868e-07,0.011505863508324301
3.869e-07,0.009490234508324301
3.87e-07,0.007505859508324301
3.871e-07,0.007646484508324301
3.872e-07,0.007505859508324301
3.873e-07,0.005365234508324301
3.874e-07,0.0035058595083243002
3.875e-07,0.0048183595083243005
3.876e-07,0.007505859508324301
3.877e-07,0.0084589845083243
3.878e-07,0.007505859508324301
3.879e-07,0.006865234508324301
3.88e-07,0.007505859508324301
3.881e-07,0.0085839845083243
3.882e-07,0.007505859508324301
3.883e-07,0.0046464845083243
3.884e-07,0.0035058595083243002
3.885e-07,0.0057714845083243005
3.886e-07,0.007505859508324301
3.887e-07,0.0066464845083243
3.888e-07,0.007505859508324301
3.889e-07,0.0134902335083243
3.89e-07,0.019505863508324298
3.891e-07,0.0194902335083243
3.892e-07,0.0155058635083243
3.893e-07,0.012490233508324301
3.894e-07,0.011505863508324301
3.895e-07,0.011052733508324301
3.896e-07,0.011505863508324301
3.897e-07,0.0134589835083243
3.898e-07,0.0155058635083243
3.899e-07,0.015974613508324298
3.9e-07,0.0155058635083243
3.901e-07,0.0153339835083243
3.902e-07,0.0155058635083243
3.903e-07,0.0155996135083243
3.904e-07,0.0155058635083243
3.905e-07,0.0155058635083243
3.906e-07,0.0155058635083243
3.907e-07,0.0153652335083243
3.908e-07,0.0155058635083243
3.909e-07,0.0158339835083243
3.91e-07,0.0155058635083243
3.911e-07,0.014802733508324301
3.912e-07,0.0155058635083243
3.913e-07,0.0179277335083243
3.914e-07,0.019505863508324298
3.915e-07,0.018208983508324297
3.916e-07,0.0155058635083243
3.917e-07,0.0142558635083243
3.918e-07,0.0155058635083243
3.919e-07,0.0169746135083243
3.92e-07,0.0155058635083243
3.921e-07,0.0119277335083243
3.922e-07,0.011505863508324301
3.923e-07,0.016193363508324298
3.924e-07,0.019505863508324298
3.925e-07,0.0164746135083243
3.926e-07,0.011505863508324301
3.927e-07,0.010490233508324301
3.928e-07,0.011505863508324301
3.929e-07,0.011115233508324301
3.93e-07,0.011505863508324301
3.931e-07,0.0155058635083243
3.932e-07,0.019505863508324298
3.933e-07,0.018927733508324298
3.934e-07,0.0155058635083243
3.935e-07,0.0129433635083243
3.936e-07,0.011505863508324301
3.937e-07,0.010646483508324301
3.938e-07,0.011505863508324301
3.939e-07,0.0142558635083243
3.94e-07,0.0155058635083243
3.941e-07,0.0134902335083243
3.942e-07,0.011505863508324301
3.943e-07,0.012865233508324301
3.944e-07,0.0155058635083243
3.945e-07,0.016318363508324298
3.946e-07,0.0155058635083243
3.947e-07,0.0151152335083243
3.948e-07,0.0155058635083243
3.949e-07,0.0155996135083243
3.95e-07,0.0155058635083243
3.951e-07,0.0155371135083243
3.952e-07,0.0155058635083243
3.953e-07,0.0152714835083243
3.954e-07,0.0155058635083243
3.955e-07,0.0160527335083243
3.956e-07,0.0155058635083243
3.957e-07,0.0132871135083243
3.958e-07,0.011505863508324301
3.959e-07,0.0115214835083243
3.96e-07,0.011505863508324301
3.961e-07,0.010771483508324301
3.962e-07,0.011505863508324301
3.963e-07,0.0145996135083243
3.964e-07,0.0155058635083243
3.965e-07,0.011662113508324301
3.966e-07,0.007505859508324301
3.967e-07,0.0082402345083243
3.968e-07,0.011505863508324301
3.969e-07,0.013755863508324301
3.97e-07,0.0155058635083243
3.971e-07,0.0180996135083243
3.972e-07,0.019505863508324298
3.973e-07,0.0175214835083243
3.974e-07,0.0155058635083243
3.975e-07,0.0165683635083243
3.976e-07,0.019505863508324298
3.977e-07,0.0209121135083243
3.978e-07,0.019505863508324298
3.979e-07,0.0157714835083243
3.98e-07,0.011505863508324301
3.981e-07,0.007458984508324301
3.982e-07,0.0035058595083243002
3.983e-07,0.0022714845083243
3.984e-07,0.007505859508324301
3.985e-07,0.0178183635083243
3.986e-07,0.023505863508324298
3.987e-07,0.019037113508324297
3.988e-07,0.011505863508324301
3.989e-07,0.0096464835083243
3.99e-07,0.011505863508324301
3.991e-07,0.010990233508324301
3.992e-07,0.007505859508324301
3.993e-07,0.0054902345083243
3.994e-07,0.007505859508324301
3.995e-07,0.011974613508324301
3.996e-07,0.0155058635083243
3.997e-07,0.0164277335083243
3.998e-07,0.0155058635083243
3.999e-07,0.0151464835083243
4e-07,0.0155058635083243
4.001e-07,0.0146621135083243
4.002e-07,0.011505863508324301
4.003e-07,0.0078808595083243
4.004e-07,0.007505859508324301
4.005e-07,0.0123183635083243
4.006e-07,0.019505863508324298
4.007e-07,0.0240527335083243
4.008e-07,0.023505863508324298
4.009e-07,0.019318363508324297
4.01e-07,0.0155058635083243
4.011e-07,0.014552733508324301
4.012e-07,0.0155058635083243
4.013e-07,0.0161152335083243
4.014e-07,0.0155058635083243
4.015e-07,0.0146621135083243
4.016e-07,0.0155058635083243
4.017e-07,0.0178183635083243
4.018e-07,0.019505863508324298
4.019e-07,0.0196464835083243
4.02e-07,0.019505863508324298
4.021e-07,0.0200527335083243
4.022e-07,0.019505863508324298
4.023e-07,0.016005863508324298
4.024e-07,0.011505863508324301
4.025e-07,0.0095527335083243
4.026e-07,0.011505863508324301
4.027e-07,0.015912113508324298
4.028e-07,0.019505863508324298
4.029e-07,0.0205214835083243
4.03e-07,0.019505863508324298
4.031e-07,0.0178027335083243
4.032e-07,0.0155058635083243
4.033e-07,0.012896483508324301
4.034e-07,0.011505863508324301
4.035e-07,0.0128183635083243
4.036e-07,0.0155058635083243
4.037e-07,0.0178964835083243
4.038e-07,0.019505863508324298
4.039e-07,0.020162113508324298
4.04e-07,0.019505863508324298
4.041e-07,0.0175058635083243
4.042e-07,0.0155058635083243
4.043e-07,0.0158339835083243
4.044e-07,0.019505863508324298
4.045e-07,0.0235527335083243
4.046e-07,0.023505863508324298
4.047e-07,0.0177558635083243
4.048e-07,0.011505863508324301
4.049e-07,0.010771483508324301
4.05e-07,0.0155058635083243
4.051e-07,0.0203183635083243
4.052e-07,0.019505863508324298
4.053e-07,0.013052733508324301
4.054e-07,0.007505859508324301
4.055e-07,0.0078183595083243
4.056e-07,0.011505863508324301
4.057e-07,0.0143183635083243
4.058e-07,0.0155058635083243
4.059e-07,0.0164277335083243
4.06e-07,0.0155058635083243
4.061e-07,0.011630863508324301
4.062e-07,0.007505859508324301
4.063e-07,0.0065058595083243
4.064e-07,0.007505859508324301
4.065e-07,0.0088496095083243
4.066e-07,0.011505863508324301
4.067e-07,0.0158964835083243
4.068e-07,0.019505863508324298
4.069e-07,0.020162113508324298
4.07e-07,0.019505863508324298
4.071e-07,0.0186933635083243
4.072e-07,0.0155058635083243
4.073e-07,0.0090527345083243
4.074e-07,0.0035058595083243002
4.075e-07,0.0033339845083243
4.076e-07,0.007505859508324301
4.077e-07,0.0123808635083243
4.078e-07,0.0155058635083243
4.079e-07,0.0174746135083243
4.08e-07,0.019505863508324298
4.081e-07,0.0209902335083243
4.082e-07,0.019505863508324298
4.083e-07,0.014896483508324301
4.084e-07,0.011505863508324301
4.085e-07,0.0124433635083243
4.086e-07,0.0155058635083243
4.087e-07,0.0164902335083243
4.088e-07,0.0155058635083243
4.089e-07,0.014865233508324301
4.09e-07,0.0155058635083243
4.091e-07,0.0162089835083243
4.092e-07,0.0155058635083243
4.093e-07,0.013505863508324301
4.094e-07,0.011505863508324301
4.095e-07,0.010958983508324301
4.096e-07,0.011505863508324301
4.097e-07,0.0119277335083243
4.098e-07,0.011505863508324301
4.099e-07,0.0109746135083243
4.1e-07,0.011505863508324301
4.101e-07,0.0134902335083243
4.102e-07,0.0155058635083243
4.103e-07,0.016068363508324298
4.104e-07,0.0155058635083243
4.105e-07,0.014068363508324301
4.106e-07,0.011505863508324301
4.107e-07,0.0084746095083243
4.108e-07,0.007505859508324301
4.109e-07,0.009662113508324301
4.11e-07,0.011505863508324301
4.111e-07,0.0103027335083243
4.112e-07,0.007505859508324301
4.113e-07,0.0064746095083243
4.114e-07,0.007505859508324301
4.115e-07,0.009443359508324301
4.116e-07,0.011505863508324301
4.117e-07,0.013755863508324301
4.118e-07,0.0155058635083243
4.119e-07,0.0158964835083243
4.12e-07,0.0155058635083243
4.121e-07,0.0140996135083243
4.122e-07,0.011505863508324301
4.123e-07,0.0084277345083243
4.124e-07,0.007505859508324301
4.125e-07,0.009443359508324301
4.126e-07,0.011505863508324301
4.127e-07,0.0107558635083243
4.128e-07,0.007505859508324301
4.129e-07,0.0046152345083243
4.13e-07,0.0035058595083243002
4.131e-07,0.0038496095083243006
4.132e-07,0.0035058595083243002
4.133e-07,0.0028027345083243005
4.134e-07,0.0035058595083243002
4.135e-07,0.007177734508324301
4.136e-07,0.011505863508324301
4.137e-07,0.0132558635083243
4.138e-07,0.011505863508324301
4.139e-07,0.0084902345083243
4.14e-07,0.007505859508324301
4.141e-07,0.009224609508324301
4.142e-07,0.011505863508324301
4.143e-07,0.012005863508324301
4.144e-07,0.011505863508324301
4.145e-07,0.0113339835083243
4.146e-07,0.011505863508324301
4.147e-07,0.010458983508324301
4.148e-07,0.007505859508324301
4.149e-07,0.004271484508324301
4.15e-07,0.0035058595083243002
4.151e-07,0.0058183595083243006
4.152e-07,0.007505859508324301
4.153e-07,0.006943359508324301
4.154e-07,0.007505859508324301
4.155e-07,0.010708983508324301
4.156e-07,0.011505863508324301
4.157e-07,0.007099609508324301
4.158e-07,0.0035058595083243002
4.159e-07,0.0063964845083243
4.16e-07,0.011505863508324301
4.161e-07,0.011755863508324301
4.162e-07,0.007505859508324301
4.163e-07,0.003912109508324301
4.164e-07,0.0035058595083243002
4.165e-07,0.005365234508324301
4.166e-07,0.007505859508324301
4.167e-07,0.0084277345083243
4.168e-07,0.007505859508324301
4.169e-07,0.0063652345083243
4.17e-07,0.007505859508324301
4.171e-07,0.0105996135083243
4.172e-07,0.011505863508324301
4.173e-07,0.0079433595083243
4.174e-07,0.0035058595083243002
4.175e-07,0.0023183595083243
4.176e-07,0.0035058595083243002
4.177e-07,0.004974609508324301
4.178e-07,0.007505859508324301
4.179e-07,0.0110996135083243
4.18e-07,0.011505863508324301
4.181e-07,0.007146484508324301
4.182e-07,0.0035058595083243002
4.183e-07,0.004974609508324301
4.184e-07,0.007505859508324301
4.185e-07,0.0064121095083243
4.186e-07,0.0035058595083243002
4.187e-07,0.0038183595083243005
4.188e-07,0.007505859508324301
4.189e-07,0.011021483508324301
4.19e-07,0.011505863508324301
4.191e-07,0.009302734508324301
4.192e-07,0.007505859508324301
4.193e-07,0.0084746095083243
4.194e-07,0.011505863508324301
4.195e-07,0.0142246135083243
4.196e-07,0.0155058635083243
4.197e-07,0.014771483508324301
4.198e-07,0.011505863508324301
4.199e-07,0.0063496095083243
4.2e-07,0.0035058595083243002
4.201e-07,0.004849609508324301
4.202e-07,0.007505859508324301
4.203e-07,0.009162109508324301
4.204e-07,0.011505863508324301
4.205e-07,0.015193363508324299
4.206e-07,0.0155058635083243
4.207e-07,0.0090058595083243
4.208e-07,-0.0004941407967856996
4.209e-07,-0.005634765491675699
4.21e-07,-0.004494140491675699
4.211e-07,0.0010058595083243004
4.212e-07,0.007505859508324301
4.213e-07,0.012646483508324301
4.214e-07,0.0155058635083243
4.215e-07,0.016224613508324298
4.216e-07,0.0155058635083243
4.217e-07,0.013880863508324301
4.218e-07,0.011505863508324301
4.219e-07,0.0080527345083243
4.22e-07,0.0035058595083243002
4.221e-07,-0.00044726579167569963
4.222e-07,-0.0004941407967856996
4.223e-07,0.0047089845083243004
4.224e-07,0.011505863508324301
4.225e-07,0.0154902335083243
4.226e-07,0.0155058635083243
4.227e-07,0.013474613508324301
4.228e-07,0.011505863508324301
4.229e-07,0.0107246135083243
4.23e-07,0.011505863508324301
4.231e-07,0.0123652335083243
4.232e-07,0.011505863508324301
4.233e-07,0.0087246095083243
4.234e-07,0.007505859508324301
4.235e-07,0.009412109508324301
4.236e-07,0.011505863508324301
4.237e-07,0.0106933635083243
4.238e-07,0.007505859508324301
4.239e-07,0.0048027345083243005
4.24e-07,0.0035058595083243002
4.241e-07,0.0032714845083243
4.242e-07,0.0035058595083243002
4.243e-07,0.004880859508324301
4.244e-07,0.007505859508324301
4.245e-07,0.0104433635083243
4.246e-07,0.011505863508324301
4.247e-07,0.009818363508324301
4.248e-07,0.007505859508324301
4.249e-07,0.006880859508324301
4.25e-07,0.007505859508324301
4.251e-07,0.0078339845083243
4.252e-07,0.007505859508324301
4.253e-07,0.007208984508324301
4.254e-07,0.007505859508324301
4.255e-07,0.0079746095083243
4.256e-07,0.007505859508324301
4.257e-07,0.0066464845083243
4.258e-07,0.007505859508324301
4.259e-07,0.0102558635083243
4.26e-07,0.011505863508324301
4.261e-07,0.009427734508324301
4.262e-07,0.007505859508324301
4.263e-07,0.0089433595083243
4.264e-07,0.011505863508324301
4.265e-07,0.0110371135083243
4.266e-07,0.007505859508324301
4.267e-07,0.004162109508324301
4.268e-07,0.0035058595083243002
4.269e-07,0.0054902345083243
4.27e-07,0.007505859508324301
4.271e-07,0.0079902345083243
4.272e-07,0.007505859508324301
4.273e-07,0.007427734508324301
4.274e-07,0.007505859508324301
4.275e-07,0.007349609508324301
4.276e-07,0.007505859508324301
4.277e-07,0.0090527345083243
4.278e-07,0.011505863508324301
4.279e-07,0.0127246135083243
4.28e-07,0.011505863508324301
4.281e-07,0.0087089845083243
4.282e-07,0.007505859508324301
4.283e-07,0.009208984508324301
4.284e-07,0.011505863508324301
4.285e-07,0.0110371135083243
4.286e-07,0.007505859508324301
4.287e-07,0.0038339845083243005
4.288e-07,0.0035058595083243002
4.289e-07,0.006302734508324301
4.29e-07,0.007505859508324301
4.291e-07,0.005271484508324301
4.292e-07,0.0035058595083243002
4.293e-07,0.005365234508324301
4.294e-07,0.007505859508324301
4.295e-07,0.006208984508324301
4.296e-07,0.0035058595083243002
4.297e-07,0.004052734508324301
4.298e-07,0.007505859508324301
4.299e-07,0.0097402335083243
4.3e-07,0.007505859508324301
4.301e-07,0.0023339845083243
4.302e-07,-0.0004941407967856996
4.303e-07,0.0022558595083243
4.304e-07,0.007505859508324301
4.305e-07,0.0107246135083243
4.306e-07,0.011505863508324301
4.307e-07,0.0115839835083243
4.308e-07,0.011505863508324301
4.309e-07,0.0101933635083243
4.31e-07,0.007505859508324301
4.311e-07,0.0047402345083243005
4.312e-07,0.0035058595083243002
4.313e-07,0.0038496095083243006
4.314e-07,0.0035058595083243002
4.315e-07,0.0023183595083243
4.316e-07,0.0035058595083243002
4.317e-07,0.0081621095083243
4.318e-07,0.011505863508324301
4.319e-07,0.010130863508324301
4.32e-07,0.007505859508324301
4.321e-07,0.0083183595083243
4.322e-07,0.011505863508324301
4.323e-07,0.0120527335083243
4.324e-07,0.007505859508324301
4.325e-07,0.0011464845083243003
4.326e-07,-0.0004941407967856996
4.327e-07,0.003990234508324301
4.328e-07,0.007505859508324301
4.329e-07,0.0056621095083243
4.33e-07,0.0035058595083243002
4.331e-07,0.0066464845083243
4.332e-07,0.011505863508324301
4.333e-07,0.0115839835083243
4.334e-07,0.007505859508324301
4.335e-07,0.005052734508324301
4.336e-07,0.007505859508324301
4.337e-07,0.0115214835083243
4.338e-07,0.011505863508324301
4.339e-07,0.0056621095083243
4.34e-07,-0.0004941407967856996
4.341e-07,-0.0008222657916756996
4.342e-07,0.0035058595083243002
4.343e-07,0.006333984508324301
4.344e-07,0.0035058595083243002
4.345e-07,-0.0021816404916756996
4.346e-07,-0.004494140491675699
4.347e-07,0.00019335920832430035
4.348e-07,0.007505859508324301
4.349e-07,0.0107246135083243
4.35e-07,0.007505859508324301
4.351e-07,0.0018183595083243003
4.352e-07,-0.0004941407967856996
4.353e-07,0.0025527345083243003
4.354e-07,0.007505859508324301
4.355e-07,0.0096152335083243
4.356e-07,0.007505859508324301
4.357e-07,0.003927734508324301
4.358e-07,0.0035058595083243002
4.359e-07,0.006162109508324301
4.36e-07,0.007505859508324301
4.361e-07,0.0054277345083243
4.362e-07,0.0035058595083243002
4.363e-07,0.005177734508324301
4.364e-07,0.007505859508324301
4.365e-07,0.0055214845083243
4.366e-07,-0.0004941407967856996
4.367e-07,-0.0052441404916757
4.368e-07,-0.004494140491675699
4.369e-07,0.0015214845083243004
4.37e-07,0.007505859508324301
4.371e-07,0.009177734508324301
4.372e-07,0.007505859508324301
4.373e-07,0.0054589845083243
4.374e-07,0.0035058595083243002
4.375e-07,0.0011152345083243003
4.376e-07,-0.0004941407967856996
4.377e-07,-0.0003535157916756996
4.378e-07,-0.0004941407967856996
4.379e-07,-0.0014628907916756995
4.38e-07,-0.0004941407967856996
4.381e-07,0.0038183595083243005
4.382e-07,0.007505859508324301
4.383e-07,0.0067871095083243006
4.384e-07,0.0035058595083243002
4.385e-07,0.0019277345083243004
4.386e-07,0.0035058595083243002
4.387e-07,0.006224609508324301
4.388e-07,0.007505859508324301
4.389e-07,0.006162109508324301
4.39e-07,0.0035058595083243002
4.391e-07,0.0009746095083243004
4.392e-07,-0.0004941407967856996
4.393e-07,-0.0008847657916756996
4.394e-07,-0.0004941407967856996
4.395e-07,0.0010996095083243003
4.396e-07,0.0035058595083243002
4.397e-07,0.005083984508324301
4.398e-07,0.0035058595083243002
4.399e-07,-0.0009003907916756997
4.4e-07,-0.004494140491675699
4.401e-07,-0.0040410154916756995
4.402e-07,-0.0004941407967856996
4.403e-07,0.0026621095083243004
4.404e-07,0.0035058595083243002
4.405e-07,0.0029902345083243007
4.406e-07,0.0035058595083243002
4.407e-07,0.0047558595083243005
4.408e-07,0.0035058595083243002
4.409e-07,-0.0019941404916756994
4.41e-07,-0.0084941404916757
4.411e-07,-0.0108691364916757
4.412e-07,-0.0084941404916757
4.413e-07,-0.003916015491675699
4.414e-07,-0.0004941407967856996
4.415e-07,0.0003964842083243004
4.416e-07,-0.0004941407967856996
4.417e-07,-0.0012441407916756997
4.418e-07,-0.0004941407967856996
4.419e-07,0.0017246095083243002
4.42e-07,0.0035058595083243002
4.421e-07,0.0027402345083243004
4.422e-07,-0.0004941407967856996
4.423e-07,-0.0050253904916756995
4.424e-07,-0.0084941404916757
4.425e-07,-0.0086191404916757
4.426e-07,-0.004494140491675699
4.427e-07,0.0014277345083243004
4.428e-07,0.0035058595083243002
4.429e-07,-0.00013476579167569962
4.43e-07,-0.004494140491675699
4.431e-07,-0.0051347654916757
4.432e-07,-0.004494140491675699
4.433e-07,-0.0061191404916757
4.434e-07,-0.0084941404916757
4.435e-07,-0.0079003904916757
4.436e-07,-0.004494140491675699
4.437e-07,-0.0013222657916756996
4.438e-07,-0.0004941407967856996
4.439e-07,-0.0020097654916756994
4.44e-07,-0.004494140491675699
4.441e-07,-0.006728515491675699
4.442e-07,-0.0084941404916757
4.443e-07,-0.0093535154916757
4.444e-07,-0.0084941404916757
4.445e-07,-0.0060097654916756995
4.446e-07,-0.004494140491675699
4.447e-07,-0.005853515491675699
4.448e-07,-0.0084941404916757
4.449e-07,-0.0094003904916757
4.45e-07,-0.0084941404916757
4.451e-07,-0.006572265491675699
4.452e-07,-0.004494140491675699
4.453e-07,-0.0033378904916756998
4.454e-07,-0.004494140491675699
4.455e-07,-0.007447265491675699
4.456e-07,-0.0084941404916757
4.457e-07,-0.0052910154916757
4.458e-07,-0.0004941407967856996
4.459e-07,0.0015058595083243004
4.46e-07,-0.0004941407967856996
4.461e-07,-0.004744140491675699
4.462e-07,-0.0084941404916757
4.463e-07,-0.009837890491675699
4.464e-07,-0.0084941404916757
4.465e-07,-0.005822265491675699
4.466e-07,-0.004494140491675699
4.467e-07,-0.004900390491675699
4.468e-07,-0.004494140491675699
4.469e-07,-0.0020410154916756995
4.47e-07,-0.0004941407967856996
4.471e-07,-0.0020722654916756995
4.472e-07,-0.004494140491675699
4.473e-07,-0.0050097654916756995
4.474e-07,-0.004494140491675699
4.475e-07,-0.004791015491675699
4.476e-07,-0.004494140491675699
4.477e-07,-0.0024003904916757
4.478e-07,-0.0004941407967856996
4.479e-07,-0.0015253904916756997
4.48e-07,-0.004494140491675699
4.481e-07,-0.0070566404916757
4.482e-07,-0.0084941404916757
4.483e-07,-0.0088222654916757
4.484e-07,-0.0084941404916757
4.485e-07,-0.0079160154916757
4.486e-07,-0.0084941404916757
4.487e-07,-0.0105566364916757
4.488e-07,-0.0124941364916757
4.489e-07,-0.0118535164916757
4.49e-07,-0.0084941404916757
4.491e-07,-0.003931640491675699
4.492e-07,-0.0004941407967856996
4.493e-07,-0.0005722658016756996
4.494e-07,-0.004494140491675699
4.495e-07,-0.009947265491675699
4.496e-07,-0.0124941364916757
4.497e-07,-0.0107753864916757
4.498e-07,-0.0084941404916757
4.499e-07,-0.0093535154916757
4.5e-07,-0.0124941364916757
4.501e-07,-0.0141035164916757
4.502e-07,-0.0124941364916757
4.503e-07,-0.0093066404916757
4.504e-07,-0.0084941404916757
4.505e-07,-0.010572266491675699
4.506e-07,-0.0124941364916757
4.507e-07,-0.0112910164916757
4.508e-07,-0.0084941404916757
4.509e-07,-0.007556640491675699
4.51e-07,-0.0084941404916757
4.511e-07,-0.0092753904916757
4.512e-07,-0.0084941404916757
4.513e-07,-0.006525390491675699
4.514e-07,-0.004494140491675699
4.515e-07,-0.004572265491675699
4.516e-07,-0.0084941404916757
4.517e-07,-0.0151972664916757
4.518e-07,-0.0204941364916757
4.519e-07,-0.0206191364916757
4.52e-07,-0.0164941364916757
4.521e-07,-0.0113535164916757
4.522e-07,-0.0084941404916757
4.523e-07,-0.0081347654916757
4.524e-07,-0.0084941404916757
4.525e-07,-0.0082910154916757
4.526e-07,-0.0084941404916757
4.527e-07,-0.010212890491675699
4.528e-07,-0.0124941364916757
4.529e-07,-0.0134160164916757
4.53e-07,-0.0124941364916757
4.531e-07,-0.0107128864916757
4.532e-07,-0.0084941404916757
4.533e-07,-0.0072128904916757
4.534e-07,-0.0084941404916757
4.535e-07,-0.011556636491675699
4.536e-07,-0.0124941364916757
4.537e-07,-0.010072265491675699
4.538e-07,-0.0084941404916757
4.539e-07,-0.0114472664916757
4.54e-07,-0.0164941364916757
4.541e-07,-0.0185722664916757
4.542e-07,-0.0164941364916757
4.543e-07,-0.0131972664916757
4.544e-07,-0.0124941364916757
4.545e-07,-0.014572266491675699
4.546e-07,-0.0164941364916757
4.547e-07,-0.015462886491675699
4.548e-07,-0.0124941364916757
4.549e-07,-0.010884766491675699
4.55e-07,-0.0124941364916757
4.551e-07,-0.015525386491675699
4.552e-07,-0.0164941364916757
4.553e-07,-0.014353516491675699
4.554e-07,-0.0124941364916757
4.555e-07,-0.013744136491675699
4.556e-07,-0.0164941364916757
4.557e-07,-0.0174472664916757
4.558e-07,-0.0164941364916757
4.559e-07,-0.0148066364916757
4.56e-07,-0.0124941364916757
4.561e-07,-0.0097597654916757
4.562e-07,-0.0084941404916757
4.563e-07,-0.010103515491675699
4.564e-07,-0.0124941364916757
4.565e-07,-0.0133535164916757
4.566e-07,-0.0124941364916757
4.567e-07,-0.011681636491675699
4.568e-07,-0.0124941364916757
4.569e-07,-0.0146503864916757
4.57e-07,-0.0164941364916757
4.571e-07,-0.0168066364916757
4.572e-07,-0.0164941364916757
4.573e-07,-0.016322266491675702
4.574e-07,-0.0164941364916757
4.575e-07,-0.015369136491675699
4.576e-07,-0.0124941364916757
4.577e-07,-0.0093535154916757
4.578e-07,-0.0084941404916757
4.579e-07,-0.0104941364916757
4.58e-07,-0.0124941364916757
4.581e-07,-0.0117597664916757
4.582e-07,-0.0084941404916757
4.583e-07,-0.006400390491675699
4.584e-07,-0.0084941404916757
4.585e-07,-0.013619136491675699
4.586e-07,-0.0164941364916757
4.587e-07,-0.014728516491675699
4.588e-07,-0.0124941364916757
4.589e-07,-0.013744136491675699
4.59e-07,-0.0164941364916757
4.591e-07,-0.0160878864916757
4.592e-07,-0.0124941364916757
4.593e-07,-0.0090722654916757
4.594e-07,-0.0084941404916757
4.595e-07,-0.010400390491675699
4.596e-07,-0.0124941364916757
4.597e-07,-0.012978516491675699
4.598e-07,-0.0124941364916757
4.599e-07,-0.012447266491675699
4.6e-07,-0.0124941364916757
4.601e-07,-0.0121660164916757
4.602e-07,-0.0124941364916757
4.603e-07,-0.013525386491675699
4.604e-07,-0.0124941364916757
4.605e-07,-0.0091347654916757
4.606e-07,-0.0084941404916757
4.607e-07,-0.0127441364916757
4.608e-07,-0.0164941364916757
4.609e-07,-0.0151191364916757
4.61e-07,-0.0124941364916757
4.611e-07,-0.0136660164916757
4.612e-07,-0.0164941364916757
4.613e-07,-0.016009766491675702
4.614e-07,-0.0124941364916757
4.615e-07,-0.0093222654916757
4.616e-07,-0.0084941404916757
4.617e-07,-0.009775390491675699
4.618e-07,-0.0124941364916757
4.619e-07,-0.0153535164916757
4.62e-07,-0.0164941364916757
4.621e-07,-0.0150253864916757
4.622e-07,-0.0124941364916757
4.623e-07,-0.010244140491675699
4.624e-07,-0.0084941404916757
4.625e-07,-0.007556640491675699
4.626e-07,-0.0084941404916757
4.627e-07,-0.0110566364916757
4.628e-07,-0.0124941364916757
4.629e-07,-0.010884766491675699
4.63e-07,-0.0084941404916757
4.631e-07,-0.0079941404916757
4.632e-07,-0.0084941404916757
4.633e-07,-0.0084941404916757
4.634e-07,-0.0084941404916757
4.635e-07,-0.0090566404916757
4.636e-07,-0.0084941404916757
4.637e-07,-0.0060722654916757
4.638e-07,-0.004494140491675699
4.639e-07,-0.0059472654916756995
4.64e-07,-0.0084941404916757
4.641e-07,-0.0093535154916757
4.642e-07,-0.0084941404916757
4.643e-07,-0.0078378904916757
4.644e-07,-0.0084941404916757
4.645e-07,-0.0094316404916757
4.646e-07,-0.0084941404916757
4.647e-07,-0.005791015491675699
4.648e-07,-0.004494140491675699
4.649e-07,-0.006400390491675699
4.65e-07,-0.0084941404916757
4.651e-07,-0.008400390491675699
4.652e-07,-0.0084941404916757
4.653e-07,-0.0108066364916757
4.654e-07,-0.0124941364916757
4.655e-07,-0.0106503864916757
4.656e-07,-0.0084941404916757
4.657e-07,-0.0096191404916757
4.658e-07,-0.0124941364916757
4.659e-07,-0.0134472664916757
4.66e-07,-0.0124941364916757
4.661e-07,-0.0107441364916757
4.662e-07,-0.0084941404916757
4.663e-07,-0.005837890491675699
4.664e-07,-0.004494140491675699
4.665e-07,-0.005853515491675699
4.666e-07,-0.0084941404916757
4.667e-07,-0.009837890491675699
4.668e-07,-0.0084941404916757
4.669e-07,-0.005619140491675699
4.67e-07,-0.004494140491675699
4.671e-07,-0.0063378904916757
4.672e-07,-0.0084941404916757
4.673e-07,-0.0087910154916757
4.674e-07,-0.0084941404916757
4.675e-07,-0.0088847654916757
4.676e-07,-0.0084941404916757
4.677e-07,-0.0052753904916757
4.678e-07,-0.0004941407967856996
4.679e-07,0.0018808595083243003
4.68e-07,-0.0004941407967856996
4.681e-07,-0.005697265491675699
4.682e-07,-0.0084941404916757
4.683e-07,-0.006634765491675699
4.684e-07,-0.004494140491675699
4.685e-07,-0.005837890491675699
4.686e-07,-0.0084941404916757
4.687e-07,-0.0081347654916757
4.688e-07,-0.004494140491675699
4.689e-07,-0.0010566407916756996
4.69e-07,-0.0004941407967856996
4.691e-07,-0.0016035154916756995
4.692e-07,-0.0004941407967856996
4.693e-07,0.0029277345083243006
4.694e-07,0.0035058595083243002
4.695e-07,-0.0020722654916756995
4.696e-07,-0.0084941404916757
4.697e-07,-0.009978515491675699
4.698e-07,-0.0084941404916757
4.699e-07,-0.0081503904916757
4.7e-07,-0.0084941404916757
4.701e-07,-0.006869140491675699
4.702e-07,-0.004494140491675699
4.703e-07,-0.0037128904916756992
4.704e-07,-0.004494140491675699
4.705e-07,-0.004759765491675699
4.706e-07,-0.004494140491675699
4.707e-07,-0.0041816404916757
4.708e-07,-0.004494140491675699
4.709e-07,-0.005759765491675699
4.71e-07,-0.0084941404916757
4.711e-07,-0.010541016491675699
4.712e-07,-0.0084941404916757
4.713e-07,-0.0019941404916756994
4.714e-07,0.0035058595083243002
4.715e-07,0.004302734508324301
4.716e-07,0.0035058595083243002
4.717e-07,0.005005859508324301
4.718e-07,0.007505859508324301
4.719e-07,0.006833984508324301
4.72e-07,0.0035058595083243002
4.721e-07,0.0004902342083243003
4.722e-07,-0.0004941407967856996
4.723e-07,0.0004902342083243003
4.724e-07,0.0035058595083243002
4.725e-07,0.005849609508324301
4.726e-07,0.0035058595083243002
4.727e-07,-0.0025722654916757
4.728e-07,-0.004494140491675699
4.729e-07,0.0015683595083243005
4.73e-07,0.007505859508324301
4.731e-07,0.0056621095083243
4.732e-07,-0.0004941407967856996
4.733e-07,-0.0038535154916756994
4.734e-07,-0.004494140491675699
4.735e-07,-0.0049785154916756995
4.736e-07,-0.004494140491675699
4.737e-07,-0.0007753907916756995
4.738e-07,0.0035058595083243002
4.739e-07,0.004849609508324301
4.74e-07,0.0035058595083243002
4.741e-07,0.0024433595083243
4.742e-07,0.0035058595083243002
4.743e-07,0.006005859508324301
4.744e-07,0.007505859508324301
4.745e-07,0.006115234508324301
4.746e-07,0.0035058595083243002
4.747e-07,0.0022246095083243
4.748e-07,0.0035058595083243002
4.749e-07,0.005927734508324301
4.75e-07,0.007505859508324301
4.751e-07,0.0066464845083243
4.752e-07,0.0035058595083243002
4.753e-07,0.0001464842083243004
4.754e-07,-0.0004941407967856996
4.755e-07,0.0018339845083243003
4.756e-07,0.0035058595083243002
4.757e-07,0.0021464845083243008
4.758e-07,-0.0004941407967856996
4.759e-07,-0.0013066407916756996
4.76e-07,-0.0004941407967856996
4.761e-07,0.0001464842083243004
4.762e-07,-0.0004941407967856996
4.763e-07,-0.0011191407916756996
4.764e-07,-0.0004941407967856996
4.765e-07,0.0015839845083243005
4.766e-07,0.0035058595083243002
4.767e-07,0.004052734508324301
4.768e-07,0.0035058595083243002
4.769e-07,0.0031933595083243
4.77e-07,0.0035058595083243002
4.771e-07,0.003912109508324301
4.772e-07,0.0035058595083243002
4.773e-07,0.0028183595083243005
4.774e-07,0.0035058595083243002
4.775e-07,0.0055683595083243
4.776e-07,0.007505859508324301
4.777e-07,0.007677734508324301
4.778e-07,0.007505859508324301
4.779e-07,0.0087089845083243
4.78e-07,0.011505863508324301
4.781e-07,0.012427733508324301
4.782e-07,0.007505859508324301
4.783e-07,-0.0020722654916756995
4.784e-07,-0.0084941404916757
4.785e-07,-0.0072597654916757
4.786e-07,-0.004494140491675699
4.787e-07,-0.004728515491675699
4.788e-07,-0.004494140491675699
4.789e-07,0.0012402345083243004
4.79e-07,0.007505859508324301
4.791e-07,0.0080058595083243
4.792e-07,0.0035058595083243002
4.793e-07,0.0007402345083243004
4.794e-07,0.0035058595083243002
4.795e-07,0.009130859508324301
4.796e-07,0.011505863508324301
4.797e-07,0.0088183595083243
4.798e-07,0.007505859508324301
4.799e-07,0.0114902335083243
4.8e-07,0.0155058635083243
4.801e-07,0.013052733508324301
4.802e-07,0.007505859508324301
4.803e-07,0.0054589845083243
4.804e-07,0.007505859508324301
4.805e-07,0.0099902335083243
4.806e-07,0.011505863508324301
4.807e-07,0.0122246135083243
4.808e-07,0.011505863508324301
4.809e-07,0.009193359508324301
4.81e-07,0.007505859508324301
4.811e-07,0.007599609508324301
4.812e-07,0.007505859508324301
4.813e-07,0.0066464845083243
4.814e-07,0.007505859508324301
4.815e-07,0.0106308635083243
4.816e-07,0.011505863508324301
4.817e-07,0.007583984508324301
4.818e-07,0.0035058595083243002
4.819e-07,0.004255859508324301
4.82e-07,0.007505859508324301
4.821e-07,0.0087714845083243
4.822e-07,0.007505859508324301
4.823e-07,0.0065527345083243
4.824e-07,0.007505859508324301
4.825e-07,0.0087714845083243
4.826e-07,0.007505859508324301
4.827e-07,0.004255859508324301
4.828e-07,0.0035058595083243002
4.829e-07,0.007505859508324301
4.83e-07,0.011505863508324301
4.831e-07,0.010646483508324301
4.832e-07,0.007505859508324301
4.833e-07,0.0064121095083243
4.834e-07,0.007505859508324301
4.835e-07,0.0080527345083243
4.836e-07,0.007505859508324301
4.837e-07,0.007193359508324301
4.838e-07,0.007505859508324301
4.839e-07,0.006927734508324301
4.84e-07,0.0035058595083243002
4.841e-07,-0.0017441404916756996
4.842e-07,-0.004494140491675699
4.843e-07,-0.0016660154916756996
4.844e-07,0.0035058595083243002
4.845e-07,0.0067089845083243005
4.846e-07,0.007505859508324301
4.847e-07,0.007646484508324301
4.848e-07,0.007505859508324301
4.849e-07,0.006052734508324301
4.85e-07,0.0035058595083243002
4.851e-07,0.0011152345083243003
4.852e-07,-0.0004941407967856996
4.853e-07,-0.0010253907916756995
4.854e-07,-0.0004941407967856996
4.855e-07,0.00030273420832430033
4.856e-07,-0.0004941407967856996
4.857e-07,-0.0019160154916756996
4.858e-07,-0.0004941407967856996
4.859e-07,0.0045371095083243
4.86e-07,0.007505859508324301
4.861e-07,0.0054902345083243
4.862e-07,0.0035058595083243002
4.863e-07,0.0055996095083243
4.864e-07,0.007505859508324301
4.865e-07,0.004255859508324301
4.866e-07,-0.0004941407967856996
4.867e-07,-0.0006816407916756997
4.868e-07,0.0035058595083243002
4.869e-07,0.007255859508324301
4.87e-07,0.007505859508324301
4.871e-07,0.005193359508324301
4.872e-07,0.0035058595083243002
4.873e-07,0.0038027345083243005
4.874e-07,0.0035058595083243002
4.875e-07,0.0012089845083243004
4.876e-07,-0.0004941407967856996
4.877e-07,0.0010527345083243005
4.878e-07,0.0035058595083243002
4.879e-07,0.0037714845083243005
4.88e-07,0.0035058595083243002
4.881e-07,0.005318359508324301
4.882e-07,0.007505859508324301
4.883e-07,0.0079589845083243
4.884e-07,0.007505859508324301
4.885e-07,0.0067246095083243005
4.886e-07,0.0035058595083243002
4.887e-07,-0.0020566404916756995
4.888e-07,-0.004494140491675699
4.889e-07,9.960920832430037e-05
4.89e-07,0.007505859508324301
4.891e-07,0.0113808635083243
4.892e-07,0.011505863508324301
4.893e-07,0.010037113508324301
4.894e-07,0.007505859508324301
4.895e-07,0.004287109508324301
4.896e-07,0.0035058595083243002
4.897e-07,0.005068359508324301
4.898e-07,0.0035058595083243002
4.899e-07,-0.0033535154916756998
4.9e-07,-0.0084941404916757
4.901e-07,-0.0059316404916756995
4.902e-07,-0.0004941407967856996
4.903e-07,0.0012558595083243004
4.904e-07,-0.0004941407967856996
4.905e-07,-0.0011503907916756997
4.906e-07,-0.0004941407967856996
4.907e-07,-0.00013476579167569962
4.908e-07,-0.0004941407967856996
4.909e-07,-0.0006035157916756996
4.91e-07,-0.0004941407967856996
4.911e-07,-0.0005566408016756996
4.912e-07,-0.0004941407967856996
4.913e-07,0.0005527345083243004
4.914e-07,0.0035058595083243002
4.915e-07,0.006943359508324301
4.916e-07,0.007505859508324301
4.917e-07,0.0036777345083243004
4.918e-07,-0.0004941407967856996
4.919e-07,-0.0013691407916756996
4.92e-07,-0.0004941407967856996
4.921e-07,-0.00040039079167569964
4.922e-07,-0.0004941407967856996
4.923e-07,0.00030273420832430033
4.924e-07,-0.0004941407967856996
4.925e-07,-0.0035253904916757
4.926e-07,-0.004494140491675699
4.927e-07,-0.0006816407916756997
4.928e-07,0.0035058595083243002
4.929e-07,0.004052734508324301
4.93e-07,0.0035058595083243002
4.931e-07,0.005255859508324301
4.932e-07,0.007505859508324301
4.933e-07,0.0056621095083243
4.934e-07,-0.0004941407967856996
4.935e-07,-0.006775390491675699
4.936e-07,-0.0084941404916757
4.937e-07,-0.004869140491675699
4.938e-07,-0.0004941407967856996
4.939e-07,0.0007089845083243004
4.94e-07,-0.0004941407967856996
4.941e-07,-0.0009941407916756995
4.942e-07,-0.0004941407967856996
4.943e-07,-4.101579167569959e-05
4.944e-07,-0.0004941407967856996
4.945e-07,-0.0009316407916756997
4.946e-07,-0.0004941407967856996
4.947e-07,0.0002402342083243004
4.948e-07,-0.0004941407967856996
4.949e-07,-0.0020097654916756994
4.95e-07,-0.0004941407967856996
4.951e-07,0.0046464845083243
4.952e-07,0.007505859508324301
4.953e-07,0.004068359508324301
4.954e-07,-0.0004941407967856996
4.955e-07,-8.789079167569963e-05
4.956e-07,0.0035058595083243002
4.957e-07,0.005037109508324301
4.958e-07,0.0035058595083243002
4.959e-07,0.0011464845083243003
4.96e-07,-0.0004941407967856996
4.961e-07,-0.0012753907916756998
4.962e-07,-0.0004941407967856996
4.963e-07,0.0018183595083243003
4.964e-07,0.0035058595083243002
4.965e-07,0.0037089845083243004
4.966e-07,0.0035058595083243002
4.967e-07,0.0029277345083243006
4.968e-07,-0.0004941407967856996
4.969e-07,-0.0061347654916757
4.97e-07,-0.0084941404916757
4.971e-07,-0.0037910154916756993
4.972e-07,0.0035058595083243002
4.973e-07,0.007412109508324301
4.974e-07,0.007505859508324301
4.975e-07,0.006865234508324301
4.976e-07,0.007505859508324301
4.977e-07,0.007193359508324301
4.978e-07,0.0035058595083243002
4.979e-07,-0.0024316404916757
4.98e-07,-0.004494140491675699
4.981e-07,-0.0005566408016756996
4.982e-07,0.0035058595083243002
4.983e-07,0.0014746095083243004
4.984e-07,-0.004494140491675699
4.985e-07,-0.0082597654916757
4.986e-07,-0.0084941404916757
4.987e-07,-0.007603515491675699
4.988e-07,-0.0084941404916757
4.989e-07,-0.0096816404916757
4.99e-07,-0.0084941404916757
4.991e-07,-0.0040410154916756995
4.992e-07,-0.0004941407967856996
4.993e-07,-0.0013535157916756996
4.994e-07,-0.004494140491675699
4.995e-07,-0.005681640491675699
4.996e-07,-0.004494140491675699
4.997e-07,-0.0025722654916757
4.998e-07,-0.0004941407967856996
4.999e-07,0.0008808595083243003
5e-07,-0.0004941407967856996
5.001e-07,-0.0049628904916756995
5.002e-07,-0.0084941404916757
5.003e-07,-0.007619140491675699
5.004e-07,-0.004494140491675699
5.005e-07,-0.0020097654916756994
5.006e-07,-0.0004941407967856996
5.007e-07,0.0004746092083243004
5.008e-07,-0.0004941407967856996
5.009e-07,-0.0033066404916756997
5.01e-07,-0.004494140491675699
5.011e-07,-0.0013378907916756996
5.012e-07,0.0035058595083243002
5.013e-07,0.0054433595083243
5.014e-07,0.0035058595083243002
5.015e-07,0.00022460920832430037
5.016e-07,-0.0004941407967856996
5.017e-07,0.0017558595083243002
5.018e-07,0.0035058595083243002
5.019e-07,0.002162109508324301
5.02e-07,-0.0004941407967856996
5.021e-07,-0.0014472657916756995
5.022e-07,-0.0004941407967856996
5.023e-07,0.00016210920832430043
5.024e-07,-0.0004941407967856996
5.025e-07,-0.0011347657916756996
5.026e-07,-0.0004941407967856996
5.027e-07,0.0016464845083243005
5.028e-07,0.0035058595083243002
5.029e-07,0.0029433595083243006
5.03e-07,-0.0004941407967856996
5.031e-07,-0.0042285154916757
5.032e-07,-0.004494140491675699
5.033e-07,-0.0005566408016756996
5.034e-07,0.0035058595083243002
5.035e-07,0.004380859508324301
5.036e-07,0.0035058595083243002
5.037e-07,0.0033339845083243
5.038e-07,0.0035058595083243002
5.039e-07,0.0020839845083243007
5.04e-07,-0.0004941407967856996
5.041e-07,-0.0018222654916756997
5.042e-07,-0.0004941407967856996
5.043e-07,0.0023027345083243
5.044e-07,0.0035058595083243002
5.045e-07,0.0017558595083243002
5.046e-07,-0.0004941407967856996
5.047e-07,-0.0008066407916756996
5.048e-07,-0.0004941407967856996
5.049e-07,-0.0009472657916756997
5.05e-07,-0.0004941407967856996
5.051e-07,0.0019277345083243004
5.052e-07,0.0035058595083243002
5.053e-07,0.0018183595083243003
5.054e-07,-0.0004941407967856996
5.055e-07,-0.0007910157916756996
5.056e-07,-0.0004941407967856996
5.057e-07,-0.0018691404916756995
5.058e-07,-0.004494140491675699
5.059e-07,-0.005619140491675699
5.06e-07,-0.004494140491675699
5.061e-07,-0.0030410154916756995
5.062e-07,-0.004494140491675699
5.063e-07,-0.0080566404916757
5.064e-07,-0.0084941404916757
5.065e-07,-0.0028378904916756993
5.066e-07,0.0035058595083243002
5.067e-07,0.005083984508324301
5.068e-07,0.0035058595083243002
5.069e-07,0.0020527345083243007
5.07e-07,-0.0004941407967856996
5.071e-07,-0.0053535154916757
5.072e-07,-0.0084941404916757
5.073e-07,-0.005806640491675699
5.074e-07,-0.0004941407967856996
5.075e-07,0.0025683595083243003
5.076e-07,0.0035058595083243002
5.077e-07,0.003974609508324301
5.078e-07,0.0035058595083243002
5.079e-07,0.0022871095083243
5.08e-07,0.0035058595083243002
5.081e-07,0.007130859508324301
5.082e-07,0.007505859508324301
5.083e-07,0.0014433595083243004
5.084e-07,-0.004494140491675699
5.085e-07,-0.0041660154916757
5.086e-07,-0.0004941407967856996
5.087e-07,0.0008027345083243004
5.088e-07,-0.0004941407967856996
5.089e-07,-0.0009160157916756997
5.09e-07,-0.0004941407967856996
5.091e-07,-0.0005097658016756996
5.092e-07,-0.0004941407967856996
5.093e-07,2.148420832430041e-05
5.094e-07,-0.0004941407967856996
5.095e-07,-0.0017753904916756997
5.096e-07,-0.0004941407967856996
5.097e-07,0.004146484508324301
5.098e-07,0.007505859508324301
5.099e-07,0.005193359508324301
5.1e-07,-0.0004941407967856996
5.101e-07,-0.004462890491675699
5.102e-07,-0.004494140491675699
5.103e-07,-0.0021660154916756996
5.104e-07,-0.0004941407967856996
5.105e-07,-0.0005410158016756996
5.106e-07,-0.0004941407967856996
5.107e-07,0.00028710920832430043
5.108e-07,-0.0004941407967856996
5.109e-07,-0.0033066404916756997
5.11e-07,-0.004494140491675699
5.111e-07,-0.0018535154916756995
5.112e-07,-0.0004941407967856996
5.113e-07,-0.0040878904916756996
5.114e-07,-0.0084941404916757
5.115e-07,-0.0080722654916757
5.116e-07,-0.004494140491675699
5.117e-07,-0.0017597654916756997
5.118e-07,-0.0004941407967856996
5.119e-07,0.0014746095083243004
5.12e-07,0.0035058595083243002
5.121e-07,0.004130859508324301
5.122e-07,0.0035058595083243002
5.123e-07,0.0018964845083243003
5.124e-07,-0.0004941407967856996
5.125e-07,-0.0022910154916756997
5.126e-07,-0.0004941407967856996
5.127e-07,0.005349609508324301
5.128e-07,0.011505863508324301
5.129e-07,0.012458983508324301
5.13e-07,0.007505859508324301
5.131e-07,-9.765791675699618e-06
5.132e-07,-0.004494140491675699
5.133e-07,-0.0035878904916757
5.134e-07,-0.0004941407967856996
5.135e-07,0.0008183595083243005
5.136e-07,-0.0004941407967856996
5.137e-07,-0.0026660154916757
5.138e-07,-0.004494140491675699
5.139e-07,-0.0050878904916757
5.14e-07,-0.004494140491675699
5.141e-07,-0.0024003904916757
5.142e-07,-0.0004941407967856996
5.143e-07,8.398420832430036e-05
5.144e-07,-0.0004941407967856996
5.145e-07,-0.0011191407916756996
5.146e-07,-0.0004941407967856996
5.147e-07,0.0015058595083243004
5.148e-07,0.0035058595083243002
5.149e-07,0.004271484508324301
5.15e-07,0.0035058595083243002
5.151e-07,0.0016621095083243006
5.152e-07,-0.0004941407967856996
5.153e-07,-0.0027597654916756992
5.154e-07,-0.004494140491675699
5.155e-07,-0.0042128904916757
5.156e-07,-0.0004941407967856996
5.157e-07,0.005974609508324301
5.158e-07,0.011505863508324301
5.159e-07,0.012099613508324301
5.16e-07,0.007505859508324301
5.161e-07,0.0006308595083243003
5.162e-07,-0.004494140491675699
5.163e-07,-0.005728515491675699
5.164e-07,-0.004494140491675699
5.165e-07,-0.0026035154916757
5.166e-07,-0.0004941407967856996
5.167e-07,0.0019589845083243006
5.168e-07,0.0035058595083243002
5.169e-07,0.0036308595083243004
5.17e-07,0.0035058595083243002
5.171e-07,0.003943359508324301
5.172e-07,0.0035058595083243002
5.173e-07,0.0013652345083243003
5.174e-07,-0.0004941407967856996
5.175e-07,0.00031835920832430035
5.176e-07,0.0035058595083243002
5.177e-07,0.0056621095083243
5.178e-07,0.0035058595083243002
5.179e-07,-0.0017597654916756997
5.18e-07,-0.004494140491675699
5.181e-07,-0.0014160157916756995
5.182e-07,0.0035058595083243002
5.183e-07,0.005255859508324301
5.184e-07,0.0035058595083243002
5.185e-07,0.0021308595083243008
5.186e-07,0.0035058595083243002
5.187e-07,0.005287109508324301
5.188e-07,0.0035058595083243002
5.189e-07,-0.0016660154916756996
5.19e-07,-0.004494140491675699
5.191e-07,-0.00040039079167569964
5.192e-07,0.007505859508324301
5.193e-07,0.0114277335083243
5.194e-07,0.007505859508324301
5.195e-07,-0.0005097658016756996
5.196e-07,-0.004494140491675699
5.197e-07,-0.0012753907916756998
5.198e-07,0.0035058595083243002
5.199e-07,0.0034589845083243
5.2e-07,-0.0004941407967856996
5.201e-07,-0.0029472654916756994
5.202e-07,-0.0004941407967856996
5.203e-07,0.0036464845083243004
5.204e-07,0.0035058595083243002
5.205e-07,-0.0013847657916756996
5.206e-07,-0.004494140491675699
5.207e-07,-0.0021035154916756995
5.208e-07,-0.0004941407967856996
5.209e-07,-0.005431640491675699
5.21e-07,-0.0124941364916757
5.211e-07,-0.0134160164916757
5.212e-07,-0.0084941404916757
5.213e-07,-0.0029160154916756994
5.214e-07,-0.0004941407967856996
5.215e-07,-0.0004160157916756996
5.216e-07,-0.0004941407967856996
5.217e-07,-2.5390791675699632e-05
5.218e-07,-0.0004941407967856996
5.219e-07,-0.0026347654916757
5.22e-07,-0.004494140491675699
5.221e-07,-0.0035722654916757
5.222e-07,-0.0004941407967856996
5.223e-07,0.0012714845083243004
5.224e-07,-0.0004941407967856996
5.225e-07,-0.003931640491675699
5.226e-07,-0.004494140491675699
5.227e-07,-0.0004941407967856996
5.228e-07,0.0035058595083243002
5.229e-07,0.0028964845083243006
5.23e-07,-0.0004941407967856996
5.231e-07,-0.0020878904916756995
5.232e-07,-0.0004941407967856996
5.233e-07,0.0022089845083243
5.234e-07,0.0035058595083243002
5.235e-07,0.0023964845083243
5.236e-07,-0.0004941407967856996
5.237e-07,-0.0034472654916757
5.238e-07,-0.004494140491675699
5.239e-07,-0.0031035154916756996
5.24e-07,-0.0004941407967856996
5.241e-07,0.0019902345083243006
5.242e-07,0.0035058595083243002
5.243e-07,0.003958984508324301
5.244e-07,0.0035058595083243002
5.245e-07,0.0019902345083243006
5.246e-07,-0.0004941407967856996
5.247e-07,-0.0032285154916756997
5.248e-07,-0.004494140491675699
5.249e-07,-0.0031972654916756996
5.25e-07,-0.0004941407967856996
5.251e-07,0.0020371095083243007
5.252e-07,0.0035058595083243002
5.253e-07,0.0030214845083243007
5.254e-07,-0.0004941407967856996
5.255e-07,-0.005744140491675699
5.256e-07,-0.0084941404916757
5.257e-07,-0.005681640491675699
5.258e-07,-0.0004941407967856996
5.259e-07,0.0028027345083243005
5.26e-07,0.0035058595083243002
5.261e-07,0.0024433595083243
5.262e-07,-0.0004941407967856996
5.263e-07,-0.0040253904916756995
5.264e-07,-0.004494140491675699
5.265e-07,-0.00044726579167569963
5.266e-07,0.0035058595083243002
5.267e-07,0.0028808595083243006
5.268e-07,-0.0004941407967856996
5.269e-07,-0.0022441404916756997
5.27e-07,-0.0004941407967856996
5.271e-07,0.0025527345083243003
5.272e-07,0.0035058595083243002
5.273e-07,0.0015996095083243005
5.274e-07,-0.0004941407967856996
5.275e-07,-0.0007441407916756996
5.276e-07,-0.0004941407967856996
5.277e-07,-0.0020566404916756995
5.278e-07,-0.004494140491675699
5.279e-07,-0.005416015491675699
5.28e-07,-0.004494140491675699
5.281e-07,-0.0027285154916756992
5.282e-07,-0.0004941407967856996
5.283e-07,0.0012246095083243004
5.284e-07,-0.0004941407967856996
5.285e-07,-0.0051660154916757
5.286e-07,-0.0084941404916757
5.287e-07,-0.0081347654916757
5.288e-07,-0.0084941404916757
5.289e-07,-0.011431636491675699
5.29e-07,-0.0124941364916757
5.291e-07,-0.006400390491675699
5.292e-07,0.0035058595083243002
5.293e-07,0.009333984508324301
5.294e-07,0.007505859508324301
5.295e-07,0.0015214845083243004
5.296e-07,-0.0004941407967856996
5.297e-07,0.0035214845083243003
5.298e-07,0.007505859508324301
5.299e-07,0.005208984508324301
5.3e-07,-0.0004941407967856996
5.301e-07,-0.003931640491675699
5.302e-07,-0.004494140491675699
5.303e-07,-0.005525390491675699
5.304e-07,-0.0084941404916757
5.305e-07,-0.010509766491675699
5.306e-07,-0.0084941404916757
5.307e-07,-0.0021972654916756996
5.308e-07,0.0035058595083243002
5.309e-07,0.004912109508324301
5.31e-07,0.0035058595083243002
5.311e-07,0.0018964845083243003
5.312e-07,-0.0004941407967856996
5.313e-07,-0.0049316404916756994
5.314e-07,-0.0084941404916757
5.315e-07,-0.0079003904916757
5.316e-07,-0.004494140491675699
5.317e-07,-0.0014785157916756995
5.318e-07,-0.0004941407967856996
5.319e-07,-0.0016816404916756996
5.32e-07,-0.004494140491675699
5.321e-07,-0.007369140491675699
5.322e-07,-0.0084941404916757
5.323e-07,-0.005853515491675699
5.324e-07,-0.0004941407967856996
5.325e-07,0.003927734508324301
5.326e-07,0.0035058595083243002
5.327e-07,-0.0024003904916757
5.328e-07,-0.0084941404916757
5.329e-07,-0.0091972654916757
5.33e-07,-0.004494140491675699
5.331e-07,0.0012871095083243004
5.332e-07,0.0035058595083243002
5.333e-07,0.0006933595083243003
5.334e-07,-0.004494140491675699
5.335e-07,-0.0081972654916757
5.336e-07,-0.0084941404916757
5.337e-07,-0.0061347654916757
5.338e-07,-0.004494140491675699
5.339e-07,-0.004619140491675699
5.34e-07,-0.004494140491675699
5.341e-07,-0.0026660154916757
5.342e-07,-0.0004941407967856996
5.343e-07,0.0001308592083243004
5.344e-07,-0.0004941407967856996
5.345e-07,-0.0007285157916756996
5.346e-07,-0.0004941407967856996
5.347e-07,-0.0014472657916756995
5.348e-07,-0.004494140491675699
5.349e-07,-0.0080566404916757
5.35e-07,-0.0084941404916757
5.351e-07,-0.004634765491675699
5.352e-07,-0.0004941407967856996
5.353e-07,0.0003808592083243004
5.354e-07,-0.0004941407967856996
5.355e-07,-0.0005722658016756996
5.356e-07,-0.0004941407967856996
5.357e-07,-0.0021660154916756996
5.358e-07,-0.004494140491675699
5.359e-07,-0.0052753904916757
5.36e-07,-0.004494140491675699
5.361e-07,-0.003916015491675699
5.362e-07,-0.004494140491675699
5.363e-07,-0.0061816404916757
5.364e-07,-0.0084941404916757
5.365e-07,-0.0096972654916757
5.366e-07,-0.0084941404916757
5.367e-07,-0.005525390491675699
5.368e-07,-0.004494140491675699
5.369e-07,-0.006572265491675699
5.37e-07,-0.0084941404916757
5.371e-07,-0.0072753904916757
5.372e-07,-0.004494140491675699
5.373e-07,-0.0035878904916757
5.374e-07,-0.004494140491675699
5.375e-07,-0.0052128904916757
5.376e-07,-0.004494140491675699
5.377e-07,-0.0036347654916757
5.378e-07,-0.004494140491675699
5.379e-07,-0.0078535154916757
5.38e-07,-0.0124941364916757
5.381e-07,-0.0158378864916757
5.382e-07,-0.0164941364916757
5.383e-07,-0.014572266491675699
5.384e-07,-0.0124941364916757
5.385e-07,-0.0108066364916757
5.386e-07,-0.0084941404916757
5.387e-07,-0.0053222654916757
5.388e-07,-0.004494140491675699
5.389e-07,-0.006837890491675699
5.39e-07,-0.0084941404916757
5.391e-07,-0.006697265491675699
5.392e-07,-0.004494140491675699
5.393e-07,-0.005822265491675699
5.394e-07,-0.0084941404916757
5.395e-07,-0.008384765491675699
5.396e-07,-0.004494140491675699
5.397e-07,-0.0005097658016756996
5.398e-07,-0.0004941407967856996
5.399e-07,-0.004666015491675699
5.4e-07,-0.0084941404916757
5.401e-07,-0.0089003904916757
5.402e-07,-0.0084941404916757
5.403e-07,-0.010353515491675699
5.404e-07,-0.0124941364916757
5.405e-07,-0.0114472664916757
5.406e-07,-0.0084941404916757
5.407e-07,-0.0061972654916757
5.408e-07,-0.004494140491675699
5.409e-07,-0.0032128904916756997
5.41e-07,-0.004494140491675699
5.411e-07,-0.0088378904916757
5.412e-07,-0.0124941364916757
5.413e-07,-0.011837886491675699
5.414e-07,-0.0084941404916757
5.415e-07,-0.006572265491675699
5.416e-07,-0.0084941404916757
5.417e-07,-0.0120722664916757
5.418e-07,-0.0124941364916757
5.419e-07,-0.008337890491675699
5.42e-07,-0.004494140491675699
5.421e-07,-0.0043222654916757
5.422e-07,-0.004494140491675699
5.423e-07,-0.0021660154916756996
5.424e-07,-0.0004941407967856996
5.425e-07,-0.003681640491675699
5.426e-07,-0.0084941404916757
5.427e-07,-0.009994140491675699
5.428e-07,-0.0084941404916757
5.429e-07,-0.007525390491675699
5.43e-07,-0.0084941404916757
5.431e-07,-0.0104785154916757
5.432e-07,-0.0124941364916757
5.433e-07,-0.013306636491675699
5.434e-07,-0.0124941364916757
5.435e-07,-0.010181640491675699
5.436e-07,-0.0084941404916757
5.437e-07,-0.0082441404916757
5.438e-07,-0.0084941404916757
5.439e-07,-0.008400390491675699
5.44e-07,-0.0084941404916757
5.441e-07,-0.0089628904916757
5.442e-07,-0.0084941404916757
5.443e-07,-0.006400390491675699
5.444e-07,-0.004494140491675699
5.445e-07,-0.0051503904916757
5.446e-07,-0.0084941404916757
5.447e-07,-0.0119941364916757
5.448e-07,-0.0124941364916757
5.449e-07,-0.009916015491675699
5.45e-07,-0.0084941404916757
5.451e-07,-0.0094472654916757
5.452e-07,-0.0084941404916757
5.453e-07,-0.0036191404916757
5.454e-07,-0.0004941407967856996
5.455e-07,-0.0038378904916756993
5.456e-07,-0.0084941404916757
5.457e-07,-0.0081503904916757
5.458e-07,-0.004494140491675699
5.459e-07,-0.0029785154916756994
5.46e-07,-0.004494140491675699
5.461e-07,-0.006728515491675699
5.462e-07,-0.0084941404916757
5.463e-07,-0.010400390491675699
5.464e-07,-0.0124941364916757
5.465e-07,-0.0135722664916757
5.466e-07,-0.0124941364916757
5.467e-07,-0.0088066404916757
5.468e-07,-0.004494140491675699
5.469e-07,-0.0025878904916757
5.47e-07,-0.004494140491675699
5.471e-07,-0.0089628904916757
5.472e-07,-0.0124941364916757
5.473e-07,-0.0131191364916757
5.474e-07,-0.0124941364916757
5.475e-07,-0.0124003864916757
5.476e-07,-0.0124941364916757
5.477e-07,-0.0120878864916757
5.478e-07,-0.0124941364916757
5.479e-07,-0.0144316364916757
5.48e-07,-0.0164941364916757
5.481e-07,-0.0157597664916757
5.482e-07,-0.0124941364916757
5.483e-07,-0.0089160154916757
5.484e-07,-0.0084941404916757
5.485e-07,-0.0111191364916757
5.486e-07,-0.0124941364916757
5.487e-07,-0.010400390491675699
5.488e-07,-0.0084941404916757
5.489e-07,-0.0091191404916757
5.49e-07,-0.0084941404916757
5.491e-07,-0.0040722654916756995
5.492e-07,-0.0004941407967856996
5.493e-07,-0.0031816404916756996
5.494e-07,-0.0084941404916757
5.495e-07,-0.010541016491675699
5.496e-07,-0.0084941404916757
5.497e-07,-0.005775390491675699
5.498e-07,-0.004494140491675699
5.499e-07,-0.0053066404916757
5.5e-07,-0.0084941404916757
5.501e-07,-0.0130722664916757
5.502e-07,-0.0164941364916757
5.503e-07,-0.0170253864916757
5.504e-07,-0.0164941364916757
5.505e-07,-0.0154160164916757
5.506e-07,-0.0124941364916757
5.507e-07,-0.007619140491675699
5.508e-07,-0.004494140491675699
5.509e-07,-0.005650390491675699
5.51e-07,-0.0084941404916757
5.511e-07,-0.0092910154916757
5.512e-07,-0.0084941404916757
5.513e-07,-0.0093222654916757
5.514e-07,-0.0124941364916757
5.515e-07,-0.0158378864916757
5.516e-07,-0.0164941364916757
5.517e-07,-0.013306636491675699
5.518e-07,-0.0084941404916757
5.519e-07,-0.0059472654916756995
5.52e-07,-0.0084941404916757
5.521e-07,-0.013869136491675699
5.522e-07,-0.0164941364916757
5.523e-07,-0.0134160164916757
5.524e-07,-0.0084941404916757
5.525e-07,-0.006712890491675699
5.526e-07,-0.0084941404916757
5.527e-07,-0.010181640491675699
5.528e-07,-0.0084941404916757
5.529e-07,-0.0051191404916757
5.53e-07,-0.004494140491675699
5.531e-07,-0.008322265491675699
5.532e-07,-0.0124941364916757
5.533e-07,-0.0123378864916757
5.534e-07,-0.0084941404916757
5.535e-07,-0.0060097654916756995
5.536e-07,-0.0084941404916757
5.537e-07,-0.0137910164916757
5.538e-07,-0.0164941364916757
5.539e-07,-0.0133847664916757
5.54e-07,-0.0084941404916757
5.541e-07,-0.006712890491675699
5.542e-07,-0.0084941404916757
5.543e-07,-0.010009765491675699
5.544e-07,-0.0084941404916757
5.545e-07,-0.004416015491675699
5.546e-07,-0.0004941407967856996
5.547e-07,0.0008808595083243003
5.548e-07,-0.0004941407967856996
5.549e-07,-0.0031191404916756996
5.55e-07,-0.004494140491675699
5.551e-07,-0.004462890491675699
5.552e-07,-0.004494140491675699
5.553e-07,-0.0051035154916757
5.554e-07,-0.004494140491675699
5.555e-07,-0.0020878904916756995
5.556e-07,-0.0004941407967856996
5.557e-07,-0.0020097654916756994
5.558e-07,-0.004494140491675699
5.559e-07,-0.0051816404916757
5.56e-07,-0.004494140491675699
5.561e-07,-0.0041816404916757
5.562e-07,-0.004494140491675699
5.563e-07,-0.004509765491675699
5.564e-07,-0.004494140491675699
5.565e-07,-0.005681640491675699
5.566e-07,-0.0084941404916757
5.567e-07,-0.0115097664916757
5.568e-07,-0.0124941364916757
5.569e-07,-0.0094785154916757
5.57e-07,-0.004494140491675699
5.571e-07,-0.0008066407916756996
5.572e-07,-0.0004941407967856996
5.573e-07,-0.003681640491675699
5.574e-07,-0.0084941404916757
5.575e-07,-0.0110722664916757
5.576e-07,-0.0084941404916757
5.577e-07,-0.0016660154916756996
5.578e-07,0.0035058595083243002
5.579e-07,0.0019902345083243006
5.58e-07,-0.004494140491675699
5.581e-07,-0.0097597654916757
5.582e-07,-0.0084941404916757
5.583e-07,-0.0017285154916756996
5.584e-07,0.0035058595083243002
5.585e-07,0.0026621095083243004
5.586e-07,-0.0004941407967856996
5.587e-07,-0.0013378907916756996
5.588e-07,-0.0004941407967856996
5.589e-07,-0.0014628907916756995
5.59e-07,-0.004494140491675699
5.591e-07,-0.0071035154916757
5.592e-07,-0.0084941404916757
5.593e-07,-0.0088222654916757
5.594e-07,-0.0084941404916757
5.595e-07,-0.0070253904916757
5.596e-07,-0.004494140491675699
5.597e-07,-0.0016191404916756995
5.598e-07,-0.0004941407967856996
5.599e-07,-0.0011347657916756996
5.6e-07,-0.0004941407967856996
5.601e-07,0.0022402345083243
5.602e-07,0.0035058595083243002
5.603e-07,9.960920832430037e-05
5.604e-07,-0.004494140491675699
5.605e-07,-0.0059160154916756994
5.606e-07,-0.004494140491675699
5.607e-07,-0.0033847654916757
5.608e-07,-0.004494140491675699
5.609e-07,-0.006650390491675699
5.61e-07,-0.0084941404916757
5.611e-07,-0.0088847654916757
5.612e-07,-0.0084941404916757
5.613e-07,-0.0071816404916757
5.614e-07,-0.004494140491675699
5.615e-07,-0.0002441407916756996
5.616e-07,0.0035058595083243002
5.617e-07,0.0045371095083243
5.618e-07,0.0035058595083243002
5.619e-07,0.0016621095083243006
5.62e-07,-0.0004941407967856996
5.621e-07,-0.0029472654916756994
5.622e-07,-0.004494140491675699
5.623e-07,-0.004619140491675699
5.624e-07,-0.004494140491675699
5.625e-07,-0.0049472654916756995
5.626e-07,-0.004494140491675699
5.627e-07,-0.0021972654916756996
5.628e-07,-0.0004941407967856996
5.629e-07,-0.0005253908016756996
5.63e-07,-0.0004941407967856996
5.631e-07,0.0006933595083243003
5.632e-07,-0.0004941407967856996
5.633e-07,-0.0053378904916757
5.634e-07,-0.0084941404916757
5.635e-07,-0.005509765491675699
5.636e-07,-0.0004941407967856996
5.637e-07,0.0019121095083243003
5.638e-07,0.0035058595083243002
5.639e-07,0.0065371095083243
5.64e-07,0.007505859508324301
5.641e-07,0.0036464845083243004
5.642e-07,-0.0004941407967856996
5.643e-07,5.273420832430033e-05
5.644e-07,0.0035058595083243002
5.645e-07,0.004896484508324301
5.646e-07,0.0035058595083243002
5.647e-07,0.0020839845083243007
5.648e-07,0.0035058595083243002
5.649e-07,0.0066152345083243
5.65e-07,0.007505859508324301
5.651e-07,0.004068359508324301
5.652e-07,-0.0004941407967856996
5.653e-07,-0.0019316404916756996
5.654e-07,-0.0004941407967856996
5.655e-07,0.0006464845083243003
5.656e-07,-0.0004941407967856996
5.657e-07,-0.0028066404916756993
5.658e-07,-0.004494140491675699
5.659e-07,-0.003697265491675699
5.66e-07,-0.0004941407967856996
5.661e-07,0.0030996095083243008
5.662e-07,0.0035058595083243002
5.663e-07,0.0008652345083243003
5.664e-07,-0.0004941407967856996
5.665e-07,0.0016621095083243006
5.666e-07,0.0035058595083243002
5.667e-07,0.0017089845083243002
5.668e-07,-0.0004941407967856996
5.669e-07,0.0007246095083243004
5.67e-07,0.0035058595083243002
5.671e-07,0.004146484508324301
5.672e-07,0.0035058595083243002
5.673e-07,0.0035996095083243003
5.674e-07,0.0035058595083243002
5.675e-07,0.0016621095083243006
5.676e-07,-0.0004941407967856996
5.677e-07,-0.0009003907916756997
5.678e-07,-0.0004941407967856996
5.679e-07,-0.0005566408016756996
5.68e-07,-0.0004941407967856996
5.681e-07,8.398420832430036e-05
5.682e-07,-0.0004941407967856996
5.683e-07,-0.0017910154916756997
5.684e-07,-0.0004941407967856996
5.685e-07,0.004318359508324301
5.686e-07,0.007505859508324301
5.687e-07,0.004927734508324301
5.688e-07,-0.0004941407967856996
5.689e-07,-0.0027441404916756992
5.69e-07,-0.0004941407967856996
5.691e-07,0.0028964845083243006
5.692e-07,0.0035058595083243002
5.693e-07,0.0010058595083243004
5.694e-07,-0.0004941407967856996
5.695e-07,0.0023496095083243
5.696e-07,0.007505859508324301
5.697e-07,0.0110058635083243
5.698e-07,0.011505863508324301
5.699e-07,0.0090371095083243
5.7e-07,0.0035058595083243002
5.701e-07,-0.0029472654916756994
5.702e-07,-0.004494140491675699
5.703e-07,0.0010058595083243004
5.704e-07,0.007505859508324301
5.705e-07,0.0090371095083243
5.706e-07,0.007505859508324301
5.707e-07,0.007130859508324301
5.708e-07,0.007505859508324301
5.709e-07,0.006146484508324301
5.71e-07,0.0035058595083243002
5.711e-07,0.0013964845083243003
5.712e-07,-0.0004941407967856996
5.713e-07,-0.0019160154916756996
5.714e-07,-0.0004941407967856996
5.715e-07,0.004287109508324301
5.716e-07,0.007505859508324301
5.717e-07,0.006208984508324301
5.718e-07,0.0035058595083243002
5.719e-07,0.0029902345083243007
5.72e-07,0.0035058595083243002
5.721e-07,0.0031152345083243008
5.722e-07,0.0035058595083243002
5.723e-07,0.006943359508324301
5.724e-07,0.011505863508324301
5.725e-07,0.0123652335083243
5.726e-07,0.007505859508324301
5.727e-07,-0.0002285157916756996
5.728e-07,-0.004494140491675699
5.729e-07,-0.0019628904916756994
5.73e-07,0.0035058595083243002
5.731e-07,0.006880859508324301
5.732e-07,0.007505859508324301
5.733e-07,0.007615234508324301
5.734e-07,0.007505859508324301
5.735e-07,0.006130859508324301
5.736e-07,0.0035058595083243002
5.737e-07,0.0010683595083243005
5.738e-07,-0.0004941407967856996
5.739e-07,8.398420832430036e-05
5.74e-07,0.0035058595083243002
5.741e-07,0.0083964845083243
5.742e-07,0.011505863508324301
5.743e-07,0.010615233508324301
5.744e-07,0.007505859508324301
5.745e-07,0.0057558595083243005
5.746e-07,0.007505859508324301
5.747e-07,0.0109433635083243
5.748e-07,0.011505863508324301
5.749e-07,0.007458984508324301
5.75e-07,0.0035058595083243002
5.751e-07,0.0030996095083243008
5.752e-07,0.0035058595083243002
5.753e-07,0.0026308595083243003
5.754e-07,0.0035058595083243002
5.755e-07,0.0083808595083243
5.756e-07,0.011505863508324301
5.757e-07,0.0082246095083243
5.758e-07,0.0035058595083243002
5.759e-07,0.0037089845083243004
5.76e-07,0.007505859508324301
5.761e-07,0.0103183635083243
5.762e-07,0.011505863508324301
5.763e-07,0.012068363508324301
5.764e-07,0.011505863508324301
5.765e-07,0.0082089845083243
5.766e-07,0.0035058595083243002
5.767e-07,9.960920832430037e-05
5.768e-07,-0.0004941407967856996
5.769e-07,0.0014433595083243004
5.77e-07,0.0035058595083243002
5.771e-07,0.004130859508324301
5.772e-07,0.0035058595083243002
5.773e-07,0.0030996095083243008
5.774e-07,0.0035058595083243002
5.775e-07,0.004083984508324301
5.776e-07,0.0035058595083243002
5.777e-07,0.0026152345083243003
5.778e-07,0.0035058595083243002
5.779e-07,0.006302734508324301
5.78e-07,0.007505859508324301
5.781e-07,0.0043964845083243
5.782e-07,-0.0004941407967856996
5.783e-07,-0.0025566404916757
5.784e-07,-0.0004941407967856996
5.785e-07,0.003912109508324301
5.786e-07,0.007505859508324301
5.787e-07,0.0085527345083243
5.788e-07,0.007505859508324301
5.789e-07,0.0054902345083243
5.79e-07,0.0035058595083243002
5.791e-07,0.0025527345083243003
5.792e-07,0.0035058595083243002
5.793e-07,0.005880859508324301
5.794e-07,0.007505859508324301
5.795e-07,0.006318359508324301
5.796e-07,0.0035058595083243002
5.797e-07,0.0019121095083243003
5.798e-07,0.0035058595083243002
5.799e-07,0.006927734508324301
5.8e-07,0.007505859508324301
5.801e-07,0.0036621095083243004
5.802e-07,-0.0004941407967856996
5.803e-07,-0.0011972657916756997
5.804e-07,-0.0004941407967856996
5.805e-07,-0.0008535157916756996
5.806e-07,-0.0004941407967856996
5.807e-07,0.0029902345083243007
5.808e-07,0.007505859508324301
5.809e-07,0.009146484508324301
5.81e-07,0.007505859508324301
5.811e-07,0.004865234508324301
5.812e-07,0.0035058595083243002
5.813e-07,0.0027089845083243004
5.814e-07,-0.0004941407967856996
5.815e-07,-0.0059003904916756994
5.816e-07,-0.0084941404916757
5.817e-07,-0.0050410154916756995
5.818e-07,-0.0004941407967856996
5.819e-07,0.00045898420832430036
5.82e-07,-0.0004941407967856996
5.821e-07,0.0009277345083243003
5.822e-07,0.0035058595083243002
5.823e-07,0.004224609508324301
5.824e-07,0.0035058595083243002
5.825e-07,0.0033652345083243
5.826e-07,0.0035058595083243002
5.827e-07,0.0031152345083243008
5.828e-07,0.0035058595083243002
5.829e-07,0.0044277345083243
5.83e-07,0.0035058595083243002
5.831e-07,0.0003964842083243004
5.832e-07,-0.0004941407967856996
5.833e-07,0.0032089845083243
5.834e-07,0.007505859508324301
5.835e-07,0.007474609508324301
5.836e-07,0.0035058595083243002
5.837e-07,-8.789079167569963e-05
5.838e-07,-0.0004941407967856996
5.839e-07,0.0008027345083243004
5.84e-07,-0.0004941407967856996
5.841e-07,-0.0040722654916756995
5.842e-07,-0.004494140491675699
5.843e-07,0.0014121095083243003
5.844e-07,0.007505859508324301
