-4.1e-08,0.0013305135450288707
-4.09e-08,3.363854502887046e-05
-4.08e-08,-0.0026694869881681293
-4.07e-08,-0.0036304244549711295
-4.06e-08,-0.0026694869881681293
-4.05e-08,-0.0014272994549711295
-4.04e-08,-0.0006694874549711296
-4.03e-08,-0.0003882364549711295
-4.02e-08,-0.0006694874549711296
-4.01e-08,-0.0011616744549711295
-4e-08,-0.0006694874549711296
-3.99e-08,0.0007367635450288706
-3.98e-08,0.0013305135450288707
-3.97e-08,0.0002836385450288707
-3.96e-08,-0.0006694874549711296
-3.95e-08,-3.667445497112934e-05
-3.94e-08,0.0013305135450288707
-3.93e-08,0.0012133255450288705
-3.92e-08,-0.0006694874549711296
-3.91e-08,-0.0025991744849711293
-3.9e-08,-0.0026694869881681293
-3.89e-08,-0.0007476124549711295
-3.88e-08,0.0013305135450288707
-3.87e-08,0.0014477005450288702
-3.86e-08,-0.0006694874549711296
-3.85e-08,-0.0029194869549711297
-3.84e-08,-0.0026694869881681293
-3.83e-08,-4.448645497112961e-05
-3.82e-08,0.0013305135450288707
-3.81e-08,-0.0004976124549711295
-3.8e-08,-0.0026694869881681293
-3.79e-08,-0.0022397994549711296
-3.78e-08,-0.0006694874549711296
-3.77e-08,-0.0004038614549711295
-3.76e-08,-0.0006694874549711296
-3.75e-08,0.00025238854502887065
-3.74e-08,0.0013305135450288707
-3.73e-08,0.0008305135450288703
-3.72e-08,-0.0006694874549711296
-3.71e-08,-0.0013804244549711295
-3.7e-08,-0.0006694874549711296
-3.69e-08,0.0006195755450288704
-3.68e-08,0.0013305135450288707
-3.67e-08,0.0011742635450288706
-3.66e-08,0.0013305135450288707
-3.65e-08,0.002361763545028871
-3.64e-08,0.0033305135450288708
-3.63e-08,0.0028773885450288704
-3.62e-08,0.0013305135450288707
-3.61e-08,-7.573645497112964e-05
-3.6e-08,-0.0006694874549711296
-3.59e-08,-0.0006069874549711296
-3.58e-08,-0.0006694874549711296
-3.57e-08,-0.0009351124549711294
-3.56e-08,-0.0006694874549711296
-3.55e-08,0.0004164505450288706
-3.54e-08,0.0013305135450288707
-3.53e-08,0.0018070755450288706
-3.52e-08,0.0033305135450288708
-3.51e-08,0.00611176354502887
-3.5e-08,0.0073305135450288696
-3.49e-08,0.004846138545028871
-3.48e-08,0.0013305135450288707
-3.47e-08,-0.00037261145497112947
-3.46e-08,-0.0006694874549711296
-3.45e-08,-0.0010522994549711296
-3.44e-08,-0.0006694874549711296
-3.43e-08,0.0014008255450288702
-3.42e-08,0.0033305135450288708
-3.41e-08,0.0030961385450288706
-3.4e-08,0.0013305135450288707
-3.39e-08,-7.573645497112964e-05
-3.38e-08,-0.0006694874549711296
-3.37e-08,-0.0008179244549711296
-3.36e-08,-0.0006694874549711296
-3.35e-08,-4.448645497112961e-05
-3.34e-08,0.0013305135450288707
-3.33e-08,0.0027914505450288706
-3.32e-08,0.0033305135450288708
-3.31e-08,0.0024320755450288702
-3.3e-08,0.0013305135450288707
-3.29e-08,0.0006039505450288704
-3.28e-08,-0.0006694874549711296
-3.27e-08,-0.0029507369549711298
-3.26e-08,-0.00466948745497113
-3.25e-08,-0.004192924454971129
-3.24e-08,-0.0026694869881681293
-3.23e-08,-0.0019585494549711297
-3.22e-08,-0.0026694869881681293
-3.21e-08,-0.0033257369549711297
-3.2e-08,-0.0026694869881681293
-3.19e-08,-0.0005991744549711294
-3.18e-08,0.0013305135450288707
-3.17e-08,0.0018148885450288703
-3.16e-08,0.0013305135450288707
-3.15e-08,0.0009320755450288707
-3.14e-08,0.0013305135450288707
-3.13e-08,0.0017289505450288705
-3.12e-08,0.0013305135450288707
-3.11e-08,6.488854502887048e-05
-3.1e-08,-0.0006694874549711296
-3.09e-08,-0.0005132374549711295
-3.08e-08,-0.0006694874549711296
-3.07e-08,-0.0019116744549711295
-3.06e-08,-0.0026694869881681293
-3.05e-08,-0.0016851119549711295
-3.04e-08,-0.0006694874549711296
-3.03e-08,-0.0013569874549711296
-3.02e-08,-0.0026694869881681293
-3.01e-08,-0.0029116744549711297
-3e-08,-0.0026694869881681293
-2.99e-08,-0.0028022994549711296
-2.98e-08,-0.0026694869881681293
-2.97e-08,-0.0015522994549711296
-2.96e-08,-0.0006694874549711296
-2.95e-08,-0.0012788624549711295
-2.94e-08,-0.0026694869881681293
-2.93e-08,-0.0033022994549711296
-2.92e-08,-0.0026694869881681293
-2.91e-08,-0.0014351124549711295
-2.9e-08,-0.0006694874549711296
-2.89e-08,-0.0006772994549711295
-2.88e-08,-0.0006694874549711296
-2.87e-08,-0.0004351114549711295
-2.86e-08,-0.0006694874549711296
-2.85e-08,-0.0017554244549711296
-2.84e-08,-0.0026694869881681293
-2.83e-08,-0.0021147994549711295
-2.82e-08,-0.0006694874549711296
-2.81e-08,5.707554502887031e-05
-2.8e-08,-0.0006694874549711296
-2.79e-08,-0.0021772994549711295
-2.78e-08,-0.0026694869881681293
-2.77e-08,-0.0011929244549711295
-2.76e-08,0.0013305135450288707
-2.75e-08,0.003119575545028871
-2.74e-08,0.0033305135450288708
-2.73e-08,0.0018070755450288706
-2.72e-08,-0.0006694874549711296
-2.71e-08,-0.0031929244549711295
-2.7e-08,-0.00466948745497113
-2.69e-08,-0.004302299454971129
-2.68e-08,-0.0026694869881681293
-2.67e-08,-0.0010288624549711295
-2.66e-08,-0.0006694874549711296
-2.65e-08,-0.0016460494549711295
-2.64e-08,-0.0026694869881681293
-2.63e-08,-0.0022788619549711296
-2.62e-08,-0.0006694874549711296
-2.61e-08,0.0009633255450288707
-2.6e-08,0.0013305135450288707
-2.59e-08,0.00032270054502887054
-2.58e-08,-0.0006694874549711296
-2.57e-08,-0.0008335494549711296
-2.56e-08,-0.0006694874549711296
-2.55e-08,-0.0007866744549711296
-2.54e-08,-0.0006694874549711296
-2.53e-08,0.00021332554502887045
-2.52e-08,0.0013305135450288707
-2.51e-08,0.0016742635450288702
-2.5e-08,0.0013305135450288707
-2.49e-08,0.0010414505450288703
-2.48e-08,0.0013305135450288707
-2.47e-08,0.0017289505450288705
-2.46e-08,0.0013305135450288707
-2.45e-08,5.707554502887031e-05
-2.44e-08,-0.0006694874549711296
-2.43e-08,0.00011957554502887036
-2.42e-08,0.0013305135450288707
-2.41e-08,0.0016117635450288701
-2.4e-08,0.0013305135450288707
-2.39e-08,0.00126020054502887
-2.38e-08,0.0013305135450288707
-2.37e-08,0.0011664505450288704
-2.36e-08,0.0013305135450288707
-2.35e-08,0.0022836385450288707
-2.34e-08,0.0033305135450288708
-2.33e-08,0.003150825545028871
-2.32e-08,0.0013305135450288707
-2.31e-08,-0.0012944874549711295
-2.3e-08,-0.0026694869881681293
-2.29e-08,-0.0019819869549711298
-2.28e-08,-0.0006694874549711296
-2.27e-08,0.0001664505450288704
-2.26e-08,0.0013305135450288707
-2.25e-08,0.0030648885450288705
-2.24e-08,0.0033305135450288708
-2.23e-08,0.0006742635450288706
-2.22e-08,-0.0026694869881681293
-2.21e-08,-0.0037085494549711296
-2.2e-08,-0.0026694869881681293
-2.19e-08,-0.0013491744549711294
-2.18e-08,-0.0006694874549711296
-2.17e-08,-0.0005444874549711295
-2.16e-08,-0.0006694874549711296
-2.15e-08,-0.0008101124549711295
-2.14e-08,-0.0006694874549711296
-2.13e-08,0.00011957554502887036
-2.12e-08,0.0013305135450288707
-2.11e-08,0.002088325545028871
-2.1e-08,0.0013305135450288707
-2.09e-08,-0.0009429244549711295
-2.08e-08,-0.0026694869881681293
-2.07e-08,-0.0023022994549711296
-2.06e-08,-0.0006694874549711296
-2.05e-08,0.0006195755450288704
-2.04e-08,0.0013305135450288707
-2.03e-08,0.0016430135450288702
-2.02e-08,0.0013305135450288707
-2.01e-08,0.00019770054502887043
-2e-08,-0.0006694874549711296
-1.99e-08,-0.0005991744549711294
-1.98e-08,-0.0006694874549711296
-1.97e-08,-0.0017397994549711296
-1.96e-08,-0.0026694869881681293
-1.95e-08,-0.0026616744879711294
-1.94e-08,-0.0026694869881681293
-1.93e-08,-0.0031929244549711295
-1.92e-08,-0.0026694869881681293
-1.91e-08,-0.0002944864549711294
-1.9e-08,0.0013305135450288707
-1.89e-08,2.582554502887028e-05
-1.88e-08,-0.0026694869881681293
-1.87e-08,-0.004161674454971129
-1.86e-08,-0.00466948745497113
-1.85e-08,-0.00505229945497113
-1.84e-08,-0.00466948745497113
-1.83e-08,-0.0027085494849711294
-1.82e-08,-0.0006694874549711296
-1.81e-08,0.00033832554502887056
-1.8e-08,0.0013305135450288707
-1.79e-08,0.0028773885450288704
-1.78e-08,0.0033305135450288708
-1.77e-08,0.0014555135450288709
-1.76e-08,-0.0006694874549711296
-1.75e-08,-0.0007241744549711295
-1.74e-08,0.0013305135450288707
-1.73e-08,0.0032055135450288707
-1.72e-08,0.0033305135450288708
-1.71e-08,0.0019633255450288707
-1.7e-08,0.0013305135450288707
-1.69e-08,0.0018383255450288706
-1.68e-08,0.0013305135450288707
-1.67e-08,-0.0011382374549711296
-1.66e-08,-0.0026694869881681293
-1.65e-08,-0.0009897994549711295
-1.64e-08,0.0013305135450288707
-1.63e-08,0.0010805135450288705
-1.62e-08,-0.0006694874549711296
-1.61e-08,-0.0012007374549711295
-1.6e-08,-0.0006694874549711296
-1.59e-08,-0.0004116744549711297
-1.58e-08,-0.0006694874549711296
-1.57e-08,-0.0007397994549711295
-1.56e-08,-0.0006694874549711296
-1.55e-08,-0.0007163624549711295
-1.54e-08,-0.0006694874549711296
-1.53e-08,-6.792445497112937e-05
-1.52e-08,0.0013305135450288707
-1.51e-08,0.0028461385450288704
-1.5e-08,0.0033305135450288708
-1.49e-08,0.002361763545028871
-1.48e-08,0.0013305135450288707
-1.47e-08,0.0012055135450288706
-1.46e-08,0.0013305135450288707
-1.45e-08,0.0005414505450288703
-1.44e-08,-0.0006694874549711296
-1.43e-08,-0.0011538624549711294
-1.42e-08,-0.0006694874549711296
-1.41e-08,0.0002836385450288707
-1.4e-08,0.0013305135450288707
-1.39e-08,0.0019242635450288704
-1.38e-08,0.0013305135450288707
-1.37e-08,-0.00011479945497112941
-1.36e-08,-0.0006694874549711296
-1.35e-08,0.00033832554502887056
-1.34e-08,0.0013305135450288707
-1.33e-08,0.0007289505450288705
-1.32e-08,-0.0006694874549711296
-1.31e-08,-0.0012007374549711295
-1.3e-08,-0.0006694874549711296
-1.29e-08,-0.00019292445497112948
-1.28e-08,-0.0006694874549711296
-1.27e-08,-0.0017944869549711296
-1.26e-08,-0.0026694869881681293
-1.25e-08,-0.0022788619549711296
-1.24e-08,-0.0006694874549711296
-1.23e-08,0.0010102005450288703
-1.22e-08,0.0013305135450288707
-1.21e-08,7.270054502887032e-05
-1.2e-08,-0.0006694874549711296
-1.19e-08,9.613854502887051e-05
-1.18e-08,0.0013305135450288707
-1.17e-08,0.0015570755450288703
-1.16e-08,0.0013305135450288707
-1.15e-08,0.0011273885450288706
-1.14e-08,-0.0006694874549711296
-1.13e-08,-0.00462261245497113
-1.12e-08,-0.00866948745497113
-1.11e-08,-0.00984136245497113
-1.1e-08,-0.00866948745497113
-1.09e-08,-0.006192924454971129
-1.08e-08,-0.0026694869881681293
-1.07e-08,0.0022367635450288707
-1.06e-08,0.0073305135450288696
-1.05e-08,0.01056488554502887
-1.04e-08,0.01133051554502887
-1.03e-08,0.00934613554502887
-1.02e-08,0.0053305135450288695
-1.01e-08,0.0005727005450288703
-1e-08,-0.0026694869881681293
-9.9e-09,-0.0032866744549711296
-9.8e-09,-0.0026694869881681293
-9.7e-09,-0.0017554244549711296
-9.6e-09,-0.0006694874549711296
-9.5e-09,0.002103950545028871
-9.4e-09,0.0053305135450288695
-9.3e-09,0.00877582554502887
-9.2e-09,0.01133051554502887
-9.1e-09,0.01363520554502887
-9e-09,0.015330515545028869
-8.9e-09,0.01654145554502887
-8.8e-09,0.01933051554502887
-8.7e-09,0.02346332554502887
-8.6e-09,0.02933051554502887
-8.5e-09,0.03423676554502887
-8.4e-09,0.03933051554502887
-8.3e-09,0.04161176554502887
-8.2e-09,0.03933051554502887
-8.1e-09,0.02940863554502887
-8e-09,0.015330515545028869
-7.9e-09,0.0010023885450288705
-7.8e-09,-0.01066948745497113
-7.7e-09,-0.01744292445497113
-7.6e-09,-0.01866948445497113
-7.5e-09,-0.01363042445497113
-7.4e-09,-0.00666948745497113
-7.3e-09,-0.0003022994549711296
-7.2e-09,0.0033305135450288708
-7.1e-09,0.0053773885450288696
-7e-09,0.0053305135450288695
-6.9e-09,0.0037133255450288705
-6.8e-09,0.0013305135450288707
-6.7e-09,-0.0012476124549711295
-6.6e-09,-0.0026694869881681293
-6.5e-09,-0.0036694874549711293
-6.4e-09,-0.0026694869881681293
-6.3e-09,-0.0011147994549711294
-6.2e-09,0.0013305135450288707
-6.1e-09,0.0017523885450288702
-6e-09,-0.0006694874549711296
-5.9e-09,-0.007200737454971129
-5.8e-09,-0.01666948445497113
-5.7e-09,-0.02711480445497113
-5.6e-09,-0.03866948445497113
-5.5e-09,-0.04838042445497113
-5.4e-09,-0.05666948445497113
-5.3e-09,-0.05853667445497113
-5.2e-09,-0.05666948445497113
-5.1e-09,-0.04822417445497113
-5e-09,-0.03666948445497113
-4.9e-09,-0.02093511445497113
-4.8e-09,-0.00466948745497113
-4.7e-09,0.01140863554502887
-4.6e-09,0.02733051554502887
-4.5e-09,0.04099457554502887
-4.4e-09,0.05133051554502887
-4.3e-09,0.05320551554502887
-4.2e-09,0.04933051554502887
-4.1e-09,0.04025238554502887
-4e-09,0.03133051554502887
-3.9e-09,0.02365863554502887
-3.8e-09,0.01733051554502887
-3.7e-09,0.013314885545028871
-3.6e-09,0.01133051554502887
-3.5e-09,0.014682075545028869
-3.4e-09,0.02133051554502887
-3.3e-09,0.03211957554502887
-3.2e-09,0.04333051554502887
-3.1e-09,0.05740082554502887
-3e-09,0.07533051554502887
-2.9e-09,0.09479926554502888
-2.8e-09,0.11132271554502887
-2.7e-09,0.11132271554502887
-2.6e-09,0.11132271554502887
-2.5e-09,0.10659611554502887
-2.4e-09,0.11132271554502887
-2.3e-09,0.11037741554502888
-2.2e-09,0.11132271554502887
-2.1e-09,0.10104921554502887
-2e-09,0.08933051554502887
-1.9e-09,0.07522113554502886
-1.8e-09,0.06333051554502887
-1.7e-09,0.05411957554502887
-1.6e-09,0.04333051554502887
-1.5e-09,0.03191645554502887
-1.4e-09,0.02133051554502887
-1.3e-09,0.01796332554502887
-1.2e-09,0.01733051554502887
-1.1e-09,0.02012738554502887
-1e-09,0.02533051554502887
-9e-10,0.03725238554502887
-8e-10,0.05333051554502887
-7e-10,0.06889301554502887
-6e-10,0.08133051554502888
-5e-10,0.08721332554502886
-4e-10,0.08933051554502887
-3e-10,0.08478363554502887
-2e-10,0.07533051554502887
-1e-10,0.05921332554502887
0.0,0.04133051554502887
1e-10,0.02501020554502887
2e-10,0.01133051554502887
3e-10,0.0020180135450288705
4e-10,-0.00466948745497113
5e-10,-0.0032710494549711296
6e-10,0.0033305135450288708
7e-10,0.01736957554502887
8e-10,0.03133051554502887
9e-10,0.04477582554502887
1e-09,0.05533051554502887
1.1e-09,0.06696332554502887
1.2e-09,0.08133051554502888
1.3e-09,0.09586176554502887
1.4e-09,0.10733051554502887
1.5e-09,0.10974461554502887
1.6e-09,0.11132271554502887
1.7e-09,0.10718991554502887
1.8e-09,0.11132271554502887
1.9e-09,0.10994771554502887
2e-09,0.11132271554502887
2.1e-09,0.10165081554502887
2.2e-09,0.08933051554502887
2.3e-09,0.07237738554502887
2.4e-09,0.05533051554502887
2.5e-09,0.04049457554502887
2.6e-09,0.02733051554502887
2.7e-09,0.01718988554502887
2.8e-09,0.00933051554502887
2.9e-09,0.00683832554502887
3e-09,0.0073305135450288696
3.1e-09,0.01142426554502887
3.2e-09,0.01733051554502887
3.3e-09,0.02411957554502887
3.4e-09,0.02933051554502887
3.5e-09,0.02986957554502887
3.6e-09,0.02933051554502887
3.7e-09,0.02557270554502887
3.8e-09,0.01933051554502887
3.9e-09,0.00547113854502887
4e-09,-0.01066948745497113
4.1e-09,-0.02910698445497113
4.2e-09,-0.04866948445497113
4.3e-09,-0.07095855445497112
4.4e-09,-0.09266948445497113
4.5e-09,-0.10907578445497113
4.6e-09,-0.12266948445497113
4.7e-09,-0.1314507844549711
4.8e-09,-0.13866948445497113
4.9e-09,-0.13948978445497112
5e-09,-0.14066948445497113
5.1e-09,-0.13996638445497112
5.2e-09,-0.14066948445497113
5.3e-09,-0.13592728445497113
5.4e-09,-0.12666948445497112
5.5e-09,-0.11170078445497113
5.6e-09,-0.09666948445497113
5.7e-09,-0.08453667445497114
5.8e-09,-0.07466948445497112
5.9e-09,-0.06758355445497113
6e-09,-0.06266948445497113
6.1e-09,-0.06333355445497113
6.2e-09,-0.06466948445497113
6.3e-09,-0.06710698445497112
6.4e-09,-0.06866948445497113
6.5e-09,-0.07342730445497113
6.6e-09,-0.07866948445497113
6.7e-09,-0.08486480445497113
6.8e-09,-0.09266948445497113
6.9e-09,-0.10248198445497113
7e-09,-0.11266948445497113
7.1e-09,-0.11930228445497112
7.2e-09,-0.12466948445497113
7.3e-09,-0.12663038445497113
7.4e-09,-0.12466948445497113
7.5e-09,-0.11561478445497113
7.6e-09,-0.10466948445497112
7.7e-09,-0.09476323445497113
7.8e-09,-0.08666948445497114
7.9e-09,-0.07913823445497113
8e-09,-0.07266948445497114
8.1e-09,-0.07082573445497113
8.2e-09,-0.07266948445497114
8.3e-09,-0.07823198445497113
8.4e-09,-0.08266948445497113
8.5e-09,-0.08653667445497112
8.6e-09,-0.08866948445497112
8.7e-09,-0.09238042445497113
8.8e-09,-0.09666948445497113
8.9e-09,-0.10176323445497112
9e-09,-0.10666948445497113
9.1e-09,-0.11170858445497113
9.2e-09,-0.11866948445497114
9.3e-09,-0.1262475844549711
9.4e-09,-0.13466948445497112
9.5e-09,-0.1398725844549711
9.6e-09,-0.1446694844549711
9.7e-09,-0.14530228445497112
9.8e-09,-0.14266948445497113
9.9e-09,-0.13265388445497112
1e-08,-0.12066948445497112
1.01e-08,-0.10727888445497114
1.02e-08,-0.09266948445497113
1.03e-08,-0.07563823445497113
1.04e-08,-0.05866948445497113
1.05e-08,-0.04683355445497113
1.06e-08,-0.03866948445497113
1.07e-08,-0.03586480445497113
1.08e-08,-0.03666948445497113
1.09e-08,-0.04381792445497113
1.1e-08,-0.05266948445497113
1.11e-08,-0.06180230445497113
1.12e-08,-0.06866948445497113
1.13e-08,-0.07338042445497113
1.14e-08,-0.07466948445497112
1.15e-08,-0.07146636445497113
1.16e-08,-0.06466948445497113
1.17e-08,-0.05658355445497113
1.18e-08,-0.05066948445497113
1.19e-08,-0.04866167445497113
1.2e-08,-0.04866948445497113
1.21e-08,-0.04981792445497113
1.22e-08,-0.05266948445497113
1.23e-08,-0.05851323445497113
1.24e-08,-0.06466948445497113
1.25e-08,-0.06961480445497113
1.26e-08,-0.07466948445497112
1.27e-08,-0.08040386445497114
1.28e-08,-0.08466948445497113
1.29e-08,-0.08331011445497113
1.3e-08,-0.07866948445497113
1.31e-08,-0.07270855445497112
1.32e-08,-0.06866948445497113
1.33e-08,-0.06520855445497113
1.34e-08,-0.06266948445497113
1.35e-08,-0.05968511445497113
1.36e-08,-0.05666948445497113
1.37e-08,-0.05332573445497113
1.38e-08,-0.05066948445497113
1.39e-08,-0.04759917445497113
1.4e-08,-0.04266948445497113
1.41e-08,-0.03579448445497113
1.42e-08,-0.03066948445497113
1.43e-08,-0.02847417445497113
1.44e-08,-0.02666948445497113
1.45e-08,-0.02141948445497113
1.46e-08,-0.01466948445497113
1.47e-08,-0.00840386245497113
1.48e-08,-0.0026694869881681293
1.49e-08,0.00486957554502887
1.5e-08,0.01333051554502887
1.51e-08,0.02144770554502887
1.52e-08,0.02933051554502887
1.53e-08,0.03687738554502887
1.54e-08,0.04333051554502887
1.55e-08,0.04833051554502887
1.56e-08,0.05533051554502887
1.57e-08,0.06404926554502886
1.58e-08,0.07133051554502887
1.59e-08,0.07305707554502887
1.6e-08,0.07333051554502887
1.61e-08,0.07467426554502887
1.62e-08,0.07733051554502887
1.63e-08,0.07822113554502887
1.64e-08,0.07933051554502887
1.65e-08,0.08181488554502887
1.66e-08,0.08533051554502886
1.67e-08,0.08663520554502888
1.68e-08,0.08533051554502886
1.69e-08,0.08265082554502887
1.7e-08,0.08133051554502888
1.71e-08,0.08207270554502887
1.72e-08,0.08333051554502886
1.73e-08,0.08343207554502886
1.74e-08,0.08333051554502886
1.75e-08,0.08464301554502887
1.76e-08,0.08733051554502887
1.77e-08,0.08935395554502887
1.78e-08,0.08933051554502887
1.79e-08,0.08722895554502887
1.8e-08,0.08533051554502886
1.81e-08,0.08472113554502887
1.82e-08,0.08533051554502886
1.83e-08,0.08568207554502887
1.84e-08,0.08533051554502886
1.85e-08,0.08456488554502888
1.86e-08,0.08333051554502886
1.87e-08,0.08130707554502888
1.88e-08,0.07733051554502887
1.89e-08,0.07333832554502887
1.9e-08,0.07133051554502887
1.91e-08,0.07412738554502887
1.92e-08,0.07933051554502887
1.93e-08,0.08495551554502886
1.94e-08,0.08933051554502887
1.95e-08,0.09382270554502888
1.96e-08,0.09933051554502886
1.97e-08,0.10518991554502886
1.98e-08,0.11132271554502887
1.99e-08,0.10999461554502887
2e-08,0.11132271554502887
2.01e-08,0.10876801554502886
2.02e-08,0.11132271554502887
2.03e-08,0.10936961554502887
2.04e-08,0.11132271554502887
2.05e-08,0.10915861554502887
2.06e-08,0.11132271554502887
2.07e-08,0.10932271554502887
2.08e-08,0.11132271554502887
2.09e-08,0.10932271554502887
2.1e-08,0.11132271554502887
2.11e-08,0.10932271554502887
2.12e-08,0.11132271554502887
2.13e-08,0.10932271554502887
2.14e-08,0.11132271554502887
2.15e-08,0.10932271554502887
2.16e-08,0.11132271554502887
2.17e-08,0.10932271554502887
2.18e-08,0.11132271554502887
2.19e-08,0.10932271554502887
2.2e-08,0.11132271554502887
2.21e-08,0.10922111554502888
2.22e-08,0.11132271554502887
2.23e-08,0.10941641554502887
2.24e-08,0.11132271554502887
2.25e-08,0.10901021554502888
2.26e-08,0.11132271554502887
2.27e-08,0.10995551554502887
2.28e-08,0.11132271554502887
2.29e-08,0.10655711554502886
2.3e-08,0.10333051554502887
2.31e-08,0.10158831554502887
2.32e-08,0.10133051554502887
2.33e-08,0.10142421554502887
2.34e-08,0.10133051554502887
2.35e-08,0.10159611554502887
2.36e-08,0.10333051554502887
2.37e-08,0.10512741554502887
2.38e-08,0.10533051554502887
2.39e-08,0.10212741554502887
2.4e-08,0.09933051554502886
2.41e-08,0.09780711554502887
2.42e-08,0.09733051554502888
2.43e-08,0.09332270554502888
2.44e-08,0.08733051554502887
2.45e-08,0.07885395554502887
2.46e-08,0.06933051554502886
2.47e-08,0.05786957554502887
2.48e-08,0.04733051554502887
2.49e-08,0.03844770554502887
2.5e-08,0.02933051554502887
2.51e-08,0.01912738554502887
2.52e-08,0.00933051554502887
2.53e-08,0.0028773885450288704
2.54e-08,-0.0026694869881681293
2.55e-08,-0.00793511245497113
2.56e-08,-0.01266948445497113
2.57e-08,-0.01428667445497113
2.58e-08,-0.01466948445497113
2.59e-08,-0.01527886445497113
2.6e-08,-0.01666948445497113
2.61e-08,-0.01863823445497113
2.62e-08,-0.02266948445497113
2.63e-08,-0.02975542445497113
2.64e-08,-0.03866948445497113
2.65e-08,-0.04664605445497113
2.66e-08,-0.05266948445497113
2.67e-08,-0.05619292445497113
2.68e-08,-0.05866948445497113
2.69e-08,-0.05996636445497113
2.7e-08,-0.06066948445497113
2.71e-08,-0.05991167445497113
2.72e-08,-0.05866948445497113
2.73e-08,-0.05730230445497113
2.74e-08,-0.05666948445497113
2.75e-08,-0.05714605445497113
2.76e-08,-0.05866948445497113
2.77e-08,-0.06156792445497113
2.78e-08,-0.06466948445497113
2.79e-08,-0.06809136445497113
2.8e-08,-0.07066948445497113
2.81e-08,-0.07350542445497113
2.82e-08,-0.07666948445497113
2.83e-08,-0.08093511445497113
2.84e-08,-0.08466948445497113
2.85e-08,-0.08819292445497114
2.86e-08,-0.09266948445497113
2.87e-08,-0.09935698445497113
2.88e-08,-0.10666948445497113
2.89e-08,-0.11237258445497113
2.9e-08,-0.11666948445497113
2.91e-08,-0.12020858445497112
2.92e-08,-0.12466948445497113
2.93e-08,-0.12867728445497112
2.94e-08,-0.13266948445497112
2.95e-08,-0.13482578445497112
2.96e-08,-0.13666948445497112
2.97e-08,-0.1369507844549711
2.98e-08,-0.13666948445497112
2.99e-08,-0.13373198445497111
3e-08,-0.12866948445497112
3.01e-08,-0.12208358445497113
3.02e-08,-0.11666948445497113
3.03e-08,-0.11398978445497113
3.04e-08,-0.11266948445497113
3.05e-08,-0.11188038445497113
3.06e-08,-0.11066948445497113
3.07e-08,-0.11116948445497113
3.08e-08,-0.11266948445497113
3.09e-08,-0.11581788445497113
3.1e-08,-0.11866948445497114
3.11e-08,-0.12180228445497113
3.12e-08,-0.12466948445497113
3.13e-08,-0.12827108445497112
3.14e-08,-0.13266948445497112
3.15e-08,-0.13723198445497112
3.16e-08,-0.14066948445497113
3.17e-08,-0.1426928844549711
3.18e-08,-0.1446694844549711
3.19e-08,-0.14712258445497112
3.2e-08,-0.1486694844549711
3.21e-08,-0.1482710844549711
3.22e-08,-0.1466694844549711
3.23e-08,-0.14723198445497113
3.24e-08,-0.1506694844549711
3.25e-08,-0.1568882844549711
3.26e-08,-0.16266948445497112
3.27e-08,-0.1674507844549711
3.28e-08,-0.17266948445497113
3.29e-08,-0.1803257844549711
3.3e-08,-0.19066948445497112
3.31e-08,-0.20032578445497112
3.32e-08,-0.2086694844549711
3.33e-08,-0.21247418445497113
3.34e-08,-0.2146694844549711
3.35e-08,-0.2124272844549711
3.36e-08,-0.2086694844549711
3.37e-08,-0.2007085844549711
3.38e-08,-0.19266948445497112
3.39e-08,-0.1829272844549711
3.4e-08,-0.17266948445497113
3.41e-08,-0.15985698445497112
3.42e-08,-0.1466694844549711
3.43e-08,-0.1352085844549711
3.44e-08,-0.12666948445497112
3.45e-08,-0.12078668445497114
3.46e-08,-0.11466948445497113
3.47e-08,-0.10877108445497113
3.48e-08,-0.10466948445497112
3.49e-08,-0.10387258445497113
3.5e-08,-0.10266948445497114
3.51e-08,-0.09806792445497113
3.52e-08,-0.09066948445497112
3.53e-08,-0.08329448445497113
3.54e-08,-0.07666948445497113
3.55e-08,-0.06943511445497114
3.56e-08,-0.06066948445497113
3.57e-08,-0.05165386445497113
3.58e-08,-0.04466948445497113
3.59e-08,-0.04113823445497113
3.6e-08,-0.03866948445497113
3.61e-08,-0.03525542445497113
3.62e-08,-0.03066948445497113
3.63e-08,-0.02660698445497113
3.64e-08,-0.02266948445497113
3.65e-08,-0.01874761445497113
3.66e-08,-0.01466948445497113
3.67e-08,-0.01111479945497113
3.68e-08,-0.00666948745497113
3.69e-08,-0.0010757374549711296
3.7e-08,0.0053305135450288695
3.71e-08,0.01018988554502887
3.72e-08,0.01333051554502887
3.73e-08,0.013932075545028871
3.74e-08,0.01333051554502887
3.75e-08,0.01197113554502887
3.76e-08,0.01133051554502887
3.77e-08,0.01137738554502887
3.78e-08,0.01133051554502887
3.79e-08,0.01090863554502887
3.8e-08,0.01133051554502887
3.81e-08,0.013775825545028871
3.82e-08,0.01733051554502887
3.83e-08,0.02109613554502887
3.84e-08,0.02533051554502887
3.85e-08,0.02985395554502887
3.86e-08,0.03333051554502887
3.87e-08,0.03393207554502887
3.88e-08,0.03333051554502887
3.89e-08,0.03221332554502887
3.9e-08,0.03133051554502887
3.91e-08,0.029197705545028867
3.92e-08,0.02733051554502887
3.93e-08,0.02575238554502887
3.94e-08,0.02533051554502887
3.95e-08,0.02454145554502887
3.96e-08,0.02333051554502887
3.97e-08,0.02083051554502887
3.98e-08,0.01733051554502887
3.99e-08,0.01274457554502887
4e-08,0.0073305135450288696
4.01e-08,0.002088325545028871
4.02e-08,-0.0026694869881681293
4.03e-08,-0.00517729945497113
4.04e-08,-0.00666948745497113
4.05e-08,-0.006396049454971129
4.06e-08,-0.00666948745497113
4.07e-08,-0.00580229945497113
4.08e-08,-0.00466948745497113
4.09e-08,-0.0005366744549711294
4.1e-08,0.0053305135450288695
4.11e-08,0.01348676554502887
4.12e-08,0.02133051554502887
4.13e-08,0.028627385545028868
4.14e-08,0.03533051554502887
4.15e-08,0.04154926554502887
4.16e-08,0.04733051554502887
4.17e-08,0.05133051554502887
4.18e-08,0.05533051554502887
4.19e-08,0.05895551554502887
4.2e-08,0.06333051554502887
4.21e-08,0.06596332554502887
4.22e-08,0.06733051554502888
4.23e-08,0.06554145554502887
4.24e-08,0.06133051554502887
4.25e-08,0.05550238554502887
4.26e-08,0.05133051554502887
4.27e-08,0.05043988554502887
4.28e-08,0.05133051554502887
4.29e-08,0.05234613554502887
4.3e-08,0.05333051554502887
4.31e-08,0.05568207554502887
4.32e-08,0.05933051554502887
4.33e-08,0.06306488554502887
4.34e-08,0.06533051554502887
4.35e-08,0.06571332554502887
4.36e-08,0.06533051554502887
4.37e-08,0.06470551554502887
4.38e-08,0.06333051554502887
4.39e-08,0.06055707554502887
4.4e-08,0.05733051554502887
4.41e-08,0.05563520554502887
4.42e-08,0.05533051554502887
4.43e-08,0.05682270554502887
4.44e-08,0.05933051554502887
4.45e-08,0.06355707554502887
4.46e-08,0.06733051554502888
4.47e-08,0.07104926554502887
4.48e-08,0.07533051554502887
4.49e-08,0.08088520554502887
4.5e-08,0.08533051554502886
4.51e-08,0.08789301554502887
4.52e-08,0.09133051554502887
4.53e-08,0.09715082554502887
4.54e-08,0.10333051554502887
4.55e-08,0.10564301554502888
4.56e-08,0.10533051554502887
4.57e-08,0.10440861554502887
4.58e-08,0.10533051554502887
4.59e-08,0.10715081554502887
4.6e-08,0.11132271554502887
4.61e-08,0.11008051554502887
4.62e-08,0.11132271554502887
4.63e-08,0.10710391554502886
4.64e-08,0.10533051554502887
4.65e-08,0.10471331554502887
4.66e-08,0.10533051554502887
4.67e-08,0.10620551554502887
4.68e-08,0.10733051554502887
4.69e-08,0.10775241554502887
4.7e-08,0.10733051554502887
4.71e-08,0.10536961554502887
4.72e-08,0.10333051554502887
4.73e-08,0.10138521554502887
4.74e-08,0.09933051554502886
4.75e-08,0.09578363554502888
4.76e-08,0.09133051554502887
4.77e-08,0.08678363554502887
4.78e-08,0.08333051554502886
4.79e-08,0.08091645554502887
4.8e-08,0.07933051554502887
4.81e-08,0.07755707554502887
4.82e-08,0.07533051554502887
4.83e-08,0.07284613554502888
4.84e-08,0.07133051554502887
4.85e-08,0.07011176554502888
4.86e-08,0.06733051554502888
4.87e-08,0.061166455545028864
4.88e-08,0.05333051554502887
4.89e-08,0.04615863554502887
4.9e-08,0.04133051554502887
4.91e-08,0.03798676554502887
4.92e-08,0.03533051554502887
4.93e-08,0.03228363554502887
4.94e-08,0.02933051554502887
4.95e-08,0.02627582554502887
4.96e-08,0.02333051554502887
4.97e-08,0.01871332554502887
4.98e-08,0.01133051554502887
4.99e-08,0.0012133255450288705
5e-08,-0.00866948745497113
5.01e-08,-0.01631011445497113
5.02e-08,-0.02266948445497113
5.03e-08,-0.02870073445497113
5.04e-08,-0.03466948445497113
5.05e-08,-0.03870855445497113
5.06e-08,-0.04266948445497113
5.07e-08,-0.04629448445497113
5.08e-08,-0.05066948445497113
5.09e-08,-0.05306792445497113
5.1e-08,-0.05466948445497113
5.11e-08,-0.05408355445497113
5.12e-08,-0.05266948445497113
5.13e-08,-0.04972417445497113
5.14e-08,-0.04666948445497113
5.15e-08,-0.04356011445497113
5.16e-08,-0.04066948445497113
5.17e-08,-0.037856984454971127
5.18e-08,-0.03466948445497113
5.19e-08,-0.03264605445497113
5.2e-08,-0.03266948445497113
5.21e-08,-0.03565386445497113
5.22e-08,-0.03866948445497113
5.23e-08,-0.04074761445497113
5.24e-08,-0.04266948445497113
5.25e-08,-0.04627105445497113
5.26e-08,-0.05066948445497113
5.27e-08,-0.05366167445497113
5.28e-08,-0.05466948445497113
5.29e-08,-0.05381011445497113
5.3e-08,-0.05266948445497113
5.31e-08,-0.05093511445497113
5.32e-08,-0.04866948445497113
5.33e-08,-0.04600542445497113
5.34e-08,-0.04466948445497113
5.35e-08,-0.04547417445497113
5.36e-08,-0.04666948445497113
5.37e-08,-0.04645073445497113
5.38e-08,-0.04466948445497113
5.39e-08,-0.04372417445497113
5.4e-08,-0.04466948445497113
5.41e-08,-0.04777105445497113
5.42e-08,-0.05066948445497113
5.43e-08,-0.05223198445497113
5.44e-08,-0.05266948445497113
5.45e-08,-0.05334917445497113
5.46e-08,-0.05466948445497113
5.47e-08,-0.05637261445497113
5.48e-08,-0.05866948445497113
5.49e-08,-0.06095073445497113
5.5e-08,-0.06266948445497113
5.51e-08,-0.06273980445497113
5.52e-08,-0.06266948445497113
5.53e-08,-0.06261480445497113
5.54e-08,-0.06266948445497113
5.55e-08,-0.06121636445497113
5.56e-08,-0.05866948445497113
5.57e-08,-0.05544292445497113
5.58e-08,-0.05266948445497113
5.59e-08,-0.05051323445497113
5.6e-08,-0.04866948445497113
5.61e-08,-0.04686480445497113
5.62e-08,-0.04466948445497113
5.63e-08,-0.04309917445497113
5.64e-08,-0.04266948445497113
5.65e-08,-0.04374761445497113
5.66e-08,-0.04466948445497113
5.67e-08,-0.04469292445497113
5.68e-08,-0.04466948445497113
5.69e-08,-0.04541167445497113
5.7e-08,-0.04666948445497113
5.71e-08,-0.04693511445497113
5.72e-08,-0.04666948445497113
5.73e-08,-0.04515386445497113
5.74e-08,-0.04266948445497113
5.75e-08,-0.03788042445497113
5.76e-08,-0.03266948445497113
5.77e-08,-0.02780230445497113
5.78e-08,-0.02466948445497113
5.79e-08,-0.02198198445497113
5.8e-08,-0.01866948445497113
5.81e-08,-0.01331011445497113
5.82e-08,-0.00666948745497113
5.83e-08,-0.0001382364549711297
5.84e-08,0.0053305135450288695
5.85e-08,0.00948676554502887
5.86e-08,0.01333051554502887
5.87e-08,0.01713520554502887
5.88e-08,0.02133051554502887
5.89e-08,0.02483832554502887
5.9e-08,0.02733051554502887
5.91e-08,0.028861765545028867
5.92e-08,0.03133051554502887
5.93e-08,0.03517426554502887
5.94e-08,0.03933051554502887
5.95e-08,0.04187738554502887
5.96e-08,0.04333051554502887
5.97e-08,0.04479145554502887
5.98e-08,0.04733051554502887
5.99e-08,0.05085395554502887
6e-08,0.05533051554502887
6.01e-08,0.05929926554502887
6.02e-08,0.06133051554502887
6.03e-08,0.06060395554502887
6.04e-08,0.05933051554502887
6.05e-08,0.05938520554502887
6.06e-08,0.06133051554502887
6.07e-08,0.06371332554502887
6.08e-08,0.06533051554502887
6.09e-08,0.06605707554502888
6.1e-08,0.06733051554502888
6.11e-08,0.06944770554502887
6.12e-08,0.07133051554502887
6.13e-08,0.07165863554502887
6.14e-08,0.07133051554502887
6.15e-08,0.07156488554502886
6.16e-08,0.07333051554502887
6.17e-08,0.07499457554502886
6.18e-08,0.07533051554502887
6.19e-08,0.07386957554502888
6.2e-08,0.07333051554502887
6.21e-08,0.07379145554502888
6.22e-08,0.07333051554502887
6.23e-08,0.06965863554502887
6.24e-08,0.06533051554502887
6.25e-08,0.06325238554502886
6.26e-08,0.06333051554502887
6.27e-08,0.06264301554502887
6.28e-08,0.05933051554502887
6.29e-08,0.05460395554502887
6.3e-08,0.05133051554502887
6.31e-08,0.05158832554502887
6.32e-08,0.05333051554502887
6.33e-08,0.05426801554502887
6.34e-08,0.05333051554502887
6.35e-08,0.05209613554502887
6.36e-08,0.05133051554502887
6.37e-08,0.05127582554502887
6.38e-08,0.05133051554502887
6.39e-08,0.05134613554502887
6.4e-08,0.05133051554502887
6.41e-08,0.05167426554502887
6.42e-08,0.05333051554502887
6.43e-08,0.05503363554502887
6.44e-08,0.05533051554502887
6.45e-08,0.05328363554502887
6.46e-08,0.05133051554502887
6.47e-08,0.05047113554502887
6.48e-08,0.04933051554502887
6.49e-08,0.04540082554502887
6.5e-08,0.03933051554502887
6.51e-08,0.03386957554502887
6.52e-08,0.03133051554502887
6.53e-08,0.03190863554502887
6.54e-08,0.03333051554502887
6.55e-08,0.03418988554502887
6.56e-08,0.03533051554502887
6.57e-08,0.036885205545028873
6.58e-08,0.03733051554502887
6.59e-08,0.03468988554502887
6.6e-08,0.03133051554502887
6.61e-08,0.02843207554502887
6.62e-08,0.02533051554502887
6.63e-08,0.01980707554502887
6.64e-08,0.01333051554502887
6.65e-08,0.00783051554502887
6.66e-08,0.0033305135450288708
6.67e-08,-0.0006226124549711296
6.68e-08,-0.00466948745497113
6.69e-08,-0.007216362454971129
6.7e-08,-0.00866948745497113
6.71e-08,-0.008036674454971129
6.72e-08,-0.00666948745497113
6.73e-08,-0.00429448745497113
6.74e-08,-0.0026694869881681293
6.75e-08,-0.0013647994549711294
6.76e-08,-0.0006694874549711296
6.77e-08,-6.792445497112937e-05
6.78e-08,-0.0006694874549711296
6.79e-08,-0.0015522994549711296
6.8e-08,-0.0006694874549711296
6.81e-08,0.0031430135450288706
6.82e-08,0.0073305135450288696
6.83e-08,0.00972113554502887
6.84e-08,0.01133051554502887
6.85e-08,0.014064885545028868
6.86e-08,0.01733051554502887
6.87e-08,0.01915863554502887
6.88e-08,0.01933051554502887
6.89e-08,0.01883832554502887
6.9e-08,0.01933051554502887
6.91e-08,0.02084613554502887
6.92e-08,0.02333051554502887
6.93e-08,0.02547895554502887
6.94e-08,0.02733051554502887
6.95e-08,0.02841645554502887
6.96e-08,0.02933051554502887
6.97e-08,0.029010205545028873
6.98e-08,0.02733051554502887
6.99e-08,0.02414301554502887
7e-08,0.02133051554502887
7.01e-08,0.01982270554502887
7.02e-08,0.01933051554502887
7.03e-08,0.01864301554502887
7.04e-08,0.01733051554502887
7.05e-08,0.01600238554502887
7.06e-08,0.015330515545028869
7.07e-08,0.015510205545028868
7.08e-08,0.015330515545028869
7.09e-08,0.014783635545028869
7.1e-08,0.015330515545028869
7.11e-08,0.01694770554502887
7.12e-08,0.01733051554502887
7.13e-08,0.014947705545028871
7.14e-08,0.01333051554502887
7.15e-08,0.01422895554502887
7.16e-08,0.015330515545028869
7.17e-08,0.01267426554502887
7.18e-08,0.0073305135450288696
7.19e-08,0.002361763545028871
7.2e-08,-0.0006694874549711296
7.21e-08,-0.0028882369549711297
7.22e-08,-0.00666948745497113
7.23e-08,-0.01084136245497113
7.24e-08,-0.01266948445497113
7.25e-08,-0.009802299454971129
7.26e-08,-0.00666948745497113
7.27e-08,-0.00584917445497113
7.28e-08,-0.00666948745497113
7.29e-08,-0.005200737454971129
7.3e-08,-0.0026694869881681293
7.31e-08,-0.0004819874549711295
7.32e-08,0.0013305135450288707
7.33e-08,0.00415082554502887
7.34e-08,0.0073305135450288696
7.35e-08,0.01004926554502887
7.36e-08,0.01333051554502887
7.37e-08,0.01693988554502887
7.38e-08,0.01933051554502887
7.39e-08,0.01867426554502887
7.4e-08,0.01733051554502887
7.41e-08,0.01690863554502887
7.42e-08,0.01733051554502887
7.43e-08,0.01711176554502887
7.44e-08,0.01733051554502887
7.45e-08,0.01790863554502887
7.46e-08,0.01733051554502887
7.47e-08,0.014838325545028869
7.48e-08,0.01333051554502887
7.49e-08,0.014893015545028872
7.5e-08,0.01733051554502887
7.51e-08,0.01737738554502887
7.52e-08,0.015330515545028869
7.53e-08,0.01348676554502887
7.54e-08,0.01333051554502887
7.55e-08,0.014221135545028869
7.56e-08,0.015330515545028869
7.57e-08,0.01522113554502887
7.58e-08,0.01333051554502887
7.59e-08,0.01044770554502887
7.6e-08,0.00933051554502887
7.61e-08,0.01008051554502887
7.62e-08,0.00933051554502887
7.63e-08,0.005291450545028871
7.64e-08,0.0013305135450288707
7.65e-08,0.0006508255450288704
7.66e-08,0.0013305135450288707
7.67e-08,0.0006664505450288704
7.68e-08,-0.0006694874549711296
7.69e-08,-0.00016948645497112972
7.7e-08,0.0013305135450288707
7.71e-08,0.0016039505450288704
7.72e-08,-0.0006694874549711296
7.73e-08,-0.0035991744549711295
7.74e-08,-0.00466948745497113
7.75e-08,-0.0027241744849711294
7.76e-08,-0.0006694874549711296
7.77e-08,-0.00046636245497112946
7.78e-08,-0.0006694874549711296
7.79e-08,0.0009555135450288704
7.8e-08,0.0033305135450288708
7.81e-08,0.00463520054502887
7.82e-08,0.0053305135450288695
7.83e-08,0.00641645054502887
7.84e-08,0.0073305135450288696
7.85e-08,0.006689888545028871
7.86e-08,0.0053305135450288695
7.87e-08,0.00461957554502887
7.88e-08,0.0053305135450288695
7.89e-08,0.00665082554502887
7.9e-08,0.0073305135450288696
7.91e-08,0.006611763545028871
7.92e-08,0.0053305135450288695
7.93e-08,0.00469770054502887
7.94e-08,0.0053305135450288695
7.95e-08,0.00651020054502887
7.96e-08,0.0073305135450288696
7.97e-08,0.0072680135450288695
7.98e-08,0.0073305135450288696
7.99e-08,0.007463325545028871
8e-08,0.0073305135450288696
8.01e-08,0.00576801354502887
8.02e-08,0.0033305135450288708
8.03e-08,0.0008539505450288706
8.04e-08,-0.0006694874549711296
8.05e-08,-0.0020679244549711294
8.06e-08,-0.00466948745497113
8.07e-08,-0.00823979945497113
8.08e-08,-0.01066948745497113
8.09e-08,-0.01009917445497113
8.1e-08,-0.00866948745497113
8.11e-08,-0.00862261245497113
8.12e-08,-0.01066948745497113
8.13e-08,-0.01245854945497113
8.14e-08,-0.01266948445497113
8.15e-08,-0.01066948745497113
8.16e-08,-0.00866948745497113
8.17e-08,-0.007403862454971129
8.18e-08,-0.00666948745497113
8.19e-08,-0.005419487454971129
8.2e-08,-0.00466948745497113
8.21e-08,-0.004286674454971129
8.22e-08,-0.0026694869881681293
8.23e-08,0.0013695755450288702
8.24e-08,0.0053305135450288695
8.25e-08,0.006893013545028869
8.26e-08,0.0073305135450288696
8.27e-08,0.00873676554502887
8.28e-08,0.01133051554502887
8.29e-08,0.01361176554502887
8.3e-08,0.015330515545028869
8.31e-08,0.01646332554502887
8.32e-08,0.01733051554502887
8.33e-08,0.01751801554502887
8.34e-08,0.01733051554502887
8.35e-08,0.01708832554502887
8.36e-08,0.01733051554502887
8.37e-08,0.01822113554502887
8.38e-08,0.01933051554502887
8.39e-08,0.02018988554502887
8.4e-08,0.02133051554502887
8.41e-08,0.02306488554502887
8.42e-08,0.02533051554502887
8.43e-08,0.02733832554502887
8.44e-08,0.02933051554502887
8.45e-08,0.030221135545028872
8.46e-08,0.02933051554502887
8.47e-08,0.02611176554502887
8.48e-08,0.02333051554502887
8.49e-08,0.02207270554502887
8.5e-08,0.02133051554502887
8.51e-08,0.01931488554502887
8.52e-08,0.01733051554502887
8.53e-08,0.01640082554502887
8.54e-08,0.015330515545028869
8.55e-08,0.01304926554502887
8.56e-08,0.01133051554502887
8.57e-08,0.01138520554502887
8.58e-08,0.01133051554502887
8.59e-08,0.00933051554502887
8.6e-08,0.0073305135450288696
8.61e-08,0.0071195755450288705
8.62e-08,0.0073305135450288696
8.63e-08,0.005385200545028871
8.64e-08,0.0013305135450288707
8.65e-08,-0.0030757369549711294
8.66e-08,-0.00666948745497113
8.67e-08,-0.008935112454971129
8.68e-08,-0.01066948745497113
8.69e-08,-0.01131792445497113
8.7e-08,-0.01066948745497113
8.71e-08,-0.00895854945497113
8.72e-08,-0.00866948745497113
8.73e-08,-0.01013042445497113
8.74e-08,-0.01066948745497113
8.75e-08,-0.00804448745497113
8.76e-08,-0.00466948745497113
8.77e-08,-0.004161674454971129
8.78e-08,-0.00666948745497113
8.79e-08,-0.01012261245497113
8.8e-08,-0.01266948445497113
8.81e-08,-0.01406011445497113
8.82e-08,-0.01466948445497113
8.83e-08,-0.01477105445497113
8.84e-08,-0.01466948445497113
8.85e-08,-0.01400542445497113
8.86e-08,-0.01266948445497113
8.87e-08,-0.01113823745497113
8.88e-08,-0.01066948745497113
8.89e-08,-0.01148979945497113
8.9e-08,-0.01266948445497113
8.91e-08,-0.01306792445497113
8.92e-08,-0.01266948445497113
8.93e-08,-0.01241948745497113
8.94e-08,-0.01266948445497113
8.95e-08,-0.01313042445497113
8.96e-08,-0.01266948445497113
8.97e-08,-0.01153667445497113
8.98e-08,-0.01066948745497113
8.99e-08,-0.01138042445497113
9e-08,-0.01266948445497113
9.01e-08,-0.01389605445497113
9.02e-08,-0.01466948445497113
9.03e-08,-0.016192924454971128
9.04e-08,-0.01866948445497113
9.05e-08,-0.02187261445497113
9.06e-08,-0.02466948445497113
9.07e-08,-0.02674761445497113
9.08e-08,-0.02866948445497113
9.09e-08,-0.03078667445497113
9.1e-08,-0.03266948445497113
9.11e-08,-0.033099174454971125
9.12e-08,-0.03266948445497113
9.13e-08,-0.032075734454971125
9.14e-08,-0.03266948445497113
9.15e-08,-0.03423198445497113
9.16e-08,-0.03666948445497113
9.17e-08,-0.03830230445497113
9.18e-08,-0.03866948445497113
9.19e-08,-0.03689605445497113
9.2e-08,-0.03466948445497113
9.21e-08,-0.03241167445497113
9.22e-08,-0.03066948445497113
9.23e-08,-0.02858355445497113
9.24e-08,-0.02666948445497113
9.25e-08,-0.02414605445497113
9.26e-08,-0.02066948445497113
9.27e-08,-0.016192924454971128
9.28e-08,-0.01266948445497113
9.29e-08,-0.01127104945497113
9.3e-08,-0.01066948745497113
9.31e-08,-0.00877886245497113
9.32e-08,-0.00466948745497113
9.33e-08,-5.4244549711293145e-06
9.34e-08,0.0033305135450288708
9.35e-08,0.00441645054502887
9.36e-08,0.0053305135450288695
9.37e-08,0.007158638545028869
9.38e-08,0.00933051554502887
9.39e-08,0.00997895554502887
9.4e-08,0.00933051554502887
9.41e-08,0.00863520554502887
9.42e-08,0.00933051554502887
9.43e-08,0.01118207554502887
9.44e-08,0.01333051554502887
9.45e-08,0.015236765545028869
9.46e-08,0.01733051554502887
9.47e-08,0.01977582554502887
9.48e-08,0.02133051554502887
9.49e-08,0.02094770554502887
9.5e-08,0.01933051554502887
9.51e-08,0.01842426554502887
9.52e-08,0.01933051554502887
9.53e-08,0.02192426554502887
9.54e-08,0.02533051554502887
9.55e-08,0.02850238554502887
9.56e-08,0.03133051554502887
9.57e-08,0.03351801554502887
9.58e-08,0.03533051554502887
9.59e-08,0.03592426554502887
9.6e-08,0.03533051554502887
9.61e-08,0.03338520554502887
9.62e-08,0.03133051554502887
9.63e-08,0.029822705545028867
9.64e-08,0.02933051554502887
9.65e-08,0.02936957554502887
9.66e-08,0.02933051554502887
9.67e-08,0.029197705545028867
9.68e-08,0.02933051554502887
9.69e-08,0.030236765545028868
9.7e-08,0.03133051554502887
9.71e-08,0.03236176554502887
9.72e-08,0.03333051554502887
9.73e-08,0.03447895554502887
9.74e-08,0.03533051554502887
9.75e-08,0.03540863554502887
9.76e-08,0.03533051554502887
9.77e-08,0.03534613554502887
9.78e-08,0.03533051554502887
9.79e-08,0.03498676554502887
9.8e-08,0.03533051554502887
9.81e-08,0.03635395554502887
9.82e-08,0.03733051554502887
9.83e-08,0.03664301554502887
9.84e-08,0.03533051554502887
9.85e-08,0.03402582554502887
9.86e-08,0.03333051554502887
9.87e-08,0.03240863554502887
9.88e-08,0.03133051554502887
9.89e-08,0.02910395554502887
9.9e-08,0.02533051554502887
9.91e-08,0.02011957554502887
9.92e-08,0.015330515545028869
9.93e-08,0.01291645554502887
9.94e-08,0.01333051554502887
9.95e-08,0.014510205545028871
9.96e-08,0.01333051554502887
9.97e-08,0.00953363554502887
9.98e-08,0.0073305135450288696
9.99e-08,0.00848676554502887
1e-07,0.00933051554502887
1.001e-07,0.00553363854502887
1.002e-07,-0.0006694874549711296
1.003e-07,-0.005622612454971129
1.004e-07,-0.00866948745497113
1.005e-07,-0.01208354945497113
1.006e-07,-0.01666948445497113
1.007e-07,-0.02125542445497113
1.008e-07,-0.02466948445497113
1.009e-07,-0.02657573445497113
1.01e-07,-0.02866948445497113
1.011e-07,-0.03105230445497113
1.012e-07,-0.03266948445497113
1.013e-07,-0.03223980445497113
1.014e-07,-0.03266948445497113
1.015e-07,-0.03538042445497113
1.016e-07,-0.03866948445497113
1.017e-07,-0.03988823445497113
1.018e-07,-0.04066948445497113
1.019e-07,-0.04211480445497113
1.02e-07,-0.04266948445497113
1.021e-07,-0.04066948445497113
1.022e-07,-0.03866948445497113
1.023e-07,-0.03913042445497113
1.024e-07,-0.04066948445497113
1.025e-07,-0.04093511445497113
1.026e-07,-0.04066948445497113
1.027e-07,-0.04140386445497113
1.028e-07,-0.04266948445497113
1.029e-07,-0.04354448445497113
1.03e-07,-0.04466948445497113
1.031e-07,-0.04627105445497113
1.032e-07,-0.04666948445497113
1.033e-07,-0.04475542445497113
1.034e-07,-0.04266948445497113
1.035e-07,-0.04221636445497113
1.036e-07,-0.04266948445497113
1.037e-07,-0.04260698445497113
1.038e-07,-0.04266948445497113
1.039e-07,-0.04366948445497113
1.04e-07,-0.04466948445497113
1.041e-07,-0.04421636445497113
1.042e-07,-0.04266948445497113
1.043e-07,-0.04127886445497113
1.044e-07,-0.04066948445497113
1.045e-07,-0.04060698445497113
1.046e-07,-0.04066948445497113
1.047e-07,-0.04066948445497113
1.048e-07,-0.04066948445497113
1.049e-07,-0.04081011445497113
1.05e-07,-0.04066948445497113
1.051e-07,-0.03998198445497113
1.052e-07,-0.03866948445497113
1.053e-07,-0.03747417445497113
1.054e-07,-0.03666948445497113
1.055e-07,-0.03706792445497113
1.056e-07,-0.03866948445497113
1.057e-07,-0.04103667445497113
1.058e-07,-0.04266948445497113
1.059e-07,-0.04288042445497113
1.06e-07,-0.04266948445497113
1.061e-07,-0.043271054454971127
1.062e-07,-0.04466948445497113
1.063e-07,-0.04595073445497113
1.064e-07,-0.04666948445497113
1.065e-07,-0.04624761445497113
1.066e-07,-0.04466948445497113
1.067e-07,-0.04227886445497113
1.068e-07,-0.04066948445497113
1.069e-07,-0.04099761445497113
1.07e-07,-0.04266948445497113
1.071e-07,-0.04420073445497113
1.072e-07,-0.04466948445497113
1.073e-07,-0.04391167445497113
1.074e-07,-0.04266948445497113
1.075e-07,-0.04188823445497113
1.076e-07,-0.04266948445497113
1.077e-07,-0.04428667445497113
1.078e-07,-0.04466948445497113
1.079e-07,-0.042747614454971126
1.08e-07,-0.04066948445497113
1.081e-07,-0.03984917445497113
1.082e-07,-0.03866948445497113
1.083e-07,-0.03578667445497113
1.084e-07,-0.03266948445497113
1.085e-07,-0.03191948445497113
1.086e-07,-0.03266948445497113
1.087e-07,-0.033638234454971126
1.088e-07,-0.03466948445497113
1.089e-07,-0.03666167445497113
1.09e-07,-0.03866948445497113
1.091e-07,-0.03988823445497113
1.092e-07,-0.04066948445497113
1.093e-07,-0.04119292445497113
1.094e-07,-0.04066948445497113
1.095e-07,-0.03866948445497113
1.096e-07,-0.03666948445497113
1.097e-07,-0.03608355445497113
1.098e-07,-0.03666948445497113
1.099e-07,-0.03708355445497113
1.1e-07,-0.03666948445497113
1.101e-07,-0.03605230445497113
1.102e-07,-0.03666948445497113
1.103e-07,-0.03871636445497113
1.104e-07,-0.04066948445497113
1.105e-07,-0.04110698445497113
1.106e-07,-0.04066948445497113
1.107e-07,-0.03998198445497113
1.108e-07,-0.03866948445497113
1.109e-07,-0.03584136445497113
1.11e-07,-0.03266948445497113
1.111e-07,-0.03081011445497113
1.112e-07,-0.03066948445497113
1.113e-07,-0.03159917445497113
1.114e-07,-0.03266948445497113
1.115e-07,-0.03321636445497113
1.116e-07,-0.03266948445497113
1.117e-07,-0.031427304454971126
1.118e-07,-0.03066948445497113
1.119e-07,-0.03086480445497113
1.12e-07,-0.03066948445497113
1.121e-07,-0.02947417445497113
1.122e-07,-0.02866948445497113
1.123e-07,-0.02902105445497113
1.124e-07,-0.02866948445497113
1.125e-07,-0.02651323445497113
1.126e-07,-0.02466948445497113
1.127e-07,-0.02531792445497113
1.128e-07,-0.02666948445497113
1.129e-07,-0.02679448445497113
1.13e-07,-0.02666948445497113
1.131e-07,-0.02774761445497113
1.132e-07,-0.02866948445497113
1.133e-07,-0.02796636445497113
1.134e-07,-0.02666948445497113
1.135e-07,-0.02643511445497113
1.136e-07,-0.02666948445497113
1.137e-07,-0.02604448445497113
1.138e-07,-0.02466948445497113
1.139e-07,-0.02385698445497113
1.14e-07,-0.02466948445497113
1.141e-07,-0.02679448445497113
1.142e-07,-0.02866948445497113
1.143e-07,-0.02907573445497113
1.144e-07,-0.02866948445497113
1.145e-07,-0.02802105445497113
1.146e-07,-0.02666948445497113
1.147e-07,-0.02432573445497113
1.148e-07,-0.02266948445497113
1.149e-07,-0.02261480445497113
1.15e-07,-0.02266948445497113
1.151e-07,-0.02148980445497113
1.152e-07,-0.02066948445497113
1.153e-07,-0.02158355445497113
1.154e-07,-0.02266948445497113
1.155e-07,-0.02213042445497113
1.156e-07,-0.02066948445497113
1.157e-07,-0.01970855445497113
1.158e-07,-0.01866948445497113
1.159e-07,-0.016716364454971128
1.16e-07,-0.01466948445497113
1.161e-07,-0.01391167445497113
1.162e-07,-0.01466948445497113
1.163e-07,-0.015856984454971128
1.164e-07,-0.01666948445497113
1.165e-07,-0.01667730445497113
1.166e-07,-0.01666948445497113
1.167e-07,-0.01636480445497113
1.168e-07,-0.01466948445497113
1.169e-07,-0.01080229945497113
1.17e-07,-0.00666948745497113
1.171e-07,-0.0035054244549711294
1.172e-07,-0.0006694874549711296
1.173e-07,0.0023305135450288708
1.174e-07,0.0033305135450288708
1.175e-07,0.0014633255450288703
1.176e-07,-0.0006694874549711296
1.177e-07,0.00025238854502887065
1.178e-07,0.0033305135450288708
1.179e-07,0.006580513545028871
1.18e-07,0.00933051554502887
1.181e-07,0.012908635545028871
1.182e-07,0.01733051554502887
1.183e-07,0.02237738554502887
1.184e-07,0.02733051554502887
1.185e-07,0.03129145554502887
1.186e-07,0.03333051554502887
1.187e-07,0.03382270554502887
1.188e-07,0.03533051554502887
1.189e-07,0.03893988554502887
1.19e-07,0.04333051554502887
1.191e-07,0.04605707554502887
1.192e-07,0.04733051554502887
1.193e-07,0.04809613554502887
1.194e-07,0.04933051554502887
1.195e-07,0.05097895554502887
1.196e-07,0.05333051554502887
1.197e-07,0.05619770554502887
1.198e-07,0.05933051554502887
1.199e-07,0.06173676554502887
1.2e-07,0.06333051554502887
1.201e-07,0.06419770554502888
1.202e-07,0.06533051554502887
1.203e-07,0.06658051554502888
1.204e-07,0.06733051554502888
1.205e-07,0.06659613554502887
1.206e-07,0.06533051554502887
1.207e-07,0.06517426554502886
1.208e-07,0.06733051554502888
1.209e-07,0.07084613554502887
1.21e-07,0.07333051554502887
1.211e-07,0.07308832554502886
1.212e-07,0.07133051554502887
1.213e-07,0.07029145554502887
1.214e-07,0.07133051554502887
1.215e-07,0.07351801554502888
1.216e-07,0.07533051554502887
1.217e-07,0.07565863554502887
1.218e-07,0.07533051554502887
1.219e-07,0.07501020554502887
1.22e-07,0.07533051554502887
1.221e-07,0.07505707554502887
1.222e-07,0.07333051554502887
1.223e-07,0.07058051554502887
1.224e-07,0.06933051554502886
1.225e-07,0.07029145554502887
1.226e-07,0.07133051554502887
1.227e-07,0.07001020554502888
1.228e-07,0.06733051554502888
1.229e-07,0.06553363554502888
1.23e-07,0.06533051554502887
1.231e-07,0.06554145554502887
1.232e-07,0.06533051554502887
1.233e-07,0.06438520554502887
1.234e-07,0.06333051554502887
1.235e-07,0.06218207554502887
1.236e-07,0.06133051554502887
1.237e-07,0.05982270554502887
1.238e-07,0.05733051554502887
1.239e-07,0.05397113554502887
1.24e-07,0.05133051554502887
1.241e-07,0.04953363554502887
1.242e-07,0.04733051554502887
1.243e-07,0.04350238554502887
1.244e-07,0.03933051554502887
1.245e-07,0.03668207554502887
1.246e-07,0.03533051554502887
1.247e-07,0.03436176554502887
1.248e-07,0.03333051554502887
1.249e-07,0.03203363554502887
1.25e-07,0.02933051554502887
1.251e-07,0.02563520554502887
1.252e-07,0.02333051554502887
1.253e-07,0.02358832554502887
1.254e-07,0.02333051554502887
1.255e-07,0.02058832554502887
1.256e-07,0.01733051554502887
1.257e-07,0.01611176554502887
1.258e-07,0.015330515545028869
1.259e-07,0.013283635545028871
1.26e-07,0.01133051554502887
1.261e-07,0.01180707554502887
1.262e-07,0.01333051554502887
1.263e-07,0.013963325545028871
1.264e-07,0.01333051554502887
1.265e-07,0.01250238554502887
1.266e-07,0.01133051554502887
1.267e-07,0.00955707554502887
1.268e-07,0.0073305135450288696
1.269e-07,0.00625238854502887
1.27e-07,0.0073305135450288696
1.271e-07,0.01047895554502887
1.272e-07,0.01333051554502887
1.273e-07,0.014143015545028871
1.274e-07,0.01333051554502887
1.275e-07,0.01278363554502887
1.276e-07,0.01333051554502887
1.277e-07,0.014596135545028869
1.278e-07,0.015330515545028869
1.279e-07,0.015228955545028872
1.28e-07,0.015330515545028869
1.281e-07,0.01615082554502887
1.282e-07,0.01733051554502887
1.283e-07,0.01813520554502887
1.284e-07,0.01933051554502887
1.285e-07,0.02125238554502887
1.286e-07,0.02333051554502887
1.287e-07,0.02354926554502887
1.288e-07,0.02133051554502887
1.289e-07,0.01761957554502887
1.29e-07,0.015330515545028869
1.291e-07,0.015236765545028869
1.292e-07,0.015330515545028869
1.293e-07,0.013994575545028871
1.294e-07,0.01333051554502887
1.295e-07,0.015041455545028871
1.296e-07,0.01733051554502887
1.297e-07,0.01740863554502887
1.298e-07,0.015330515545028869
1.299e-07,0.013002385545028871
1.3e-07,0.01133051554502887
1.301e-07,0.00969770554502887
1.302e-07,0.0073305135450288696
1.303e-07,0.0051820755450288705
1.304e-07,0.0053305135450288695
1.305e-07,0.00833051554502887
1.306e-07,0.01133051554502887
1.307e-07,0.011432075545028871
1.308e-07,0.00933051554502887
1.309e-07,0.007588325545028869
1.31e-07,0.0073305135450288696
1.311e-07,0.00775238554502887
1.312e-07,0.0073305135450288696
1.313e-07,0.00558051354502887
1.314e-07,0.0033305135450288708
1.315e-07,0.0018461385450288703
1.316e-07,0.0013305135450288707
1.317e-07,0.0018852005450288706
1.318e-07,0.0033305135450288708
1.319e-07,0.005603950545028871
1.32e-07,0.0073305135450288696
1.321e-07,0.007705515545028871
1.322e-07,0.0073305135450288696
1.323e-07,0.007197700545028871
1.324e-07,0.0073305135450288696
1.325e-07,0.0071664505450288706
1.326e-07,0.0073305135450288696
1.327e-07,0.007588325545028869
1.328e-07,0.0073305135450288696
1.329e-07,0.00655707554502887
1.33e-07,0.0073305135450288696
1.331e-07,0.00943207554502887
1.332e-07,0.00933051554502887
1.333e-07,0.004877388545028871
1.334e-07,-0.0006694874549711296
1.335e-07,-0.0024819869549711293
1.336e-07,-0.0006694874549711296
1.337e-07,0.0021273885450288706
1.338e-07,0.0033305135450288708
1.339e-07,0.0032523885450288707
1.34e-07,0.0033305135450288708
1.341e-07,0.004799263545028871
1.342e-07,0.0073305135450288696
1.343e-07,0.00976801554502887
1.344e-07,0.01133051554502887
1.345e-07,0.01158832554502887
1.346e-07,0.01133051554502887
1.347e-07,0.00993207554502887
1.348e-07,0.0073305135450288696
1.349e-07,0.00422113854502887
1.35e-07,0.0033305135450288708
1.351e-07,0.004861763545028871
1.352e-07,0.0053305135450288695
1.353e-07,0.0024477005450288703
1.354e-07,-0.0006694874549711296
1.355e-07,-0.0005522994549711294
1.356e-07,0.0013305135450288707
1.357e-07,0.0019320755450288707
1.358e-07,0.0013305135450288707
1.359e-07,0.0011977005450288705
1.36e-07,0.0013305135450288707
1.361e-07,0.0006195755450288704
1.362e-07,-0.0006694874549711296
1.363e-07,-0.0022632369549711296
1.364e-07,-0.00466948745497113
1.365e-07,-0.00753667445497113
1.366e-07,-0.00866948745497113
1.367e-07,-0.007091362454971129
1.368e-07,-0.00466948745497113
1.369e-07,-0.0038491744549711297
1.37e-07,-0.00466948745497113
1.371e-07,-0.0058569874549711295
1.372e-07,-0.00666948745497113
1.373e-07,-0.007958549454971129
1.374e-07,-0.01066948745497113
1.375e-07,-0.01429448445497113
1.376e-07,-0.01666948445497113
1.377e-07,-0.01631011445497113
1.378e-07,-0.01466948445497113
1.379e-07,-0.01388823445497113
1.38e-07,-0.01466948445497113
1.381e-07,-0.015888234454971128
1.382e-07,-0.01666948445497113
1.383e-07,-0.016724174454971128
1.384e-07,-0.01666948445497113
1.385e-07,-0.01670855445497113
1.386e-07,-0.01666948445497113
1.387e-07,-0.01651323445497113
1.388e-07,-0.01666948445497113
1.389e-07,-0.01759917445497113
1.39e-07,-0.01866948445497113
1.391e-07,-0.01902886445497113
1.392e-07,-0.01866948445497113
1.393e-07,-0.01834917445497113
1.394e-07,-0.01866948445497113
1.395e-07,-0.01967730445497113
1.396e-07,-0.02066948445497113
1.397e-07,-0.02099761445497113
1.398e-07,-0.02066948445497113
1.399e-07,-0.02027886445497113
1.4e-07,-0.02066948445497113
1.401e-07,-0.02172417445497113
1.402e-07,-0.02266948445497113
1.403e-07,-0.02276323445497113
1.404e-07,-0.02266948445497113
1.405e-07,-0.02267730445497113
1.406e-07,-0.02266948445497113
1.407e-07,-0.02184136445497113
1.408e-07,-0.02066948445497113
1.409e-07,-0.01952886445497113
1.41e-07,-0.01866948445497113
1.411e-07,-0.017646054454971128
1.412e-07,-0.01666948445497113
1.413e-07,-0.01558355445497113
1.414e-07,-0.01466948445497113
1.415e-07,-0.01364605445497113
1.416e-07,-0.01266948445497113
1.417e-07,-0.01156011245497113
1.418e-07,-0.01066948745497113
1.419e-07,-0.009310112454971129
1.42e-07,-0.00666948745497113
1.421e-07,-0.0025522994549711294
1.422e-07,0.0013305135450288707
1.423e-07,0.0037523885450288703
1.424e-07,0.0053305135450288695
1.425e-07,0.007228950545028871
1.426e-07,0.00933051554502887
1.427e-07,0.01069770554502887
1.428e-07,0.01133051554502887
1.429e-07,0.01190863554502887
1.43e-07,0.01333051554502887
1.431e-07,0.01586176554502887
1.432e-07,0.01933051554502887
1.433e-07,0.02280707554502887
1.434e-07,0.02533051554502887
1.435e-07,0.02648676554502887
1.436e-07,0.02733051554502887
1.437e-07,0.02836957554502887
1.438e-07,0.02933051554502887
1.439e-07,0.02987738554502887
1.44e-07,0.03133051554502887
1.441e-07,0.03363520554502887
1.442e-07,0.03533051554502887
1.443e-07,0.03510395554502887
1.444e-07,0.03533051554502887
1.445e-07,0.03725238554502887
1.446e-07,0.03933051554502887
1.447e-07,0.03901020554502887
1.448e-07,0.03733051554502887
1.449e-07,0.03601020554502887
1.45e-07,0.03533051554502887
1.451e-07,0.03433832554502887
1.452e-07,0.03333051554502887
1.453e-07,0.03291645554502887
1.454e-07,0.03333051554502887
1.455e-07,0.03410395554502887
1.456e-07,0.03533051554502887
1.457e-07,0.03656488554502887
1.458e-07,0.03733051554502887
1.459e-07,0.03676801554502887
1.46e-07,0.03533051554502887
1.461e-07,0.03284613554502887
1.462e-07,0.02933051554502887
1.463e-07,0.02545551554502887
1.464e-07,0.02333051554502887
1.465e-07,0.02345551554502887
1.466e-07,0.02333051554502887
1.467e-07,0.02136176554502887
1.468e-07,0.01933051554502887
1.469e-07,0.01967426554502887
1.47e-07,0.02133051554502887
1.471e-07,0.02214301554502887
1.472e-07,0.02133051554502887
1.473e-07,0.02008051554502887
1.474e-07,0.01933051554502887
1.475e-07,0.018799265545028872
1.476e-07,0.01733051554502887
1.477e-07,0.014900825545028869
1.478e-07,0.01333051554502887
1.479e-07,0.014002385545028868
1.48e-07,0.015330515545028869
1.481e-07,0.01556488554502887
1.482e-07,0.015330515545028869
1.483e-07,0.01566645554502887
1.484e-07,0.015330515545028869
1.485e-07,0.013869575545028871
1.486e-07,0.01333051554502887
1.487e-07,0.014736765545028872
1.488e-07,0.015330515545028869
1.489e-07,0.013283635545028871
1.49e-07,0.01133051554502887
1.491e-07,0.01245551554502887
1.492e-07,0.015330515545028869
1.493e-07,0.01656488554502887
1.494e-07,0.015330515545028869
1.495e-07,0.01348676554502887
1.496e-07,0.01333051554502887
1.497e-07,0.014752385545028869
1.498e-07,0.015330515545028869
1.499e-07,0.01354145554502887
1.5e-07,0.01133051554502887
1.501e-07,0.01088520554502887
1.502e-07,0.01133051554502887
1.503e-07,0.01120551554502887
1.504e-07,0.01133051554502887
1.505e-07,0.01261176554502887
1.506e-07,0.01333051554502887
1.507e-07,0.01223676554502887
1.508e-07,0.01133051554502887
1.509e-07,0.01221332554502887
1.51e-07,0.01333051554502887
1.511e-07,0.01272113554502887
1.512e-07,0.01133051554502887
1.513e-07,0.01095551554502887
1.514e-07,0.01133051554502887
1.515e-07,0.01096332554502887
1.516e-07,0.00933051554502887
1.517e-07,0.007650825545028869
1.518e-07,0.0073305135450288696
1.519e-07,0.00897113554502887
1.52e-07,0.01133051554502887
1.521e-07,0.01292426554502887
1.522e-07,0.01333051554502887
1.523e-07,0.01319770554502887
1.524e-07,0.01333051554502887
1.525e-07,0.013564885545028871
1.526e-07,0.01333051554502887
1.527e-07,0.01233832554502887
1.528e-07,0.01133051554502887
1.529e-07,0.010939885545028871
1.53e-07,0.01133051554502887
1.531e-07,0.01168988554502887
1.532e-07,0.01133051554502887
1.533e-07,0.01069770554502887
1.534e-07,0.01133051554502887
1.535e-07,0.01301020554502887
1.536e-07,0.01333051554502887
1.537e-07,0.01115863554502887
1.538e-07,0.00933051554502887
1.539e-07,0.00997895554502887
1.54e-07,0.01133051554502887
1.541e-07,0.01029145554502887
1.542e-07,0.0073305135450288696
1.543e-07,0.005127388545028871
1.544e-07,0.0053305135450288695
1.545e-07,0.00688520054502887
1.546e-07,0.0073305135450288696
1.547e-07,0.00561176354502887
1.548e-07,0.0033305135450288708
1.549e-07,0.0026664505450288705
1.55e-07,0.0033305135450288708
1.551e-07,0.0038070755450288706
1.552e-07,0.0033305135450288708
1.553e-07,0.002439888545028871
1.554e-07,0.0013305135450288707
1.555e-07,0.0006430135450288706
1.556e-07,0.0013305135450288707
1.557e-07,0.0029789505450288707
1.558e-07,0.0033305135450288708
1.559e-07,0.0019164505450288707
1.56e-07,0.0013305135450288707
1.561e-07,0.003377388545028871
1.562e-07,0.0053305135450288695
1.563e-07,0.00435395054502887
1.564e-07,0.0013305135450288707
1.565e-07,-0.0006929244549711295
1.566e-07,-0.0006694874549711296
1.567e-07,0.0009711385450288704
1.568e-07,0.0033305135450288708
1.569e-07,0.00625238854502887
1.57e-07,0.00933051554502887
1.571e-07,0.01142426554502887
1.572e-07,0.01133051554502887
1.573e-07,0.00915082554502887
1.574e-07,0.0073305135450288696
1.575e-07,0.007705515545028871
1.576e-07,0.00933051554502887
1.577e-07,0.009986765545028871
1.578e-07,0.00933051554502887
1.579e-07,0.008572705545028871
1.58e-07,0.00933051554502887
1.581e-07,0.01144770554502887
1.582e-07,0.01333051554502887
1.583e-07,0.01372895554502887
1.584e-07,0.01333051554502887
1.585e-07,0.01319770554502887
1.586e-07,0.01333051554502887
1.587e-07,0.01269770554502887
1.588e-07,0.01133051554502887
1.589e-07,0.00990863554502887
1.59e-07,0.00933051554502887
1.591e-07,0.00989301554502887
1.592e-07,0.01133051554502887
1.593e-07,0.01272895554502887
1.594e-07,0.01333051554502887
1.595e-07,0.01275238554502887
1.596e-07,0.01133051554502887
1.597e-07,0.00988520554502887
1.598e-07,0.00933051554502887
1.599e-07,0.00954145554502887
1.6e-07,0.00933051554502887
1.601e-07,0.00807270554502887
1.602e-07,0.0073305135450288696
1.603e-07,0.00811957554502887
1.604e-07,0.00933051554502887
1.605e-07,0.00955707554502887
1.606e-07,0.00933051554502887
1.607e-07,0.009002385545028871
1.608e-07,0.0073305135450288696
1.609e-07,0.0038930135450288704
1.61e-07,0.0013305135450288707
1.611e-07,0.0017367635450288702
1.612e-07,0.0033305135450288708
1.613e-07,0.0036977005450288705
1.614e-07,0.0033305135450288708
1.615e-07,0.0034008255450288702
1.616e-07,0.0033305135450288708
1.617e-07,0.00227582554502887
1.618e-07,0.0013305135450288707
1.619e-07,0.0014086385450288708
1.62e-07,0.0013305135450288707
1.621e-07,-0.0003491744549711296
1.622e-07,-0.0026694869881681293
1.623e-07,-0.00421636245497113
1.624e-07,-0.00466948745497113
1.625e-07,-0.00470854945497113
1.626e-07,-0.00466948745497113
1.627e-07,-0.0045991744549711295
1.628e-07,-0.00466948745497113
1.629e-07,-0.005294487454971129
1.63e-07,-0.00666948745497113
1.631e-07,-0.00867729945497113
1.632e-07,-0.01066948745497113
1.633e-07,-0.011989799454971129
1.634e-07,-0.01266948445497113
1.635e-07,-0.01283355445497113
1.636e-07,-0.01266948445497113
1.637e-07,-0.01233354945497113
1.638e-07,-0.01266948445497113
1.639e-07,-0.01369292445497113
1.64e-07,-0.01466948445497113
1.641e-07,-0.01465386445497113
1.642e-07,-0.01466948445497113
1.643e-07,-0.01502105445497113
1.644e-07,-0.01466948445497113
1.645e-07,-0.01319292445497113
1.646e-07,-0.01266948445497113
1.647e-07,-0.013450734454971129
1.648e-07,-0.01266948445497113
1.649e-07,-0.009044487454971129
1.65e-07,-0.00666948745497113
1.651e-07,-0.00884136245497113
1.652e-07,-0.01266948445497113
1.653e-07,-0.01338042445497113
1.654e-07,-0.01066948745497113
1.655e-07,-0.007630424454971129
1.656e-07,-0.00666948745497113
1.657e-07,-0.007153862454971129
1.658e-07,-0.00666948745497113
1.659e-07,-0.00445073745497113
1.66e-07,-0.0026694869881681293
1.661e-07,-0.0031929244549711295
1.662e-07,-0.00466948745497113
1.663e-07,-0.00454448745497113
1.664e-07,-0.0026694869881681293
1.665e-07,-0.0010210494549711296
1.666e-07,-0.0006694874549711296
1.667e-07,-0.0011304244549711294
1.668e-07,-0.0006694874549711296
1.669e-07,0.00127582554502887
1.67e-07,0.0033305135450288708
1.671e-07,0.0038461385450288704
1.672e-07,0.0033305135450288708
1.673e-07,0.0024633255450288703
1.674e-07,0.0013305135450288707
1.675e-07,-0.0001538614549711297
1.676e-07,-0.0006694874549711296
1.677e-07,0.0007836385450288707
1.678e-07,0.0033305135450288708
1.679e-07,0.004611763545028871
1.68e-07,0.0033305135450288708
1.681e-07,0.0004867635450288704
1.682e-07,-0.0006694874549711296
1.683e-07,0.0011273885450288706
1.684e-07,0.0033305135450288708
1.685e-07,0.0030961385450288706
1.686e-07,0.0013305135450288707
1.687e-07,-6.792445497112937e-05
1.688e-07,-0.0006694874549711296
1.689e-07,-0.0015210494549711296
1.69e-07,-0.0026694869881681293
1.691e-07,-0.0032163619549711296
1.692e-07,-0.0026694869881681293
1.693e-07,-0.0019897994549711298
1.694e-07,-0.0026694869881681293
1.695e-07,-0.00495854945497113
1.696e-07,-0.00666948745497113
1.697e-07,-0.00612261245497113
1.698e-07,-0.00466948745497113
1.699e-07,-0.004716362454971129
1.7e-07,-0.00666948745497113
1.701e-07,-0.009153862454971129
1.702e-07,-0.01066948745497113
1.703e-07,-0.01094292445497113
1.704e-07,-0.01066948745497113
1.705e-07,-0.01057573745497113
1.706e-07,-0.01066948745497113
1.707e-07,-0.01071636245497113
1.708e-07,-0.01066948745497113
1.709e-07,-0.01123979945497113
1.71e-07,-0.01266948445497113
1.711e-07,-0.01468511445497113
1.712e-07,-0.01666948445497113
1.713e-07,-0.01802886445497113
1.714e-07,-0.01866948445497113
1.715e-07,-0.01919292445497113
1.716e-07,-0.02066948445497113
1.717e-07,-0.02257573445497113
1.718e-07,-0.02266948445497113
1.719e-07,-0.02035698445497113
1.72e-07,-0.01866948445497113
1.721e-07,-0.01956792445497113
1.722e-07,-0.02066948445497113
1.723e-07,-0.02023980445497113
1.724e-07,-0.02066948445497113
1.725e-07,-0.02445855445497113
1.726e-07,-0.02866948445497113
1.727e-07,-0.02981011445497113
1.728e-07,-0.02866948445497113
1.729e-07,-0.02818511445497113
1.73e-07,-0.02866948445497113
1.731e-07,-0.02936480445497113
1.732e-07,-0.03066948445497113
1.733e-07,-0.03281792445497113
1.734e-07,-0.03466948445497113
1.735e-07,-0.03543511445497113
1.736e-07,-0.03666948445497113
1.737e-07,-0.03898980445497113
1.738e-07,-0.04066948445497113
1.739e-07,-0.04003667445497113
1.74e-07,-0.03866948445497113
1.741e-07,-0.03825542445497113
1.742e-07,-0.03866948445497113
1.743e-07,-0.03864605445497113
1.744e-07,-0.03866948445497113
1.745e-07,-0.03944292445497113
1.746e-07,-0.04066948445497113
1.747e-07,-0.04118511445497113
1.748e-07,-0.04066948445497113
1.749e-07,-0.03952105445497113
1.75e-07,-0.03866948445497113
1.751e-07,-0.03855230445497113
1.752e-07,-0.03866948445497113
1.753e-07,-0.03863042445497113
1.754e-07,-0.03866948445497113
1.755e-07,-0.03891167445497113
1.756e-07,-0.03866948445497113
1.757e-07,-0.03763042445497113
1.758e-07,-0.03666948445497113
1.759e-07,-0.03707573445497113
1.76e-07,-0.03866948445497113
1.761e-07,-0.04023980445497113
1.762e-07,-0.04066948445497113
1.763e-07,-0.03982573445497113
1.764e-07,-0.03866948445497113
1.765e-07,-0.03826323445497113
1.766e-07,-0.03866948445497113
1.767e-07,-0.03915386445497113
1.768e-07,-0.03866948445497113
1.769e-07,-0.03740386445497113
1.77e-07,-0.03666948445497113
1.771e-07,-0.03732573445497113
1.772e-07,-0.03866948445497113
1.773e-07,-0.03975542445497113
1.774e-07,-0.04066948445497113
1.775e-07,-0.04177886445497113
1.776e-07,-0.04266948445497113
1.777e-07,-0.04230230445497113
1.778e-07,-0.04066948445497113
1.779e-07,-0.03847417445497113
1.78e-07,-0.03666948445497113
1.781e-07,-0.03601323445497113
1.782e-07,-0.03666948445497113
1.783e-07,-0.03799761445497113
1.784e-07,-0.03866948445497113
1.785e-07,-0.03846636445497113
1.786e-07,-0.03866948445497113
1.787e-07,-0.03990386445497113
1.788e-07,-0.04066948445497113
1.789e-07,-0.03980230445497113
1.79e-07,-0.03866948445497113
1.791e-07,-0.03849761445497113
1.792e-07,-0.03866948445497113
1.793e-07,-0.03780230445497113
1.794e-07,-0.03666948445497113
1.795e-07,-0.03632573445497113
1.796e-07,-0.03666948445497113
1.797e-07,-0.03634917445497113
1.798e-07,-0.03466948445497113
1.799e-07,-0.032200734454971125
1.8e-07,-0.03066948445497113
1.801e-07,-0.03060698445497113
1.802e-07,-0.03066948445497113
1.803e-07,-0.02971636445497113
1.804e-07,-0.02866948445497113
1.805e-07,-0.02862261445497113
1.806e-07,-0.02866948445497113
1.807e-07,-0.02734136445497113
1.808e-07,-0.02466948445497113
1.809e-07,-0.02208355445497113
1.81e-07,-0.02066948445497113
1.811e-07,-0.02045073445497113
1.812e-07,-0.02066948445497113
1.813e-07,-0.02071636445497113
1.814e-07,-0.02066948445497113
1.815e-07,-0.02070855445497113
1.816e-07,-0.02066948445497113
1.817e-07,-0.01960698445497113
1.818e-07,-0.01666948445497113
1.819e-07,-0.01283355445497113
1.82e-07,-0.01066948745497113
1.821e-07,-0.01092729945497113
1.822e-07,-0.01066948745497113
1.823e-07,-0.00842729945497113
1.824e-07,-0.00666948745497113
1.825e-07,-0.00814604945497113
1.826e-07,-0.01066948745497113
1.827e-07,-0.01093511245497113
1.828e-07,-0.00866948745497113
1.829e-07,-0.00666167445497113
1.83e-07,-0.00666948745497113
1.831e-07,-0.00817729945497113
1.832e-07,-0.00866948745497113
1.833e-07,-0.006997612454971129
1.834e-07,-0.00466948745497113
1.835e-07,-0.0039819874549711295
1.836e-07,-0.00466948745497113
1.837e-07,-0.005638237454971129
1.838e-07,-0.00666948745497113
1.839e-07,-0.00802886245497113
1.84e-07,-0.00866948745497113
1.841e-07,-0.00840386245497113
1.842e-07,-0.00866948745497113
1.843e-07,-0.01017729945497113
1.844e-07,-0.01066948745497113
1.845e-07,-0.00884136245497113
1.846e-07,-0.00666948745497113
1.847e-07,-0.00680229945497113
1.848e-07,-0.00866948745497113
1.849e-07,-0.01071636245497113
1.85e-07,-0.01266948445497113
1.851e-07,-0.01488042445497113
1.852e-07,-0.01666948445497113
1.853e-07,-0.017060114454971128
1.854e-07,-0.01666948445497113
1.855e-07,-0.01639605445497113
1.856e-07,-0.01666948445497113
1.857e-07,-0.01688823445497113
1.858e-07,-0.01666948445497113
1.859e-07,-0.015794484454971128
1.86e-07,-0.01466948445497113
1.861e-07,-0.01414605445497113
1.862e-07,-0.01466948445497113
1.863e-07,-0.01592730445497113
1.864e-07,-0.01666948445497113
1.865e-07,-0.016560114454971128
1.866e-07,-0.01666948445497113
1.867e-07,-0.01821636445497113
1.868e-07,-0.02066948445497113
1.869e-07,-0.02242730445497113
1.87e-07,-0.02266948445497113
1.871e-07,-0.02119292445497113
1.872e-07,-0.01866948445497113
1.873e-07,-0.01655230445497113
1.874e-07,-0.01666948445497113
1.875e-07,-0.01893511445497113
1.876e-07,-0.02066948445497113
1.877e-07,-0.02007573445497113
1.878e-07,-0.01866948445497113
1.879e-07,-0.01889605445497113
1.88e-07,-0.02066948445497113
1.881e-07,-0.02231011445497113
1.882e-07,-0.02266948445497113
1.883e-07,-0.02188042445497113
1.884e-07,-0.02066948445497113
1.885e-07,-0.02002105445497113
1.886e-07,-0.02066948445497113
1.887e-07,-0.02201323445497113
1.888e-07,-0.02266948445497113
1.889e-07,-0.02184136445497113
1.89e-07,-0.02066948445497113
1.891e-07,-0.02074761445497113
1.892e-07,-0.02266948445497113
1.893e-07,-0.02479448445497113
1.894e-07,-0.02466948445497113
1.895e-07,-0.02174761445497113
1.896e-07,-0.01866948445497113
1.897e-07,-0.017802304454971128
1.898e-07,-0.01866948445497113
1.899e-07,-0.01921636445497113
1.9e-07,-0.01866948445497113
1.901e-07,-0.01807573445497113
1.902e-07,-0.01866948445497113
1.903e-07,-0.02009917445497113
1.904e-07,-0.02066948445497113
1.905e-07,-0.01919292445497113
1.906e-07,-0.01666948445497113
1.907e-07,-0.014958554454971129
1.908e-07,-0.01466948445497113
1.909e-07,-0.01498980445497113
1.91e-07,-0.01466948445497113
1.911e-07,-0.01363042445497113
1.912e-07,-0.01266948445497113
1.913e-07,-0.01261479945497113
1.914e-07,-0.01266948445497113
1.915e-07,-0.01248198745497113
1.916e-07,-0.01266948445497113
1.917e-07,-0.01387261445497113
1.918e-07,-0.01466948445497113
1.919e-07,-0.01442730445497113
1.92e-07,-0.01466948445497113
1.921e-07,-0.01618511445497113
1.922e-07,-0.01666948445497113
1.923e-07,-0.01463823445497113
1.924e-07,-0.01266948445497113
1.925e-07,-0.01323980445497113
1.926e-07,-0.01466948445497113
1.927e-07,-0.01482573445497113
1.928e-07,-0.01466948445497113
1.929e-07,-0.01571636445497113
1.93e-07,-0.01666948445497113
1.931e-07,-0.015981984454971128
1.932e-07,-0.01466948445497113
1.933e-07,-0.01491167445497113
1.934e-07,-0.01666948445497113
1.935e-07,-0.01842730445497113
1.936e-07,-0.01866948445497113
1.937e-07,-0.017552304454971128
1.938e-07,-0.01666948445497113
1.939e-07,-0.017271054454971128
1.94e-07,-0.01866948445497113
1.941e-07,-0.01980230445497113
1.942e-07,-0.02066948445497113
1.943e-07,-0.02168511445497113
1.944e-07,-0.02266948445497113
1.945e-07,-0.02291167445497113
1.946e-07,-0.02266948445497113
1.947e-07,-0.02244292445497113
1.948e-07,-0.02266948445497113
1.949e-07,-0.02291948445497113
1.95e-07,-0.02266948445497113
1.951e-07,-0.02167730445497113
1.952e-07,-0.02066948445497113
1.953e-07,-0.02032573445497113
1.954e-07,-0.02066948445497113
1.955e-07,-0.02106792445497113
1.956e-07,-0.02066948445497113
1.957e-07,-0.02006792445497113
1.958e-07,-0.02066948445497113
1.959e-07,-0.02245855445497113
1.96e-07,-0.02266948445497113
1.961e-07,-0.02035698445497113
1.962e-07,-0.01866948445497113
1.963e-07,-0.02023980445497113
1.964e-07,-0.02266948445497113
1.965e-07,-0.02310698445497113
1.966e-07,-0.02266948445497113
1.967e-07,-0.02351323445497113
1.968e-07,-0.02466948445497113
1.969e-07,-0.02415386445497113
1.97e-07,-0.02266948445497113
1.971e-07,-0.02198198445497113
1.972e-07,-0.02266948445497113
1.973e-07,-0.02376323445497113
1.974e-07,-0.02466948445497113
1.975e-07,-0.02487261445497113
1.976e-07,-0.02466948445497113
1.977e-07,-0.02397417445497113
1.978e-07,-0.02266948445497113
1.979e-07,-0.02066948445497113
1.98e-07,-0.01866948445497113
1.981e-07,-0.017372614454971128
1.982e-07,-0.01666948445497113
1.983e-07,-0.016505424454971128
1.984e-07,-0.01666948445497113
1.985e-07,-0.01743511445497113
1.986e-07,-0.01866948445497113
1.987e-07,-0.01957573445497113
1.988e-07,-0.01866948445497113
1.989e-07,-0.01670855445497113
1.99e-07,-0.01666948445497113
1.991e-07,-0.01927886445497113
1.992e-07,-0.02066948445497113
1.993e-07,-0.01800542445497113
1.994e-07,-0.01466948445497113
1.995e-07,-0.01459917445497113
1.996e-07,-0.01666948445497113
1.997e-07,-0.01747417445497113
1.998e-07,-0.01666948445497113
1.999e-07,-0.015638234454971128
2e-07,-0.01466948445497113
2.001e-07,-0.01338823445497113
2.002e-07,-0.01266948445497113
2.003e-07,-0.01284136445497113
2.004e-07,-0.01266948445497113
2.005e-07,-0.01154448745497113
2.006e-07,-0.01066948745497113
2.007e-07,-0.01079448745497113
2.008e-07,-0.01066948745497113
2.009e-07,-0.008997612454971129
2.01e-07,-0.00666948745497113
2.011e-07,-0.005716362454971129
2.012e-07,-0.00666948745497113
2.013e-07,-0.00827104945497113
2.014e-07,-0.00866948745497113
2.015e-07,-0.007075737454971129
2.016e-07,-0.00466948745497113
2.017e-07,-0.0030679244549711294
2.018e-07,-0.0026694869881681293
2.019e-07,-0.0027710494549711296
2.02e-07,-0.0026694869881681293
2.021e-07,-0.0019663619549711298
2.022e-07,-0.0006694874549711296
2.023e-07,0.0007055135450288706
2.024e-07,0.0013305135450288707
2.025e-07,0.0011273885450288706
2.026e-07,0.0013305135450288707
2.027e-07,0.0028461385450288704
2.028e-07,0.0053305135450288695
2.029e-07,0.0072055135450288695
2.03e-07,0.0073305135450288696
2.031e-07,0.0060102005450288695
2.032e-07,0.0053305135450288695
2.033e-07,0.00620551354502887
2.034e-07,0.0073305135450288696
2.035e-07,0.00741645554502887
2.036e-07,0.0073305135450288696
2.037e-07,0.00824457554502887
2.038e-07,0.00933051554502887
2.039e-07,0.00947895554502887
2.04e-07,0.00933051554502887
2.041e-07,0.01005707554502887
2.042e-07,0.01133051554502887
2.043e-07,0.01240082554502887
2.044e-07,0.01333051554502887
2.045e-07,0.014400825545028872
2.046e-07,0.015330515545028869
2.047e-07,0.01553363554502887
2.048e-07,0.015330515545028869
2.049e-07,0.015205515545028869
2.05e-07,0.015330515545028869
2.051e-07,0.01592426554502887
2.052e-07,0.01733051554502887
2.053e-07,0.01893207554502887
2.054e-07,0.01933051554502887
2.055e-07,0.01812738554502887
2.056e-07,0.01733051554502887
2.057e-07,0.01868207554502887
2.058e-07,0.02133051554502887
2.059e-07,0.02316645554502887
2.06e-07,0.02333051554502887
2.061e-07,0.02229145554502887
2.062e-07,0.02133051554502887
2.063e-07,0.02101020554502887
2.064e-07,0.02133051554502887
2.065e-07,0.02202582554502887
2.066e-07,0.02333051554502887
2.067e-07,0.02473676554502887
2.068e-07,0.02533051554502887
2.069e-07,0.02436957554502887
2.07e-07,0.02333051554502887
2.071e-07,0.02317426554502887
2.072e-07,0.02333051554502887
2.073e-07,0.02257270554502887
2.074e-07,0.02133051554502887
2.075e-07,0.02025238554502887
2.076e-07,0.01933051554502887
2.077e-07,0.018307075545028872
2.078e-07,0.01733051554502887
2.079e-07,0.01708051554502887
2.08e-07,0.01733051554502887
2.081e-07,0.01764301554502887
2.082e-07,0.01733051554502887
2.083e-07,0.01684613554502887
2.084e-07,0.01733051554502887
2.085e-07,0.01921332554502887
2.086e-07,0.02133051554502887
2.087e-07,0.02201020554502887
2.088e-07,0.02133051554502887
2.089e-07,0.02004926554502887
2.09e-07,0.01933051554502887
2.091e-07,0.01868988554502887
2.092e-07,0.01733051554502887
2.093e-07,0.014955515545028868
2.094e-07,0.01333051554502887
2.095e-07,0.013283635545028871
2.096e-07,0.01333051554502887
2.097e-07,0.01227582554502887
2.098e-07,0.01133051554502887
2.099e-07,0.01166645554502887
2.1e-07,0.01133051554502887
2.101e-07,0.00919770554502887
2.102e-07,0.0073305135450288696
2.103e-07,0.00783051554502887
2.104e-07,0.00933051554502887
2.105e-07,0.00968207554502887
2.106e-07,0.00933051554502887
2.107e-07,0.00983832554502887
2.108e-07,0.01133051554502887
2.109e-07,0.01171332554502887
2.11e-07,0.00933051554502887
2.111e-07,0.004768013545028871
2.112e-07,0.0013305135450288707
2.113e-07,0.0013695755450288702
2.114e-07,0.0033305135450288708
2.115e-07,0.00429145054502887
2.116e-07,0.0033305135450288708
2.117e-07,0.0018383255450288706
2.118e-07,0.0013305135450288707
2.119e-07,0.0021898885450288706
2.12e-07,0.0033305135450288708
2.121e-07,0.0038070755450288706
2.122e-07,0.0033305135450288708
2.123e-07,0.002393013545028871
2.124e-07,0.0013305135450288707
2.125e-07,0.0002055135450288706
2.126e-07,-0.0006694874549711296
2.127e-07,-0.0009663624549711295
2.128e-07,-0.0006694874549711296
2.129e-07,0.00012738854502887054
2.13e-07,0.0013305135450288707
2.131e-07,0.0025883255450288704
2.132e-07,0.0033305135450288708
2.133e-07,0.0029164505450288707
2.134e-07,0.0013305135450288707
2.135e-07,-0.0008726124549711296
2.136e-07,-0.0026694869881681293
2.137e-07,-0.0031929244549711295
2.138e-07,-0.0026694869881681293
2.139e-07,-0.0015913624549711296
2.14e-07,-0.0006694874549711296
2.141e-07,-0.0003101114549711294
2.142e-07,-0.0006694874549711296
2.143e-07,-0.0011538624549711294
2.144e-07,-0.0006694874549711296
2.145e-07,0.0012055135450288706
2.146e-07,0.0033305135450288708
2.147e-07,0.00408051354502887
2.148e-07,0.0033305135450288708
2.149e-07,0.0015102005450288703
2.15e-07,-0.0006694874549711296
2.151e-07,-0.0024194869549711293
2.152e-07,-0.0026694869881681293
2.153e-07,-0.0014585494549711295
2.154e-07,-0.0006694874549711296
2.155e-07,-0.0010288624549711295
2.156e-07,-0.0006694874549711296
2.157e-07,0.0014789505450288703
2.158e-07,0.0033305135450288708
2.159e-07,0.0028383255450288706
2.16e-07,0.0013305135450288707
2.161e-07,0.0009242635450288704
2.162e-07,0.0013305135450288707
2.163e-07,0.0008461385450288703
2.164e-07,-0.0006694874549711296
2.165e-07,-0.0021772994549711295
2.166e-07,-0.0026694869881681293
2.167e-07,-0.0019897994549711298
2.168e-07,-0.0006694874549711296
2.169e-07,0.0005336385450288705
2.17e-07,0.0013305135450288707
2.171e-07,0.0015961385450288701
2.172e-07,0.0013305135450288707
2.173e-07,0.0004711385450288704
2.174e-07,-0.0006694874549711296
2.175e-07,-0.0017866744549711296
2.176e-07,-0.0026694869881681293
2.177e-07,-0.0035054244549711294
2.178e-07,-0.00466948745497113
2.179e-07,-0.005544487454971129
2.18e-07,-0.00466948745497113
2.181e-07,-0.0021147994549711295
2.182e-07,-0.0006694874549711296
2.183e-07,-0.0016538624549711294
2.184e-07,-0.0026694869881681293
2.185e-07,-0.0017163619549711295
2.186e-07,-0.0006694874549711296
2.187e-07,-0.0020366744549711294
2.188e-07,-0.00466948745497113
2.189e-07,-0.005778862454971129
2.19e-07,-0.00466948745497113
2.191e-07,-0.0030288619549711294
2.192e-07,-0.0026694869881681293
2.193e-07,-0.0037866744549711296
2.194e-07,-0.00466948745497113
2.195e-07,-0.00400542445497113
2.196e-07,-0.0026694869881681293
2.197e-07,-0.0021929244549711295
2.198e-07,-0.0026694869881681293
2.199e-07,-0.0035132369549711294
2.2e-07,-0.00466948745497113
2.201e-07,-0.00607573745497113
2.202e-07,-0.00666948745497113
2.203e-07,-0.0058257374549711295
2.204e-07,-0.00466948745497113
2.205e-07,-0.00432573745497113
2.206e-07,-0.00466948745497113
2.207e-07,-0.00488042445497113
2.208e-07,-0.00466948745497113
2.209e-07,-0.004505424454971129
2.21e-07,-0.00466948745497113
2.211e-07,-0.0049507374549711295
2.212e-07,-0.00466948745497113
2.213e-07,-0.0037163624549711293
2.214e-07,-0.0026694869881681293
2.215e-07,-0.0028726119549711297
2.216e-07,-0.00466948745497113
2.217e-07,-0.007263237454971129
2.218e-07,-0.00866948745497113
2.219e-07,-0.00802886245497113
2.22e-07,-0.00666948745497113
2.221e-07,-0.00623198745497113
2.222e-07,-0.00666948745497113
2.223e-07,-0.007513237454971129
2.224e-07,-0.00866948745497113
2.225e-07,-0.009974174454971129
2.226e-07,-0.01066948745497113
2.227e-07,-0.009989799454971129
2.228e-07,-0.00866948745497113
2.229e-07,-0.00851323745497113
2.23e-07,-0.01066948745497113
2.231e-07,-0.01390386445497113
2.232e-07,-0.01466948445497113
2.233e-07,-0.01174761245497113
2.234e-07,-0.00866948745497113
2.235e-07,-0.00876323745497113
2.236e-07,-0.01066948745497113
2.237e-07,-0.01185698745497113
2.238e-07,-0.01266948445497113
2.239e-07,-0.01455230445497113
2.24e-07,-0.01666948445497113
2.241e-07,-0.01728667445497113
2.242e-07,-0.01666948445497113
2.243e-07,-0.01575542445497113
2.244e-07,-0.01466948445497113
2.245e-07,-0.01340386445497113
2.246e-07,-0.01266948445497113
2.247e-07,-0.01316948445497113
2.248e-07,-0.01466948445497113
2.249e-07,-0.01615386445497113
2.25e-07,-0.01666948445497113
2.251e-07,-0.01642730445497113
2.252e-07,-0.01666948445497113
2.253e-07,-0.017833554454971128
2.254e-07,-0.01866948445497113
2.255e-07,-0.01802886445497113
2.256e-07,-0.01666948445497113
2.257e-07,-0.016044484454971128
2.258e-07,-0.01666948445497113
2.259e-07,-0.01735698445497113
2.26e-07,-0.01666948445497113
2.261e-07,-0.01506792445497113
2.262e-07,-0.01466948445497113
2.263e-07,-0.016591364454971128
2.264e-07,-0.01866948445497113
2.265e-07,-0.01852105445497113
2.266e-07,-0.01666948445497113
2.267e-07,-0.01559917445497113
2.268e-07,-0.01666948445497113
2.269e-07,-0.01902886445497113
2.27e-07,-0.02066948445497113
2.271e-07,-0.02027886445497113
2.272e-07,-0.01866948445497113
2.273e-07,-0.01722417445497113
2.274e-07,-0.01666948445497113
2.275e-07,-0.01660698445497113
2.276e-07,-0.01666948445497113
2.277e-07,-0.016692924454971128
2.278e-07,-0.01666948445497113
2.279e-07,-0.016622614454971128
2.28e-07,-0.01666948445497113
2.281e-07,-0.016747614454971128
2.282e-07,-0.01666948445497113
2.283e-07,-0.016106984454971128
2.284e-07,-0.01466948445497113
2.285e-07,-0.01299761445497113
2.286e-07,-0.01266948445497113
2.287e-07,-0.01391948445497113
2.288e-07,-0.01466948445497113
2.289e-07,-0.01367730445497113
2.29e-07,-0.01266948445497113
2.291e-07,-0.01342730445497113
2.292e-07,-0.01466948445497113
2.293e-07,-0.01434917445497113
2.294e-07,-0.01266948445497113
2.295e-07,-0.01123979945497113
2.296e-07,-0.01066948745497113
2.297e-07,-0.01063042445497113
2.298e-07,-0.01066948745497113
2.299e-07,-0.01071636245497113
2.3e-07,-0.01066948745497113
2.301e-07,-0.01066167445497113
2.302e-07,-0.01066948745497113
2.303e-07,-0.01066948745497113
2.304e-07,-0.01066948745497113
2.305e-07,-0.01068511245497113
2.306e-07,-0.01066948745497113
2.307e-07,-0.01059917445497113
2.308e-07,-0.01066948745497113
2.309e-07,-0.01079448745497113
2.31e-07,-0.01066948745497113
2.311e-07,-0.009880424454971129
2.312e-07,-0.00866948745497113
2.313e-07,-0.00744292445497113
2.314e-07,-0.00666948745497113
2.315e-07,-0.00651323745497113
2.316e-07,-0.00666948745497113
2.317e-07,-0.00682573745497113
2.318e-07,-0.00666948745497113
2.319e-07,-0.006021049454971129
2.32e-07,-0.00466948745497113
2.321e-07,-0.0031616744549711295
2.322e-07,-0.0026694869881681293
2.323e-07,-0.0036772994549711295
2.324e-07,-0.00466948745497113
2.325e-07,-0.00463823745497113
2.326e-07,-0.00466948745497113
2.327e-07,-0.005263237454971129
2.328e-07,-0.00466948745497113
2.329e-07,-0.0022241744549711296
2.33e-07,-0.0006694874549711296
2.331e-07,-0.0017241744549711295
2.332e-07,-0.0026694869881681293
2.333e-07,-0.0009585494549711295
2.334e-07,0.0013305135450288707
2.335e-07,0.0011273885450288706
2.336e-07,-0.0006694874549711296
2.337e-07,-0.0013960494549711295
2.338e-07,-0.0006694874549711296
2.339e-07,0.0004398885450288704
2.34e-07,0.0013305135450288707
2.341e-07,0.0017445755450288705
2.342e-07,0.0013305135450288707
2.343e-07,0.0006742635450288706
2.344e-07,0.0013305135450288707
2.345e-07,0.004041450545028871
2.346e-07,0.0073305135450288696
2.347e-07,0.00872895554502887
2.348e-07,0.0073305135450288696
2.349e-07,0.00455707554502887
2.35e-07,0.0033305135450288708
2.351e-07,0.004893013545028871
2.352e-07,0.0073305135450288696
2.353e-07,0.00818207554502887
2.354e-07,0.0073305135450288696
2.355e-07,0.00652582554502887
2.356e-07,0.0073305135450288696
2.357e-07,0.00951020554502887
2.358e-07,0.01133051554502887
2.359e-07,0.01165863554502887
2.36e-07,0.01133051554502887
2.361e-07,0.01131488554502887
2.362e-07,0.01133051554502887
2.363e-07,0.01100238554502887
2.364e-07,0.01133051554502887
2.365e-07,0.01265863554502887
2.366e-07,0.01333051554502887
2.367e-07,0.01228363554502887
2.368e-07,0.01133051554502887
2.369e-07,0.01260395554502887
2.37e-07,0.015330515545028869
2.371e-07,0.01731488554502887
2.372e-07,0.01733051554502887
2.373e-07,0.01615863554502887
2.374e-07,0.015330515545028869
2.375e-07,0.01588520554502887
2.376e-07,0.01733051554502887
2.377e-07,0.01869770554502887
2.378e-07,0.01933051554502887
2.379e-07,0.01981488554502887
2.38e-07,0.02133051554502887
2.381e-07,0.02368207554502887
2.382e-07,0.02533051554502887
2.383e-07,0.02540082554502887
2.384e-07,0.02533051554502887
2.385e-07,0.02624457554502887
2.386e-07,0.02733051554502887
2.387e-07,0.02692426554502887
2.388e-07,0.02533051554502887
2.389e-07,0.02430707554502887
2.39e-07,0.02533051554502887
2.391e-07,0.02780707554502887
2.392e-07,0.02933051554502887
2.393e-07,0.02911957554502887
2.394e-07,0.02933051554502887
2.395e-07,0.031471135545028874
2.396e-07,0.03333051554502887
2.397e-07,0.03276020554502887
2.398e-07,0.03133051554502887
2.399e-07,0.03168988554502887
2.4e-07,0.03333051554502887
2.401e-07,0.03456488554502887
2.402e-07,0.03533051554502887
2.403e-07,0.03629926554502887
2.404e-07,0.03733051554502887
2.405e-07,0.03811957554502887
2.406e-07,0.03933051554502887
2.407e-07,0.04129145554502887
2.408e-07,0.04333051554502887
2.409e-07,0.04401801554502887
2.41e-07,0.04333051554502887
2.411e-07,0.04193207554502887
2.412e-07,0.04133051554502887
2.413e-07,0.04197895554502887
2.414e-07,0.04333051554502887
2.415e-07,0.04404145554502887
2.416e-07,0.04333051554502887
2.417e-07,0.04187738554502887
2.418e-07,0.04133051554502887
2.419e-07,0.04233051554502887
2.42e-07,0.04333051554502887
2.421e-07,0.04333832554502887
2.422e-07,0.04333051554502887
2.423e-07,0.04480707554502887
2.424e-07,0.04733051554502887
2.425e-07,0.04908832554502887
2.426e-07,0.04933051554502887
2.427e-07,0.04840082554502887
2.428e-07,0.04733051554502887
2.429e-07,0.04681488554502887
2.43e-07,0.04733051554502887
2.431e-07,0.04793988554502887
2.432e-07,0.04733051554502887
2.433e-07,0.04565082554502887
2.434e-07,0.04533051554502887
2.435e-07,0.04733051554502887
2.436e-07,0.04933051554502887
2.437e-07,0.04896332554502887
2.438e-07,0.04733051554502887
2.439e-07,0.04675238554502887
2.44e-07,0.04733051554502887
2.441e-07,0.04765082554502887
2.442e-07,0.04733051554502887
2.443e-07,0.04647113554502887
2.444e-07,0.04533051554502887
2.445e-07,0.04448676554502887
2.446e-07,0.04533051554502887
2.447e-07,0.04768207554502887
2.448e-07,0.04933051554502887
2.449e-07,0.04820551554502887
2.45e-07,0.04533051554502887
2.451e-07,0.04272113554502887
2.452e-07,0.04133051554502887
2.453e-07,0.04104926554502887
2.454e-07,0.04133051554502887
2.455e-07,0.04166645554502887
2.456e-07,0.04133051554502887
2.457e-07,0.04020551554502887
2.458e-07,0.03933051554502887
2.459e-07,0.03976020554502887
2.46e-07,0.04133051554502887
2.461e-07,0.04292426554502887
2.462e-07,0.04333051554502887
2.463e-07,0.04187738554502887
2.464e-07,0.03933051554502887
2.465e-07,0.03680707554502887
2.466e-07,0.03533051554502887
2.467e-07,0.03506488554502887
2.468e-07,0.03533051554502887
2.469e-07,0.03545551554502887
2.47e-07,0.03533051554502887
2.471e-07,0.03522895554502887
2.472e-07,0.03533051554502887
2.473e-07,0.03547895554502887
2.474e-07,0.03533051554502887
2.475e-07,0.03457270554502887
2.476e-07,0.03333051554502887
2.477e-07,0.03201020554502887
2.478e-07,0.03133051554502887
2.479e-07,0.03132270554502887
2.48e-07,0.03133051554502887
2.481e-07,0.030643015545028872
2.482e-07,0.02933051554502887
2.483e-07,0.02801020554502887
2.484e-07,0.02733051554502887
2.485e-07,0.02733051554502887
2.486e-07,0.02733051554502887
2.487e-07,0.02719770554502887
2.488e-07,0.02733051554502887
2.489e-07,0.02768207554502887
2.49e-07,0.02733051554502887
2.491e-07,0.02549457554502887
2.492e-07,0.02333051554502887
2.493e-07,0.02252582554502887
2.494e-07,0.02333051554502887
2.495e-07,0.02468207554502887
2.496e-07,0.02533051554502887
2.497e-07,0.02423676554502887
2.498e-07,0.02133051554502887
2.499e-07,0.01819770554502887
2.5e-07,0.01733051554502887
2.501e-07,0.01936957554502887
2.502e-07,0.02133051554502887
2.503e-07,0.02082270554502887
2.504e-07,0.01933051554502887
2.505e-07,0.01892426554502887
2.506e-07,0.01933051554502887
2.507e-07,0.01931488554502887
2.508e-07,0.01933051554502887
2.509e-07,0.01980707554502887
2.51e-07,0.01933051554502887
2.511e-07,0.01671332554502887
2.512e-07,0.01333051554502887
2.513e-07,0.01144770554502887
2.514e-07,0.01133051554502887
2.515e-07,0.01226020554502887
2.516e-07,0.01333051554502887
2.517e-07,0.014369575545028872
2.518e-07,0.015330515545028869
2.519e-07,0.01627582554502887
2.52e-07,0.01733051554502887
2.521e-07,0.01795551554502887
2.522e-07,0.01733051554502887
2.523e-07,0.015291455545028872
2.524e-07,0.01333051554502887
2.525e-07,0.01221332554502887
2.526e-07,0.01133051554502887
2.527e-07,0.01005707554502887
2.528e-07,0.00933051554502887
2.529e-07,0.01011957554502887
2.53e-07,0.01133051554502887
2.531e-07,0.01167426554502887
2.532e-07,0.01133051554502887
2.533e-07,0.01123676554502887
2.534e-07,0.01133051554502887
2.535e-07,0.01125238554502887
2.536e-07,0.01133051554502887
2.537e-07,0.01154145554502887
2.538e-07,0.01133051554502887
2.539e-07,0.01028363554502887
2.54e-07,0.00933051554502887
2.541e-07,0.00919770554502887
2.542e-07,0.00933051554502887
2.543e-07,0.00876020554502887
2.544e-07,0.0073305135450288696
2.545e-07,0.00592426354502887
2.546e-07,0.0053305135450288695
2.547e-07,0.00600238854502887
2.548e-07,0.0073305135450288696
2.549e-07,0.00861176554502887
2.55e-07,0.00933051554502887
2.551e-07,0.00951020554502887
2.552e-07,0.00933051554502887
2.553e-07,0.00915082554502887
2.554e-07,0.00933051554502887
2.555e-07,0.00954926554502887
2.556e-07,0.00933051554502887
2.557e-07,0.00826801554502887
2.558e-07,0.0073305135450288696
2.559e-07,0.00753363554502887
2.56e-07,0.00933051554502887
2.561e-07,0.01128363554502887
2.562e-07,0.01133051554502887
2.563e-07,0.00864301554502887
2.564e-07,0.0053305135450288695
2.565e-07,0.00356488854502887
2.566e-07,0.0033305135450288708
2.567e-07,0.003455513545028871
2.568e-07,0.0033305135450288708
2.569e-07,0.0032211385450288707
2.57e-07,0.0033305135450288708
2.571e-07,0.00347113854502887
2.572e-07,0.0033305135450288708
2.573e-07,0.003150825545028871
2.574e-07,0.0033305135450288708
2.575e-07,0.0037289505450288705
2.576e-07,0.0033305135450288708
2.577e-07,0.0014867635450288709
2.578e-07,-0.0006694874549711296
2.579e-07,-0.0015444874549711296
2.58e-07,-0.0006694874549711296
2.581e-07,0.0008461385450288703
2.582e-07,0.0013305135450288707
2.583e-07,0.00032270054502887054
2.584e-07,-0.0006694874549711296
2.585e-07,-0.0006147994549711294
2.586e-07,-0.0006694874549711296
2.587e-07,-0.0017163619549711295
2.588e-07,-0.0026694869881681293
2.589e-07,-0.0025054244549711294
2.59e-07,-0.0026694869881681293
2.591e-07,-0.004067924454971129
2.592e-07,-0.00466948745497113
2.593e-07,-0.0028335494549711297
2.594e-07,-0.0006694874549711296
2.595e-07,-0.00035698645497112946
2.596e-07,-0.0006694874549711296
2.597e-07,-0.0002788614549711294
2.598e-07,-0.0006694874549711296
2.599e-07,-0.0029897994549711294
2.6e-07,-0.00466948745497113
2.601e-07,-0.0038179244549711297
2.602e-07,-0.0026694869881681293
2.603e-07,-0.0035522994549711294
2.604e-07,-0.00466948745497113
2.605e-07,-0.00391167445497113
2.606e-07,-0.0026694869881681293
2.607e-07,-0.0031616744549711295
2.608e-07,-0.00466948745497113
2.609e-07,-0.00519292445497113
2.61e-07,-0.00466948745497113
2.611e-07,-0.00427886245497113
2.612e-07,-0.00466948745497113
2.613e-07,-0.00566167445497113
2.614e-07,-0.00666948745497113
2.615e-07,-0.007075737454971129
2.616e-07,-0.00666948745497113
2.617e-07,-0.005638237454971129
2.618e-07,-0.00466948745497113
2.619e-07,-0.004317924454971129
2.62e-07,-0.00466948745497113
2.621e-07,-0.0055991744549711295
2.622e-07,-0.00666948745497113
2.623e-07,-0.00719292445497113
2.624e-07,-0.00666948745497113
2.625e-07,-0.005356987454971129
2.626e-07,-0.00466948745497113
2.627e-07,-0.005396049454971129
2.628e-07,-0.00666948745497113
2.629e-07,-0.007153862454971129
2.63e-07,-0.00666948745497113
2.631e-07,-0.00573979945497113
2.632e-07,-0.00466948745497113
2.633e-07,-0.0035913619549711295
2.634e-07,-0.0026694869881681293
2.635e-07,-0.0023726119549711297
2.636e-07,-0.0026694869881681293
2.637e-07,-0.0035913619549711295
2.638e-07,-0.00466948745497113
2.639e-07,-0.00570854945497113
2.64e-07,-0.00666948745497113
2.641e-07,-0.007263237454971129
2.642e-07,-0.00666948745497113
2.643e-07,-0.00516167445497113
2.644e-07,-0.00466948745497113
2.645e-07,-0.0058413624549711295
2.646e-07,-0.00666948745497113
2.647e-07,-0.005638237454971129
2.648e-07,-0.00466948745497113
2.649e-07,-0.005442924454971129
2.65e-07,-0.00666948745497113
2.651e-07,-0.00626323745497113
2.652e-07,-0.00466948745497113
2.653e-07,-0.00394292445497113
2.654e-07,-0.00466948745497113
2.655e-07,-0.005544487454971129
2.656e-07,-0.00466948745497113
2.657e-07,-0.0022710494549711296
2.658e-07,-0.0006694874549711296
2.659e-07,-0.0019116744549711295
2.66e-07,-0.00466948745497113
2.661e-07,-0.0065522994549711295
2.662e-07,-0.00666948745497113
2.663e-07,-0.00626323745497113
2.664e-07,-0.00666948745497113
2.665e-07,-0.00796636245497113
2.666e-07,-0.00866948745497113
2.667e-07,-0.00785698745497113
2.668e-07,-0.00666948745497113
2.669e-07,-0.006364799454971129
2.67e-07,-0.00666948745497113
2.671e-07,-0.00708354945497113
2.672e-07,-0.00866948745497113
2.673e-07,-0.01141948745497113
2.674e-07,-0.01266948445497113
2.675e-07,-0.01082573745497113
2.676e-07,-0.00866948745497113
2.677e-07,-0.00848198745497113
2.678e-07,-0.00866948745497113
2.679e-07,-0.00744292445497113
2.68e-07,-0.00666948745497113
2.681e-07,-0.00832573745497113
2.682e-07,-0.01066948745497113
2.683e-07,-0.01081011245497113
2.684e-07,-0.00866948745497113
2.685e-07,-0.00677886245497113
2.686e-07,-0.00666948745497113
2.687e-07,-0.00799761245497113
2.688e-07,-0.00866948745497113
2.689e-07,-0.007771049454971129
2.69e-07,-0.00666948745497113
2.691e-07,-0.007591362454971129
2.692e-07,-0.01066948745497113
2.693e-07,-0.01385698445497113
2.694e-07,-0.01466948445497113
2.695e-07,-0.01282573445497113
2.696e-07,-0.01066948745497113
2.697e-07,-0.01008354945497113
2.698e-07,-0.01066948745497113
2.699e-07,-0.01089604945497113
2.7e-07,-0.01066948745497113
2.701e-07,-0.01104448745497113
2.702e-07,-0.01266948445497113
2.703e-07,-0.01448980445497113
2.704e-07,-0.01466948445497113
2.705e-07,-0.01271636445497113
2.706e-07,-0.01066948745497113
2.707e-07,-0.01034917445497113
2.708e-07,-0.01066948745497113
2.709e-07,-0.01051323745497113
2.71e-07,-0.01066948745497113
2.711e-07,-0.01185698745497113
2.712e-07,-0.01266948445497113
2.713e-07,-0.01182573745497113
2.714e-07,-0.01066948745497113
2.715e-07,-0.01155229945497113
2.716e-07,-0.01466948445497113
2.717e-07,-0.01741948445497113
2.718e-07,-0.01666948445497113
2.719e-07,-0.01231011245497113
2.72e-07,-0.00866948745497113
2.721e-07,-0.00877104945497113
2.722e-07,-0.01066948745497113
2.723e-07,-0.01117729945497113
2.724e-07,-0.01066948745497113
2.725e-07,-0.01118511245497113
2.726e-07,-0.01266948445497113
2.727e-07,-0.01343511445497113
2.728e-07,-0.01266948445497113
2.729e-07,-0.01077104945497113
2.73e-07,-0.00866948745497113
2.731e-07,-0.007169487454971129
2.732e-07,-0.00666948745497113
2.733e-07,-0.00723979945497113
2.734e-07,-0.00866948745497113
2.735e-07,-0.01026323745497113
2.736e-07,-0.01066948745497113
2.737e-07,-0.00920854945497113
2.738e-07,-0.00666948745497113
2.739e-07,-0.00483354945497113
2.74e-07,-0.00466948745497113
2.741e-07,-0.005880424454971129
2.742e-07,-0.00666948745497113
2.743e-07,-0.00648198745497113
2.744e-07,-0.00666948745497113
2.745e-07,-0.007942924454971129
2.746e-07,-0.00866948745497113
2.747e-07,-0.007638237454971129
2.748e-07,-0.00666948745497113
2.749e-07,-0.00744292445497113
2.75e-07,-0.00866948745497113
2.751e-07,-0.00819292445497113
2.752e-07,-0.00666948745497113
2.753e-07,-0.005442924454971129
2.754e-07,-0.00466948745497113
2.755e-07,-0.0037085494549711296
2.756e-07,-0.0026694869881681293
2.757e-07,-0.0023491744549711297
2.758e-07,-0.0026694869881681293
2.759e-07,-0.0030679244549711294
2.76e-07,-0.0026694869881681293
2.761e-07,-0.0015522994549711296
2.762e-07,-0.0006694874549711296
2.763e-07,-0.0011538624549711294
2.764e-07,-0.0026694869881681293
2.765e-07,-0.00415386245497113
2.766e-07,-0.00466948745497113
2.767e-07,-0.00402104945497113
2.768e-07,-0.0026694869881681293
2.769e-07,-0.0013804244549711295
2.77e-07,-0.0006694874549711296
2.771e-07,-0.0005757374549711296
2.772e-07,-0.0006694874549711296
2.773e-07,-0.0006538624549711296
2.774e-07,-0.0006694874549711296
2.775e-07,-0.0012632374549711295
2.776e-07,-0.0026694869881681293
2.777e-07,-0.00429448745497113
2.778e-07,-0.00466948745497113
2.779e-07,-0.0031382369549711295
2.78e-07,-0.0006694874549711296
2.781e-07,0.0010727005450288703
2.782e-07,0.0013305135450288707
2.783e-07,0.0004945755450288703
2.784e-07,-0.0006694874549711296
2.785e-07,-0.0016851119549711295
2.786e-07,-0.0026694869881681293
2.787e-07,-0.0037319874549711293
2.788e-07,-0.00466948745497113
2.789e-07,-0.004575737454971129
2.79e-07,-0.0026694869881681293
2.791e-07,0.0006352005450288704
2.792e-07,0.0033305135450288708
2.793e-07,0.00392426354502887
2.794e-07,0.0033305135450288708
2.795e-07,0.00251801354502887
2.796e-07,0.0013305135450288707
2.797e-07,-0.0003101114549711294
2.798e-07,-0.0006694874549711296
2.799e-07,0.0006586385450288706
2.8e-07,0.0013305135450288707
2.801e-07,-0.0005444874549711295
2.802e-07,-0.0026694869881681293
2.803e-07,-0.0024351119549711293
2.804e-07,-0.0006694874549711296
2.805e-07,0.0007133255450288705
2.806e-07,0.0013305135450288707
2.807e-07,0.0017211385450288702
2.808e-07,0.0013305135450288707
2.809e-07,-0.00047417445497112973
2.81e-07,-0.0026694869881681293
2.811e-07,-0.0036069869549711295
2.812e-07,-0.0026694869881681293
2.813e-07,-0.0005132374549711295
2.814e-07,0.0013305135450288707
2.815e-07,0.0017602005450288705
2.816e-07,0.0013305135450288707
2.817e-07,0.0005883255450288703
2.818e-07,-0.0006694874549711296
2.819e-07,-0.0021929244549711295
2.82e-07,-0.0026694869881681293
2.821e-07,-0.0015444874549711296
2.822e-07,-0.0006694874549711296
2.823e-07,-0.0015054244549711296
2.824e-07,-0.0026694869881681293
2.825e-07,-0.0022397994549711296
2.826e-07,-0.0006694874549711296
2.827e-07,0.0006742635450288706
2.828e-07,0.0013305135450288707
2.829e-07,0.00153363854502887
2.83e-07,0.0013305135450288707
2.831e-07,0.0003461385450288703
2.832e-07,-0.0006694874549711296
2.833e-07,-0.0011382374549711296
2.834e-07,-0.0006694874549711296
2.835e-07,0.0002914505450288705
2.836e-07,0.0013305135450288707
2.837e-07,0.0013070755450288701
2.838e-07,-0.0006694874549711296
2.839e-07,-0.004083549454971129
2.84e-07,-0.00666948745497113
2.841e-07,-0.00702104945497113
2.842e-07,-0.00666948745497113
2.843e-07,-0.00685698745497113
2.844e-07,-0.00666948745497113
2.845e-07,-0.004778862454971129
2.846e-07,-0.0026694869881681293
2.847e-07,-0.0020288619549711294
2.848e-07,-0.0026694869881681293
2.849e-07,-0.0034741744549711294
2.85e-07,-0.00466948745497113
2.851e-07,-0.00618511245497113
2.852e-07,-0.00666948745497113
2.853e-07,-0.00513042445497113
2.854e-07,-0.0026694869881681293
2.855e-07,-0.0010757374549711296
2.856e-07,-0.0006694874549711296
2.857e-07,-0.0007710494549711296
2.858e-07,-0.0006694874549711296
2.859e-07,-0.0005132374549711295
2.86e-07,-0.0006694874549711296
2.861e-07,-0.0015054244549711296
2.862e-07,-0.0026694869881681293
2.863e-07,-0.0033101119549711296
2.864e-07,-0.0026694869881681293
2.865e-07,-0.0013022994549711296
2.866e-07,-0.0006694874549711296
2.867e-07,-0.0014429244549711295
2.868e-07,-0.0026694869881681293
2.869e-07,-0.0025991744849711293
2.87e-07,-0.0006694874549711296
2.871e-07,0.0015258255450288703
2.872e-07,0.0013305135450288707
2.873e-07,-0.0012397994549711295
2.874e-07,-0.0026694869881681293
2.875e-07,-0.0008804244549711294
2.876e-07,0.0013305135450288707
2.877e-07,0.0009320755450288707
2.878e-07,-0.0006694874549711296
2.879e-07,-0.0005444874549711295
2.88e-07,0.0013305135450288707
2.881e-07,0.0028148885450288703
2.882e-07,0.0033305135450288708
2.883e-07,0.00336957554502887
2.884e-07,0.0033305135450288708
2.885e-07,0.0031586385450288706
2.886e-07,0.0033305135450288708
2.887e-07,0.0030961385450288706
2.888e-07,0.0013305135450288707
2.889e-07,-0.0015444874549711296
2.89e-07,-0.0026694869881681293
2.891e-07,-0.0007944874549711295
2.892e-07,0.0013305135450288707
2.893e-07,0.0010336385450288705
2.894e-07,-0.0006694874549711296
2.895e-07,-0.0012476124549711295
2.896e-07,-0.0006694874549711296
2.897e-07,-0.0003101114549711294
2.898e-07,-0.0006694874549711296
2.899e-07,-0.0009819874549711295
2.9e-07,-0.0006694874549711296
2.901e-07,0.00023676354502887064
2.902e-07,0.0013305135450288707
2.903e-07,0.0018070755450288706
2.904e-07,0.0013305135450288707
2.905e-07,0.00017426354502887058
2.906e-07,-0.0006694874549711296
2.907e-07,-0.0007944874549711295
2.908e-07,-0.0006694874549711296
2.909e-07,-0.0007163624549711295
2.91e-07,-0.0006694874549711296
2.911e-07,-0.00039604945497112966
2.912e-07,-0.0006694874549711296
2.913e-07,-0.0017554244549711296
2.914e-07,-0.0026694869881681293
2.915e-07,-0.0021147994549711295
2.916e-07,-0.0006694874549711296
2.917e-07,0.0006117635450288705
2.918e-07,0.0013305135450288707
2.919e-07,0.00156488854502887
2.92e-07,0.0013305135450288707
2.921e-07,0.0009555135450288704
2.922e-07,0.0013305135450288707
2.923e-07,0.00253363854502887
2.924e-07,0.0033305135450288708
2.925e-07,0.00258051354502887
2.926e-07,0.0013305135450288707
2.927e-07,0.0008148885450288703
2.928e-07,0.0013305135450288707
2.929e-07,0.0022523885450288707
2.93e-07,0.0033305135450288708
2.931e-07,0.003963325545028871
2.932e-07,0.0033305135450288708
2.933e-07,0.0012367635450288707
2.934e-07,-0.0006694874549711296
2.935e-07,-0.0010757374549711296
2.936e-07,-0.0006694874549711296
2.937e-07,-0.00047417445497112973
2.938e-07,-0.0006694874549711296
2.939e-07,-0.0007476124549711295
2.94e-07,-0.0006694874549711296
2.941e-07,-0.0006069874549711296
2.942e-07,-0.0006694874549711296
2.943e-07,-0.00019292445497112948
2.944e-07,0.0013305135450288707
2.945e-07,0.00319770054502887
2.946e-07,0.0033305135450288708
2.947e-07,0.0011273885450288706
2.948e-07,-0.0006694874549711296
2.949e-07,-6.792445497112937e-05
2.95e-07,0.0013305135450288707
2.951e-07,0.0014555135450288709
2.952e-07,0.0013305135450288707
2.953e-07,0.00229145054502887
2.954e-07,0.0033305135450288708
2.955e-07,0.0027523885450288703
2.956e-07,0.0013305135450288707
2.957e-07,0.0008070755450288705
2.958e-07,0.0013305135450288707
2.959e-07,0.0018070755450288706
2.96e-07,0.0013305135450288707
2.961e-07,0.00013520054502887038
2.962e-07,-0.0006694874549711296
2.963e-07,-8.354945497112938e-05
2.964e-07,0.0013305135450288707
2.965e-07,0.00261176354502887
2.966e-07,0.0033305135450288708
2.967e-07,0.00356488854502887
2.968e-07,0.0033305135450288708
2.969e-07,0.0028539505450288706
2.97e-07,0.0033305135450288708
2.971e-07,0.004658638545028871
2.972e-07,0.0053305135450288695
2.973e-07,0.00432270054502887
2.974e-07,0.0033305135450288708
2.975e-07,0.00350238854502887
2.976e-07,0.0033305135450288708
2.977e-07,0.0014789505450288703
2.978e-07,-0.0006694874549711296
2.979e-07,-0.0012085494549711295
2.98e-07,-0.0006694874549711296
2.981e-07,1.0200545028870266e-05
2.982e-07,0.0013305135450288707
2.983e-07,0.004119575545028871
2.984e-07,0.0073305135450288696
2.985e-07,0.00873676554502887
2.986e-07,0.0073305135450288696
2.987e-07,0.003963325545028871
2.988e-07,0.0013305135450288707
2.989e-07,0.0008227005450288706
2.99e-07,0.0013305135450288707
2.991e-07,0.0013461385450288708
2.992e-07,0.0013305135450288707
2.993e-07,0.00219770054502887
2.994e-07,0.0033305135450288708
2.995e-07,0.0036977005450288705
2.996e-07,0.0033305135450288708
2.997e-07,0.0031273885450288706
2.998e-07,0.0033305135450288708
2.999e-07,0.0034945755450288703
3e-07,0.0033305135450288708
3.001e-07,0.0029789505450288707
3.002e-07,0.0033305135450288708
3.003e-07,0.00444770054502887
3.004e-07,0.0053305135450288695
3.005e-07,0.004768013545028871
3.006e-07,0.0033305135450288708
3.007e-07,0.0020102005450288707
3.008e-07,0.0013305135450288707
3.009e-07,0.0011664505450288704
3.01e-07,0.0013305135450288707
3.011e-07,0.00156488854502887
3.012e-07,0.0013305135450288707
3.013e-07,0.0004008255450288706
3.014e-07,-0.0006694874549711296
3.015e-07,-0.0010054244549711296
3.016e-07,-0.0006694874549711296
3.017e-07,0.00017426354502887058
3.018e-07,0.0013305135450288707
3.019e-07,0.0021586385450288706
3.02e-07,0.0013305135450288707
3.021e-07,-0.0005601124549711295
3.022e-07,-0.0006694874549711296
3.023e-07,0.0018148885450288703
3.024e-07,0.0033305135450288708
3.025e-07,0.0014867635450288709
3.026e-07,-0.0006694874549711296
3.027e-07,0.0004008255450288706
3.028e-07,0.0033305135450288708
3.029e-07,0.00452582554502887
3.03e-07,0.0033305135450288708
3.031e-07,0.0016586385450288702
3.032e-07,0.0013305135450288707
3.033e-07,0.0022836385450288707
3.034e-07,0.0033305135450288708
3.035e-07,0.00353363854502887
3.036e-07,0.0033305135450288708
3.037e-07,0.003393013545028871
3.038e-07,0.0033305135450288708
3.039e-07,0.0024477005450288703
3.04e-07,0.0013305135450288707
3.041e-07,0.0009789505450288703
3.042e-07,0.0013305135450288707
3.043e-07,0.002088325545028871
3.044e-07,0.0033305135450288708
3.045e-07,0.00472895054502887
3.046e-07,0.0053305135450288695
3.047e-07,0.00455707554502887
3.048e-07,0.0033305135450288708
3.049e-07,0.0028773885450288704
3.05e-07,0.0033305135450288708
3.051e-07,0.0037758255450288706
3.052e-07,0.0033305135450288708
3.053e-07,0.0020648885450288705
3.054e-07,0.0013305135450288707
3.055e-07,0.0019711385450288704
3.056e-07,0.0033305135450288708
3.057e-07,0.00447895054502887
3.058e-07,0.0053305135450288695
3.059e-07,0.005838325545028869
3.06e-07,0.0053305135450288695
3.061e-07,0.003439888545028871
3.062e-07,0.0013305135450288707
3.063e-07,0.0005414505450288703
3.064e-07,0.0013305135450288707
3.065e-07,0.00265863854502887
3.066e-07,0.0033305135450288708
3.067e-07,0.00319770054502887
3.068e-07,0.0033305135450288708
3.069e-07,0.00428363854502887
3.07e-07,0.0053305135450288695
3.071e-07,0.005049263545028871
3.072e-07,0.0033305135450288708
3.073e-07,0.0014867635450288709
3.074e-07,0.0013305135450288707
3.075e-07,0.0027211385450288702
3.076e-07,0.0033305135450288708
3.077e-07,0.0017211385450288702
3.078e-07,-0.0006694874549711296
3.079e-07,-0.0014741744549711295
3.08e-07,-0.0006694874549711296
3.081e-07,0.0006039505450288704
3.082e-07,0.0013305135450288707
3.083e-07,0.0019789505450288707
3.084e-07,0.0033305135450288708
3.085e-07,0.004924263545028871
3.086e-07,0.0053305135450288695
3.087e-07,0.004088325545028871
3.088e-07,0.0033305135450288708
3.089e-07,0.00429145054502887
3.09e-07,0.0053305135450288695
3.091e-07,0.004088325545028871
3.092e-07,0.0013305135450288707
3.093e-07,-0.0006616744549711295
3.094e-07,-0.0006694874549711296
3.095e-07,0.0005336385450288705
3.096e-07,0.0013305135450288707
3.097e-07,0.0012523885450288707
3.098e-07,0.0013305135450288707
3.099e-07,0.0024164505450288702
3.1e-07,0.0033305135450288708
3.101e-07,0.0027914505450288706
3.102e-07,0.0013305135450288707
3.103e-07,0.00017426354502887058
3.104e-07,-0.0006694874549711296
3.105e-07,-0.0012241744549711295
3.106e-07,-0.0006694874549711296
3.107e-07,0.0013383255450288701
3.108e-07,0.0033305135450288708
3.109e-07,0.0038695755450288707
3.11e-07,0.0033305135450288708
3.111e-07,0.0029555135450288705
3.112e-07,0.0033305135450288708
3.113e-07,0.0038070755450288706
3.114e-07,0.0033305135450288708
3.115e-07,0.0019789505450288707
3.116e-07,0.0013305135450288707
3.117e-07,0.0021430135450288706
3.118e-07,0.0033305135450288708
3.119e-07,0.0034945755450288703
3.12e-07,0.0033305135450288708
3.121e-07,0.00400238854502887
3.122e-07,0.0053305135450288695
3.123e-07,0.00598676354502887
3.124e-07,0.0053305135450288695
3.125e-07,0.00348676354502887
3.126e-07,0.0013305135450288707
3.127e-07,-0.0002632364549711294
3.128e-07,-0.0006694874549711296
3.129e-07,6.488854502887048e-05
3.13e-07,0.0013305135450288707
3.131e-07,0.0025570755450288704
3.132e-07,0.0033305135450288708
3.133e-07,0.00361176354502887
3.134e-07,0.0033305135450288708
3.135e-07,0.0025570755450288704
3.136e-07,0.0013305135450288707
3.137e-07,3.363854502887046e-05
3.138e-07,-0.0006694874549711296
3.139e-07,-0.00018511145497112974
3.14e-07,0.0013305135450288707
3.141e-07,0.003424263545028871
3.142e-07,0.0053305135450288695
3.143e-07,0.00615082554502887
3.144e-07,0.0053305135450288695
3.145e-07,0.0031742635450288706
3.146e-07,0.0013305135450288707
3.147e-07,0.0013461385450288708
3.148e-07,0.0033305135450288708
3.149e-07,0.005853950545028869
3.15e-07,0.0073305135450288696
3.151e-07,0.00683832554502887
3.152e-07,0.0053305135450288695
3.153e-07,0.00395551354502887
3.154e-07,0.0033305135450288708
3.155e-07,0.00326020054502887
3.156e-07,0.0033305135450288708
3.157e-07,0.00336957554502887
3.158e-07,0.0033305135450288708
3.159e-07,0.00324457554502887
3.16e-07,0.0033305135450288708
3.161e-07,0.00348676354502887
3.162e-07,0.0033305135450288708
3.163e-07,0.0031117635450288706
3.164e-07,0.0033305135450288708
3.165e-07,0.00428363854502887
3.166e-07,0.0053305135450288695
3.167e-07,0.005174263545028869
3.168e-07,0.0033305135450288708
3.169e-07,0.00124457554502887
3.17e-07,0.0013305135450288707
3.171e-07,0.00421332554502887
3.172e-07,0.0073305135450288696
3.173e-07,0.007650825545028869
3.174e-07,0.0053305135450288695
3.175e-07,0.0030336385450288705
3.176e-07,0.0033305135450288708
3.177e-07,0.00576801354502887
3.178e-07,0.0073305135450288696
3.179e-07,0.0059789505450288695
3.18e-07,0.0033305135450288708
3.181e-07,0.00219770054502887
3.182e-07,0.0033305135450288708
3.183e-07,0.005111763545028871
3.184e-07,0.0053305135450288695
3.185e-07,0.004057075545028871
3.186e-07,0.0033305135450288708
3.187e-07,0.00425238854502887
3.188e-07,0.0053305135450288695
3.189e-07,0.0052133255450288706
3.19e-07,0.0053305135450288695
3.191e-07,0.007158638545028869
3.192e-07,0.00933051554502887
3.193e-07,0.00934613554502887
3.194e-07,0.0073305135450288696
3.195e-07,0.004924263545028871
3.196e-07,0.0033305135450288708
3.197e-07,0.0027914505450288706
3.198e-07,0.0033305135450288708
3.199e-07,0.00440082554502887
3.2e-07,0.0053305135450288695
3.201e-07,0.00606488854502887
3.202e-07,0.0073305135450288696
3.203e-07,0.00897113554502887
3.204e-07,0.00933051554502887
3.205e-07,0.0071508255450288705
3.206e-07,0.0033305135450288708
3.207e-07,0.0001508255450288704
3.208e-07,-0.0006694874549711296
3.209e-07,0.0009477005450288707
3.21e-07,0.0033305135450288708
3.211e-07,0.005369575545028871
3.212e-07,0.0073305135450288696
3.213e-07,0.00906488554502887
3.214e-07,0.00933051554502887
3.215e-07,0.0074711355450288695
3.216e-07,0.0053305135450288695
3.217e-07,0.00477582554502887
3.218e-07,0.0053305135450288695
3.219e-07,0.004986763545028871
3.22e-07,0.0033305135450288708
3.221e-07,0.00156488854502887
3.222e-07,0.0013305135450288707
3.223e-07,0.0031117635450288706
3.224e-07,0.0053305135450288695
3.225e-07,0.00627582554502887
3.226e-07,0.0053305135450288695
3.227e-07,0.0038305135450288704
3.228e-07,0.0033305135450288708
3.229e-07,0.00425238854502887
3.23e-07,0.0053305135450288695
3.231e-07,0.005541450545028871
3.232e-07,0.0053305135450288695
3.233e-07,0.005807075545028869
3.234e-07,0.0073305135450288696
3.235e-07,0.00887738554502887
3.236e-07,0.00933051554502887
3.237e-07,0.00840863554502887
3.238e-07,0.0073305135450288696
3.239e-07,0.00701020054502887
3.24e-07,0.0073305135450288696
3.241e-07,0.00742426554502887
3.242e-07,0.0073305135450288696
3.243e-07,0.007291450545028871
3.244e-07,0.0073305135450288696
3.245e-07,0.0072367635450288695
3.246e-07,0.0073305135450288696
3.247e-07,0.00759613554502887
3.248e-07,0.0073305135450288696
3.249e-07,0.00625238854502887
3.25e-07,0.0053305135450288695
3.251e-07,0.0053148885450288695
3.252e-07,0.0053305135450288695
3.253e-07,0.004971138545028871
3.254e-07,0.0053305135450288695
3.255e-07,0.00677582554502887
3.256e-07,0.0073305135450288696
3.257e-07,0.00608051354502887
3.258e-07,0.0053305135450288695
3.259e-07,0.007080513545028869
3.26e-07,0.00933051554502887
3.261e-07,0.00925238554502887
3.262e-07,0.0073305135450288696
3.263e-07,0.00565863854502887
3.264e-07,0.0053305135450288695
3.265e-07,0.0060414505450288696
3.266e-07,0.0073305135450288696
3.267e-07,0.00868207554502887
3.268e-07,0.00933051554502887
3.269e-07,0.00872113554502887
3.27e-07,0.0073305135450288696
3.271e-07,0.0059320755450288695
3.272e-07,0.0053305135450288695
3.273e-07,0.00597113854502887
3.274e-07,0.0073305135450288696
3.275e-07,0.00864301554502887
3.276e-07,0.00933051554502887
3.277e-07,0.00891645554502887
3.278e-07,0.0073305135450288696
3.279e-07,0.00553363854502887
3.28e-07,0.0053305135450288695
3.281e-07,0.007260200545028871
3.282e-07,0.00933051554502887
3.283e-07,0.00976020554502887
3.284e-07,0.00933051554502887
3.285e-07,0.00930707554502887
3.286e-07,0.00933051554502887
3.287e-07,0.00848676554502887
3.288e-07,0.0073305135450288696
3.289e-07,0.00694770054502887
3.29e-07,0.0073305135450288696
3.291e-07,0.00808832554502887
3.292e-07,0.00933051554502887
3.293e-07,0.01079145554502887
3.294e-07,0.01133051554502887
3.295e-07,0.01040082554502887
3.296e-07,0.00933051554502887
3.297e-07,0.00920551554502887
3.298e-07,0.00933051554502887
3.299e-07,0.00908832554502887
3.3e-07,0.00933051554502887
3.301e-07,0.01056488554502887
3.302e-07,0.01133051554502887
3.303e-07,0.01041645554502887
3.304e-07,0.00933051554502887
3.305e-07,0.00984613554502887
3.306e-07,0.01133051554502887
3.307e-07,0.01240863554502887
3.308e-07,0.01333051554502887
3.309e-07,0.01404145554502887
3.31e-07,0.01333051554502887
3.311e-07,0.01091645554502887
3.312e-07,0.00933051554502887
3.313e-07,0.01014301554502887
3.314e-07,0.01133051554502887
3.315e-07,0.01072895554502887
3.316e-07,0.00933051554502887
3.317e-07,0.00944770554502887
3.318e-07,0.01133051554502887
3.319e-07,0.01319770554502887
3.32e-07,0.01333051554502887
3.321e-07,0.01204145554502887
3.322e-07,0.01133051554502887
3.323e-07,0.01223676554502887
3.324e-07,0.01333051554502887
3.325e-07,0.01281488554502887
3.326e-07,0.01133051554502887
3.327e-07,0.01061957554502887
3.328e-07,0.01133051554502887
3.329e-07,0.01249457554502887
3.33e-07,0.01333051554502887
3.331e-07,0.01351801554502887
3.332e-07,0.01333051554502887
3.333e-07,0.013221135545028871
3.334e-07,0.01333051554502887
3.335e-07,0.012971135545028871
3.336e-07,0.01133051554502887
3.337e-07,0.00886176554502887
3.338e-07,0.0073305135450288696
3.339e-07,0.00836957554502887
3.34e-07,0.01133051554502887
3.341e-07,0.014236765545028871
3.342e-07,0.015330515545028869
3.343e-07,0.014549265545028871
3.344e-07,0.01333051554502887
3.345e-07,0.01289301554502887
3.346e-07,0.01333051554502887
3.347e-07,0.01370551554502887
3.348e-07,0.01333051554502887
3.349e-07,0.01265863554502887
3.35e-07,0.01333051554502887
3.351e-07,0.01500238554502887
3.352e-07,0.015330515545028869
3.353e-07,0.01323676554502887
3.354e-07,0.01133051554502887
3.355e-07,0.01199457554502887
3.356e-07,0.01333051554502887
3.357e-07,0.01284613554502887
3.358e-07,0.01133051554502887
3.359e-07,0.01086176554502887
3.36e-07,0.01133051554502887
3.361e-07,0.01203363554502887
3.362e-07,0.01333051554502887
3.363e-07,0.01553363554502887
3.364e-07,0.01733051554502887
3.365e-07,0.01715082554502887
3.366e-07,0.015330515545028869
3.367e-07,0.013525825545028871
3.368e-07,0.01333051554502887
3.369e-07,0.014471135545028869
3.37e-07,0.015330515545028869
3.371e-07,0.014580515545028871
3.372e-07,0.01333051554502887
3.373e-07,0.01342426554502887
3.374e-07,0.015330515545028869
3.375e-07,0.01739301554502887
3.376e-07,0.01733051554502887
3.377e-07,0.014674265545028872
3.378e-07,0.01133051554502887
3.379e-07,0.00997113554502887
3.38e-07,0.01133051554502887
3.381e-07,0.013877385545028872
3.382e-07,0.015330515545028869
3.383e-07,0.015174265545028869
3.384e-07,0.015330515545028869
3.385e-07,0.01713520554502887
3.386e-07,0.01933051554502887
3.387e-07,0.01955707554502887
3.388e-07,0.01733051554502887
3.389e-07,0.01397895554502887
3.39e-07,0.01133051554502887
3.391e-07,0.01042426554502887
3.392e-07,0.01133051554502887
3.393e-07,0.013346135545028871
3.394e-07,0.015330515545028869
3.395e-07,0.01666645554502887
3.396e-07,0.01733051554502887
3.397e-07,0.01753363554502887
3.398e-07,0.01733051554502887
3.399e-07,0.01660395554502887
3.4e-07,0.015330515545028869
3.401e-07,0.013908635545028868
3.402e-07,0.01333051554502887
3.403e-07,0.01394770554502887
3.404e-07,0.015330515545028869
3.405e-07,0.01656488554502887
3.406e-07,0.01733051554502887
3.407e-07,0.01755707554502887
3.408e-07,0.01733051554502887
3.409e-07,0.01651801554502887
3.41e-07,0.015330515545028869
3.411e-07,0.014127385545028869
3.412e-07,0.01333051554502887
3.413e-07,0.013096135545028871
3.414e-07,0.01333051554502887
3.415e-07,0.013564885545028871
3.416e-07,0.01333051554502887
3.417e-07,0.01292426554502887
3.418e-07,0.01333051554502887
3.419e-07,0.014603955545028871
3.42e-07,0.015330515545028869
3.421e-07,0.014486765545028871
3.422e-07,0.01333051554502887
3.423e-07,0.01311957554502887
3.424e-07,0.01333051554502887
3.425e-07,0.01268207554502887
3.426e-07,0.01133051554502887
3.427e-07,0.01013520554502887
3.428e-07,0.00933051554502887
3.429e-07,0.00897113554502887
3.43e-07,0.00933051554502887
3.431e-07,0.01047895554502887
3.432e-07,0.01133051554502887
3.433e-07,0.01136176554502887
3.434e-07,0.01133051554502887
3.435e-07,0.01164301554502887
3.436e-07,0.01133051554502887
3.437e-07,0.00997895554502887
3.438e-07,0.00933051554502887
3.439e-07,0.01036957554502887
3.44e-07,0.01133051554502887
3.441e-07,0.01048676554502887
3.442e-07,0.00933051554502887
3.443e-07,0.00929145554502887
3.444e-07,0.00933051554502887
3.445e-07,0.00817426554502887
3.446e-07,0.0073305135450288696
3.447e-07,0.00813520554502887
3.448e-07,0.00933051554502887
3.449e-07,0.00891645554502887
3.45e-07,0.0073305135450288696
3.451e-07,0.00600238854502887
3.452e-07,0.0053305135450288695
3.453e-07,0.004643013545028871
3.454e-07,0.0033305135450288708
3.455e-07,0.0018930135450288704
3.456e-07,0.0013305135450288707
3.457e-07,0.00219770054502887
3.458e-07,0.0033305135450288708
3.459e-07,0.0036742635450288702
3.46e-07,0.0033305135450288708
3.461e-07,0.0031273885450288706
3.462e-07,0.0033305135450288708
3.463e-07,0.00351801354502887
3.464e-07,0.0033305135450288708
3.465e-07,0.0030102005450288708
3.466e-07,0.0033305135450288708
3.467e-07,0.00392426354502887
3.468e-07,0.0033305135450288708
3.469e-07,0.0010180135450288705
3.47e-07,-0.0006694874549711296
3.471e-07,-6.792445497112937e-05
3.472e-07,0.0013305135450288707
3.473e-07,0.00153363854502887
3.474e-07,0.0013305135450288707
3.475e-07,0.0016430135450288702
3.476e-07,0.0013305135450288707
3.477e-07,-0.0007163624549711295
3.478e-07,-0.0026694869881681293
3.479e-07,-0.0028726119549711297
3.48e-07,-0.0026694869881681293
3.481e-07,-0.0035601119549711294
3.482e-07,-0.00466948745497113
3.483e-07,-0.004747612454971129
3.484e-07,-0.00466948745497113
3.485e-07,-0.0055835494549711295
3.486e-07,-0.00666948745497113
3.487e-07,-0.006349174454971129
3.488e-07,-0.00466948745497113
3.489e-07,-0.0030444869549711294
3.49e-07,-0.0026694869881681293
3.491e-07,-0.004083549454971129
3.492e-07,-0.00666948745497113
3.493e-07,-0.00930229945497113
3.494e-07,-0.01066948745497113
3.495e-07,-0.01076323745497113
3.496e-07,-0.01066948745497113
3.497e-07,-0.01091167445497113
3.498e-07,-0.01066948745497113
3.499e-07,-0.00945854945497113
3.5e-07,-0.00866948745497113
3.501e-07,-0.00981011245497113
3.502e-07,-0.01266948445497113
3.503e-07,-0.01535698445497113
3.504e-07,-0.01666948445497113
3.505e-07,-0.01621636445497113
3.506e-07,-0.01466948445497113
3.507e-07,-0.01313823445497113
3.508e-07,-0.01266948445497113
3.509e-07,-0.01297417445497113
3.51e-07,-0.01266948445497113
3.511e-07,-0.01140386245497113
3.512e-07,-0.01066948745497113
3.513e-07,-0.01202104945497113
3.514e-07,-0.01466948445497113
3.515e-07,-0.016630424454971128
3.516e-07,-0.01666948445497113
3.517e-07,-0.01546636445497113
3.518e-07,-0.01466948445497113
3.519e-07,-0.01527105445497113
3.52e-07,-0.01666948445497113
3.521e-07,-0.017364804454971128
3.522e-07,-0.01666948445497113
3.523e-07,-0.01523980445497113
3.524e-07,-0.01466948445497113
3.525e-07,-0.01551323445497113
3.526e-07,-0.01666948445497113
3.527e-07,-0.016997614454971128
3.528e-07,-0.01666948445497113
3.529e-07,-0.01657573445497113
3.53e-07,-0.01666948445497113
3.531e-07,-0.016661674454971128
3.532e-07,-0.01666948445497113
3.533e-07,-0.016849174454971128
3.534e-07,-0.01666948445497113
3.535e-07,-0.01623980445497113
3.536e-07,-0.01666948445497113
3.537e-07,-0.01858355445497113
3.538e-07,-0.02066948445497113
3.539e-07,-0.02131011445497113
3.54e-07,-0.02066948445497113
3.541e-07,-0.01959917445497113
3.542e-07,-0.01866948445497113
3.543e-07,-0.01819292445497113
3.544e-07,-0.01866948445497113
3.545e-07,-0.01991948445497113
3.546e-07,-0.02066948445497113
3.547e-07,-0.01998980445497113
3.548e-07,-0.01866948445497113
3.549e-07,-0.01810698445497113
3.55e-07,-0.01866948445497113
3.551e-07,-0.01983355445497113
3.552e-07,-0.02066948445497113
3.553e-07,-0.02087261445497113
3.554e-07,-0.02066948445497113
3.555e-07,-0.02054448445497113
3.556e-07,-0.02066948445497113
3.557e-07,-0.02083355445497113
3.558e-07,-0.02066948445497113
3.559e-07,-0.02036480445497113
3.56e-07,-0.02066948445497113
3.561e-07,-0.02174761445497113
3.562e-07,-0.02266948445497113
3.563e-07,-0.02271636445497113
3.564e-07,-0.02266948445497113
3.565e-07,-0.02295073445497113
3.566e-07,-0.02266948445497113
3.567e-07,-0.02135698445497113
3.568e-07,-0.02066948445497113
3.569e-07,-0.02163823445497113
3.57e-07,-0.02266948445497113
3.571e-07,-0.02206792445497113
3.572e-07,-0.02066948445497113
3.573e-07,-0.02023198445497113
3.574e-07,-0.02066948445497113
3.575e-07,-0.02102105445497113
3.576e-07,-0.02066948445497113
3.577e-07,-0.02024761445497113
3.578e-07,-0.02066948445497113
3.579e-07,-0.02191167445497113
3.58e-07,-0.02266948445497113
3.581e-07,-0.02246636445497113
3.582e-07,-0.02266948445497113
3.583e-07,-0.02398980445497113
3.584e-07,-0.02466948445497113
3.585e-07,-0.02300542445497113
3.586e-07,-0.02066948445497113
3.587e-07,-0.01991948445497113
3.588e-07,-0.02066948445497113
3.589e-07,-0.02166948445497113
3.59e-07,-0.02266948445497113
3.591e-07,-0.02338823445497113
3.592e-07,-0.02266948445497113
3.593e-07,-0.02038042445497113
3.594e-07,-0.01866948445497113
3.595e-07,-0.01920855445497113
3.596e-07,-0.02066948445497113
3.597e-07,-0.02116167445497113
3.598e-07,-0.02066948445497113
3.599e-07,-0.02034917445497113
3.6e-07,-0.02066948445497113
3.601e-07,-0.02102105445497113
3.602e-07,-0.02066948445497113
3.603e-07,-0.01960698445497113
3.604e-07,-0.01866948445497113
3.605e-07,-0.01847417445497113
3.606e-07,-0.01866948445497113
3.607e-07,-0.01867730445497113
3.608e-07,-0.01866948445497113
3.609e-07,-0.01887261445497113
3.61e-07,-0.01866948445497113
3.611e-07,-0.01766948445497113
3.612e-07,-0.01666948445497113
3.613e-07,-0.016442924454971128
3.614e-07,-0.01666948445497113
3.615e-07,-0.016786674454971128
3.616e-07,-0.01666948445497113
3.617e-07,-0.016630424454971128
3.618e-07,-0.01666948445497113
3.619e-07,-0.016231984454971128
3.62e-07,-0.01466948445497113
3.621e-07,-0.01287261445497113
3.622e-07,-0.01266948445497113
3.623e-07,-0.01471636445497113
3.624e-07,-0.01666948445497113
3.625e-07,-0.016356984454971128
3.626e-07,-0.01466948445497113
3.627e-07,-0.01387261445497113
3.628e-07,-0.01466948445497113
3.629e-07,-0.016067924454971128
3.63e-07,-0.01666948445497113
3.631e-07,-0.01596636445497113
3.632e-07,-0.01466948445497113
3.633e-07,-0.01351323445497113
3.634e-07,-0.01266948445497113
3.635e-07,-0.01227104945497113
3.636e-07,-0.01266948445497113
3.637e-07,-0.01388042445497113
3.638e-07,-0.01466948445497113
3.639e-07,-0.01406792445497113
3.64e-07,-0.01266948445497113
3.641e-07,-0.01202104945497113
3.642e-07,-0.01266948445497113
3.643e-07,-0.01396636445497113
3.644e-07,-0.01466948445497113
3.645e-07,-0.01410698445497113
3.646e-07,-0.01266948445497113
3.647e-07,-0.01174761245497113
3.648e-07,-0.01266948445497113
3.649e-07,-0.01456011445497113
3.65e-07,-0.01466948445497113
3.651e-07,-0.01224761245497113
3.652e-07,-0.01066948745497113
3.653e-07,-0.01227104945497113
3.654e-07,-0.01466948445497113
3.655e-07,-0.01458355445497113
3.656e-07,-0.01266948445497113
3.657e-07,-0.01130229945497113
3.658e-07,-0.01066948745497113
3.659e-07,-0.009755424454971129
3.66e-07,-0.00866948745497113
3.661e-07,-0.00837261245497113
3.662e-07,-0.00866948745497113
3.663e-07,-0.00942729945497113
3.664e-07,-0.01066948745497113
3.665e-07,-0.01213823745497113
3.666e-07,-0.01266948445497113
3.667e-07,-0.01185698745497113
3.668e-07,-0.01066948745497113
3.669e-07,-0.01031792445497113
3.67e-07,-0.01066948745497113
3.671e-07,-0.01088823745497113
3.672e-07,-0.01066948745497113
3.673e-07,-0.01036479945497113
3.674e-07,-0.01066948745497113
3.675e-07,-0.01163042445497113
3.676e-07,-0.01266948445497113
3.677e-07,-0.01306792445497113
3.678e-07,-0.01266948445497113
3.679e-07,-0.01178667445497113
3.68e-07,-0.01066948745497113
3.681e-07,-0.00952104945497113
3.682e-07,-0.00866948745497113
3.683e-07,-0.00844292445497113
3.684e-07,-0.00866948745497113
3.685e-07,-0.009325737454971129
3.686e-07,-0.01066948745497113
3.687e-07,-0.01226323745497113
3.688e-07,-0.01266948445497113
3.689e-07,-0.01157573745497113
3.69e-07,-0.01066948745497113
3.691e-07,-0.01094292445497113
3.692e-07,-0.01066948745497113
3.693e-07,-0.00853667445497113
3.694e-07,-0.00666948745497113
3.695e-07,-0.00719292445497113
3.696e-07,-0.00866948745497113
3.697e-07,-0.00950542445497113
3.698e-07,-0.01066948745497113
3.699e-07,-0.01259917445497113
3.7e-07,-0.01266948445497113
3.701e-07,-0.00957573745497113
3.702e-07,-0.00666948745497113
3.703e-07,-0.007450737454971129
3.704e-07,-0.01066948745497113
3.705e-07,-0.01232573745497113
3.706e-07,-0.01066948745497113
3.707e-07,-0.007591362454971129
3.708e-07,-0.00666948745497113
3.709e-07,-0.00884917445497113
3.71e-07,-0.01066948745497113
3.711e-07,-0.00936479945497113
3.712e-07,-0.00666948745497113
3.713e-07,-0.005794487454971129
3.714e-07,-0.00666948745497113
3.715e-07,-0.007677299454971129
3.716e-07,-0.00866948745497113
3.717e-07,-0.010036674454971129
3.718e-07,-0.01066948745497113
3.719e-07,-0.009739799454971129
3.72e-07,-0.00866948745497113
3.721e-07,-0.00866167445497113
3.722e-07,-0.00866948745497113
3.723e-07,-0.007685112454971129
3.724e-07,-0.00666948745497113
3.725e-07,-0.00667729945497113
3.726e-07,-0.00666948745497113
3.727e-07,-0.00615386245497113
3.728e-07,-0.00666948745497113
3.729e-07,-0.008997612454971129
3.73e-07,-0.01066948745497113
3.731e-07,-0.00993511245497113
3.732e-07,-0.00866948745497113
3.733e-07,-0.00922417445497113
3.734e-07,-0.01066948745497113
3.735e-07,-0.01052886245497113
3.736e-07,-0.00866948745497113
3.737e-07,-0.00688042445497113
3.738e-07,-0.00666948745497113
3.739e-07,-0.00823979945497113
3.74e-07,-0.01066948745497113
3.741e-07,-0.01199761245497113
3.742e-07,-0.01066948745497113
3.743e-07,-0.007708549454971129
3.744e-07,-0.00666948745497113
3.745e-07,-0.008856987454971129
3.746e-07,-0.01066948745497113
3.747e-07,-0.00923979945497113
3.748e-07,-0.00666948745497113
3.749e-07,-0.00607573745497113
3.75e-07,-0.00666948745497113
3.751e-07,-0.0065991744549711295
3.752e-07,-0.00666948745497113
3.753e-07,-0.00847417445497113
3.754e-07,-0.01066948745497113
3.755e-07,-0.011294487454971129
3.756e-07,-0.01066948745497113
3.757e-07,-0.00979448745497113
3.758e-07,-0.00866948745497113
3.759e-07,-0.00731792445497113
3.76e-07,-0.00666948745497113
3.761e-07,-0.00744292445497113
3.762e-07,-0.00866948745497113
3.763e-07,-0.009075737454971129
3.764e-07,-0.00866948745497113
3.765e-07,-0.00831792445497113
3.766e-07,-0.00866948745497113
3.767e-07,-0.00966948745497113
3.768e-07,-0.01066948745497113
3.769e-07,-0.01099761245497113
3.77e-07,-0.01066948745497113
3.771e-07,-0.00982573745497113
3.772e-07,-0.00866948745497113
3.773e-07,-0.007435112454971129
3.774e-07,-0.00666948745497113
3.775e-07,-0.00660698745497113
3.776e-07,-0.00666948745497113
3.777e-07,-0.00659136245497113
3.778e-07,-0.00666948745497113
3.779e-07,-0.007466362454971129
3.78e-07,-0.00866948745497113
3.781e-07,-0.00938042445497113
3.782e-07,-0.00866948745497113
3.783e-07,-0.00711479945497113
3.784e-07,-0.00666948745497113
3.785e-07,-0.007880424454971129
3.786e-07,-0.00866948745497113
3.787e-07,-0.007638237454971129
3.788e-07,-0.00666948745497113
3.789e-07,-0.007513237454971129
3.79e-07,-0.00866948745497113
3.791e-07,-0.00807573745497113
3.792e-07,-0.00666948745497113
3.793e-07,-0.00627886245497113
3.794e-07,-0.00666948745497113
3.795e-07,-0.00678667445497113
3.796e-07,-0.00666948745497113
3.797e-07,-0.00675542445497113
3.798e-07,-0.00666948745497113
3.799e-07,-0.0059038624549711295
3.8e-07,-0.00466948745497113
3.801e-07,-0.0039663624549711295
3.802e-07,-0.00466948745497113
3.803e-07,-0.006271049454971129
3.804e-07,-0.00666948745497113
3.805e-07,-0.005380424454971129
3.806e-07,-0.00466948745497113
3.807e-07,-0.0058726124549711295
3.808e-07,-0.00666948745497113
3.809e-07,-0.00503667445497113
3.81e-07,-0.0026694869881681293
3.811e-07,-0.0025991744849711293
3.812e-07,-0.00466948745497113
3.813e-07,-0.0065522994549711295
3.814e-07,-0.00666948745497113
3.815e-07,-0.005474174454971129
3.816e-07,-0.00466948745497113
3.817e-07,-0.005341362454971129
3.818e-07,-0.00666948745497113
3.819e-07,-0.00727104945497113
3.82e-07,-0.00666948745497113
3.821e-07,-0.0055210494549711294
3.822e-07,-0.00466948745497113
3.823e-07,-0.00440386245497113
3.824e-07,-0.00466948745497113
3.825e-07,-0.005442924454971129
3.826e-07,-0.00666948745497113
3.827e-07,-0.008021049454971129
3.828e-07,-0.00866948745497113
3.829e-07,-0.008021049454971129
3.83e-07,-0.00666948745497113
3.831e-07,-0.005442924454971129
3.832e-07,-0.00466948745497113
3.833e-07,-0.004364799454971129
3.834e-07,-0.00466948745497113
3.835e-07,-0.0055991744549711295
3.836e-07,-0.00666948745497113
3.837e-07,-0.007138237454971129
3.838e-07,-0.00666948745497113
3.839e-07,-0.0055835494549711295
3.84e-07,-0.00466948745497113
3.841e-07,-0.004474174454971129
3.842e-07,-0.00466948745497113
3.843e-07,-0.004763237454971129
3.844e-07,-0.00466948745497113
3.845e-07,-0.0045991744549711295
3.846e-07,-0.00466948745497113
3.847e-07,-0.00481792445497113
3.848e-07,-0.00466948745497113
3.849e-07,-0.00446636245497113
3.85e-07,-0.00466948745497113
3.851e-07,-0.00515386245497113
3.852e-07,-0.00466948745497113
3.853e-07,-0.0031616744549711295
3.854e-07,-0.0026694869881681293
3.855e-07,-0.004474174454971129
3.856e-07,-0.00666948745497113
3.857e-07,-0.00711479945497113
3.858e-07,-0.00666948745497113
3.859e-07,-0.00670854945497113
3.86e-07,-0.00666948745497113
3.861e-07,-0.0056304244549711295
3.862e-07,-0.00466948745497113
3.863e-07,-0.00469292445497113
3.864e-07,-0.00466948745497113
3.865e-07,-0.0035601119549711294
3.866e-07,-0.0026694869881681293
3.867e-07,-0.0033804244549711293
3.868e-07,-0.00466948745497113
3.869e-07,-0.00509917445497113
3.87e-07,-0.00466948745497113
3.871e-07,-0.00398979945497113
3.872e-07,-0.0026694869881681293
3.873e-07,-0.0010366744549711296
3.874e-07,-0.0006694874549711296
3.875e-07,-0.0025210494549711294
3.876e-07,-0.00466948745497113
3.877e-07,-0.005231987454971129
3.878e-07,-0.00466948745497113
3.879e-07,-0.004427299454971129
3.88e-07,-0.00466948745497113
3.881e-07,-0.00475542445497113
3.882e-07,-0.00466948745497113
3.883e-07,-0.004716362454971129
3.884e-07,-0.00466948745497113
3.885e-07,-0.00443511245497113
3.886e-07,-0.00466948745497113
3.887e-07,-0.00519292445497113
3.888e-07,-0.00466948745497113
3.889e-07,-0.0030757369549711294
3.89e-07,-0.0026694869881681293
3.891e-07,-0.00463823745497113
3.892e-07,-0.00666948745497113
3.893e-07,-0.006349174454971129
3.894e-07,-0.00466948745497113
3.895e-07,-0.00398979945497113
3.896e-07,-0.00466948745497113
3.897e-07,-0.00523979945497113
3.898e-07,-0.00466948745497113
3.899e-07,-0.0034038619549711293
3.9e-07,-0.0026694869881681293
3.901e-07,-0.0032710494549711296
3.902e-07,-0.00466948745497113
3.903e-07,-0.005396049454971129
3.904e-07,-0.00466948745497113
3.905e-07,-0.0032632369549711296
3.906e-07,-0.0026694869881681293
3.907e-07,-0.0035132369549711294
3.908e-07,-0.00466948745497113
3.909e-07,-0.004521049454971129
3.91e-07,-0.0026694869881681293
3.911e-07,-0.0006772994549711295
3.912e-07,-0.0006694874549711296
3.913e-07,-0.0028726119549711297
3.914e-07,-0.00466948745497113
3.915e-07,-0.004192924454971129
3.916e-07,-0.0026694869881681293
3.917e-07,-0.0021851119549711295
3.918e-07,-0.0026694869881681293
3.919e-07,-0.0029116744549711297
3.92e-07,-0.0026694869881681293
3.921e-07,-0.0025601119549711294
3.922e-07,-0.0026694869881681293
3.923e-07,-0.0027085494849711294
3.924e-07,-0.0026694869881681293
3.925e-07,-0.0026382369849711294
3.926e-07,-0.0026694869881681293
3.927e-07,-0.0027476119849711295
3.928e-07,-0.0026694869881681293
3.929e-07,-0.0025132369549711294
3.93e-07,-0.0026694869881681293
3.931e-07,-0.0030679244549711294
3.932e-07,-0.0026694869881681293
3.933e-07,-0.0014272994549711295
3.934e-07,-0.0006694874549711296
3.935e-07,-0.0014819874549711295
3.936e-07,-0.0026694869881681293
3.937e-07,-0.0029585494549711298
3.938e-07,-0.0026694869881681293
3.939e-07,-0.0031147994549711295
3.94e-07,-0.00466948745497113
3.941e-07,-0.006302299454971129
3.942e-07,-0.00666948745497113
3.943e-07,-0.005528862454971129
3.944e-07,-0.00466948745497113
3.945e-07,-0.00483354945497113
3.946e-07,-0.00466948745497113
3.947e-07,-0.0032788619549711296
3.948e-07,-0.0026694869881681293
3.949e-07,-0.0038882374549711295
3.95e-07,-0.00466948745497113
3.951e-07,-0.0029116744549711297
3.952e-07,-0.0006694874549711296
3.953e-07,-0.0008257374549711296
3.954e-07,-0.0026694869881681293
3.955e-07,-0.0036616744549711295
3.956e-07,-0.0026694869881681293
3.957e-07,-0.0005522994549711294
3.958e-07,0.0013305135450288707
3.959e-07,0.0019633255450288707
3.96e-07,0.0013305135450288707
3.961e-07,1.0200545028870266e-05
3.962e-07,-0.0006694874549711296
3.963e-07,-0.0006226124549711296
3.964e-07,-0.0006694874549711296
3.965e-07,-0.0010679244549711296
3.966e-07,-0.0006694874549711296
3.967e-07,0.0007211385450288706
3.968e-07,0.0013305135450288707
3.969e-07,-0.0002788614549711294
3.97e-07,-0.0026694869881681293
3.971e-07,-0.0035444869549711294
3.972e-07,-0.0026694869881681293
3.973e-07,-0.0013101124549711296
3.974e-07,-0.0006694874549711296
3.975e-07,-0.0007163624549711295
3.976e-07,-0.0006694874549711296
3.977e-07,-0.00036479945497112963
3.978e-07,-0.0006694874549711296
3.979e-07,-0.0018726119549711297
3.98e-07,-0.0026694869881681293
3.981e-07,-0.00201323695497113
3.982e-07,-0.0006694874549711296
3.983e-07,-0.00023198645497112935
3.984e-07,-0.0006694874549711296
3.985e-07,-0.0010054244549711296
3.986e-07,-0.0006694874549711296
3.987e-07,-0.00016948645497112972
3.988e-07,-0.0006694874549711296
3.989e-07,-0.0024741744549711293
3.99e-07,-0.00466948745497113
3.991e-07,-0.0055835494549711295
3.992e-07,-0.00466948745497113
3.993e-07,-0.0025444869549711294
3.994e-07,-0.0006694874549711296
3.995e-07,0.0004398885450288704
3.996e-07,0.0013305135450288707
3.997e-07,0.002471138545028871
3.998e-07,0.0033305135450288708
3.999e-07,0.0029242635450288704
4e-07,0.0013305135450288707
4.001e-07,-0.00034136145497112944
4.002e-07,-0.0006694874549711296
4.003e-07,0.00030707554502887053
4.004e-07,0.0013305135450288707
4.005e-07,0.0013773885450288708
4.006e-07,0.0013305135450288707
4.007e-07,0.002119575545028871
4.008e-07,0.0033305135450288708
4.009e-07,0.0037602005450288706
4.01e-07,0.0033305135450288708
4.011e-07,0.0024477005450288703
4.012e-07,0.0013305135450288707
4.013e-07,0.00011957554502887036
4.014e-07,-0.0006694874549711296
4.015e-07,-0.0007476124549711295
4.016e-07,-0.0006694874549711296
4.017e-07,-0.0007163624549711295
4.018e-07,-0.0006694874549711296
4.019e-07,4.926354502887047e-05
4.02e-07,0.0013305135450288707
4.021e-07,0.0026039505450288704
4.022e-07,0.0033305135450288708
4.023e-07,0.0034320755450288703
4.024e-07,0.0033305135450288708
4.025e-07,0.0032836385450288707
4.026e-07,0.0033305135450288708
4.027e-07,0.0028461385450288704
4.028e-07,0.0013305135450288707
4.029e-07,-0.0005366744549711294
4.03e-07,-0.0006694874549711296
4.031e-07,0.0014164505450288702
4.032e-07,0.0033305135450288708
4.033e-07,0.0034008255450288702
4.034e-07,0.0033305135450288708
4.035e-07,0.00455707554502887
4.036e-07,0.0053305135450288695
4.037e-07,0.0037211385450288703
4.038e-07,0.0013305135450288707
4.039e-07,0.0006195755450288704
4.04e-07,0.0013305135450288707
4.041e-07,0.0017602005450288705
4.042e-07,0.0013305135450288707
4.043e-07,0.0009242635450288704
4.044e-07,0.0013305135450288707
4.045e-07,0.0024789505450288703
4.046e-07,0.0033305135450288708
4.047e-07,0.00333832554502887
4.048e-07,0.0033305135450288708
4.049e-07,0.00419770054502887
4.05e-07,0.0053305135450288695
4.051e-07,0.00564301354502887
4.052e-07,0.0053305135450288695
4.053e-07,0.00465082554502887
4.054e-07,0.0033305135450288708
4.055e-07,0.0016508255450288704
4.056e-07,0.0013305135450288707
4.057e-07,0.0031430135450288706
4.058e-07,0.0053305135450288695
4.059e-07,0.00595551354502887
4.06e-07,0.0053305135450288695
4.061e-07,0.00494770054502887
4.062e-07,0.0053305135450288695
4.063e-07,0.00579926354502887
4.064e-07,0.0053305135450288695
4.065e-07,0.00406488854502887
4.066e-07,0.0033305135450288708
4.067e-07,0.003947700545028871
4.068e-07,0.0053305135450288695
4.069e-07,0.0064086385450288705
4.07e-07,0.0073305135450288696
4.071e-07,0.00843207554502887
4.072e-07,0.00933051554502887
4.073e-07,0.00898676554502887
4.074e-07,0.0073305135450288696
4.075e-07,0.00505707554502887
4.076e-07,0.0033305135450288708
4.077e-07,0.0028617635450288704
4.078e-07,0.0033305135450288708
4.079e-07,0.00422113854502887
4.08e-07,0.0053305135450288695
4.081e-07,0.00652582554502887
4.082e-07,0.0073305135450288696
4.083e-07,0.007432075545028871
4.084e-07,0.0073305135450288696
4.085e-07,0.007400825545028871
4.086e-07,0.0073305135450288696
4.087e-07,0.006533638545028871
4.088e-07,0.0053305135450288695
4.089e-07,0.00414301354502887
4.09e-07,0.0033305135450288708
4.091e-07,0.0030102005450288708
4.092e-07,0.0033305135450288708
4.093e-07,0.00435395054502887
4.094e-07,0.0053305135450288695
4.095e-07,0.005713325545028869
4.096e-07,0.0053305135450288695
4.097e-07,0.0045180135450288705
4.098e-07,0.0033305135450288708
4.099e-07,0.00258051354502887
4.1e-07,0.0033305135450288708
4.101e-07,0.00561176354502887
4.102e-07,0.0073305135450288696
4.103e-07,0.00736176554502887
4.104e-07,0.0073305135450288696
4.105e-07,0.00844770554502887
4.106e-07,0.00933051554502887
4.107e-07,0.00845551554502887
4.108e-07,0.0073305135450288696
4.109e-07,0.007775825545028869
4.11e-07,0.00933051554502887
4.111e-07,0.01000238554502887
4.112e-07,0.00933051554502887
4.113e-07,0.00805707554502887
4.114e-07,0.0073305135450288696
4.115e-07,0.00736176554502887
4.116e-07,0.0073305135450288696
4.117e-07,0.007049263545028869
4.118e-07,0.0073305135450288696
4.119e-07,0.00860395554502887
4.12e-07,0.00933051554502887
4.121e-07,0.00841645554502887
4.122e-07,0.0073305135450288696
4.123e-07,0.00784613554502887
4.124e-07,0.00933051554502887
4.125e-07,0.01044770554502887
4.126e-07,0.01133051554502887
4.127e-07,0.01193207554502887
4.128e-07,0.01133051554502887
4.129e-07,0.00908832554502887
4.13e-07,0.0073305135450288696
4.131e-07,0.007807075545028869
4.132e-07,0.00933051554502887
4.133e-07,0.00992426554502887
4.134e-07,0.00933051554502887
4.135e-07,0.00833051554502887
4.136e-07,0.0073305135450288696
4.137e-07,0.006799263545028871
4.138e-07,0.0073305135450288696
4.139e-07,0.00921332554502887
4.14e-07,0.01133051554502887
4.141e-07,0.01216645554502887
4.142e-07,0.01133051554502887
4.143e-07,0.00979145554502887
4.144e-07,0.00933051554502887
4.145e-07,0.01033832554502887
4.146e-07,0.01133051554502887
4.147e-07,0.01078363554502887
4.148e-07,0.00933051554502887
4.149e-07,0.00856488554502887
4.15e-07,0.00933051554502887
4.151e-07,0.01083051554502887
4.152e-07,0.01133051554502887
4.153e-07,0.01043988554502887
4.154e-07,0.00933051554502887
4.155e-07,0.00913520554502887
4.156e-07,0.00933051554502887
4.157e-07,0.00918207554502887
4.158e-07,0.00933051554502887
4.159e-07,0.01084613554502887
4.16e-07,0.01333051554502887
4.161e-07,0.015150825545028869
4.162e-07,0.015330515545028869
4.163e-07,0.013682075545028871
4.164e-07,0.01133051554502887
4.165e-07,0.00961176554502887
4.166e-07,0.00933051554502887
4.167e-07,0.01033051554502887
4.168e-07,0.01133051554502887
4.169e-07,0.01153363554502887
4.17e-07,0.01133051554502887
4.171e-07,0.01121332554502887
4.172e-07,0.01133051554502887
4.173e-07,0.01194770554502887
4.174e-07,0.01333051554502887
4.175e-07,0.015447705545028868
4.176e-07,0.01733051554502887
4.177e-07,0.01692426554502887
4.178e-07,0.01333051554502887
4.179e-07,0.00861176554502887
4.18e-07,0.0073305135450288696
4.181e-07,0.01106488554502887
4.182e-07,0.015330515545028869
4.183e-07,0.01565082554502887
4.184e-07,0.01333051554502887
4.185e-07,0.01222113554502887
4.186e-07,0.01333051554502887
4.187e-07,0.01487738554502887
4.188e-07,0.015330515545028869
4.189e-07,0.014580515545028871
4.19e-07,0.01333051554502887
4.191e-07,0.01260395554502887
4.192e-07,0.01333051554502887
4.193e-07,0.014814885545028869
4.194e-07,0.015330515545028869
4.195e-07,0.01429145554502887
4.196e-07,0.01333051554502887
4.197e-07,0.01391645554502887
4.198e-07,0.015330515545028869
4.199e-07,0.01585395554502887
4.2e-07,0.015330515545028869
4.201e-07,0.014338325545028872
4.202e-07,0.01333051554502887
4.203e-07,0.01268207554502887
4.204e-07,0.01333051554502887
4.205e-07,0.014853955545028871
4.206e-07,0.015330515545028869
4.207e-07,0.013596135545028872
4.208e-07,0.01133051554502887
4.209e-07,0.01063520554502887
4.21e-07,0.01133051554502887
4.211e-07,0.01196332554502887
4.212e-07,0.01133051554502887
4.213e-07,0.01001020554502887
4.214e-07,0.00933051554502887
4.215e-07,0.01008051554502887
4.216e-07,0.01133051554502887
4.217e-07,0.01229145554502887
4.218e-07,0.01333051554502887
4.219e-07,0.014682075545028869
4.22e-07,0.015330515545028869
4.221e-07,0.014400825545028872
4.222e-07,0.01333051554502887
4.223e-07,0.013252385545028871
4.224e-07,0.01333051554502887
4.225e-07,0.01237738554502887
4.226e-07,0.01133051554502887
4.227e-07,0.01114301554502887
4.228e-07,0.01133051554502887
4.229e-07,0.01119770554502887
4.23e-07,0.01133051554502887
4.231e-07,0.01236176554502887
4.232e-07,0.01333051554502887
4.233e-07,0.01292426554502887
4.234e-07,0.01133051554502887
4.235e-07,0.00980707554502887
4.236e-07,0.00933051554502887
4.237e-07,0.01008832554502887
4.238e-07,0.01133051554502887
4.239e-07,0.01193207554502887
4.24e-07,0.01133051554502887
4.241e-07,0.00997113554502887
4.242e-07,0.00933051554502887
4.243e-07,0.01011957554502887
4.244e-07,0.01133051554502887
4.245e-07,0.01176020554502887
4.246e-07,0.01133051554502887
4.247e-07,0.01047895554502887
4.248e-07,0.00933051554502887
4.249e-07,0.00801020554502887
4.25e-07,0.0073305135450288696
4.251e-07,0.00801020554502887
4.252e-07,0.00933051554502887
4.253e-07,0.01047895554502887
4.254e-07,0.01133051554502887
4.255e-07,0.01172895554502887
4.256e-07,0.01133051554502887
4.257e-07,0.01009613554502887
4.258e-07,0.00933051554502887
4.259e-07,0.00993207554502887
4.26e-07,0.01133051554502887
4.261e-07,0.01193207554502887
4.262e-07,0.01133051554502887
4.263e-07,0.00963520554502887
4.264e-07,0.0073305135450288696
4.265e-07,0.005416450545028871
4.266e-07,0.0053305135450288695
4.267e-07,0.00682270054502887
4.268e-07,0.0073305135450288696
4.269e-07,0.00595551354502887
4.27e-07,0.0053305135450288695
4.271e-07,0.007307075545028871
4.272e-07,0.00933051554502887
4.273e-07,0.00842426554502887
4.274e-07,0.0053305135450288695
4.275e-07,0.0032055135450288707
4.276e-07,0.0033305135450288708
4.277e-07,0.00465082554502887
4.278e-07,0.0053305135450288695
4.279e-07,0.005096138545028871
4.28e-07,0.0053305135450288695
4.281e-07,0.0070414505450288704
4.282e-07,0.00933051554502887
4.283e-07,0.01023676554502887
4.284e-07,0.00933051554502887
4.285e-07,0.007799265545028871
4.286e-07,0.0073305135450288696
4.287e-07,0.00765863554502887
4.288e-07,0.0073305135450288696
4.289e-07,0.0053773885450288696
4.29e-07,0.0033305135450288708
4.291e-07,0.00332270054502887
4.292e-07,0.0053305135450288695
4.293e-07,0.0073305135450288696
4.294e-07,0.0073305135450288696
4.295e-07,0.005260200545028871
4.296e-07,0.0033305135450288708
4.297e-07,0.0035102005450288703
4.298e-07,0.0053305135450288695
4.299e-07,0.00696332554502887
4.3e-07,0.0073305135450288696
4.301e-07,0.00611176354502887
4.302e-07,0.0033305135450288708
4.303e-07,0.0002445755450288705
4.304e-07,-0.0006694874549711296
4.305e-07,0.0013461385450288708
4.306e-07,0.0033305135450288708
4.307e-07,0.00336957554502887
4.308e-07,0.0033305135450288708
4.309e-07,0.0051508255450288705
4.31e-07,0.0073305135450288696
4.311e-07,0.0072367635450288695
4.312e-07,0.0053305135450288695
4.313e-07,0.00365863854502887
4.314e-07,0.0033305135450288708
4.315e-07,0.00356488854502887
4.316e-07,0.0033305135450288708
4.317e-07,0.00229145054502887
4.318e-07,0.0013305135450288707
4.319e-07,0.0011352005450288704
4.32e-07,0.0013305135450288707
4.321e-07,0.0013617635450288708
4.322e-07,0.0013305135450288707
4.323e-07,0.0020023885450288705
4.324e-07,0.0033305135450288708
4.325e-07,0.00412738854502887
4.326e-07,0.0033305135450288708
4.327e-07,0.0010492635450288705
4.328e-07,-0.0006694874549711296
4.329e-07,-0.0003179244549711296
4.33e-07,0.0013305135450288707
4.331e-07,0.002135200545028871
4.332e-07,0.0013305135450288707
4.333e-07,-0.0006069874549711296
4.334e-07,-0.0026694869881681293
4.335e-07,-0.0036382369549711295
4.336e-07,-0.0026694869881681293
4.337e-07,-0.0007085494549711295
4.338e-07,-0.0006694874549711296
4.339e-07,-0.0031538619549711295
4.34e-07,-0.00466948745497113
4.341e-07,-0.0029585494549711298
4.342e-07,-0.0006694874549711296
4.343e-07,-0.0009897994549711295
4.344e-07,-0.0026694869881681293
4.345e-07,-0.0031538619549711295
4.346e-07,-0.0026694869881681293
4.347e-07,-0.0031304244549711295
4.348e-07,-0.00466948745497113
4.349e-07,-0.00602886245497113
4.35e-07,-0.00666948745497113
4.351e-07,-0.00667729945497113
4.352e-07,-0.00666948745497113
4.353e-07,-0.00674761245497113
4.354e-07,-0.00666948745497113
4.355e-07,-0.0058413624549711295
4.356e-07,-0.00466948745497113
4.357e-07,-0.0036304244549711295
4.358e-07,-0.0026694869881681293
4.359e-07,-0.0021460494549711295
4.36e-07,-0.0026694869881681293
4.361e-07,-0.00412261245497113
4.362e-07,-0.00466948745497113
4.363e-07,-0.0036304244549711295
4.364e-07,-0.0026694869881681293
4.365e-07,-0.0038726124549711295
4.366e-07,-0.00666948745497113
4.367e-07,-0.00875542445497113
4.368e-07,-0.00866948745497113
4.369e-07,-0.00673979945497113
4.37e-07,-0.00466948745497113
4.371e-07,-0.0039507374549711295
4.372e-07,-0.00466948745497113
4.373e-07,-0.0055210494549711294
4.374e-07,-0.00466948745497113
4.375e-07,-0.0027632369849711295
4.376e-07,-0.0026694869881681293
4.377e-07,-0.0056304244549711295
4.378e-07,-0.00866948745497113
4.379e-07,-0.009263237454971129
4.38e-07,-0.00866948745497113
4.381e-07,-0.009231987454971129
4.382e-07,-0.01066948745497113
4.383e-07,-0.01066948745497113
4.384e-07,-0.00866948745497113
4.385e-07,-0.0064897994549711294
4.386e-07,-0.00666948745497113
4.387e-07,-0.00905229945497113
4.388e-07,-0.01066948745497113
4.389e-07,-0.00923979945497113
4.39e-07,-0.00666948745497113
4.391e-07,-0.006302299454971129
4.392e-07,-0.00866948745497113
4.393e-07,-0.01110698745497113
4.394e-07,-0.01066948745497113
4.395e-07,-0.007403862454971129
4.396e-07,-0.00466948745497113
4.397e-07,-0.00491167445497113
4.398e-07,-0.00666948745497113
4.399e-07,-0.007356987454971129
4.4e-07,-0.00666948745497113
4.401e-07,-0.00626323745497113
4.402e-07,-0.00666948745497113
4.403e-07,-0.00713042445497113
4.404e-07,-0.00666948745497113
4.405e-07,-0.0055522994549711295
4.406e-07,-0.00466948745497113
4.407e-07,-0.00512261245497113
4.408e-07,-0.00666948745497113
4.409e-07,-0.00819292445497113
4.41e-07,-0.00866948745497113
4.411e-07,-0.00842729945497113
4.412e-07,-0.00866948745497113
4.413e-07,-0.00979448745497113
4.414e-07,-0.01066948745497113
4.415e-07,-0.01011479945497113
4.416e-07,-0.00866948745497113
4.417e-07,-0.007880424454971129
4.418e-07,-0.00866948745497113
4.419e-07,-0.01019292445497113
4.42e-07,-0.01066948745497113
4.421e-07,-0.00956011245497113
4.422e-07,-0.00866948745497113
4.423e-07,-0.009356987454971129
4.424e-07,-0.01066948745497113
4.425e-07,-0.01102886245497113
4.426e-07,-0.01066948745497113
4.427e-07,-0.01052104945497113
4.428e-07,-0.01066948745497113
4.429e-07,-0.01018511245497113
4.43e-07,-0.00866948745497113
4.431e-07,-0.006997612454971129
4.432e-07,-0.00666948745497113
4.433e-07,-0.00795073745497113
4.434e-07,-0.00866948745497113
4.435e-07,-0.007708549454971129
4.436e-07,-0.00666948745497113
4.437e-07,-0.00739604945497113
4.438e-07,-0.00866948745497113
4.439e-07,-0.00888042445497113
4.44e-07,-0.00866948745497113
4.441e-07,-0.00949761245497113
4.442e-07,-0.01066948745497113
4.443e-07,-0.01098198745497113
4.444e-07,-0.01066948745497113
4.445e-07,-0.01008354945497113
4.446e-07,-0.00866948745497113
4.447e-07,-0.00673979945497113
4.448e-07,-0.00666948745497113
4.449e-07,-0.00959136245497113
4.45e-07,-0.01266948445497113
4.451e-07,-0.01334136445497113
4.452e-07,-0.01266948445497113
4.453e-07,-0.01213823745497113
4.454e-07,-0.01066948745497113
4.455e-07,-0.007849174454971129
4.456e-07,-0.00666948745497113
4.457e-07,-0.009294487454971129
4.458e-07,-0.01266948445497113
4.459e-07,-0.01342730445497113
4.46e-07,-0.01266948445497113
4.461e-07,-0.01262261245497113
4.462e-07,-0.01266948445497113
4.463e-07,-0.01163042445497113
4.464e-07,-0.01066948745497113
4.465e-07,-0.01130229945497113
4.466e-07,-0.01266948445497113
4.467e-07,-0.01310698445497113
4.468e-07,-0.01266948445497113
4.469e-07,-0.01238042445497113
4.47e-07,-0.01266948445497113
4.471e-07,-0.01299761445497113
4.472e-07,-0.01266948445497113
4.473e-07,-0.01160698745497113
4.474e-07,-0.01066948745497113
4.475e-07,-0.01095854945497113
4.476e-07,-0.01266948445497113
4.477e-07,-0.01451323445497113
4.478e-07,-0.01466948445497113
4.479e-07,-0.01274761445497113
4.48e-07,-0.01066948745497113
4.481e-07,-0.01015386245497113
4.482e-07,-0.01066948745497113
4.483e-07,-0.01091948745497113
4.484e-07,-0.01066948745497113
4.485e-07,-0.01055229945497113
4.486e-07,-0.01066948745497113
4.487e-07,-0.01070854945497113
4.488e-07,-0.01066948745497113
4.489e-07,-0.01074761245497113
4.49e-07,-0.01066948745497113
4.491e-07,-0.01051323745497113
4.492e-07,-0.01066948745497113
4.493e-07,-0.01096636245497113
4.494e-07,-0.01066948745497113
4.495e-07,-0.00952104945497113
4.496e-07,-0.00866948745497113
4.497e-07,-0.00919292445497113
4.498e-07,-0.01066948745497113
4.499e-07,-0.01151323745497113
4.5e-07,-0.01066948745497113
4.501e-07,-0.00857573745497113
4.502e-07,-0.00666948745497113
4.503e-07,-0.00612261245497113
4.504e-07,-0.00666948745497113
4.505e-07,-0.007169487454971129
4.506e-07,-0.00666948745497113
4.507e-07,-0.005880424454971129
4.508e-07,-0.00666948745497113
4.509e-07,-0.00920854945497113
4.51e-07,-0.01066948745497113
4.511e-07,-0.009153862454971129
4.512e-07,-0.00666948745497113
4.513e-07,-0.005474174454971129
4.514e-07,-0.00466948745497113
4.515e-07,-0.0032632369549711296
4.516e-07,-0.0026694869881681293
4.517e-07,-0.004442924454971129
4.518e-07,-0.00666948745497113
4.519e-07,-0.00667729945497113
4.52e-07,-0.00466948745497113
4.521e-07,-0.0033179244549711297
4.522e-07,-0.00466948745497113
4.523e-07,-0.00818511245497113
4.524e-07,-0.01066948745497113
4.525e-07,-0.009677299454971129
4.526e-07,-0.00666948745497113
4.527e-07,-0.004067924454971129
4.528e-07,-0.0026694869881681293
4.529e-07,-0.0022319869549711296
4.53e-07,-0.0026694869881681293
4.531e-07,-0.0039351124549711295
4.532e-07,-0.00466948745497113
4.533e-07,-0.0039507374549711295
4.534e-07,-0.0026694869881681293
4.535e-07,-0.0026382369849711294
4.536e-07,-0.00466948745497113
4.537e-07,-0.007583549454971129
4.538e-07,-0.00866948745497113
4.539e-07,-0.00683354945497113
4.54e-07,-0.00466948745497113
4.541e-07,-0.0037944874549711294
4.542e-07,-0.0026694869881681293
4.543e-07,-0.00013042445497112943
4.544e-07,0.0013305135450288707
4.545e-07,-0.0004351114549711295
4.546e-07,-0.0026694869881681293
4.547e-07,-0.0023726119549711297
4.548e-07,-0.0006694874549711296
4.549e-07,-0.00023198645497112935
4.55e-07,-0.0006694874549711296
4.551e-07,-0.0007163624549711295
4.552e-07,-0.0006694874549711296
4.553e-07,-0.0015522994549711296
4.554e-07,-0.0026694869881681293
4.555e-07,-0.0030132369549711294
4.556e-07,-0.0026694869881681293
4.557e-07,-0.0019585494549711297
4.558e-07,-0.0006694874549711296
4.559e-07,0.0009086385450288704
4.56e-07,0.0013305135450288707
4.561e-07,-0.00021636145497112933
4.562e-07,-0.0026694869881681293
4.563e-07,-0.004302299454971129
4.564e-07,-0.00466948745497113
4.565e-07,-0.00401323745497113
4.566e-07,-0.0026694869881681293
4.567e-07,-0.0007476124549711295
4.568e-07,0.0013305135450288707
4.569e-07,0.0027914505450288706
4.57e-07,0.0033305135450288708
4.571e-07,0.0027133255450288705
4.572e-07,0.0013305135450288707
4.573e-07,-0.00014604945497112944
4.574e-07,-0.0006694874549711296
4.575e-07,-0.0004272994549711297
4.576e-07,-0.0006694874549711296
4.577e-07,-0.0018804244549711297
4.578e-07,-0.0026694869881681293
4.579e-07,-0.0018804244549711297
4.58e-07,-0.0006694874549711296
4.581e-07,-0.0003882364549711295
4.582e-07,-0.0006694874549711296
4.583e-07,-0.00011479945497112941
4.584e-07,0.0013305135450288707
4.585e-07,0.0026820755450288705
4.586e-07,0.0033305135450288708
4.587e-07,0.0028461385450288704
4.588e-07,0.0013305135450288707
4.589e-07,-0.00035698645497112946
4.59e-07,-0.0006694874549711296
4.591e-07,0.0005336385450288705
4.592e-07,0.0013305135450288707
4.593e-07,0.0005258255450288703
4.594e-07,-0.0006694874549711296
4.595e-07,-0.0003882364549711295
4.596e-07,0.0013305135450288707
4.597e-07,0.0030023885450288705
4.598e-07,0.0033305135450288708
4.599e-07,0.0028148885450288703
4.6e-07,0.0033305135450288708
4.601e-07,0.004955513545028871
4.602e-07,0.0053305135450288695
4.603e-07,0.0032055135450288707
4.604e-07,0.0013305135450288707
4.605e-07,0.0020102005450288707
4.606e-07,0.0033305135450288708
4.607e-07,0.0027289505450288705
4.608e-07,0.0013305135450288707
4.609e-07,0.0016117635450288701
4.61e-07,0.0033305135450288708
4.611e-07,0.004830513545028871
4.612e-07,0.0053305135450288695
4.613e-07,0.005291450545028871
4.614e-07,0.0053305135450288695
4.615e-07,0.005447700545028871
4.616e-07,0.0053305135450288695
4.617e-07,0.00497895054502887
4.618e-07,0.0053305135450288695
4.619e-07,0.006533638545028871
4.62e-07,0.0073305135450288696
4.621e-07,0.006564888545028871
4.622e-07,0.0053305135450288695
4.623e-07,0.005002388545028871
4.624e-07,0.0053305135450288695
4.625e-07,0.005447700545028871
4.626e-07,0.0053305135450288695
4.627e-07,0.005338325545028871
4.628e-07,0.0053305135450288695
4.629e-07,0.0051977005450288705
4.63e-07,0.0053305135450288695
4.631e-07,0.00609613854502887
4.632e-07,0.0073305135450288696
4.633e-07,0.00808051554502887
4.634e-07,0.0073305135450288696
4.635e-07,0.00564301354502887
4.636e-07,0.0053305135450288695
4.637e-07,0.006814888545028871
4.638e-07,0.0073305135450288696
4.639e-07,0.0052836385450288695
4.64e-07,0.0033305135450288708
4.641e-07,0.00441645054502887
4.642e-07,0.0073305135450288696
4.643e-07,0.00865082554502887
4.644e-07,0.0073305135450288696
4.645e-07,0.005291450545028871
4.646e-07,0.0053305135450288695
4.647e-07,0.00763520554502887
4.648e-07,0.00933051554502887
4.649e-07,0.00811957554502887
4.65e-07,0.0053305135450288695
4.651e-07,0.00350238854502887
4.652e-07,0.0033305135450288708
4.653e-07,0.00358051354502887
4.654e-07,0.0033305135450288708
4.655e-07,0.003455513545028871
4.656e-07,0.0053305135450288695
4.657e-07,0.00833832554502887
4.658e-07,0.00933051554502887
4.659e-07,0.006643013545028871
4.66e-07,0.0033305135450288708
4.661e-07,0.00261176354502887
4.662e-07,0.0033305135450288708
4.663e-07,0.00330707554502887
4.664e-07,0.0033305135450288708
4.665e-07,0.0045336385450288706
4.666e-07,0.0053305135450288695
4.667e-07,0.00430707554502887
4.668e-07,0.0033305135450288708
4.669e-07,0.00420551354502887
4.67e-07,0.0053305135450288695
4.671e-07,0.00476020054502887
4.672e-07,0.0033305135450288708
4.673e-07,0.0028461385450288704
4.674e-07,0.0033305135450288708
4.675e-07,0.00364301354502887
4.676e-07,0.0033305135450288708
4.677e-07,0.0029789505450288707
4.678e-07,0.0033305135450288708
4.679e-07,0.00440082554502887
4.68e-07,0.0053305135450288695
4.681e-07,0.00540863854502887
4.682e-07,0.0053305135450288695
4.683e-07,0.00551801354502887
4.684e-07,0.0053305135450288695
4.685e-07,0.004135200545028871
4.686e-07,0.0033305135450288708
4.687e-07,0.00353363854502887
4.688e-07,0.0033305135450288708
4.689e-07,0.0019555135450288704
4.69e-07,0.0013305135450288707
4.691e-07,0.00253363854502887
4.692e-07,0.0033305135450288708
4.693e-07,0.0017523885450288702
4.694e-07,-0.0006694874549711296
4.695e-07,-0.0009116744549711295
4.696e-07,0.0013305135450288707
4.697e-07,0.00361176354502887
4.698e-07,0.0033305135450288708
4.699e-07,0.0007367635450288706
4.7e-07,-0.0006694874549711296
4.701e-07,0.0010336385450288705
4.702e-07,0.0033305135450288708
4.703e-07,0.0030961385450288706
4.704e-07,0.0013305135450288707
4.705e-07,0.00012738854502887054
4.706e-07,-0.0006694874549711296
4.707e-07,-0.0020288619549711294
4.708e-07,-0.0026694869881681293
4.709e-07,-0.0015210494549711296
4.71e-07,-0.0006694874549711296
4.711e-07,-0.0016069874549711296
4.712e-07,-0.0026694869881681293
4.713e-07,-0.0024351119549711293
4.714e-07,-0.0026694869881681293
4.715e-07,-0.00420073745497113
4.716e-07,-0.00466948745497113
4.717e-07,-0.0020210494549711294
4.718e-07,0.0013305135450288707
4.719e-07,0.0018305135450288703
4.72e-07,-0.0006694874549711296
4.721e-07,-0.0031147994549711295
4.722e-07,-0.0026694869881681293
4.723e-07,-1.3236454971129585e-05
4.724e-07,0.0013305135450288707
4.725e-07,-0.0005054244549711293
4.726e-07,-0.0026694869881681293
4.727e-07,-0.0018804244549711297
4.728e-07,0.0013305135450288707
4.729e-07,0.0031586385450288706
4.73e-07,0.0013305135450288707
4.731e-07,-0.0027007369849711294
4.732e-07,-0.00466948745497113
4.733e-07,-0.0029897994549711294
4.734e-07,-0.0006694874549711296
4.735e-07,-0.0009819874549711295
4.736e-07,-0.0026694869881681293
4.737e-07,-0.0031304244549711295
4.738e-07,-0.0026694869881681293
4.739e-07,-0.0030991744549711295
4.74e-07,-0.00466948745497113
4.741e-07,-0.006021049454971129
4.742e-07,-0.00666948745497113
4.743e-07,-0.00681792445497113
4.744e-07,-0.00666948745497113
4.745e-07,-0.00602886245497113
4.746e-07,-0.00466948745497113
4.747e-07,-0.0025366744549711294
4.748e-07,-0.0006694874549711296
4.749e-07,-0.0005679244549711294
4.75e-07,-0.0026694869881681293
4.751e-07,-0.006067924454971129
4.752e-07,-0.00866948745497113
4.753e-07,-0.00881792445497113
4.754e-07,-0.00666948745497113
4.755e-07,-0.00404448745497113
4.756e-07,-0.0026694869881681293
4.757e-07,-0.0032788619549711296
4.758e-07,-0.00466948745497113
4.759e-07,-0.00530229945497113
4.76e-07,-0.00466948745497113
4.761e-07,-0.00394292445497113
4.762e-07,-0.00466948745497113
4.763e-07,-0.007388237454971129
4.764e-07,-0.01066948745497113
4.765e-07,-0.01219292445497113
4.766e-07,-0.01066948745497113
4.767e-07,-0.00752104945497113
4.768e-07,-0.00666948745497113
4.769e-07,-0.008997612454971129
4.77e-07,-0.01066948745497113
4.771e-07,-0.008919487454971129
4.772e-07,-0.00666948745497113
4.773e-07,-0.007185112454971129
4.774e-07,-0.00866948745497113
4.775e-07,-0.00818511245497113
4.776e-07,-0.00666948745497113
4.777e-07,-0.006919487454971129
4.778e-07,-0.00866948745497113
4.779e-07,-0.01014604945497113
4.78e-07,-0.01066948745497113
4.781e-07,-0.01071636245497113
4.782e-07,-0.01066948745497113
4.783e-07,-0.01063042445497113
4.784e-07,-0.01066948745497113
4.785e-07,-0.01071636245497113
4.786e-07,-0.01066948745497113
4.787e-07,-0.01063042445497113
4.788e-07,-0.01066948745497113
4.789e-07,-0.01068511245497113
4.79e-07,-0.01066948745497113
4.791e-07,-0.01063823745497113
4.792e-07,-0.01066948745497113
4.793e-07,-0.01122417445497113
4.794e-07,-0.01266948445497113
4.795e-07,-0.01431011445497113
4.796e-07,-0.01466948445497113
4.797e-07,-0.012989804454971129
4.798e-07,-0.01066948745497113
4.799e-07,-0.00968511245497113
4.8e-07,-0.01066948745497113
4.801e-07,-0.01232573745497113
4.802e-07,-0.01266948445497113
4.803e-07,-0.01143511245497113
4.804e-07,-0.01066948745497113
4.805e-07,-0.01165386245497113
4.806e-07,-0.01266948445497113
4.807e-07,-0.01202886245497113
4.808e-07,-0.01066948745497113
4.809e-07,-0.01042729945497113
4.81e-07,-0.01066948745497113
4.811e-07,-0.01048198745497113
4.812e-07,-0.01066948745497113
4.813e-07,-0.01188823745497113
4.814e-07,-0.01266948445497113
4.815e-07,-0.01230229945497113
4.816e-07,-0.01266948445497113
4.817e-07,-0.01483355445497113
4.818e-07,-0.01666948445497113
4.819e-07,-0.01563042445497113
4.82e-07,-0.01266948445497113
4.821e-07,-0.01048979945497113
4.822e-07,-0.01066948745497113
4.823e-07,-0.01213042445497113
4.824e-07,-0.01266948445497113
4.825e-07,-0.01159917445497113
4.826e-07,-0.01066948745497113
4.827e-07,-0.01138042445497113
4.828e-07,-0.01266948445497113
4.829e-07,-0.01251323745497113
4.83e-07,-0.01066948745497113
4.831e-07,-0.00891167445497113
4.832e-07,-0.00866948745497113
4.833e-07,-0.00982573745497113
4.834e-07,-0.01066948745497113
4.835e-07,-0.009974174454971129
4.836e-07,-0.00866948745497113
4.837e-07,-0.00823198745497113
4.838e-07,-0.00866948745497113
4.839e-07,-0.00949761245497113
4.84e-07,-0.01066948745497113
4.841e-07,-0.01159917445497113
4.842e-07,-0.01066948745497113
4.843e-07,-0.007513237454971129
4.844e-07,-0.00466948745497113
4.845e-07,-0.00463823745497113
4.846e-07,-0.00666948745497113
4.847e-07,-0.00847417445497113
4.848e-07,-0.00866948745497113
4.849e-07,-0.007661674454971129
4.85e-07,-0.00666948745497113
4.851e-07,-0.006427299454971129
4.852e-07,-0.00666948745497113
4.853e-07,-0.00688042445497113
4.854e-07,-0.00666948745497113
4.855e-07,-0.00643511245497113
4.856e-07,-0.00666948745497113
4.857e-07,-0.006997612454971129
4.858e-07,-0.00666948745497113
4.859e-07,-0.0055522994549711295
4.86e-07,-0.00466948745497113
4.861e-07,-0.005185112454971129
4.862e-07,-0.00666948745497113
4.863e-07,-0.00755229945497113
4.864e-07,-0.00666948745497113
4.865e-07,-0.00440386245497113
4.866e-07,-0.0026694869881681293
4.867e-07,-0.0029897994549711294
4.868e-07,-0.00466948745497113
4.869e-07,-0.00626323745497113
4.87e-07,-0.00666948745497113
4.871e-07,-0.0059507374549711296
4.872e-07,-0.00466948745497113
4.873e-07,-0.0034663619549711294
4.874e-07,-0.0026694869881681293
4.875e-07,-0.0029351119549711297
4.876e-07,-0.00466948745497113
4.877e-07,-0.00727104945497113
4.878e-07,-0.00866948745497113
4.879e-07,-0.00785698745497113
4.88e-07,-0.00666948745497113
4.881e-07,-0.0066304244549711296
4.882e-07,-0.00666948745497113
4.883e-07,-0.005575737454971129
4.884e-07,-0.00466948745497113
4.885e-07,-0.00533354945497113
4.886e-07,-0.00666948745497113
4.887e-07,-0.00702104945497113
4.888e-07,-0.00666948745497113
4.889e-07,-0.00648198745497113
4.89e-07,-0.00666948745497113
4.891e-07,-0.006302299454971129
4.892e-07,-0.00466948745497113
4.893e-07,-0.0027476119849711295
4.894e-07,-0.0026694869881681293
4.895e-07,-0.00443511245497113
4.896e-07,-0.00466948745497113
4.897e-07,-0.0016382374549711296
4.898e-07,0.0013305135450288707
4.899e-07,0.0004555135450288704
4.9e-07,-0.0026694869881681293
4.901e-07,-0.0046304244549711295
4.902e-07,-0.00466948745497113
4.903e-07,-0.0038804244549711297
4.904e-07,-0.0026694869881681293
4.905e-07,-0.0011851124549711294
4.906e-07,-0.0006694874549711296
4.907e-07,-0.0016851119549711295
4.908e-07,-0.0026694869881681293
4.909e-07,-0.0021538619549711295
4.91e-07,-0.0006694874549711296
4.911e-07,0.0005727005450288703
4.912e-07,0.0013305135450288707
4.913e-07,0.0015727005450288704
4.914e-07,0.0013305135450288707
4.915e-07,0.00032270054502887054
4.916e-07,-0.0006694874549711296
4.917e-07,-0.0009585494549711295
4.918e-07,-0.0006694874549711296
4.919e-07,-0.0004351114549711295
4.92e-07,-0.0006694874549711296
4.921e-07,-0.0014429244549711295
4.922e-07,-0.0026694869881681293
4.923e-07,-0.0034351119549711293
4.924e-07,-0.0026694869881681293
4.925e-07,-0.00035698645497112946
4.926e-07,0.0013305135450288707
4.927e-07,0.0013227005450288701
4.928e-07,0.0013305135450288707
4.929e-07,0.00251801354502887
4.93e-07,0.0033305135450288708
4.931e-07,0.00229145054502887
4.932e-07,0.0013305135450288707
4.933e-07,0.0021742635450288706
4.934e-07,0.0033305135450288708
4.935e-07,0.0027211385450288702
4.936e-07,0.0013305135450288707
4.937e-07,0.0009711385450288704
4.938e-07,0.0013305135450288707
4.939e-07,0.0014086385450288708
4.94e-07,0.0013305135450288707
4.941e-07,0.0020102005450288707
4.942e-07,0.0033305135450288708
4.943e-07,0.004564888545028871
4.944e-07,0.0053305135450288695
4.945e-07,0.00548676354502887
4.946e-07,0.0053305135450288695
4.947e-07,0.0051977005450288705
4.948e-07,0.0053305135450288695
4.949e-07,0.00548676354502887
4.95e-07,0.0053305135450288695
4.951e-07,0.0045336385450288706
4.952e-07,0.0033305135450288708
4.953e-07,0.00258051354502887
4.954e-07,0.0033305135450288708
4.955e-07,0.00548676354502887
4.956e-07,0.0073305135450288696
4.957e-07,0.0076430155450288705
4.958e-07,0.0073305135450288696
4.959e-07,0.00742426554502887
4.96e-07,0.0073305135450288696
4.961e-07,0.00629145054502887
4.962e-07,0.0053305135450288695
4.963e-07,0.005338325545028871
4.964e-07,0.0053305135450288695
4.965e-07,0.00480707554502887
4.966e-07,0.0053305135450288695
4.967e-07,0.0076117655450288705
4.968e-07,0.00933051554502887
4.969e-07,0.00867426554502887
4.97e-07,0.0073305135450288696
4.971e-07,0.007682075545028869
4.972e-07,0.00933051554502887
4.973e-07,0.01016645554502887
4.974e-07,0.00933051554502887
4.975e-07,0.00778363554502887
4.976e-07,0.0073305135450288696
4.977e-07,0.00829145554502887
4.978e-07,0.00933051554502887
4.979e-07,0.00929926554502887
4.98e-07,0.00933051554502887
4.981e-07,0.01039301554502887
4.982e-07,0.01133051554502887
4.983e-07,0.01070551554502887
4.984e-07,0.00933051554502887
4.985e-07,0.00836957554502887
4.986e-07,0.0073305135450288696
4.987e-07,0.00589301354502887
4.988e-07,0.0053305135450288695
4.989e-07,0.006861763545028871
4.99e-07,0.00933051554502887
4.991e-07,0.01095551554502887
4.992e-07,0.01133051554502887
4.993e-07,0.01119770554502887
4.994e-07,0.01133051554502887
4.995e-07,0.01156488554502887
4.996e-07,0.01133051554502887
4.997e-07,0.01033832554502887
4.998e-07,0.00933051554502887
4.999e-07,0.00901020554502887
5e-07,0.00933051554502887
5.001e-07,0.00950238554502887
5.002e-07,0.00933051554502887
5.003e-07,0.00916645554502887
5.004e-07,0.00933051554502887
5.005e-07,0.01004145554502887
5.006e-07,0.01133051554502887
5.007e-07,0.01223676554502887
5.008e-07,0.01133051554502887
5.009e-07,0.00883832554502887
5.01e-07,0.0073305135450288696
5.011e-07,0.00817426554502887
5.012e-07,0.00933051554502887
5.013e-07,0.00869770554502887
5.014e-07,0.0073305135450288696
5.015e-07,0.007525825545028871
5.016e-07,0.00933051554502887
5.017e-07,0.01106488554502887
5.018e-07,0.01133051554502887
5.019e-07,0.01032270554502887
5.02e-07,0.00933051554502887
5.021e-07,0.00916645554502887
5.022e-07,0.00933051554502887
5.023e-07,0.00921332554502887
5.024e-07,0.00933051554502887
5.025e-07,0.01021332554502887
5.026e-07,0.01133051554502887
5.027e-07,0.01164301554502887
5.028e-07,0.01133051554502887
5.029e-07,0.01111957554502887
5.03e-07,0.01133051554502887
5.031e-07,0.01156488554502887
5.032e-07,0.01133051554502887
5.033e-07,0.01037738554502887
5.034e-07,0.00933051554502887
5.035e-07,0.00886176554502887
5.036e-07,0.00933051554502887
5.037e-07,0.01047113554502887
5.038e-07,0.01133051554502887
5.039e-07,0.01147895554502887
5.04e-07,0.01133051554502887
5.041e-07,0.01088520554502887
5.042e-07,0.00933051554502887
5.043e-07,0.007291450545028871
5.044e-07,0.0073305135450288696
5.045e-07,0.01034613554502887
5.046e-07,0.01333051554502887
5.047e-07,0.01327582554502887
5.048e-07,0.01133051554502887
5.049e-07,0.01042426554502887
5.05e-07,0.01133051554502887
5.051e-07,0.01221332554502887
5.052e-07,0.01133051554502887
5.053e-07,0.00890863554502887
5.054e-07,0.0073305135450288696
5.055e-07,0.00843988554502887
5.056e-07,0.01133051554502887
5.057e-07,0.01347895554502887
5.058e-07,0.01333051554502887
5.059e-07,0.01132270554502887
5.06e-07,0.00933051554502887
5.061e-07,0.00868207554502887
5.062e-07,0.00933051554502887
5.063e-07,0.01042426554502887
5.064e-07,0.01133051554502887
5.065e-07,0.01168207554502887
5.066e-07,0.01133051554502887
5.067e-07,0.01023676554502887
5.068e-07,0.00933051554502887
5.069e-07,0.00917426554502887
5.07e-07,0.00933051554502887
5.071e-07,0.00936176554502887
5.072e-07,0.00933051554502887
5.073e-07,0.00943988554502887
5.074e-07,0.00933051554502887
5.075e-07,0.00860395554502887
5.076e-07,0.0073305135450288696
5.077e-07,0.006580513545028871
5.078e-07,0.0073305135450288696
5.079e-07,0.00948676554502887
5.08e-07,0.01133051554502887
5.081e-07,0.01164301554502887
5.082e-07,0.01133051554502887
5.083e-07,0.01129145554502887
5.084e-07,0.01133051554502887
5.085e-07,0.01056488554502887
5.086e-07,0.00933051554502887
5.087e-07,0.00869770554502887
5.088e-07,0.00933051554502887
5.089e-07,0.01019770554502887
5.09e-07,0.00933051554502887
5.091e-07,0.006830513545028871
5.092e-07,0.0053305135450288695
5.093e-07,0.006814888545028871
5.094e-07,0.00933051554502887
5.095e-07,0.01017426554502887
5.096e-07,0.00933051554502887
5.097e-07,0.00916645554502887
5.098e-07,0.01133051554502887
5.099e-07,0.014400825545028872
5.1e-07,0.015330515545028869
5.101e-07,0.01265863554502887
5.102e-07,0.00933051554502887
5.103e-07,0.00829145554502887
5.104e-07,0.00933051554502887
5.105e-07,0.01001020554502887
5.106e-07,0.00933051554502887
5.107e-07,0.00808832554502887
5.108e-07,0.0073305135450288696
5.109e-07,0.007275825545028871
5.11e-07,0.0073305135450288696
5.111e-07,0.0072836385450288695
5.112e-07,0.0073305135450288696
5.113e-07,0.00811957554502887
5.114e-07,0.00933051554502887
5.115e-07,0.00995551554502887
5.116e-07,0.00933051554502887
5.117e-07,0.00797113554502887
5.118e-07,0.0073305135450288696
5.119e-07,0.00812738554502887
5.12e-07,0.00933051554502887
5.121e-07,0.00961957554502887
5.122e-07,0.00933051554502887
5.123e-07,0.00920551554502887
5.124e-07,0.00933051554502887
5.125e-07,0.00928363554502887
5.126e-07,0.00933051554502887
5.127e-07,0.00953363554502887
5.128e-07,0.00933051554502887
5.129e-07,0.00833051554502887
5.13e-07,0.0073305135450288696
5.131e-07,0.0070883255450288705
5.132e-07,0.0073305135450288696
5.133e-07,0.00747895554502887
5.134e-07,0.0073305135450288696
5.135e-07,0.007244575545028871
5.136e-07,0.0073305135450288696
5.137e-07,0.00744770554502887
5.138e-07,0.0073305135450288696
5.139e-07,0.007127388545028869
5.14e-07,0.0073305135450288696
5.141e-07,0.00820551554502887
5.142e-07,0.00933051554502887
5.143e-07,0.00983832554502887
5.144e-07,0.00933051554502887
5.145e-07,0.00816645554502887
5.146e-07,0.0073305135450288696
5.147e-07,0.0072836385450288695
5.148e-07,0.0073305135450288696
5.149e-07,0.007096138545028869
5.15e-07,0.0073305135450288696
5.151e-07,0.00844770554502887
5.152e-07,0.00933051554502887
5.153e-07,0.00923676554502887
5.154e-07,0.00933051554502887
5.155e-07,0.01047895554502887
5.156e-07,0.01133051554502887
5.157e-07,0.01053363554502887
5.158e-07,0.00933051554502887
5.159e-07,0.00909613554502887
5.16e-07,0.00933051554502887
5.161e-07,0.00916645554502887
5.162e-07,0.00933051554502887
5.163e-07,0.01044770554502887
5.164e-07,0.01133051554502887
5.165e-07,0.01065082554502887
5.166e-07,0.00933051554502887
5.167e-07,0.00881488554502887
5.168e-07,0.00933051554502887
5.169e-07,0.01031488554502887
5.17e-07,0.01133051554502887
5.171e-07,0.01187738554502887
5.172e-07,0.01133051554502887
5.173e-07,0.00947895554502887
5.174e-07,0.0073305135450288696
5.175e-07,0.00634613854502887
5.176e-07,0.0073305135450288696
5.177e-07,0.00965082554502887
5.178e-07,0.01133051554502887
5.179e-07,0.011432075545028871
5.18e-07,0.01133051554502887
5.181e-07,0.01175238554502887
5.182e-07,0.01133051554502887
5.183e-07,0.00924457554502887
5.184e-07,0.0073305135450288696
5.185e-07,0.00762738554502887
5.186e-07,0.00933051554502887
5.187e-07,0.01016645554502887
5.188e-07,0.00933051554502887
5.189e-07,0.00833051554502887
5.19e-07,0.00933051554502887
5.191e-07,0.01208051554502887
5.192e-07,0.01333051554502887
5.193e-07,0.01140863554502887
5.194e-07,0.00933051554502887
5.195e-07,0.00988520554502887
5.196e-07,0.01133051554502887
5.197e-07,0.01081488554502887
5.198e-07,0.00933051554502887
5.199e-07,0.00893988554502887
5.2e-07,0.00933051554502887
5.201e-07,0.00924457554502887
5.202e-07,0.00933051554502887
5.203e-07,0.01040082554502887
5.204e-07,0.01133051554502887
5.205e-07,0.01083051554502887
5.206e-07,0.00933051554502887
5.207e-07,0.008049265545028871
5.208e-07,0.0073305135450288696
5.209e-07,0.0071352005450288705
5.21e-07,0.0073305135450288696
5.211e-07,0.00809613554502887
5.212e-07,0.00933051554502887
5.213e-07,0.01059613554502887
5.214e-07,0.01133051554502887
5.215e-07,0.01139301554502887
5.216e-07,0.01133051554502887
5.217e-07,0.01144770554502887
5.218e-07,0.01133051554502887
5.219e-07,0.01042426554502887
5.22e-07,0.00933051554502887
5.221e-07,0.00889301554502887
5.222e-07,0.00933051554502887
5.223e-07,0.01028363554502887
5.224e-07,0.01133051554502887
5.225e-07,0.01184613554502887
5.226e-07,0.01133051554502887
5.227e-07,0.01008051554502887
5.228e-07,0.00933051554502887
5.229e-07,0.00997113554502887
5.23e-07,0.01133051554502887
5.231e-07,0.01197895554502887
5.232e-07,0.01133051554502887
5.233e-07,0.01000238554502887
5.234e-07,0.00933051554502887
5.235e-07,0.00997113554502887
5.236e-07,0.01133051554502887
5.237e-07,0.01204926554502887
5.238e-07,0.01133051554502887
5.239e-07,0.00980707554502887
5.24e-07,0.00933051554502887
5.241e-07,0.01036957554502887
5.242e-07,0.01133051554502887
5.243e-07,0.01065863554502887
5.244e-07,0.00933051554502887
5.245e-07,0.00887738554502887
5.246e-07,0.00933051554502887
5.247e-07,0.00963520554502887
5.248e-07,0.00933051554502887
5.249e-07,0.00860395554502887
5.25e-07,0.0073305135450288696
5.251e-07,0.00589301354502887
5.252e-07,0.0053305135450288695
5.253e-07,0.00620551354502887
5.254e-07,0.0073305135450288696
5.255e-07,0.00815863554502887
5.256e-07,0.00933051554502887
5.257e-07,0.01095551554502887
5.258e-07,0.01133051554502887
5.259e-07,0.00944770554502887
5.26e-07,0.0073305135450288696
5.261e-07,0.0073773855450288695
5.262e-07,0.00933051554502887
5.263e-07,0.01104926554502887
5.264e-07,0.01133051554502887
5.265e-07,0.01029145554502887
5.266e-07,0.00933051554502887
5.267e-07,0.00911957554502887
5.268e-07,0.00933051554502887
5.269e-07,0.00936957554502887
5.27e-07,0.00933051554502887
5.271e-07,0.00944770554502887
5.272e-07,0.00933051554502887
5.273e-07,0.00851801554502887
5.274e-07,0.0073305135450288696
5.275e-07,0.006736763545028871
5.276e-07,0.0073305135450288696
5.277e-07,0.00865082554502887
5.278e-07,0.00933051554502887
5.279e-07,0.00901020554502887
5.28e-07,0.00933051554502887
5.281e-07,0.01076020554502887
5.282e-07,0.01133051554502887
5.283e-07,0.00958832554502887
5.284e-07,0.0073305135450288696
5.285e-07,0.00677582554502887
5.286e-07,0.0073305135450288696
5.287e-07,0.00694770054502887
5.288e-07,0.0053305135450288695
5.289e-07,0.00415082554502887
5.29e-07,0.0053305135450288695
5.291e-07,0.00859613554502887
5.292e-07,0.01133051554502887
5.293e-07,0.01123676554502887
5.294e-07,0.00933051554502887
5.295e-07,0.007307075545028871
5.296e-07,0.0053305135450288695
5.297e-07,0.0030492635450288705
5.298e-07,0.0013305135450288707
5.299e-07,0.0011430135450288706
5.3e-07,0.0013305135450288707
5.301e-07,0.0010883255450288704
5.302e-07,0.0013305135450288707
5.303e-07,0.0031898885450288707
5.304e-07,0.0053305135450288695
5.305e-07,0.006518013545028871
5.306e-07,0.0073305135450288696
5.307e-07,0.00801020554502887
5.308e-07,0.0073305135450288696
5.309e-07,0.004846138545028871
5.31e-07,0.0033305135450288708
5.311e-07,0.00426020054502887
5.312e-07,0.0053305135450288695
5.313e-07,0.0038930135450288704
5.314e-07,0.0013305135450288707
5.315e-07,0.00033832554502887056
5.316e-07,0.0013305135450288707
5.317e-07,0.0027289505450288705
5.318e-07,0.0033305135450288708
5.319e-07,0.0033148885450288708
5.32e-07,0.0033305135450288708
5.321e-07,0.00358051354502887
5.322e-07,0.0033305135450288708
5.323e-07,0.0017758255450288705
5.324e-07,-0.0006694874549711296
5.325e-07,-0.0025366744549711294
5.326e-07,-0.0026694869881681293
5.327e-07,-0.0009897994549711295
5.328e-07,0.0013305135450288707
5.329e-07,0.0029945755450288707
5.33e-07,0.0033305135450288708
5.331e-07,0.0025102005450288703
5.332e-07,0.0013305135450288707
5.333e-07,0.00021332554502887045
5.334e-07,-0.0006694874549711296
5.335e-07,-0.0011304244549711294
5.336e-07,-0.0006694874549711296
5.337e-07,0.0004867635450288704
5.338e-07,0.0013305135450288707
5.339e-07,0.0007914505450288705
5.34e-07,-0.0006694874549711296
5.341e-07,-0.0019663619549711298
5.342e-07,-0.0026694869881681293
5.343e-07,-0.0028569869549711297
5.344e-07,-0.0026694869881681293
5.345e-07,-0.0023882369549711297
5.346e-07,-0.0026694869881681293
5.347e-07,-0.0032007369549711296
5.348e-07,-0.0026694869881681293
5.349e-07,-0.0010757374549711296
5.35e-07,-0.0006694874549711296
5.351e-07,-0.0025991744849711293
5.352e-07,-0.00466948745497113
5.353e-07,-0.00443511245497113
5.354e-07,-0.0026694869881681293
5.355e-07,-0.0018569869549711297
5.356e-07,-0.0026694869881681293
5.357e-07,-0.00402886245497113
5.358e-07,-0.00466948745497113
5.359e-07,-0.004083549454971129
5.36e-07,-0.0026694869881681293
5.361e-07,-0.0017476119549711296
5.362e-07,-0.0026694869881681293
5.363e-07,-0.00500542445497113
5.364e-07,-0.00666948745497113
5.365e-07,-0.006161674454971129
5.366e-07,-0.00466948745497113
5.367e-07,-0.00402104945497113
5.368e-07,-0.00466948745497113
5.369e-07,-0.005310112454971129
5.37e-07,-0.00466948745497113
5.371e-07,-0.0027163619849711294
5.372e-07,-0.0006694874549711296
5.373e-07,4.926354502887047e-05
5.374e-07,-0.0006694874549711296
5.375e-07,-0.0020366744549711294
5.376e-07,-0.0026694869881681293
5.377e-07,-0.0025913619849711293
5.378e-07,-0.0026694869881681293
5.379e-07,-0.0036226119549711295
5.38e-07,-0.00466948745497113
5.381e-07,-0.00502104945497113
5.382e-07,-0.00466948745497113
5.383e-07,-0.00443511245497113
5.384e-07,-0.00466948745497113
5.385e-07,-0.0048882374549711295
5.386e-07,-0.00466948745497113
5.387e-07,-0.00427886245497113
5.388e-07,-0.00466948745497113
5.389e-07,-0.00638823745497113
5.39e-07,-0.00866948745497113
5.391e-07,-0.00974761245497113
5.392e-07,-0.00866948745497113
5.393e-07,-0.006224174454971129
5.394e-07,-0.00466948745497113
5.395e-07,-0.00520854945497113
5.396e-07,-0.00666948745497113
5.397e-07,-0.007247612454971129
5.398e-07,-0.00666948745497113
5.399e-07,-0.00610698745497113
5.4e-07,-0.00666948745497113
5.401e-07,-0.008021049454971129
5.402e-07,-0.00866948745497113
5.403e-07,-0.00784136245497113
5.404e-07,-0.00666948745497113
5.405e-07,-0.00638823745497113
5.406e-07,-0.00666948745497113
5.407e-07,-0.00663823745497113
5.408e-07,-0.00666948745497113
5.409e-07,-0.007028862454971129
5.41e-07,-0.00666948745497113
5.411e-07,-0.005341362454971129
5.412e-07,-0.00466948745497113
5.413e-07,-0.005716362454971129
5.414e-07,-0.00666948745497113
5.415e-07,-0.005958549454971129
5.416e-07,-0.00466948745497113
5.417e-07,-0.00491167445497113
5.418e-07,-0.00666948745497113
5.419e-07,-0.00827886245497113
5.42e-07,-0.00866948745497113
5.421e-07,-0.007833549454971129
5.422e-07,-0.00666948745497113
5.423e-07,-0.006177299454971129
5.424e-07,-0.00666948745497113
5.425e-07,-0.007278862454971129
5.426e-07,-0.00666948745497113
5.427e-07,-0.0046772994549711296
5.428e-07,-0.0026694869881681293
5.429e-07,-0.0025913619849711293
5.43e-07,-0.00466948745497113
5.431e-07,-0.00747417445497113
5.432e-07,-0.00866948745497113
5.433e-07,-0.007747612454971129
5.434e-07,-0.00666948745497113
5.435e-07,-0.007216362454971129
5.436e-07,-0.00866948745497113
5.437e-07,-0.009247612454971129
5.438e-07,-0.00866948745497113
5.439e-07,-0.007606987454971129
5.44e-07,-0.00666948745497113
5.441e-07,-0.00621636245497113
5.442e-07,-0.00666948745497113
5.443e-07,-0.007880424454971129
5.444e-07,-0.00866948745497113
5.445e-07,-0.00815386245497113
5.446e-07,-0.00666948745497113
5.447e-07,-0.005716362454971129
5.448e-07,-0.00666948745497113
5.449e-07,-0.009153862454971129
5.45e-07,-0.01066948745497113
5.451e-07,-0.009880424454971129
5.452e-07,-0.00866948745497113
5.453e-07,-0.00866167445497113
5.454e-07,-0.00866948745497113
5.455e-07,-0.00747417445497113
5.456e-07,-0.00666948745497113
5.457e-07,-0.007614799454971129
5.458e-07,-0.00866948745497113
5.459e-07,-0.007911674454971129
5.46e-07,-0.00666948745497113
5.461e-07,-0.00706792445497113
5.462e-07,-0.00866948745497113
5.463e-07,-0.00954448745497113
5.464e-07,-0.00866948745497113
5.465e-07,-0.0065991744549711295
5.466e-07,-0.00466948745497113
5.467e-07,-0.004036674454971129
5.468e-07,-0.00466948745497113
5.469e-07,-0.0058101124549711294
5.47e-07,-0.00666948745497113
5.471e-07,-0.006981987454971129
5.472e-07,-0.00666948745497113
5.473e-07,-0.00629448745497113
5.474e-07,-0.00666948745497113
5.475e-07,-0.007435112454971129
5.476e-07,-0.00666948745497113
5.477e-07,-0.00423198745497113
5.478e-07,-0.0026694869881681293
5.479e-07,-0.00404448745497113
5.48e-07,-0.00666948745497113
5.481e-07,-0.007685112454971129
5.482e-07,-0.00666948745497113
5.483e-07,-0.00570854945497113
5.484e-07,-0.00666948745497113
5.485e-07,-0.009106987454971129
5.486e-07,-0.01066948745497113
5.487e-07,-0.00948198745497113
5.488e-07,-0.00666948745497113
5.489e-07,-0.0045991744549711295
5.49e-07,-0.00466948745497113
5.491e-07,-0.00599761245497113
5.492e-07,-0.00666948745497113
5.493e-07,-0.005880424454971129
5.494e-07,-0.00466948745497113
5.495e-07,-0.00437261245497113
5.496e-07,-0.00466948745497113
5.497e-07,-0.004794487454971129
5.498e-07,-0.00466948745497113
5.499e-07,-0.00472417445497113
5.5e-07,-0.00466948745497113
5.501e-07,-0.004427299454971129
5.502e-07,-0.00466948745497113
5.503e-07,-0.005747612454971129
5.504e-07,-0.00666948745497113
5.505e-07,-0.006302299454971129
5.506e-07,-0.00466948745497113
5.507e-07,-0.0030366744549711294
5.508e-07,-0.0026694869881681293
5.509e-07,-0.0037163624549711293
5.51e-07,-0.00466948745497113
5.511e-07,-0.00468511245497113
5.512e-07,-0.00466948745497113
5.513e-07,-0.0055835494549711295
5.514e-07,-0.00666948745497113
5.515e-07,-0.006903862454971129
5.516e-07,-0.00666948745497113
5.517e-07,-0.00668511245497113
5.518e-07,-0.00666948745497113
5.519e-07,-0.005880424454971129
5.52e-07,-0.00466948745497113
5.521e-07,-0.00407573745497113
5.522e-07,-0.00466948745497113
5.523e-07,-0.005958549454971129
5.524e-07,-0.00666948745497113
5.525e-07,-0.006099174454971129
5.526e-07,-0.00466948745497113
5.527e-07,-0.0039038624549711295
5.528e-07,-0.00466948745497113
5.529e-07,-0.00627886245497113
5.53e-07,-0.00666948745497113
5.531e-07,-0.005403862454971129
5.532e-07,-0.00466948745497113
5.533e-07,-0.006192924454971129
5.534e-07,-0.00866948745497113
5.535e-07,-0.00959136245497113
5.536e-07,-0.00866948745497113
5.537e-07,-0.00723979945497113
5.538e-07,-0.00666948745497113
5.539e-07,-0.00679448745497113
5.54e-07,-0.00666948745497113
5.541e-07,-0.005763237454971129
5.542e-07,-0.00466948745497113
5.543e-07,-0.004349174454971129
5.544e-07,-0.00466948745497113
5.545e-07,-0.0049507374549711295
5.546e-07,-0.00466948745497113
5.547e-07,-0.00435698745497113
5.548e-07,-0.00466948745497113
5.549e-07,-0.00578667445497113
5.55e-07,-0.00666948745497113
5.551e-07,-0.00671636245497113
5.552e-07,-0.00666948745497113
5.553e-07,-0.006950737454971129
5.554e-07,-0.00666948745497113
5.555e-07,-0.005325737454971129
5.556e-07,-0.00466948745497113
5.557e-07,-0.005716362454971129
5.558e-07,-0.00666948745497113
5.559e-07,-0.0058726124549711295
5.56e-07,-0.00466948745497113
5.561e-07,-0.0045991744549711295
5.562e-07,-0.00466948745497113
5.563e-07,-0.0036772994549711295
5.564e-07,-0.0026694869881681293
5.565e-07,-0.0033022994549711296
5.566e-07,-0.00466948745497113
5.567e-07,-0.00515386245497113
5.568e-07,-0.00466948745497113
5.569e-07,-0.0038726124549711295
5.57e-07,-0.0026694869881681293
5.571e-07,-0.0017866744549711296
5.572e-07,-0.0026694869881681293
5.573e-07,-0.005247612454971129
5.574e-07,-0.00666948745497113
5.575e-07,-0.00510698745497113
5.576e-07,-0.0026694869881681293
5.577e-07,-0.0025054244549711294
5.578e-07,-0.00466948745497113
5.579e-07,-0.00675542445497113
5.58e-07,-0.00666948745497113
5.581e-07,-0.00456011245497113
5.582e-07,-0.0026694869881681293
5.583e-07,-0.0028257369549711297
5.584e-07,-0.00466948745497113
5.585e-07,-0.006396049454971129
5.586e-07,-0.00666948745497113
5.587e-07,-0.005669487454971129
5.588e-07,-0.00466948745497113
5.589e-07,-0.00438823745497113
5.59e-07,-0.00466948745497113
5.591e-07,-0.00488042445497113
5.592e-07,-0.00466948745497113
5.593e-07,-0.00440386245497113
5.594e-07,-0.00466948745497113
5.595e-07,-0.00510698745497113
5.596e-07,-0.00466948745497113
5.597e-07,-0.0033491744549711297
5.598e-07,-0.0026694869881681293
5.599e-07,-0.0036304244549711295
5.6e-07,-0.00466948745497113
5.601e-07,-0.00418511245497113
5.602e-07,-0.0026694869881681293
5.603e-07,-0.0019585494549711297
5.604e-07,-0.0026694869881681293
5.605e-07,-0.004036674454971129
5.606e-07,-0.00466948745497113
5.607e-07,-0.004411674454971129
5.608e-07,-0.00466948745497113
5.609e-07,-0.00598198745497113
5.61e-07,-0.00666948745497113
5.611e-07,-0.005591362454971129
5.612e-07,-0.00466948745497113
5.613e-07,-0.00504448745497113
5.614e-07,-0.00466948745497113
5.615e-07,-0.0022710494549711296
5.616e-07,-0.0006694874549711296
5.617e-07,-0.0023179244549711296
5.618e-07,-0.00466948745497113
5.619e-07,-0.004575737454971129
5.62e-07,-0.0026694869881681293
5.621e-07,-0.0017944869549711296
5.622e-07,-0.0026694869881681293
5.623e-07,-0.00407573745497113
5.624e-07,-0.00466948745497113
5.625e-07,-0.00445073745497113
5.626e-07,-0.00466948745497113
5.627e-07,-0.00581792445497113
5.628e-07,-0.00666948745497113
5.629e-07,-0.006021049454971129
5.63e-07,-0.00466948745497113
5.631e-07,-0.0037163624549711293
5.632e-07,-0.0026694869881681293
5.633e-07,-0.0011694874549711294
5.634e-07,-0.0006694874549711296
5.635e-07,-0.0023257369549711296
5.636e-07,-0.00466948745497113
5.637e-07,-0.006021049454971129
5.638e-07,-0.00666948745497113
5.639e-07,-0.00717729945497113
5.64e-07,-0.00666948745497113
5.641e-07,-0.0046616744549711295
5.642e-07,-0.0026694869881681293
5.643e-07,-0.0022163619549711295
5.644e-07,-0.0026694869881681293
5.645e-07,-0.0028022994549711296
5.646e-07,-0.0026694869881681293
5.647e-07,-0.0032632369549711296
5.648e-07,-0.00466948745497113
5.649e-07,-0.006208549454971129
5.65e-07,-0.00666948745497113
5.651e-07,-0.00583354945497113
5.652e-07,-0.00466948745497113
5.653e-07,-0.00424761245497113
5.654e-07,-0.00466948745497113
5.655e-07,-0.0055210494549711294
5.656e-07,-0.00666948745497113
5.657e-07,-0.00784136245497113
5.658e-07,-0.00866948745497113
5.659e-07,-0.00823198745497113
5.66e-07,-0.00666948745497113
5.661e-07,-0.0049507374549711295
5.662e-07,-0.00466948745497113
5.663e-07,-0.005942924454971129
5.664e-07,-0.00666948745497113
5.665e-07,-0.00519292445497113
5.666e-07,-0.0026694869881681293
5.667e-07,-0.0010757374549711296
5.668e-07,-0.0006694874549711296
5.669e-07,-0.0012319874549711295
5.67e-07,-0.0026694869881681293
5.671e-07,-0.00495854945497113
5.672e-07,-0.00666948745497113
5.673e-07,-0.0064897994549711294
5.674e-07,-0.00466948745497113
5.675e-07,-0.0028335494549711297
5.676e-07,-0.0026694869881681293
5.677e-07,-0.00404448745497113
5.678e-07,-0.00466948745497113
5.679e-07,-0.0035522994549711294
5.68e-07,-0.0026694869881681293
5.681e-07,-0.0036226119549711295
5.682e-07,-0.00466948745497113
5.683e-07,-0.0038882374549711295
5.684e-07,-0.0026694869881681293
5.685e-07,-0.0031616744549711295
5.686e-07,-0.00466948745497113
5.687e-07,-0.00570854945497113
5.688e-07,-0.00666948745497113
5.689e-07,-0.007583549454971129
5.69e-07,-0.00666948745497113
5.691e-07,-0.0033491744549711297
5.692e-07,-0.0006694874549711296
5.693e-07,-0.0011538624549711294
5.694e-07,-0.0026694869881681293
5.695e-07,-0.0029116744549711297
5.696e-07,-0.0026694869881681293
5.697e-07,-0.0035991744549711295
5.698e-07,-0.00466948745497113
5.699e-07,-0.0045991744549711295
5.7e-07,-0.00466948745497113
5.701e-07,-0.006396049454971129
5.702e-07,-0.00866948745497113
5.703e-07,-0.00941948745497113
5.704e-07,-0.00866948745497113
5.705e-07,-0.006919487454971129
5.706e-07,-0.00466948745497113
5.707e-07,-0.0022397994549711296
5.708e-07,-0.0006694874549711296
5.709e-07,-0.0009351124549711294
5.71e-07,-0.0026694869881681293
5.711e-07,-0.00443511245497113
5.712e-07,-0.00466948745497113
5.713e-07,-0.0034897994549711294
5.714e-07,-0.0026694869881681293
5.715e-07,-0.0034976119549711294
5.716e-07,-0.00466948745497113
5.717e-07,-0.004396049454971129
5.718e-07,-0.0026694869881681293
5.719e-07,-0.0009663624549711295
5.72e-07,-0.0006694874549711296
5.721e-07,-0.0016772994549711295
5.722e-07,-0.0026694869881681293
5.723e-07,-0.0028726119549711297
5.724e-07,-0.0026694869881681293
5.725e-07,-0.0027397994849711295
5.726e-07,-0.0026694869881681293
5.727e-07,-0.0018335494549711296
5.728e-07,-0.0006694874549711296
5.729e-07,-0.00027104945497112955
5.73e-07,-0.0006694874549711296
5.731e-07,-0.0014897994549711295
5.732e-07,-0.0026694869881681293
5.733e-07,-0.0034741744549711294
5.734e-07,-0.0026694869881681293
5.735e-07,-0.0008179244549711296
5.736e-07,-0.0006694874549711296
5.737e-07,-0.0030366744549711294
5.738e-07,-0.00466948745497113
5.739e-07,-0.0025991744849711293
5.74e-07,0.0013305135450288707
5.741e-07,0.003119575545028871
5.742e-07,0.0013305135450288707
5.743e-07,-0.0018257369549711296
5.744e-07,-0.0026694869881681293
5.745e-07,-0.0005522994549711294
5.746e-07,0.0013305135450288707
5.747e-07,0.0005805135450288705
5.748e-07,-0.0006694874549711296
5.749e-07,2.3885450288704292e-06
5.75e-07,0.0013305135450288707
5.751e-07,0.0008695755450288706
5.752e-07,-0.0006694874549711296
5.753e-07,-0.0011538624549711294
5.754e-07,-0.0006694874549711296
5.755e-07,-0.0004976124549711295
5.756e-07,-0.0006694874549711296
5.757e-07,-0.0007085494549711295
5.758e-07,-0.0006694874549711296
5.759e-07,-0.0002788614549711294
5.76e-07,0.0013305135450288707
5.761e-07,0.0034008255450288702
5.762e-07,0.0033305135450288708
5.763e-07,0.00023676354502887064
5.764e-07,-0.0026694869881681293
5.765e-07,-0.0025132369549711294
5.766e-07,-0.0006694874549711296
5.767e-07,5.707554502887031e-05
5.768e-07,-0.0006694874549711296
5.769e-07,-0.0012241744549711295
5.77e-07,-0.0006694874549711296
5.771e-07,0.0005805135450288705
5.772e-07,0.0013305135450288707
5.773e-07,0.0013227005450288701
5.774e-07,0.0013305135450288707
5.775e-07,0.0016508255450288704
5.776e-07,0.0013305135450288707
5.777e-07,-6.792445497112937e-05
5.778e-07,-0.0006694874549711296
5.779e-07,0.0009320755450288707
5.78e-07,0.0033305135450288708
5.781e-07,0.00419770054502887
5.782e-07,0.0033305135450288708
5.783e-07,0.0019633255450288707
5.784e-07,0.0013305135450288707
5.785e-07,0.0013695755450288702
5.786e-07,0.0013305135450288707
5.787e-07,0.0010883255450288704
5.788e-07,0.0013305135450288707
5.789e-07,0.0024008255450288702
5.79e-07,0.0033305135450288708
5.791e-07,0.0029164505450288707
5.792e-07,0.0013305135450288707
5.793e-07,0.0002914505450288705
5.794e-07,0.0013305135450288707
5.795e-07,0.0038930135450288704
5.796e-07,0.0053305135450288695
5.797e-07,0.00440082554502887
5.798e-07,0.0033305135450288708
5.799e-07,0.004041450545028871
5.8e-07,0.0053305135450288695
5.801e-07,0.00496332554502887
5.802e-07,0.0033305135450288708
5.803e-07,0.002424263545028871
5.804e-07,0.0033305135450288708
5.805e-07,0.004924263545028871
5.806e-07,0.0053305135450288695
5.807e-07,0.00412738854502887
5.808e-07,0.0033305135450288708
5.809e-07,0.00423676354502887
5.81e-07,0.0053305135450288695
5.811e-07,0.004799263545028871
5.812e-07,0.0033305135450288708
5.813e-07,0.0028070755450288706
5.814e-07,0.0033305135450288708
5.815e-07,0.0036977005450288705
5.816e-07,0.0033305135450288708
5.817e-07,0.0028930135450288704
5.818e-07,0.0033305135450288708
5.819e-07,0.005080513545028871
5.82e-07,0.0073305135450288696
5.821e-07,0.00843207554502887
5.822e-07,0.0073305135450288696
5.823e-07,0.00480707554502887
5.824e-07,0.0033305135450288708
5.825e-07,0.004057075545028871
5.826e-07,0.0053305135450288695
5.827e-07,0.00550238854502887
5.828e-07,0.0053305135450288695
5.829e-07,0.00611957554502887
5.83e-07,0.0073305135450288696
5.831e-07,0.00760395554502887
5.832e-07,0.0073305135450288696
5.833e-07,0.007322700545028871
5.834e-07,0.0073305135450288696
5.835e-07,0.007080513545028869
5.836e-07,0.0073305135450288696
5.837e-07,0.00793207554502887
5.838e-07,0.0073305135450288696
5.839e-07,0.00501020054502887
5.84e-07,0.0033305135450288708
5.841e-07,0.0044242635450288705
5.842e-07,0.0073305135450288696
5.843e-07,0.00936957554502887
5.844e-07,0.00933051554502887
5.845e-07,0.00800238554502887
5.846e-07,0.0073305135450288696
5.847e-07,0.00766645554502887
5.848e-07,0.0073305135450288696
5.849e-07,0.005369575545028871
5.85e-07,0.0033305135450288708
5.851e-07,0.0029711385450288705
5.852e-07,0.0033305135450288708
5.853e-07,0.00321332554502887
5.854e-07,0.0033305135450288708
5.855e-07,0.005049263545028871
5.856e-07,0.0073305135450288696
5.857e-07,0.00868207554502887
5.858e-07,0.00933051554502887
5.859e-07,0.00971332554502887
5.86e-07,0.00933051554502887
5.861e-07,0.00796332554502887
5.862e-07,0.0073305135450288696
5.863e-07,0.007744575545028869
5.864e-07,0.0073305135450288696
5.865e-07,0.005049263545028871
5.866e-07,0.0033305135450288708
5.867e-07,0.0045336385450288706
5.868e-07,0.0073305135450288696
5.869e-07,0.00864301554502887
5.87e-07,0.0073305135450288696
5.871e-07,0.0052836385450288695
5.872e-07,0.0053305135450288695
5.873e-07,0.00775238554502887
5.874e-07,0.00933051554502887
5.875e-07,0.00778363554502887
5.876e-07,0.0053305135450288695
5.877e-07,0.00476020054502887
5.878e-07,0.0053305135450288695
5.879e-07,0.0052523885450288695
5.88e-07,0.0053305135450288695
5.881e-07,0.00654145054502887
5.882e-07,0.0073305135450288696
5.883e-07,0.00631488854502887
5.884e-07,0.0053305135450288695
5.885e-07,0.00615082554502887
5.886e-07,0.0073305135450288696
5.887e-07,0.006814888545028871
5.888e-07,0.0053305135450288695
5.889e-07,0.00425238854502887
