-4.53e-08,-0.00024832102275922655
-4.52e-08,0.0020641788317747735
-4.51e-08,0.0037516788317747737
-4.5e-08,0.0026423038317747735
-4.49e-08,-0.00024832102275922655
-4.48e-08,-0.0027326961682252265
-4.47e-08,-0.0042483211682252265
-4.46e-08,-0.004732696168225227
-4.45e-08,-0.0042483211682252265
-4.44e-08,-0.0023108211682252265
-4.43e-08,-0.00024832102275922655
-4.42e-08,0.0006110540317747734
-4.41e-08,-0.00024832102275922655
-4.4e-08,-0.0013576961682252265
-4.39e-08,-0.00024832102275922655
-4.38e-08,0.0026579288317747736
-4.37e-08,0.0037516788317747737
-4.36e-08,0.0013610538317747733
-4.35e-08,-0.00024832102275922655
-4.34e-08,0.0015954288317747735
-4.33e-08,0.0037516788317747737
-4.32e-08,0.0015016788317747734
-4.31e-08,-0.0042483211682252265
-4.3e-08,-0.008404571168225227
-4.29e-08,-0.008248321168225227
-4.28e-08,-0.0052795711682252265
-4.27e-08,-0.0042483211682252265
-4.26e-08,-0.006451446168225227
-4.25e-08,-0.008248321168225227
-4.24e-08,-0.005467071168225227
-4.23e-08,-0.00024832102275922655
-4.22e-08,0.0032516788317747732
-4.21e-08,0.0037516788317747737
-4.2e-08,0.0024548038317747734
-4.19e-08,-0.00024832102275922655
-4.18e-08,-0.0034983211682252267
-4.17e-08,-0.0042483211682252265
-4.16e-08,-0.0019514461682252266
-4.15e-08,-0.00024832102275922655
-4.14e-08,-0.0010295710682252266
-4.13e-08,-0.00024832102275922655
-4.12e-08,0.004282928831774773
-4.11e-08,0.007751678831774774
-4.1e-08,0.005251678831774773
-4.09e-08,-0.00024832102275922655
-4.08e-08,-0.0033733211682252266
-4.07e-08,-0.0042483211682252265
-4.06e-08,-0.004842071168225227
-4.05e-08,-0.0042483211682252265
-4.04e-08,-0.0016545711682252264
-4.03e-08,-0.00024832102275922655
-4.02e-08,-0.0011545710682252265
-4.01e-08,-0.00024832102275922655
-4e-08,0.0045485538317747735
-3.99e-08,0.007751678831774774
-3.98e-08,0.004939178831774773
-3.97e-08,-0.00024832102275922655
-3.96e-08,-0.0020451961682252267
-3.95e-08,-0.00024832102275922655
-3.94e-08,0.0009860538317747734
-3.93e-08,-0.00024832102275922655
-3.92e-08,-0.0017639461682252265
-3.91e-08,-0.00024832102275922655
-3.9e-08,0.004439178831774773
-3.89e-08,0.007751678831774774
-3.88e-08,0.005673553831774774
-3.87e-08,-0.00024832102275922655
-3.86e-08,-0.004701446168225227
-3.85e-08,-0.0042483211682252265
-3.84e-08,1.7303931774773475e-05
-3.83e-08,0.0037516788317747737
-3.82e-08,0.004407928831774773
-3.81e-08,0.0037516788317747737
-3.8e-08,0.0038766788317747738
-3.79e-08,0.0037516788317747737
-3.78e-08,0.0020485538317747735
-3.77e-08,-0.00024832102275922655
-3.76e-08,-0.0008576960682252265
-3.75e-08,-0.00024832102275922655
-3.74e-08,-0.00018582101822522653
-3.73e-08,-0.00024832102275922655
-3.72e-08,0.0009548038317747735
-3.71e-08,0.0037516788317747737
-3.7e-08,0.007642303831774774
-3.69e-08,0.011751675831774774
-3.68e-08,0.012861055831774774
-3.67e-08,0.007751678831774774
-3.66e-08,-0.0021389461682252264
-3.65e-08,-0.008248321168225227
-3.64e-08,-0.005717071168225227
-3.63e-08,-0.00024832102275922655
-3.62e-08,0.0012829288317747736
-3.61e-08,-0.00024832102275922655
-3.6e-08,-0.0006701960682252265
-3.59e-08,-0.00024832102275922655
-3.58e-08,-0.0014670711682252266
-3.57e-08,-0.0042483211682252265
-3.56e-08,-0.005498321168225227
-3.55e-08,-0.0042483211682252265
-3.54e-08,-0.0016701961682252264
-3.53e-08,-0.00024832102275922655
-3.52e-08,-0.0014514461682252266
-3.51e-08,-0.0042483211682252265
-3.5e-08,-0.005685821168225227
-3.49e-08,-0.0042483211682252265
-3.48e-08,-0.0010608210682252267
-3.47e-08,-0.00024832102275922655
-3.46e-08,-0.0027014461682252264
-3.45e-08,-0.0042483211682252265
-3.44e-08,-0.0022326961682252264
-3.43e-08,-0.00024832102275922655
-3.42e-08,-0.0009358210682252266
-3.41e-08,-0.00024832102275922655
-3.4e-08,0.004407928831774773
-3.39e-08,0.007751678831774774
-3.38e-08,0.004767303831774774
-3.37e-08,-0.00024832102275922655
-3.36e-08,-0.0014983211682252267
-3.35e-08,-0.00024832102275922655
-3.34e-08,-0.0010295710682252266
-3.33e-08,-0.0042483211682252265
-3.32e-08,-0.0061545711682252265
-3.31e-08,-0.0042483211682252265
-3.3e-08,0.0005329290317747735
-3.29e-08,0.0037516788317747737
-3.28e-08,0.0027985538317747733
-3.27e-08,-0.00024832102275922655
-3.26e-08,-0.0015920711682252263
-3.25e-08,-0.00024832102275922655
-3.24e-08,0.0020798038317747735
-3.23e-08,0.0037516788317747737
-3.22e-08,0.004095428831774773
-3.21e-08,0.0037516788317747737
-3.2e-08,0.0024548038317747734
-3.19e-08,-0.00024832102275922655
-3.18e-08,-0.0034358211682252266
-3.17e-08,-0.0042483211682252265
-3.16e-08,-0.0017639461682252265
-3.15e-08,-0.00024832102275922655
-3.14e-08,-0.0023108211682252265
-3.13e-08,-0.0042483211682252265
-3.12e-08,-0.0024983211682252267
-3.11e-08,-0.00024832102275922655
-3.1e-08,-0.00042019606822522653
-3.09e-08,-0.00024832102275922655
-3.08e-08,0.0024860538317747734
-3.07e-08,0.0037516788317747737
-3.06e-08,-7.644606822522653e-05
-3.05e-08,-0.0042483211682252265
-3.04e-08,-0.0035295711682252267
-3.03e-08,-0.00024832102275922655
-3.02e-08,0.0008766788317747734
-3.01e-08,-0.00024832102275922655
-3e-08,-0.0017639461682252265
-2.99e-08,-0.0042483211682252265
-2.98e-08,-0.007451446168225227
-2.97e-08,-0.008248321168225227
-2.96e-08,-0.004545196168225227
-2.95e-08,-0.00024832102275922655
-2.94e-08,0.0007360540317747736
-2.93e-08,-0.00024832102275922655
-2.92e-08,-0.0004983210682252265
-2.91e-08,-0.00024832102275922655
-2.9e-08,-0.00035769606822522653
-2.89e-08,-0.00024832102275922655
-2.88e-08,0.0004235540317747735
-2.87e-08,-0.00024832102275922655
-2.86e-08,-0.0038889461682252266
-2.85e-08,-0.008248321168225227
-2.84e-08,-0.008951446168225227
-2.83e-08,-0.0042483211682252265
-2.82e-08,0.0034079288317747734
-2.81e-08,0.007751678831774774
-2.8e-08,0.0055485538317747735
-2.79e-08,-0.00024832102275922655
-2.78e-08,-0.0043108211682252266
-2.77e-08,-0.0042483211682252265
-2.76e-08,-0.0018576961682252265
-2.75e-08,-0.00024832102275922655
-2.74e-08,0.0005798040317747735
-2.73e-08,0.0037516788317747737
-2.72e-08,0.009220428831774773
-2.71e-08,0.011751675831774774
-2.7e-08,0.007251678831774773
-2.69e-08,-0.00024832102275922655
-2.68e-08,-0.004373321168225227
-2.67e-08,-0.0042483211682252265
-2.66e-08,-0.0023733211682252266
-2.65e-08,-0.00024832102275922655
-2.64e-08,0.0021579288317747736
-2.63e-08,0.0037516788317747737
-2.62e-08,0.003892303831774774
-2.61e-08,0.0037516788317747737
-2.6e-08,0.004142303831774773
-2.59e-08,0.0037516788317747737
-2.58e-08,0.0025954288317747735
-2.57e-08,0.0037516788317747737
-2.56e-08,0.006986053831774773
-2.55e-08,0.007751678831774774
-2.54e-08,0.0034235538317747734
-2.53e-08,-0.00024832102275922655
-2.52e-08,0.0011891788317747736
-2.51e-08,0.0037516788317747737
-2.5e-08,0.0015954288317747735
-2.49e-08,-0.0042483211682252265
-2.48e-08,-0.008232696168225227
-2.47e-08,-0.008248321168225227
-2.46e-08,-0.005701446168225227
-2.45e-08,-0.0042483211682252265
-2.44e-08,-0.004388946168225227
-2.43e-08,-0.0042483211682252265
-2.42e-08,-0.0021076961682252263
-2.41e-08,-0.00024832102275922655
-2.4e-08,-0.0003264460282252265
-2.39e-08,-0.00024832102275922655
-2.38e-08,0.0017985538317747732
-2.37e-08,0.0037516788317747737
-2.36e-08,0.0026266788317747735
-2.35e-08,-0.00024832102275922655
-2.34e-08,-0.0015451961682252267
-2.33e-08,-0.00024832102275922655
-2.32e-08,0.0012829288317747736
-2.31e-08,-0.00024832102275922655
-2.3e-08,-0.004920196168225226
-2.29e-08,-0.008248321168225227
-2.28e-08,-0.0061545711682252265
-2.27e-08,-0.00024832102275922655
-2.26e-08,0.005189178831774773
-2.25e-08,0.007751678831774774
-2.24e-08,0.007079803831774773
-2.23e-08,0.0037516788317747737
-2.22e-08,-0.0009826960682252266
-2.21e-08,-0.0042483211682252265
-2.2e-08,-0.004545196168225227
-2.19e-08,-0.0042483211682252265
-2.18e-08,-0.004701446168225227
-2.17e-08,-0.0042483211682252265
-2.16e-08,-0.0019045711682252266
-2.15e-08,-0.00024832102275922655
-2.14e-08,-0.0005920710682252265
-2.13e-08,-0.00024832102275922655
-2.12e-08,0.0033610538317747733
-2.11e-08,0.007751678831774774
-2.1e-08,0.008142303831774774
-2.09e-08,0.0037516788317747737
-2.08e-08,-0.0019983211682252267
-2.07e-08,-0.0042483211682252265
-2.06e-08,-0.0022170711682252264
-2.05e-08,-0.00024832102275922655
-2.04e-08,-0.0017170711682252264
-2.03e-08,-0.0042483211682252265
-2.02e-08,-0.0035608211682252268
-2.01e-08,-0.00024832102275922655
-2e-08,0.002689178831774773
-1.99e-08,0.0037516788317747737
-1.98e-08,0.002751678831774773
-1.97e-08,-0.00024832102275922655
-1.96e-08,-0.0038264461682252266
-1.95e-08,-0.0042483211682252265
-1.94e-08,-0.0003264460282252265
-1.93e-08,0.0037516788317747737
-1.92e-08,0.0035173038317747735
-1.91e-08,-0.00024832102275922655
-1.9e-08,-0.004654571168225227
-1.89e-08,-0.008248321168225227
-1.88e-08,-0.009842071168225226
-1.87e-08,-0.008248321168225227
-1.86e-08,-0.003654571168225227
-1.85e-08,-0.00024832102275922655
-1.84e-08,-0.0008576960682252265
-1.83e-08,-0.0042483211682252265
-1.82e-08,-0.005967071168225226
-1.81e-08,-0.0042483211682252265
-1.8e-08,-0.0006545710682252265
-1.79e-08,-0.00024832102275922655
-1.78e-08,-0.0032639461682252265
-1.77e-08,-0.0042483211682252265
-1.76e-08,0.0005954290317747734
-1.75e-08,0.007751678831774774
-1.74e-08,0.011236055831774774
-1.73e-08,0.011751675831774774
-1.72e-08,0.012501675831774773
-1.71e-08,0.015751675831774774
-1.7e-08,0.017829805831774775
-1.69e-08,0.015751675831774774
-1.68e-08,0.008251678831774774
-1.67e-08,-0.00024832102275922655
-1.66e-08,-0.005685821168225227
-1.65e-08,-0.008248321168225227
-1.64e-08,-0.009779571168225226
-1.63e-08,-0.012248324168225227
-1.62e-08,-0.013107694168225227
-1.61e-08,-0.012248324168225227
-1.6e-08,-0.008310821168225227
-1.59e-08,-0.0042483211682252265
-1.58e-08,-2.9571068225226513e-05
-1.57e-08,0.0037516788317747737
-1.56e-08,0.008704803831774773
-1.55e-08,0.015751675831774774
-1.54e-08,0.022845425831774777
-1.53e-08,0.027751675831774774
-1.52e-08,0.029079805831774774
-1.51e-08,0.031751675831774774
-1.5e-08,0.03440792583177477
-1.49e-08,0.031751675831774774
-1.48e-08,0.019720425831774774
-1.47e-08,0.007751678831774774
-1.46e-08,0.003220428831774773
-1.45e-08,0.0037516788317747737
-1.44e-08,0.0024548038317747734
-1.43e-08,-0.00024832102275922655
-1.42e-08,0.00020480403177477346
-1.41e-08,0.0037516788317747737
-1.4e-08,0.006376678831774773
-1.39e-08,0.0037516788317747737
-1.38e-08,-0.0037170711682252265
-1.37e-08,-0.012248324168225227
-1.36e-08,-0.016420194168225224
-1.35e-08,-0.016248324168225223
-1.34e-08,-0.013545194168225227
-1.33e-08,-0.012248324168225227
-1.32e-08,-0.012107694168225226
-1.31e-08,-0.012248324168225227
-1.3e-08,-0.010592074168225227
-1.29e-08,-0.008248321168225227
-1.28e-08,-0.005029571168225226
-1.27e-08,-0.00024832102275922655
-1.26e-08,0.006251678831774773
-1.25e-08,0.011751675831774774
-1.24e-08,0.013095425831774773
-1.23e-08,0.011751675831774774
-1.22e-08,0.009595428831774774
-1.21e-08,0.007751678831774774
-1.2e-08,0.0055641788317747735
-1.19e-08,0.0037516788317747737
-1.18e-08,0.0030173038317747734
-1.17e-08,0.0037516788317747737
-1.16e-08,0.005392303831774773
-1.15e-08,0.007751678831774774
-1.14e-08,0.010220425831774774
-1.13e-08,0.011751675831774774
-1.12e-08,0.012314175831774774
-1.11e-08,0.011751675831774774
-1.1e-08,0.010314175831774774
-1.09e-08,0.007751678831774774
-1.08e-08,0.003907928831774773
-1.07e-08,-0.00024832102275922655
-1.06e-08,-0.0015920711682252263
-1.05e-08,0.0037516788317747737
-1.04e-08,0.014501675831774773
-1.03e-08,0.023751675831774774
-1.02e-08,0.024486055831774774
-1.01e-08,0.019751675831774774
-1e-08,0.013298555831774774
-9.9e-09,0.007751678831774774
-9.8e-09,0.0014079288317747733
-9.7e-09,-0.0042483211682252265
-9.6e-09,-0.008467071168225227
-9.5e-09,-0.012248324168225227
-9.4e-09,-0.017482694168225225
-9.3e-09,-0.024248324168225224
-9.2e-09,-0.030388944168225226
-9.1e-09,-0.036248324168225224
-9e-09,-0.038185824168225226
-8.9e-09,-0.036248324168225224
-8.8e-09,-0.029451444168225226
-8.7e-09,-0.024248324168225224
-8.6e-09,-0.022717074168225226
-8.5e-09,-0.024248324168225224
-8.4e-09,-0.022748324168225226
-8.3e-09,-0.016248324168225223
-8.2e-09,-0.006013946168225226
-8.1e-09,0.0037516788317747737
-8e-09,0.009126678831774773
-7.9e-09,0.011751675831774774
-7.8e-09,0.012767305831774774
-7.7e-09,0.015751675831774774
-7.6e-09,0.017689175831774775
-7.5e-09,0.015751675831774774
-7.4e-09,0.008001678831774774
-7.3e-09,-0.00024832102275922655
-7.2e-09,-0.0062326961682252265
-7.1e-09,-0.012248324168225227
-7e-09,-0.019638944168225224
-6.9e-09,-0.024248324168225224
-6.8e-09,-0.020592074168225224
-6.7e-09,-0.012248324168225227
-6.6e-09,-0.004607696168225227
-6.5e-09,-0.00024832102275922655
-6.4e-09,0.0023298038317747733
-6.3e-09,0.0037516788317747737
-6.2e-09,0.0028141788317747733
-6.1e-09,-0.00024832102275922655
-6e-09,-0.005920196168225226
-5.9e-09,-0.012248324168225227
-5.8e-09,-0.016904574168225224
-5.7e-09,-0.016248324168225223
-5.6e-09,-0.012279574168225227
-5.5e-09,-0.012248324168225227
-5.4e-09,-0.019217074168225226
-5.3e-09,-0.028248324168225224
-5.2e-09,-0.03174832416822523
-5.1e-09,-0.03224832416822523
-5e-09,-0.032107694168225225
-4.9e-09,-0.03224832416822523
-4.8e-09,-0.027935824168225223
-4.7e-09,-0.020248324168225224
-4.6e-09,-0.011107694168225227
-4.5e-09,-0.0042483211682252265
-4.4e-09,0.0002829290317747735
-4.3e-09,0.0037516788317747737
-4.2e-09,0.007751678831774774
-4.1e-09,0.011751675831774774
-4e-09,0.013986055831774773
-3.9e-09,0.015751675831774774
-3.8e-09,0.017439175831774775
-3.7e-09,0.019751675831774774
-3.6e-09,0.021189175831774775
-3.5e-09,0.023751675831774774
-3.4e-09,0.026298555831774775
-3.3e-09,0.027751675831774774
-3.2e-09,0.025736055831774775
-3.1e-09,0.023751675831774774
-3e-09,0.021861055831774775
-2.9e-09,0.019751675831774774
-2.8e-09,0.014282925831774774
-2.7e-09,0.007751678831774774
-2.6e-09,0.0024704288317747734
-2.5e-09,-0.00024832102275922655
-2.4e-09,-0.003638946168225227
-2.3e-09,-0.012248324168225227
-2.2e-09,-0.025092074168225224
-2.1e-09,-0.036248324168225224
-2e-09,-0.038748324168225226
-1.9e-09,-0.036248324168225224
-1.8e-09,-0.032779574168225224
-1.7e-09,-0.03224832416822523
-1.6e-09,-0.031123324168225226
-1.5e-09,-0.028248324168225224
-1.4e-09,-0.023201444168225224
-1.3e-09,-0.020248324168225224
-1.2e-09,-0.019951444168225224
-1.1e-09,-0.020248324168225224
-1e-09,-0.017170194168225225
-9e-10,-0.012248324168225227
-8e-10,-0.008467071168225227
-7e-10,-0.008248321168225227
-6e-10,-0.009076446168225227
-5e-10,-0.008248321168225227
-4e-10,-0.003138946168225227
-3e-10,0.0037516788317747737
-2e-10,0.011173555831774774
-1e-10,0.019751675831774774
0.0,0.029892305831774775
1e-10,0.039751675831774774
2e-10,0.04592355583177477
3e-10,0.05175167583177478
4e-10,0.05672042583177477
5e-10,0.05975167583177478
6e-10,0.05653292583177477
7e-10,0.05175167583177478
8e-10,0.046095425831774776
9e-10,0.039751675831774774
1e-09,0.029548555831774775
1.1e-09,0.019751675831774774
1.2e-09,0.014579805831774774
1.3e-09,0.015751675831774774
1.4e-09,0.019345425831774773
1.5e-09,0.019751675831774774
1.6e-09,0.014673555831774774
1.7e-09,0.007751678831774774
1.8e-09,0.0020485538317747735
1.9e-09,-0.0042483211682252265
2e-09,-0.012560824168225227
2.1e-09,-0.020248324168225224
2.2e-09,-0.023029574168225226
2.3e-09,-0.024248324168225224
2.4e-09,-0.026967074168225226
2.5e-09,-0.03224832416822523
2.6e-09,-0.036248324168225224
2.7e-09,-0.04024832416822523
2.8e-09,-0.040920194168225225
2.9e-09,-0.036248324168225224
3e-09,-0.025138944168225225
3.1e-09,-0.016248324168225223
3.2e-09,-0.013701444168225227
3.3e-09,-0.012248324168225227
3.4e-09,-0.006638946168225227
3.5e-09,-0.00024832102275922655
3.6e-09,0.0009860538317747734
3.7e-09,-0.00024832102275922655
3.8e-09,-0.0005920710682252265
3.9e-09,-0.00024832102275922655
4e-09,-0.0032014461682252264
4.1e-09,-0.008248321168225227
4.2e-09,-0.012045194168225226
4.3e-09,-0.012248324168225227
4.4e-09,-0.009826446168225226
4.5e-09,-0.008248321168225227
4.6e-09,-0.008560821168225227
4.7e-09,-0.008248321168225227
4.8e-09,-0.004732696168225227
4.9e-09,-0.00024832102275922655
5e-09,0.0013610538317747733
5.1e-09,-0.00024832102275922655
5.2e-09,-0.0026076961682252268
5.3e-09,-0.0042483211682252265
5.4e-09,-0.004670196168225227
5.5e-09,-0.0042483211682252265
5.6e-09,-0.004670196168225227
5.7e-09,-0.008248321168225227
5.8e-09,-0.012920194168225227
5.9e-09,-0.012248324168225227
6e-09,-0.0033264461682252265
6.1e-09,0.007751678831774774
6.2e-09,0.012939175831774773
6.3e-09,0.011751675831774774
6.4e-09,0.0074860538317747735
6.5e-09,0.0037516788317747737
6.6e-09,0.00022042903177477347
6.7e-09,-0.0042483211682252265
6.8e-09,-0.009217071168225227
6.9e-09,-0.012248324168225227
7e-09,-0.012295194168225226
7.1e-09,-0.012248324168225227
7.2e-09,-0.013138944168225227
7.3e-09,-0.012248324168225227
7.4e-09,-0.006513946168225227
7.5e-09,-0.00024832102275922655
7.6e-09,0.0016735538317747736
7.7e-09,-0.00024832102275922655
7.8e-09,-0.0029983211682252267
7.9e-09,-0.0042483211682252265
8e-09,-0.004685821168225227
8.1e-09,-0.0042483211682252265
8.2e-09,-0.004107696168225226
8.3e-09,-0.0042483211682252265
8.4e-09,-0.006795196168225227
8.5e-09,-0.012248324168225227
8.6e-09,-0.019592074168225226
8.7e-09,-0.024248324168225224
8.8e-09,-0.024326444168225225
8.9e-09,-0.024248324168225224
9e-09,-0.027201444168225224
9.1e-09,-0.03224832416822523
9.2e-09,-0.03454519416822523
9.3e-09,-0.036248324168225224
9.4e-09,-0.037763944168225226
9.5e-09,-0.04024832416822523
9.6e-09,-0.03965457416822522
9.7e-09,-0.036248324168225224
9.8e-09,-0.028092074168225224
9.9e-09,-0.016248324168225223
1e-08,-0.0016389461682252263
1.01e-08,0.011751675831774774
1.02e-08,0.019314175831774773
1.03e-08,0.019751675831774774
1.04e-08,0.014751675831774773
1.05e-08,0.011751675831774774
1.06e-08,0.012970425831774773
1.07e-08,0.015751675831774774
1.08e-08,0.015673555831774776
1.09e-08,0.015751675831774774
1.1e-08,0.017704805831774775
1.11e-08,0.019751675831774774
1.12e-08,0.018329805831774775
1.13e-08,0.015751675831774774
1.14e-08,0.016173555831774777
1.15e-08,0.019751675831774774
1.16e-08,0.023126675831774773
1.17e-08,0.023751675831774774
1.18e-08,0.020720425831774775
1.19e-08,0.015751675831774774
1.2e-08,0.011704805831774773
1.21e-08,0.011751675831774774
1.22e-08,0.014689175831774773
1.23e-08,0.015751675831774774
1.24e-08,0.013064175831774773
1.25e-08,0.011751675831774774
1.26e-08,0.014439175831774773
1.27e-08,0.015751675831774774
1.28e-08,0.010720425831774773
1.29e-08,0.0037516788317747737
1.3e-08,0.0006735540317747735
1.31e-08,-0.00024832102275922655
1.32e-08,-0.0023420711682252265
1.33e-08,-0.0042483211682252265
1.34e-08,-0.0027951961682252265
1.35e-08,-0.00024832102275922655
1.36e-08,-0.00029519602822522653
1.37e-08,-0.0042483211682252265
1.38e-08,-0.008248321168225227
1.39e-08,-0.008248321168225227
1.4e-08,-0.0034045711682252266
1.41e-08,-0.00024832102275922655
1.42e-08,-0.0017951961682252265
1.43e-08,-0.0042483211682252265
1.44e-08,-0.002670196168225227
1.45e-08,-0.00024832102275922655
1.46e-08,-0.0001701960182252265
1.47e-08,-0.00024832102275922655
1.48e-08,0.004189178831774773
1.49e-08,0.011751675831774774
1.5e-08,0.017392305831774774
1.51e-08,0.019751675831774774
1.52e-08,0.019470425831774774
1.53e-08,0.019751675831774774
1.54e-08,0.021001675831774775
1.55e-08,0.023751675831774774
1.56e-08,0.023907925831774774
1.57e-08,0.019751675831774774
1.58e-08,0.011204805831774774
1.59e-08,0.0037516788317747737
1.6e-08,0.00048605403177477344
1.61e-08,-0.00024832102275922655
1.62e-08,-0.0024045711682252266
1.63e-08,-0.008248321168225227
1.64e-08,-0.014060824168225227
1.65e-08,-0.016248324168225223
1.66e-08,-0.012545194168225226
1.67e-08,-0.008248321168225227
1.68e-08,-0.006529571168225227
1.69e-08,-0.008248321168225227
1.7e-08,-0.008420196168225227
1.71e-08,-0.0042483211682252265
1.72e-08,0.0031110538317747735
1.73e-08,0.007751678831774774
1.74e-08,0.0074860538317747735
1.75e-08,0.007751678831774774
1.76e-08,0.011704805831774773
1.77e-08,0.015751675831774774
1.78e-08,0.014579805831774774
1.79e-08,0.011751675831774774
1.8e-08,0.011095425831774773
1.81e-08,0.011751675831774774
1.82e-08,0.008861053831774773
1.83e-08,0.0037516788317747737
1.84e-08,-0.00024832102275922655
1.85e-08,-0.00024832102275922655
1.86e-08,0.0022985538317747732
1.87e-08,0.0037516788317747737
1.88e-08,0.0011735538317747735
1.89e-08,-0.0042483211682252265
1.9e-08,-0.010185821168225227
1.91e-08,-0.016248324168225223
1.92e-08,-0.021373324168225225
1.93e-08,-0.024248324168225224
1.94e-08,-0.022951444168225223
1.95e-08,-0.020248324168225224
1.96e-08,-0.018763944168225227
1.97e-08,-0.020248324168225224
1.98e-08,-0.021795194168225226
1.99e-08,-0.020248324168225224
2e-08,-0.015357694168225227
2.01e-08,-0.012248324168225227
2.02e-08,-0.013904574168225227
2.03e-08,-0.016248324168225223
2.04e-08,-0.015201444168225227
2.05e-08,-0.012248324168225227
2.06e-08,-0.012263944168225226
2.07e-08,-0.016248324168225223
2.08e-08,-0.021013944168225225
2.09e-08,-0.024248324168225224
2.1e-08,-0.024545194168225225
2.11e-08,-0.024248324168225224
2.12e-08,-0.023920194168225224
2.13e-08,-0.024248324168225224
2.14e-08,-0.022013944168225226
2.15e-08,-0.016248324168225223
2.16e-08,-0.006451446168225227
2.17e-08,0.0037516788317747737
2.18e-08,0.011220425831774773
2.19e-08,0.015751675831774774
2.2e-08,0.016704805831774774
2.21e-08,0.015751675831774774
2.22e-08,0.013611055831774773
2.23e-08,0.015751675831774774
2.24e-08,0.020720425831774775
2.25e-08,0.023751675831774774
2.26e-08,0.017892305831774775
2.27e-08,0.007751678831774774
2.28e-08,-0.0018108211682252265
2.29e-08,-0.008248321168225227
2.3e-08,-0.012935824168225227
2.31e-08,-0.016248324168225223
2.32e-08,-0.017998324168225225
2.33e-08,-0.020248324168225224
2.34e-08,-0.023826444168225224
2.35e-08,-0.028248324168225224
2.36e-08,-0.030576444168225223
2.37e-08,-0.03224832416822523
2.38e-08,-0.03232644416822523
2.39e-08,-0.03224832416822523
2.4e-08,-0.031185824168225226
2.41e-08,-0.03224832416822523
2.42e-08,-0.03349832416822523
2.43e-08,-0.03224832416822523
2.44e-08,-0.025045194168225225
2.45e-08,-0.016248324168225223
2.46e-08,-0.009357696168225226
2.47e-08,-0.0042483211682252265
2.48e-08,0.0014235538317747733
2.49e-08,0.007751678831774774
2.5e-08,0.012407925831774773
2.51e-08,0.015751675831774774
2.52e-08,0.016782925831774775
2.53e-08,0.015751675831774774
2.54e-08,0.012814175831774773
2.55e-08,0.011751675831774774
2.56e-08,0.013470425831774773
2.57e-08,0.015751675831774774
2.58e-08,0.015064175831774773
2.59e-08,0.011751675831774774
2.6e-08,0.009595428831774774
2.61e-08,0.011751675831774774
2.62e-08,0.018064175831774776
2.63e-08,0.023751675831774774
2.64e-08,0.025204805831774774
2.65e-08,0.023751675831774774
2.66e-08,0.022517305831774775
2.67e-08,0.023751675831774774
2.68e-08,0.025751675831774776
2.69e-08,0.027751675831774774
2.7e-08,0.027923555831774777
2.71e-08,0.027751675831774774
2.72e-08,0.026032925831774776
2.73e-08,0.023751675831774774
2.74e-08,0.018939175831774777
2.75e-08,0.011751675831774774
2.76e-08,0.0032516788317747732
2.77e-08,-0.0042483211682252265
2.78e-08,-0.009857696168225226
2.79e-08,-0.016248324168225223
2.8e-08,-0.022998324168225226
2.81e-08,-0.028248324168225224
2.82e-08,-0.026623324168225226
2.83e-08,-0.020248324168225224
2.84e-08,-0.012076444168225226
2.85e-08,-0.008248321168225227
2.86e-08,-0.008138946168225226
2.87e-08,-0.008248321168225227
2.88e-08,-0.004763946168225227
2.89e-08,-0.00024832102275922655
2.9e-08,0.0023454288317747733
2.91e-08,0.0037516788317747737
2.92e-08,0.005907928831774773
2.93e-08,0.007751678831774774
2.94e-08,0.007673553831774774
2.95e-08,0.007751678831774774
2.96e-08,0.009845425831774774
2.97e-08,0.011751675831774774
2.98e-08,0.012579805831774774
2.99e-08,0.015751675831774774
3e-08,0.022423555831774775
3.01e-08,0.027751675831774774
3.02e-08,0.027923555831774777
3.03e-08,0.027751675831774774
3.04e-08,0.03129855583177477
3.05e-08,0.03575167583177478
3.06e-08,0.03531417583177478
3.07e-08,0.031751675831774774
3.08e-08,0.028486055831774774
3.09e-08,0.027751675831774774
3.1e-08,0.027439175831774774
3.11e-08,0.027751675831774774
3.12e-08,0.027814175831774774
3.13e-08,0.027751675831774774
3.14e-08,0.026095425831774776
3.15e-08,0.023751675831774774
3.16e-08,0.019204805831774776
3.17e-08,0.011751675831774774
3.18e-08,0.0024079288317747733
3.19e-08,-0.0042483211682252265
3.2e-08,-0.006326446168225227
3.21e-08,-0.008248321168225227
3.22e-08,-0.013326444168225227
3.23e-08,-0.020248324168225224
3.24e-08,-0.023670194168225224
3.25e-08,-0.024248324168225224
3.26e-08,-0.023420194168225224
3.27e-08,-0.024248324168225224
3.28e-08,-0.024763944168225225
3.29e-08,-0.024248324168225224
3.3e-08,-0.020967074168225224
3.31e-08,-0.016248324168225223
3.32e-08,-0.012545194168225226
3.33e-08,-0.012248324168225227
3.34e-08,-0.013842074168225227
3.35e-08,-0.012248324168225227
3.36e-08,-0.007045196168225226
3.37e-08,-0.0042483211682252265
3.38e-08,-0.008810821168225227
3.39e-08,-0.016248324168225223
3.4e-08,-0.020154574168225223
3.41e-08,-0.020248324168225224
3.42e-08,-0.019826444168225224
3.43e-08,-0.020248324168225224
3.44e-08,-0.019279574168225226
3.45e-08,-0.016248324168225223
3.46e-08,-0.011654574168225226
3.47e-08,-0.008248321168225227
3.48e-08,-0.007373321168225227
3.49e-08,-0.008248321168225227
3.5e-08,-0.008795196168225227
3.51e-08,-0.008248321168225227
3.52e-08,-0.006717071168225227
3.53e-08,-0.0042483211682252265
3.54e-08,-0.0016545711682252264
3.55e-08,-0.00024832102275922655
3.56e-08,-0.0014358211682252266
3.57e-08,-0.0042483211682252265
3.58e-08,-0.006060821168225226
3.59e-08,-0.0042483211682252265
3.6e-08,0.0004235540317747735
3.61e-08,0.0037516788317747737
3.62e-08,0.0027829288317747732
3.63e-08,-0.00024832102275922655
3.64e-08,-0.0016701961682252264
3.65e-08,-0.00024832102275922655
3.66e-08,0.0012985538317747737
3.67e-08,-0.00024832102275922655
3.68e-08,-0.0038264461682252266
3.69e-08,-0.0042483211682252265
3.7e-08,0.00022042903177477347
3.71e-08,0.0037516788317747737
3.72e-08,0.0012673038317747736
3.73e-08,-0.0042483211682252265
3.74e-08,-0.006326446168225227
3.75e-08,-0.0042483211682252265
3.76e-08,-0.0012795711682252265
3.77e-08,-0.00024832102275922655
3.78e-08,-0.0006858210682252266
3.79e-08,-0.00024832102275922655
3.8e-08,0.0017516788317747732
3.81e-08,0.0037516788317747737
3.82e-08,0.003986053831774773
3.83e-08,0.0037516788317747737
3.84e-08,0.004345428831774773
3.85e-08,0.0037516788317747737
3.86e-08,0.00015792903177477347
3.87e-08,-0.0042483211682252265
3.88e-08,-0.006560821168225227
3.89e-08,-0.008248321168225227
3.9e-08,-0.008560821168225227
3.91e-08,-0.0042483211682252265
3.92e-08,0.005267303831774773
3.93e-08,0.011751675831774774
3.94e-08,0.010657925831774773
3.95e-08,0.007751678831774774
3.96e-08,0.010298555831774773
3.97e-08,0.015751675831774774
3.98e-08,0.017564175831774775
3.99e-08,0.015751675831774774
4e-08,0.014064175831774774
4.01e-08,0.015751675831774774
4.02e-08,0.019532925831774774
4.03e-08,0.023751675831774774
4.04e-08,0.025376675831774775
4.05e-08,0.023751675831774774
4.06e-08,0.019657925831774774
4.07e-08,0.015751675831774774
4.08e-08,0.013220425831774773
4.09e-08,0.011751675831774774
4.1e-08,0.010126675831774774
4.11e-08,0.007751678831774774
4.12e-08,0.006236053831774773
4.13e-08,0.007751678831774774
4.14e-08,0.012361055831774773
4.15e-08,0.015751675831774774
4.16e-08,0.014892305831774774
4.17e-08,0.011751675831774774
4.18e-08,0.009361053831774773
4.19e-08,0.007751678831774774
4.2e-08,0.006626678831774774
4.21e-08,0.007751678831774774
4.22e-08,0.011048555831774774
4.23e-08,0.011751675831774774
4.24e-08,0.006626678831774774
4.25e-08,-0.00024832102275922655
4.26e-08,-0.002638946168225227
4.27e-08,-0.00024832102275922655
4.28e-08,0.004314178831774773
4.29e-08,0.007751678831774774
4.3e-08,0.008892303831774773
4.31e-08,0.007751678831774774
4.32e-08,0.0054860538317747735
4.33e-08,0.0037516788317747737
4.34e-08,0.0045485538317747735
4.35e-08,0.007751678831774774
4.36e-08,0.011439175831774773
4.37e-08,0.011751675831774774
4.38e-08,0.007829803831774774
4.39e-08,0.0037516788317747737
4.4e-08,0.004001678831774773
4.41e-08,0.007751678831774774
4.42e-08,0.012251675831774774
4.43e-08,0.015751675831774774
4.44e-08,0.017892305831774775
4.45e-08,0.019751675831774774
4.46e-08,0.020204805831774777
4.47e-08,0.019751675831774774
4.48e-08,0.018673555831774775
4.49e-08,0.019751675831774774
4.5e-08,0.021376675831774775
4.51e-08,0.019751675831774774
4.52e-08,0.011251675831774773
4.53e-08,-0.00024832102275922655
4.54e-08,-0.008998321168225227
4.55e-08,-0.012248324168225227
4.56e-08,-0.011732694168225227
4.57e-08,-0.012248324168225227
4.58e-08,-0.013623324168225226
4.59e-08,-0.012248324168225227
4.6e-08,-0.006795196168225227
4.61e-08,-0.0042483211682252265
4.62e-08,-0.008998321168225227
4.63e-08,-0.016248324168225223
4.64e-08,-0.018326444168225226
4.65e-08,-0.016248324168225223
4.66e-08,-0.014888944168225227
4.67e-08,-0.016248324168225223
4.68e-08,-0.018404574168225225
4.69e-08,-0.020248324168225224
4.7e-08,-0.020763944168225225
4.71e-08,-0.020248324168225224
4.72e-08,-0.018248324168225225
4.73e-08,-0.016248324168225223
4.74e-08,-0.014170194168225226
4.75e-08,-0.012248324168225227
4.76e-08,-0.010029571168225226
4.77e-08,-0.008248321168225227
4.78e-08,-0.006701446168225227
4.79e-08,-0.0042483211682252265
4.8e-08,-0.0012639461682252265
4.81e-08,-0.00024832102275922655
4.82e-08,-0.0013733211682252265
4.83e-08,-0.00024832102275922655
4.84e-08,0.004626678831774774
4.85e-08,0.007751678831774774
4.86e-08,0.0045798038317747735
4.87e-08,-0.00024832102275922655
4.88e-08,-0.0003733210682252265
4.89e-08,0.0037516788317747737
4.9e-08,0.008032928831774774
4.91e-08,0.011751675831774774
4.92e-08,0.014751675831774773
4.93e-08,0.015751675831774774
4.94e-08,0.013517305831774773
4.95e-08,0.011751675831774774
4.96e-08,0.011876675831774774
4.97e-08,0.011751675831774774
4.98e-08,0.008267303831774774
4.99e-08,0.0037516788317747737
5e-08,0.0008141788317747736
5.01e-08,-0.00024832102275922655
5.02e-08,-0.0014670711682252266
5.03e-08,-0.0042483211682252265
5.04e-08,-0.007060821168225226
5.05e-08,-0.008248321168225227
5.06e-08,-0.007404571168225227
5.07e-08,-0.008248321168225227
5.08e-08,-0.011060824168225226
5.09e-08,-0.012248324168225227
5.1e-08,-0.008420196168225227
5.11e-08,-0.0042483211682252265
5.12e-08,-0.0035451961682252267
5.13e-08,-0.0042483211682252265
5.14e-08,-0.002638946168225227
5.15e-08,-0.00024832102275922655
5.16e-08,7.980403177477346e-05
5.17e-08,-0.00024832102275922655
5.18e-08,0.0012048038317747736
5.19e-08,0.0037516788317747737
5.2e-08,0.004642303831774774
5.21e-08,0.0037516788317747737
5.22e-08,0.0018454288317747733
5.23e-08,-0.00024832102275922655
5.24e-08,-0.0015764461682252267
5.25e-08,-0.00024832102275922655
5.26e-08,0.0028923038317747733
5.27e-08,0.0037516788317747737
5.28e-08,0.0012516788317747736
5.29e-08,-0.00024832102275922655
5.3e-08,0.0020641788317747735
5.31e-08,0.0037516788317747737
5.32e-08,0.0005798040317747735
5.33e-08,-0.0042483211682252265
5.34e-08,-0.004701446168225227
5.35e-08,-0.00024832102275922655
5.36e-08,0.005111053831774773
5.37e-08,0.007751678831774774
5.38e-08,0.006579803831774774
5.39e-08,0.0037516788317747737
5.4e-08,0.0011266788317747735
5.41e-08,-0.00024832102275922655
5.42e-08,-0.0008420710682252265
5.43e-08,-0.00024832102275922655
5.44e-08,0.0005798040317747735
5.45e-08,-0.00024832102275922655
5.46e-08,-0.0038889461682252266
5.47e-08,-0.008248321168225227
5.48e-08,-0.010888944168225227
5.49e-08,-0.012248324168225227
5.5e-08,-0.013607694168225227
5.51e-08,-0.016248324168225223
5.52e-08,-0.017795194168225226
5.53e-08,-0.016248324168225223
5.54e-08,-0.011404574168225226
5.55e-08,-0.008248321168225227
5.56e-08,-0.009232696168225227
5.57e-08,-0.012248324168225227
5.58e-08,-0.012373324168225227
5.59e-08,-0.008248321168225227
5.6e-08,-0.0027951961682252265
5.61e-08,-0.00024832102275922655
5.62e-08,-0.0009670710682252265
5.63e-08,-0.00024832102275922655
5.64e-08,0.0030798038317747735
5.65e-08,0.0037516788317747737
5.66e-08,-0.0020451961682252267
5.67e-08,-0.008248321168225227
5.68e-08,-0.008201446168225227
5.69e-08,-0.0042483211682252265
5.7e-08,-0.0016701961682252264
5.71e-08,-0.00024832102275922655
5.72e-08,0.0021579288317747736
5.73e-08,0.0037516788317747737
5.74e-08,0.0022829288317747732
5.75e-08,-0.00024832102275922655
5.76e-08,-0.0009358210682252266
5.77e-08,-0.00024832102275922655
5.78e-08,1.7303931774773475e-05
5.79e-08,-0.00024832102275922655
5.8e-08,-0.0004670710682252265
5.81e-08,-0.00024832102275922655
5.82e-08,-1.3946068225226526e-05
5.83e-08,-0.00024832102275922655
5.84e-08,-0.0005608210682252264
5.85e-08,-0.00024832102275922655
5.86e-08,0.00026730403177477346
5.87e-08,-0.00024832102275922655
5.88e-08,-0.0023264461682252265
5.89e-08,-0.0042483211682252265
5.9e-08,-0.003607696168225227
5.91e-08,-0.00024832102275922655
5.92e-08,0.0023298038317747733
5.93e-08,-0.00024832102275922655
5.94e-08,-0.007373321168225227
5.95e-08,-0.012248324168225227
5.96e-08,-0.009701446168225226
5.97e-08,-0.0042483211682252265
5.98e-08,-0.0020764461682252267
5.99e-08,-0.0042483211682252265
6e-08,-0.0071076961682252264
6.01e-08,-0.008248321168225227
6.02e-08,-0.006998321168225226
6.03e-08,-0.0042483211682252265
6.04e-08,-0.0003108210282252265
6.05e-08,0.0037516788317747737
6.06e-08,0.005829803831774774
6.07e-08,0.0037516788317747737
6.08e-08,-0.0015295711682252267
6.09e-08,-0.0042483211682252265
6.1e-08,-0.0011545710682252265
6.11e-08,0.0037516788317747737
6.12e-08,0.005204803831774773
6.13e-08,0.0037516788317747737
6.14e-08,0.0025798038317747735
6.15e-08,0.0037516788317747737
6.16e-08,0.004907928831774773
6.17e-08,0.0037516788317747737
6.18e-08,0.0005329290317747735
6.19e-08,-0.00024832102275922655
6.2e-08,0.0024548038317747734
6.21e-08,0.0037516788317747737
6.22e-08,-0.0009045710682252265
6.23e-08,-0.008248321168225227
6.24e-08,-0.013123324168225226
6.25e-08,-0.016248324168225223
6.26e-08,-0.019107694168225223
6.27e-08,-0.020248324168225224
6.28e-08,-0.016810824168225224
6.29e-08,-0.012248324168225227
6.3e-08,-0.009420196168225226
6.31e-08,-0.008248321168225227
6.32e-08,-0.0072326961682252265
6.33e-08,-0.008248321168225227
6.34e-08,-0.011123324168225226
6.35e-08,-0.012248324168225227
6.36e-08,-0.008982696168225227
6.37e-08,-0.0042483211682252265
6.38e-08,-0.0025608211682252267
6.39e-08,-0.0042483211682252265
6.4e-08,-0.005795196168225227
6.41e-08,-0.0042483211682252265
6.42e-08,-0.0008108210682252266
6.43e-08,-0.00024832102275922655
6.44e-08,-0.004357696168225227
6.45e-08,-0.008248321168225227
6.46e-08,-0.006482696168225227
6.47e-08,-0.00024832102275922655
6.48e-08,0.0055016788317747735
6.49e-08,0.007751678831774774
6.5e-08,0.006689178831774774
6.51e-08,0.0037516788317747737
6.52e-08,0.0006423040317747735
6.53e-08,-0.00024832102275922655
6.54e-08,0.0014860538317747734
6.55e-08,0.0037516788317747737
6.56e-08,0.005361053831774773
6.57e-08,0.007751678831774774
6.58e-08,0.010782925831774773
6.59e-08,0.011751675831774774
6.6e-08,0.008345428831774773
6.61e-08,0.0037516788317747737
6.62e-08,0.0020329288317747734
6.63e-08,0.0037516788317747737
6.64e-08,0.006392303831774773
6.65e-08,0.007751678831774774
6.66e-08,0.006845428831774773
6.67e-08,0.0037516788317747737
6.68e-08,-0.00035769606822522653
6.69e-08,-0.0042483211682252265
6.7e-08,-0.005670196168225227
6.71e-08,-0.0042483211682252265
6.72e-08,-0.00015457101822522653
6.73e-08,0.0037516788317747737
6.74e-08,0.006204803831774773
6.75e-08,0.007751678831774774
6.76e-08,0.009736053831774774
6.77e-08,0.011751675831774774
6.78e-08,0.012423555831774773
6.79e-08,0.011751675831774774
6.8e-08,0.010907925831774773
6.81e-08,0.011751675831774774
6.82e-08,0.013861055831774773
6.83e-08,0.015751675831774774
6.84e-08,0.014907925831774773
6.85e-08,0.011751675831774774
6.86e-08,0.008548553831774773
6.87e-08,0.007751678831774774
6.88e-08,0.009532928831774774
6.89e-08,0.011751675831774774
6.9e-08,0.011392305831774774
6.91e-08,0.007751678831774774
6.92e-08,0.0037360538317747737
6.93e-08,0.0037516788317747737
6.94e-08,0.008173553831774774
6.95e-08,0.011751675831774774
6.96e-08,0.009829805831774773
6.97e-08,0.0037516788317747737
6.98e-08,-0.0006858210682252266
6.99e-08,-0.00024832102275922655
7e-08,0.0032673038317747732
7.01e-08,0.0037516788317747737
7.02e-08,-0.0003733210682252265
7.03e-08,-0.0042483211682252265
7.04e-08,-0.0022483211682252265
7.05e-08,0.0037516788317747737
7.06e-08,0.009111053831774773
7.07e-08,0.011751675831774774
7.08e-08,0.012267305831774773
7.09e-08,0.011751675831774774
7.1e-08,0.010048555831774773
7.11e-08,0.007751678831774774
7.12e-08,0.006267303831774773
7.13e-08,0.007751678831774774
7.14e-08,0.010095425831774774
7.15e-08,0.007751678831774774
7.16e-08,6.41790317747735e-05
7.17e-08,-0.0042483211682252265
7.18e-08,0.0007204290317747734
7.19e-08,0.007751678831774774
7.2e-08,0.008236053831774774
7.21e-08,0.0037516788317747737
7.22e-08,0.0015954288317747735
7.23e-08,0.0037516788317747737
7.24e-08,0.006798553831774774
7.25e-08,0.007751678831774774
7.26e-08,0.006189178831774773
7.27e-08,0.0037516788317747737
7.28e-08,0.0026110538317747735
7.29e-08,0.0037516788317747737
7.3e-08,0.005126678831774773
7.31e-08,0.0037516788317747737
7.32e-08,-0.00048269606822522654
7.33e-08,-0.0042483211682252265
7.34e-08,-0.004060821168225226
7.35e-08,-0.00024832102275922655
7.36e-08,0.0036110538317747735
7.37e-08,0.0037516788317747737
7.38e-08,0.0008610538317747734
7.39e-08,-0.00024832102275922655
7.4e-08,0.0022829288317747732
7.41e-08,0.0037516788317747737
7.42e-08,0.00034542903177477353
7.43e-08,-0.0042483211682252265
7.44e-08,-0.0052639461682252265
7.45e-08,-0.0042483211682252265
7.46e-08,-0.004326446168225227
7.47e-08,-0.0042483211682252265
7.48e-08,-0.0019358211682252266
7.49e-08,-0.00024832102275922655
7.5e-08,-0.0017170711682252264
7.51e-08,-0.0042483211682252265
7.52e-08,-0.004717071168225227
7.53e-08,-0.0042483211682252265
7.54e-08,-0.004467071168225227
7.55e-08,-0.0042483211682252265
7.56e-08,-0.0022326961682252264
7.57e-08,-0.00024832102275922655
7.58e-08,-9.207106822522651e-05
7.59e-08,-0.00024832102275922655
7.6e-08,0.00025167903177477345
7.61e-08,-0.00024832102275922655
7.62e-08,-0.0027951961682252265
7.63e-08,-0.0042483211682252265
7.64e-08,-0.0025451961682252267
7.65e-08,-0.00024832102275922655
7.66e-08,-0.0010451960682252267
7.67e-08,-0.0042483211682252265
7.68e-08,-0.007045196168225226
7.69e-08,-0.008248321168225227
7.7e-08,-0.008263946168225227
7.71e-08,-0.008248321168225227
7.72e-08,-0.008170196168225227
7.73e-08,-0.008248321168225227
7.74e-08,-0.008170196168225227
7.75e-08,-0.008248321168225227
7.76e-08,-0.008263946168225227
7.77e-08,-0.008248321168225227
7.78e-08,-0.007045196168225226
7.79e-08,-0.0042483211682252265
7.8e-08,-0.0011076960682252265
7.81e-08,-0.00024832102275922655
7.82e-08,-0.0022639461682252265
7.83e-08,-0.0042483211682252265
7.84e-08,-0.0034201961682252266
7.85e-08,-0.00024832102275922655
7.86e-08,0.0014860538317747734
7.87e-08,-0.00024832102275922655
7.88e-08,-0.0037639461682252265
7.89e-08,-0.0042483211682252265
7.9e-08,-0.0004045710682252265
7.91e-08,0.0037516788317747737
7.92e-08,0.0026266788317747735
7.93e-08,-0.0042483211682252265
7.94e-08,-0.011373324168225226
7.95e-08,-0.012248324168225227
7.96e-08,-0.007045196168225226
7.97e-08,-0.0042483211682252265
7.98e-08,-0.008138946168225226
7.99e-08,-0.012248324168225227
8e-08,-0.009560821168225226
8.01e-08,-0.0042483211682252265
8.02e-08,-0.0028264461682252265
8.03e-08,-0.0042483211682252265
8.04e-08,-0.0043108211682252266
8.05e-08,-0.0042483211682252265
8.06e-08,-0.006404571168225227
8.07e-08,-0.008248321168225227
8.08e-08,-0.006920196168225226
8.09e-08,-0.0042483211682252265
8.1e-08,-0.0034358211682252266
8.11e-08,-0.0042483211682252265
8.12e-08,-0.004670196168225227
8.13e-08,-0.0042483211682252265
8.14e-08,-0.0038420711682252266
8.15e-08,-0.0042483211682252265
8.16e-08,-0.005670196168225227
8.17e-08,-0.008248321168225227
8.18e-08,-0.010060821168225226
8.19e-08,-0.008248321168225227
8.2e-08,-0.003123321168225227
8.21e-08,-0.00024832102275922655
8.22e-08,-0.0021701961682252264
8.23e-08,-0.0042483211682252265
8.24e-08,-0.0024826961682252267
8.25e-08,-0.00024832102275922655
8.26e-08,-0.0016076961682252263
8.27e-08,-0.0042483211682252265
8.28e-08,-0.003654571168225227
8.29e-08,-0.00024832102275922655
8.3e-08,0.0016735538317747736
8.31e-08,-0.00024832102275922655
8.32e-08,-0.0038264461682252266
8.33e-08,-0.0042483211682252265
8.34e-08,-0.00015457101822522653
8.35e-08,0.0037516788317747737
8.36e-08,0.0031110538317747735
8.37e-08,-0.00024832102275922655
8.38e-08,-0.0019045711682252266
8.39e-08,-0.00024832102275922655
8.4e-08,0.0015173038317747734
8.41e-08,-0.00024832102275922655
8.42e-08,-0.004092071168225226
8.43e-08,-0.0042483211682252265
8.44e-08,0.0007829288317747735
8.45e-08,0.0037516788317747737
8.46e-08,-0.0008889460682252265
8.47e-08,-0.008248321168225227
8.48e-08,-0.009513946168225226
8.49e-08,-0.0042483211682252265
8.5e-08,0.0019860538317747734
8.51e-08,0.0037516788317747737
8.52e-08,0.0014548038317747734
8.53e-08,-0.00024832102275922655
8.54e-08,0.0015485538317747734
8.55e-08,0.0037516788317747737
8.56e-08,0.0036266788317747736
8.57e-08,0.0037516788317747737
8.58e-08,0.006267303831774773
8.59e-08,0.007751678831774774
8.6e-08,0.005407928831774773
8.61e-08,0.0037516788317747737
8.62e-08,0.006970428831774773
8.63e-08,0.011751675831774774
8.64e-08,0.012157925831774774
8.65e-08,0.007751678831774774
8.66e-08,0.0032985538317747733
8.67e-08,0.0037516788317747737
8.68e-08,0.008564178831774773
8.69e-08,0.011751675831774774
8.7e-08,0.010017305831774773
8.71e-08,0.007751678831774774
8.72e-08,0.009267303831774773
8.73e-08,0.011751675831774774
8.74e-08,0.010642305831774774
8.75e-08,0.007751678831774774
8.76e-08,0.006845428831774773
8.77e-08,0.007751678831774774
8.78e-08,0.007923553831774774
8.79e-08,0.007751678831774774
8.8e-08,0.007923553831774774
8.81e-08,0.007751678831774774
8.82e-08,0.006126678831774773
8.83e-08,0.0037516788317747737
8.84e-08,0.0017360538317747732
8.85e-08,-0.00024832102275922655
8.86e-08,-0.0024514461682252266
8.87e-08,-0.0042483211682252265
8.88e-08,-0.004560821168225227
8.89e-08,-0.0042483211682252265
8.9e-08,-0.003123321168225227
8.91e-08,-0.00024832102275922655
8.92e-08,0.0036423038317747736
8.93e-08,0.0037516788317747737
8.94e-08,-0.0008264460682252266
8.95e-08,-0.0042483211682252265
8.96e-08,-0.0023264461682252265
8.97e-08,-0.00024832102275922655
8.98e-08,-0.0023108211682252265
8.99e-08,-0.0042483211682252265
9e-08,-0.0010295710682252266
9.01e-08,0.0037516788317747737
9.02e-08,0.004923553831774773
9.03e-08,0.0037516788317747737
9.04e-08,0.004720428831774774
9.05e-08,0.007751678831774774
9.06e-08,0.009298553831774773
9.07e-08,0.007751678831774774
9.08e-08,0.0045329288317747735
9.09e-08,0.0037516788317747737
9.1e-08,0.006970428831774773
9.11e-08,0.011751675831774774
9.12e-08,0.013532925831774774
9.13e-08,0.011751675831774774
9.14e-08,0.007751678831774774
9.15e-08,0.0037516788317747737
9.16e-08,0.0007985538317747735
9.17e-08,-0.00024832102275922655
9.18e-08,3.292893177477349e-05
9.19e-08,-0.00024832102275922655
9.2e-08,-0.0021545711682252264
9.21e-08,-0.0042483211682252265
9.22e-08,-0.004826446168225227
9.23e-08,-0.0042483211682252265
9.24e-08,-0.003623321168225227
9.25e-08,-0.0042483211682252265
9.26e-08,-0.005935821168225226
9.27e-08,-0.008248321168225227
9.28e-08,-0.010342074168225227
9.29e-08,-0.012248324168225227
9.3e-08,-0.013045194168225227
9.31e-08,-0.012248324168225227
9.32e-08,-0.009842071168225226
9.33e-08,-0.008248321168225227
9.34e-08,-0.008185821168225227
9.35e-08,-0.008248321168225227
9.36e-08,-0.006498321168225227
9.37e-08,-0.0042483211682252265
9.38e-08,-0.0034983211682252267
9.39e-08,-0.0042483211682252265
9.4e-08,-0.004732696168225227
9.41e-08,-0.0042483211682252265
9.42e-08,-0.0027170711682252264
9.43e-08,-0.00024832102275922655
9.44e-08,0.0013141788317747737
9.45e-08,-0.00024832102275922655
9.46e-08,-0.003920196168225226
9.47e-08,-0.0042483211682252265
9.48e-08,0.0013454288317747733
9.49e-08,0.007751678831774774
9.5e-08,0.008611053831774773
9.51e-08,0.0037516788317747737
9.52e-08,-0.0019983211682252267
9.53e-08,-0.0042483211682252265
9.54e-08,-0.0025451961682252267
9.55e-08,-0.00024832102275922655
9.56e-08,0.0010954288317747735
9.57e-08,0.0037516788317747737
9.58e-08,0.008470428831774773
9.59e-08,0.011751675831774774
9.6e-08,0.010361055831774773
9.61e-08,0.007751678831774774
9.62e-08,0.007376678831774773
9.63e-08,0.007751678831774774
9.64e-08,0.004907928831774773
9.65e-08,-0.00024832102275922655
9.66e-08,-0.0042014461682252265
9.67e-08,-0.0042483211682252265
9.68e-08,-0.0016076961682252263
9.69e-08,-0.00024832102275922655
9.7e-08,-0.0017951961682252265
9.71e-08,-0.0042483211682252265
9.72e-08,-0.004607696168225227
9.73e-08,-0.0042483211682252265
9.74e-08,-0.005373321168225227
9.75e-08,-0.008248321168225227
9.76e-08,-0.009623321168225226
9.77e-08,-0.008248321168225227
9.78e-08,-0.004326446168225227
9.79e-08,-0.00024832102275922655
9.8e-08,0.0014548038317747734
9.81e-08,-0.00024832102275922655
9.82e-08,-0.0024201961682252266
9.83e-08,-0.00024832102275922655
9.84e-08,0.0064860538317747735
9.85e-08,0.011751675831774774
9.86e-08,0.010001675831774774
9.87e-08,0.0037516788317747737
9.88e-08,-0.0008733210682252265
9.89e-08,-0.00024832102275922655
9.9e-08,0.0029860538317747734
9.91e-08,0.0037516788317747737
9.92e-08,0.0009860538317747734
9.93e-08,-0.00024832102275922655
9.94e-08,0.003189178831774773
9.95e-08,0.007751678831774774
9.96e-08,0.007829803831774774
9.97e-08,0.0037516788317747737
9.98e-08,0.00014230403177477346
9.99e-08,-0.00024832102275922655
1e-07,0.0007985538317747735
1.001e-07,-0.00024832102275922655
1.002e-07,-0.004373321168225227
1.003e-07,-0.008248321168225227
1.004e-07,-0.007935821168225226
1.005e-07,-0.0042483211682252265
1.006e-07,-0.0005295710682252265
1.007e-07,-0.00024832102275922655
1.008e-07,-0.0024983211682252267
1.009e-07,-0.0042483211682252265
1.01e-07,-0.004138946168225226
1.011e-07,-0.0042483211682252265
1.012e-07,-0.0052639461682252265
1.013e-07,-0.0042483211682252265
1.014e-07,0.0011266788317747735
1.015e-07,0.007751678831774774
1.016e-07,0.009392303831774773
1.017e-07,0.0037516788317747737
1.018e-07,-0.004810821168225227
1.019e-07,-0.008248321168225227
1.02e-07,-0.0042795711682252265
1.021e-07,-0.00024832102275922655
1.022e-07,-0.0017170711682252264
1.023e-07,-0.0042483211682252265
1.024e-07,-0.0015608211682252267
1.025e-07,0.0037516788317747737
1.026e-07,0.0055798038317747736
1.027e-07,0.0037516788317747737
1.028e-07,0.0014704288317747734
1.029e-07,-0.00024832102275922655
1.03e-07,-0.0015139461682252267
1.031e-07,-0.00024832102275922655
1.032e-07,0.0029704288317747734
1.033e-07,0.0037516788317747737
1.034e-07,-0.00024832102275922655
1.035e-07,-0.0042483211682252265
1.036e-07,-0.004560821168225227
1.037e-07,-0.0042483211682252265
1.038e-07,-0.006388946168225227
1.039e-07,-0.008248321168225227
1.04e-07,-0.006404571168225227
1.041e-07,-0.0042483211682252265
1.042e-07,-0.005467071168225227
1.043e-07,-0.008248321168225227
1.044e-07,-0.008732696168225227
1.045e-07,-0.008248321168225227
1.046e-07,-0.008482696168225227
1.047e-07,-0.008248321168225227
1.048e-07,-0.006060821168225226
1.049e-07,-0.0042483211682252265
1.05e-07,-0.004342071168225227
1.051e-07,-0.0042483211682252265
1.052e-07,-0.0020920711682252263
1.053e-07,-0.00024832102275922655
1.054e-07,-0.0015764461682252267
1.055e-07,-0.0042483211682252265
1.056e-07,-0.005404571168225227
1.057e-07,-0.0042483211682252265
1.058e-07,-0.0023733211682252266
1.059e-07,-0.00024832102275922655
1.06e-07,0.0009548038317747735
1.061e-07,-0.00024832102275922655
1.062e-07,-0.0042639461682252265
1.063e-07,-0.008248321168225227
1.064e-07,-0.010263944168225226
1.065e-07,-0.012248324168225227
1.066e-07,-0.014888944168225227
1.067e-07,-0.016248324168225223
1.068e-07,-0.014310824168225227
1.069e-07,-0.012248324168225227
1.07e-07,-0.012029574168225227
1.071e-07,-0.012248324168225227
1.072e-07,-0.009295196168225226
1.073e-07,-0.0042483211682252265
1.074e-07,-0.00042019606822522653
1.075e-07,-0.00024832102275922655
1.076e-07,-0.0027951961682252265
1.077e-07,-0.0042483211682252265
1.078e-07,-0.0027951961682252265
1.079e-07,-0.00024832102275922655
1.08e-07,0.0004235540317747735
1.081e-07,-0.00024832102275922655
1.082e-07,-0.0006389460682252265
1.083e-07,-0.00024832102275922655
1.084e-07,-9.207106822522651e-05
1.085e-07,-0.00024832102275922655
1.086e-07,-0.0003733210682252265
1.087e-07,-0.00024832102275922655
1.088e-07,-1.3946068225226526e-05
1.089e-07,-0.00024832102275922655
1.09e-07,-0.0006545710682252265
1.091e-07,-0.00024832102275922655
1.092e-07,0.0007204290317747734
1.093e-07,-0.00024832102275922655
1.094e-07,-0.0032014461682252264
1.095e-07,-0.0042483211682252265
1.096e-07,-0.0007795710682252265
1.097e-07,0.0037516788317747737
1.098e-07,0.004970428831774773
1.099e-07,0.0037516788317747737
1.1e-07,0.0031110538317747735
1.101e-07,0.0037516788317747737
1.102e-07,0.004220428831774773
1.103e-07,0.0037516788317747737
1.104e-07,0.0021266788317747735
1.105e-07,-0.00024832102275922655
1.106e-07,-0.0027170711682252264
1.107e-07,-0.0042483211682252265
1.108e-07,-0.0034514461682252267
1.109e-07,-0.00024832102275922655
1.11e-07,0.0035016788317747734
1.111e-07,0.0037516788317747737
1.112e-07,-0.0003264460282252265
1.113e-07,-0.0042483211682252265
1.114e-07,-0.0037483211682252265
1.115e-07,-0.00024832102275922655
1.116e-07,0.0026423038317747735
1.117e-07,0.0037516788317747737
1.118e-07,0.003970428831774773
1.119e-07,0.0037516788317747737
1.12e-07,0.0022985538317747732
1.121e-07,-0.00024832102275922655
1.122e-07,-0.0028576961682252266
1.123e-07,-0.0042483211682252265
1.124e-07,-0.0030608211682252267
1.125e-07,-0.00024832102275922655
1.126e-07,0.0024860538317747734
1.127e-07,0.0037516788317747737
1.128e-07,0.0027985538317747733
1.129e-07,-0.00024832102275922655
1.13e-07,-0.0024983211682252267
1.131e-07,-0.00024832102275922655
1.132e-07,0.0064235538317747734
1.133e-07,0.011751675831774774
1.134e-07,0.010032925831774774
1.135e-07,0.0037516788317747737
1.136e-07,-0.0011076960682252265
1.137e-07,-0.00024832102275922655
1.138e-07,0.0045641788317747735
1.139e-07,0.007751678831774774
1.14e-07,0.0055798038317747736
1.141e-07,-0.00024832102275922655
1.142e-07,-0.005560821168225227
1.143e-07,-0.008248321168225227
1.144e-07,-0.008467071168225227
1.145e-07,-0.008248321168225227
1.146e-07,-0.007013946168225226
1.147e-07,-0.0042483211682252265
1.148e-07,6.41790317747735e-05
1.149e-07,0.0037516788317747737
1.15e-07,0.004782928831774774
1.151e-07,0.0037516788317747737
1.152e-07,0.0029548038317747734
1.153e-07,0.0037516788317747737
1.154e-07,0.004939178831774773
1.155e-07,0.0037516788317747737
1.156e-07,-0.0005295710682252265
1.157e-07,-0.0042483211682252265
1.158e-07,-0.004779571168225227
1.159e-07,-0.0042483211682252265
1.16e-07,-0.0037326961682252265
1.161e-07,-0.00024832102275922655
1.162e-07,0.007032928831774773
1.163e-07,0.011751675831774774
1.164e-07,0.008923553831774773
1.165e-07,0.0037516788317747737
1.166e-07,0.0024704288317747734
1.167e-07,0.0037516788317747737
1.168e-07,0.0028141788317747733
1.169e-07,-0.00024832102275922655
1.17e-07,-0.0027795711682252265
1.171e-07,-0.0042483211682252265
1.172e-07,-0.005045196168225226
1.173e-07,-0.0042483211682252265
1.174e-07,-0.0015451961682252267
1.175e-07,-0.00024832102275922655
1.176e-07,-0.0009045710682252265
1.177e-07,-0.00024832102275922655
1.178e-07,0.0029548038317747734
1.179e-07,0.0037516788317747737
1.18e-07,-0.00048269606822522654
1.181e-07,-0.0042483211682252265
1.182e-07,-0.0017639461682252265
1.183e-07,0.0037516788317747737
1.184e-07,0.005782928831774774
1.185e-07,0.0037516788317747737
1.186e-07,0.0009704288317747735
1.187e-07,-0.00024832102275922655
1.188e-07,0.0005641790317747735
1.189e-07,0.0037516788317747737
1.19e-07,0.0074548038317747735
1.191e-07,0.007751678831774774
1.192e-07,0.0036579288317747736
1.193e-07,-0.00024832102275922655
1.194e-07,-0.0007170710682252266
1.195e-07,-0.00024832102275922655
1.196e-07,-0.0018264461682252265
1.197e-07,-0.0042483211682252265
1.198e-07,-0.0037639461682252265
1.199e-07,-0.00024832102275922655
1.2e-07,0.0033298038317747733
1.201e-07,0.0037516788317747737
1.202e-07,0.0012985538317747737
1.203e-07,-0.00024832102275922655
1.204e-07,0.0013610538317747733
1.205e-07,0.0037516788317747737
1.206e-07,0.004142303831774773
1.207e-07,0.0037516788317747737
1.208e-07,0.004079803831774773
1.209e-07,0.0037516788317747737
1.21e-07,0.00048605403177477344
1.211e-07,-0.0042483211682252265
1.212e-07,-0.006326446168225227
1.213e-07,-0.0042483211682252265
1.214e-07,0.0005485540317747735
1.215e-07,0.0037516788317747737
1.216e-07,0.0028923038317747733
1.217e-07,-0.00024832102275922655
1.218e-07,-0.0018420711682252265
1.219e-07,-0.00024832102275922655
1.22e-07,0.0038298038317747737
1.221e-07,0.007751678831774774
1.222e-07,0.009142303831774773
1.223e-07,0.007751678831774774
1.224e-07,0.004001678831774773
1.225e-07,-0.00024832102275922655
1.226e-07,-0.0023889461682252266
1.227e-07,-0.00024832102275922655
1.228e-07,0.004970428831774773
1.229e-07,0.007751678831774774
1.23e-07,0.004923553831774773
1.231e-07,-0.00024832102275922655
1.232e-07,-0.0023264461682252265
1.233e-07,-0.00024832102275922655
1.234e-07,0.0030641788317747735
1.235e-07,0.0037516788317747737
1.236e-07,0.0025641788317747735
1.237e-07,0.0037516788317747737
1.238e-07,0.008595428831774773
1.239e-07,0.011751675831774774
1.24e-07,0.008892303831774773
1.241e-07,0.0037516788317747737
1.242e-07,0.0020329288317747734
1.243e-07,0.0037516788317747737
1.244e-07,0.005782928831774774
1.245e-07,0.007751678831774774
1.246e-07,0.010173555831774773
1.247e-07,0.011751675831774774
1.248e-07,0.010673555831774774
1.249e-07,0.007751678831774774
1.25e-07,0.004970428831774773
1.251e-07,0.0037516788317747737
1.252e-07,0.0037985538317747737
1.253e-07,0.0037516788317747737
1.254e-07,0.003220428831774773
1.255e-07,0.0037516788317747737
1.256e-07,0.006111053831774773
1.257e-07,0.007751678831774774
1.258e-07,0.006407928831774773
1.259e-07,0.0037516788317747737
1.26e-07,0.0017829288317747732
1.261e-07,-0.00024832102275922655
1.262e-07,-0.0019983211682252267
1.263e-07,-0.00024832102275922655
1.264e-07,0.005126678831774773
1.265e-07,0.007751678831774774
1.266e-07,0.0030173038317747734
1.267e-07,-0.0042483211682252265
1.268e-07,-0.006592071168225227
1.269e-07,-0.0042483211682252265
1.27e-07,-0.0011233210682252265
1.271e-07,-0.00024832102275922655
1.272e-07,-0.0014983211682252267
1.273e-07,-0.0042483211682252265
1.274e-07,-0.006107696168225226
1.275e-07,-0.0042483211682252265
1.276e-07,0.0018454288317747733
1.277e-07,0.007751678831774774
1.278e-07,0.009517303831774774
1.279e-07,0.007751678831774774
1.28e-07,0.005111053831774773
1.281e-07,0.0037516788317747737
1.282e-07,0.0035329288317747735
1.283e-07,0.0037516788317747737
1.284e-07,0.0037360538317747737
1.285e-07,0.0037516788317747737
1.286e-07,0.003892303831774774
1.287e-07,0.0037516788317747737
1.288e-07,0.0034235538317747734
1.289e-07,0.0037516788317747737
1.29e-07,0.004642303831774774
1.291e-07,0.0037516788317747737
1.292e-07,0.0008923038317747734
1.293e-07,-0.00024832102275922655
1.294e-07,0.0029704288317747734
1.295e-07,0.007751678831774774
1.296e-07,0.009517303831774774
1.297e-07,0.007751678831774774
1.298e-07,0.004892303831774773
1.299e-07,0.0037516788317747737
1.3e-07,0.004079803831774773
1.301e-07,0.0037516788317747737
1.302e-07,0.0015485538317747734
1.303e-07,-0.00024832102275922655
1.304e-07,-0.00010769606822522653
1.305e-07,-0.00024832102275922655
1.306e-07,-0.0023420711682252265
1.307e-07,-0.0042483211682252265
1.308e-07,-0.0037795711682252265
1.309e-07,-0.0042483211682252265
1.31e-07,-0.0071076961682252264
1.311e-07,-0.008248321168225227
1.312e-07,-0.004467071168225227
1.313e-07,-0.00024832102275922655
1.314e-07,0.00022042903177477347
1.315e-07,-0.00024832102275922655
1.316e-07,0.0018923038317747733
1.317e-07,0.0037516788317747737
1.318e-07,0.0011735538317747735
1.319e-07,-0.0042483211682252265
1.32e-07,-0.008029571168225226
1.321e-07,-0.008248321168225227
1.322e-07,-0.006279571168225227
1.323e-07,-0.0042483211682252265
1.324e-07,-0.0024983211682252267
1.325e-07,-0.00024832102275922655
1.326e-07,0.0025954288317747735
1.327e-07,0.0037516788317747737
1.328e-07,0.0009704288317747735
1.329e-07,-0.0042483211682252265
1.33e-07,-0.008138946168225226
1.331e-07,-0.008248321168225227
1.332e-07,-0.004717071168225227
1.333e-07,-0.00024832102275922655
1.334e-07,0.0017516788317747732
1.335e-07,-0.00024832102275922655
1.336e-07,-0.004748321168225227
1.337e-07,-0.008248321168225227
1.338e-07,-0.007763946168225227
1.339e-07,-0.0042483211682252265
1.34e-07,-0.0007639460682252265
1.341e-07,-0.00024832102275922655
1.342e-07,-0.0024358211682252266
1.343e-07,-0.0042483211682252265
1.344e-07,-0.0032170711682252265
1.345e-07,-0.00024832102275922655
1.346e-07,0.0016110538317747735
1.347e-07,-0.00024832102275922655
1.348e-07,-0.003920196168225226
1.349e-07,-0.0042483211682252265
1.35e-07,0.00022042903177477347
1.351e-07,0.0037516788317747737
1.352e-07,0.0023298038317747733
1.353e-07,-0.00024832102275922655
1.354e-07,0.0008141788317747736
1.355e-07,0.0037516788317747737
1.356e-07,0.0044704288317747734
1.357e-07,0.0037516788317747737
1.358e-07,0.004736053831774774
1.359e-07,0.007751678831774774
1.36e-07,0.009517303831774774
1.361e-07,0.007751678831774774
1.362e-07,0.0031266788317747735
1.363e-07,-0.00024832102275922655
1.364e-07,0.0006266790317747735
1.365e-07,0.0037516788317747737
1.366e-07,0.005282928831774773
1.367e-07,0.0037516788317747737
1.368e-07,0.0010485538317747734
1.369e-07,-0.00024832102275922655
1.37e-07,0.0011735538317747735
1.371e-07,0.0037516788317747737
1.372e-07,0.006157928831774773
1.373e-07,0.007751678831774774
1.374e-07,0.008407928831774773
1.375e-07,0.007751678831774774
1.376e-07,0.0055329288317747735
1.377e-07,0.0037516788317747737
1.378e-07,0.0044860538317747735
1.379e-07,0.007751678831774774
1.38e-07,0.010970425831774773
1.381e-07,0.011751675831774774
1.382e-07,0.008782928831774773
1.383e-07,0.0037516788317747737
1.384e-07,-9.207106822522651e-05
1.385e-07,-0.00024832102275922655
1.386e-07,0.0024235538317747734
1.387e-07,0.0037516788317747737
1.388e-07,0.0019860538317747734
1.389e-07,-0.00024832102275922655
1.39e-07,0.0006891790317747735
1.391e-07,0.0037516788317747737
1.392e-07,0.005595428831774774
1.393e-07,0.0037516788317747737
1.394e-07,0.00048605403177477344
1.395e-07,-0.00024832102275922655
1.396e-07,0.0032829288317747733
1.397e-07,0.007751678831774774
1.398e-07,0.009142303831774773
1.399e-07,0.007751678831774774
1.4e-07,0.006626678831774774
1.401e-07,0.007751678831774774
1.402e-07,0.010079805831774773
1.403e-07,0.011751675831774774
1.404e-07,0.010829805831774774
1.405e-07,0.007751678831774774
1.406e-07,0.004407928831774773
1.407e-07,0.0037516788317747737
1.408e-07,0.005907928831774773
1.409e-07,0.007751678831774774
1.41e-07,0.006579803831774774
1.411e-07,0.0037516788317747737
1.412e-07,0.0015016788317747734
1.413e-07,-0.00024832102275922655
1.414e-07,-0.0012326960682252264
1.415e-07,-0.00024832102275922655
1.416e-07,0.002736053831774773
1.417e-07,0.0037516788317747737
1.418e-07,0.00039230403177477346
1.419e-07,-0.0042483211682252265
1.42e-07,-0.004732696168225227
1.421e-07,-0.00024832102275922655
1.422e-07,0.005673553831774774
1.423e-07,0.007751678831774774
1.424e-07,0.004407928831774773
1.425e-07,-0.00024832102275922655
1.426e-07,-0.0018420711682252265
1.427e-07,-0.00024832102275922655
1.428e-07,0.0020954288317747735
1.429e-07,0.0037516788317747737
1.43e-07,0.0044704288317747734
1.431e-07,0.0037516788317747737
1.432e-07,0.0016423038317747735
1.433e-07,-0.00024832102275922655
1.434e-07,-0.0005451960682252265
1.435e-07,-0.00024832102275922655
1.436e-07,-0.0002795710182252265
1.437e-07,-0.00024832102275922655
1.438e-07,0.0010485538317747734
1.439e-07,0.0037516788317747737
1.44e-07,0.006751678831774774
1.441e-07,0.007751678831774774
1.442e-07,0.006282928831774773
1.443e-07,0.0037516788317747737
1.444e-07,0.0016891788317747736
1.445e-07,-0.00024832102275922655
1.446e-07,-0.0017639461682252265
1.447e-07,-0.00024832102275922655
1.448e-07,0.005376678831774773
1.449e-07,0.011751675831774774
1.45e-07,0.015064175831774773
1.451e-07,0.015751675831774774
1.452e-07,0.014782925831774773
1.453e-07,0.011751675831774774
1.454e-07,0.005861053831774773
1.455e-07,-0.00024832102275922655
1.456e-07,-0.0027483211682252265
1.457e-07,-0.00024832102275922655
1.458e-07,0.004736053831774774
1.459e-07,0.007751678831774774
1.46e-07,0.006611053831774774
1.461e-07,0.0037516788317747737
1.462e-07,0.0027673038317747732
1.463e-07,0.0037516788317747737
1.464e-07,0.004782928831774774
1.465e-07,0.0037516788317747737
1.466e-07,0.0012985538317747737
1.467e-07,-0.00024832102275922655
1.468e-07,-7.644606822522653e-05
1.469e-07,-0.00024832102275922655
1.47e-07,-0.0011233210682252265
1.471e-07,-0.00024832102275922655
1.472e-07,0.003923553831774773
1.473e-07,0.007751678831774774
1.474e-07,0.007329803831774773
1.475e-07,0.0037516788317747737
1.476e-07,0.0017360538317747732
1.477e-07,0.0037516788317747737
1.478e-07,0.0074548038317747735
1.479e-07,0.007751678831774774
1.48e-07,0.0032516788317747732
1.481e-07,-0.00024832102275922655
1.482e-07,0.0020798038317747735
1.483e-07,0.007751678831774774
1.484e-07,0.011282925831774773
1.485e-07,0.011751675831774774
1.486e-07,0.010470425831774773
1.487e-07,0.007751678831774774
1.488e-07,0.0034860538317747734
1.489e-07,-0.00024832102275922655
1.49e-07,-0.0012483211682252264
1.491e-07,-0.00024832102275922655
1.492e-07,0.0007204290317747734
1.493e-07,-0.00024832102275922655
1.494e-07,-0.0017639461682252265
1.495e-07,-0.00024832102275922655
1.496e-07,0.004782928831774774
1.497e-07,0.007751678831774774
1.498e-07,0.005829803831774774
1.499e-07,0.0037516788317747737
1.5e-07,0.005673553831774774
1.501e-07,0.007751678831774774
1.502e-07,0.005017303831774773
1.503e-07,-0.00024832102275922655
1.504e-07,-0.0023733211682252266
1.505e-07,-0.00024832102275922655
1.506e-07,0.0028298038317747733
1.507e-07,0.0037516788317747737
1.508e-07,0.0030485538317747735
1.509e-07,0.0037516788317747737
1.51e-07,0.0075016788317747735
1.511e-07,0.011751675831774774
1.512e-07,0.012142305831774773
1.513e-07,0.007751678831774774
1.514e-07,0.0019235538317747733
1.515e-07,-0.00024832102275922655
1.516e-07,0.0019391788317747734
1.517e-07,0.0037516788317747737
1.518e-07,0.0020173038317747734
1.519e-07,-0.00024832102275922655
1.52e-07,0.0010016788317747734
1.521e-07,0.0037516788317747737
1.522e-07,0.0045485538317747735
1.523e-07,0.0037516788317747737
1.524e-07,0.0036891788317747736
1.525e-07,0.0037516788317747737
1.526e-07,0.003189178831774773
1.527e-07,0.0037516788317747737
1.528e-07,0.006236053831774773
1.529e-07,0.007751678831774774
1.53e-07,0.006017303831774773
1.531e-07,0.0037516788317747737
1.532e-07,0.0035173038317747735
1.533e-07,0.0037516788317747737
1.534e-07,0.0029704288317747734
1.535e-07,0.0037516788317747737
1.536e-07,0.006892303831774773
1.537e-07,0.007751678831774774
1.538e-07,0.0037829288317747737
1.539e-07,-0.00024832102275922655
1.54e-07,0.0006579290317747735
1.541e-07,0.0037516788317747737
1.542e-07,0.0036266788317747736
1.543e-07,-0.00024832102275922655
1.544e-07,-0.0030920711682252268
1.545e-07,-0.00024832102275922655
1.546e-07,0.007017303831774773
1.547e-07,0.011751675831774774
1.548e-07,0.009345428831774773
1.549e-07,0.0037516788317747737
1.55e-07,0.0005485540317747735
1.551e-07,-0.00024832102275922655
1.552e-07,-0.0016701961682252264
1.553e-07,-0.0042483211682252265
1.554e-07,-0.005482696168225227
1.555e-07,-0.0042483211682252265
1.556e-07,-0.0016858211682252264
1.557e-07,-0.00024832102275922655
1.558e-07,-0.0003420710282252265
1.559e-07,-0.00024832102275922655
1.56e-07,0.0017360538317747732
1.561e-07,0.0037516788317747737
1.562e-07,0.0029704288317747734
1.563e-07,-0.00024832102275922655
1.564e-07,-0.0033576961682252266
1.565e-07,-0.0042483211682252265
1.566e-07,-0.0027170711682252264
1.567e-07,-0.00024832102275922655
1.568e-07,0.0011110538317747735
1.569e-07,-0.00024832102275922655
1.57e-07,-0.0029983211682252267
1.571e-07,-0.0042483211682252265
1.572e-07,-0.0024826961682252267
1.573e-07,-0.00024832102275922655
1.574e-07,0.0001266790317747735
1.575e-07,-0.00024832102275922655
1.576e-07,0.0008141788317747736
1.577e-07,0.0037516788317747737
1.578e-07,0.0064704288317747735
1.579e-07,0.007751678831774774
1.58e-07,0.006579803831774774
1.581e-07,0.0037516788317747737
1.582e-07,-0.00024832102275922655
1.583e-07,-0.0042483211682252265
1.584e-07,-0.007263946168225227
1.585e-07,-0.008248321168225227
1.586e-07,-0.007529571168225227
1.587e-07,-0.008248321168225227
1.588e-07,-0.010810824168225227
1.589e-07,-0.012248324168225227
1.59e-07,-0.010107696168225226
1.591e-07,-0.008248321168225227
1.592e-07,-0.008654571168225227
1.593e-07,-0.008248321168225227
1.594e-07,-0.004092071168225226
1.595e-07,-0.00024832102275922655
1.596e-07,-0.0010608210682252267
1.597e-07,-0.0042483211682252265
1.598e-07,-0.005420196168225227
1.599e-07,-0.0042483211682252265
1.6e-07,-0.0034983211682252267
1.601e-07,-0.0042483211682252265
1.602e-07,-0.0051858211682252265
1.603e-07,-0.0042483211682252265
1.604e-07,-0.0017014461682252264
1.605e-07,-0.00024832102275922655
1.606e-07,-0.0017639461682252265
1.607e-07,-0.0042483211682252265
1.608e-07,-0.004951446168225226
1.609e-07,-0.0042483211682252265
1.61e-07,-0.003920196168225226
1.611e-07,-0.0042483211682252265
1.612e-07,-0.004388946168225227
1.613e-07,-0.0042483211682252265
1.614e-07,-0.004170196168225226
1.615e-07,-0.0042483211682252265
1.616e-07,-0.004170196168225226
1.617e-07,-0.0042483211682252265
1.618e-07,-0.004326446168225227
1.619e-07,-0.0042483211682252265
1.62e-07,-0.003998321168225226
1.621e-07,-0.0042483211682252265
1.622e-07,-0.004717071168225227
1.623e-07,-0.0042483211682252265
1.624e-07,-0.0024514461682252266
1.625e-07,-0.00024832102275922655
1.626e-07,0.0006266790317747735
1.627e-07,-0.00024832102275922655
1.628e-07,-0.0012326960682252264
1.629e-07,-0.00024832102275922655
1.63e-07,0.0015173038317747734
1.631e-07,-0.00024832102275922655
1.632e-07,-0.006701446168225227
1.633e-07,-0.012248324168225227
1.634e-07,-0.010873324168225227
1.635e-07,-0.0042483211682252265
1.636e-07,0.0017048038317747736
1.637e-07,0.0037516788317747737
1.638e-07,0.0022985538317747732
1.639e-07,-0.00024832102275922655
1.64e-07,-0.0015608211682252267
1.641e-07,-0.00024832102275922655
1.642e-07,0.0016266788317747735
1.643e-07,-0.00024832102275922655
1.644e-07,-0.006623321168225227
1.645e-07,-0.012248324168225227
1.646e-07,-0.012232694168225226
1.647e-07,-0.008248321168225227
1.648e-07,-0.004654571168225227
1.649e-07,-0.0042483211682252265
1.65e-07,-0.004998321168225226
1.651e-07,-0.0042483211682252265
1.652e-07,-0.0015608211682252267
1.653e-07,-0.00024832102275922655
1.654e-07,-0.0019826961682252267
1.655e-07,-0.0042483211682252265
1.656e-07,-0.0035764461682252268
1.657e-07,-0.00024832102275922655
1.658e-07,0.0025798038317747735
1.659e-07,0.0037516788317747737
1.66e-07,0.0036891788317747736
1.661e-07,0.0037516788317747737
1.662e-07,0.003970428831774773
1.663e-07,0.0037516788317747737
1.664e-07,0.0021735538317747736
1.665e-07,-0.00024832102275922655
1.666e-07,-0.0024826961682252267
1.667e-07,-0.0042483211682252265
1.668e-07,-0.004842071168225227
1.669e-07,-0.0042483211682252265
1.67e-07,-0.0022326961682252264
1.671e-07,-0.00024832102275922655
1.672e-07,0.0005016790317747735
1.673e-07,-0.00024832102275922655
1.674e-07,-9.207106822522651e-05
1.675e-07,0.0037516788317747737
1.676e-07,0.010642305831774774
1.677e-07,0.015751675831774774
1.678e-07,0.014157925831774774
1.679e-07,0.007751678831774774
1.68e-07,0.0014548038317747734
1.681e-07,-0.00024832102275922655
1.682e-07,0.0018766788317747733
1.683e-07,0.0037516788317747737
1.684e-07,0.0025016788317747734
1.685e-07,-0.00024832102275922655
1.686e-07,-0.0013108211682252265
1.687e-07,-0.00024832102275922655
1.688e-07,0.0010016788317747734
1.689e-07,-0.00024832102275922655
1.69e-07,-0.0030295711682252267
1.691e-07,-0.0042483211682252265
1.692e-07,-0.0023264461682252265
1.693e-07,-0.00024832102275922655
1.694e-07,-0.00024832102275922655
1.695e-07,-0.00024832102275922655
1.696e-07,0.0019079288317747733
1.697e-07,0.0037516788317747737
1.698e-07,0.002251678831774773
1.699e-07,-0.00024832102275922655
1.7e-07,-0.0007951960682252265
1.701e-07,-0.00024832102275922655
1.702e-07,-0.0003420710282252265
1.703e-07,-0.00024832102275922655
1.704e-07,0.0005641790317747735
1.705e-07,-0.00024832102275922655
1.706e-07,-0.004013946168225226
1.707e-07,-0.008248321168225227
1.708e-07,-0.008482696168225227
1.709e-07,-0.0042483211682252265
1.71e-07,0.0012985538317747737
1.711e-07,0.0037516788317747737
1.712e-07,0.0020016788317747734
1.713e-07,-0.00024832102275922655
1.714e-07,0.0006110540317747734
1.715e-07,0.0037516788317747737
1.716e-07,0.005251678831774773
1.717e-07,0.0037516788317747737
1.718e-07,-7.644606822522653e-05
1.719e-07,-0.0042483211682252265
1.72e-07,-0.006482696168225227
1.721e-07,-0.0042483211682252265
1.722e-07,9.542903177477347e-05
1.723e-07,-0.00024832102275922655
1.724e-07,-0.006982696168225226
1.725e-07,-0.012248324168225227
1.726e-07,-0.009560821168225226
1.727e-07,-0.0042483211682252265
1.728e-07,-0.0038420711682252266
1.729e-07,-0.008248321168225227
1.73e-07,-0.011763944168225227
1.731e-07,-0.012248324168225227
1.732e-07,-0.010654574168225227
1.733e-07,-0.008248321168225227
1.734e-07,-0.005654571168225227
1.735e-07,-0.0042483211682252265
1.736e-07,-0.0042639461682252265
1.737e-07,-0.0042483211682252265
1.738e-07,-0.003920196168225226
1.739e-07,-0.0042483211682252265
1.74e-07,-0.006076446168225226
1.741e-07,-0.008248321168225227
1.742e-07,-0.009107696168225227
1.743e-07,-0.008248321168225227
1.744e-07,-0.007357696168225227
1.745e-07,-0.008248321168225227
1.746e-07,-0.010717074168225227
1.747e-07,-0.012248324168225227
1.748e-07,-0.010826444168225226
1.749e-07,-0.008248321168225227
1.75e-07,-0.0071233211682252265
1.751e-07,-0.008248321168225227
1.752e-07,-0.010326444168225226
1.753e-07,-0.012248324168225227
1.754e-07,-0.013045194168225227
1.755e-07,-0.012248324168225227
1.756e-07,-0.010060821168225226
1.757e-07,-0.008248321168225227
1.758e-07,-0.007842071168225226
1.759e-07,-0.008248321168225227
1.76e-07,-0.008482696168225227
1.761e-07,-0.008248321168225227
1.762e-07,-0.007998321168225226
1.763e-07,-0.008248321168225227
1.764e-07,-0.008701446168225227
1.765e-07,-0.008248321168225227
1.766e-07,-0.007295196168225227
1.767e-07,-0.008248321168225227
1.768e-07,-0.011060824168225226
1.769e-07,-0.012248324168225227
1.77e-07,-0.009982696168225226
1.771e-07,-0.008248321168225227
1.772e-07,-0.010060821168225226
1.773e-07,-0.012248324168225227
1.774e-07,-0.009935821168225226
1.775e-07,-0.0042483211682252265
1.776e-07,-2.9571068225226513e-05
1.777e-07,-0.00024832102275922655
1.778e-07,-0.004092071168225226
1.779e-07,-0.008248321168225227
1.78e-07,-0.009685821168225226
1.781e-07,-0.008248321168225227
1.782e-07,-0.005795196168225227
1.783e-07,-0.0042483211682252265
1.784e-07,-0.004060821168225226
1.785e-07,-0.0042483211682252265
1.786e-07,-0.0033108211682252265
1.787e-07,-0.00024832102275922655
1.788e-07,0.0034079288317747734
1.789e-07,0.0037516788317747737
1.79e-07,-0.0003108210282252265
1.791e-07,-0.0042483211682252265
1.792e-07,-0.004920196168225226
1.793e-07,-0.0042483211682252265
1.794e-07,-0.004638946168225227
1.795e-07,-0.0042483211682252265
1.796e-07,-0.0007170710682252266
1.797e-07,0.0037516788317747737
1.798e-07,0.004298553831774773
1.799e-07,-0.00024832102275922655
1.8e-07,-0.006310821168225227
1.801e-07,-0.008248321168225227
1.802e-07,-0.004545196168225227
1.803e-07,-0.00024832102275922655
1.804e-07,-0.00048269606822522654
1.805e-07,-0.0042483211682252265
1.806e-07,-0.007388946168225227
1.807e-07,-0.008248321168225227
1.808e-07,-0.007998321168225226
1.809e-07,-0.008248321168225227
1.81e-07,-0.008607696168225227
1.811e-07,-0.008248321168225227
1.812e-07,-0.006435821168225227
1.813e-07,-0.0042483211682252265
1.814e-07,-0.0032326961682252265
1.815e-07,-0.0042483211682252265
1.816e-07,-0.006388946168225227
1.817e-07,-0.008248321168225227
1.818e-07,-0.008857696168225227
1.819e-07,-0.008248321168225227
1.82e-07,-0.006701446168225227
1.821e-07,-0.0042483211682252265
1.822e-07,-0.0016076961682252263
1.823e-07,-0.00024832102275922655
1.824e-07,-0.0014514461682252266
1.825e-07,-0.0042483211682252265
1.826e-07,-0.006732696168225227
1.827e-07,-0.008248321168225227
1.828e-07,-0.008560821168225227
1.829e-07,-0.008248321168225227
1.83e-07,-0.007888946168225226
1.831e-07,-0.008248321168225227
1.832e-07,-0.008873321168225227
1.833e-07,-0.008248321168225227
1.834e-07,-0.004982696168225226
1.835e-07,-0.00024832102275922655
1.836e-07,0.0033454288317747733
1.837e-07,0.0037516788317747737
1.838e-07,0.0004704290317747734
1.839e-07,-0.0042483211682252265
1.84e-07,-0.007748321168225227
1.841e-07,-0.008248321168225227
1.842e-07,-0.0062170711682252265
1.843e-07,-0.0042483211682252265
1.844e-07,-0.003920196168225226
1.845e-07,-0.0042483211682252265
1.846e-07,-0.0042483211682252265
1.847e-07,-0.0042483211682252265
1.848e-07,-0.004498321168225227
1.849e-07,-0.0042483211682252265
1.85e-07,-0.0024201961682252266
1.851e-07,-0.00024832102275922655
1.852e-07,-0.00048269606822522654
1.853e-07,-0.0042483211682252265
1.854e-07,-0.009592071168225226
1.855e-07,-0.012248324168225227
1.856e-07,-0.009513946168225226
1.857e-07,-0.0042483211682252265
1.858e-07,-0.0005608210682252264
1.859e-07,-0.00024832102275922655
1.86e-07,-0.0021701961682252264
1.861e-07,-0.0042483211682252265
1.862e-07,-0.005107696168225226
1.863e-07,-0.0042483211682252265
1.864e-07,-0.0022014461682252264
1.865e-07,-0.00024832102275922655
1.866e-07,0.00039230403177477346
1.867e-07,-0.00024832102275922655
1.868e-07,-0.0020920711682252263
1.869e-07,-0.0042483211682252265
1.87e-07,-0.006310821168225227
1.871e-07,-0.008248321168225227
1.872e-07,-0.009123321168225227
1.873e-07,-0.008248321168225227
1.874e-07,-0.005717071168225227
1.875e-07,-0.0042483211682252265
1.876e-07,-0.005654571168225227
1.877e-07,-0.008248321168225227
1.878e-07,-0.009263946168225227
1.879e-07,-0.008248321168225227
1.88e-07,-0.005076446168225226
1.881e-07,-0.00024832102275922655
1.882e-07,0.004064178831774773
1.883e-07,0.0037516788317747737
1.884e-07,-0.0032014461682252264
1.885e-07,-0.012248324168225227
1.886e-07,-0.016357694168225224
1.887e-07,-0.012248324168225227
1.888e-07,-0.0029358211682252266
1.889e-07,0.0037516788317747737
1.89e-07,0.0034860538317747734
1.891e-07,-0.00024832102275922655
1.892e-07,-0.0029826961682252267
1.893e-07,-0.0042483211682252265
1.894e-07,-0.0061858211682252265
1.895e-07,-0.008248321168225227
1.896e-07,-0.007873321168225226
1.897e-07,-0.0042483211682252265
1.898e-07,-0.0003733210682252265
1.899e-07,-0.00024832102275922655
1.9e-07,-0.005326446168225227
1.901e-07,-0.012248324168225227
1.902e-07,-0.016013944168225224
1.903e-07,-0.016248324168225223
1.904e-07,-0.014170194168225226
1.905e-07,-0.012248324168225227
1.906e-07,-0.010388944168225226
1.907e-07,-0.008248321168225227
1.908e-07,-0.005717071168225227
1.909e-07,-0.0042483211682252265
1.91e-07,-0.0034201961682252266
1.911e-07,-0.00024832102275922655
1.912e-07,0.005204803831774773
1.913e-07,0.007751678831774774
1.914e-07,0.003923553831774773
1.915e-07,-0.00024832102275922655
1.916e-07,-0.0005295710682252265
1.917e-07,-0.00024832102275922655
1.918e-07,-0.004045196168225226
1.919e-07,-0.008248321168225227
1.92e-07,-0.007670196168225227
1.921e-07,-0.0042483211682252265
1.922e-07,-0.0027483211682252265
1.923e-07,-0.0042483211682252265
1.924e-07,-0.006545196168225227
1.925e-07,-0.008248321168225227
1.926e-07,-0.008732696168225227
1.927e-07,-0.008248321168225227
1.928e-07,-0.006498321168225227
1.929e-07,-0.0042483211682252265
1.93e-07,-0.0028889461682252266
1.931e-07,-0.0042483211682252265
1.932e-07,-0.008263946168225227
1.933e-07,-0.012248324168225227
1.934e-07,-0.012451444168225226
1.935e-07,-0.008248321168225227
1.936e-07,-0.0024826961682252267
1.937e-07,-0.00024832102275922655
1.938e-07,-0.0024983211682252267
1.939e-07,-0.0042483211682252265
1.94e-07,-0.0023264461682252265
1.941e-07,-0.00024832102275922655
1.942e-07,-0.0018108211682252265
1.943e-07,-0.0042483211682252265
1.944e-07,-0.0033576961682252266
1.945e-07,-0.00024832102275922655
1.946e-07,0.0009548038317747735
1.947e-07,-0.00024832102275922655
1.948e-07,-0.0021701961682252264
1.949e-07,-0.0042483211682252265
1.95e-07,-0.005592071168225227
1.951e-07,-0.0042483211682252265
1.952e-07,-0.0010139460682252266
1.953e-07,-0.00024832102275922655
1.954e-07,-0.0030608211682252267
1.955e-07,-0.0042483211682252265
1.956e-07,-0.0003420710282252265
1.957e-07,0.0037516788317747737
1.958e-07,0.0019235538317747733
1.959e-07,-0.0042483211682252265
1.96e-07,-0.008701446168225227
1.961e-07,-0.008248321168225227
1.962e-07,-0.004107696168225226
1.963e-07,-0.00024832102275922655
1.964e-07,0.0008923038317747734
1.965e-07,-0.00024832102275922655
1.966e-07,-0.0021701961682252264
1.967e-07,-0.0042483211682252265
1.968e-07,-0.005654571168225227
1.969e-07,-0.0042483211682252265
1.97e-07,0.0003141790317747735
1.971e-07,0.0037516788317747737
1.972e-07,0.002689178831774773
1.973e-07,-0.00024832102275922655
1.974e-07,-0.0022483211682252265
1.975e-07,-0.0042483211682252265
1.976e-07,-0.0071701961682252265
1.977e-07,-0.008248321168225227
1.978e-07,-0.004873321168225227
1.979e-07,-0.00024832102275922655
1.98e-07,0.0013298038317747737
1.981e-07,-0.00024832102275922655
1.982e-07,-0.0024983211682252267
1.983e-07,-0.0042483211682252265
1.984e-07,-0.004826446168225227
1.985e-07,-0.0042483211682252265
1.986e-07,-0.0023733211682252266
1.987e-07,-0.00024832102275922655
1.988e-07,0.0007204290317747734
1.989e-07,-0.00024832102275922655
1.99e-07,-0.0016076961682252263
1.991e-07,-0.00024832102275922655
1.992e-07,0.004251678831774773
1.993e-07,0.007751678831774774
1.994e-07,0.006657928831774774
1.995e-07,0.0037516788317747737
1.996e-07,0.002720428831774773
1.997e-07,0.0037516788317747737
1.998e-07,0.004392303831774773
1.999e-07,0.0037516788317747737
2e-07,0.0021110538317747735
2.001e-07,-0.00024832102275922655
2.002e-07,-0.0027951961682252265
2.003e-07,-0.0042483211682252265
2.004e-07,-0.003123321168225227
2.005e-07,-0.00024832102275922655
2.006e-07,0.002720428831774773
2.007e-07,0.0037516788317747737
2.008e-07,0.002236053831774773
2.009e-07,-0.00024832102275922655
2.01e-07,-0.0013733211682252265
2.011e-07,-0.00024832102275922655
2.012e-07,0.0020954288317747735
2.013e-07,0.0037516788317747737
2.014e-07,0.0028923038317747733
2.015e-07,-0.00024832102275922655
2.016e-07,-0.0034670711682252267
2.017e-07,-0.0042483211682252265
2.018e-07,-0.0021545711682252264
2.019e-07,-0.00024832102275922655
2.02e-07,-0.0011701960682252265
2.021e-07,-0.0042483211682252265
2.022e-07,-0.006092071168225226
2.023e-07,-0.0042483211682252265
2.024e-07,0.0003141790317747735
2.025e-07,0.0037516788317747737
2.026e-07,0.003189178831774773
2.027e-07,-0.00024832102275922655
2.028e-07,-0.0034514461682252267
2.029e-07,-0.0042483211682252265
2.03e-07,-0.0035139461682252267
2.031e-07,-0.0042483211682252265
2.032e-07,-0.006779571168225227
2.033e-07,-0.008248321168225227
2.034e-07,-0.006560821168225227
2.035e-07,-0.0042483211682252265
2.036e-07,-0.0037795711682252265
2.037e-07,-0.0042483211682252265
2.038e-07,-0.0028889461682252266
2.039e-07,-0.00024832102275922655
2.04e-07,0.0011110538317747735
2.041e-07,-0.00024832102275922655
2.042e-07,-0.0030295711682252267
2.043e-07,-0.0042483211682252265
2.044e-07,-0.0028420711682252266
2.045e-07,-0.00024832102275922655
2.046e-07,0.0007985538317747735
2.047e-07,-0.00024832102275922655
2.048e-07,-0.0013264461682252265
2.049e-07,-0.00024832102275922655
2.05e-07,0.0014548038317747734
2.051e-07,-0.00024832102275922655
2.052e-07,-0.006388946168225227
2.053e-07,-0.012248324168225227
2.054e-07,-0.011592074168225226
2.055e-07,-0.0042483211682252265
2.056e-07,0.0035016788317747734
2.057e-07,0.0037516788317747737
2.058e-07,-0.0032951961682252265
2.059e-07,-0.008248321168225227
2.06e-07,-0.005123321168225226
2.061e-07,-0.00024832102275922655
2.062e-07,-0.0008576960682252265
2.063e-07,-0.0042483211682252265
2.064e-07,-0.003920196168225226
2.065e-07,-0.00024832102275922655
2.066e-07,0.0016423038317747735
2.067e-07,-0.00024832102275922655
2.068e-07,-0.0033264461682252265
2.069e-07,-0.0042483211682252265
2.07e-07,-0.0023108211682252265
2.071e-07,-0.00024832102275922655
2.072e-07,-9.207106822522651e-05
2.073e-07,-0.00024832102275922655
2.074e-07,0.0015016788317747734
2.075e-07,0.0037516788317747737
2.076e-07,0.0032829288317747733
2.077e-07,-0.00024832102275922655
2.078e-07,-0.0038889461682252266
2.079e-07,-0.0042483211682252265
2.08e-07,-0.0007639460682252265
2.081e-07,0.0037516788317747737
2.082e-07,0.0055173038317747735
2.083e-07,0.0037516788317747737
2.084e-07,0.0006891790317747735
2.085e-07,-0.00024832102275922655
2.086e-07,0.0008454288317747736
2.087e-07,-0.00024832102275922655
2.088e-07,-0.004717071168225227
2.089e-07,-0.008248321168225227
2.09e-07,-0.007013946168225226
2.091e-07,-0.0042483211682252265
2.092e-07,-0.003623321168225227
2.093e-07,-0.0042483211682252265
2.094e-07,-0.0018420711682252265
2.095e-07,0.0037516788317747737
2.096e-07,0.008314178831774773
2.097e-07,0.007751678831774774
2.098e-07,0.002736053831774773
2.099e-07,-0.00024832102275922655
2.1e-07,0.0026423038317747735
2.101e-07,0.007751678831774774
2.102e-07,0.008345428831774773
2.103e-07,0.0037516788317747737
2.104e-07,-0.0018420711682252265
2.105e-07,-0.0042483211682252265
2.106e-07,-0.0028733211682252266
2.107e-07,-0.00024832102275922655
2.108e-07,0.0008454288317747736
2.109e-07,-0.00024832102275922655
2.11e-07,-0.0014514461682252266
2.111e-07,-0.00024832102275922655
2.112e-07,0.0027673038317747732
2.113e-07,0.0037516788317747737
2.114e-07,0.0006891790317747735
2.115e-07,-0.0042483211682252265
2.116e-07,-0.007357696168225227
2.117e-07,-0.008248321168225227
2.118e-07,-0.008154571168225226
2.119e-07,-0.008248321168225227
2.12e-07,-0.007326446168225227
2.121e-07,-0.0042483211682252265
2.122e-07,0.0005329290317747735
2.123e-07,0.0037516788317747737
2.124e-07,0.003970428831774773
2.125e-07,0.0037516788317747737
2.126e-07,0.004626678831774774
2.127e-07,0.0037516788317747737
2.128e-07,-0.0007014460682252266
2.129e-07,-0.0042483211682252265
2.13e-07,-0.0030920711682252268
2.131e-07,-0.00024832102275922655
2.132e-07,0.00023605403177477349
2.133e-07,-0.00024832102275922655
2.134e-07,0.0012829288317747736
2.135e-07,0.0037516788317747737
2.136e-07,0.0045485538317747735
2.137e-07,0.0037516788317747737
2.138e-07,0.0031423038317747736
2.139e-07,0.0037516788317747737
2.14e-07,0.0044704288317747734
2.141e-07,0.0037516788317747737
2.142e-07,0.0014391788317747733
2.143e-07,-0.00024832102275922655
2.144e-07,4.85539317747735e-05
2.145e-07,-0.00024832102275922655
2.146e-07,-0.0024670711682252267
2.147e-07,-0.0042483211682252265
2.148e-07,-0.0027795711682252265
2.149e-07,-0.00024832102275922655
2.15e-07,0.0013610538317747733
2.151e-07,0.0037516788317747737
2.152e-07,0.008236053831774774
2.153e-07,0.011751675831774774
2.154e-07,0.010861055831774774
2.155e-07,0.007751678831774774
2.156e-07,0.005220428831774773
2.157e-07,0.0037516788317747737
2.158e-07,0.0017048038317747736
2.159e-07,-0.00024832102275922655
2.16e-07,-0.0008733210682252265
2.161e-07,-0.00024832102275922655
2.162e-07,0.0004391790317747735
2.163e-07,-0.00024832102275922655
2.164e-07,-0.0021076961682252263
2.165e-07,-0.0042483211682252265
2.166e-07,-0.004888946168225226
2.167e-07,-0.0042483211682252265
2.168e-07,-0.0023420711682252265
2.169e-07,-0.00024832102275922655
2.17e-07,0.0017829288317747732
2.171e-07,0.0037516788317747737
2.172e-07,0.004798553831774774
2.173e-07,0.0037516788317747737
2.174e-07,0.0019235538317747733
2.175e-07,0.0037516788317747737
2.176e-07,0.009204803831774773
2.177e-07,0.011751675831774774
2.178e-07,0.006720428831774774
2.179e-07,-0.00024832102275922655
2.18e-07,-0.0023108211682252265
2.181e-07,-0.00024832102275922655
2.182e-07,0.0010485538317747734
2.183e-07,-0.00024832102275922655
2.184e-07,-0.0014358211682252266
2.185e-07,-0.00024832102275922655
2.186e-07,0.0026110538317747735
2.187e-07,0.0037516788317747737
2.188e-07,0.0019079288317747733
2.189e-07,-0.00024832102275922655
2.19e-07,0.0007204290317747734
2.191e-07,0.0037516788317747737
2.192e-07,0.005345428831774773
2.193e-07,0.0037516788317747737
2.194e-07,0.0006735540317747735
2.195e-07,-0.00024832102275922655
2.196e-07,0.0017829288317747732
2.197e-07,0.0037516788317747737
2.198e-07,0.0036110538317747735
2.199e-07,0.0037516788317747737
2.2e-07,0.006064178831774773
2.201e-07,0.007751678831774774
2.202e-07,0.005111053831774773
2.203e-07,-0.00024832102275922655
2.204e-07,-0.003920196168225226
2.205e-07,-0.0042483211682252265
2.206e-07,-0.0021701961682252264
2.207e-07,-0.00024832102275922655
2.208e-07,0.0003298040317747735
2.209e-07,-0.00024832102275922655
2.21e-07,-0.0005139460682252265
2.211e-07,-0.00024832102275922655
2.212e-07,0.0009704288317747735
2.213e-07,0.0037516788317747737
2.214e-07,0.006986053831774773
2.215e-07,0.007751678831774774
2.216e-07,0.005251678831774773
2.217e-07,0.0037516788317747737
2.218e-07,0.005673553831774774
2.219e-07,0.007751678831774774
2.22e-07,0.005595428831774774
2.221e-07,-0.00024832102275922655
2.222e-07,-0.004842071168225227
2.223e-07,-0.0042483211682252265
2.224e-07,0.0005016790317747735
2.225e-07,0.0037516788317747737
2.226e-07,0.0034391788317747734
2.227e-07,0.0037516788317747737
2.228e-07,0.007892303831774774
2.229e-07,0.011751675831774774
2.23e-07,0.009829805831774773
2.231e-07,0.0037516788317747737
2.232e-07,-0.0005451960682252265
2.233e-07,-0.00024832102275922655
2.234e-07,0.0025016788317747734
2.235e-07,0.0037516788317747737
2.236e-07,0.0018766788317747733
2.237e-07,-0.00024832102275922655
2.238e-07,0.0006110540317747734
2.239e-07,0.0037516788317747737
2.24e-07,0.0065485538317747735
2.241e-07,0.007751678831774774
2.242e-07,0.007111053831774773
2.243e-07,0.0037516788317747737
2.244e-07,-0.0014358211682252266
2.245e-07,-0.0042483211682252265
2.246e-07,-0.0025451961682252267
2.247e-07,-0.00024832102275922655
2.248e-07,-0.0002326960182252265
2.249e-07,-0.00024832102275922655
2.25e-07,0.0020641788317747735
2.251e-07,0.0037516788317747737
2.252e-07,0.0020641788317747735
2.253e-07,-0.00024832102275922655
2.254e-07,0.0008766788317747734
2.255e-07,0.0037516788317747737
2.256e-07,0.004876678831774774
2.257e-07,0.0037516788317747737
2.258e-07,0.0017048038317747736
2.259e-07,-0.00024832102275922655
2.26e-07,-0.0012170710682252264
2.261e-07,-0.00024832102275922655
2.262e-07,0.003220428831774773
2.263e-07,0.007751678831774774
2.264e-07,0.010079805831774773
2.265e-07,0.007751678831774774
2.266e-07,0.0022985538317747732
2.267e-07,-0.00024832102275922655
2.268e-07,0.0031266788317747735
2.269e-07,0.007751678831774774
2.27e-07,0.007782928831774774
2.271e-07,0.0037516788317747737
2.272e-07,7.980403177477346e-05
2.273e-07,-0.00024832102275922655
2.274e-07,0.0019860538317747734
2.275e-07,0.0037516788317747737
2.276e-07,0.003923553831774773
2.277e-07,0.0037516788317747737
2.278e-07,0.004220428831774773
2.279e-07,0.0037516788317747737
2.28e-07,0.0014391788317747733
2.281e-07,-0.00024832102275922655
2.282e-07,0.0012204288317747736
2.283e-07,0.0037516788317747737
2.284e-07,0.004407928831774773
2.285e-07,0.0037516788317747737
2.286e-07,0.0035798038317747735
2.287e-07,0.0037516788317747737
2.288e-07,0.0035173038317747735
2.289e-07,0.0037516788317747737
2.29e-07,0.0045016788317747735
2.291e-07,0.0037516788317747737
2.292e-07,0.0010485538317747734
2.293e-07,-0.00024832102275922655
2.294e-07,0.0016891788317747736
2.295e-07,0.0037516788317747737
2.296e-07,0.0025016788317747734
2.297e-07,-0.00024832102275922655
2.298e-07,-0.0011389460682252265
2.299e-07,-0.00024832102275922655
2.3e-07,0.00037667903177477345
2.301e-07,-0.00024832102275922655
2.302e-07,-0.0016858211682252264
2.303e-07,-0.0042483211682252265
2.304e-07,-0.006967071168225226
2.305e-07,-0.008248321168225227
2.306e-07,-0.006842071168225226
2.307e-07,-0.0042483211682252265
2.308e-07,-0.0017795711682252265
2.309e-07,-0.00024832102275922655
2.31e-07,0.0013923038317747733
2.311e-07,0.0037516788317747737
2.312e-07,0.005361053831774773
2.313e-07,0.0037516788317747737
2.314e-07,-0.0010139460682252266
2.315e-07,-0.0042483211682252265
2.316e-07,-0.0021389461682252264
2.317e-07,0.0037516788317747737
2.318e-07,0.008017303831774774
2.319e-07,0.007751678831774774
2.32e-07,0.0036735538317747736
2.321e-07,-0.00024832102275922655
2.322e-07,-0.0012951961682252265
2.323e-07,-0.00024832102275922655
2.324e-07,0.0007204290317747734
2.325e-07,-0.00024832102275922655
2.326e-07,-0.0024826961682252267
2.327e-07,-0.0042483211682252265
2.328e-07,-0.004498321168225227
2.329e-07,-0.0042483211682252265
2.33e-07,-0.0032014461682252264
2.331e-07,-0.00024832102275922655
2.332e-07,0.0045641788317747735
2.333e-07,0.007751678831774774
2.334e-07,0.006689178831774774
2.335e-07,0.0037516788317747737
2.336e-07,0.0024860538317747734
2.337e-07,0.0037516788317747737
2.338e-07,0.004907928831774773
2.339e-07,0.0037516788317747737
2.34e-07,0.0008923038317747734
2.341e-07,-0.00024832102275922655
2.342e-07,0.0017360538317747732
2.343e-07,0.0037516788317747737
2.344e-07,0.002720428831774773
2.345e-07,-0.00024832102275922655
2.346e-07,-0.0014514461682252266
2.347e-07,-0.00024832102275922655
2.348e-07,0.0019391788317747734
2.349e-07,0.0037516788317747737
2.35e-07,0.0045016788317747735
2.351e-07,0.0037516788317747737
2.352e-07,0.0027673038317747732
2.353e-07,0.0037516788317747737
2.354e-07,0.0064860538317747735
2.355e-07,0.007751678831774774
2.356e-07,0.004954803831774773
2.357e-07,-0.00024832102275922655
2.358e-07,-0.003107696168225227
2.359e-07,-0.00024832102275922655
2.36e-07,0.005782928831774774
2.361e-07,0.007751678831774774
2.362e-07,0.0034391788317747734
2.363e-07,-0.00024832102275922655
2.364e-07,0.0025485538317747735
2.365e-07,0.007751678831774774
2.366e-07,0.008236053831774774
2.367e-07,0.0037516788317747737
2.368e-07,-0.0002326960182252265
2.369e-07,-0.00024832102275922655
2.37e-07,0.0023923038317747733
2.371e-07,0.0037516788317747737
2.372e-07,0.0020329288317747734
2.373e-07,-0.00024832102275922655
2.374e-07,0.0003298040317747735
2.375e-07,0.0037516788317747737
2.376e-07,0.007017303831774773
2.377e-07,0.007751678831774774
2.378e-07,0.006001678831774773
2.379e-07,0.0037516788317747737
2.38e-07,0.0019079288317747733
2.381e-07,-0.00024832102275922655
2.382e-07,-0.0029983211682252267
2.383e-07,-0.0042483211682252265
2.384e-07,-0.0025451961682252267
2.385e-07,-0.00024832102275922655
2.386e-07,0.00036105403177477343
2.387e-07,-0.00024832102275922655
2.388e-07,-0.00012332106822522651
2.389e-07,-0.00024832102275922655
2.39e-07,-0.0016858211682252264
2.391e-07,-0.0042483211682252265
2.392e-07,-0.005498321168225227
2.393e-07,-0.0042483211682252265
2.394e-07,-0.0006076960682252265
2.395e-07,0.0037516788317747737
2.396e-07,0.006736053831774774
2.397e-07,0.007751678831774774
2.398e-07,0.007564178831774774
2.399e-07,0.007751678831774774
2.4e-07,0.008361053831774773
2.401e-07,0.007751678831774774
2.402e-07,0.004361053831774773
2.403e-07,-0.00024832102275922655
2.404e-07,-0.0035608211682252268
2.405e-07,-0.0042483211682252265
2.406e-07,-0.0016701961682252264
2.407e-07,0.0037516788317747737
2.408e-07,0.009736053831774774
2.409e-07,0.011751675831774774
2.41e-07,0.008220428831774774
2.411e-07,0.0037516788317747737
2.412e-07,0.0026423038317747735
2.413e-07,0.0037516788317747737
2.414e-07,0.004032928831774773
2.415e-07,0.0037516788317747737
2.416e-07,0.004064178831774773
2.417e-07,0.0037516788317747737
2.418e-07,0.0015954288317747735
2.419e-07,-0.00024832102275922655
2.42e-07,-6.082106822522651e-05
2.421e-07,-0.00024832102275922655
2.422e-07,-0.0014358211682252266
2.423e-07,-0.00024832102275922655
2.424e-07,0.004767303831774774
2.425e-07,0.007751678831774774
2.426e-07,0.0046110538317747736
2.427e-07,-0.00024832102275922655
2.428e-07,-0.0013264461682252265
2.429e-07,-0.00024832102275922655
2.43e-07,-0.0003108210282252265
2.431e-07,-0.00024832102275922655
2.432e-07,0.0028923038317747733
2.433e-07,0.007751678831774774
2.434e-07,0.009970425831774774
2.435e-07,0.007751678831774774
2.436e-07,0.0028923038317747733
2.437e-07,-0.00024832102275922655
2.438e-07,0.0006735540317747735
2.439e-07,0.0037516788317747737
2.44e-07,0.005204803831774773
2.441e-07,0.0037516788317747737
2.442e-07,0.0011579288317747735
2.443e-07,-0.00024832102275922655
2.444e-07,-9.207106822522651e-05
2.445e-07,-0.00024832102275922655
2.446e-07,-0.0018889461682252266
2.447e-07,-0.0042483211682252265
2.448e-07,-0.0042326961682252265
2.449e-07,-0.00024832102275922655
2.45e-07,0.005439178831774773
2.451e-07,0.007751678831774774
2.452e-07,0.0046110538317747736
2.453e-07,-0.00024832102275922655
2.454e-07,-0.0019358211682252266
2.455e-07,-0.00024832102275922655
2.456e-07,0.0012360538317747736
2.457e-07,-0.00024832102275922655
2.458e-07,-0.0033420711682252266
2.459e-07,-0.0042483211682252265
2.46e-07,-0.0010451960682252267
2.461e-07,0.0037516788317747737
2.462e-07,0.005845428831774774
2.463e-07,0.0037516788317747737
2.464e-07,0.00037667903177477345
2.465e-07,-0.00024832102275922655
2.466e-07,0.0023766788317747733
2.467e-07,0.0037516788317747737
2.468e-07,0.0006735540317747735
2.469e-07,-0.0042483211682252265
2.47e-07,-0.006279571168225227
2.471e-07,-0.0042483211682252265
2.472e-07,-0.00015457101822522653
2.473e-07,0.0037516788317747737
2.474e-07,0.0064704288317747735
2.475e-07,0.007751678831774774
2.476e-07,0.006907928831774773
2.477e-07,0.0037516788317747737
2.478e-07,-0.0008108210682252266
2.479e-07,-0.0042483211682252265
2.48e-07,-0.004842071168225227
2.481e-07,-0.0042483211682252265
2.482e-07,-0.0042170711682252265
2.483e-07,-0.0042483211682252265
2.484e-07,-0.002670196168225227
2.485e-07,-0.00024832102275922655
2.486e-07,0.0020485538317747735
2.487e-07,0.0037516788317747737
2.488e-07,0.004720428831774774
2.489e-07,0.0037516788317747737
2.49e-07,0.0011266788317747735
2.491e-07,-0.00024832102275922655
2.492e-07,0.0013610538317747733
2.493e-07,0.0037516788317747737
2.494e-07,0.004189178831774773
2.495e-07,0.0037516788317747737
2.496e-07,0.0037829288317747737
2.497e-07,0.0037516788317747737
2.498e-07,0.003173553831774773
2.499e-07,0.0037516788317747737
2.5e-07,0.006236053831774773
2.501e-07,0.007751678831774774
2.502e-07,0.005189178831774773
2.503e-07,-0.00024832102275922655
2.504e-07,-0.004451446168225227
2.505e-07,-0.0042483211682252265
2.506e-07,1.678931774773461e-06
2.507e-07,0.0037516788317747737
2.508e-07,0.004392303831774773
2.509e-07,0.0037516788317747737
2.51e-07,0.004048553831774773
2.511e-07,0.0037516788317747737
2.512e-07,0.0015173038317747734
2.513e-07,-0.00024832102275922655
2.514e-07,0.0010798038317747735
2.515e-07,0.0037516788317747737
2.516e-07,0.0045641788317747735
2.517e-07,0.0037516788317747737
2.518e-07,0.0032673038317747732
2.519e-07,0.0037516788317747737
2.52e-07,0.004236053831774773
2.521e-07,0.0037516788317747737
2.522e-07,0.0019548038317747734
2.523e-07,-0.00024832102275922655
2.524e-07,-0.0012795711682252265
2.525e-07,-0.00024832102275922655
2.526e-07,0.0022829288317747732
2.527e-07,0.0037516788317747737
2.528e-07,0.0026266788317747735
2.529e-07,-0.00024832102275922655
2.53e-07,-0.0028733211682252266
2.531e-07,-0.0042483211682252265
2.532e-07,-0.0034983211682252267
2.533e-07,-0.00024832102275922655
2.534e-07,0.0044860538317747735
2.535e-07,0.007751678831774774
2.536e-07,0.007079803831774773
2.537e-07,0.0037516788317747737
2.538e-07,0.0006891790317747735
2.539e-07,-0.00024832102275922655
2.54e-07,0.00025167903177477345
2.541e-07,-0.00024832102275922655
2.542e-07,-0.0024514461682252266
2.543e-07,-0.0042483211682252265
2.544e-07,-0.0032795711682252265
2.545e-07,-0.00024832102275922655
2.546e-07,0.0025016788317747734
2.547e-07,0.0037516788317747737
2.548e-07,0.003970428831774773
2.549e-07,0.0037516788317747737
2.55e-07,0.0035641788317747735
2.551e-07,0.0037516788317747737
2.552e-07,0.0030641788317747735
2.553e-07,-0.00024832102275922655
2.554e-07,-0.005342071168225227
2.555e-07,-0.008248321168225227
2.556e-07,-0.005763946168225227
2.557e-07,-0.00024832102275922655
2.558e-07,0.0036891788317747736
2.559e-07,0.0037516788317747737
2.56e-07,0.0014860538317747734
2.561e-07,-0.00024832102275922655
2.562e-07,0.0006891790317747735
2.563e-07,0.0037516788317747737
2.564e-07,0.005861053831774773
2.565e-07,0.0037516788317747737
2.566e-07,-0.0015139461682252267
2.567e-07,-0.0042483211682252265
2.568e-07,-0.0014045711682252266
2.569e-07,0.0037516788317747737
2.57e-07,0.005704803831774774
2.571e-07,0.0037516788317747737
2.572e-07,0.0018766788317747733
2.573e-07,0.0037516788317747737
2.574e-07,0.007657928831774774
2.575e-07,0.007751678831774774
2.576e-07,0.0009704288317747735
2.577e-07,-0.008248321168225227
2.578e-07,-0.012217074168225227
2.579e-07,-0.008248321168225227
2.58e-07,-0.00045144606822522656
2.581e-07,0.0037516788317747737
2.582e-07,0.002220428831774773
2.583e-07,-0.00024832102275922655
2.584e-07,0.0009860538317747734
2.585e-07,0.0037516788317747737
2.586e-07,0.0033766788317747733
2.587e-07,-0.00024832102275922655
2.588e-07,-0.0034358211682252266
2.589e-07,-0.0042483211682252265
2.59e-07,-0.0028889461682252266
2.591e-07,-0.00024832102275922655
2.592e-07,0.0016110538317747735
2.593e-07,-0.00024832102275922655
2.594e-07,-0.004170196168225226
2.595e-07,-0.0042483211682252265
2.596e-07,0.0018454288317747733
2.597e-07,0.007751678831774774
2.598e-07,0.007376678831774773
2.599e-07,0.0037516788317747737
2.6e-07,0.0023923038317747733
2.601e-07,0.0037516788317747737
2.602e-07,0.004407928831774773
2.603e-07,0.0037516788317747737
2.604e-07,0.0023454288317747733
2.605e-07,-0.00024832102275922655
2.606e-07,-0.0035139461682252267
2.607e-07,-0.0042483211682252265
2.608e-07,-0.0016076961682252263
2.609e-07,-0.00024832102275922655
2.61e-07,-0.0023420711682252265
2.611e-07,-0.0042483211682252265
2.612e-07,-0.0024826961682252267
2.613e-07,-0.00024832102275922655
2.614e-07,-0.0014358211682252266
2.615e-07,-0.0042483211682252265
2.616e-07,-0.003935821168225226
2.617e-07,-0.00024832102275922655
2.618e-07,0.0034079288317747734
2.619e-07,0.0037516788317747737
2.62e-07,0.00025167903177477345
2.621e-07,-0.0042483211682252265
2.622e-07,-0.006092071168225226
2.623e-07,-0.0042483211682252265
2.624e-07,-0.00013894606822522653
2.625e-07,0.0037516788317747737
2.626e-07,0.005282928831774773
2.627e-07,0.0037516788317747737
2.628e-07,0.0006266790317747735
2.629e-07,-0.00024832102275922655
2.63e-07,0.0020798038317747735
2.631e-07,0.0037516788317747737
2.632e-07,0.0019548038317747734
2.633e-07,-0.00024832102275922655
2.634e-07,-0.0003108210282252265
2.635e-07,-0.00024832102275922655
2.636e-07,-0.0024826961682252267
2.637e-07,-0.0042483211682252265
2.638e-07,-0.002638946168225227
2.639e-07,-0.00024832102275922655
2.64e-07,-0.0008420710682252265
2.641e-07,-0.0042483211682252265
2.642e-07,-0.0072170711682252265
2.643e-07,-0.008248321168225227
2.644e-07,-0.008045196168225226
2.645e-07,-0.008248321168225227
2.646e-07,-0.008857696168225227
2.647e-07,-0.008248321168225227
2.648e-07,-0.004842071168225227
2.649e-07,-0.00024832102275922655
2.65e-07,0.0021110538317747735
2.651e-07,-0.00024832102275922655
2.652e-07,-0.006326446168225227
2.653e-07,-0.012248324168225227
2.654e-07,-0.014279574168225227
2.655e-07,-0.012248324168225227
2.656e-07,-0.007982696168225226
2.657e-07,-0.0042483211682252265
2.658e-07,-0.0019358211682252266
2.659e-07,-0.00024832102275922655
2.66e-07,0.0007673038317747735
2.661e-07,-0.00024832102275922655
2.662e-07,-0.0029670711682252267
2.663e-07,-0.0042483211682252265
2.664e-07,-0.0023733211682252266
2.665e-07,-0.00024832102275922655
2.666e-07,-0.0014201961682252266
2.667e-07,-0.0042483211682252265
2.668e-07,-0.0052951961682252266
2.669e-07,-0.0042483211682252265
2.67e-07,-0.0023264461682252265
2.671e-07,-0.00024832102275922655
2.672e-07,0.0011266788317747735
2.673e-07,-0.00024832102275922655
2.674e-07,-0.003607696168225227
2.675e-07,-0.0042483211682252265
2.676e-07,-9.207106822522651e-05
2.677e-07,0.0037516788317747737
2.678e-07,0.0027985538317747733
2.679e-07,-0.00024832102275922655
2.68e-07,-0.0010451960682252267
2.681e-07,-0.00024832102275922655
2.682e-07,-0.0003108210282252265
2.683e-07,-0.00024832102275922655
2.684e-07,0.0016266788317747735
2.685e-07,0.0037516788317747737
2.686e-07,0.004064178831774773
2.687e-07,0.0037516788317747737
2.688e-07,0.004001678831774773
2.689e-07,0.0037516788317747737
2.69e-07,0.0017829288317747732
2.691e-07,-0.00024832102275922655
2.692e-07,-0.0007014460682252266
2.693e-07,-0.00024832102275922655
2.694e-07,-0.00024832102275922655
2.695e-07,-0.00024832102275922655
2.696e-07,0.00022042903177477347
2.697e-07,-0.00024832102275922655
2.698e-07,-0.0022639461682252265
2.699e-07,-0.0042483211682252265
2.7e-07,-0.004545196168225227
2.701e-07,-0.0042483211682252265
2.702e-07,-0.004388946168225227
2.703e-07,-0.0042483211682252265
2.704e-07,-0.0025608211682252267
2.705e-07,-0.00024832102275922655
2.706e-07,0.0008454288317747736
2.707e-07,-0.00024832102275922655
2.708e-07,-0.002638946168225227
2.709e-07,-0.0042483211682252265
2.71e-07,-0.0042326961682252265
2.711e-07,-0.0042483211682252265
2.712e-07,-0.004795196168225227
2.713e-07,-0.0042483211682252265
2.714e-07,-0.0017639461682252265
2.715e-07,-0.00024832102275922655
2.716e-07,-0.0018420711682252265
2.717e-07,-0.0042483211682252265
2.718e-07,-0.0037483211682252265
2.719e-07,-0.00024832102275922655
2.72e-07,0.0031266788317747735
2.721e-07,0.0037516788317747737
2.722e-07,0.0015329288317747734
2.723e-07,-0.00024832102275922655
2.724e-07,-0.0001701960182252265
2.725e-07,-0.00024832102275922655
2.726e-07,-0.0022483211682252265
2.727e-07,-0.0042483211682252265
2.728e-07,-0.004170196168225226
2.729e-07,-0.0042483211682252265
2.73e-07,-0.006326446168225227
2.731e-07,-0.008248321168225227
2.732e-07,-0.007092071168225226
2.733e-07,-0.0042483211682252265
2.734e-07,-0.0019358211682252266
2.735e-07,-0.00024832102275922655
2.736e-07,0.0018923038317747733
2.737e-07,0.0037516788317747737
2.738e-07,0.0032516788317747732
2.739e-07,-0.00024832102275922655
2.74e-07,-0.0051701961682252265
2.741e-07,-0.008248321168225227
2.742e-07,-0.007420196168225227
2.743e-07,-0.0042483211682252265
2.744e-07,-0.0014358211682252266
2.745e-07,-0.00024832102275922655
2.746e-07,-0.00010769606822522653
2.747e-07,-0.00024832102275922655
2.748e-07,-0.00018582101822522653
2.749e-07,-0.00024832102275922655
2.75e-07,-0.0003733210682252265
2.751e-07,-0.00024832102275922655
2.752e-07,-4.5196068225226526e-05
2.753e-07,-0.00024832102275922655
2.754e-07,-0.0008108210682252266
2.755e-07,-0.00024832102275922655
2.756e-07,0.0018454288317747733
2.757e-07,0.0037516788317747737
2.758e-07,0.0029704288317747734
2.759e-07,-0.00024832102275922655
2.76e-07,-0.0034514461682252267
2.761e-07,-0.0042483211682252265
2.762e-07,-0.0023889461682252266
2.763e-07,-0.00024832102275922655
2.764e-07,-0.0006389460682252265
2.765e-07,-0.0042483211682252265
2.766e-07,-0.008029571168225226
2.767e-07,-0.008248321168225227
2.768e-07,-0.004092071168225226
2.769e-07,-0.00024832102275922655
2.77e-07,-0.0006389460682252265
2.771e-07,-0.0042483211682252265
2.772e-07,-0.006482696168225227
2.773e-07,-0.0042483211682252265
2.774e-07,0.0008610538317747734
2.775e-07,0.0037516788317747737
2.776e-07,0.0021735538317747736
2.777e-07,-0.00024832102275922655
2.778e-07,-0.00042019606822522653
2.779e-07,-0.00024832102275922655
2.78e-07,-0.0023108211682252265
2.781e-07,-0.0042483211682252265
2.782e-07,-0.0030764461682252268
2.783e-07,-0.00024832102275922655
2.784e-07,0.0008454288317747736
2.785e-07,-0.00024832102275922655
2.786e-07,-0.0012795711682252265
2.787e-07,-0.00024832102275922655
2.788e-07,0.0014391788317747733
2.789e-07,-0.00024832102275922655
2.79e-07,-0.005435821168225227
2.791e-07,-0.008248321168225227
2.792e-07,-0.004873321168225227
2.793e-07,-0.00024832102275922655
2.794e-07,-0.00048269606822522654
2.795e-07,-0.0042483211682252265
2.796e-07,-0.006013946168225226
2.797e-07,-0.0042483211682252265
2.798e-07,-0.0013733211682252265
2.799e-07,-0.00024832102275922655
2.8e-07,-0.0016545711682252264
2.801e-07,-0.0042483211682252265
2.802e-07,-0.005670196168225227
2.803e-07,-0.0042483211682252265
2.804e-07,-0.0012795711682252265
2.805e-07,-0.00024832102275922655
2.806e-07,-0.0022483211682252265
2.807e-07,-0.0042483211682252265
2.808e-07,-0.004170196168225226
2.809e-07,-0.0042483211682252265
2.81e-07,-0.006388946168225227
2.811e-07,-0.008248321168225227
2.812e-07,-0.006873321168225226
2.813e-07,-0.0042483211682252265
2.814e-07,-0.0034514461682252267
2.815e-07,-0.0042483211682252265
2.816e-07,-0.004560821168225227
2.817e-07,-0.0042483211682252265
2.818e-07,-0.004092071168225226
2.819e-07,-0.0042483211682252265
2.82e-07,-0.0043108211682252266
2.821e-07,-0.0042483211682252265
2.822e-07,-0.0043108211682252266
2.823e-07,-0.0042483211682252265
2.824e-07,-0.004092071168225226
2.825e-07,-0.0042483211682252265
2.826e-07,-0.004498321168225227
2.827e-07,-0.0042483211682252265
2.828e-07,-0.003607696168225227
2.829e-07,-0.0042483211682252265
2.83e-07,-0.006607696168225227
2.831e-07,-0.008248321168225227
2.832e-07,-0.006951446168225226
2.833e-07,-0.0042483211682252265
2.834e-07,-0.0020920711682252263
2.835e-07,-0.00024832102275922655
2.836e-07,0.0011110538317747735
2.837e-07,-0.00024832102275922655
2.838e-07,-0.004670196168225227
2.839e-07,-0.008248321168225227
2.84e-07,-0.007420196168225227
2.841e-07,-0.0042483211682252265
2.842e-07,-0.0028576961682252266
2.843e-07,-0.0042483211682252265
2.844e-07,-0.005685821168225227
2.845e-07,-0.0042483211682252265
2.846e-07,6.41790317747735e-05
2.847e-07,0.0037516788317747737
2.848e-07,0.0034548038317747734
2.849e-07,-0.00024832102275922655
2.85e-07,-0.003920196168225226
2.851e-07,-0.0042483211682252265
2.852e-07,-0.0017639461682252265
2.853e-07,-0.00024832102275922655
2.854e-07,-0.0017639461682252265
2.855e-07,-0.0042483211682252265
2.856e-07,-0.004826446168225227
2.857e-07,-0.0042483211682252265
2.858e-07,-0.0042170711682252265
2.859e-07,-0.0042483211682252265
2.86e-07,-0.002638946168225227
2.861e-07,-0.00024832102275922655
2.862e-07,0.0017360538317747732
2.863e-07,0.0037516788317747737
2.864e-07,0.005189178831774773
2.865e-07,0.0037516788317747737
2.866e-07,-0.0009358210682252266
2.867e-07,-0.0042483211682252265
2.868e-07,-0.003154571168225227
2.869e-07,-0.00024832102275922655
2.87e-07,0.0006266790317747735
2.871e-07,-0.00024832102275922655
2.872e-07,-0.0005764460682252265
2.873e-07,-0.00024832102275922655
2.874e-07,-0.0011233210682252265
2.875e-07,-0.0042483211682252265
2.876e-07,-0.007592071168225227
2.877e-07,-0.008248321168225227
2.878e-07,-0.004795196168225227
2.879e-07,-0.00024832102275922655
2.88e-07,0.0016579288317747735
2.881e-07,-0.00024832102275922655
2.882e-07,-0.0034358211682252266
2.883e-07,-0.0042483211682252265
2.884e-07,-0.0020764461682252267
2.885e-07,-0.00024832102275922655
2.886e-07,-0.0006858210682252266
2.887e-07,-0.00024832102275922655
2.888e-07,0.0025485538317747735
2.889e-07,0.0037516788317747737
2.89e-07,6.41790317747735e-05
2.891e-07,-0.0042483211682252265
2.892e-07,-0.004779571168225227
2.893e-07,-0.0042483211682252265
2.894e-07,-0.006076446168225226
2.895e-07,-0.008248321168225227
2.896e-07,-0.007045196168225226
2.897e-07,-0.0042483211682252265
2.898e-07,-0.003138946168225227
2.899e-07,-0.0042483211682252265
2.9e-07,-0.005045196168225226
2.901e-07,-0.0042483211682252265
2.902e-07,-0.0021545711682252264
2.903e-07,-0.00024832102275922655
2.904e-07,0.0004548040317747735
2.905e-07,-0.00024832102275922655
2.906e-07,-0.0009826960682252266
2.907e-07,-0.00024832102275922655
2.908e-07,0.0007673038317747735
2.909e-07,-0.00024832102275922655
2.91e-07,-0.0033264461682252265
2.911e-07,-0.0042483211682252265
2.912e-07,0.0002985540317747735
2.913e-07,0.007751678831774774
2.914e-07,0.011564175831774774
2.915e-07,0.007751678831774774
2.916e-07,-0.0013733211682252265
2.917e-07,-0.008248321168225227
2.918e-07,-0.008201446168225227
2.919e-07,-0.0042483211682252265
2.92e-07,-0.0012483211682252264
2.921e-07,-0.00024832102275922655
2.922e-07,0.0010954288317747735
2.923e-07,0.0037516788317747737
2.924e-07,0.0055485538317747735
2.925e-07,0.0037516788317747737
2.926e-07,-0.0009358210682252266
2.927e-07,-0.0042483211682252265
2.928e-07,-0.003107696168225227
2.929e-07,-0.00024832102275922655
2.93e-07,0.0005016790317747735
2.931e-07,-0.00024832102275922655
2.932e-07,-0.0003889460682252265
2.933e-07,-0.00024832102275922655
2.934e-07,-0.0005139460682252265
2.935e-07,-0.00024832102275922655
2.936e-07,0.0017516788317747732
2.937e-07,0.0037516788317747737
2.938e-07,0.0030641788317747735
2.939e-07,-0.00024832102275922655
2.94e-07,-0.0036701961682252264
2.941e-07,-0.0042483211682252265
2.942e-07,-0.0010295710682252266
2.943e-07,0.0037516788317747737
2.944e-07,0.006142303831774773
2.945e-07,0.0037516788317747737
2.946e-07,-0.0015451961682252267
2.947e-07,-0.0042483211682252265
2.948e-07,-0.0021701961682252264
2.949e-07,-0.00024832102275922655
2.95e-07,-0.0019826961682252267
2.951e-07,-0.0042483211682252265
2.952e-07,-0.0028264461682252265
2.953e-07,-0.00024832102275922655
2.954e-07,1.678931774773461e-06
2.955e-07,-0.00024832102275922655
2.956e-07,0.0017829288317747732
2.957e-07,0.0037516788317747737
2.958e-07,0.0035016788317747734
2.959e-07,0.0037516788317747737
2.96e-07,0.006251678831774773
2.961e-07,0.007751678831774774
2.962e-07,0.004642303831774774
2.963e-07,-0.00024832102275922655
2.964e-07,-0.0022951961682252265
2.965e-07,-0.00024832102275922655
2.966e-07,0.0029548038317747734
2.967e-07,0.0037516788317747737
2.968e-07,0.0016110538317747735
2.969e-07,-0.00024832102275922655
2.97e-07,4.85539317747735e-05
2.971e-07,-0.00024832102275922655
2.972e-07,-0.0027170711682252264
2.973e-07,-0.0042483211682252265
2.974e-07,-0.0020920711682252263
2.975e-07,-0.00024832102275922655
2.976e-07,-0.0020920711682252263
2.977e-07,-0.0042483211682252265
2.978e-07,-0.0027170711682252264
2.979e-07,-0.00024832102275922655
2.98e-07,-1.3946068225226526e-05
2.981e-07,-0.00024832102275922655
2.982e-07,0.0016891788317747736
2.983e-07,0.0037516788317747737
2.984e-07,0.0027829288317747732
2.985e-07,-0.00024832102275922655
2.986e-07,-0.0018264461682252265
2.987e-07,-0.00024832102275922655
2.988e-07,0.0028766788317747733
2.989e-07,0.0037516788317747737
2.99e-07,0.0013923038317747733
2.991e-07,-0.00024832102275922655
2.992e-07,0.0015173038317747734
2.993e-07,0.0037516788317747737
2.994e-07,0.0037360538317747737
2.995e-07,0.0037516788317747737
2.996e-07,0.006079803831774773
2.997e-07,0.007751678831774774
2.998e-07,0.005017303831774773
2.999e-07,-0.00024832102275922655
3e-07,-0.0028576961682252266
3.001e-07,-0.00024832102275922655
3.002e-07,0.005064178831774773
3.003e-07,0.007751678831774774
3.004e-07,0.005907928831774773
3.005e-07,0.0037516788317747737
3.006e-07,0.005017303831774773
3.007e-07,0.007751678831774774
3.008e-07,0.0075173038317747735
3.009e-07,0.0037516788317747737
3.01e-07,1.7303931774773475e-05
3.011e-07,-0.00024832102275922655
3.012e-07,0.002251678831774773
3.013e-07,0.0037516788317747737
3.014e-07,0.0020173038317747734
3.015e-07,-0.00024832102275922655
3.016e-07,0.0006110540317747734
3.017e-07,0.0037516788317747737
3.018e-07,0.0055016788317747735
3.019e-07,0.0037516788317747737
3.02e-07,-0.0003264460282252265
3.021e-07,-0.0042483211682252265
3.022e-07,-0.005670196168225227
3.023e-07,-0.0042483211682252265
3.024e-07,-0.0014983211682252267
3.025e-07,-0.00024832102275922655
3.026e-07,-0.0005764460682252265
3.027e-07,-0.00024832102275922655
3.028e-07,0.0020485538317747735
3.029e-07,0.0037516788317747737
3.03e-07,0.0025641788317747735
3.031e-07,-0.00024832102275922655
3.032e-07,-0.0014983211682252267
3.033e-07,-0.00024832102275922655
3.034e-07,0.0020798038317747735
3.035e-07,0.0037516788317747737
3.036e-07,0.004079803831774773
3.037e-07,0.0037516788317747737
3.038e-07,0.0036579288317747736
3.039e-07,0.0037516788317747737
3.04e-07,0.0036266788317747736
3.041e-07,0.0037516788317747737
3.042e-07,0.004095428831774773
3.043e-07,0.0037516788317747737
3.044e-07,0.0027985538317747733
3.045e-07,0.0037516788317747737
3.046e-07,0.006720428831774774
3.047e-07,0.007751678831774774
3.048e-07,0.004236053831774773
3.049e-07,-0.00024832102275922655
3.05e-07,-0.0014358211682252266
3.051e-07,-0.00024832102275922655
3.052e-07,0.0003298040317747735
3.053e-07,-0.00024832102275922655
3.054e-07,-0.00048269606822522654
3.055e-07,-0.00024832102275922655
3.056e-07,-0.00010769606822522653
3.057e-07,-0.00024832102275922655
3.058e-07,-0.00024832102275922655
3.059e-07,-0.00024832102275922655
3.06e-07,-0.00024832102275922655
3.061e-07,-0.00024832102275922655
3.062e-07,-0.00024832102275922655
3.063e-07,-0.00024832102275922655
3.064e-07,-0.0001701960182252265
3.065e-07,-0.00024832102275922655
3.066e-07,-0.0003264460282252265
3.067e-07,-0.00024832102275922655
3.068e-07,6.41790317747735e-05
3.069e-07,-0.00024832102275922655
3.07e-07,-0.0008733210682252265
3.071e-07,-0.00024832102275922655
3.072e-07,0.0020798038317747735
3.073e-07,0.0037516788317747737
3.074e-07,0.0035173038317747735
3.075e-07,0.0037516788317747737
3.076e-07,0.005923553831774773
3.077e-07,0.007751678831774774
3.078e-07,0.006407928831774773
3.079e-07,0.0037516788317747737
3.08e-07,0.0026579288317747736
3.081e-07,0.0037516788317747737
3.082e-07,0.004782928831774774
3.083e-07,0.0037516788317747737
3.084e-07,0.0012673038317747736
3.085e-07,-0.00024832102275922655
3.086e-07,1.7303931774773475e-05
3.087e-07,-0.00024832102275922655
3.088e-07,-0.0023889461682252266
3.089e-07,-0.0042483211682252265
3.09e-07,-0.0020920711682252263
3.091e-07,0.0037516788317747737
3.092e-07,0.008767303831774773
3.093e-07,0.007751678831774774
3.094e-07,0.0009704288317747735
3.095e-07,-0.0042483211682252265
3.096e-07,-0.0032639461682252265
3.097e-07,-0.00024832102275922655
3.098e-07,-4.5196068225226526e-05
3.099e-07,-0.00024832102275922655
3.1e-07,0.0022829288317747732
3.101e-07,0.0037516788317747737
3.102e-07,0.0004235540317747735
3.103e-07,-0.0042483211682252265
3.104e-07,-0.005107696168225226
3.105e-07,-0.0042483211682252265
3.106e-07,-0.004529571168225227
3.107e-07,-0.0042483211682252265
3.108e-07,-0.0007795710682252265
3.109e-07,0.0037516788317747737
3.11e-07,0.006361053831774773
3.111e-07,0.007751678831774774
3.112e-07,0.008782928831774773
3.113e-07,0.007751678831774774
3.114e-07,0.0036735538317747736
3.115e-07,-0.00024832102275922655
3.116e-07,-0.0011545710682252265
3.117e-07,-0.00024832102275922655
3.118e-07,-4.5196068225226526e-05
3.119e-07,-0.00024832102275922655
3.12e-07,0.0010173038317747734
3.121e-07,0.0037516788317747737
3.122e-07,0.0065173038317747735
3.123e-07,0.007751678831774774
3.124e-07,0.006782928831774774
3.125e-07,0.0037516788317747737
3.126e-07,0.0004235540317747735
3.127e-07,-0.00024832102275922655
3.128e-07,0.0019548038317747734
3.129e-07,0.0037516788317747737
3.13e-07,0.0035016788317747734
3.131e-07,0.0037516788317747737
3.132e-07,0.006220428831774773
3.133e-07,0.007751678831774774
3.134e-07,0.004814178831774774
3.135e-07,-0.00024832102275922655
3.136e-07,-0.0023889461682252266
3.137e-07,-0.00024832102275922655
3.138e-07,0.004157928831774773
3.139e-07,0.007751678831774774
3.14e-07,0.007907928831774774
3.141e-07,0.0037516788317747737
3.142e-07,-0.0019514461682252266
3.143e-07,-0.0042483211682252265
3.144e-07,-0.0009358210682252266
3.145e-07,0.0037516788317747737
3.146e-07,0.005157928831774773
3.147e-07,0.0037516788317747737
3.148e-07,0.002689178831774773
3.149e-07,0.0037516788317747737
3.15e-07,0.005970428831774773
3.151e-07,0.007751678831774774
3.152e-07,0.007298553831774773
3.153e-07,0.0037516788317747737
3.154e-07,-0.0014358211682252266
3.155e-07,-0.0042483211682252265
3.156e-07,-0.0028733211682252266
3.157e-07,-0.00024832102275922655
3.158e-07,0.0005641790317747735
3.159e-07,-0.00024832102275922655
3.16e-07,-0.0005764460682252265
3.161e-07,-0.00024832102275922655
3.162e-07,4.85539317747735e-05
3.163e-07,-0.00024832102275922655
3.164e-07,-0.00026394601822522654
3.165e-07,-0.00024832102275922655
3.166e-07,-0.0002326960182252265
3.167e-07,-0.00024832102275922655
3.168e-07,-0.00015457101822522653
3.169e-07,-0.00024832102275922655
3.17e-07,0.0005016790317747735
3.171e-07,0.0037516788317747737
3.172e-07,0.008595428831774773
3.173e-07,0.011751675831774774
3.174e-07,0.010689175831774773
3.175e-07,0.007751678831774774
3.176e-07,0.0064548038317747735
3.177e-07,0.007751678831774774
3.178e-07,0.008032928831774774
3.179e-07,0.0037516788317747737
3.18e-07,-0.003967071168225226
3.181e-07,-0.008248321168225227
3.182e-07,-0.004326446168225227
3.183e-07,0.0037516788317747737
3.184e-07,0.008782928831774773
3.185e-07,0.007751678831774774
3.186e-07,0.0033298038317747733
3.187e-07,-0.00024832102275922655
3.188e-07,-0.0008420710682252265
3.189e-07,-0.00024832102275922655
3.19e-07,-0.00012332106822522651
3.191e-07,-0.00024832102275922655
3.192e-07,-4.5196068225226526e-05
3.193e-07,-0.00024832102275922655
3.194e-07,-0.0009983210682252266
3.195e-07,-0.00024832102275922655
3.196e-07,0.0036579288317747736
3.197e-07,0.007751678831774774
3.198e-07,0.008064178831774774
3.199e-07,0.0037516788317747737
3.2e-07,-0.0020451961682252267
3.201e-07,-0.0042483211682252265
3.202e-07,-0.0011545710682252265
3.203e-07,0.0037516788317747737
3.204e-07,0.006782928831774774
3.205e-07,0.007751678831774774
3.206e-07,0.008173553831774774
3.207e-07,0.007751678831774774
3.208e-07,0.004876678831774774
3.209e-07,-0.00024832102275922655
3.21e-07,-0.004420196168225227
3.211e-07,-0.0042483211682252265
3.212e-07,0.0010016788317747734
3.213e-07,0.007751678831774774
3.214e-07,0.011579805831774773
3.215e-07,0.011751675831774774
3.216e-07,0.009876675831774774
3.217e-07,0.007751678831774774
3.218e-07,0.005751678831774774
3.219e-07,0.0037516788317747737
3.22e-07,0.0017204288317747732
3.221e-07,-0.00024832102275922655
3.222e-07,-0.0013889461682252266
3.223e-07,-0.00024832102275922655
3.224e-07,0.0025485538317747735
3.225e-07,0.0037516788317747737
3.226e-07,0.0030016788317747734
3.227e-07,0.0037516788317747737
3.228e-07,0.007236053831774773
3.229e-07,0.007751678831774774
3.23e-07,0.0020016788317747734
3.231e-07,-0.0042483211682252265
3.232e-07,-0.0042795711682252265
3.233e-07,-0.00024832102275922655
3.234e-07,0.0025173038317747734
3.235e-07,0.0037516788317747737
3.236e-07,0.005673553831774774
3.237e-07,0.007751678831774774
3.238e-07,0.008392303831774773
3.239e-07,0.007751678831774774
3.24e-07,0.006407928831774773
3.241e-07,0.0037516788317747737
3.242e-07,-0.00043582106822522655
3.243e-07,-0.0042483211682252265
3.244e-07,-0.004670196168225227
3.245e-07,-0.00024832102275922655
3.246e-07,0.006954803831774773
3.247e-07,0.011751675831774774
3.248e-07,0.011157925831774773
3.249e-07,0.007751678831774774
3.25e-07,0.005236053831774773
3.251e-07,0.0037516788317747737
3.252e-07,0.0017360538317747732
3.253e-07,-0.00024832102275922655
3.254e-07,-0.0008264460682252266
3.255e-07,-0.00024832102275922655
3.256e-07,0.0010173038317747734
3.257e-07,0.0037516788317747737
3.258e-07,0.007173553831774773
3.259e-07,0.007751678831774774
3.26e-07,0.004126678831774773
3.261e-07,-0.00024832102275922655
3.262e-07,-0.0013733211682252265
3.263e-07,-0.00024832102275922655
3.264e-07,0.00034542903177477353
3.265e-07,-0.00024832102275922655
3.266e-07,-0.0007639460682252265
3.267e-07,-0.00024832102275922655
3.268e-07,0.0014079288317747733
3.269e-07,0.0037516788317747737
3.27e-07,0.006220428831774773
3.271e-07,0.007751678831774774
3.272e-07,0.007111053831774773
3.273e-07,0.0037516788317747737
3.274e-07,-0.0011076960682252265
3.275e-07,-0.0042483211682252265
3.276e-07,-0.0034826961682252267
3.277e-07,-0.00024832102275922655
3.278e-07,0.0026423038317747735
3.279e-07,0.0037516788317747737
3.28e-07,0.0035798038317747735
3.281e-07,0.0037516788317747737
3.282e-07,0.004298553831774773
3.283e-07,0.0037516788317747737
3.284e-07,0.0015329288317747734
3.285e-07,-0.00024832102275922655
3.286e-07,-0.00024832102275922655
3.287e-07,-0.00024832102275922655
3.288e-07,-0.0019514461682252266
3.289e-07,-0.0042483211682252265
3.29e-07,-0.004795196168225227
3.291e-07,-0.0042483211682252265
3.292e-07,-0.0039045711682252266
3.293e-07,-0.0042483211682252265
3.294e-07,-0.0034983211682252267
3.295e-07,-0.00024832102275922655
3.296e-07,0.004626678831774774
3.297e-07,0.007751678831774774
3.298e-07,0.006782928831774774
3.299e-07,0.0037516788317747737
3.3e-07,0.0012829288317747736
3.301e-07,-0.00024832102275922655
3.302e-07,-0.0021389461682252264
3.303e-07,-0.0042483211682252265
3.304e-07,-0.0051701961682252265
3.305e-07,-0.0042483211682252265
3.306e-07,-0.0020139461682252267
3.307e-07,-0.00024832102275922655
3.308e-07,0.0002829290317747735
3.309e-07,-0.00024832102275922655
3.31e-07,-0.0004983210682252265
3.311e-07,-0.00024832102275922655
3.312e-07,0.00015792903177477347
3.313e-07,-0.00024832102275922655
3.314e-07,-0.0008733210682252265
3.315e-07,-0.00024832102275922655
3.316e-07,0.0019391788317747734
3.317e-07,0.0037516788317747737
3.318e-07,0.003907928831774773
3.319e-07,0.0037516788317747737
3.32e-07,0.005126678831774773
3.321e-07,0.007751678831774774
3.322e-07,0.009064178831774773
3.323e-07,0.007751678831774774
3.324e-07,0.004814178831774774
3.325e-07,0.0037516788317747737
3.326e-07,0.0054704288317747735
3.327e-07,0.007751678831774774
3.328e-07,0.007267303831774773
3.329e-07,0.0037516788317747737
3.33e-07,0.00036105403177477343
3.331e-07,-0.00024832102275922655
3.332e-07,0.0010485538317747734
3.333e-07,-0.00024832102275922655
3.334e-07,-0.004935821168225226
3.335e-07,-0.008248321168225227
3.336e-07,-0.004779571168225227
3.337e-07,0.0037516788317747737
3.338e-07,0.011001675831774773
3.339e-07,0.011751675831774774
3.34e-07,0.007111053831774773
3.341e-07,0.0037516788317747737
3.342e-07,0.004236053831774773
3.343e-07,0.0037516788317747737
3.344e-07,-0.0009201960682252265
3.345e-07,-0.0042483211682252265
3.346e-07,-0.0012483211682252264
3.347e-07,0.0037516788317747737
3.348e-07,0.0037360538317747737
3.349e-07,-0.00024832102275922655
3.35e-07,-0.0023264461682252265
3.351e-07,-0.00024832102275922655
3.352e-07,0.0032673038317747732
3.353e-07,0.0037516788317747737
3.354e-07,0.00015792903177477347
3.355e-07,-0.0042483211682252265
3.356e-07,-0.005607696168225227
3.357e-07,-0.0042483211682252265
3.358e-07,-0.003107696168225227
3.359e-07,-0.0042483211682252265
3.36e-07,-0.005670196168225227
3.361e-07,-0.0042483211682252265
3.362e-07,0.00037667903177477345
3.363e-07,0.0037516788317747737
3.364e-07,0.002720428831774773
3.365e-07,-0.00024832102275922655
3.366e-07,-0.0012014460682252264
3.367e-07,-0.00024832102275922655
3.368e-07,0.00017355403177477349
3.369e-07,-0.00024832102275922655
3.37e-07,-0.0005295710682252265
3.371e-07,-0.00024832102275922655
3.372e-07,-9.207106822522651e-05
3.373e-07,-0.00024832102275922655
3.374e-07,-0.0002795710182252265
3.375e-07,-0.00024832102275922655
3.376e-07,-9.207106822522651e-05
3.377e-07,-0.00024832102275922655
3.378e-07,-0.0014358211682252266
3.379e-07,-0.0042483211682252265
3.38e-07,-0.006451446168225227
3.381e-07,-0.0042483211682252265
3.382e-07,0.0026266788317747735
3.383e-07,0.007751678831774774
3.384e-07,0.006642303831774774
3.385e-07,0.0037516788317747737
3.386e-07,0.0035173038317747735
3.387e-07,0.0037516788317747737
3.388e-07,0.0013610538317747733
3.389e-07,-0.00024832102275922655
3.39e-07,0.0019235538317747733
3.391e-07,0.0037516788317747737
3.392e-07,0.0006266790317747735
3.393e-07,-0.0042483211682252265
3.394e-07,-0.005670196168225227
3.395e-07,-0.0042483211682252265
3.396e-07,-0.0023264461682252265
3.397e-07,-0.00024832102275922655
3.398e-07,0.0025485538317747735
3.399e-07,0.0037516788317747737
3.4e-07,0.0020485538317747735
3.401e-07,-0.00024832102275922655
3.402e-07,-0.0007639460682252265
3.403e-07,-0.00024832102275922655
3.404e-07,-0.00015457101822522653
3.405e-07,-0.00024832102275922655
3.406e-07,0.0008923038317747734
3.407e-07,0.0037516788317747737
3.408e-07,0.005892303831774773
3.409e-07,0.0037516788317747737
3.41e-07,-0.0016858211682252264
3.411e-07,-0.0042483211682252265
3.412e-07,-0.0006076960682252265
3.413e-07,0.0037516788317747737
3.414e-07,0.0029860538317747734
3.415e-07,-0.00024832102275922655
3.416e-07,-0.00024832102275922655
3.417e-07,0.0037516788317747737
3.418e-07,0.0075016788317747735
3.419e-07,0.007751678831774774
3.42e-07,0.004314178831774773
3.421e-07,-0.00024832102275922655
3.422e-07,-0.0034358211682252266
3.423e-07,-0.0042483211682252265
3.424e-07,-0.0038889461682252266
3.425e-07,-0.0042483211682252265
3.426e-07,-0.004888946168225226
3.427e-07,-0.0042483211682252265
3.428e-07,-0.0019358211682252266
3.429e-07,-0.00024832102275922655
3.43e-07,-0.0012795711682252265
3.431e-07,-0.0042483211682252265
3.432e-07,-0.005842071168225227
3.433e-07,-0.0042483211682252265
3.434e-07,-0.0010451960682252267
3.435e-07,-0.00024832102275922655
3.436e-07,-0.003607696168225227
3.437e-07,-0.008248321168225227
3.438e-07,-0.009935821168225226
3.439e-07,-0.008248321168225227
3.44e-07,-0.005498321168225227
3.441e-07,-0.0042483211682252265
3.442e-07,-0.004388946168225227
3.443e-07,-0.0042483211682252265
3.444e-07,-0.0025920711682252268
3.445e-07,-0.00024832102275922655
3.446e-07,0.0008610538317747734
3.447e-07,-0.00024832102275922655
3.448e-07,-0.0025608211682252267
3.449e-07,-0.0042483211682252265
3.45e-07,-0.004545196168225227
3.451e-07,-0.0042483211682252265
3.452e-07,-0.0042170711682252265
3.453e-07,-0.0042483211682252265
3.454e-07,-0.0029826961682252267
3.455e-07,-0.00024832102275922655
3.456e-07,0.002689178831774773
3.457e-07,0.0037516788317747737
3.458e-07,0.002236053831774773
3.459e-07,-0.00024832102275922655
3.46e-07,-0.0014201961682252266
3.461e-07,-0.00024832102275922655
3.462e-07,0.0020954288317747735
3.463e-07,0.0037516788317747737
3.464e-07,0.0038454288317747738
3.465e-07,0.0037516788317747737
3.466e-07,0.004064178831774773
3.467e-07,0.0037516788317747737
3.468e-07,0.0018454288317747733
3.469e-07,-0.00024832102275922655
3.47e-07,-0.0007795710682252265
3.471e-07,-0.00024832102275922655
3.472e-07,1.678931774773461e-06
3.473e-07,-0.00024832102275922655
3.474e-07,-0.00026394601822522654
3.475e-07,-0.00024832102275922655
3.476e-07,-0.00026394601822522654
3.477e-07,-0.00024832102275922655
3.478e-07,-6.082106822522651e-05
3.479e-07,-0.00024832102275922655
3.48e-07,-0.0006389460682252265
3.481e-07,-0.00024832102275922655
3.482e-07,0.0015173038317747734
3.483e-07,0.0037516788317747737
3.484e-07,0.004720428831774774
3.485e-07,0.0037516788317747737
3.486e-07,0.0015798038317747735
3.487e-07,-0.00024832102275922655
3.488e-07,-0.0007795710682252265
3.489e-07,-0.00024832102275922655
3.49e-07,0.0001891790317747735
3.491e-07,-0.00024832102275922655
3.492e-07,-0.0009514460682252266
3.493e-07,-0.00024832102275922655
3.494e-07,0.0021266788317747735
3.495e-07,0.0037516788317747737
3.496e-07,0.0026266788317747735
3.497e-07,-0.00024832102275922655
3.498e-07,-0.0027170711682252264
3.499e-07,-0.0042483211682252265
3.5e-07,-0.004873321168225227
3.501e-07,-0.0042483211682252265
3.502e-07,-0.0021545711682252264
3.503e-07,-0.00024832102275922655
3.504e-07,0.0002829290317747735
3.505e-07,-0.00024832102275922655
3.506e-07,-0.0005608210682252264
3.507e-07,-0.00024832102275922655
3.508e-07,0.00017355403177477349
3.509e-07,-0.00024832102275922655
3.51e-07,-0.0010295710682252266
3.511e-07,-0.00024832102275922655
3.512e-07,0.0022985538317747732
3.513e-07,0.0037516788317747737
3.514e-07,0.0021579288317747736
3.515e-07,-0.00024832102275922655
3.516e-07,-0.0007795710682252265
3.517e-07,-0.00024832102275922655
3.518e-07,-0.0003108210282252265
3.519e-07,-0.00024832102275922655
3.52e-07,0.0012985538317747737
3.521e-07,0.0037516788317747737
3.522e-07,0.004861053831774774
3.523e-07,0.0037516788317747737
3.524e-07,0.0013454288317747733
3.525e-07,-0.00024832102275922655
3.526e-07,-0.0003108210282252265
3.527e-07,-0.00024832102275922655
3.528e-07,-0.0017483211682252264
3.529e-07,-0.0042483211682252265
3.53e-07,-0.005451446168225227
3.531e-07,-0.0042483211682252265
3.532e-07,-0.0015451961682252267
3.533e-07,-0.00024832102275922655
3.534e-07,-0.0016701961682252264
3.535e-07,-0.0042483211682252265
3.536e-07,-0.0052795711682252265
3.537e-07,-0.0042483211682252265
3.538e-07,-0.0022170711682252264
3.539e-07,-0.00024832102275922655
3.54e-07,0.0006423040317747735
3.541e-07,-0.00024832102275922655
3.542e-07,-0.0024514461682252266
3.543e-07,-0.0042483211682252265
3.544e-07,-0.004482696168225227
3.545e-07,-0.0042483211682252265
3.546e-07,-0.005326446168225227
3.547e-07,-0.008248321168225227
3.548e-07,-0.010326444168225226
3.549e-07,-0.008248321168225227
3.55e-07,-0.0016389461682252263
3.551e-07,0.0037516788317747737
3.552e-07,0.0035173038317747735
3.553e-07,-0.00024832102275922655
3.554e-07,-0.0032639461682252265
3.555e-07,-0.0042483211682252265
3.556e-07,-0.0034983211682252267
3.557e-07,-0.00024832102275922655
3.558e-07,0.004751678831774774
3.559e-07,0.007751678831774774
3.56e-07,0.005329803831774773
3.561e-07,-0.00024832102275922655
3.562e-07,-0.004326446168225227
3.563e-07,-0.0042483211682252265
3.564e-07,-0.0014826961682252266
3.565e-07,-0.00024832102275922655
3.566e-07,-0.0022170711682252264
3.567e-07,-0.0042483211682252265
3.568e-07,-0.003154571168225227
3.569e-07,-0.00024832102275922655
3.57e-07,0.0010329288317747734
3.571e-07,-0.00024832102275922655
3.572e-07,-0.0024826961682252267
3.573e-07,-0.0042483211682252265
3.574e-07,-0.004826446168225227
3.575e-07,-0.0042483211682252265
3.576e-07,-0.0034983211682252267
3.577e-07,-0.0042483211682252265
3.578e-07,-0.006342071168225227
3.579e-07,-0.008248321168225227
3.58e-07,-0.007607696168225227
3.581e-07,-0.0042483211682252265
3.582e-07,-0.0006076960682252265
3.583e-07,-0.00024832102275922655
3.584e-07,-0.003107696168225227
3.585e-07,-0.0042483211682252265
3.586e-07,-0.0008733210682252265
3.587e-07,0.0037516788317747737
3.588e-07,0.004220428831774773
3.589e-07,-0.00024832102275922655
3.59e-07,-0.005779571168225227
3.591e-07,-0.008248321168225227
3.592e-07,-0.007732696168225227
3.593e-07,-0.008248321168225227
3.594e-07,-0.010935824168225227
3.595e-07,-0.012248324168225227
3.596e-07,-0.007935821168225226
3.597e-07,-0.00024832102275922655
3.598e-07,0.004907928831774773
3.599e-07,0.0037516788317747737
3.6e-07,-0.0014358211682252266
3.601e-07,-0.0042483211682252265
3.602e-07,-0.0022483211682252265
3.603e-07,-0.00024832102275922655
3.604e-07,-0.0022014461682252264
3.605e-07,-0.0042483211682252265
3.606e-07,-0.0025451961682252267
3.607e-07,-0.00024832102275922655
3.608e-07,-0.0017014461682252264
3.609e-07,-0.0042483211682252265
3.61e-07,-0.0033576961682252266
3.611e-07,-0.00024832102275922655
3.612e-07,0.0010329288317747734
3.613e-07,-0.00024832102275922655
3.614e-07,-0.0025451961682252267
3.615e-07,-0.0042483211682252265
3.616e-07,-0.004670196168225227
3.617e-07,-0.0042483211682252265
3.618e-07,-0.003623321168225227
3.619e-07,-0.0042483211682252265
3.62e-07,-0.006076446168225226
3.621e-07,-0.008248321168225227
3.622e-07,-0.009170196168225227
3.623e-07,-0.008248321168225227
3.624e-07,-0.005029571168225226
3.625e-07,-0.00024832102275922655
3.626e-07,0.004626678831774774
3.627e-07,0.007751678831774774
3.628e-07,0.007329803831774773
3.629e-07,0.0037516788317747737
3.63e-07,-0.0011076960682252265
3.631e-07,-0.0042483211682252265
3.632e-07,-0.004685821168225227
3.633e-07,-0.0042483211682252265
3.634e-07,-0.004529571168225227
3.635e-07,-0.0042483211682252265
3.636e-07,-0.0022639461682252265
3.637e-07,-0.00024832102275922655
3.638e-07,6.41790317747735e-05
3.639e-07,-0.00024832102275922655
3.64e-07,0.00014230403177477346
3.641e-07,-0.00024832102275922655
3.642e-07,-0.0024201961682252266
3.643e-07,-0.0042483211682252265
3.644e-07,-0.004092071168225226
3.645e-07,-0.0042483211682252265
3.646e-07,-0.006388946168225227
3.647e-07,-0.008248321168225227
3.648e-07,-0.006951446168225226
3.649e-07,-0.0042483211682252265
3.65e-07,-0.0023108211682252265
3.651e-07,-0.00024832102275922655
3.652e-07,0.0026266788317747735
3.653e-07,0.0037516788317747737
3.654e-07,0.0015798038317747735
3.655e-07,-0.00024832102275922655
3.656e-07,0.00025167903177477345
3.657e-07,-0.00024832102275922655
3.658e-07,-0.004467071168225227
3.659e-07,-0.008248321168225227
3.66e-07,-0.007342071168225227
3.661e-07,-0.0042483211682252265
3.662e-07,-0.0032170711682252265
3.663e-07,-0.0042483211682252265
3.664e-07,-0.004654571168225227
3.665e-07,-0.0042483211682252265
3.666e-07,-0.004013946168225226
3.667e-07,-0.0042483211682252265
3.668e-07,-0.0042483211682252265
3.669e-07,-0.0042483211682252265
3.67e-07,-0.004326446168225227
3.671e-07,-0.0042483211682252265
3.672e-07,-0.004060821168225226
3.673e-07,-0.0042483211682252265
3.674e-07,-0.004638946168225227
3.675e-07,-0.0042483211682252265
3.676e-07,-0.0024826961682252267
3.677e-07,-0.00024832102275922655
3.678e-07,0.0007204290317747734
3.679e-07,-0.00024832102275922655
3.68e-07,-0.0024201961682252266
3.681e-07,-0.0042483211682252265
3.682e-07,-0.004654571168225227
3.683e-07,-0.0042483211682252265
3.684e-07,-0.004123321168225226
3.685e-07,-0.0042483211682252265
3.686e-07,-0.004170196168225226
3.687e-07,-0.0042483211682252265
3.688e-07,-0.0034670711682252267
3.689e-07,-0.00024832102275922655
3.69e-07,0.004001678831774773
3.691e-07,0.0037516788317747737
3.692e-07,-0.0027014461682252264
3.693e-07,-0.008248321168225227
3.694e-07,-0.006388946168225227
3.695e-07,-0.00024832102275922655
3.696e-07,0.0035329288317747735
3.697e-07,0.0037516788317747737
3.698e-07,0.002236053831774773
3.699e-07,-0.00024832102275922655
3.7e-07,-0.0032326961682252265
3.701e-07,-0.0042483211682252265
3.702e-07,-0.0020608211682252267
3.703e-07,-0.00024832102275922655
3.704e-07,-0.0016545711682252264
3.705e-07,-0.0042483211682252265
3.706e-07,-0.005045196168225226
3.707e-07,-0.0042483211682252265
3.708e-07,-0.0028108211682252265
3.709e-07,-0.00024832102275922655
3.71e-07,0.0031110538317747735
3.711e-07,0.0037516788317747737
3.712e-07,0.00011105403177477348
3.713e-07,-0.0042483211682252265
3.714e-07,-0.005420196168225227
3.715e-07,-0.0042483211682252265
3.716e-07,-0.0035608211682252268
3.717e-07,-0.0042483211682252265
3.718e-07,-0.003982696168225226
3.719e-07,-0.00024832102275922655
3.72e-07,0.0054860538317747735
3.721e-07,0.007751678831774774
3.722e-07,0.004142303831774773
3.723e-07,-0.00024832102275922655
3.724e-07,-0.0008733210682252265
3.725e-07,-0.00024832102275922655
3.726e-07,-0.0022014461682252264
3.727e-07,-0.0042483211682252265
3.728e-07,-0.0029358211682252266
3.729e-07,-0.00024832102275922655
3.73e-07,0.00037667903177477345
3.731e-07,-0.00024832102275922655
3.732e-07,-9.207106822522651e-05
3.733e-07,-0.00024832102275922655
3.734e-07,-0.0020139461682252267
3.735e-07,-0.0042483211682252265
3.736e-07,-0.004873321168225227
3.737e-07,-0.0042483211682252265
3.738e-07,-0.0038264461682252266
3.739e-07,-0.0042483211682252265
3.74e-07,-0.004779571168225227
3.741e-07,-0.0042483211682252265
3.742e-07,-0.0022639461682252265
3.743e-07,-0.00024832102275922655
3.744e-07,0.00039230403177477346
3.745e-07,-0.00024832102275922655
3.746e-07,-0.0016233211682252263
3.747e-07,-0.0042483211682252265
3.748e-07,-0.007420196168225227
3.749e-07,-0.008248321168225227
3.75e-07,-0.005888946168225226
3.751e-07,-0.0042483211682252265
3.752e-07,-0.004982696168225226
3.753e-07,-0.0042483211682252265
3.754e-07,0.00037667903177477345
3.755e-07,0.0037516788317747737
3.756e-07,0.0010329288317747734
3.757e-07,-0.0042483211682252265
3.758e-07,-0.006060821168225226
3.759e-07,-0.0042483211682252265
3.76e-07,-0.0019201961682252266
3.761e-07,-0.00024832102275922655
3.762e-07,0.0006423040317747735
3.763e-07,-0.00024832102275922655
3.764e-07,-0.0027483211682252265
3.765e-07,-0.0042483211682252265
3.766e-07,-0.0027795711682252265
3.767e-07,-0.00024832102275922655
3.768e-07,0.0007985538317747735
3.769e-07,-0.00024832102275922655
3.77e-07,-0.0013733211682252265
3.771e-07,-0.00024832102275922655
3.772e-07,0.0026266788317747735
3.773e-07,0.0037516788317747737
3.774e-07,0.0015485538317747734
3.775e-07,-0.00024832102275922655
3.776e-07,0.0012829288317747736
3.777e-07,0.0037516788317747737
3.778e-07,0.004001678831774773
3.779e-07,0.0037516788317747737
3.78e-07,0.0045641788317747735
3.781e-07,0.0037516788317747737
3.782e-07,-0.0006389460682252265
3.783e-07,-0.0042483211682252265
3.784e-07,-0.003107696168225227
3.785e-07,-0.00024832102275922655
3.786e-07,0.0005329290317747735
3.787e-07,-0.00024832102275922655
3.788e-07,-0.0002326960182252265
3.789e-07,-0.00024832102275922655
3.79e-07,-0.0018420711682252265
3.791e-07,-0.0042483211682252265
3.792e-07,-0.0042951961682252265
3.793e-07,-0.00024832102275922655
3.794e-07,0.0055798038317747736
3.795e-07,0.007751678831774774
3.796e-07,0.004001678831774773
3.797e-07,-0.00024832102275922655
3.798e-07,-0.0006545710682252265
3.799e-07,-0.00024832102275922655
3.8e-07,-0.0023889461682252266
3.801e-07,-0.0042483211682252265
3.802e-07,-0.0024514461682252266
3.803e-07,-0.00024832102275922655
3.804e-07,-0.0015451961682252267
3.805e-07,-0.0042483211682252265
3.806e-07,-0.0036858211682252264
3.807e-07,-0.00024832102275922655
3.808e-07,0.0029548038317747734
3.809e-07,0.0037516788317747737
3.81e-07,0.002236053831774773
3.811e-07,-0.00024832102275922655
3.812e-07,-0.0015451961682252267
3.813e-07,-0.00024832102275922655
3.814e-07,0.0025798038317747735
3.815e-07,0.0037516788317747737
3.816e-07,0.0017985538317747732
3.817e-07,-0.00024832102275922655
3.818e-07,0.00048605403177477344
3.819e-07,0.0037516788317747737
3.82e-07,0.006845428831774773
3.821e-07,0.007751678831774774
3.822e-07,0.006298553831774773
3.823e-07,0.0037516788317747737
3.824e-07,0.0003298040317747735
3.825e-07,-0.0042483211682252265
3.826e-07,-0.008279571168225227
3.827e-07,-0.008248321168225227
3.828e-07,-0.0025608211682252267
3.829e-07,0.0037516788317747737
3.83e-07,0.005657928831774774
3.831e-07,0.0037516788317747737
3.832e-07,0.0014079288317747733
3.833e-07,-0.00024832102275922655
3.834e-07,-0.0010451960682252267
3.835e-07,-0.00024832102275922655
3.836e-07,0.0019860538317747734
3.837e-07,0.0037516788317747737
3.838e-07,0.002720428831774773
3.839e-07,-0.00024832102275922655
3.84e-07,-0.0021076961682252263
3.841e-07,-0.00024832102275922655
3.842e-07,0.0036735538317747736
3.843e-07,0.0037516788317747737
3.844e-07,-0.0021545711682252264
3.845e-07,-0.008248321168225227
3.846e-07,-0.008388946168225227
3.847e-07,-0.0042483211682252265
3.848e-07,-0.0008108210682252266
3.849e-07,-0.00024832102275922655
3.85e-07,-0.0005764460682252265
3.851e-07,-0.00024832102275922655
3.852e-07,0.00037667903177477345
3.853e-07,-0.00024832102275922655
3.854e-07,-0.0023733211682252266
3.855e-07,-0.0042483211682252265
3.856e-07,-0.0033733211682252266
3.857e-07,-0.00024832102275922655
3.858e-07,0.0026423038317747735
3.859e-07,0.0037516788317747737
3.86e-07,0.0025641788317747735
3.861e-07,-0.00024832102275922655
3.862e-07,-0.0023108211682252265
3.863e-07,-0.00024832102275922655
3.864e-07,0.005064178831774773
3.865e-07,0.007751678831774774
3.866e-07,0.004392303831774773
3.867e-07,-0.00024832102275922655
3.868e-07,-0.0011545710682252265
3.869e-07,-0.00024832102275922655
3.87e-07,-0.0012951961682252265
3.871e-07,-0.0042483211682252265
3.872e-07,-0.005560821168225227
3.873e-07,-0.0042483211682252265
3.874e-07,-0.0017639461682252265
3.875e-07,-0.00024832102275922655
3.876e-07,0.0008610538317747734
3.877e-07,0.0037516788317747737
3.878e-07,0.008626678831774773
3.879e-07,0.011751675831774774
3.88e-07,0.009423553831774774
3.881e-07,0.0037516788317747737
3.882e-07,-0.0005295710682252265
3.883e-07,-0.00024832102275922655
3.884e-07,0.0025954288317747735
3.885e-07,0.0037516788317747737
3.886e-07,0.0016110538317747735
3.887e-07,-0.00024832102275922655
3.888e-07,0.0013141788317747737
3.889e-07,0.0037516788317747737
3.89e-07,0.0032673038317747732
3.891e-07,-0.00024832102275922655
3.892e-07,-0.0034201961682252266
3.893e-07,-0.0042483211682252265
3.894e-07,-0.002654571168225227
3.895e-07,-0.00024832102275922655
3.896e-07,0.0019235538317747733
3.897e-07,0.0037516788317747737
3.898e-07,0.004782928831774774
3.899e-07,0.0037516788317747737
3.9e-07,0.0010173038317747734
3.901e-07,-0.00024832102275922655
3.902e-07,0.0017516788317747732
3.903e-07,0.0037516788317747737
3.904e-07,0.0025016788317747734
3.905e-07,-0.00024832102275922655
3.906e-07,-0.0013264461682252265
3.907e-07,-0.00024832102275922655
3.908e-07,0.0016735538317747736
3.909e-07,0.0037516788317747737
3.91e-07,0.006064178831774773
3.911e-07,0.007751678831774774
3.912e-07,0.007173553831774773
3.913e-07,0.0037516788317747737
3.914e-07,-0.0011701960682252265
3.915e-07,-0.0042483211682252265
3.916e-07,-0.0034045711682252266
3.917e-07,-0.00024832102275922655
3.918e-07,0.0025485538317747735
3.919e-07,0.0037516788317747737
3.92e-07,0.004032928831774773
3.921e-07,0.0037516788317747737
3.922e-07,0.0024704288317747734
3.923e-07,-0.00024832102275922655
3.924e-07,-0.0032483211682252265
3.925e-07,-0.0042483211682252265
3.926e-07,-0.0014983211682252267
3.927e-07,0.0037516788317747737
3.928e-07,0.007829803831774774
3.929e-07,0.007751678831774774
3.93e-07,0.0037360538317747737
3.931e-07,-0.00024832102275922655
3.932e-07,-0.0011233210682252265
3.933e-07,-0.00024832102275922655
3.934e-07,0.00011105403177477348
3.935e-07,-0.00024832102275922655
3.936e-07,-0.0001701960182252265
3.937e-07,-0.00024832102275922655
3.938e-07,-0.0007951960682252265
3.939e-07,-0.00024832102275922655
3.94e-07,0.002236053831774773
3.941e-07,0.0037516788317747737
3.942e-07,0.003189178831774773
3.943e-07,0.0037516788317747737
3.944e-07,0.006720428831774774
3.945e-07,0.007751678831774774
3.946e-07,0.0038454288317747738
3.947e-07,-0.00024832102275922655
3.948e-07,0.00036105403177477343
3.949e-07,0.0037516788317747737
3.95e-07,0.004970428831774773
3.951e-07,0.0037516788317747737
3.952e-07,0.0027985538317747733
3.953e-07,0.0037516788317747737
3.954e-07,0.005001678831774773
3.955e-07,0.0037516788317747737
3.956e-07,-0.0003264460282252265
3.957e-07,-0.0042483211682252265
3.958e-07,-0.004904571168225226
3.959e-07,-0.0042483211682252265
3.96e-07,-0.0042326961682252265
3.961e-07,-0.0042483211682252265
3.962e-07,-0.0024514461682252266
3.963e-07,-0.00024832102275922655
3.964e-07,0.0013454288317747733
3.965e-07,0.0037516788317747737
3.966e-07,0.007986053831774774
3.967e-07,0.011751675831774774
3.968e-07,0.011517305831774773
3.969e-07,0.007751678831774774
3.97e-07,0.0028141788317747733
3.971e-07,-0.00024832102275922655
3.972e-07,-0.0007795710682252265
3.973e-07,-0.00024832102275922655
3.974e-07,-0.00013894606822522653
3.975e-07,-0.00024832102275922655
3.976e-07,-1.3946068225226526e-05
3.977e-07,-0.00024832102275922655
3.978e-07,-0.0008889460682252265
3.979e-07,-0.00024832102275922655
3.98e-07,0.0024548038317747734
3.981e-07,0.0037516788317747737
3.982e-07,0.0018923038317747733
3.983e-07,-0.00024832102275922655
3.984e-07,-0.00015457101822522653
3.985e-07,-0.00024832102275922655
3.986e-07,-0.0026076961682252268
3.987e-07,-0.0042483211682252265
3.988e-07,-0.0014983211682252267
3.989e-07,0.0037516788317747737
3.99e-07,0.007251678831774773
3.991e-07,0.007751678831774774
3.992e-07,0.006079803831774773
3.993e-07,0.0037516788317747737
3.994e-07,0.0014391788317747733
3.995e-07,-0.00024832102275922655
3.996e-07,-0.0009201960682252265
3.997e-07,-0.00024832102275922655
3.998e-07,0.0007204290317747734
3.999e-07,-0.00024832102275922655
4e-07,-0.0030608211682252267
4.001e-07,-0.0042483211682252265
4.002e-07,-0.0019358211682252266
4.003e-07,-0.00024832102275922655
4.004e-07,-0.0021389461682252264
4.005e-07,-0.0042483211682252265
4.006e-07,-0.0028108211682252265
4.007e-07,-0.00024832102275922655
4.008e-07,0.0001266790317747735
4.009e-07,-0.00024832102275922655
4.01e-07,0.0004704290317747734
4.011e-07,-0.00024832102275922655
4.012e-07,-0.004326446168225227
4.013e-07,-0.008248321168225227
4.014e-07,-0.007732696168225227
4.015e-07,-0.0042483211682252265
4.016e-07,-0.0011389460682252265
4.017e-07,-0.00024832102275922655
4.018e-07,-0.0005451960682252265
4.019e-07,-0.00024832102275922655
4.02e-07,0.0005485540317747735
4.021e-07,-0.00024832102275922655
4.022e-07,-0.0019826961682252267
4.023e-07,-0.00024832102275922655
4.024e-07,0.005298553831774773
4.025e-07,0.007751678831774774
4.026e-07,0.0024548038317747734
4.027e-07,-0.0042483211682252265
4.028e-07,-0.004560821168225227
4.029e-07,-0.00024832102275922655
4.03e-07,0.0019548038317747734
4.031e-07,-0.00024832102275922655
4.032e-07,-0.0035139461682252267
4.033e-07,-0.0042483211682252265
4.034e-07,-0.0010764460682252267
4.035e-07,0.0037516788317747737
4.036e-07,0.006251678831774773
4.037e-07,0.0037516788317747737
4.038e-07,-0.0016701961682252264
4.039e-07,-0.0042483211682252265
4.04e-07,-0.0012639461682252265
4.041e-07,0.0037516788317747737
4.042e-07,0.005689178831774774
4.043e-07,0.0037516788317747737
4.044e-07,0.0008454288317747736
4.045e-07,-0.00024832102275922655
4.046e-07,0.00022042903177477347
4.047e-07,-0.00024832102275922655
4.048e-07,-0.0023733211682252266
4.049e-07,-0.0042483211682252265
4.05e-07,-0.0032170711682252265
4.051e-07,-0.00024832102275922655
4.052e-07,0.0023298038317747733
4.053e-07,0.0037516788317747737
4.054e-07,0.004392303831774773
4.055e-07,0.0037516788317747737
4.056e-07,0.0025641788317747735
4.057e-07,0.0037516788317747737
4.058e-07,0.007126678831774773
4.059e-07,0.007751678831774774
4.06e-07,0.0033610538317747733
4.061e-07,-0.00024832102275922655
4.062e-07,0.0012829288317747736
4.063e-07,0.0037516788317747737
4.064e-07,0.0021891788317747736
4.065e-07,-0.00024832102275922655
4.066e-07,0.0010485538317747734
4.067e-07,0.0037516788317747737
4.068e-07,0.004204803831774773
4.069e-07,0.0037516788317747737
4.07e-07,0.0045485538317747735
4.071e-07,0.0037516788317747737
4.072e-07,-0.0005451960682252265
4.073e-07,-0.0042483211682252265
4.074e-07,-0.0033264461682252265
4.075e-07,-0.00024832102275922655
4.076e-07,0.0016891788317747736
4.077e-07,0.0037516788317747737
4.078e-07,0.006939178831774773
4.079e-07,0.007751678831774774
4.08e-07,0.003954803831774773
4.081e-07,-0.00024832102275922655
4.082e-07,-0.0007170710682252266
4.083e-07,-0.00024832102275922655
4.084e-07,-0.0020608211682252267
4.085e-07,-0.0042483211682252265
4.086e-07,-0.0033264461682252265
4.087e-07,-0.00024832102275922655
4.088e-07,0.0022985538317747732
4.089e-07,0.0037516788317747737
4.09e-07,0.005361053831774773
4.091e-07,0.007751678831774774
4.092e-07,0.009189178831774773
4.093e-07,0.007751678831774774
4.094e-07,0.0035016788317747734
4.095e-07,-0.00024832102275922655
4.096e-07,-0.0010295710682252266
4.097e-07,-0.00024832102275922655
4.098e-07,-0.0010920710682252265
4.099e-07,-0.0042483211682252265
4.1e-07,-0.006404571168225227
4.101e-07,-0.0042483211682252265
4.102e-07,0.0022829288317747732
4.103e-07,0.007751678831774774
4.104e-07,0.007689178831774774
4.105e-07,0.0037516788317747737
4.106e-07,0.0004548040317747735
4.107e-07,-0.00024832102275922655
4.108e-07,0.0010641788317747734
4.109e-07,0.0037516788317747737
4.11e-07,0.005845428831774774
4.111e-07,0.0037516788317747737
4.112e-07,-0.0018576961682252265
4.113e-07,-0.0042483211682252265
4.114e-07,-7.644606822522653e-05
4.115e-07,0.0037516788317747737
4.116e-07,0.0021110538317747735
4.117e-07,-0.00024832102275922655
4.118e-07,0.002720428831774773
4.119e-07,0.007751678831774774
4.12e-07,0.009017303831774773
4.121e-07,0.007751678831774774
4.122e-07,0.0074704288317747735
4.123e-07,0.007751678831774774
4.124e-07,0.006079803831774773
4.125e-07,0.0037516788317747737
4.126e-07,0.0029704288317747734
4.127e-07,0.0037516788317747737
4.128e-07,0.004392303831774773
4.129e-07,0.0037516788317747737
4.13e-07,0.0018454288317747733
4.131e-07,-0.00024832102275922655
4.132e-07,-0.0009670710682252265
4.133e-07,-0.00024832102275922655
4.134e-07,0.0015329288317747734
4.135e-07,0.0037516788317747737
4.136e-07,0.005032928831774773
4.137e-07,0.0037516788317747737
4.138e-07,0.0006891790317747735
4.139e-07,-0.00024832102275922655
4.14e-07,0.0022985538317747732
4.141e-07,0.0037516788317747737
4.142e-07,0.0006266790317747735
4.143e-07,-0.0042483211682252265
4.144e-07,-0.005982696168225226
4.145e-07,-0.0042483211682252265
4.146e-07,-0.0016701961682252264
4.147e-07,-0.00024832102275922655
4.148e-07,0.0011110538317747735
4.149e-07,0.0037516788317747737
4.15e-07,0.007001678831774773
4.151e-07,0.007751678831774774
4.152e-07,0.004314178831774773
4.153e-07,-0.00024832102275922655
4.154e-07,-0.0018889461682252266
4.155e-07,-0.00024832102275922655
4.156e-07,0.002251678831774773
4.157e-07,0.0037516788317747737
4.158e-07,0.004001678831774773
4.159e-07,0.0037516788317747737
4.16e-07,0.0036579288317747736
4.161e-07,0.0037516788317747737
4.162e-07,0.0037829288317747737
4.163e-07,0.0037516788317747737
4.164e-07,0.0036423038317747736
4.165e-07,0.0037516788317747737
4.166e-07,0.0038298038317747737
4.167e-07,0.0037516788317747737
4.168e-07,0.0036579288317747736
4.169e-07,0.0037516788317747737
4.17e-07,0.0030485538317747735
4.171e-07,-0.00024832102275922655
4.172e-07,-0.005342071168225227
4.173e-07,-0.008248321168225227
4.174e-07,-0.005732696168225227
4.175e-07,-0.00024832102275922655
4.176e-07,0.0037360538317747737
4.177e-07,0.0037516788317747737
4.178e-07,0.0013923038317747733
4.179e-07,-0.00024832102275922655
4.18e-07,-9.207106822522651e-05
4.181e-07,-0.00024832102275922655
4.182e-07,-0.0022014461682252264
4.183e-07,-0.0042483211682252265
4.184e-07,-0.0035139461682252267
4.185e-07,-0.00024832102275922655
4.186e-07,0.0030798038317747735
4.187e-07,0.0037516788317747737
4.188e-07,0.0019079288317747733
4.189e-07,-0.00024832102275922655
4.19e-07,-0.0007795710682252265
4.191e-07,-0.00024832102275922655
4.192e-07,0.0009079288317747734
4.193e-07,0.0037516788317747737
4.194e-07,0.008314178831774773
4.195e-07,0.011751675831774774
4.196e-07,0.010954805831774774
4.197e-07,0.007751678831774774
4.198e-07,0.004970428831774773
4.199e-07,0.0037516788317747737
4.2e-07,0.0033766788317747733
4.201e-07,0.0037516788317747737
4.202e-07,0.004189178831774773
4.203e-07,0.0037516788317747737
4.204e-07,0.0018923038317747733
4.205e-07,-0.00024832102275922655
4.206e-07,-0.0009826960682252266
4.207e-07,-0.00024832102275922655
4.208e-07,0.0007829288317747735
4.209e-07,-0.00024832102275922655
4.21e-07,-0.0030295711682252267
4.211e-07,-0.0042483211682252265
4.212e-07,-0.0022326961682252264
4.213e-07,-0.00024832102275922655
4.214e-07,-0.00048269606822522654
4.215e-07,-0.00024832102275922655
4.216e-07,0.0024548038317747734
4.217e-07,0.0037516788317747737
4.218e-07,0.0004391790317747735
4.219e-07,-0.0042483211682252265
4.22e-07,-0.005498321168225227
4.221e-07,-0.0042483211682252265
4.222e-07,-0.0035139461682252267
4.223e-07,-0.0042483211682252265
4.224e-07,-0.0037639461682252265
4.225e-07,-0.00024832102275922655
4.226e-07,0.005017303831774773
4.227e-07,0.007751678831774774
4.228e-07,0.006142303831774773
4.229e-07,0.0037516788317747737
4.23e-07,0.0044860538317747735
4.231e-07,0.007751678831774774
4.232e-07,0.009251678831774773
4.233e-07,0.007751678831774774
4.234e-07,0.004892303831774773
4.235e-07,0.0037516788317747737
4.236e-07,0.005267303831774773
4.237e-07,0.007751678831774774
4.238e-07,0.007845428831774774
4.239e-07,0.0037516788317747737
4.24e-07,-0.0019983211682252267
4.241e-07,-0.0042483211682252265
4.242e-07,-0.0008733210682252265
4.243e-07,0.0037516788317747737
4.244e-07,0.005267303831774773
4.245e-07,0.0037516788317747737
4.246e-07,0.0027673038317747732
4.247e-07,0.0037516788317747737
4.248e-07,0.004892303831774773
4.249e-07,0.0037516788317747737
4.25e-07,0.0007673038317747735
4.251e-07,-0.00024832102275922655
4.252e-07,0.0030954288317747735
4.253e-07,0.007751678831774774
4.254e-07,0.009407928831774773
4.255e-07,0.007751678831774774
4.256e-07,0.004329803831774773
4.257e-07,-0.00024832102275922655
4.258e-07,-0.004373321168225227
4.259e-07,-0.0042483211682252265
4.26e-07,0.0014704288317747734
4.261e-07,0.007751678831774774
4.262e-07,0.009564178831774774
4.263e-07,0.007751678831774774
4.264e-07,0.0055485538317747735
4.265e-07,0.0037516788317747737
4.266e-07,0.0016266788317747735
4.267e-07,-0.00024832102275922655
4.268e-07,-0.0007483210682252265
4.269e-07,-0.00024832102275922655
4.27e-07,0.0009548038317747735
4.271e-07,0.0037516788317747737
4.272e-07,0.007314178831774773
4.273e-07,0.007751678831774774
4.274e-07,0.0037516788317747737
4.275e-07,-0.00024832102275922655
4.276e-07,-0.0007014460682252266
4.277e-07,-0.00024832102275922655
4.278e-07,-0.0011076960682252265
4.279e-07,-0.00024832102275922655
4.28e-07,0.004392303831774773
4.281e-07,0.007751678831774774
4.282e-07,0.005095428831774773
4.283e-07,-0.00024832102275922655
4.284e-07,-0.0022170711682252264
4.285e-07,-0.00024832102275922655
4.286e-07,0.0025641788317747735
4.287e-07,0.0037516788317747737
4.288e-07,0.0036110538317747735
4.289e-07,0.0037516788317747737
4.29e-07,0.004236053831774773
4.291e-07,0.0037516788317747737
4.292e-07,0.0014704288317747734
4.293e-07,-0.00024832102275922655
4.294e-07,0.0007516790317747736
4.295e-07,0.0037516788317747737
4.296e-07,0.005407928831774773
4.297e-07,0.0037516788317747737
4.298e-07,-0.00043582106822522655
4.299e-07,-0.0042483211682252265
4.3e-07,-0.0061701961682252265
4.301e-07,-0.008248321168225227
4.302e-07,-0.011092074168225226
4.303e-07,-0.012248324168225227
4.304e-07,-0.009045196168225227
4.305e-07,-0.0042483211682252265
4.306e-07,-0.0011701960682252265
4.307e-07,-0.00024832102275922655
4.308e-07,0.0001266790317747735
4.309e-07,-0.00024832102275922655
4.31e-07,-0.0019983211682252267
4.311e-07,-0.0042483211682252265
4.312e-07,-0.0052483211682252265
4.313e-07,-0.0042483211682252265
4.314e-07,-0.0021389461682252264
4.315e-07,-0.00024832102275922655
4.316e-07,0.0002985540317747735
4.317e-07,-0.00024832102275922655
4.318e-07,-0.0007326960682252266
4.319e-07,-0.00024832102275922655
4.32e-07,0.0005016790317747735
4.321e-07,-0.00024832102275922655
4.322e-07,-0.0027014461682252264
4.323e-07,-0.0042483211682252265
4.324e-07,-0.0029514461682252266
4.325e-07,-0.00024832102275922655
4.326e-07,0.0010954288317747735
4.327e-07,-0.00024832102275922655
4.328e-07,-0.0028108211682252265
4.329e-07,-0.0042483211682252265
4.33e-07,-0.003935821168225226
4.331e-07,-0.0042483211682252265
4.332e-07,-0.005420196168225227
4.333e-07,-0.0042483211682252265
4.334e-07,0.0004079290317747735
4.335e-07,0.0037516788317747737
4.336e-07,0.0021423038317747735
4.337e-07,-0.00024832102275922655
4.338e-07,0.0012360538317747736
4.339e-07,0.0037516788317747737
4.34e-07,0.0027985538317747733
4.341e-07,-0.00024832102275922655
4.342e-07,-0.0024358211682252266
4.343e-07,-0.0042483211682252265
4.344e-07,-0.005904571168225226
4.345e-07,-0.0042483211682252265
4.346e-07,0.0021579288317747736
4.347e-07,0.007751678831774774
4.348e-07,0.007626678831774774
4.349e-07,0.0037516788317747737
4.35e-07,0.0007204290317747734
4.351e-07,-0.00024832102275922655
4.352e-07,-0.0003733210682252265
4.353e-07,-0.00024832102275922655
4.354e-07,0.0009860538317747734
4.355e-07,0.0037516788317747737
4.356e-07,0.006689178831774774
4.357e-07,0.007751678831774774
4.358e-07,0.005923553831774773
4.359e-07,0.0037516788317747737
4.36e-07,0.0032985538317747733
4.361e-07,0.0037516788317747737
4.362e-07,0.0036110538317747735
4.363e-07,0.0037516788317747737
4.364e-07,0.0044704288317747734
4.365e-07,0.0037516788317747737
4.366e-07,6.41790317747735e-05
4.367e-07,-0.0042483211682252265
4.368e-07,-0.005670196168225227
4.369e-07,-0.0042483211682252265
4.37e-07,-0.0018264461682252265
4.371e-07,-0.00024832102275922655
4.372e-07,0.00022042903177477347
4.373e-07,-0.00024832102275922655
4.374e-07,-0.0007326960682252266
4.375e-07,-0.00024832102275922655
4.376e-07,0.0007204290317747734
4.377e-07,-0.00024832102275922655
4.378e-07,-0.003107696168225227
4.379e-07,-0.0042483211682252265
4.38e-07,-0.0019983211682252267
4.381e-07,-0.00024832102275922655
4.382e-07,-0.0019983211682252267
4.383e-07,-0.0042483211682252265
4.384e-07,-0.0029826961682252267
4.385e-07,-0.00024832102275922655
4.386e-07,0.0004704290317747734
4.387e-07,-0.00024832102275922655
4.388e-07,-0.0003108210282252265
4.389e-07,-0.00024832102275922655
4.39e-07,-0.0007326960682252266
4.391e-07,-0.00024832102275922655
4.392e-07,0.0020798038317747735
4.393e-07,0.0037516788317747737
4.394e-07,0.0024079288317747733
4.395e-07,-0.00024832102275922655
4.396e-07,-0.0013576961682252265
4.397e-07,-0.00024832102275922655
4.398e-07,0.0017829288317747732
4.399e-07,0.0037516788317747737
4.4e-07,0.004720428831774774
4.401e-07,0.0037516788317747737
4.402e-07,0.0012673038317747736
4.403e-07,-0.00024832102275922655
4.404e-07,7.980403177477346e-05
4.405e-07,-0.00024832102275922655
4.406e-07,-0.0024826961682252267
4.407e-07,-0.0042483211682252265
4.408e-07,-0.0028889461682252266
4.409e-07,-0.00024832102275922655
4.41e-07,0.0007204290317747734
4.411e-07,-0.00024832102275922655
4.412e-07,-0.0009514460682252266
4.413e-07,-0.00024832102275922655
4.414e-07,0.0017360538317747732
4.415e-07,0.0037516788317747737
4.416e-07,0.0045641788317747735
4.417e-07,0.0037516788317747737
4.418e-07,0.0017516788317747732
4.419e-07,-0.00024832102275922655
4.42e-07,-0.0011701960682252265
4.421e-07,-0.00024832102275922655
4.422e-07,0.0020173038317747734
4.423e-07,0.0037516788317747737
4.424e-07,0.003907928831774773
4.425e-07,0.0037516788317747737
4.426e-07,0.004064178831774773
4.427e-07,0.0037516788317747737
4.428e-07,0.0017048038317747736
4.429e-07,-0.00024832102275922655
4.43e-07,-0.0005451960682252265
4.431e-07,-0.00024832102275922655
4.432e-07,-0.00043582106822522655
4.433e-07,-0.00024832102275922655
4.434e-07,0.0005641790317747735
4.435e-07,-0.00024832102275922655
4.436e-07,-0.0038576961682252266
4.437e-07,-0.008248321168225227
4.438e-07,-0.008873321168225227
4.439e-07,-0.0042483211682252265
4.44e-07,0.0021735538317747736
4.441e-07,0.0037516788317747737
4.442e-07,-0.0006701960682252265
4.443e-07,-0.0042483211682252265
4.444e-07,-0.0013889461682252266
4.445e-07,0.0037516788317747737
4.446e-07,0.004251678831774773
4.447e-07,-0.00024832102275922655
4.448e-07,-0.004592071168225227
4.449e-07,-0.0042483211682252265
4.45e-07,1.678931774773461e-06
4.451e-07,0.0037516788317747737
4.452e-07,0.004251678831774773
4.453e-07,0.0037516788317747737
4.454e-07,0.004220428831774773
4.455e-07,0.0037516788317747737
4.456e-07,6.41790317747735e-05
4.457e-07,-0.0042483211682252265
4.458e-07,-0.005482696168225227
4.459e-07,-0.0042483211682252265
4.46e-07,-0.0032951961682252265
4.461e-07,-0.0042483211682252265
4.462e-07,-0.0052951961682252266
4.463e-07,-0.0042483211682252265
4.464e-07,-0.0012170710682252264
4.465e-07,-0.00024832102275922655
4.466e-07,-0.002638946168225227
4.467e-07,-0.0042483211682252265
4.468e-07,-0.0012014460682252264
4.469e-07,0.0037516788317747737
4.47e-07,0.005376678831774773
4.471e-07,0.0037516788317747737
4.472e-07,0.0014235538317747733
4.473e-07,-0.00024832102275922655
4.474e-07,-0.0012014460682252264
4.475e-07,-0.00024832102275922655
4.476e-07,0.0013923038317747733
4.477e-07,-0.00024832102275922655
4.478e-07,-0.005513946168225227
4.479e-07,-0.008248321168225227
4.48e-07,-0.004654571168225227
4.481e-07,-0.00024832102275922655
4.482e-07,-0.0007326960682252266
4.483e-07,-0.0042483211682252265
4.484e-07,-0.005451446168225227
4.485e-07,-0.0042483211682252265
4.486e-07,-0.0035139461682252267
4.487e-07,-0.0042483211682252265
4.488e-07,-0.004779571168225227
4.489e-07,-0.0042483211682252265
4.49e-07,-0.0024983211682252267
4.491e-07,-0.00024832102275922655
4.492e-07,0.0008923038317747734
4.493e-07,-0.00024832102275922655
4.494e-07,-0.0028733211682252266
4.495e-07,-0.0042483211682252265
4.496e-07,-0.0028733211682252266
4.497e-07,-0.00024832102275922655
4.498e-07,0.0008923038317747734
4.499e-07,-0.00024832102275922655
4.5e-07,-0.0024983211682252267
4.501e-07,-0.0042483211682252265
4.502e-07,-0.004779571168225227
4.503e-07,-0.0042483211682252265
4.504e-07,-0.003592071168225227
4.505e-07,-0.0042483211682252265
4.506e-07,-0.0052951961682252266
4.507e-07,-0.0042483211682252265
4.508e-07,-0.0010608210682252267
4.509e-07,-0.00024832102275922655
4.51e-07,-0.003998321168225226
4.511e-07,-0.008248321168225227
4.512e-07,-0.007982696168225226
4.513e-07,-0.0042483211682252265
4.514e-07,-0.0012483211682252264
4.515e-07,-0.00024832102275922655
4.516e-07,-0.0001701960182252265
4.517e-07,-0.00024832102275922655
4.518e-07,-0.0003733210682252265
4.519e-07,-0.00024832102275922655
4.52e-07,-0.0008108210682252266
4.521e-07,-0.0042483211682252265
4.522e-07,-0.009654571168225226
4.523e-07,-0.012248324168225227
4.524e-07,-0.009107696168225227
4.525e-07,-0.0042483211682252265
4.526e-07,-0.0016076961682252263
4.527e-07,-0.00024832102275922655
4.528e-07,0.0018610538317747733
4.529e-07,0.0037516788317747737
4.53e-07,0.0027829288317747732
4.531e-07,-0.00024832102275922655
4.532e-07,-0.0019983211682252267
4.533e-07,-0.00024832102275922655
4.534e-07,0.0021735538317747736
4.535e-07,-0.00024832102275922655
4.536e-07,-0.008717071168225227
4.537e-07,-0.016248324168225223
4.538e-07,-0.015435824168225226
4.539e-07,-0.008248321168225227
4.54e-07,-0.0015139461682252267
4.541e-07,-0.00024832102275922655
4.542e-07,-0.0027639461682252265
4.543e-07,-0.0042483211682252265
4.544e-07,-0.0024358211682252266
4.545e-07,-0.00024832102275922655
4.546e-07,-0.0012326960682252264
4.547e-07,-0.0042483211682252265
4.548e-07,-0.005670196168225227
4.549e-07,-0.0042483211682252265
4.55e-07,-0.0019201961682252266
4.551e-07,-0.00024832102275922655
4.552e-07,-0.0007170710682252266
4.553e-07,-0.0042483211682252265
4.554e-07,-0.008482696168225227
4.555e-07,-0.008248321168225227
4.556e-07,-0.0029826961682252267
4.557e-07,-0.00024832102275922655
4.558e-07,-0.004154571168225226
4.559e-07,-0.008248321168225227
4.56e-07,-0.006779571168225227
4.561e-07,-0.0042483211682252265
4.562e-07,-0.005935821168225226
4.563e-07,-0.008248321168225227
4.564e-07,-0.005373321168225227
4.565e-07,-0.00024832102275922655
4.566e-07,0.0004548040317747735
4.567e-07,-0.0042483211682252265
4.568e-07,-0.009920196168225226
4.569e-07,-0.012248324168225227
4.57e-07,-0.009592071168225226
4.571e-07,-0.0042483211682252265
4.572e-07,-0.00021707101822522653
4.573e-07,-0.00024832102275922655
4.574e-07,-0.0030608211682252267
4.575e-07,-0.0042483211682252265
4.576e-07,-0.0021701961682252264
4.577e-07,-0.00024832102275922655
4.578e-07,-0.0015764461682252267
4.579e-07,-0.0042483211682252265
4.58e-07,-0.004982696168225226
4.581e-07,-0.0042483211682252265
4.582e-07,-0.004013946168225226
4.583e-07,-0.0042483211682252265
4.584e-07,-0.0039045711682252266
4.585e-07,-0.0042483211682252265
4.586e-07,-0.0052639461682252265
4.587e-07,-0.0042483211682252265
4.588e-07,1.678931774773461e-06
4.589e-07,0.0037516788317747737
4.59e-07,0.004220428831774773
4.591e-07,0.0037516788317747737
4.592e-07,0.004314178831774773
4.593e-07,0.0037516788317747737
4.594e-07,-0.00021707101822522653
4.595e-07,-0.0042483211682252265
4.596e-07,-0.004045196168225226
4.597e-07,-0.00024832102275922655
4.598e-07,0.0031266788317747735
4.599e-07,0.0037516788317747737
4.6e-07,0.0019860538317747734
4.601e-07,-0.00024832102275922655
4.602e-07,-0.0010608210682252267
4.603e-07,-0.00024832102275922655
4.604e-07,0.0006735540317747735
4.605e-07,-0.00024832102275922655
4.606e-07,-0.0027795711682252265
4.607e-07,-0.0042483211682252265
4.608e-07,-0.0028264461682252265
4.609e-07,-0.00024832102275922655
4.61e-07,0.0008766788317747734
4.611e-07,-0.00024832102275922655
4.612e-07,-0.0023264461682252265
4.613e-07,-0.0042483211682252265
4.614e-07,-0.005107696168225226
4.615e-07,-0.0042483211682252265
4.616e-07,-0.0019201961682252266
4.617e-07,-0.00024832102275922655
4.618e-07,-0.0001701960182252265
4.619e-07,-0.00024832102275922655
4.62e-07,0.0002985540317747735
4.621e-07,-0.00024832102275922655
4.622e-07,-0.002638946168225227
4.623e-07,-0.0042483211682252265
4.624e-07,-0.0028576961682252266
4.625e-07,-0.00024832102275922655
4.626e-07,0.0006266790317747735
4.627e-07,-0.00024832102275922655
4.628e-07,-0.0009670710682252265
4.629e-07,-0.00024832102275922655
4.63e-07,0.0007204290317747734
4.631e-07,-0.00024832102275922655
4.632e-07,-0.0030295711682252267
4.633e-07,-0.0042483211682252265
4.634e-07,-0.0021076961682252263
4.635e-07,-0.00024832102275922655
4.636e-07,-0.0016858211682252264
4.637e-07,-0.0042483211682252265
4.638e-07,-0.004623321168225227
4.639e-07,-0.0042483211682252265
4.64e-07,-0.004779571168225227
4.641e-07,-0.0042483211682252265
4.642e-07,-0.00048269606822522654
4.643e-07,0.0037516788317747737
4.644e-07,0.004939178831774773
4.645e-07,0.0037516788317747737
4.646e-07,0.0020016788317747734
4.647e-07,-0.00024832102275922655
4.648e-07,-0.0030295711682252267
4.649e-07,-0.0042483211682252265
4.65e-07,-0.002685821168225227
4.651e-07,-0.00024832102275922655
4.652e-07,0.0006110540317747734
4.653e-07,-0.00024832102275922655
4.654e-07,-0.0009826960682252266
4.655e-07,-0.00024832102275922655
4.656e-07,0.0009548038317747735
4.657e-07,-0.00024832102275922655
4.658e-07,-0.0034358211682252266
4.659e-07,-0.0042483211682252265
4.66e-07,-0.0003264460282252265
4.661e-07,0.0037516788317747737
4.662e-07,0.0031266788317747735
4.663e-07,-0.00024832102275922655
4.664e-07,-0.0016076961682252263
4.665e-07,-0.00024832102275922655
4.666e-07,0.0017829288317747732
4.667e-07,0.0037516788317747737
4.668e-07,0.004829803831774774
4.669e-07,0.0037516788317747737
4.67e-07,0.0007829288317747735
4.671e-07,-0.00024832102275922655
4.672e-07,0.0021266788317747735
4.673e-07,0.0037516788317747737
4.674e-07,0.0009548038317747735
4.675e-07,-0.0042483211682252265
4.676e-07,-0.007513946168225227
4.677e-07,-0.008248321168225227
4.678e-07,-0.0071076961682252264
4.679e-07,-0.0042483211682252265
4.68e-07,0.0004548040317747735
4.681e-07,0.0037516788317747737
4.682e-07,0.004048553831774773
4.683e-07,0.0037516788317747737
4.684e-07,0.004345428831774773
4.685e-07,0.0037516788317747737
4.686e-07,0.0009079288317747734
4.687e-07,-0.00024832102275922655
4.688e-07,0.0030641788317747735
4.689e-07,0.007751678831774774
4.69e-07,0.008017303831774774
4.691e-07,0.0037516788317747737
4.692e-07,-0.0013889461682252266
4.693e-07,-0.0042483211682252265
4.694e-07,-0.0034514461682252267
4.695e-07,-0.00024832102275922655
4.696e-07,0.0021110538317747735
4.697e-07,-0.00024832102275922655
4.698e-07,-0.005935821168225226
4.699e-07,-0.008248321168225227
4.7e-07,-0.003154571168225227
4.701e-07,0.0037516788317747737
4.702e-07,0.005923553831774773
4.703e-07,0.0037516788317747737
4.704e-07,0.0012673038317747736
4.705e-07,-0.00024832102275922655
4.706e-07,-0.0012014460682252264
4.707e-07,-0.00024832102275922655
4.708e-07,0.0026735538317747736
4.709e-07,0.0037516788317747737
4.71e-07,0.0012829288317747736
4.711e-07,-0.00024832102275922655
4.712e-07,0.0019079288317747733
4.713e-07,0.0037516788317747737
4.714e-07,0.0018454288317747733
4.715e-07,-0.00024832102275922655
4.716e-07,0.0015016788317747734
4.717e-07,0.0037516788317747737
4.718e-07,0.0023298038317747733
4.719e-07,-0.00024832102275922655
4.72e-07,-0.0004670710682252265
4.721e-07,-0.00024832102275922655
4.722e-07,-0.0012170710682252264
4.723e-07,-0.00024832102275922655
4.724e-07,0.004407928831774773
4.725e-07,0.007751678831774774
4.726e-07,0.005032928831774773
4.727e-07,-0.00024832102275922655
4.728e-07,-0.0022483211682252265
4.729e-07,-0.00024832102275922655
4.73e-07,0.0025641788317747735
4.731e-07,0.0037516788317747737
4.732e-07,0.0025798038317747735
4.733e-07,-0.00024832102275922655
4.734e-07,-0.003154571168225227
4.735e-07,-0.0042483211682252265
4.736e-07,-0.0027795711682252265
4.737e-07,-0.00024832102275922655
4.738e-07,0.0010641788317747734
4.739e-07,-0.00024832102275922655
4.74e-07,-0.0029983211682252267
4.741e-07,-0.0042483211682252265
4.742e-07,-0.0024358211682252266
4.743e-07,-0.00024832102275922655
4.744e-07,-0.0007795710682252265
4.745e-07,-0.0042483211682252265
4.746e-07,-0.007670196168225227
4.747e-07,-0.008248321168225227
4.748e-07,-0.005045196168225226
4.749e-07,-0.00024832102275922655
4.75e-07,0.0032829288317747733
4.751e-07,0.0037516788317747737
4.752e-07,0.0017985538317747732
4.753e-07,-0.00024832102275922655
4.754e-07,-0.0008733210682252265
4.755e-07,-0.00024832102275922655
4.756e-07,0.00020480403177477346
4.757e-07,-0.00024832102275922655
4.758e-07,-0.0009514460682252266
4.759e-07,-0.00024832102275922655
4.76e-07,0.0019860538317747734
4.761e-07,0.0037516788317747737
4.762e-07,0.0029548038317747734
4.763e-07,-0.00024832102275922655
4.764e-07,-0.0034983211682252267
4.765e-07,-0.0042483211682252265
4.766e-07,-0.0022326961682252264
4.767e-07,-0.00024832102275922655
4.768e-07,1.678931774773461e-06
4.769e-07,-0.00024832102275922655
4.77e-07,0.00022042903177477347
4.771e-07,-0.00024832102275922655
4.772e-07,-0.0024358211682252266
4.773e-07,-0.0042483211682252265
4.774e-07,-0.0030920711682252268
4.775e-07,-0.00024832102275922655
4.776e-07,0.0010641788317747734
4.777e-07,-0.00024832102275922655
4.778e-07,-0.0019201961682252266
4.779e-07,-0.00024832102275922655
4.78e-07,0.004689178831774774
4.781e-07,0.007751678831774774
4.782e-07,0.005032928831774773
4.783e-07,-0.00024832102275922655
4.784e-07,-0.0033733211682252266
4.785e-07,-0.0042483211682252265
4.786e-07,-0.004701446168225227
4.787e-07,-0.0042483211682252265
4.788e-07,-0.0019826961682252267
4.789e-07,-0.00024832102275922655
4.79e-07,-0.00043582106822522655
4.791e-07,-0.00024832102275922655
4.792e-07,0.0020641788317747735
4.793e-07,0.0037516788317747737
4.794e-07,0.0024548038317747734
4.795e-07,-0.00024832102275922655
4.796e-07,-0.0012639461682252265
4.797e-07,-0.00024832102275922655
4.798e-07,0.0006579290317747735
4.799e-07,-0.00024832102275922655
4.8e-07,-0.0016545711682252264
4.801e-07,-0.00024832102275922655
4.802e-07,0.004454803831774773
4.803e-07,0.007751678831774774
4.804e-07,0.006392303831774773
4.805e-07,0.0037516788317747737
4.806e-07,0.0033766788317747733
4.807e-07,0.0037516788317747737
4.808e-07,0.0019235538317747733
4.809e-07,-0.00024832102275922655
4.81e-07,0.0004235540317747735
4.811e-07,0.0037516788317747737
4.812e-07,0.005892303831774773
4.813e-07,0.0037516788317747737
4.814e-07,-0.0012951961682252265
4.815e-07,-0.0042483211682252265
4.816e-07,-0.0024045711682252266
4.817e-07,-0.00024832102275922655
4.818e-07,-0.0015920711682252263
4.819e-07,-0.0042483211682252265
4.82e-07,-0.003607696168225227
4.821e-07,-0.00024832102275922655
4.822e-07,0.0026266788317747735
4.823e-07,0.0037516788317747737
4.824e-07,0.003923553831774773
4.825e-07,0.0037516788317747737
4.826e-07,0.0033610538317747733
4.827e-07,0.0037516788317747737
4.828e-07,0.0044704288317747734
4.829e-07,0.0037516788317747737
4.83e-07,0.0012829288317747736
4.831e-07,-0.00024832102275922655
4.832e-07,0.00017355403177477349
4.833e-07,-0.00024832102275922655
4.834e-07,-0.0029358211682252266
4.835e-07,-0.0042483211682252265
4.836e-07,-0.0009514460682252266
4.837e-07,0.0037516788317747737
4.838e-07,0.005251678831774773
4.839e-07,0.0037516788317747737
4.84e-07,0.0018766788317747733
4.841e-07,-0.00024832102275922655
4.842e-07,-0.0028733211682252266
4.843e-07,-0.0042483211682252265
4.844e-07,-0.0037170711682252265
4.845e-07,-0.0042483211682252265
4.846e-07,-0.005935821168225226
4.847e-07,-0.0042483211682252265
4.848e-07,0.0024704288317747734
4.849e-07,0.007751678831774774
4.85e-07,0.005595428831774774
4.851e-07,-0.00024832102275922655
4.852e-07,-0.002654571168225227
4.853e-07,-0.00024832102275922655
4.854e-07,0.003173553831774773
4.855e-07,0.0037516788317747737
4.856e-07,0.0005798040317747735
4.857e-07,-0.0042483211682252265
4.858e-07,-0.007685821168225227
4.859e-07,-0.008248321168225227
4.86e-07,-0.005420196168225227
4.861e-07,-0.00024832102275922655
4.862e-07,0.005204803831774773
4.863e-07,0.007751678831774774
4.864e-07,0.006189178831774773
4.865e-07,0.0037516788317747737
4.866e-07,0.0031266788317747735
4.867e-07,0.0037516788317747737
4.868e-07,0.0029079288317747734
4.869e-07,-0.00024832102275922655
4.87e-07,-0.0037483211682252265
4.871e-07,-0.0042483211682252265
4.872e-07,-0.0017639461682252265
4.873e-07,-0.00024832102275922655
4.874e-07,-0.0020608211682252267
4.875e-07,-0.0042483211682252265
4.876e-07,-0.0029983211682252267
4.877e-07,-0.00024832102275922655
4.878e-07,0.0007673038317747735
4.879e-07,-0.00024832102275922655
4.88e-07,-0.0017639461682252265
4.881e-07,-0.0042483211682252265
4.882e-07,-0.007342071168225227
4.883e-07,-0.008248321168225227
4.884e-07,-0.004873321168225227
4.885e-07,-0.00024832102275922655
4.886e-07,0.0024704288317747734
4.887e-07,0.0037516788317747737
4.888e-07,0.0046110538317747736
4.889e-07,0.0037516788317747737
4.89e-07,0.0008141788317747736
4.891e-07,-0.00024832102275922655
4.892e-07,0.0021266788317747735
4.893e-07,0.0037516788317747737
4.894e-07,0.0015798038317747735
4.895e-07,-0.00024832102275922655
4.896e-07,0.0016110538317747735
4.897e-07,0.0037516788317747737
4.898e-07,0.0013454288317747733
4.899e-07,-0.0042483211682252265
4.9e-07,-0.006967071168225226
4.901e-07,-0.0042483211682252265
4.902e-07,0.0012829288317747736
4.903e-07,0.0037516788317747737
4.904e-07,0.0005798040317747735
4.905e-07,-0.0042483211682252265
4.906e-07,-0.004888946168225226
4.907e-07,-0.00024832102275922655
4.908e-07,0.005595428831774774
4.909e-07,0.007751678831774774
4.91e-07,0.004720428831774774
4.911e-07,-0.00024832102275922655
4.912e-07,-0.0035451961682252267
4.913e-07,-0.0042483211682252265
4.914e-07,-0.003967071168225226
4.915e-07,-0.0042483211682252265
4.916e-07,-0.004623321168225227
4.917e-07,-0.0042483211682252265
4.918e-07,-0.0025139461682252267
4.919e-07,-0.00024832102275922655
4.92e-07,0.0011579288317747735
4.921e-07,-0.00024832102275922655
4.922e-07,-0.0032014461682252264
4.923e-07,-0.0042483211682252265
4.924e-07,-0.0020608211682252267
4.925e-07,-0.00024832102275922655
4.926e-07,-0.0007170710682252266
4.927e-07,-0.00024832102275922655
4.928e-07,0.0037516788317747737
4.929e-07,0.007751678831774774
4.93e-07,0.007126678831774773
4.931e-07,0.0037516788317747737
4.932e-07,0.0020954288317747735
4.933e-07,0.0037516788317747737
4.934e-07,0.006407928831774773
4.935e-07,0.007751678831774774
4.936e-07,0.0065641788317747736
4.937e-07,0.0037516788317747737
4.938e-07,0.0009548038317747735
4.939e-07,-0.00024832102275922655
4.94e-07,1.678931774773461e-06
4.941e-07,-0.00024832102275922655
4.942e-07,-0.0010295710682252266
4.943e-07,-0.00024832102275922655
4.944e-07,0.0025485538317747735
4.945e-07,0.0037516788317747737
4.946e-07,0.0015798038317747735
4.947e-07,-0.00024832102275922655
4.948e-07,0.0015173038317747734
4.949e-07,0.0037516788317747737
4.95e-07,0.002704803831774773
4.951e-07,-0.00024832102275922655
4.952e-07,-0.0013420711682252265
4.953e-07,-0.00024832102275922655
4.954e-07,0.0006579290317747735
4.955e-07,-0.00024832102275922655
4.956e-07,-0.0013733211682252265
4.957e-07,-0.00024832102275922655
4.958e-07,0.0037516788317747737
4.959e-07,0.007751678831774774
4.96e-07,0.007845428831774774
4.961e-07,0.0037516788317747737
4.962e-07,-0.0005608210682252264
4.963e-07,-0.00024832102275922655
4.964e-07,0.0045016788317747735
4.965e-07,0.007751678831774774
4.966e-07,0.005064178831774773
4.967e-07,-0.00024832102275922655
4.968e-07,-0.0024045711682252266
4.969e-07,-0.00024832102275922655
4.97e-07,0.0030954288317747735
4.971e-07,0.0037516788317747737
4.972e-07,0.0016891788317747736
4.973e-07,-0.00024832102275922655
4.974e-07,-0.00026394601822522654
4.975e-07,-0.00024832102275922655
4.976e-07,-0.0011701960682252265
4.977e-07,-0.00024832102275922655
4.978e-07,0.004236053831774773
4.979e-07,0.007751678831774774
4.98e-07,0.0065173038317747735
4.981e-07,0.0037516788317747737
4.982e-07,0.0032985538317747733
4.983e-07,0.0037516788317747737
4.984e-07,0.0021735538317747736
4.985e-07,-0.00024832102275922655
4.986e-07,1.7303931774773475e-05
4.987e-07,0.0037516788317747737
4.988e-07,0.007673553831774774
4.989e-07,0.007751678831774774
4.99e-07,0.0035798038317747735
4.991e-07,-0.00024832102275922655
4.992e-07,0.00039230403177477346
4.993e-07,0.0037516788317747737
4.994e-07,0.0054548038317747734
4.995e-07,0.0037516788317747737
4.996e-07,0.0007985538317747735
4.997e-07,-0.00024832102275922655
4.998e-07,0.0015016788317747734
4.999e-07,0.0037516788317747737
5e-07,0.0044704288317747734
5.001e-07,0.0037516788317747737
5.002e-07,0.0032829288317747733
5.003e-07,0.0037516788317747737
5.004e-07,0.004095428831774773
5.005e-07,0.0037516788317747737
5.006e-07,0.0031423038317747736
5.007e-07,0.0037516788317747737
5.008e-07,0.005829803831774774
5.009e-07,0.007751678831774774
5.01e-07,0.007032928831774773
5.011e-07,0.0037516788317747737
5.012e-07,-0.0004983210682252265
5.013e-07,-0.0042483211682252265
5.014e-07,-0.005763946168225227
5.015e-07,-0.0042483211682252265
5.016e-07,-0.0009514460682252266
5.017e-07,-0.00024832102275922655
5.018e-07,-0.0028889461682252266
5.019e-07,-0.0042483211682252265
5.02e-07,-0.0007326960682252266
5.021e-07,0.0037516788317747737
5.022e-07,0.004861053831774774
5.023e-07,0.0037516788317747737
5.024e-07,0.0034548038317747734
5.025e-07,0.0037516788317747737
5.026e-07,0.002251678831774773
5.027e-07,-0.00024832102275922655
5.028e-07,-0.0014201961682252266
5.029e-07,-0.00024832102275922655
5.03e-07,0.002220428831774773
5.031e-07,0.0037516788317747737
5.032e-07,0.002720428831774773
5.033e-07,-0.00024832102275922655
5.034e-07,-0.0030451961682252267
5.035e-07,-0.0042483211682252265
5.036e-07,-0.0030451961682252267
5.037e-07,-0.00024832102275922655
5.038e-07,0.002720428831774773
5.039e-07,0.0037516788317747737
5.04e-07,0.002220428831774773
5.041e-07,-0.00024832102275922655
5.042e-07,-0.0012795711682252265
5.043e-07,-0.00024832102275922655
5.044e-07,0.0018766788317747733
5.045e-07,0.0037516788317747737
5.046e-07,0.004454803831774773
5.047e-07,0.0037516788317747737
5.048e-07,0.0028454288317747733
5.049e-07,0.0037516788317747737
5.05e-07,0.0054548038317747734
5.051e-07,0.0037516788317747737
5.052e-07,-0.0016545711682252264
5.053e-07,-0.0042483211682252265
5.054e-07,0.0005641790317747735
5.055e-07,0.007751678831774774
5.056e-07,0.010220425831774774
5.057e-07,0.007751678831774774
5.058e-07,0.004782928831774774
5.059e-07,0.0037516788317747737
5.06e-07,0.0037048038317747736
5.061e-07,0.0037516788317747737
5.062e-07,0.0036423038317747736
5.063e-07,0.0037516788317747737
5.064e-07,0.004861053831774774
5.065e-07,0.007751678831774774
5.066e-07,0.010048555831774773
5.067e-07,0.007751678831774774
5.068e-07,0.0009548038317747735
5.069e-07,-0.0042483211682252265
5.07e-07,-0.0034826961682252267
5.071e-07,-0.00024832102275922655
5.072e-07,0.0006579290317747735
5.073e-07,-0.00024832102275922655
5.074e-07,0.0006266790317747735
5.075e-07,0.0037516788317747737
5.076e-07,0.005939178831774773
5.077e-07,0.0037516788317747737
5.078e-07,-0.0014358211682252266
5.079e-07,-0.0042483211682252265
5.08e-07,-0.0021545711682252264
5.081e-07,-0.00024832102275922655
5.082e-07,-0.0023733211682252266
5.083e-07,-0.0042483211682252265
5.084e-07,-0.0009826960682252266
5.085e-07,0.0037516788317747737
5.086e-07,0.004782928831774774
5.087e-07,0.0037516788317747737
5.088e-07,0.004001678831774773
5.089e-07,0.0037516788317747737
5.09e-07,0.0011891788317747736
5.091e-07,-0.00024832102275922655
5.092e-07,0.0018610538317747733
5.093e-07,0.0037516788317747737
5.094e-07,0.0019391788317747734
5.095e-07,-0.00024832102275922655
5.096e-07,0.0010485538317747734
5.097e-07,0.0037516788317747737
5.098e-07,0.004454803831774773
5.099e-07,0.0037516788317747737
5.1e-07,0.0036891788317747736
5.101e-07,0.0037516788317747737
5.102e-07,0.0021735538317747736
5.103e-07,-0.00024832102275922655
5.104e-07,-0.0012795711682252265
5.105e-07,-0.00024832102275922655
5.106e-07,0.0020641788317747735
5.107e-07,0.0037516788317747737
5.108e-07,0.003173553831774773
5.109e-07,-0.00024832102275922655
5.11e-07,-0.004060821168225226
5.111e-07,-0.0042483211682252265
5.112e-07,-4.5196068225226526e-05
5.113e-07,0.0037516788317747737
5.114e-07,0.003923553831774773
5.115e-07,0.0037516788317747737
5.116e-07,0.006048553831774773
5.117e-07,0.007751678831774774
5.118e-07,0.004861053831774774
5.119e-07,-0.00024832102275922655
5.12e-07,-0.0033264461682252265
5.121e-07,-0.0042483211682252265
5.122e-07,-0.004623321168225227
5.123e-07,-0.0042483211682252265
5.124e-07,-0.0022326961682252264
5.125e-07,-0.00024832102275922655
5.126e-07,0.00022042903177477347
5.127e-07,-0.00024832102275922655
5.128e-07,-0.0003264460282252265
5.129e-07,-0.00024832102275922655
5.13e-07,-0.0003889460682252265
5.131e-07,-0.00024832102275922655
5.132e-07,0.00023605403177477349
5.133e-07,-0.00024832102275922655
5.134e-07,-0.0021233211682252263
5.135e-07,-0.0042483211682252265
5.136e-07,-0.004935821168225226
5.137e-07,-0.0042483211682252265
5.138e-07,-0.0035608211682252268
5.139e-07,-0.0042483211682252265
5.14e-07,-0.0042639461682252265
5.141e-07,-0.00024832102275922655
5.142e-07,0.007392303831774773
5.143e-07,0.011751675831774774
5.144e-07,0.007751678831774774
5.145e-07,-0.00024832102275922655
5.146e-07,-0.004873321168225227
5.147e-07,-0.0042483211682252265
5.148e-07,-0.0008108210682252266
5.149e-07,0.0037516788317747737
5.15e-07,0.0074704288317747735
5.151e-07,0.007751678831774774
5.152e-07,0.004673553831774774
5.153e-07,0.0037516788317747737
5.154e-07,0.006782928831774774
5.155e-07,0.007751678831774774
5.156e-07,0.0024079288317747733
5.157e-07,-0.0042483211682252265
5.158e-07,-0.005904571168225226
5.159e-07,-0.0042483211682252265
5.16e-07,-0.003607696168225227
5.161e-07,-0.0042483211682252265
5.162e-07,-0.0029670711682252267
5.163e-07,-0.00024832102275922655
5.164e-07,0.002220428831774773
5.165e-07,0.0037516788317747737
5.166e-07,0.004345428831774773
5.167e-07,0.0037516788317747737
5.168e-07,0.0027985538317747733
5.169e-07,0.0037516788317747737
5.17e-07,0.006407928831774773
5.171e-07,0.007751678831774774
5.172e-07,0.004814178831774774
5.173e-07,-0.00024832102275922655
5.174e-07,-0.0038264461682252266
5.175e-07,-0.0042483211682252265
5.176e-07,-0.0021858211682252264
5.177e-07,-0.00024832102275922655
5.178e-07,0.0003298040317747735
5.179e-07,-0.00024832102275922655
5.18e-07,-0.0015451961682252267
5.181e-07,-0.0042483211682252265
5.182e-07,-0.006404571168225227
5.183e-07,-0.0042483211682252265
5.184e-07,0.0028766788317747733
5.185e-07,0.007751678831774774
5.186e-07,0.005189178831774773
5.187e-07,-0.00024832102275922655
5.188e-07,-0.0020608211682252267
5.189e-07,-0.00024832102275922655
5.19e-07,0.0018610538317747733
5.191e-07,0.0037516788317747737
5.192e-07,0.006236053831774773
5.193e-07,0.007751678831774774
5.194e-07,0.0064391788317747735
5.195e-07,0.0037516788317747737
5.196e-07,0.0014704288317747734
5.197e-07,-0.00024832102275922655
5.198e-07,-0.0012483211682252264
5.199e-07,-0.00024832102275922655
5.2e-07,0.0034391788317747734
5.201e-07,0.007751678831774774
5.202e-07,0.009626678831774774
5.203e-07,0.007751678831774774
5.204e-07,0.0035016788317747734
5.205e-07,-0.00024832102275922655
5.206e-07,-0.0013264461682252265
5.207e-07,-0.00024832102275922655
5.208e-07,0.0017829288317747732
5.209e-07,0.0037516788317747737
5.21e-07,0.005673553831774774
5.211e-07,0.007751678831774774
5.212e-07,0.008861053831774773
5.213e-07,0.007751678831774774
5.214e-07,0.004970428831774773
5.215e-07,0.0037516788317747737
5.216e-07,0.0055329288317747735
5.217e-07,0.007751678831774774
5.218e-07,0.007017303831774773
5.219e-07,0.0037516788317747737
5.22e-07,0.0006579290317747735
5.221e-07,-0.00024832102275922655
5.222e-07,0.00039230403177477346
5.223e-07,-0.00024832102275922655
5.224e-07,-0.0017483211682252264
5.225e-07,-0.00024832102275922655
5.226e-07,0.004954803831774773
5.227e-07,0.007751678831774774
5.228e-07,0.004220428831774773
5.229e-07,-0.00024832102275922655
5.23e-07,0.0005485540317747735
5.231e-07,0.0037516788317747737
5.232e-07,0.0034548038317747734
5.233e-07,-0.00024832102275922655
5.234e-07,-0.0033420711682252266
5.235e-07,-0.0042483211682252265
5.236e-07,-0.0032014461682252264
5.237e-07,-0.00024832102275922655
5.238e-07,0.0032829288317747733
5.239e-07,0.0037516788317747737
5.24e-07,0.0010641788317747734
5.241e-07,-0.00024832102275922655
5.242e-07,0.0020173038317747734
5.243e-07,0.0037516788317747737
5.244e-07,0.0008141788317747736
5.245e-07,-0.0042483211682252265
5.246e-07,-0.005342071168225227
5.247e-07,-0.00024832102275922655
5.248e-07,0.0065485538317747735
5.249e-07,0.007751678831774774
5.25e-07,0.0017516788317747732
5.251e-07,-0.0042483211682252265
5.252e-07,-0.004060821168225226
5.253e-07,-0.00024832102275922655
5.254e-07,0.0013610538317747733
5.255e-07,-0.00024832102275922655
5.256e-07,-0.0015295711682252267
5.257e-07,-0.00024832102275922655
5.258e-07,0.0014235538317747733
5.259e-07,-0.00024832102275922655
5.26e-07,-0.005107696168225226
5.261e-07,-0.008248321168225227
5.262e-07,-0.005451446168225227
5.263e-07,-0.00024832102275922655
5.264e-07,0.0018298038317747733
5.265e-07,-0.00024832102275922655
5.266e-07,-0.003123321168225227
5.267e-07,-0.0042483211682252265
5.268e-07,-0.0029514461682252266
5.269e-07,-0.00024832102275922655
5.27e-07,0.0024235538317747734
5.271e-07,0.0037516788317747737
5.272e-07,0.0037360538317747737
5.273e-07,0.0037516788317747737
5.274e-07,0.004126678831774773
5.275e-07,0.0037516788317747737
5.276e-07,0.0017985538317747732
5.277e-07,-0.00024832102275922655
5.278e-07,-0.0009201960682252265
5.279e-07,-0.00024832102275922655
5.28e-07,0.0011266788317747735
5.281e-07,0.0037516788317747737
5.282e-07,0.006798553831774774
5.283e-07,0.007751678831774774
5.284e-07,0.004767303831774774
5.285e-07,-0.00024832102275922655
5.286e-07,-0.0037639461682252265
5.287e-07,-0.0042483211682252265
5.288e-07,-0.0031858211682252264
5.289e-07,-0.0042483211682252265
5.29e-07,-0.007342071168225227
5.291e-07,-0.008248321168225227
5.292e-07,-0.004342071168225227
5.293e-07,-0.00024832102275922655
5.294e-07,0.00023605403177477349
5.295e-07,-0.00024832102275922655
5.296e-07,0.0018923038317747733
5.297e-07,0.0037516788317747737
5.298e-07,0.0020016788317747734
5.299e-07,-0.00024832102275922655
5.3e-07,-0.00012332106822522651
5.301e-07,-0.00024832102275922655
5.302e-07,-0.0029514461682252266
5.303e-07,-0.0042483211682252265
5.304e-07,-0.0006545710682252265
5.305e-07,0.0037516788317747737
5.306e-07,0.0037204288317747736
5.307e-07,-0.00024832102275922655
5.308e-07,-0.0036701961682252264
5.309e-07,-0.0042483211682252265
5.31e-07,-0.0024514461682252266
5.311e-07,-0.00024832102275922655
5.312e-07,0.0016266788317747735
5.313e-07,0.0037516788317747737
5.314e-07,0.006142303831774773
5.315e-07,0.007751678831774774
5.316e-07,0.006782928831774774
5.317e-07,0.0037516788317747737
5.318e-07,0.0007360540317747736
5.319e-07,-0.00024832102275922655
5.32e-07,0.0001891790317747735
5.321e-07,-0.00024832102275922655
5.322e-07,-0.0025451961682252267
5.323e-07,-0.0042483211682252265
5.324e-07,-0.0029045711682252266
5.325e-07,-0.00024832102275922655
5.326e-07,0.0010016788317747734
5.327e-07,-0.00024832102275922655
5.328e-07,-0.0025451961682252267
5.329e-07,-0.0042483211682252265
5.33e-07,-0.004638946168225227
5.331e-07,-0.0042483211682252265
5.332e-07,-0.0028889461682252266
5.333e-07,-0.00024832102275922655
5.334e-07,0.0027985538317747733
5.335e-07,0.0037516788317747737
5.336e-07,0.0007829288317747735
5.337e-07,-0.0042483211682252265
5.338e-07,-0.006873321168225226
5.339e-07,-0.0042483211682252265
5.34e-07,0.0013141788317747737
5.341e-07,0.0037516788317747737
5.342e-07,0.0002985540317747735
5.343e-07,-0.0042483211682252265
5.344e-07,-0.0042639461682252265
5.345e-07,-0.00024832102275922655
5.346e-07,0.0024079288317747733
5.347e-07,-0.00024832102275922655
5.348e-07,-0.005982696168225226
5.349e-07,-0.008248321168225227
5.35e-07,-0.004498321168225227
5.351e-07,-0.00024832102275922655
5.352e-07,-0.0008108210682252266
5.353e-07,-0.0042483211682252265
5.354e-07,-0.005592071168225227
5.355e-07,-0.0042483211682252265
5.356e-07,-0.003154571168225227
5.357e-07,-0.0042483211682252265
5.358e-07,-0.005592071168225227
5.359e-07,-0.0042483211682252265
5.36e-07,-0.0007326960682252266
5.361e-07,-0.00024832102275922655
5.362e-07,-0.004654571168225227
5.363e-07,-0.008248321168225227
5.364e-07,-0.005654571168225227
5.365e-07,-0.00024832102275922655
5.366e-07,0.0016891788317747736
5.367e-07,-0.00024832102275922655
5.368e-07,-0.0018576961682252265
5.369e-07,-0.00024832102275922655
5.37e-07,0.0028610538317747733
5.371e-07,0.0037516788317747737
5.372e-07,0.0005641790317747735
5.373e-07,-0.0042483211682252265
5.374e-07,-0.006388946168225227
5.375e-07,-0.0042483211682252265
5.376e-07,-0.0006233210682252265
5.377e-07,-0.00024832102275922655
5.378e-07,-0.003123321168225227
5.379e-07,-0.0042483211682252265
5.38e-07,-0.00043582106822522655
5.381e-07,0.0037516788317747737
5.382e-07,0.0031423038317747736
5.383e-07,-0.00024832102275922655
5.384e-07,-0.0016545711682252264
5.385e-07,-0.00024832102275922655
5.386e-07,0.0017516788317747732
5.387e-07,0.0037516788317747737
5.388e-07,0.005032928831774773
5.389e-07,0.0037516788317747737
5.39e-07,-0.0004983210682252265
5.391e-07,-0.0042483211682252265
5.392e-07,-0.004873321168225227
5.393e-07,-0.0042483211682252265
5.394e-07,-0.0042326961682252265
5.395e-07,-0.0042483211682252265
5.396e-07,-0.0024201961682252266
5.397e-07,-0.00024832102275922655
5.398e-07,0.0005329290317747735
5.399e-07,-0.00024832102275922655
5.4e-07,-0.0007795710682252265
5.401e-07,-0.00024832102275922655
5.402e-07,0.0013766788317747733
5.403e-07,0.0037516788317747737
5.404e-07,0.006017303831774773
5.405e-07,0.007751678831774774
5.406e-07,0.008236053831774774
5.407e-07,0.007751678831774774
5.408e-07,0.006079803831774773
5.409e-07,0.0037516788317747737
5.41e-07,0.0012985538317747737
5.411e-07,-0.00024832102275922655
5.412e-07,-0.0005451960682252265
5.413e-07,-0.00024832102275922655
5.414e-07,-9.207106822522651e-05
5.415e-07,-0.00024832102275922655
5.416e-07,-0.00026394601822522654
5.417e-07,-0.00024832102275922655
5.418e-07,-0.0001701960182252265
5.419e-07,-0.00024832102275922655
5.42e-07,-0.0003108210282252265
5.421e-07,-0.00024832102275922655
5.422e-07,-0.00015457101822522653
5.423e-07,-0.00024832102275922655
5.424e-07,-0.0003420710282252265
5.425e-07,-0.00024832102275922655
5.426e-07,6.41790317747735e-05
5.427e-07,-0.00024832102275922655
5.428e-07,-0.0018264461682252265
5.429e-07,-0.0042483211682252265
5.43e-07,-0.005513946168225227
5.431e-07,-0.0042483211682252265
5.432e-07,-0.0004670710682252265
5.433e-07,0.0037516788317747737
5.434e-07,0.0054548038317747734
5.435e-07,0.0037516788317747737
5.436e-07,0.0004704290317747734
5.437e-07,-0.00024832102275922655
5.438e-07,0.002236053831774773
5.439e-07,0.0037516788317747737
5.44e-07,0.0007985538317747735
5.441e-07,-0.0042483211682252265
5.442e-07,-0.007295196168225227
5.443e-07,-0.008248321168225227
5.444e-07,-0.008545196168225227
5.445e-07,-0.008248321168225227
5.446e-07,-0.006310821168225227
5.447e-07,-0.0042483211682252265
5.448e-07,-0.002670196168225227
5.449e-07,-0.00024832102275922655
5.45e-07,0.0030173038317747734
5.451e-07,0.0037516788317747737
5.452e-07,1.7303931774773475e-05
5.453e-07,-0.0042483211682252265
5.454e-07,-0.0052639461682252265
5.455e-07,-0.0042483211682252265
5.456e-07,-0.004060821168225226
5.457e-07,-0.0042483211682252265
5.458e-07,-0.0037639461682252265
5.459e-07,-0.0042483211682252265
5.46e-07,-0.006451446168225227
5.461e-07,-0.008248321168225227
5.462e-07,-0.006951446168225226
5.463e-07,-0.0042483211682252265
5.464e-07,-0.0028889461682252266
5.465e-07,-0.0042483211682252265
5.466e-07,-0.005920196168225226
5.467e-07,-0.0042483211682252265
5.468e-07,0.0007204290317747734
5.469e-07,0.0037516788317747737
5.47e-07,0.0019235538317747733
5.471e-07,-0.00024832102275922655
5.472e-07,0.0012829288317747736
5.473e-07,0.0037516788317747737
5.474e-07,0.0026423038317747735
5.475e-07,-0.00024832102275922655
5.476e-07,-0.0011858210682252266
5.477e-07,-0.00024832102275922655
5.478e-07,7.980403177477346e-05
5.479e-07,-0.00024832102275922655
5.48e-07,-0.0002326960182252265
5.481e-07,-0.00024832102275922655
5.482e-07,-0.0005608210682252264
5.483e-07,-0.00024832102275922655
5.484e-07,0.0005641790317747735
5.485e-07,-0.00024832102275922655
5.486e-07,-0.0028264461682252265
5.487e-07,-0.0042483211682252265
5.488e-07,-0.0025451961682252267
5.489e-07,-0.00024832102275922655
5.49e-07,-0.0007326960682252266
5.491e-07,-0.0042483211682252265
5.492e-07,-0.006654571168225227
5.493e-07,-0.0042483211682252265
5.494e-07,0.0014548038317747734
5.495e-07,0.0037516788317747737
5.496e-07,-0.00021707101822522653
5.497e-07,-0.0042483211682252265
5.498e-07,-0.0020295711682252267
5.499e-07,0.0037516788317747737
5.5e-07,0.006298553831774773
5.501e-07,0.0037516788317747737
5.502e-07,-0.0009358210682252266
5.503e-07,-0.0042483211682252265
5.504e-07,-0.0052483211682252265
5.505e-07,-0.0042483211682252265
5.506e-07,-0.0022951961682252265
5.507e-07,-0.00024832102275922655
5.508e-07,0.0019391788317747734
5.509e-07,0.0037516788317747737
5.51e-07,0.0035485538317747735
5.511e-07,-0.00024832102275922655
5.512e-07,-0.006560821168225227
5.513e-07,-0.012248324168225227
5.514e-07,-0.013060824168225226
5.515e-07,-0.008248321168225227
5.516e-07,-0.0008576960682252265
5.517e-07,0.0037516788317747737
5.518e-07,0.003892303831774774
5.519e-07,0.0037516788317747737
5.52e-07,0.006032928831774773
5.521e-07,0.007751678831774774
5.522e-07,0.004970428831774773
5.523e-07,-0.00024832102275922655
5.524e-07,-0.0037170711682252265
5.525e-07,-0.0042483211682252265
5.526e-07,-0.0039045711682252266
5.527e-07,-0.0042483211682252265
5.528e-07,-0.004717071168225227
5.529e-07,-0.0042483211682252265
5.53e-07,-0.0021858211682252264
5.531e-07,-0.00024832102275922655
5.532e-07,0.0002985540317747735
5.533e-07,-0.00024832102275922655
5.534e-07,-0.0005451960682252265
5.535e-07,-0.00024832102275922655
5.536e-07,-7.644606822522653e-05
5.537e-07,-0.00024832102275922655
5.538e-07,-0.00042019606822522653
5.539e-07,-0.00024832102275922655
5.54e-07,-7.644606822522653e-05
5.541e-07,-0.00024832102275922655
5.542e-07,-0.0015139461682252267
5.543e-07,-0.0042483211682252265
5.544e-07,-0.0061701961682252265
5.545e-07,-0.0042483211682252265
5.546e-07,0.0009704288317747735
5.547e-07,0.0037516788317747737
5.548e-07,0.0006266790317747735
5.549e-07,-0.0042483211682252265
5.55e-07,-0.004576446168225227
5.551e-07,-0.00024832102275922655
5.552e-07,0.004001678831774773
5.553e-07,0.0037516788317747737
5.554e-07,-0.0006076960682252265
5.555e-07,-0.0042483211682252265
5.556e-07,-0.003607696168225227
5.557e-07,-0.00024832102275922655
5.558e-07,0.0025016788317747734
5.559e-07,0.0037516788317747737
5.56e-07,0.004236053831774773
5.561e-07,0.0037516788317747737
5.562e-07,0.0017360538317747732
5.563e-07,-0.00024832102275922655
5.564e-07,-0.0006389460682252265
5.565e-07,-0.00024832102275922655
5.566e-07,-0.00021707101822522653
5.567e-07,-0.00024832102275922655
5.568e-07,1.678931774773461e-06
5.569e-07,-0.00024832102275922655
5.57e-07,-0.0007483210682252265
5.571e-07,-0.00024832102275922655
5.572e-07,0.0020641788317747735
5.573e-07,0.0037516788317747737
5.574e-07,0.002720428831774773
5.575e-07,-0.00024832102275922655
5.576e-07,-0.0019826961682252267
5.577e-07,-0.00024832102275922655
5.578e-07,0.004095428831774773
5.579e-07,0.007751678831774774
5.58e-07,0.008407928831774773
5.581e-07,0.007751678831774774
5.582e-07,0.007579803831774774
5.583e-07,0.007751678831774774
5.584e-07,0.006407928831774773
5.585e-07,0.0037516788317747737
5.586e-07,0.0011423038317747735
5.587e-07,-0.00024832102275922655
5.588e-07,-0.00048269606822522654
5.589e-07,-0.00024832102275922655
5.59e-07,-1.3946068225226526e-05
5.591e-07,-0.00024832102275922655
5.592e-07,-0.0003420710282252265
5.593e-07,-0.00024832102275922655
5.594e-07,1.678931774773461e-06
5.595e-07,-0.00024832102275922655
5.596e-07,-0.0005608210682252264
5.597e-07,-0.00024832102275922655
5.598e-07,0.0012360538317747736
5.599e-07,0.0037516788317747737
5.6e-07,0.005282928831774773
5.601e-07,0.0037516788317747737
5.602e-07,0.00023605403177477349
5.603e-07,-0.00024832102275922655
5.604e-07,0.0029704288317747734
5.605e-07,0.0037516788317747737
5.606e-07,-0.0018420711682252265
5.607e-07,-0.008248321168225227
5.608e-07,-0.008404571168225227
5.609e-07,-0.0042483211682252265
5.61e-07,-0.0019358211682252266
5.611e-07,-0.0042483211682252265
5.612e-07,-0.007685821168225227
5.613e-07,-0.008248321168225227
5.614e-07,-0.004513946168225227
5.615e-07,-0.00024832102275922655
5.616e-07,0.0010641788317747734
5.617e-07,-0.00024832102275922655
5.618e-07,-0.0012014460682252264
5.619e-07,-0.00024832102275922655
5.62e-07,0.0017516788317747732
5.621e-07,0.0037516788317747737
5.622e-07,0.0045798038317747735
5.623e-07,0.0037516788317747737
5.624e-07,0.0015173038317747734
5.625e-07,-0.00024832102275922655
5.626e-07,-0.0006389460682252265
5.627e-07,-0.00024832102275922655
5.628e-07,-6.082106822522651e-05
5.629e-07,-0.00024832102275922655
5.63e-07,-0.00026394601822522654
5.631e-07,-0.00024832102275922655
5.632e-07,-0.0003264460282252265
5.633e-07,-0.00024832102275922655
5.634e-07,1.7303931774773475e-05
5.635e-07,-0.00024832102275922655
5.636e-07,-0.0008108210682252266
5.637e-07,-0.00024832102275922655
5.638e-07,0.0019079288317747733
5.639e-07,0.0037516788317747737
5.64e-07,0.0029548038317747734
5.641e-07,-0.00024832102275922655
5.642e-07,-0.0032951961682252265
5.643e-07,-0.0042483211682252265
5.644e-07,-0.0027014461682252264
5.645e-07,-0.00024832102275922655
5.646e-07,0.0007673038317747735
5.647e-07,-0.00024832102275922655
5.648e-07,-0.0014826961682252266
5.649e-07,-0.00024832102275922655
5.65e-07,0.003892303831774774
5.651e-07,0.007751678831774774
5.652e-07,0.006861053831774773
5.653e-07,-0.00024832102275922655
5.654e-07,-0.009263946168225227
5.655e-07,-0.012248324168225227
5.656e-07,-0.006763946168225227
5.657e-07,-0.00024832102275922655
5.658e-07,0.0011110538317747735
5.659e-07,-0.00024832102275922655
5.66e-07,0.0009235538317747734
5.661e-07,0.0037516788317747737
5.662e-07,0.0037985538317747737
5.663e-07,-0.00024832102275922655
5.664e-07,-0.004435821168225227
5.665e-07,-0.0042483211682252265
5.666e-07,0.00025167903177477345
5.667e-07,0.0037516788317747737
5.668e-07,0.0023454288317747733
5.669e-07,-0.00024832102275922655
5.67e-07,0.0006266790317747735
5.671e-07,0.0037516788317747737
5.672e-07,0.005017303831774773
5.673e-07,0.0037516788317747737
5.674e-07,0.0016266788317747735
5.675e-07,-0.00024832102275922655
5.676e-07,-0.0021701961682252264
5.677e-07,-0.0042483211682252265
5.678e-07,-0.005342071168225227
5.679e-07,-0.0042483211682252265
5.68e-07,-0.0014358211682252266
5.681e-07,-0.00024832102275922655
5.682e-07,-0.0021701961682252264
5.683e-07,-0.0042483211682252265
5.684e-07,-0.003138946168225227
5.685e-07,-0.00024832102275922655
5.686e-07,0.0011110538317747735
5.687e-07,-0.00024832102275922655
5.688e-07,-0.0027170711682252264
5.689e-07,-0.0042483211682252265
5.69e-07,-0.0042639461682252265
5.691e-07,-0.0042483211682252265
5.692e-07,-0.004763946168225227
5.693e-07,-0.0042483211682252265
5.694e-07,-0.0018420711682252265
5.695e-07,-0.00024832102275922655
5.696e-07,-0.0007326960682252266
5.697e-07,-0.00024832102275922655
5.698e-07,0.002720428831774773
5.699e-07,0.0037516788317747737
5.7e-07,-0.00015457101822522653
5.701e-07,-0.0042483211682252265
5.702e-07,-0.0034983211682252267
5.703e-07,-0.00024832102275922655
5.704e-07,0.0006735540317747735
5.705e-07,-0.00024832102275922655
5.706e-07,-0.00042019606822522653
5.707e-07,-0.00024832102275922655
5.708e-07,-0.0006701960682252265
5.709e-07,-0.00024832102275922655
5.71e-07,0.0011266788317747735
5.711e-07,-0.00024832102275922655
5.712e-07,-0.0052014461682252265
5.713e-07,-0.008248321168225227
5.714e-07,-0.0052014461682252265
5.715e-07,-0.00024832102275922655
5.716e-07,0.0012673038317747736
5.717e-07,-0.00024832102275922655
5.718e-07,-0.0010451960682252267
5.719e-07,-0.00024832102275922655
5.72e-07,0.0004548040317747735
5.721e-07,-0.00024832102275922655
5.722e-07,-0.0013108211682252265
5.723e-07,-0.00024832102275922655
5.724e-07,0.002720428831774773
5.725e-07,0.0037516788317747737
5.726e-07,0.0013298038317747737
5.727e-07,-0.00024832102275922655
5.728e-07,0.0019235538317747733
5.729e-07,0.0037516788317747737
5.73e-07,0.0007360540317747736
5.731e-07,-0.0042483211682252265
5.732e-07,-0.005029571168225226
5.733e-07,-0.00024832102275922655
5.734e-07,0.005892303831774773
5.735e-07,0.007751678831774774
5.736e-07,0.004157928831774773
5.737e-07,-0.00024832102275922655
5.738e-07,-0.0012170710682252264
5.739e-07,-0.00024832102275922655
5.74e-07,-0.00026394601822522654
5.741e-07,-0.00024832102275922655
5.742e-07,0.0017516788317747732
5.743e-07,0.0037516788317747737
5.744e-07,0.0035798038317747735
5.745e-07,0.0037516788317747737
5.746e-07,0.005126678831774773
5.747e-07,0.0037516788317747737
5.748e-07,-0.0015295711682252267
5.749e-07,-0.0042483211682252265
5.75e-07,-0.0003889460682252265
5.751e-07,0.0037516788317747737
5.752e-07,0.0015641788317747735
5.753e-07,-0.0042483211682252265
5.754e-07,-0.006623321168225227
5.755e-07,-0.0042483211682252265
5.756e-07,-0.0007326960682252266
5.757e-07,-0.00024832102275922655
5.758e-07,-0.0015920711682252263
5.759e-07,-0.00024832102275922655
5.76e-07,0.004782928831774774
5.761e-07,0.007751678831774774
5.762e-07,0.004345428831774773
5.763e-07,-0.00024832102275922655
5.764e-07,0.00017355403177477349
5.765e-07,0.0037516788317747737
5.766e-07,0.005032928831774773
5.767e-07,0.0037516788317747737
5.768e-07,0.0020641788317747735
5.769e-07,-0.00024832102275922655
5.77e-07,-0.0032170711682252265
5.771e-07,-0.0042483211682252265
5.772e-07,-0.0019826961682252267
5.773e-07,-0.00024832102275922655
5.774e-07,-0.0008733210682252265
5.775e-07,-0.00024832102275922655
5.776e-07,0.004064178831774773
5.777e-07,0.007751678831774774
5.778e-07,0.006626678831774774
5.779e-07,0.0037516788317747737
5.78e-07,0.003204803831774773
5.781e-07,0.0037516788317747737
5.782e-07,0.0020954288317747735
5.783e-07,-0.00024832102275922655
5.784e-07,-0.0007795710682252265
5.785e-07,-0.00024832102275922655
5.786e-07,-0.00018582101822522653
5.787e-07,-0.00024832102275922655
5.788e-07,0.00037667903177477345
5.789e-07,-0.00024832102275922655
5.79e-07,-0.0025608211682252267
5.791e-07,-0.0042483211682252265
5.792e-07,-0.0029983211682252267
5.793e-07,-0.00024832102275922655
5.794e-07,0.0017985538317747732
5.795e-07,0.0037516788317747737
5.796e-07,0.006220428831774773
5.797e-07,0.007751678831774774
5.798e-07,0.0064548038317747735
5.799e-07,0.0037516788317747737
5.8e-07,0.0006266790317747735
5.801e-07,-0.0042483211682252265
5.802e-07,-0.010123321168225227
5.803e-07,-0.012248324168225227
5.804e-07,-0.008373321168225227
5.805e-07,-0.0042483211682252265
5.806e-07,-0.003951446168225226
5.807e-07,-0.0042483211682252265
5.808e-07,-0.0006076960682252265
5.809e-07,0.0037516788317747737
5.81e-07,0.0037360538317747737
5.811e-07,-0.00024832102275922655
5.812e-07,-0.0038108211682252265
5.813e-07,-0.0042483211682252265
5.814e-07,-0.0023733211682252266
5.815e-07,-0.00024832102275922655
5.816e-07,0.00026730403177477346
5.817e-07,-0.00024832102275922655
5.818e-07,-0.0005920710682252265
5.819e-07,-0.00024832102275922655
5.82e-07,0.0001266790317747735
5.821e-07,-0.00024832102275922655
5.822e-07,-0.0016701961682252264
5.823e-07,-0.0042483211682252265
5.824e-07,-0.007029571168225226
5.825e-07,-0.008248321168225227
5.826e-07,-0.006795196168225227
5.827e-07,-0.0042483211682252265
5.828e-07,-0.0018576961682252265
5.829e-07,-0.00024832102275922655
5.83e-07,0.0005485540317747735
5.831e-07,-0.00024832102275922655
5.832e-07,-0.002623321168225227
5.833e-07,-0.0042483211682252265
5.834e-07,-0.0031858211682252264
5.835e-07,-0.00024832102275922655
5.836e-07,0.0023923038317747733
5.837e-07,0.0037516788317747737
5.838e-07,0.0030173038317747734
5.839e-07,-0.00024832102275922655
5.84e-07,-0.005045196168225226
5.841e-07,-0.008248321168225227
5.842e-07,-0.007482696168225227
5.843e-07,-0.0042483211682252265
5.844e-07,-0.0012170710682252264
5.845e-07,-0.00024832102275922655
5.846e-07,-0.0005764460682252265
