2.04016e-05,-0.0026959370199897484
2.04017e-05,-0.0010084370199897486
2.04018e-05,-0.0026959370199897484
2.04019e-05,-0.005180312019989749
2.0402e-05,-0.006695937019989749
2.04021e-05,-0.006149062019989749
2.04022e-05,-0.0026959370199897484
2.04023e-05,0.0025696909800102512
2.04024e-05,0.005304060980010251
2.04025e-05,0.0036009409800102504
2.04026e-05,0.001304060980010251
2.04027e-05,0.001210310980010251
2.04028e-05,0.001304060980010251
2.04029e-05,-0.0008990620199897485
2.0403e-05,-0.0026959370199897484
2.04031e-05,-0.0011803120199897488
2.04032e-05,0.001304060980010251
2.04033e-05,0.0016790609800102513
2.04034e-05,0.001304060980010251
2.04035e-05,0.0018665609800102515
2.04036e-05,0.001304060980010251
2.04037e-05,-0.001492812019989749
2.04038e-05,-0.0026959370199897484
2.04039e-05,0.0006009409800102512
2.0404e-05,0.005304060980010251
2.04041e-05,0.0067259409800102515
2.04042e-05,0.005304060980010251
2.04043e-05,0.003210310980010251
2.04044e-05,0.001304060980010251
2.04045e-05,-0.0008678120199897485
2.04046e-05,-0.0026959370199897484
2.04047e-05,-0.003227187019989749
2.04048e-05,-0.0026959370199897484
2.04049e-05,-0.0021490620199897496
2.0405e-05,-0.0026959370199897484
2.04051e-05,-0.003383437019989749
2.04052e-05,-0.0026959370199897484
2.04053e-05,-0.0002271890199897486
2.04054e-05,0.001304060980010251
2.04055e-05,-5.530901998974935e-05
2.04056e-05,-0.0026959370199897484
2.04057e-05,-0.0029303120199897495
2.04058e-05,0.001304060980010251
2.04059e-05,0.007132190980010252
2.0406e-05,0.009304060980010251
2.04061e-05,0.005757190980010251
2.04062e-05,0.001304060980010251
2.04063e-05,0.00017906098001025002
2.04064e-05,0.001304060980010251
2.04065e-05,0.00046031098001025027
2.04066e-05,-0.0026959370199897484
2.04067e-05,-0.004774062019989749
2.04068e-05,-0.0026959370199897484
2.04069e-05,0.0023665609800102502
2.0407e-05,0.005304060980010251
2.04071e-05,0.0028665609800102507
2.04072e-05,-0.0026959370199897484
2.04073e-05,-0.006399062019989749
2.04074e-05,-0.006695937019989749
2.04075e-05,-0.0048990620199897495
2.04076e-05,-0.0026959370199897484
2.04077e-05,-0.0006021890199897489
2.04078e-05,0.001304060980010251
2.04079e-05,0.00310094098001025
2.0408e-05,0.005304060980010251
2.04081e-05,0.006569690980010251
2.04082e-05,0.005304060980010251
2.04083e-05,0.00116344098001025
2.04084e-05,-0.0026959370199897484
2.04085e-05,-0.0038209370199897494
2.04086e-05,-0.0026959370199897484
2.04087e-05,-0.0018990620199897494
2.04088e-05,-0.0026959370199897484
2.04089e-05,-0.004633437019989749
2.0409e-05,-0.006695937019989749
2.04091e-05,-0.007524062019989749
2.04092e-05,-0.006695937019989749
2.04093e-05,-0.004461562019989749
2.04094e-05,-0.0026959370199897484
2.04095e-05,-0.0022428120199897497
2.04096e-05,-0.0026959370199897484
2.04097e-05,-0.0028990620199897494
2.04098e-05,-0.0026959370199897484
2.04099e-05,-0.00239906201998975
2.041e-05,-0.0026959370199897484
2.04101e-05,-0.003227187019989749
2.04102e-05,-0.0026959370199897484
2.04103e-05,-0.0007740620199897484
2.04104e-05,0.001304060980010251
2.04105e-05,0.0028196909800102515
2.04106e-05,0.005304060980010251
2.04107e-05,0.00841344098001025
2.04108e-05,0.009304060980010251
2.04109e-05,0.0057728109800102515
2.0411e-05,0.001304060980010251
2.04111e-05,-0.00027405901998974955
2.04112e-05,0.001304060980010251
2.04113e-05,0.0026009409800102513
2.04114e-05,0.001304060980010251
2.04115e-05,-0.0015865620199897491
2.04116e-05,-0.0026959370199897484
2.04117e-05,-0.0005865590199897498
2.04118e-05,0.001304060980010251
2.04119e-05,0.00016344098001025084
2.0412e-05,-0.0026959370199897484
2.04121e-05,-0.0037428120199897493
2.04122e-05,-0.0026959370199897484
2.04123e-05,-0.0008521870199897485
2.04124e-05,0.001304060980010251
2.04125e-05,0.0036321909800102505
2.04126e-05,0.005304060980010251
2.04127e-05,0.00544469098001025
2.04128e-05,0.005304060980010251
2.04129e-05,0.00538219098001025
2.0413e-05,0.005304060980010251
2.04131e-05,0.0038509409800102506
2.04132e-05,0.001304060980010251
2.04133e-05,-0.001336562019989749
2.04134e-05,-0.0026959370199897484
2.04135e-05,-0.0028365620199897485
2.04136e-05,-0.0026959370199897484
2.04137e-05,-0.0027271870199897484
2.04138e-05,-0.0026959370199897484
2.04139e-05,-0.0013053120199897489
2.0414e-05,0.001304060980010251
2.04141e-05,0.00319469098001025
2.04142e-05,0.001304060980010251
2.04143e-05,-0.003586562019989749
2.04144e-05,-0.006695937019989749
2.04145e-05,-0.004414687019989749
2.04146e-05,0.001304060980010251
2.04147e-05,0.00531969098001025
2.04148e-05,0.005304060980010251
2.04149e-05,0.0037259409800102505
2.0415e-05,0.005304060980010251
2.04151e-05,0.009210310980010251
2.04152e-05,0.009304060980010251
2.04153e-05,0.0019603109800102516
2.04154e-05,-0.006695937019989749
2.04155e-05,-0.008367812019989748
2.04156e-05,-0.0026959370199897484
2.04157e-05,0.003929060980010252
2.04158e-05,0.005304060980010251
2.04159e-05,0.001304060980010251
2.0416e-05,-0.0026959370199897484
2.04161e-05,-0.0021803120199897497
2.04162e-05,0.001304060980010251
2.04163e-05,0.00411656098001025
2.04164e-05,0.005304060980010251
2.04165e-05,0.0057728109800102515
2.04166e-05,0.005304060980010251
2.04167e-05,0.003116560980010251
2.04168e-05,0.001304060980010251
2.04169e-05,0.00110094098001025
2.0417e-05,0.001304060980010251
2.04171e-05,0.0007728109800102505
2.04172e-05,0.001304060980010251
2.04173e-05,0.0036634409800102505
2.04174e-05,0.005304060980010251
2.04175e-05,0.003913440980010251
2.04176e-05,0.001304060980010251
2.04177e-05,-0.0006021890199897489
2.04178e-05,-0.0026959370199897484
2.04179e-05,-0.005430312019989749
2.0418e-05,-0.006695937019989749
2.04181e-05,-0.0038990620199897495
2.04182e-05,0.001304060980010251
2.04183e-05,0.00430406098001025
2.04184e-05,0.001304060980010251
2.04185e-05,-0.00502406201998975
2.04186e-05,-0.006695937019989749
2.04187e-05,-0.0007584370199897484
2.04188e-05,0.005304060980010251
2.04189e-05,0.004663440980010251
2.0419e-05,0.001304060980010251
2.04191e-05,0.0018821909800102506
2.04192e-05,0.005304060980010251
2.04193e-05,0.005460310980010251
2.04194e-05,0.001304060980010251
2.04195e-05,-0.0039303120199897495
2.04196e-05,-0.006695937019989749
2.04197e-05,-0.00500843701998975
2.04198e-05,0.001304060980010251
2.04199e-05,0.00810094098001025
2.042e-05,0.009304060980010251
2.04201e-05,0.0035696909800102504
2.04202e-05,-0.0026959370199897484
2.04203e-05,-0.0039303120199897495
2.04204e-05,-0.0026959370199897484
2.04205e-05,-0.0036803120199897493
2.04206e-05,-0.006695937019989749
2.04207e-05,-0.00811781201998975
2.04208e-05,-0.006695937019989749
2.04209e-05,-0.003211562019989749
2.0421e-05,0.001304060980010251
2.04211e-05,0.005116560980010251
2.04212e-05,0.005304060980010251
2.04213e-05,0.0014915609800102512
2.04214e-05,-0.0026959370199897484
2.04215e-05,-0.0039615620199897495
2.04216e-05,-0.0026959370199897484
2.04217e-05,-0.0017115620199897492
2.04218e-05,-0.0026959370199897484
2.04219e-05,-0.004211562019989749
2.0422e-05,-0.0026959370199897484
2.04221e-05,0.002069690980010251
2.04222e-05,0.005304060980010251
2.04223e-05,0.003929060980010252
2.04224e-05,0.001304060980010251
2.04225e-05,0.0010540609800102508
2.04226e-05,0.001304060980010251
2.04227e-05,-0.000695939019989749
2.04228e-05,-0.0026959370199897484
2.04229e-05,-0.001555312019989749
2.0423e-05,0.001304060980010251
2.04231e-05,0.002413440980010251
2.04232e-05,0.001304060980010251
2.04233e-05,0.00017906098001025002
2.04234e-05,0.001304060980010251
2.04235e-05,0.004007190980010251
2.04236e-05,0.005304060980010251
2.04237e-05,0.003460310980010251
2.04238e-05,0.001304060980010251
2.04239e-05,0.0010540609800102508
2.0424e-05,0.001304060980010251
2.04241e-05,-0.0003053090199897496
2.04242e-05,-0.0026959370199897484
2.04243e-05,-0.003414687019989749
2.04244e-05,-0.0026959370199897484
2.04245e-05,-0.0021490620199897496
2.04246e-05,-0.0026959370199897484
2.04247e-05,-0.003258437019989749
2.04248e-05,-0.0026959370199897484
2.04249e-05,-0.0005709390199897489
2.0425e-05,0.001304060980010251
2.04251e-05,0.0015540609800102512
2.04252e-05,0.001304060980010251
2.04253e-05,0.0015384409800102503
2.04254e-05,0.001304060980010251
2.04255e-05,0.0002728109800102501
2.04256e-05,0.001304060980010251
2.04257e-05,0.004444690980010251
2.04258e-05,0.005304060980010251
2.04259e-05,0.001210310980010251
2.0426e-05,-0.0026959370199897484
2.04261e-05,-0.0017428120199897493
2.04262e-05,0.001304060980010251
2.04263e-05,0.0009290609800102507
2.04264e-05,-0.0026959370199897484
2.04265e-05,-0.00603968701998975
2.04266e-05,-0.006695937019989749
2.04267e-05,-0.005180312019989749
2.04268e-05,-0.0026959370199897484
2.04269e-05,-0.0012740620199897489
2.0427e-05,-0.0026959370199897484
2.04271e-05,-0.006602187019989749
2.04272e-05,-0.01069593723185075
2.04273e-05,-0.013117812019989749
2.04274e-05,-0.014695937019989749
2.04275e-05,-0.01650843701998975
2.04276e-05,-0.01869593701998975
2.04277e-05,-0.01855531201998975
2.04278e-05,-0.014695937019989749
2.04279e-05,-0.00793031201998975
2.0428e-05,-0.0026959370199897484
2.04281e-05,-0.00249281201998975
2.04282e-05,-0.006695937019989749
2.04283e-05,-0.01100843721998975
2.04284e-05,-0.01069593723185075
2.04285e-05,-0.00605531201998975
2.04286e-05,-0.0026959370199897484
2.04287e-05,-0.00413343701998975
2.04288e-05,-0.006695937019989749
2.04289e-05,-0.006742812019989749
2.0429e-05,-0.006695937019989749
2.04291e-05,-0.008961562019989749
2.04292e-05,-0.01069593723185075
2.04293e-05,-0.007727187019989749
2.04294e-05,-0.0026959370199897484
2.04295e-05,0.00046031098001025027
2.04296e-05,0.001304060980010251
2.04297e-05,0.0025540609800102504
2.04298e-05,0.005304060980010251
2.04299e-05,0.00811656098001025
2.043e-05,0.009304060980010251
2.04301e-05,0.00877281098001025
2.04302e-05,0.009304060980010251
2.04303e-05,0.01256969098001025
2.04304e-05,0.01730406098001025
2.04305e-05,0.019444690980010254
2.04306e-05,0.01730406098001025
2.04307e-05,0.01249156098001025
2.04308e-05,0.009304060980010251
2.04309e-05,0.010319690980010251
2.0431e-05,0.013304060980010251
2.04311e-05,0.01564781098001025
2.04312e-05,0.01730406098001025
2.04313e-05,0.019382190980010254
2.04314e-05,0.021304060980010253
2.04315e-05,0.02256969098001025
2.04316e-05,0.02530406098001025
2.04317e-05,0.02994469098001025
2.04318e-05,0.03330406098001025
2.04319e-05,0.032116560980010256
2.0432e-05,0.029304060980010253
2.04321e-05,0.02716344098001025
2.04322e-05,0.02530406098001025
2.04323e-05,0.02250719098001025
2.04324e-05,0.021304060980010253
2.04325e-05,0.02296031098001025
2.04326e-05,0.02530406098001025
2.04327e-05,0.024647810980010253
2.04328e-05,0.021304060980010253
2.04329e-05,0.01903844098001025
2.0433e-05,0.021304060980010253
2.04331e-05,0.025772810980010254
2.04332e-05,0.02530406098001025
2.04333e-05,0.01716344098001025
2.04334e-05,0.009304060980010251
2.04335e-05,0.008991560980010251
2.04336e-05,0.013304060980010251
2.04337e-05,0.01521031098001025
2.04338e-05,0.013304060980010251
2.04339e-05,0.010866560980010249
2.0434e-05,0.009304060980010251
2.04341e-05,0.00767906098001025
2.04342e-05,0.005304060980010251
2.04343e-05,0.0028509409800102515
2.04344e-05,0.001304060980010251
2.04345e-05,0.00224156098001025
2.04346e-05,0.005304060980010251
2.04347e-05,0.00839781098001025
2.04348e-05,0.009304060980010251
2.04349e-05,0.006569690980010251
2.0435e-05,0.001304060980010251
2.04351e-05,-0.0030240620199897495
2.04352e-05,-0.0026959370199897484
2.04353e-05,0.0018821909800102506
2.04354e-05,0.005304060980010251
2.04355e-05,0.003116560980010251
2.04356e-05,-0.0026959370199897484
2.04357e-05,-0.006961562019989749
2.04358e-05,-0.006695937019989749
2.04359e-05,-0.003586562019989749
2.0436e-05,-0.0026959370199897484
2.04361e-05,-0.00502406201998975
2.04362e-05,-0.006695937019989749
2.04363e-05,-0.0048678120199897494
2.04364e-05,-0.0026959370199897484
2.04365e-05,-0.0038990620199897495
2.04366e-05,-0.006695937019989749
2.04367e-05,-0.006664687019989749
2.04368e-05,-0.0026959370199897484
2.04369e-05,0.00128844098001025
2.0437e-05,0.001304060980010251
2.04371e-05,-0.0031021870199897496
2.04372e-05,-0.006695937019989749
2.04373e-05,-0.006789687019989749
2.04374e-05,-0.006695937019989749
2.04375e-05,-0.010274062219989749
2.04376e-05,-0.014695937019989749
2.04377e-05,-0.01560218701998975
2.04378e-05,-0.014695937019989749
2.04379e-05,-0.014445937019989748
2.0438e-05,-0.014695937019989749
2.04381e-05,-0.01397718701998975
2.04382e-05,-0.014695937019989749
2.04383e-05,-0.01747718701998975
2.04384e-05,-0.01869593701998975
2.04385e-05,-0.014383437019989748
2.04386e-05,-0.006695937019989749
2.04387e-05,-0.0005084390199897489
2.04388e-05,0.001304060980010251
2.04389e-05,-0.001524062019989749
2.0439e-05,-0.006695937019989749
2.04391e-05,-0.01188343701998975
2.04392e-05,-0.014695937019989749
2.04393e-05,-0.01414906201998975
2.04394e-05,-0.01069593723185075
2.04395e-05,-0.006274062019989749
2.04396e-05,-0.0026959370199897484
2.04397e-05,-0.0016334370199897492
2.04398e-05,-0.0026959370199897484
2.04399e-05,-0.0049459370199897495
2.044e-05,-0.006695937019989749
2.04401e-05,-0.00811781201998975
2.04402e-05,-0.01069593723185075
2.04403e-05,-0.01391468701998975
2.04404e-05,-0.014695937019989749
2.04405e-05,-0.01228968701998975
2.04406e-05,-0.01069593723185075
2.04407e-05,-0.01343031201998975
2.04408e-05,-0.01869593701998975
2.04409e-05,-0.020086562019989748
2.0441e-05,-0.014695937019989749
2.04411e-05,-0.0059303120199897495
2.04412e-05,-0.0026959370199897484
2.04413e-05,-0.00813343701998975
2.04414e-05,-0.014695937019989749
2.04415e-05,-0.014930312019989749
2.04416e-05,-0.01069593723185075
2.04417e-05,-0.007727187019989749
2.04418e-05,-0.006695937019989749
2.04419e-05,-0.00502406201998975
2.0442e-05,-0.0026959370199897484
2.04421e-05,-0.0030240620199897495
2.04422e-05,-0.006695937019989749
2.04423e-05,-0.01199281201998975
2.04424e-05,-0.014695937019989749
2.04425e-05,-0.01222718701998975
2.04426e-05,-0.006695937019989749
2.04427e-05,-0.00258656201998975
2.04428e-05,-0.0026959370199897484
2.04429e-05,-0.007367812019989749
2.0443e-05,-0.014695937019989749
2.04431e-05,-0.020930309019989747
2.04432e-05,-0.02269593901998975
2.04433e-05,-0.01818031201998975
2.04434e-05,-0.01069593723185075
2.04435e-05,-0.004570937019989749
2.04436e-05,-0.0026959370199897484
2.04437e-05,-0.004461562019989749
2.04438e-05,-0.006695937019989749
2.04439e-05,-0.007055312019989749
2.0444e-05,-0.006695937019989749
2.04441e-05,-0.006742812019989749
2.04442e-05,-0.006695937019989749
2.04443e-05,-0.005242812019989749
2.04444e-05,-0.0026959370199897484
2.04445e-05,-0.0003209390199897487
2.04446e-05,0.001304060980010251
2.04447e-05,0.00303844098001025
2.04448e-05,0.005304060980010251
2.04449e-05,0.00777281098001025
2.0445e-05,0.009304060980010251
2.04451e-05,0.00944469098001025
2.04452e-05,0.009304060980010251
2.04453e-05,0.010350940980010251
2.04454e-05,0.013304060980010251
2.04455e-05,0.016288440980010248
2.04456e-05,0.01730406098001025
2.04457e-05,0.01642906098001025
2.04458e-05,0.01730406098001025
2.04459e-05,0.021225940980010252
2.0446e-05,0.02530406098001025
2.04461e-05,0.025210310980010253
2.04462e-05,0.021304060980010253
2.04463e-05,0.017444690980010252
2.04464e-05,0.01730406098001025
2.04465e-05,0.02010094098001025
2.04466e-05,0.021304060980010253
2.04467e-05,0.019147810980010248
2.04468e-05,0.01730406098001025
2.04469e-05,0.019929060980010252
2.0447e-05,0.02530406098001025
2.04471e-05,0.028975940980010252
2.04472e-05,0.029304060980010253
2.04473e-05,0.028491560980010253
2.04474e-05,0.029304060980010253
2.04475e-05,0.031554060980010255
2.04476e-05,0.03330406098001025
2.04477e-05,0.03213219098001025
2.04478e-05,0.029304060980010253
2.04479e-05,0.027554060980010252
2.0448e-05,0.029304060980010253
2.04481e-05,0.03250719098001025
2.04482e-05,0.03330406098001025
2.04483e-05,0.02971031098001025
2.04484e-05,0.02530406098001025
2.04485e-05,0.023929060980010255
2.04486e-05,0.02530406098001025
2.04487e-05,0.026210310980010254
2.04488e-05,0.02530406098001025
2.04489e-05,0.02296031098001025
2.0449e-05,0.021304060980010253
2.04491e-05,0.020616560980010253
2.04492e-05,0.021304060980010253
2.04493e-05,0.021788440980010253
2.04494e-05,0.021304060980010253
2.04495e-05,0.018397810980010254
2.04496e-05,0.013304060980010251
2.04497e-05,0.005835310980010252
2.04498e-05,-0.0026959370199897484
2.04499e-05,-0.010274062219989749
2.045e-05,-0.014695937019989749
2.04501e-05,-0.015242812019989749
2.04502e-05,-0.014695937019989749
2.04503e-05,-0.014789687019989749
2.04504e-05,-0.014695937019989749
2.04505e-05,-0.01378968701998975
2.04506e-05,-0.014695937019989749
2.04507e-05,-0.01866468701998975
2.04508e-05,-0.02269593901998975
2.04509e-05,-0.024461559019989747
2.0451e-05,-0.026695939019989748
2.04511e-05,-0.03235218901998975
2.04512e-05,-0.03869593901998975
2.04513e-05,-0.04202405901998975
2.04514e-05,-0.04269593901998975
2.04515e-05,-0.042727189019989745
2.04516e-05,-0.04269593901998975
2.04517e-05,-0.042102189019989744
2.04518e-05,-0.04269593901998975
2.04519e-05,-0.045711559019989745
2.0452e-05,-0.05069593901998975
2.04521e-05,-0.05535218901998975
2.04522e-05,-0.05869593901998975
2.04523e-05,-0.05958655901998975
2.04524e-05,-0.05869593901998975
2.04525e-05,-0.05653968901998975
2.04526e-05,-0.054695939019989745
2.04527e-05,-0.05386780901998975
2.04528e-05,-0.054695939019989745
2.04529e-05,-0.05553968901998975
2.0453e-05,-0.054695939019989745
2.04531e-05,-0.051852189019989746
2.04532e-05,-0.05069593901998975
2.04533e-05,-0.05269593901998975
2.04534e-05,-0.054695939019989745
2.04535e-05,-0.053274059019989745
2.04536e-05,-0.05069593901998975
2.04537e-05,-0.04882093901998975
2.04538e-05,-0.046695939019989745
2.04539e-05,-0.04246155901998975
2.0454e-05,-0.03869593901998975
2.04541e-05,-0.03791468901998975
2.04542e-05,-0.03869593901998975
2.04543e-05,-0.03693030901998975
2.04544e-05,-0.03069593901998975
2.04545e-05,-0.02293030901998975
2.04546e-05,-0.01869593701998975
2.04547e-05,-0.02030531201998975
2.04548e-05,-0.02269593901998975
2.04549e-05,-0.02182093901998975
2.0455e-05,-0.01869593701998975
2.04551e-05,-0.01749281201998975
2.04552e-05,-0.01869593701998975
2.04553e-05,-0.01974281201998975
2.04554e-05,-0.01869593701998975
2.04555e-05,-0.01630531201998975
2.04556e-05,-0.014695937019989749
2.04557e-05,-0.01468031201998975
2.04558e-05,-0.014695937019989749
2.04559e-05,-0.01193031201998975
2.0456e-05,-0.006695937019989749
2.04561e-05,-0.001508437019989749
2.04562e-05,0.001304060980010251
2.04563e-05,0.0005071909800102511
2.04564e-05,-0.0026959370199897484
2.04565e-05,-0.0049615620199897495
2.04566e-05,-0.0026959370199897484
2.04567e-05,0.003929060980010252
2.04568e-05,0.009304060980010251
2.04569e-05,0.009054060980010251
2.0457e-05,0.005304060980010251
2.04571e-05,0.003210310980010251
2.04572e-05,0.005304060980010251
2.04573e-05,0.010835310980010249
2.04574e-05,0.01730406098001025
2.04575e-05,0.02244469098001025
2.04576e-05,0.02530406098001025
2.04577e-05,0.02560094098001025
2.04578e-05,0.02530406098001025
2.04579e-05,0.025069690980010252
2.0458e-05,0.02530406098001025
2.04581e-05,0.025257190980010252
2.04582e-05,0.02530406098001025
2.04583e-05,0.025288440980010256
2.04584e-05,0.02530406098001025
2.04585e-05,0.02505406098001025
2.04586e-05,0.02530406098001025
2.04587e-05,0.02578844098001025
2.04588e-05,0.02530406098001025
2.04589e-05,0.024179060980010256
2.0459e-05,0.02530406098001025
2.04591e-05,0.02946031098001025
2.04592e-05,0.03330406098001025
2.04593e-05,0.03281969098001025
2.04594e-05,0.029304060980010253
2.04595e-05,0.026022810980010254
2.04596e-05,0.02530406098001025
2.04597e-05,0.02586656098001025
2.04598e-05,0.02530406098001025
2.04599e-05,0.023054060980010255
2.046e-05,0.021304060980010253
2.04601e-05,0.021304060980010253
2.04602e-05,0.021304060980010253
2.04603e-05,0.01953844098001025
2.04604e-05,0.01730406098001025
2.04605e-05,0.017710310980010253
2.04606e-05,0.021304060980010253
2.04607e-05,0.025194690980010252
2.04608e-05,0.02530406098001025
2.04609e-05,0.021116560980010253
2.0461e-05,0.01730406098001025
2.04611e-05,0.01703844098001025
2.04612e-05,0.01730406098001025
2.04613e-05,0.015225940980010252
2.04614e-05,0.013304060980010251
2.04615e-05,0.014679060980010252
2.04616e-05,0.01730406098001025
2.04617e-05,0.017772810980010254
2.04618e-05,0.01730406098001025
2.04619e-05,0.018569690980010253
2.0462e-05,0.021304060980010253
2.04621e-05,0.02256969098001025
2.04622e-05,0.021304060980010253
2.04623e-05,0.017757190980010253
2.04624e-05,0.013304060980010251
2.04625e-05,0.009929060980010252
2.04626e-05,0.009304060980010251
2.04627e-05,0.010288440980010251
2.04628e-05,0.009304060980010251
2.04629e-05,0.006038440980010251
2.0463e-05,0.005304060980010251
2.04631e-05,0.010475940980010251
2.04632e-05,0.01730406098001025
2.04633e-05,0.01961656098001025
2.04634e-05,0.01730406098001025
2.04635e-05,0.01306969098001025
2.04636e-05,0.009304060980010251
2.04637e-05,0.006335310980010252
2.04638e-05,0.005304060980010251
2.04639e-05,0.005725940980010251
2.0464e-05,0.005304060980010251
2.04641e-05,0.0018821909800102506
2.04642e-05,-0.0026959370199897484
2.04643e-05,-0.0058990620199897495
2.04644e-05,-0.006695937019989749
2.04645e-05,-0.005399062019989749
2.04646e-05,-0.0026959370199897484
2.04647e-05,-0.0008678120199897485
2.04648e-05,-0.0026959370199897484
2.04649e-05,-0.008805312019989749
2.0465e-05,-0.014695937019989749
2.04651e-05,-0.01733656201998975
2.04652e-05,-0.01869593701998975
2.04653e-05,-0.02189905901998975
2.04654e-05,-0.026695939019989748
2.04655e-05,-0.029992809019989748
2.04656e-05,-0.03069593901998975
2.04657e-05,-0.03007093901998975
2.04658e-05,-0.03069593901998975
2.04659e-05,-0.03272718901998975
2.0466e-05,-0.03469593901998975
2.04661e-05,-0.03380530901998975
2.04662e-05,-0.03069593901998975
2.04663e-05,-0.028352189019989746
2.04664e-05,-0.03069593901998975
2.04665e-05,-0.03697718901998975
2.04666e-05,-0.04269593901998975
2.04667e-05,-0.042664689019989745
2.04668e-05,-0.03869593901998975
2.04669e-05,-0.03375843901998975
2.0467e-05,-0.03069593901998975
2.04671e-05,-0.02863343901998975
2.04672e-05,-0.026695939019989748
2.04673e-05,-0.02346155901998975
2.04674e-05,-0.01869593701998975
2.04675e-05,-0.01241468701998975
2.04676e-05,-0.006695937019989749
2.04677e-05,-0.003289687019989749
2.04678e-05,-0.0026959370199897484
2.04679e-05,-0.004461562019989749
2.0468e-05,-0.006695937019989749
2.04681e-05,-0.0068209370199897494
2.04682e-05,-0.0026959370199897484
2.04683e-05,0.00531969098001025
2.04684e-05,0.013304060980010251
2.04685e-05,0.01816344098001025
2.04686e-05,0.021304060980010253
2.04687e-05,0.023991560980010256
2.04688e-05,0.02530406098001025
2.04689e-05,0.024663440980010255
2.0469e-05,0.02530406098001025
2.04691e-05,0.02902281098001025
2.04692e-05,0.03330406098001025
2.04693e-05,0.03413219098001025
2.04694e-05,0.03330406098001025
2.04695e-05,0.03394469098001025
2.04696e-05,0.037304060980010254
2.04697e-05,0.04147594098001025
2.04698e-05,0.045304060980010254
2.04699e-05,0.04663219098001025
2.047e-05,0.045304060980010254
2.04701e-05,0.04217906098001025
2.04702e-05,0.04130406098001025
2.04703e-05,0.04330406098001025
2.04704e-05,0.045304060980010254
2.04705e-05,0.043007190980010254
2.04706e-05,0.037304060980010254
2.04707e-05,0.031554060980010255
2.04708e-05,0.029304060980010253
2.04709e-05,0.03081969098001025
2.0471e-05,0.03330406098001025
2.04711e-05,0.03431969098001025
2.04712e-05,0.03330406098001025
2.04713e-05,0.031475940980010254
2.04714e-05,0.029304060980010253
2.04715e-05,0.027194690980010254
2.04716e-05,0.02530406098001025
2.04717e-05,0.024757190980010252
2.04718e-05,0.02530406098001025
2.04719e-05,0.02697594098001025
2.0472e-05,0.029304060980010253
2.04721e-05,0.031616560980010255
2.04722e-05,0.03330406098001025
2.04723e-05,0.033835310980010254
2.04724e-05,0.03330406098001025
2.04725e-05,0.03256969098001025
2.04726e-05,0.03330406098001025
2.04727e-05,0.034507190980010254
2.04728e-05,0.03330406098001025
2.04729e-05,0.028554060980010253
2.0473e-05,0.02530406098001025
2.04731e-05,0.026522810980010254
2.04732e-05,0.029304060980010253
2.04733e-05,0.029616560980010254
2.04734e-05,0.029304060980010253
2.04735e-05,0.02994469098001025
2.04736e-05,0.029304060980010253
2.04737e-05,0.024225940980010255
2.04738e-05,0.01730406098001025
2.04739e-05,0.01322594098001025
2.0474e-05,0.013304060980010251
2.04741e-05,0.014741560980010249
2.04742e-05,0.013304060980010251
2.04743e-05,0.00860094098001025
2.04744e-05,0.005304060980010251
2.04745e-05,0.0067884409800102515
2.04746e-05,0.009304060980010251
2.04747e-05,0.00944469098001025
2.04748e-05,0.009304060980010251
2.04749e-05,0.010647810980010252
2.0475e-05,0.009304060980010251
2.04751e-05,0.0028665609800102507
2.04752e-05,-0.0026959370199897484
2.04753e-05,-0.0019459370199897495
2.04754e-05,0.001304060980010251
2.04755e-05,0.0009134409800102515
2.04756e-05,-0.0026959370199897484
2.04757e-05,-0.004836562019989749
2.04758e-05,-0.0026959370199897484
2.04759e-05,0.00110094098001025
2.0476e-05,0.001304060980010251
2.04761e-05,-0.0031178120199897496
2.04762e-05,-0.006695937019989749
2.04763e-05,-0.006180312019989749
2.04764e-05,-0.006695937019989749
2.04765e-05,-0.012461562019989748
2.04766e-05,-0.01869593701998975
2.04767e-05,-0.01868031201998975
2.04768e-05,-0.014695937019989749
2.04769e-05,-0.01183656201998975
2.0477e-05,-0.01069593723185075
2.04771e-05,-0.008883437019989749
2.04772e-05,-0.006695937019989749
2.04773e-05,-0.00600843701998975
2.04774e-05,-0.006695937019989749
2.04775e-05,-0.008367812019989748
2.04776e-05,-0.01069593723185075
2.04777e-05,-0.013133437019989749
2.04778e-05,-0.014695937019989749
2.04779e-05,-0.014945937019989749
2.0478e-05,-0.014695937019989749
2.04781e-05,-0.01549281201998975
2.04782e-05,-0.01869593701998975
2.04783e-05,-0.02141468901998975
2.04784e-05,-0.01869593701998975
2.04785e-05,-0.00969593701998975
2.04786e-05,-0.0026959370199897484
2.04787e-05,-0.003289687019989749
2.04788e-05,-0.006695937019989749
2.04789e-05,-0.007117812019989749
2.0479e-05,-0.006695937019989749
2.04791e-05,-0.008945937019989749
2.04792e-05,-0.01069593723185075
2.04793e-05,-0.007570937019989749
2.04794e-05,-0.0026959370199897484
2.04795e-05,-0.0012584370199897488
2.04796e-05,-0.0026959370199897484
2.04797e-05,-0.0036334370199897492
2.04798e-05,-0.0026959370199897484
2.04799e-05,0.0002571909800102509
2.048e-05,0.005304060980010251
2.04801e-05,0.010741560980010252
2.04802e-05,0.013304060980010251
2.04803e-05,0.010554060980010252
2.04804e-05,0.005304060980010251
2.04805e-05,0.0014759409800102503
2.04806e-05,0.001304060980010251
2.04807e-05,0.0035071909800102503
2.04808e-05,0.005304060980010251
2.04809e-05,0.00531969098001025
2.0481e-05,0.005304060980010251
2.04811e-05,0.006663440980010251
2.04812e-05,0.009304060980010251
2.04813e-05,0.010585310980010252
2.04814e-05,0.009304060980010251
2.04815e-05,0.006350940980010251
2.04816e-05,0.005304060980010251
2.04817e-05,0.006022810980010252
2.04818e-05,0.005304060980010251
2.04819e-05,-3.968901998974844e-05
2.0482e-05,-0.006695937019989749
2.04821e-05,-0.01038343721998975
2.04822e-05,-0.01069593723185075
2.04823e-05,-0.01035218721998975
2.04824e-05,-0.01069593723185075
2.04825e-05,-0.01211781201998975
2.04826e-05,-0.014695937019989749
2.04827e-05,-0.01753968701998975
2.04828e-05,-0.01869593701998975
2.04829e-05,-0.01814906201998975
2.0483e-05,-0.01869593701998975
2.04831e-05,-0.02311780901998975
2.04832e-05,-0.03069593901998975
2.04833e-05,-0.03725843901998975
2.04834e-05,-0.03869593901998975
2.04835e-05,-0.03558655901998975
2.04836e-05,-0.03469593901998975
2.04837e-05,-0.03864905901998975
2.04838e-05,-0.04269593901998975
2.04839e-05,-0.04160218901998975
2.0484e-05,-0.03869593901998975
2.04841e-05,-0.03903968901998975
2.04842e-05,-0.04269593901998975
2.04843e-05,-0.04463343901998975
2.04844e-05,-0.04269593901998975
2.04845e-05,-0.03907093901998975
2.04846e-05,-0.03869593901998975
2.04847e-05,-0.04269593901998975
2.04848e-05,-0.046695939019989745
2.04849e-05,-0.046070939019989744
2.0485e-05,-0.04269593901998975
2.04851e-05,-0.040133439019989746
2.04852e-05,-0.03869593901998975
2.04853e-05,-0.03657093901998975
2.04854e-05,-0.03469593901998975
2.04855e-05,-0.03435218901998975
2.04856e-05,-0.03469593901998975
2.04857e-05,-0.03460218901998975
2.04858e-05,-0.03469593901998975
2.04859e-05,-0.035242809019989746
2.0486e-05,-0.03469593901998975
2.04861e-05,-0.03144593901998975
2.04862e-05,-0.026695939019989748
2.04863e-05,-0.02313343901998975
2.04864e-05,-0.02269593901998975
2.04865e-05,-0.02485218901998975
2.04866e-05,-0.026695939019989748
2.04867e-05,-0.02574280901998975
2.04868e-05,-0.02269593901998975
2.04869e-05,-0.01893031201998975
2.0487e-05,-0.014695937019989749
2.04871e-05,-0.01111781221998975
2.04872e-05,-0.01069593723185075
2.04873e-05,-0.01358656201998975
2.04874e-05,-0.014695937019989749
2.04875e-05,-0.01114906221998975
2.04876e-05,-0.006695937019989749
2.04877e-05,-0.00602406201998975
2.04878e-05,-0.006695937019989749
2.04879e-05,-0.005492812019989749
2.0488e-05,-0.0026959370199897484
2.04881e-05,-0.001555312019989749
2.04882e-05,-0.0026959370199897484
2.04883e-05,-0.004852187019989749
2.04884e-05,-0.006695937019989749
2.04885e-05,-0.00857093701998975
2.04886e-05,-0.01069593723185075
2.04887e-05,-0.01218031201998975
2.04888e-05,-0.01069593723185075
2.04889e-05,-0.005133437019989749
2.0489e-05,0.001304060980010251
2.04891e-05,0.0038978109800102516
2.04892e-05,0.001304060980010251
2.04893e-05,-0.0049303120199897495
2.04894e-05,-0.01069593723185075
2.04895e-05,-0.012836562019989749
2.04896e-05,-0.01069593723185075
2.04897e-05,-0.006274062019989749
2.04898e-05,-0.0026959370199897484
2.04899e-05,-0.0027428120199897484
2.049e-05,-0.006695937019989749
2.04901e-05,-0.01188343701998975
2.04902e-05,-0.014695937019989749
2.04903e-05,-0.013180312019989749
2.04904e-05,-0.01069593723185075
2.04905e-05,-0.009820937219989749
2.04906e-05,-0.01069593723185075
2.04907e-05,-0.010164687219989749
2.04908e-05,-0.006695937019989749
2.04909e-05,-0.0015865620199897491
2.0491e-05,0.001304060980010251
2.04911e-05,0.001210310980010251
2.04912e-05,0.001304060980010251
2.04913e-05,0.0045540609800102504
2.04914e-05,0.009304060980010251
2.04915e-05,0.011288440980010252
2.04916e-05,0.009304060980010251
2.04917e-05,0.006022810980010252
2.04918e-05,0.005304060980010251
2.04919e-05,0.00858531098001025
2.0492e-05,0.013304060980010251
2.04921e-05,0.01642906098001025
2.04922e-05,0.01730406098001025
2.04923e-05,0.01803844098001025
2.04924e-05,0.021304060980010253
2.04925e-05,0.02624156098001025
2.04926e-05,0.029304060980010253
2.04927e-05,0.028850940980010252
2.04928e-05,0.029304060980010253
2.04929e-05,0.032038440980010255
2.0493e-05,0.03330406098001025
2.04931e-05,0.029304060980010253
2.04932e-05,0.02530406098001025
2.04933e-05,0.02597594098001025
2.04934e-05,0.029304060980010253
2.04935e-05,0.029225940980010252
2.04936e-05,0.02530406098001025
2.04937e-05,0.021382190980010256
2.04938e-05,0.021304060980010253
2.04939e-05,0.024241560980010256
2.0494e-05,0.02530406098001025
2.04941e-05,0.021788440980010253
2.04942e-05,0.01730406098001025
2.04943e-05,0.016163440980010248
2.04944e-05,0.01730406098001025
2.04945e-05,0.01761656098001025
2.04946e-05,0.01730406098001025
2.04947e-05,0.01761656098001025
2.04948e-05,0.01730406098001025
2.04949e-05,0.015257190980010252
2.0495e-05,0.013304060980010251
2.04951e-05,0.013147810980010251
2.04952e-05,0.013304060980010251
2.04953e-05,0.01186656098001025
2.04954e-05,0.009304060980010251
2.04955e-05,0.007882190980010252
2.04956e-05,0.009304060980010251
2.04957e-05,0.01238219098001025
2.04958e-05,0.013304060980010251
2.04959e-05,0.011038440980010252
2.0496e-05,0.009304060980010251
2.04961e-05,0.00994469098001025
2.04962e-05,0.009304060980010251
2.04963e-05,0.004897810980010251
2.04964e-05,0.001304060980010251
2.04965e-05,0.0035540609800102513
2.04966e-05,0.009304060980010251
2.04967e-05,0.01208531098001025
2.04968e-05,0.009304060980010251
2.04969e-05,0.00399156098001025
2.0497e-05,0.001304060980010251
2.04971e-05,0.00303844098001025
2.04972e-05,0.005304060980010251
2.04973e-05,0.00436656098001025
2.04974e-05,0.001304060980010251
2.04975e-05,-7.093901998974847e-05
2.04976e-05,0.001304060980010251
2.04977e-05,0.0036946909800102505
2.04978e-05,0.005304060980010251
2.04979e-05,0.0056321909800102505
2.0498e-05,0.005304060980010251
2.04981e-05,0.00510094098001025
2.04982e-05,0.005304060980010251
2.04983e-05,0.00544469098001025
2.04984e-05,0.005304060980010251
2.04985e-05,0.00405406098001025
2.04986e-05,0.001304060980010251
2.04987e-05,-0.0019615620199897495
2.04988e-05,-0.0026959370199897484
2.04989e-05,0.0006478109800102504
2.0499e-05,0.005304060980010251
2.04991e-05,0.007350940980010252
2.04992e-05,0.005304060980010251
2.04993e-05,0.0009603109800102507
2.04994e-05,-0.0026959370199897484
2.04995e-05,-0.0036646870199897492
2.04996e-05,-0.0026959370199897484
2.04997e-05,-0.0008365620199897485
2.04998e-05,0.001304060980010251
2.04999e-05,0.0035384409800102504
2.05e-05,0.005304060980010251
2.05001e-05,0.005819690980010251
2.05002e-05,0.005304060980010251
2.05003e-05,0.004741560980010251
2.05004e-05,0.005304060980010251
2.05005e-05,0.005975940980010251
2.05006e-05,0.005304060980010251
2.05007e-05,0.0028196909800102515
2.05008e-05,0.001304060980010251
2.05009e-05,0.002507190980010251
2.0501e-05,0.005304060980010251
2.05011e-05,0.005616560980010251
2.05012e-05,0.001304060980010251
2.05013e-05,-0.0048678120199897494
2.05014e-05,-0.006695937019989749
2.05015e-05,-0.00232093701998975
2.05016e-05,0.001304060980010251
2.05017e-05,-0.0012584370199897488
2.05018e-05,-0.006695937019989749
2.05019e-05,-0.00847718701998975
2.0502e-05,-0.006695937019989749
2.05021e-05,-0.004461562019989749
2.05022e-05,-0.0026959370199897484
2.05023e-05,-0.00038343901998974875
2.05024e-05,0.001304060980010251
2.05025e-05,0.001335310980010251
2.05026e-05,0.001304060980010251
2.05027e-05,0.0019290609800102516
2.05028e-05,0.001304060980010251
2.05029e-05,-0.001320937019989749
2.0503e-05,-0.0026959370199897484
2.05031e-05,-0.0007896870199897484
2.05032e-05,0.001304060980010251
2.05033e-05,0.0010540609800102508
2.05034e-05,0.001304060980010251
2.05035e-05,0.004007190980010251
2.05036e-05,0.005304060980010251
2.05037e-05,0.0026634409800102513
2.05038e-05,0.001304060980010251
2.05039e-05,0.00500719098001025
2.0504e-05,0.009304060980010251
2.05041e-05,0.00841344098001025
2.05042e-05,0.005304060980010251
2.05043e-05,0.00442906098001025
2.05044e-05,0.005304060980010251
2.05045e-05,0.004257190980010251
2.05046e-05,0.001304060980010251
2.05047e-05,-0.001539687019989749
2.05048e-05,-0.0026959370199897484
2.05049e-05,-0.0026959370199897484
2.0505e-05,-0.0026959370199897484
2.05051e-05,-0.0030240620199897495
2.05052e-05,-0.0026959370199897484
2.05053e-05,-0.0017740620199897493
2.05054e-05,-0.0026959370199897484
2.05055e-05,-0.006774062019989749
2.05056e-05,-0.01069593723185075
2.05057e-05,-0.011492812219989748
2.05058e-05,-0.01069593723185075
2.05059e-05,-0.01069593723185075
2.0506e-05,-0.01069593723185075
2.05061e-05,-0.009992812219989749
2.05062e-05,-0.01069593723185075
2.05063e-05,-0.014414687019989748
2.05064e-05,-0.01869593701998975
2.05065e-05,-0.01997718701998975
2.05066e-05,-0.01869593701998975
2.05067e-05,-0.017508437019989748
2.05068e-05,-0.01869593701998975
2.05069e-05,-0.02128968901998975
2.0507e-05,-0.02269593901998975
2.05071e-05,-0.02113343901998975
2.05072e-05,-0.01869593701998975
2.05073e-05,-0.017883437019989748
2.05074e-05,-0.01869593701998975
2.05075e-05,-0.019336562019989748
2.05076e-05,-0.01869593701998975
2.05077e-05,-0.01675843701998975
2.05078e-05,-0.014695937019989749
2.05079e-05,-0.01361781201998975
2.0508e-05,-0.014695937019989749
2.05081e-05,-0.018070937019989748
2.05082e-05,-0.02269593901998975
2.05083e-05,-0.02510218901998975
2.05084e-05,-0.02269593901998975
2.05085e-05,-0.015008437019989749
2.05086e-05,-0.006695937019989749
2.05087e-05,-0.00239906201998975
2.05088e-05,-0.0026959370199897484
2.05089e-05,-0.004242812019989749
2.0509e-05,-0.0026959370199897484
2.05091e-05,0.0018665609800102515
2.05092e-05,0.005304060980010251
2.05093e-05,0.004132190980010251
2.05094e-05,0.001304060980010251
2.05095e-05,0.0002571909800102509
2.05096e-05,0.001304060980010251
2.05097e-05,0.0019290609800102516
2.05098e-05,0.001304060980010251
2.05099e-05,0.0007571909800102514
2.051e-05,0.001304060980010251
2.05101e-05,0.003054060980010251
2.05102e-05,0.005304060980010251
2.05103e-05,0.007382190980010252
2.05104e-05,0.009304060980010251
2.05105e-05,0.011225940980010252
2.05106e-05,0.013304060980010251
2.05107e-05,0.014319690980010251
2.05108e-05,0.013304060980010251
2.05109e-05,0.010600940980010251
2.0511e-05,0.009304060980010251
2.05111e-05,0.00994469098001025
2.05112e-05,0.009304060980010251
2.05113e-05,0.006194690980010251
2.05114e-05,0.005304060980010251
2.05115e-05,0.00944469098001025
2.05116e-05,0.013304060980010251
2.05117e-05,0.01208531098001025
2.05118e-05,0.009304060980010251
2.05119e-05,0.010179060980010252
2.0512e-05,0.013304060980010251
2.05121e-05,0.014272810980010252
2.05122e-05,0.013304060980010251
2.05123e-05,0.01281969098001025
2.05124e-05,0.013304060980010251
2.05125e-05,0.01344469098001025
2.05126e-05,0.013304060980010251
2.05127e-05,0.01206969098001025
2.05128e-05,0.009304060980010251
2.05129e-05,0.0058040609800102515
2.0513e-05,0.005304060980010251
2.05131e-05,0.008960310980010251
2.05132e-05,0.013304060980010251
2.05133e-05,0.013585310980010252
2.05134e-05,0.009304060980010251
2.05135e-05,0.003022810980010251
2.05136e-05,-0.0026959370199897484
2.05137e-05,-0.006180312019989749
2.05138e-05,-0.006695937019989749
2.05139e-05,-0.004664687019989749
2.0514e-05,-0.0026959370199897484
2.05141e-05,-0.0013053120199897489
2.05142e-05,0.001304060980010251
2.05143e-05,0.00506969098001025
2.05144e-05,0.005304060980010251
2.05145e-05,-8.655901998974938e-05
2.05146e-05,-0.006695937019989749
2.05147e-05,-0.008820937019989749
2.05148e-05,-0.006695937019989749
2.05149e-05,-0.0039615620199897495
2.0515e-05,-0.0026959370199897484
2.05151e-05,-0.0016646870199897492
2.05152e-05,0.001304060980010251
2.05153e-05,0.005022810980010251
2.05154e-05,0.005304060980010251
2.05155e-05,0.0008353109800102506
2.05156e-05,-0.0026959370199897484
2.05157e-05,-0.0012584370199897488
2.05158e-05,0.001304060980010251
2.05159e-05,0.00014781098001025
2.0516e-05,-0.0026959370199897484
2.05161e-05,-0.003336562019989749
2.05162e-05,-0.0026959370199897484
2.05163e-05,-0.0040240620199897496
2.05164e-05,-0.006695937019989749
2.05165e-05,-0.006930312019989749
2.05166e-05,-0.0026959370199897484
2.05167e-05,0.004163440980010251
2.05168e-05,0.009304060980010251
2.05169e-05,0.00822594098001025
2.0517e-05,0.001304060980010251
2.05171e-05,-0.007102187019989749
2.05172e-05,-0.01069593723185075
2.05173e-05,-0.00860218701998975
2.05174e-05,-0.006695937019989749
2.05175e-05,-0.008617812019989748
2.05176e-05,-0.01069593723185075
2.05177e-05,-0.008914687019989749
2.05178e-05,-0.006695937019989749
2.05179e-05,-0.00793031201998975
2.0518e-05,-0.01069593723185075
2.05181e-05,-0.010117812219989749
2.05182e-05,-0.006695937019989749
2.05183e-05,-0.0037428120199897493
2.05184e-05,-0.0026959370199897484
2.05185e-05,-0.0027896870199897485
2.05186e-05,-0.0026959370199897484
2.05187e-05,-0.0021959370199897497
2.05188e-05,-0.0026959370199897484
2.05189e-05,-0.004695937019989749
2.0519e-05,-0.006695937019989749
2.05191e-05,-0.006930312019989749
2.05192e-05,-0.006695937019989749
2.05193e-05,-0.00605531201998975
2.05194e-05,-0.0026959370199897484
2.05195e-05,0.004007190980010251
2.05196e-05,0.009304060980010251
2.05197e-05,0.009835310980010252
2.05198e-05,0.009304060980010251
2.05199e-05,0.01121031098001025
2.052e-05,0.013304060980010251
2.05201e-05,0.011882190980010249
2.05202e-05,0.009304060980010251
2.05203e-05,0.00867906098001025
2.05204e-05,0.009304060980010251
2.05205e-05,0.00913219098001025
2.05206e-05,0.009304060980010251
2.05207e-05,0.01136656098001025
2.05208e-05,0.013304060980010251
2.05209e-05,0.01344469098001025
2.0521e-05,0.013304060980010251
2.05211e-05,0.01489781098001025
2.05212e-05,0.01730406098001025
2.05213e-05,0.019147810980010248
2.05214e-05,0.021304060980010253
2.05215e-05,0.023866560980010255
2.05216e-05,0.02530406098001025
2.05217e-05,0.023772810980010252
2.05218e-05,0.021304060980010253
2.05219e-05,0.020194690980010248
2.0522e-05,0.021304060980010253
2.05221e-05,0.022288440980010253
2.05222e-05,0.021304060980010253
2.05223e-05,0.018507190980010253
2.05224e-05,0.01730406098001025
2.05225e-05,0.019194690980010254
2.05226e-05,0.021304060980010253
2.05227e-05,0.02033531098001025
2.05228e-05,0.01730406098001025
2.05229e-05,0.014819690980010252
2.0523e-05,0.013304060980010251
2.05231e-05,0.01242906098001025
2.05232e-05,0.013304060980010251
2.05233e-05,0.01588219098001025
2.05234e-05,0.01730406098001025
2.05235e-05,0.015600940980010252
2.05236e-05,0.013304060980010251
2.05237e-05,0.01294469098001025
2.05238e-05,0.013304060980010251
2.05239e-05,0.01200719098001025
2.0524e-05,0.009304060980010251
2.05241e-05,0.006710310980010252
2.05242e-05,0.005304060980010251
2.05243e-05,0.00503844098001025
2.05244e-05,0.005304060980010251
2.05245e-05,0.006554060980010252
2.05246e-05,0.009304060980010251
2.05247e-05,0.011663440980010252
2.05248e-05,0.009304060980010251
2.05249e-05,0.002163440980010251
2.0525e-05,-0.0026959370199897484
2.05251e-05,-0.00018030901998974946
2.05252e-05,0.005304060980010251
2.05253e-05,0.007147810980010249
2.05254e-05,0.005304060980010251
2.05255e-05,0.00399156098001025
2.05256e-05,0.005304060980010251
2.05257e-05,0.0068665609800102525
2.05258e-05,0.005304060980010251
2.05259e-05,0.0006790609800102505
2.0526e-05,-0.0026959370199897484
2.05261e-05,-0.0017896870199897493
2.05262e-05,0.001304060980010251
2.05263e-05,0.0025540609800102504
2.05264e-05,0.001304060980010251
2.05265e-05,0.00030406098001025013
2.05266e-05,0.001304060980010251
2.05267e-05,0.0027259409800102514
2.05268e-05,0.001304060980010251
2.05269e-05,-0.003242812019989749
2.0527e-05,-0.006695937019989749
2.05271e-05,-0.004695937019989749
2.05272e-05,0.001304060980010251
2.05273e-05,0.005991560980010252
2.05274e-05,0.005304060980010251
2.05275e-05,0.000350940980010251
2.05276e-05,-0.0026959370199897484
2.05277e-05,-0.0011021870199897487
2.05278e-05,0.001304060980010251
2.05279e-05,0.0011478109800102509
2.0528e-05,0.001304060980010251
2.05281e-05,0.004007190980010251
2.05282e-05,0.005304060980010251
2.05283e-05,0.00042906098001025024
2.05284e-05,-0.006695937019989749
2.05285e-05,-0.00946156201998975
2.05286e-05,-0.006695937019989749
2.05287e-05,-0.0020396870199897495
2.05288e-05,0.001304060980010251
2.05289e-05,0.0010540609800102508
2.0529e-05,-0.0026959370199897484
2.05291e-05,-0.00800843701998975
2.05292e-05,-0.01069593723185075
2.05293e-05,-0.010274062219989749
2.05294e-05,-0.01069593723185075
2.05295e-05,-0.014664687019989749
2.05296e-05,-0.01869593701998975
2.05297e-05,-0.01944593701998975
2.05298e-05,-0.01869593701998975
2.05299e-05,-0.01978968701998975
2.053e-05,-0.02269593901998975
2.05301e-05,-0.02482093901998975
2.05302e-05,-0.026695939019989748
2.05303e-05,-0.028867809019989747
2.05304e-05,-0.03069593901998975
2.05305e-05,-0.030711559019989752
2.05306e-05,-0.03069593901998975
2.05307e-05,-0.030086559019989752
2.05308e-05,-0.026695939019989748
2.05309e-05,-0.020805309019989747
2.0531e-05,-0.01869593701998975
2.05311e-05,-0.02280530901998975
2.05312e-05,-0.026695939019989748
2.05313e-05,-0.02413343901998975
2.05314e-05,-0.01869593701998975
2.05315e-05,-0.01678968701998975
2.05316e-05,-0.01869593701998975
2.05317e-05,-0.02013343701998975
2.05318e-05,-0.01869593701998975
2.05319e-05,-0.01585218701998975
2.0532e-05,-0.014695937019989749
2.05321e-05,-0.01547718701998975
2.05322e-05,-0.014695937019989749
2.05323e-05,-0.01055531221998975
2.05324e-05,-0.006695937019989749
2.05325e-05,-0.006461562019989749
2.05326e-05,-0.006695937019989749
2.05327e-05,-0.004461562019989749
2.05328e-05,-0.0026959370199897484
2.05329e-05,-0.004617812019989749
2.0533e-05,-0.006695937019989749
2.05331e-05,-0.005445937019989749
2.05332e-05,-0.0026959370199897484
2.05333e-05,-0.00233656201998975
2.05334e-05,-0.0026959370199897484
2.05335e-05,-0.001336562019989749
2.05336e-05,0.001304060980010251
2.05337e-05,0.00224156098001025
2.05338e-05,0.001304060980010251
2.05339e-05,-0.001524062019989749
2.0534e-05,-0.006695937019989749
2.05341e-05,-0.012617812019989749
2.05342e-05,-0.014695937019989749
2.05343e-05,-0.01196156201998975
2.05344e-05,-0.01069593723185075
2.05345e-05,-0.01358656201998975
2.05346e-05,-0.014695937019989749
2.05347e-05,-0.009039687019989749
2.05348e-05,-0.0026959370199897484
2.05349e-05,-0.0028678120199897485
2.0535e-05,-0.006695937019989749
2.05351e-05,-0.00799281201998975
2.05352e-05,-0.006695937019989749
2.05353e-05,-0.006383437019989749
2.05354e-05,-0.006695937019989749
2.05355e-05,-0.007399062019989749
2.05356e-05,-0.01069593723185075
2.05357e-05,-0.01646156201998975
2.05358e-05,-0.01869593701998975
2.05359e-05,-0.01468031201998975
2.0536e-05,-0.01069593723185075
2.05361e-05,-0.01199281201998975
2.05362e-05,-0.014695937019989749
2.05363e-05,-0.01332093701998975
2.05364e-05,-0.01069593723185075
2.05365e-05,-0.011524062219989748
2.05366e-05,-0.014695937019989749
2.05367e-05,-0.01677406201998975
2.05368e-05,-0.01869593701998975
2.05369e-05,-0.02068031201998975
2.0537e-05,-0.01869593701998975
2.05371e-05,-0.01172718701998975
2.05372e-05,-0.006695937019989749
2.05373e-05,-0.00803968701998975
2.05374e-05,-0.01069593723185075
2.05375e-05,-0.009133437019989749
2.05376e-05,-0.006695937019989749
2.05377e-05,-0.009070937019989749
2.05378e-05,-0.014695937019989749
2.05379e-05,-0.01760218701998975
2.0538e-05,-0.014695937019989749
2.05381e-05,-0.00828968701998975
2.05382e-05,-0.0026959370199897484
2.05383e-05,-0.0010553120199897487
2.05384e-05,-0.0026959370199897484
2.05385e-05,-0.00508656201998975
2.05386e-05,-0.006695937019989749
2.05387e-05,-0.00813343701998975
2.05388e-05,-0.01069593723185075
2.05389e-05,-0.01368031201998975
2.0539e-05,-0.014695937019989749
2.05391e-05,-0.01189906201998975
2.05392e-05,-0.006695937019989749
2.05393e-05,-0.0016334370199897492
2.05394e-05,0.001304060980010251
2.05395e-05,0.00205406098001025
2.05396e-05,0.001304060980010251
2.05397e-05,-0.00039905901998974966
2.05398e-05,-0.0026959370199897484
2.05399e-05,-0.004258437019989749
2.054e-05,-0.0026959370199897484
2.05401e-05,0.0016634409800102504
2.05402e-05,0.005304060980010251
2.05403e-05,0.0056009409800102505
2.05404e-05,0.005304060980010251
2.05405e-05,0.007100940980010252
2.05406e-05,0.009304060980010251
2.05407e-05,0.00850719098001025
2.05408e-05,0.005304060980010251
2.05409e-05,0.002225940980010251
2.0541e-05,0.001304060980010251
2.05411e-05,0.002507190980010251
2.05412e-05,0.005304060980010251
2.05413e-05,0.00816344098001025
2.05414e-05,0.009304060980010251
2.05415e-05,0.007913440980010249
2.05416e-05,0.005304060980010251
2.05417e-05,0.0029759409800102516
2.05418e-05,0.001304060980010251
2.05419e-05,0.0007415609800102505
2.0542e-05,0.001304060980010251
2.05421e-05,0.003147810980010251
2.05422e-05,0.005304060980010251
2.05423e-05,0.006397810980010252
2.05424e-05,0.005304060980010251
2.05425e-05,0.003913440980010251
2.05426e-05,0.005304060980010251
2.05427e-05,0.010085310980010252
2.05428e-05,0.013304060980010251
2.05429e-05,0.01186656098001025
2.0543e-05,0.009304060980010251
2.05431e-05,0.010100940980010251
2.05432e-05,0.013304060980010251
2.05433e-05,0.01571031098001025
2.05434e-05,0.01730406098001025
2.05435e-05,0.01924156098001025
2.05436e-05,0.021304060980010253
2.05437e-05,0.02177281098001025
2.05438e-05,0.021304060980010253
2.05439e-05,0.02089781098001025
2.0544e-05,0.021304060980010253
2.05441e-05,0.02177281098001025
2.05442e-05,0.021304060980010253
2.05443e-05,0.019319690980010254
2.05444e-05,0.01730406098001025
2.05445e-05,0.016663440980010248
2.05446e-05,0.01730406098001025
2.05447e-05,0.01867906098001025
2.05448e-05,0.021304060980010253
2.05449e-05,0.024397810980010252
2.0545e-05,0.02530406098001025
2.05451e-05,0.02296031098001025
2.05452e-05,0.021304060980010253
2.05453e-05,0.02194469098001025
2.05454e-05,0.021304060980010253
2.05455e-05,0.016772810980010253
2.05456e-05,0.013304060980010251
2.05457e-05,0.014757190980010252
2.05458e-05,0.01730406098001025
2.05459e-05,0.016147810980010252
2.0546e-05,0.013304060980010251
2.05461e-05,0.01272594098001025
2.05462e-05,0.013304060980010251
2.05463e-05,0.01208531098001025
2.05464e-05,0.009304060980010251
2.05465e-05,0.007882190980010252
2.05466e-05,0.009304060980010251
2.05467e-05,0.01210094098001025
2.05468e-05,0.013304060980010251
2.05469e-05,0.011538440980010252
2.0547e-05,0.009304060980010251
2.05471e-05,0.00881969098001025
2.05472e-05,0.009304060980010251
2.05473e-05,0.00825719098001025
2.05474e-05,0.005304060980010251
2.05475e-05,0.00221031098001025
2.05476e-05,0.001304060980010251
2.05477e-05,0.00208531098001025
2.05478e-05,0.001304060980010251
2.05479e-05,-0.0015865620199897491
2.0548e-05,-0.0026959370199897484
2.05481e-05,-7.093901998974847e-05
2.05482e-05,0.001304060980010251
2.05483e-05,-0.00238343701998975
2.05484e-05,-0.006695937019989749
2.05485e-05,-0.006211562019989749
2.05486e-05,-0.0026959370199897484
2.05487e-05,-0.0011959370199897488
2.05488e-05,-0.0026959370199897484
2.05489e-05,-0.00502406201998975
2.0549e-05,-0.006695937019989749
2.05491e-05,-0.00810218701998975
2.05492e-05,-0.01069593723185075
2.05493e-05,-0.01372718701998975
2.05494e-05,-0.014695937019989749
2.05495e-05,-0.012461562019989748
2.05496e-05,-0.01069593723185075
2.05497e-05,-0.01119593721998975
2.05498e-05,-0.01069593723185075
2.05499e-05,-0.006477187019989749
2.055e-05,-0.0026959370199897484
2.05501e-05,-0.003602187019989749
2.05502e-05,-0.006695937019989749
2.05503e-05,-0.007664687019989749
2.05504e-05,-0.006695937019989749
2.05505e-05,-0.006383437019989749
2.05506e-05,-0.006695937019989749
2.05507e-05,-0.006680312019989749
2.05508e-05,-0.006695937019989749
2.05509e-05,-0.007117812019989749
2.0551e-05,-0.006695937019989749
2.05511e-05,-0.004774062019989749
2.05512e-05,-0.0026959370199897484
2.05513e-05,-0.0020709370199897496
2.05514e-05,-0.0026959370199897484
2.05515e-05,-0.003336562019989749
2.05516e-05,-0.0026959370199897484
2.05517e-05,-0.0017428120199897493
2.05518e-05,-0.0026959370199897484
2.05519e-05,-0.005570937019989749
2.0552e-05,-0.006695937019989749
2.05521e-05,-0.004524062019989749
2.05522e-05,-0.0026959370199897484
2.05523e-05,-0.004445937019989749
2.05524e-05,-0.006695937019989749
2.05525e-05,-0.005586562019989749
2.05526e-05,-0.0026959370199897484
2.05527e-05,-0.0016803120199897492
2.05528e-05,-0.0026959370199897484
2.05529e-05,-0.004383437019989749
2.0553e-05,-0.006695937019989749
2.05531e-05,-0.00943031201998975
2.05532e-05,-0.01069593723185075
2.05533e-05,-0.009164687019989749
2.05534e-05,-0.006695937019989749
2.05535e-05,-0.005680312019989749
2.05536e-05,-0.006695937019989749
2.05537e-05,-0.007758437019989749
2.05538e-05,-0.006695937019989749
2.05539e-05,-0.00403968701998975
2.0554e-05,-0.0026959370199897484
2.05541e-05,-0.004320937019989749
2.05542e-05,-0.006695937019989749
2.05543e-05,-0.006399062019989749
2.05544e-05,-0.0026959370199897484
2.05545e-05,0.0002571909800102509
2.05546e-05,-0.0026959370199897484
2.05547e-05,-0.01046156221998975
2.05548e-05,-0.014695937019989749
2.05549e-05,-0.010133437219989749
2.0555e-05,-0.0026959370199897484
2.05551e-05,-0.0002271890199897486
2.05552e-05,-0.0026959370199897484
2.05553e-05,-0.004555312019989749
2.05554e-05,-0.0026959370199897484
2.05555e-05,0.0005540609800102504
2.05556e-05,0.001304060980010251
2.05557e-05,-0.0010865620199897487
2.05558e-05,-0.0026959370199897484
2.05559e-05,-0.0010240620199897486
2.0556e-05,0.001304060980010251
2.05561e-05,0.0002728109800102501
2.05562e-05,-0.0026959370199897484
2.05563e-05,-0.0038990620199897495
2.05564e-05,-0.0026959370199897484
2.05565e-05,-0.0005709390199897489
2.05566e-05,0.001304060980010251
2.05567e-05,0.00217906098001025
2.05568e-05,0.001304060980010251
2.05569e-05,-0.0010240620199897486
2.0557e-05,-0.0026959370199897484
2.05571e-05,-0.0016803120199897492
2.05572e-05,0.001304060980010251
2.05573e-05,0.00417906098001025
2.05574e-05,0.005304060980010251
2.05575e-05,0.004007190980010251
2.05576e-05,0.001304060980010251
2.05577e-05,-0.0004615590199897497
2.05578e-05,0.001304060980010251
2.05579e-05,0.005835310980010252
2.0558e-05,0.009304060980010251
2.05581e-05,0.00841344098001025
2.05582e-05,0.005304060980010251
2.05583e-05,0.0036009409800102504
2.05584e-05,0.005304060980010251
2.05585e-05,0.007444690980010252
2.05586e-05,0.005304060980010251
2.05587e-05,-0.001352187019989749
2.05588e-05,-0.006695937019989749
2.05589e-05,-0.00607093701998975
2.0559e-05,-0.0026959370199897484
2.05591e-05,-0.001414687019989749
2.05592e-05,-0.0026959370199897484
2.05593e-05,-0.00232093701998975
2.05594e-05,0.001304060980010251
2.05595e-05,0.006382190980010251
2.05596e-05,0.009304060980010251
2.05597e-05,0.00833531098001025
2.05598e-05,0.005304060980010251
2.05599e-05,0.0036165609800102513
2.056e-05,0.005304060980010251
2.05601e-05,0.00835094098001025
2.05602e-05,0.009304060980010251
2.05603e-05,0.007069690980010252
2.05604e-05,0.005304060980010251
2.05605e-05,0.006585310980010252
2.05606e-05,0.009304060980010251
2.05607e-05,0.010116560980010252
2.05608e-05,0.009304060980010251
2.05609e-05,0.00881969098001025
2.0561e-05,0.009304060980010251
2.05611e-05,0.00966344098001025
2.05612e-05,0.009304060980010251
2.05613e-05,0.00792906098001025
2.05614e-05,0.005304060980010251
2.05615e-05,0.0024915609800102503
2.05616e-05,0.001304060980010251
2.05617e-05,0.0026946909800102514
2.05618e-05,0.005304060980010251
2.05619e-05,0.007757190980010252
2.0562e-05,0.009304060980010251
2.05621e-05,0.01092906098001025
2.05622e-05,0.013304060980010251
2.05623e-05,0.01489781098001025
2.05624e-05,0.013304060980010251
2.05625e-05,0.00860094098001025
2.05626e-05,0.005304060980010251
2.05627e-05,0.007241560980010249
2.05628e-05,0.013304060980010251
2.05629e-05,0.017944690980010253
2.0563e-05,0.01730406098001025
2.05631e-05,0.01247594098001025
2.05632e-05,0.009304060980010251
2.05633e-05,0.010866560980010249
2.05634e-05,0.013304060980010251
2.05635e-05,0.01236656098001025
2.05636e-05,0.009304060980010251
2.05637e-05,0.00803844098001025
2.05638e-05,0.009304060980010251
2.05639e-05,0.01142906098001025
2.0564e-05,0.013304060980010251
2.05641e-05,0.015288440980010252
2.05642e-05,0.01730406098001025
2.05643e-05,0.01811656098001025
2.05644e-05,0.01730406098001025
2.05645e-05,0.014913440980010252
2.05646e-05,0.013304060980010251
2.05647e-05,0.014257190980010251
2.05648e-05,0.01730406098001025
2.05649e-05,0.019210310980010248
2.0565e-05,0.01730406098001025
2.05651e-05,0.01152281098001025
2.05652e-05,0.005304060980010251
2.05653e-05,0.0029134409800102515
2.05654e-05,0.005304060980010251
2.05655e-05,0.010272810980010252
2.05656e-05,0.013304060980010251
2.05657e-05,0.013210310980010251
2.05658e-05,0.013304060980010251
2.05659e-05,0.01564781098001025
2.0566e-05,0.01730406098001025
2.05661e-05,0.015679060980010248
2.05662e-05,0.013304060980010251
2.05663e-05,0.01300719098001025
2.05664e-05,0.013304060980010251
2.05665e-05,0.01133531098001025
2.05666e-05,0.009304060980010251
2.05667e-05,0.010179060980010252
2.05668e-05,0.013304060980010251
2.05669e-05,0.01599156098001025
2.0567e-05,0.01730406098001025
2.05671e-05,0.016710310980010253
2.05672e-05,0.013304060980010251
2.05673e-05,0.00810094098001025
2.05674e-05,0.005304060980010251
2.05675e-05,0.006850940980010252
2.05676e-05,0.009304060980010251
2.05677e-05,0.00947594098001025
2.05678e-05,0.009304060980010251
2.05679e-05,0.011194690980010252
2.0568e-05,0.013304060980010251
2.05681e-05,0.01247594098001025
2.05682e-05,0.009304060980010251
2.05683e-05,0.006507190980010251
2.05684e-05,0.005304060980010251
2.05685e-05,0.00500719098001025
2.05686e-05,0.005304060980010251
2.05687e-05,0.0056946909800102506
2.05688e-05,0.005304060980010251
2.05689e-05,0.00449156098001025
2.0569e-05,0.005304060980010251
2.05691e-05,0.0068353109800102525
2.05692e-05,0.005304060980010251
2.05693e-05,0.00016344098001025084
2.05694e-05,-0.0026959370199897484
2.05695e-05,0.0007103109800102505
2.05696e-05,0.005304060980010251
2.05697e-05,0.004007190980010251
2.05698e-05,-0.0026959370199897484
2.05699e-05,-0.009008437019989749
2.057e-05,-0.01069593723185075
2.05701e-05,-0.007570937019989749
2.05702e-05,-0.0026959370199897484
2.05703e-05,0.0008821909800102515
2.05704e-05,0.001304060980010251
2.05705e-05,-0.0006021890199897489
2.05706e-05,-0.0026959370199897484
2.05707e-05,-0.004305312019989749
2.05708e-05,-0.006695937019989749
2.05709e-05,-0.00968031201998975
2.0571e-05,-0.01069593723185075
2.05711e-05,-0.007727187019989749
2.05712e-05,-0.0026959370199897484
2.05713e-05,0.0007103109800102505
2.05714e-05,0.001304060980010251
2.05715e-05,-0.00024280901998974952
2.05716e-05,-0.0026959370199897484
2.05717e-05,-0.005117812019989749
2.05718e-05,-0.006695937019989749
2.05719e-05,-0.007149062019989749
2.0572e-05,-0.006695937019989749
2.05721e-05,-0.006289687019989749
2.05722e-05,-0.006695937019989749
2.05723e-05,-0.007508437019989749
2.05724e-05,-0.006695937019989749
2.05725e-05,-0.0039303120199897495
2.05726e-05,-0.0026959370199897484
2.05727e-05,-0.004711562019989749
2.05728e-05,-0.006695937019989749
2.05729e-05,-0.006383437019989749
2.0573e-05,-0.006695937019989749
2.05731e-05,-0.00963343701998975
2.05732e-05,-0.01069593723185075
2.05733e-05,-0.006695937019989749
2.05734e-05,-0.0026959370199897484
2.05735e-05,-0.0038365620199897494
2.05736e-05,-0.006695937019989749
2.05737e-05,-0.006805312019989749
2.05738e-05,-0.006695937019989749
2.05739e-05,-0.009039687019989749
2.0574e-05,-0.01069593723185075
2.05741e-05,-0.008461562019989748
2.05742e-05,-0.006695937019989749
2.05743e-05,-0.008914687019989749
2.05744e-05,-0.01069593723185075
2.05745e-05,-0.007555312019989749
2.05746e-05,-0.0026959370199897484
2.05747e-05,-0.00047718901998974883
2.05748e-05,0.001304060980010251
2.05749e-05,0.00446031098001025
2.0575e-05,0.005304060980010251
2.05751e-05,8.531098001024993e-05
2.05752e-05,-0.006695937019989749
2.05753e-05,-0.010008437219989749
2.05754e-05,-0.01069593723185075
2.05755e-05,-0.01130531221998975
2.05756e-05,-0.01069593723185075
2.05757e-05,-0.007164687019989749
2.05758e-05,-0.0026959370199897484
2.05759e-05,-0.0010553120199897487
2.0576e-05,-0.0026959370199897484
2.05761e-05,-0.005383437019989749
2.05762e-05,-0.006695937019989749
2.05763e-05,-0.006399062019989749
2.05764e-05,-0.006695937019989749
2.05765e-05,-0.00966468701998975
2.05766e-05,-0.014695937019989749
2.05767e-05,-0.01860218701998975
2.05768e-05,-0.01869593701998975
2.05769e-05,-0.014852187019989749
2.0577e-05,-0.01069593723185075
2.05771e-05,-0.00844593701998975
2.05772e-05,-0.006695937019989749
2.05773e-05,-0.004320937019989749
2.05774e-05,-0.0026959370199897484
2.05775e-05,-0.00408656201998975
2.05776e-05,-0.006695937019989749
2.05777e-05,-0.008914687019989749
2.05778e-05,-0.01069593723185075
2.05779e-05,-0.01411781201998975
2.0578e-05,-0.01869593701998975
2.05781e-05,-0.022289689019989747
2.05782e-05,-0.02269593901998975
2.05783e-05,-0.02016468701998975
2.05784e-05,-0.01869593701998975
2.05785e-05,-0.020242812019989752
2.05786e-05,-0.02269593901998975
2.05787e-05,-0.023039689019989748
2.05788e-05,-0.02269593901998975
2.05789e-05,-0.02302405901998975
2.0579e-05,-0.02269593901998975
2.05791e-05,-0.02044593701998975
2.05792e-05,-0.01869593701998975
2.05793e-05,-0.02000843701998975
2.05794e-05,-0.02269593901998975
2.05795e-05,-0.02374280901998975
2.05796e-05,-0.02269593901998975
2.05797e-05,-0.021664689019989747
2.05798e-05,-0.02269593901998975
2.05799e-05,-0.02525843901998975
2.058e-05,-0.026695939019989748
2.05801e-05,-0.025336559019989748
2.05802e-05,-0.02269593901998975
2.05803e-05,-0.02150843901998975
2.05804e-05,-0.02269593901998975
2.05805e-05,-0.02413343901998975
2.05806e-05,-0.02269593901998975
2.05807e-05,-0.019274062019989747
2.05808e-05,-0.01869593701998975
2.05809e-05,-0.02294593901998975
2.0581e-05,-0.026695939019989748
2.05811e-05,-0.025445939019989747
2.05812e-05,-0.02269593901998975
2.05813e-05,-0.02371155901998975
2.05814e-05,-0.026695939019989748
2.05815e-05,-0.02763343901998975
2.05816e-05,-0.026695939019989748
2.05817e-05,-0.02530530901998975
2.05818e-05,-0.02269593901998975
2.05819e-05,-0.01911781201998975
2.0582e-05,-0.01869593701998975
2.05821e-05,-0.02385218901998975
2.05822e-05,-0.03069593901998975
2.05823e-05,-0.03339905901998975
2.05824e-05,-0.03069593901998975
2.05825e-05,-0.025633439019989747
2.05826e-05,-0.02269593901998975
2.05827e-05,-0.02264905901998975
2.05828e-05,-0.02269593901998975
2.05829e-05,-0.020742809019989747
2.0583e-05,-0.01869593701998975
2.05831e-05,-0.01955531201998975
2.05832e-05,-0.02269593901998975
2.05833e-05,-0.02466468901998975
2.05834e-05,-0.02269593901998975
2.05835e-05,-0.018008437019989748
2.05836e-05,-0.014695937019989749
2.05837e-05,-0.01572718701998975
2.05838e-05,-0.01869593701998975
2.05839e-05,-0.020805309019989747
2.0584e-05,-0.02269593901998975
2.05841e-05,-0.02438343901998975
2.05842e-05,-0.02269593901998975
2.05843e-05,-0.01724281201998975
2.05844e-05,-0.014695937019989749
2.05845e-05,-0.01872718701998975
2.05846e-05,-0.02269593901998975
2.05847e-05,-0.02013343701998975
2.05848e-05,-0.014695937019989749
2.05849e-05,-0.012883437019989749
2.0585e-05,-0.014695937019989749
2.05851e-05,-0.015961562019989748
2.05852e-05,-0.014695937019989749
2.05853e-05,-0.013289687019989749
2.05854e-05,-0.014695937019989749
2.05855e-05,-0.017977187019989748
2.05856e-05,-0.01869593701998975
2.05857e-05,-0.01477406201998975
2.05858e-05,-0.01069593723185075
2.05859e-05,-0.01119593721998975
2.0586e-05,-0.014695937019989749
2.05861e-05,-0.01535218701998975
2.05862e-05,-0.01069593723185075
2.05863e-05,-0.004305312019989749
2.05864e-05,-0.0026959370199897484
2.05865e-05,-0.007164687019989749
2.05866e-05,-0.01069593723185075
2.05867e-05,-0.00805531201998975
2.05868e-05,-0.0026959370199897484
2.05869e-05,-0.0010084370199897486
2.0587e-05,-0.0026959370199897484
2.05871e-05,-0.0038834370199897494
2.05872e-05,-0.0026959370199897484
2.05873e-05,-0.0016021870199897491
2.05874e-05,-0.0026959370199897484
2.05875e-05,-0.005492812019989749
2.05876e-05,-0.006695937019989749
2.05877e-05,-0.004852187019989749
2.05878e-05,-0.0026959370199897484
2.05879e-05,-0.0036646870199897492
2.0588e-05,-0.006695937019989749
2.05881e-05,-0.00808656201998975
2.05882e-05,-0.006695937019989749
2.05883e-05,-0.0040084370199897496
2.05884e-05,-0.0026959370199897484
2.05885e-05,-0.0038365620199897494
2.05886e-05,-0.006695937019989749
2.05887e-05,-0.00832093701998975
2.05888e-05,-0.006695937019989749
2.05889e-05,-0.00235218701998975
2.0589e-05,0.001304060980010251
2.05891e-05,0.00224156098001025
2.05892e-05,0.001304060980010251
2.05893e-05,0.0015384409800102503
2.05894e-05,0.005304060980010251
2.05895e-05,0.00978844098001025
2.05896e-05,0.009304060980010251
2.05897e-05,0.0036165609800102513
2.05898e-05,0.001304060980010251
2.05899e-05,0.006897810980010249
2.059e-05,0.013304060980010251
2.05901e-05,0.011788440980010252
2.05902e-05,0.005304060980010251
2.05903e-05,0.002194690980010251
2.05904e-05,0.005304060980010251
2.05905e-05,0.010850940980010252
2.05906e-05,0.013304060980010251
2.05907e-05,0.01155406098001025
2.05908e-05,0.009304060980010251
2.05909e-05,0.009210310980010251
2.0591e-05,0.009304060980010251
2.05911e-05,0.00811656098001025
2.05912e-05,0.009304060980010251
2.05913e-05,0.015382190980010252
2.05914e-05,0.021304060980010253
2.05915e-05,0.021194690980010256
2.05916e-05,0.01730406098001025
2.05917e-05,0.014194690980010251
2.05918e-05,0.013304060980010251
2.05919e-05,0.01300719098001025
2.0592e-05,0.013304060980010251
2.05921e-05,0.01483531098001025
2.05922e-05,0.01730406098001025
2.05923e-05,0.018632190980010253
2.05924e-05,0.01730406098001025
2.05925e-05,0.013429060980010251
2.05926e-05,0.009304060980010251
2.05927e-05,0.00780406098001025
2.05928e-05,0.009304060980010251
2.05929e-05,0.01203844098001025
2.0593e-05,0.013304060980010251
2.05931e-05,0.01281969098001025
2.05932e-05,0.013304060980010251
2.05933e-05,0.01581969098001025
2.05934e-05,0.01730406098001025
2.05935e-05,0.01546031098001025
2.05936e-05,0.013304060980010251
2.05937e-05,0.01331969098001025
2.05938e-05,0.013304060980010251
2.05939e-05,0.010975940980010252
2.0594e-05,0.009304060980010251
2.05941e-05,0.01099156098001025
2.05942e-05,0.013304060980010251
2.05943e-05,0.01247594098001025
2.05944e-05,0.009304060980010251
2.05945e-05,0.007694690980010252
2.05946e-05,0.009304060980010251
2.05947e-05,0.01241344098001025
2.05948e-05,0.013304060980010251
2.05949e-05,0.01121031098001025
2.0595e-05,0.009304060980010251
2.05951e-05,0.010429060980010252
2.05952e-05,0.013304060980010251
2.05953e-05,0.014569690980010251
2.05954e-05,0.013304060980010251
2.05955e-05,0.011788440980010252
2.05956e-05,0.013304060980010251
2.05957e-05,0.016725940980010248
2.05958e-05,0.01730406098001025
2.05959e-05,0.013054060980010251
2.0596e-05,0.009304060980010251
2.05961e-05,0.010491560980010252
2.05962e-05,0.013304060980010251
2.05963e-05,0.01250719098001025
2.05964e-05,0.009304060980010251
2.05965e-05,0.00814781098001025
2.05966e-05,0.009304060980010251
2.05967e-05,0.011132190980010252
2.05968e-05,0.013304060980010251
2.05969e-05,0.01492906098001025
2.0597e-05,0.013304060980010251
2.05971e-05,0.00928844098001025
2.05972e-05,0.009304060980010251
2.05973e-05,0.015475940980010252
2.05974e-05,0.021304060980010253
2.05975e-05,0.01961656098001025
2.05976e-05,0.013304060980010251
2.05977e-05,0.00897594098001025
2.05978e-05,0.009304060980010251
2.05979e-05,0.010882190980010252
2.0598e-05,0.009304060980010251
2.05981e-05,0.004663440980010251
2.05982e-05,0.001304060980010251
2.05983e-05,0.002475940980010251
2.05984e-05,0.005304060980010251
2.05985e-05,0.006241560980010252
2.05986e-05,0.005304060980010251
2.05987e-05,0.006022810980010252
2.05988e-05,0.009304060980010251
2.05989e-05,0.01266344098001025
2.0599e-05,0.013304060980010251
2.05991e-05,0.010850940980010252
2.05992e-05,0.009304060980010251
2.05993e-05,0.010819690980010252
2.05994e-05,0.013304060980010251
2.05995e-05,0.01258531098001025
2.05996e-05,0.009304060980010251
2.05997e-05,0.00522594098001025
2.05998e-05,0.001304060980010251
2.05999e-05,-0.0019146870199897494
2.06e-05,-0.0026959370199897484
2.06001e-05,-0.00039905901998974966
2.06002e-05,0.001304060980010251
2.06003e-05,7.190980010250703e-06
2.06004e-05,-0.0026959370199897484
2.06005e-05,-0.003524062019989749
2.06006e-05,-0.0026959370199897484
2.06007e-05,-0.0009615620199897486
2.06008e-05,0.001304060980010251
2.06009e-05,0.004007190980010251
2.0601e-05,0.005304060980010251
2.06011e-05,0.0037103109800102514
2.06012e-05,0.001304060980010251
2.06013e-05,0.0004915609800102503
2.06014e-05,0.001304060980010251
2.06015e-05,0.0028353109800102506
2.06016e-05,0.005304060980010251
2.06017e-05,0.007007190980010252
2.06018e-05,0.005304060980010251
2.06019e-05,0.00016344098001025084
2.0602e-05,-0.0026959370199897484
2.06021e-05,0.00041344098001025106
2.06022e-05,0.005304060980010251
2.06023e-05,0.0057103109800102515
2.06024e-05,0.001304060980010251
2.06025e-05,-0.0039146870199897495
2.06026e-05,-0.006695937019989749
2.06027e-05,-0.0058521870199897495
2.06028e-05,-0.0026959370199897484
2.06029e-05,0.00046031098001025027
2.0603e-05,0.001304060980010251
2.06031e-05,-0.00047718901998974883
2.06032e-05,-0.0026959370199897484
2.06033e-05,-0.00247718701998975
2.06034e-05,0.001304060980010251
2.06035e-05,0.0057103109800102515
2.06036e-05,0.005304060980010251
2.06037e-05,-0.0011021870199897487
2.06038e-05,-0.006695937019989749
2.06039e-05,-0.006227187019989749
2.0604e-05,-0.0026959370199897484
2.06041e-05,-0.001555312019989749
2.06042e-05,-0.0026959370199897484
2.06043e-05,-0.0031178120199897496
2.06044e-05,-0.0026959370199897484
2.06045e-05,-0.0027428120199897484
2.06046e-05,-0.0026959370199897484
2.06047e-05,-0.0020553120199897496
2.06048e-05,-0.0026959370199897484
2.06049e-05,-0.005117812019989749
2.0605e-05,-0.006695937019989749
2.06051e-05,-0.005258437019989749
2.06052e-05,-0.0026959370199897484
2.06053e-05,-0.0016021870199897491
2.06054e-05,-0.0026959370199897484
2.06055e-05,-0.0037428120199897493
2.06056e-05,-0.0026959370199897484
2.06057e-05,-0.00011780901998974941
2.06058e-05,0.001304060980010251
2.06059e-05,0.0007415609800102505
2.0606e-05,0.001304060980010251
2.06061e-05,0.00503844098001025
2.06062e-05,0.009304060980010251
2.06063e-05,0.009304060980010251
2.06064e-05,0.005304060980010251
2.06065e-05,0.0002728109800102501
2.06066e-05,-0.0026959370199897484
2.06067e-05,-0.0020865620199897496
2.06068e-05,0.001304060980010251
2.06069e-05,0.004913440980010252
2.0607e-05,0.005304060980010251
2.06071e-05,0.0016946909800102505
2.06072e-05,-0.0026959370199897484
2.06073e-05,-0.003258437019989749
2.06074e-05,0.001304060980010251
2.06075e-05,0.00850719098001025
2.06076e-05,0.013304060980010251
2.06077e-05,0.01266344098001025
2.06078e-05,0.009304060980010251
2.06079e-05,0.006397810980010252
2.0608e-05,0.005304060980010251
2.06081e-05,0.00500719098001025
2.06082e-05,0.005304060980010251
2.06083e-05,0.005866560980010252
2.06084e-05,0.005304060980010251
2.06085e-05,0.00303844098001025
2.06086e-05,0.001304060980010251
2.06087e-05,0.0013821909800102502
2.06088e-05,0.001304060980010251
2.06089e-05,0.00042906098001025024
2.0609e-05,0.001304060980010251
2.06091e-05,0.00538219098001025
2.06092e-05,0.009304060980010251
2.06093e-05,0.009085310980010251
2.06094e-05,0.005304060980010251
2.06095e-05,0.0017728109800102514
2.06096e-05,0.001304060980010251
2.06097e-05,0.002507190980010251
2.06098e-05,0.001304060980010251
2.06099e-05,-0.00243031201998975
2.061e-05,-0.0026959370199897484
2.06101e-05,0.003366560980010251
2.06102e-05,0.009304060980010251
2.06103e-05,0.00886656098001025
2.06104e-05,0.005304060980010251
2.06105e-05,0.00439781098001025
2.06106e-05,0.005304060980010251
2.06107e-05,0.004038440980010251
2.06108e-05,0.001304060980010251
2.06109e-05,0.0002728109800102501
2.0611e-05,0.001304060980010251
2.06111e-05,0.003054060980010251
2.06112e-05,0.005304060980010251
2.06113e-05,0.0068196909800102515
2.06114e-05,0.005304060980010251
2.06115e-05,0.0017571909800102505
2.06116e-05,0.001304060980010251
2.06117e-05,0.0057728109800102515
2.06118e-05,0.009304060980010251
2.06119e-05,0.006663440980010251
2.0612e-05,0.001304060980010251
2.06121e-05,-0.0008365620199897485
2.06122e-05,0.001304060980010251
2.06123e-05,0.004382190980010251
2.06124e-05,0.005304060980010251
2.06125e-05,0.004725940980010251
2.06126e-05,0.005304060980010251
2.06127e-05,0.0067259409800102515
2.06128e-05,0.005304060980010251
2.06129e-05,0.00011656098001024996
2.0613e-05,-0.0026959370199897484
2.06131e-05,0.0017884409800102506
2.06132e-05,0.009304060980010251
2.06133e-05,0.01222594098001025
2.06134e-05,0.009304060980010251
2.06135e-05,0.004382190980010251
2.06136e-05,0.001304060980010251
2.06137e-05,0.0008196909800102514
2.06138e-05,0.001304060980010251
2.06139e-05,0.0015540609800102512
2.0614e-05,0.001304060980010251
2.06141e-05,0.002100940980010251
2.06142e-05,0.005304060980010251
2.06143e-05,0.009179060980010251
2.06144e-05,0.009304060980010251
2.06145e-05,0.005866560980010252
2.06146e-05,0.005304060980010251
2.06147e-05,0.009975940980010251
2.06148e-05,0.013304060980010251
2.06149e-05,0.009710310980010252
2.0615e-05,0.005304060980010251
2.06151e-05,0.0074290609800102495
2.06152e-05,0.013304060980010251
2.06153e-05,0.014710310980010249
2.06154e-05,0.009304060980010251
2.06155e-05,0.0014915609800102512
2.06156e-05,-0.0026959370199897484
2.06157e-05,-0.0005240590199897498
2.06158e-05,0.005304060980010251
2.06159e-05,0.010600940980010251
2.0616e-05,0.013304060980010251
2.06161e-05,0.013960310980010252
2.06162e-05,0.013304060980010251
2.06163e-05,0.01149156098001025
2.06164e-05,0.009304060980010251
2.06165e-05,0.007272810980010249
2.06166e-05,0.005304060980010251
2.06167e-05,0.00405406098001025
2.06168e-05,0.005304060980010251
2.06169e-05,0.009147810980010251
2.0617e-05,0.013304060980010251
2.06171e-05,0.01486656098001025
2.06172e-05,0.013304060980010251
2.06173e-05,0.010429060980010252
2.06174e-05,0.009304060980010251
2.06175e-05,0.010007190980010251
2.06176e-05,0.009304060980010251
2.06177e-05,0.006335310980010252
2.06178e-05,0.005304060980010251
2.06179e-05,0.007882190980010252
2.0618e-05,0.009304060980010251
2.06181e-05,0.005554060980010251
2.06182e-05,0.001304060980010251
2.06183e-05,0.0028978109800102507
2.06184e-05,0.009304060980010251
2.06185e-05,0.014210310980010252
2.06186e-05,0.013304060980010251
2.06187e-05,0.0073665609800102495
2.06188e-05,0.001304060980010251
2.06189e-05,-0.0015865620199897491
2.0619e-05,-0.0026959370199897484
2.06191e-05,-0.003461562019989749
2.06192e-05,-0.0026959370199897484
2.06193e-05,0.0010853109800102508
2.06194e-05,0.005304060980010251
2.06195e-05,0.006538440980010251
2.06196e-05,0.005304060980010251
2.06197e-05,0.00439781098001025
2.06198e-05,0.005304060980010251
2.06199e-05,0.006491560980010252
2.062e-05,0.005304060980010251
2.06201e-05,0.0010071909800102516
2.06202e-05,-0.0026959370199897484
2.06203e-05,-0.003336562019989749
2.06204e-05,-0.0026959370199897484
2.06205e-05,-0.0028678120199897485
2.06206e-05,-0.0026959370199897484
2.06207e-05,-0.00047718901998974883
2.06208e-05,0.001304060980010251
2.06209e-05,0.00014781098001025
2.0621e-05,-0.0026959370199897484
2.06211e-05,-0.0039615620199897495
2.06212e-05,-0.0026959370199897484
2.06213e-05,-0.00028968901998974866
2.06214e-05,0.001304060980010251
2.06215e-05,0.0014446909800102502
2.06216e-05,0.001304060980010251
2.06217e-05,0.0015228109800102512
2.06218e-05,0.001304060980010251
2.06219e-05,-0.0005084390199897489
2.0622e-05,-0.0026959370199897484
2.06221e-05,-0.003492812019989749
2.06222e-05,-0.0026959370199897484
2.06223e-05,-0.0010240620199897486
2.06224e-05,0.001304060980010251
2.06225e-05,0.0028821909800102515
2.06226e-05,0.001304060980010251
2.06227e-05,-0.003352187019989749
2.06228e-05,-0.006695937019989749
2.06229e-05,-0.005508437019989749
2.0623e-05,-0.0026959370199897484
2.06231e-05,-0.0019615620199897495
2.06232e-05,-0.0026959370199897484
2.06233e-05,-0.0028521870199897485
2.06234e-05,-0.0026959370199897484
2.06235e-05,-0.0031178120199897496
2.06236e-05,-0.0026959370199897484
2.06237e-05,-0.0004615590199897497
2.06238e-05,0.001304060980010251
2.06239e-05,0.0002259409800102509
2.0624e-05,-0.0026959370199897484
2.06241e-05,-0.005399062019989749
2.06242e-05,-0.006695937019989749
2.06243e-05,-0.006914687019989749
2.06244e-05,-0.006695937019989749
2.06245e-05,-0.005570937019989749
2.06246e-05,-0.0026959370199897484
2.06247e-05,0.0007103109800102505
2.06248e-05,0.001304060980010251
2.06249e-05,-0.00253968701998975
2.0625e-05,-0.006695937019989749
2.06251e-05,-0.007570937019989749
2.06252e-05,-0.006695937019989749
2.06253e-05,-0.006711562019989749
2.06254e-05,-0.006695937019989749
2.06255e-05,-0.0058365620199897494
2.06256e-05,-0.006695937019989749
2.06257e-05,-0.01080531221998975
2.06258e-05,-0.014695937019989749
2.06259e-05,-0.01407093701998975
2.0626e-05,-0.01069593723185075
2.06261e-05,-0.00796156201998975
2.06262e-05,-0.006695937019989749
2.06263e-05,-0.006164687019989749
2.06264e-05,-0.006695937019989749
2.06265e-05,-0.007774062019989749
2.06266e-05,-0.006695937019989749
2.06267e-05,-0.003555312019989749
2.06268e-05,-0.0026959370199897484
2.06269e-05,-0.006680312019989749
2.0627e-05,-0.01069593723185075
2.06271e-05,-0.010070937219989749
2.06272e-05,-0.006695937019989749
2.06273e-05,-0.005274062019989749
2.06274e-05,-0.006695937019989749
2.06275e-05,-0.009149062019989749
2.06276e-05,-0.01069593723185075
2.06277e-05,-0.01103968721998975
2.06278e-05,-0.01069593723185075
2.06279e-05,-0.00943031201998975
2.0628e-05,-0.006695937019989749
2.06281e-05,-0.004461562019989749
2.06282e-05,-0.006695937019989749
2.06283e-05,-0.01374281201998975
2.06284e-05,-0.01869593701998975
2.06285e-05,-0.01628968701998975
2.06286e-05,-0.01069593723185075
2.06287e-05,-0.008555312019989748
2.06288e-05,-0.01069593723185075
2.06289e-05,-0.01358656201998975
2.0629e-05,-0.014695937019989749
2.06291e-05,-0.014352187019989748
2.06292e-05,-0.014695937019989749
2.06293e-05,-0.01555531201998975
2.06294e-05,-0.014695937019989749
2.06295e-05,-0.011680312219989749
2.06296e-05,-0.01069593723185075
2.06297e-05,-0.01344593701998975
2.06298e-05,-0.014695937019989749
2.06299e-05,-0.010774062229989749
2.063e-05,-0.006695937019989749
2.06301e-05,-0.007742812019989749
2.06302e-05,-0.01069593723185075
2.06303e-05,-0.010133437219989749
2.06304e-05,-0.006695937019989749
2.06305e-05,-0.00510218701998975
2.06306e-05,-0.006695937019989749
2.06307e-05,-0.00949281201998975
2.06308e-05,-0.01069593723185075
2.06309e-05,-0.00949281201998975
2.0631e-05,-0.006695937019989749
2.06311e-05,-0.00510218701998975
2.06312e-05,-0.006695937019989749
2.06313e-05,-0.010070937219989749
2.06314e-05,-0.01069593723185075
2.06315e-05,-0.007758437019989749
2.06316e-05,-0.006695937019989749
2.06317e-05,-0.010617812229989749
2.06318e-05,-0.014695937019989749
2.06319e-05,-0.01374281201998975
2.0632e-05,-0.01069593723185075
2.06321e-05,-0.010070937219989749
2.06322e-05,-0.01069593723185075
2.06323e-05,-0.009180312019989749
2.06324e-05,-0.006695937019989749
2.06325e-05,-0.00607093701998975
2.06326e-05,-0.006695937019989749
2.06327e-05,-0.006789687019989749
2.06328e-05,-0.006695937019989749
2.06329e-05,-0.007102187019989749
2.0633e-05,-0.006695937019989749
2.06331e-05,-0.005727187019989749
2.06332e-05,-0.006695937019989749
2.06333e-05,-0.009899062219989749
2.06334e-05,-0.01069593723185075
2.06335e-05,-0.006711562019989749
2.06336e-05,-0.0026959370199897484
2.06337e-05,-0.003508437019989749
2.06338e-05,-0.006695937019989749
2.06339e-05,-0.00782093701998975
2.0634e-05,-0.006695937019989749
2.06341e-05,-0.006211562019989749
2.06342e-05,-0.006695937019989749
2.06343e-05,-0.006883437019989749
2.06344e-05,-0.006695937019989749
2.06345e-05,-0.006727187019989749
2.06346e-05,-0.006695937019989749
2.06347e-05,-0.007352187019989749
2.06348e-05,-0.01069593723185075
2.06349e-05,-0.015008437019989749
2.0635e-05,-0.014695937019989749
2.06351e-05,-0.00807093701998975
2.06352e-05,-0.0026959370199897484
2.06353e-05,-0.0038521870199897494
2.06354e-05,-0.006695937019989749
2.06355e-05,-0.005289687019989749
2.06356e-05,-0.0026959370199897484
2.06357e-05,-0.0038365620199897494
2.06358e-05,-0.006695937019989749
2.06359e-05,-0.006414687019989749
2.0636e-05,-0.0026959370199897484
2.06361e-05,0.0007103109800102505
2.06362e-05,0.001304060980010251
2.06363e-05,0.000319690980010251
2.06364e-05,0.001304060980010251
2.06365e-05,0.00449156098001025
2.06366e-05,0.005304060980010251
2.06367e-05,0.00116344098001025
2.06368e-05,-0.0026959370199897484
2.06369e-05,-0.0007584370199897484
2.0637e-05,0.005304060980010251
2.06371e-05,0.00938219098001025
2.06372e-05,0.009304060980010251
2.06373e-05,0.006741560980010252
2.06374e-05,0.005304060980010251
2.06375e-05,0.005585310980010251
2.06376e-05,0.005304060980010251
2.06377e-05,0.00306969098001025
2.06378e-05,0.001304060980010251
2.06379e-05,0.0016946909800102505
2.0638e-05,0.001304060980010251
2.06381e-05,-0.001430312019989749
2.06382e-05,-0.0026959370199897484
2.06383e-05,0.0010384409800102516
2.06384e-05,0.005304060980010251
2.06385e-05,0.006132190980010251
2.06386e-05,0.005304060980010251
2.06387e-05,0.006663440980010251
2.06388e-05,0.009304060980010251
2.06389e-05,0.010179060980010252
2.0639e-05,0.009304060980010251
2.06391e-05,0.00941344098001025
2.06392e-05,0.013304060980010251
2.06393e-05,0.018835310980010248
2.06394e-05,0.021304060980010253
2.06395e-05,0.01778844098001025
2.06396e-05,0.013304060980010251
2.06397e-05,0.01217906098001025
2.06398e-05,0.013304060980010251
2.06399e-05,0.01249156098001025
2.064e-05,0.009304060980010251
2.06401e-05,0.006413440980010251
2.06402e-05,0.005304060980010251
2.06403e-05,0.00538219098001025
2.06404e-05,0.005304060980010251
2.06405e-05,0.005054060980010251
2.06406e-05,0.005304060980010251
2.06407e-05,0.00792906098001025
2.06408e-05,0.013304060980010251
2.06409e-05,0.018210310980010254
2.0641e-05,0.01730406098001025
2.06411e-05,0.010335310980010252
2.06412e-05,0.005304060980010251
2.06413e-05,0.006772810980010252
2.06414e-05,0.009304060980010251
2.06415e-05,0.0073978109800102495
2.06416e-05,0.005304060980010251
2.06417e-05,0.00847594098001025
2.06418e-05,0.013304060980010251
2.06419e-05,0.01341344098001025
2.0642e-05,0.009304060980010251
2.06421e-05,0.005882190980010251
2.06422e-05,0.005304060980010251
2.06423e-05,0.007038440980010252
2.06424e-05,0.009304060980010251
2.06425e-05,0.011382190980010252
2.06426e-05,0.013304060980010251
2.06427e-05,0.014335310980010252
2.06428e-05,0.013304060980010251
2.06429e-05,0.010491560980010252
2.0643e-05,0.009304060980010251
2.06431e-05,0.01219469098001025
2.06432e-05,0.01730406098001025
2.06433e-05,0.019632190980010247
2.06434e-05,0.01730406098001025
2.06435e-05,0.01210094098001025
2.06436e-05,0.009304060980010251
2.06437e-05,0.010819690980010252
2.06438e-05,0.013304060980010251
2.06439e-05,0.01260094098001025
2.0644e-05,0.009304060980010251
2.06441e-05,0.006413440980010251
2.06442e-05,0.005304060980010251
2.06443e-05,0.00506969098001025
2.06444e-05,0.005304060980010251
2.06445e-05,0.005835310980010252
2.06446e-05,0.005304060980010251
2.06447e-05,0.00436656098001025
2.06448e-05,0.005304060980010251
2.06449e-05,0.0073665609800102495
2.0645e-05,0.005304060980010251
2.06451e-05,-0.0017428120199897493
2.06452e-05,-0.006695937019989749
2.06453e-05,-0.0030709370199897496
2.06454e-05,0.005304060980010251
2.06455e-05,0.010335310980010252
2.06456e-05,0.009304060980010251
2.06457e-05,0.005913440980010251
2.06458e-05,0.005304060980010251
2.06459e-05,0.007913440980010249
2.0646e-05,0.009304060980010251
2.06461e-05,0.006335310980010252
2.06462e-05,0.001304060980010251
2.06463e-05,-0.0009146870199897485
2.06464e-05,0.001304060980010251
2.06465e-05,0.0047571909800102515
2.06466e-05,0.005304060980010251
2.06467e-05,0.0038509409800102506
2.06468e-05,0.005304060980010251
2.06469e-05,0.011600940980010252
2.0647e-05,0.01730406098001025
2.06471e-05,0.01594469098001025
2.06472e-05,0.009304060980010251
2.06473e-05,0.00411656098001025
2.06474e-05,0.005304060980010251
2.06475e-05,0.010444690980010251
2.06476e-05,0.013304060980010251
2.06477e-05,0.010210310980010252
2.06478e-05,0.005304060980010251
2.06479e-05,0.0036634409800102505
2.0648e-05,0.005304060980010251
2.06481e-05,0.006429060980010252
2.06482e-05,0.005304060980010251
2.06483e-05,0.00306969098001025
2.06484e-05,0.001304060980010251
2.06485e-05,0.0007884409800102514
2.06486e-05,0.001304060980010251
2.06487e-05,0.0018665609800102515
2.06488e-05,0.001304060980010251
2.06489e-05,-0.00039905901998974966
2.0649e-05,-0.0026959370199897484
2.06491e-05,-0.0039146870199897495
2.06492e-05,-0.0026959370199897484
2.06493e-05,0.00017906098001025002
2.06494e-05,0.001304060980010251
2.06495e-05,-0.0007115620199897501
2.06496e-05,-0.0026959370199897484
2.06497e-05,-0.001461562019989749
2.06498e-05,0.001304060980010251
2.06499e-05,0.002413440980010251
2.065e-05,0.001304060980010251
2.06501e-05,-0.0008209370199897485
2.06502e-05,-0.0026959370199897484
2.06503e-05,-0.0037271870199897493
2.06504e-05,-0.0026959370199897484
2.06505e-05,0.0007415609800102505
2.06506e-05,0.005304060980010251
2.06507e-05,0.00752281098001025
2.06508e-05,0.005304060980010251
2.06509e-05,-0.0011021870199897487
2.0651e-05,-0.006695937019989749
2.06511e-05,-0.00799281201998975
2.06512e-05,-0.006695937019989749
2.06513e-05,-0.00605531201998975
2.06514e-05,-0.006695937019989749
2.06515e-05,-0.00807093701998975
2.06516e-05,-0.01069593723185075
2.06517e-05,-0.01377406201998975
2.06518e-05,-0.014695937019989749
2.06519e-05,-0.01125843721998975
2.0652e-05,-0.006695937019989749
2.06521e-05,-0.0048834370199897495
2.06522e-05,-0.006695937019989749
2.06523e-05,-0.00968031201998975
2.06524e-05,-0.01069593723185075
2.06525e-05,-0.009086562019989749
2.06526e-05,-0.006695937019989749
2.06527e-05,-0.0058834370199897495
2.06528e-05,-0.006695937019989749
2.06529e-05,-0.007664687019989749
2.0653e-05,-0.006695937019989749
2.06531e-05,-0.005274062019989749
2.06532e-05,-0.006695937019989749
2.06533e-05,-0.011352187219989748
2.06534e-05,-0.014695937019989749
2.06535e-05,-0.013289687019989749
2.06536e-05,-0.01069593723185075
2.06537e-05,-0.011414687219989748
2.06538e-05,-0.014695937019989749
2.06539e-05,-0.01628968701998975
2.0654e-05,-0.014695937019989749
2.06541e-05,-0.01080531221998975
2.06542e-05,-0.006695937019989749
2.06543e-05,-0.0037428120199897493
2.06544e-05,-0.0026959370199897484
2.06545e-05,-0.0039928120199897495
2.06546e-05,-0.006695937019989749
2.06547e-05,-0.00957093701998975
2.06548e-05,-0.01069593723185075
2.06549e-05,-0.009320937019989749
2.0655e-05,-0.006695937019989749
2.06551e-05,-0.005414687019989749
2.06552e-05,-0.006695937019989749
2.06553e-05,-0.00944593701998975
2.06554e-05,-0.01069593723185075
2.06555e-05,-0.009102187019989749
2.06556e-05,-0.006695937019989749
2.06557e-05,-0.0058365620199897494
2.06558e-05,-0.006695937019989749
2.06559e-05,-0.007570937019989749
2.0656e-05,-0.006695937019989749
2.06561e-05,-0.005289687019989749
2.06562e-05,-0.006695937019989749
2.06563e-05,-0.01038343721998975
2.06564e-05,-0.01069593723185075
2.06565e-05,-0.0059459370199897495
2.06566e-05,-0.0026959370199897484
2.06567e-05,-0.006211562019989749
2.06568e-05,-0.01069593723185075
2.06569e-05,-0.008805312019989749
2.0657e-05,-0.0026959370199897484
2.06571e-05,0.00030406098001025013
2.06572e-05,-0.0026959370199897484
2.06573e-05,-0.009086562019989749
2.06574e-05,-0.014695937019989749
2.06575e-05,-0.01653968701998975
2.06576e-05,-0.014695937019989749
2.06577e-05,-0.010664687229989749
2.06578e-05,-0.006695937019989749
2.06579e-05,-0.0039146870199897495
2.0658e-05,-0.0026959370199897484
2.06581e-05,-0.00260218701998975
2.06582e-05,-0.0026959370199897484
2.06583e-05,-0.00253968701998975
2.06584e-05,-0.0026959370199897484
2.06585e-05,-0.004399062019989749
2.06586e-05,-0.006695937019989749
2.06587e-05,-0.00819593701998975
2.06588e-05,-0.006695937019989749
2.06589e-05,-0.00250843701998975
2.0659e-05,0.001304060980010251
2.06591e-05,0.001272810980010251
2.06592e-05,-0.0026959370199897484
2.06593e-05,-0.008649062019989748
2.06594e-05,-0.014695937019989749
2.06595e-05,-0.017570937019989748
2.06596e-05,-0.014695937019989749
2.06597e-05,-0.007383437019989749
2.06598e-05,-0.0026959370199897484
2.06599e-05,-0.00410218701998975
2.066e-05,-0.006695937019989749
2.06601e-05,-0.004352187019989749
2.06602e-05,0.001304060980010251
2.06603e-05,0.00411656098001025
2.06604e-05,0.001304060980010251
2.06605e-05,-0.004336562019989749
2.06606e-05,-0.006695937019989749
2.06607e-05,-0.003586562019989749
2.06608e-05,0.001304060980010251
2.06609e-05,0.0029915609800102508
2.0661e-05,0.001304060980010251
2.06611e-05,-0.0011178120199897487
2.06612e-05,-0.0026959370199897484
2.06613e-05,-0.003352187019989749
2.06614e-05,-0.0026959370199897484
2.06615e-05,-0.0006021890199897489
2.06616e-05,0.001304060980010251
2.06617e-05,0.0017571909800102505
2.06618e-05,0.001304060980010251
2.06619e-05,0.0010384409800102516
2.0662e-05,0.001304060980010251
2.06621e-05,0.0016165609800102513
2.06622e-05,0.001304060980010251
2.06623e-05,0.0006790609800102505
2.06624e-05,0.001304060980010251
2.06625e-05,0.003241560980010251
2.06626e-05,0.005304060980010251
2.06627e-05,0.005835310980010252
2.06628e-05,0.005304060980010251
2.06629e-05,0.0048821909800102516
2.0663e-05,0.005304060980010251
2.06631e-05,0.0048821909800102516
2.06632e-05,0.001304060980010251
2.06633e-05,-0.004352187019989749
2.06634e-05,-0.006695937019989749
2.06635e-05,-0.0030865620199897496
2.06636e-05,0.001304060980010251
2.06637e-05,0.0019915609800102516
2.06638e-05,0.001304060980010251
2.06639e-05,0.003179060980010251
2.0664e-05,0.005304060980010251
2.06641e-05,0.004100940980010251
2.06642e-05,0.001304060980010251
2.06643e-05,0.00030406098001025013
2.06644e-05,0.001304060980010251
2.06645e-05,0.0028196909800102515
2.06646e-05,0.005304060980010251
2.06647e-05,0.00817906098001025
2.06648e-05,0.009304060980010251
2.06649e-05,0.006397810980010252
2.0665e-05,0.001304060980010251
2.06651e-05,-0.00252406201998975
2.06652e-05,-0.0026959370199897484
2.06653e-05,-0.00013343901998974853
2.06654e-05,0.001304060980010251
2.06655e-05,-0.0003053090199897496
2.06656e-05,-0.0026959370199897484
2.06657e-05,-0.0030553120199897496
2.06658e-05,-0.0026959370199897484
2.06659e-05,-0.0028678120199897485
2.0666e-05,-0.0026959370199897484
2.06661e-05,-0.0006178090199897499
2.06662e-05,0.001304060980010251
2.06663e-05,0.001366560980010251
2.06664e-05,0.001304060980010251
2.06665e-05,0.0029134409800102515
2.06666e-05,0.005304060980010251
2.06667e-05,0.006163440980010251
2.06668e-05,0.005304060980010251
2.06669e-05,0.00427281098001025
2.0667e-05,0.005304060980010251
2.06671e-05,0.006897810980010249
2.06672e-05,0.005304060980010251
2.06673e-05,3.844098001025073e-05
2.06674e-05,-0.0026959370199897484
2.06675e-05,0.0008196909800102514
2.06676e-05,0.005304060980010251
2.06677e-05,0.004663440980010251
2.06678e-05,0.001304060980010251
2.06679e-05,0.000319690980010251
2.0668e-05,0.001304060980010251
2.06681e-05,0.0015853109800102513
2.06682e-05,0.001304060980010251
2.06683e-05,0.0016478109800102513
2.06684e-05,0.001304060980010251
2.06685e-05,-0.0007896870199897484
2.06686e-05,-0.0026959370199897484
2.06687e-05,-0.0020396870199897495
2.06688e-05,0.001304060980010251
2.06689e-05,0.004725940980010251
2.0669e-05,0.005304060980010251
2.06691e-05,0.0028821909800102515
2.06692e-05,0.001304060980010251
2.06693e-05,0.0019290609800102516
2.06694e-05,0.001304060980010251
2.06695e-05,-0.0029303120199897495
2.06696e-05,-0.006695937019989749
2.06697e-05,-0.005680312019989749
2.06698e-05,-0.0026959370199897484
2.06699e-05,-0.0019146870199897494
2.067e-05,-0.0026959370199897484
2.06701e-05,-0.00247718701998975
2.06702e-05,-0.0026959370199897484
2.06703e-05,-0.0038365620199897494
2.06704e-05,-0.0026959370199897484
2.06705e-05,0.0020384409800102508
2.06706e-05,0.005304060980010251
2.06707e-05,0.0035384409800102504
2.06708e-05,0.001304060980010251
2.06709e-05,0.0027415609800102506
2.0671e-05,0.005304060980010251
2.06711e-05,0.004194690980010251
2.06712e-05,0.001304060980010251
2.06713e-05,0.0002728109800102501
2.06714e-05,0.001304060980010251
2.06715e-05,0.0019134409800102507
2.06716e-05,0.001304060980010251
2.06717e-05,-0.0003521890199897487
2.06718e-05,-0.0026959370199897484
2.06719e-05,-0.005180312019989749
2.0672e-05,-0.006695937019989749
2.06721e-05,-0.0058990620199897495
2.06722e-05,-0.0026959370199897484
2.06723e-05,0.0008821909800102515
2.06724e-05,0.001304060980010251
2.06725e-05,-0.00235218701998975
2.06726e-05,-0.006695937019989749
2.06727e-05,-0.00805531201998975
2.06728e-05,-0.006695937019989749
2.06729e-05,-0.005617812019989749
2.0673e-05,-0.006695937019989749
2.06731e-05,-0.00828968701998975
2.06732e-05,-0.006695937019989749
2.06733e-05,-0.0017896870199897493
2.06734e-05,0.001304060980010251
2.06735e-05,-0.001430312019989749
2.06736e-05,-0.006695937019989749
2.06737e-05,-0.009742812219989749
2.06738e-05,-0.01069593723185075
2.06739e-05,-0.01119593721998975
2.0674e-05,-0.01069593723185075
2.06741e-05,-0.00835218701998975
2.06742e-05,-0.006695937019989749
2.06743e-05,-0.00807093701998975
2.06744e-05,-0.01069593723185075
2.06745e-05,-0.010774062229989749
2.06746e-05,-0.006695937019989749
2.06747e-05,-0.0010396870199897486
2.06748e-05,0.001304060980010251
2.06749e-05,-0.0019303120199897494
2.0675e-05,-0.006695937019989749
2.06751e-05,-0.00941468701998975
2.06752e-05,-0.01069593723185075
2.06753e-05,-0.012680312019989749
2.06754e-05,-0.014695937019989749
2.06755e-05,-0.01397718701998975
2.06756e-05,-0.01069593723185075
2.06757e-05,-0.007430312019989749
2.06758e-05,-0.006695937019989749
2.06759e-05,-0.008555312019989748
2.0676e-05,-0.01069593723185075
2.06761e-05,-0.010086562219989749
2.06762e-05,-0.006695937019989749
2.06763e-05,-0.0031178120199897496
2.06764e-05,-0.0026959370199897484
2.06765e-05,-0.006352187019989749
2.06766e-05,-0.01069593723185075
2.06767e-05,-0.01222718701998975
2.06768e-05,-0.01069593723185075
2.06769e-05,-0.007180312019989749
2.0677e-05,-0.0026959370199897484
2.06771e-05,0.0011165609800102509
2.06772e-05,0.001304060980010251
2.06773e-05,-0.0028053120199897485
2.06774e-05,-0.006695937019989749
2.06775e-05,-0.006274062019989749
2.06776e-05,-0.0026959370199897484
2.06777e-05,0.0002259409800102509
2.06778e-05,0.001304060980010251
2.06779e-05,0.001210310980010251
2.0678e-05,0.001304060980010251
2.06781e-05,0.0014290609800102511
2.06782e-05,0.001304060980010251
2.06783e-05,0.00016344098001025084
2.06784e-05,-0.0026959370199897484
2.06785e-05,-0.0058990620199897495
2.06786e-05,-0.006695937019989749
2.06787e-05,-0.004524062019989749
2.06788e-05,-0.0026959370199897484
2.06789e-05,-0.0030084370199897495
2.0679e-05,-0.0026959370199897484
2.06791e-05,0.0010228109800102508
2.06792e-05,0.005304060980010251
2.06793e-05,0.006397810980010252
2.06794e-05,0.005304060980010251
2.06795e-05,0.0037884409800102506
2.06796e-05,0.001304060980010251
2.06797e-05,-0.0022740620199897497
2.06798e-05,-0.0026959370199897484
2.06799e-05,0.0014134409800102502
2.068e-05,0.005304060980010251
2.06801e-05,0.004382190980010251
2.06802e-05,0.001304060980010251
2.06803e-05,0.00046031098001025027
2.06804e-05,0.001304060980010251
2.06805e-05,0.0006478109800102504
2.06806e-05,-0.0026959370199897484
2.06807e-05,-0.006117812019989749
2.06808e-05,-0.006695937019989749
2.06809e-05,-0.003414687019989749
2.0681e-05,0.001304060980010251
2.06811e-05,0.00442906098001025
2.06812e-05,0.005304060980010251
2.06813e-05,0.005054060980010251
2.06814e-05,0.005304060980010251
2.06815e-05,0.005679060980010251
2.06816e-05,0.005304060980010251
2.06817e-05,0.0035384409800102504
2.06818e-05,0.001304060980010251
2.06819e-05,-0.000695939019989749
2.0682e-05,-0.0026959370199897484
2.06821e-05,-0.0049303120199897495
2.06822e-05,-0.006695937019989749
2.06823e-05,-0.00605531201998975
2.06824e-05,-0.0026959370199897484
2.06825e-05,0.0019446909800102507
2.06826e-05,0.005304060980010251
2.06827e-05,0.006054060980010252
2.06828e-05,0.005304060980010251
2.06829e-05,0.004866560980010251
2.0683e-05,0.005304060980010251
2.06831e-05,0.004741560980010251
2.06832e-05,0.001304060980010251
2.06833e-05,-0.0040240620199897496
2.06834e-05,-0.006695937019989749
2.06835e-05,-0.0039615620199897495
2.06836e-05,0.001304060980010251
2.06837e-05,0.004804060980010251
2.06838e-05,0.005304060980010251
2.06839e-05,0.004804060980010251
2.0684e-05,0.005304060980010251
2.06841e-05,0.006100940980010251
2.06842e-05,0.005304060980010251
2.06843e-05,0.0026165609800102504
2.06844e-05,0.001304060980010251
2.06845e-05,0.003116560980010251
2.06846e-05,0.005304060980010251
2.06847e-05,0.004382190980010251
2.06848e-05,0.001304060980010251
2.06849e-05,-0.0010396870199897486
2.0685e-05,-0.0026959370199897484
2.06851e-05,-0.0037896870199897494
2.06852e-05,-0.0026959370199897484
2.06853e-05,0.001397810980010251
2.06854e-05,0.005304060980010251
2.06855e-05,0.007038440980010252
2.06856e-05,0.009304060980010251
2.06857e-05,0.01272594098001025
2.06858e-05,0.013304060980010251
2.06859e-05,0.00792906098001025
2.0686e-05,0.001304060980010251
2.06861e-05,-0.0008365620199897485
2.06862e-05,0.001304060980010251
2.06863e-05,0.0029915609800102508
2.06864e-05,0.001304060980010251
2.06865e-05,-0.0019146870199897494
2.06866e-05,-0.0026959370199897484
2.06867e-05,0.0008665609800102506
2.06868e-05,0.005304060980010251
2.06869e-05,0.0068196909800102515
2.0687e-05,0.005304060980010251
2.06871e-05,0.00414781098001025
2.06872e-05,0.005304060980010251
2.06873e-05,0.00777281098001025
2.06874e-05,0.009304060980010251
2.06875e-05,0.00827281098001025
2.06876e-05,0.005304060980010251
2.06877e-05,0.003304060980010251
2.06878e-05,0.005304060980010251
2.06879e-05,0.010272810980010252
2.0688e-05,0.013304060980010251
2.06881e-05,0.01183531098001025
2.06882e-05,0.009304060980010251
2.06883e-05,0.009991560980010252
2.06884e-05,0.013304060980010251
2.06885e-05,0.015007190980010252
2.06886e-05,0.013304060980010251
2.06887e-05,0.010054060980010252
2.06888e-05,0.009304060980010251
2.06889e-05,0.01255406098001025
2.0689e-05,0.01730406098001025
2.06891e-05,0.01936656098001025
2.06892e-05,0.01730406098001025
2.06893e-05,0.01281969098001025
2.06894e-05,0.009304060980010251
2.06895e-05,0.00842906098001025
2.06896e-05,0.009304060980010251
2.06897e-05,0.01099156098001025
2.06898e-05,0.013304060980010251
2.06899e-05,0.01592906098001025
2.069e-05,0.01730406098001025
2.06901e-05,0.01592906098001025
2.06902e-05,0.013304060980010251
2.06903e-05,0.01210094098001025
2.06904e-05,0.013304060980010251
2.06905e-05,0.01563219098001025
2.06906e-05,0.01730406098001025
2.06907e-05,0.01642906098001025
2.06908e-05,0.013304060980010251
2.06909e-05,0.010069690980010251
2.0691e-05,0.009304060980010251
2.06911e-05,0.011382190980010252
2.06912e-05,0.013304060980010251
2.06913e-05,0.01242906098001025
2.06914e-05,0.009304060980010251
2.06915e-05,0.007304060980010249
2.06916e-05,0.009304060980010251
2.06917e-05,0.014382190980010251
2.06918e-05,0.01730406098001025
2.06919e-05,0.01569469098001025
2.0692e-05,0.013304060980010251
2.06921e-05,0.013304060980010251
2.06922e-05,0.013304060980010251
2.06923e-05,0.010835310980010249
2.06924e-05,0.009304060980010251
2.06925e-05,0.01235094098001025
2.06926e-05,0.01730406098001025
2.06927e-05,0.01903844098001025
2.06928e-05,0.01730406098001025
2.06929e-05,0.014600940980010252
2.0693e-05,0.013304060980010251
2.06931e-05,0.013366560980010251
2.06932e-05,0.013304060980010251
2.06933e-05,0.01261656098001025
2.06934e-05,0.013304060980010251
2.06935e-05,0.014882190980010252
2.06936e-05,0.013304060980010251
2.06937e-05,0.007913440980010249
2.06938e-05,0.005304060980010251
2.06939e-05,0.00938219098001025
2.0694e-05,0.013304060980010251
2.06941e-05,0.010710310980010252
2.06942e-05,0.005304060980010251
2.06943e-05,0.004741560980010251
2.06944e-05,0.009304060980010251
2.06945e-05,0.01353844098001025
2.06946e-05,0.013304060980010251
2.06947e-05,0.010116560980010252
2.06948e-05,0.009304060980010251
2.06949e-05,0.01310094098001025
2.0695e-05,0.01730406098001025
2.06951e-05,0.01675719098001025
2.06952e-05,0.013304060980010251
2.06953e-05,0.010522810980010252
2.06954e-05,0.009304060980010251
2.06955e-05,0.00849156098001025
2.06956e-05,0.009304060980010251
2.06957e-05,0.01180406098001025
2.06958e-05,0.013304060980010251
2.06959e-05,0.010772810980010252
2.0696e-05,0.005304060980010251
2.06961e-05,0.00110094098001025
2.06962e-05,0.001304060980010251
2.06963e-05,0.004538440980010251
2.06964e-05,0.005304060980010251
2.06965e-05,0.00125719098001025
2.06966e-05,-0.0026959370199897484
2.06967e-05,-0.0007584370199897484
2.06968e-05,0.005304060980010251
2.06969e-05,0.00981969098001025
2.0697e-05,0.009304060980010251
2.06971e-05,0.00417906098001025
2.06972e-05,-0.0026959370199897484
2.06973e-05,-0.007414687019989749
2.06974e-05,-0.006695937019989749
2.06975e-05,-0.0008209370199897485
2.06976e-05,0.005304060980010251
2.06977e-05,0.007147810980010249
2.06978e-05,0.005304060980010251
2.06979e-05,0.0026790609800102505
2.0698e-05,0.001304060980010251
2.06981e-05,0.0011478109800102509
2.06982e-05,0.001304060980010251
2.06983e-05,0.00038219098001025104
2.06984e-05,-0.0026959370199897484
2.06985e-05,-0.006524062019989749
2.06986e-05,-0.006695937019989749
2.06987e-05,-0.0021803120199897497
2.06988e-05,0.001304060980010251
2.06989e-05,-7.093901998974847e-05
2.0699e-05,-0.0026959370199897484
2.06991e-05,-0.00263343701998975
2.06992e-05,-0.0026959370199897484
2.06993e-05,-0.005492812019989749
2.06994e-05,-0.006695937019989749
2.06995e-05,-0.0027740620199897485
2.06996e-05,0.001304060980010251
2.06997e-05,0.00030406098001025013
2.06998e-05,-0.0026959370199897484
2.06999e-05,-0.003180312019989749
2.07e-05,-0.0026959370199897484
2.07001e-05,-0.004445937019989749
2.07002e-05,-0.006695937019989749
2.07003e-05,-0.006164687019989749
2.07004e-05,-0.0026959370199897484
2.07005e-05,0.0006165609800102504
2.07006e-05,0.001304060980010251
2.07007e-05,-0.000664689019989749
2.07008e-05,-0.0026959370199897484
2.07009e-05,-0.0039928120199897495
2.0701e-05,-0.006695937019989749
2.07011e-05,-0.011555312219989749
2.07012e-05,-0.014695937019989749
2.07013e-05,-0.01222718701998975
2.07014e-05,-0.006695937019989749
2.07015e-05,-0.0029615620199897495
2.07016e-05,-0.0026959370199897484
2.07017e-05,-0.004477187019989749
2.07018e-05,-0.006695937019989749
2.07019e-05,-0.00783656201998975
2.0702e-05,-0.006695937019989749
2.07021e-05,-0.004164687019989749
2.07022e-05,-0.0026959370199897484
2.07023e-05,-0.00407093701998975
2.07024e-05,-0.006695937019989749
2.07025e-05,-0.00807093701998975
2.07026e-05,-0.006695937019989749
2.07027e-05,-0.0049303120199897495
2.07028e-05,-0.006695937019989749
2.07029e-05,-0.01189906201998975
2.0703e-05,-0.014695937019989749
2.07031e-05,-0.01130531221998975
2.07032e-05,-0.006695937019989749
2.07033e-05,-0.006649062019989749
2.07034e-05,-0.01069593723185075
2.07035e-05,-0.01405531201998975
2.07036e-05,-0.014695937019989749
2.07037e-05,-0.013180312019989749
2.07038e-05,-0.01069593723185075
2.07039e-05,-0.007164687019989749
2.0704e-05,-0.0026959370199897484
2.07041e-05,0.0009446909800102515
2.07042e-05,0.001304060980010251
2.07043e-05,-0.00249281201998975
2.07044e-05,-0.006695937019989749
2.07045e-05,-0.00808656201998975
2.07046e-05,-0.006695937019989749
2.07047e-05,-0.005774062019989749
2.07048e-05,-0.006695937019989749
2.07049e-05,-0.00807093701998975
2.0705e-05,-0.006695937019989749
2.07051e-05,-0.0031490620199897497
2.07052e-05,-0.0026959370199897484
2.07053e-05,-0.00793031201998975
2.07054e-05,-0.014695937019989749
2.07055e-05,-0.01685218701998975
2.07056e-05,-0.014695937019989749
2.07057e-05,-0.01188343701998975
2.07058e-05,-0.01069593723185075
2.07059e-05,-0.00966468701998975
2.0706e-05,-0.006695937019989749
2.07061e-05,-0.0021021870199897496
2.07062e-05,0.001304060980010251
2.07063e-05,0.0007259409800102513
2.07064e-05,-0.0026959370199897484
2.07065e-05,-0.0059771870199897496
2.07066e-05,-0.006695937019989749
2.07067e-05,-0.006258437019989749
2.07068e-05,-0.006695937019989749
2.07069e-05,-0.008930312019989749
2.0707e-05,-0.01069593723185075
2.07071e-05,-0.00969593701998975
2.07072e-05,-0.006695937019989749
2.07073e-05,-0.004742812019989749
2.07074e-05,-0.006695937019989749
2.07075e-05,-0.01121156221998975
2.07076e-05,-0.014695937019989749
2.07077e-05,-0.01411781201998975
2.07078e-05,-0.01069593723185075
2.07079e-05,-0.007617812019989749
2.0708e-05,-0.006695937019989749
2.07081e-05,-0.006164687019989749
2.07082e-05,-0.0026959370199897484
2.07083e-05,0.0028665609800102507
2.07084e-05,0.005304060980010251
2.07085e-05,0.0007415609800102505
2.07086e-05,-0.006695937019989749
2.07087e-05,-0.01107093721998975
2.07088e-05,-0.01069593723185075
2.07089e-05,-0.00835218701998975
2.0709e-05,-0.006695937019989749
2.07091e-05,-0.006305312019989749
2.07092e-05,-0.006695937019989749
2.07093e-05,-0.006914687019989749
2.07094e-05,-0.006695937019989749
2.07095e-05,-0.006305312019989749
2.07096e-05,-0.006695937019989749
2.07097e-05,-0.007242812019989749
2.07098e-05,-0.006695937019989749
2.07099e-05,-0.004774062019989749
2.071e-05,-0.0026959370199897484
2.07101e-05,-0.0020084370199897495
2.07102e-05,-0.0026959370199897484
2.07103e-05,-0.003352187019989749
2.07104e-05,-0.0026959370199897484
2.07105e-05,-0.0017271870199897493
2.07106e-05,-0.0026959370199897484
2.07107e-05,-0.005570937019989749
2.07108e-05,-0.006695937019989749
2.07109e-05,-0.003570937019989749
2.0711e-05,0.001304060980010251
2.07111e-05,0.00328844098001025
2.07112e-05,0.001304060980010251
2.07113e-05,-0.0019146870199897494
2.07114e-05,-0.0026959370199897484
2.07115e-05,-0.0005553090199897498
2.07116e-05,0.001304060980010251
2.07117e-05,0.0002571909800102509
2.07118e-05,-0.0026959370199897484
2.07119e-05,-0.004149062019989749
2.0712e-05,-0.0026959370199897484
2.07121e-05,-3.968901998974844e-05
2.07122e-05,0.001304060980010251
2.07123e-05,0.0009915609800102507
2.07124e-05,0.001304060980010251
2.07125e-05,0.004382190980010251
2.07126e-05,0.009304060980010251
2.07127e-05,0.01192906098001025
2.07128e-05,0.009304060980010251
2.07129e-05,0.00230406098001025
2.0713e-05,-0.0026959370199897484
2.07131e-05,-0.0021959370199897497
2.07132e-05,0.001304060980010251
2.07133e-05,0.0037103109800102514
2.07134e-05,0.005304060980010251
2.07135e-05,0.0066946909800102514
2.07136e-05,0.005304060980010251
2.07137e-05,-0.0004928090199897497
2.07138e-05,-0.006695937019989749
2.07139e-05,-0.00828968701998975
2.0714e-05,-0.006695937019989749
2.07141e-05,-0.004617812019989749
2.07142e-05,-0.0026959370199897484
2.07143e-05,-0.0003053090199897496
2.07144e-05,0.001304060980010251
2.07145e-05,0.001272810980010251
2.07146e-05,0.001304060980010251
2.07147e-05,0.003054060980010251
2.07148e-05,0.005304060980010251
2.07149e-05,0.005866560980010252
2.0715e-05,0.005304060980010251
2.07151e-05,0.0038509409800102506
2.07152e-05,0.001304060980010251
2.07153e-05,-0.0018990620199897494
2.07154e-05,-0.0026959370199897484
2.07155e-05,-0.0003521890199897487
2.07156e-05,0.001304060980010251
2.07157e-05,-0.00039905901998974966
2.07158e-05,-0.0026959370199897484
2.07159e-05,-0.0018990620199897494
2.0716e-05,0.001304060980010251
2.07161e-05,0.003054060980010251
2.07162e-05,0.001304060980010251
2.07163e-05,-0.0019928120199897495
2.07164e-05,-0.0026959370199897484
2.07165e-05,-8.655901998974938e-05
2.07166e-05,0.001304060980010251
2.07167e-05,-0.0019615620199897495
2.07168e-05,-0.006695937019989749
2.07169e-05,-0.00813343701998975
2.0717e-05,-0.006695937019989749
2.07171e-05,-0.004727187019989749
2.07172e-05,-0.0026959370199897484
2.07173e-05,-0.00013343901998974853
2.07174e-05,0.001304060980010251
2.07175e-05,-8.439019989748414e-06
2.07176e-05,-0.0026959370199897484
2.07177e-05,-0.00405531201998975
2.07178e-05,-0.0026959370199897484
2.07179e-05,3.844098001025073e-05
2.0718e-05,0.001304060980010251
2.07181e-05,-0.0003053090199897496
2.07182e-05,-0.0026959370199897484
2.07183e-05,-0.003508437019989749
2.07184e-05,-0.0026959370199897484
2.07185e-05,-0.0019771870199897495
2.07186e-05,-0.0026959370199897484
2.07187e-05,-0.0036646870199897492
2.07188e-05,-0.0026959370199897484
2.07189e-05,0.00014781098001025
2.0719e-05,0.001304060980010251
2.07191e-05,-0.0007896870199897484
2.07192e-05,-0.0026959370199897484
2.07193e-05,-0.001383437019989749
2.07194e-05,0.001304060980010251
2.07195e-05,0.0019446909800102507
2.07196e-05,0.001304060980010251
2.07197e-05,0.002100940980010251
2.07198e-05,0.005304060980010251
2.07199e-05,0.007663440980010252
2.072e-05,0.005304060980010251
2.07201e-05,-0.0015709370199897491
2.07202e-05,-0.006695937019989749
2.07203e-05,-0.0059459370199897495
2.07204e-05,-0.0026959370199897484
2.07205e-05,-0.0017428120199897493
2.07206e-05,-0.0026959370199897484
2.07207e-05,-0.0018521870199897494
2.07208e-05,0.001304060980010251
2.07209e-05,0.003366560980010251
2.0721e-05,0.001304060980010251
2.07211e-05,-0.0036646870199897492
2.07212e-05,-0.006695937019989749
2.07213e-05,-0.004289687019989749
2.07214e-05,0.001304060980010251
2.07215e-05,0.004319690980010251
2.07216e-05,0.001304060980010251
2.07217e-05,-0.004789687019989749
2.07218e-05,-0.006695937019989749
2.07219e-05,-0.00238343701998975
2.0722e-05,0.001304060980010251
2.07221e-05,-0.0005084390199897489
2.07222e-05,-0.0026959370199897484
2.07223e-05,0.0004759409800102511
2.07224e-05,0.005304060980010251
2.07225e-05,0.005116560980010251
2.07226e-05,0.001304060980010251
2.07227e-05,-0.001492812019989749
2.07228e-05,-0.0026959370199897484
2.07229e-05,-0.003570937019989749
2.0723e-05,-0.0026959370199897484
2.07231e-05,5.406098001024991e-05
2.07232e-05,0.001304060980010251
2.07233e-05,-0.0007428120199897484
2.07234e-05,-0.0026959370199897484
2.07235e-05,-0.0012896870199897489
2.07236e-05,0.001304060980010251
2.07237e-05,0.00113219098001025
2.07238e-05,-0.0026959370199897484
2.07239e-05,-0.0068209370199897494
2.0724e-05,-0.006695937019989749
2.07241e-05,-0.0022271870199897497
2.07242e-05,0.001304060980010251
2.07243e-05,0.0011165609800102509
2.07244e-05,0.001304060980010251
2.07245e-05,0.004319690980010251
2.07246e-05,0.005304060980010251
2.07247e-05,-0.00013343901998974853
2.07248e-05,-0.006695937019989749
2.07249e-05,-0.007227187019989749
2.0725e-05,-0.0026959370199897484
2.07251e-05,0.0009915609800102507
2.07252e-05,0.001304060980010251
2.07253e-05,-0.0005709390199897489
2.07254e-05,-0.0026959370199897484
2.07255e-05,-0.003477187019989749
2.07256e-05,-0.0026959370199897484
2.07257e-05,-0.0015709370199897491
2.07258e-05,-0.0026959370199897484
2.07259e-05,-0.005633437019989749
2.0726e-05,-0.006695937019989749
2.07261e-05,-0.003508437019989749
2.07262e-05,0.001304060980010251
2.07263e-05,0.004257190980010251
2.07264e-05,0.005304060980010251
2.07265e-05,0.005819690980010251
2.07266e-05,0.005304060980010251
2.07267e-05,0.0029915609800102508
2.07268e-05,0.001304060980010251
2.07269e-05,0.0014915609800102512
2.0727e-05,0.001304060980010251
2.07271e-05,-5.530901998974935e-05
2.07272e-05,0.001304060980010251
2.07273e-05,0.006335310980010252
2.07274e-05,0.009304060980010251
2.07275e-05,0.005850940980010251
2.07276e-05,0.001304060980010251
2.07277e-05,0.0016321909800102504
2.07278e-05,0.005304060980010251
2.07279e-05,0.0068196909800102515
2.0728e-05,0.005304060980010251
2.07281e-05,0.0028978109800102507
2.07282e-05,0.001304060980010251
2.07283e-05,-0.0003053090199897496
2.07284e-05,-0.0026959370199897484
2.07285e-05,-0.005336562019989749
2.07286e-05,-0.006695937019989749
2.07287e-05,-0.005289687019989749
2.07288e-05,-0.0026959370199897484
2.07289e-05,-0.0013053120199897489
2.0729e-05,-0.0026959370199897484
2.07291e-05,-0.005492812019989749
2.07292e-05,-0.006695937019989749
2.07293e-05,-0.00500843701998975
2.07294e-05,-0.0026959370199897484
2.07295e-05,-0.0012584370199897488
2.07296e-05,0.001304060980010251
2.07297e-05,0.00494469098001025
2.07298e-05,0.005304060980010251
2.07299e-05,-0.0003365590199897496
2.073e-05,-0.006695937019989749
2.07301e-05,-0.00807093701998975
2.07302e-05,-0.006695937019989749
2.07303e-05,-0.006445937019989749
2.07304e-05,-0.006695937019989749
2.07305e-05,-0.00500843701998975
2.07306e-05,-0.0026959370199897484
2.07307e-05,-0.0011334370199897487
2.07308e-05,0.001304060980010251
2.07309e-05,0.0057728109800102515
2.0731e-05,0.009304060980010251
2.07311e-05,0.00850719098001025
2.07312e-05,0.005304060980010251
2.07313e-05,0.002444690980010251
2.07314e-05,0.001304060980010251
2.07315e-05,0.0008509409800102515
2.07316e-05,0.001304060980010251
2.07317e-05,0.0019446909800102507
2.07318e-05,0.001304060980010251
2.07319e-05,-0.0009771870199897486
2.0732e-05,-0.0026959370199897484
2.07321e-05,-0.00241468701998975
2.07322e-05,-0.0026959370199897484
2.07323e-05,-0.004789687019989749
2.07324e-05,-0.006695937019989749
2.07325e-05,-0.005508437019989749
2.07326e-05,-0.0026959370199897484
2.07327e-05,-0.00025843901998974864
2.07328e-05,0.001304060980010251
2.07329e-05,0.003147810980010251
2.0733e-05,0.005304060980010251
2.07331e-05,0.006335310980010252
2.07332e-05,0.005304060980010251
2.07333e-05,0.0036321909800102505
2.07334e-05,0.005304060980010251
2.07335e-05,0.010194690980010251
2.07336e-05,0.013304060980010251
2.07337e-05,0.010397810980010252
2.07338e-05,0.005304060980010251
2.07339e-05,0.0034446909800102503
2.0734e-05,0.005304060980010251
2.07341e-05,0.006913440980010252
2.07342e-05,0.005304060980010251
2.07343e-05,0.0018978109800102515
2.07344e-05,0.001304060980010251
2.07345e-05,0.005054060980010251
2.07346e-05,0.009304060980010251
2.07347e-05,0.010163440980010251
2.07348e-05,0.009304060980010251
2.07349e-05,0.009366560980010251
2.0735e-05,0.009304060980010251
2.07351e-05,0.006319690980010251
2.07352e-05,0.001304060980010251
2.07353e-05,-0.00235218701998975
2.07354e-05,-0.0026959370199897484
2.07355e-05,-0.0004615590199897497
2.07356e-05,0.001304060980010251
2.07357e-05,0.001304060980010251
2.07358e-05,0.001304060980010251
2.07359e-05,0.00331969098001025
2.0736e-05,0.005304060980010251
2.07361e-05,0.00544469098001025
2.07362e-05,0.005304060980010251
2.07363e-05,0.005960310980010252
2.07364e-05,0.005304060980010251
2.07365e-05,0.002413440980010251
2.07366e-05,0.001304060980010251
2.07367e-05,0.0046165609800102505
2.07368e-05,0.009304060980010251
2.07369e-05,0.009835310980010252
2.0737e-05,0.005304060980010251
2.07371e-05,0.0004759409800102511
2.07372e-05,0.001304060980010251
2.07373e-05,0.007054060980010249
2.07374e-05,0.009304060980010251
2.07375e-05,0.0036478109800102514
2.07376e-05,-0.0026959370199897484
2.07377e-05,-0.001352187019989749
2.07378e-05,0.005304060980010251
2.07379e-05,0.00969469098001025
2.0738e-05,0.009304060980010251
2.07381e-05,0.006772810980010252
2.07382e-05,0.005304060980010251
2.07383e-05,0.00525719098001025
2.07384e-05,0.005304060980010251
2.07385e-05,0.004835310980010251
2.07386e-05,0.005304060980010251
2.07387e-05,0.006647810980010252
2.07388e-05,0.005304060980010251
2.07389e-05,0.0002571909800102509
2.0739e-05,-0.0026959370199897484
2.07391e-05,0.0006634409800102513
2.07392e-05,0.005304060980010251
2.07393e-05,0.006007190980010251
2.07394e-05,0.005304060980010251
2.07395e-05,0.007116560980010249
2.07396e-05,0.009304060980010251
2.07397e-05,0.00808531098001025
2.07398e-05,0.005304060980010251
2.07399e-05,0.004444690980010251
2.074e-05,0.005304060980010251
2.07401e-05,0.005616560980010251
2.07402e-05,0.005304060980010251
2.07403e-05,0.005147810980010251
2.07404e-05,0.005304060980010251
2.07405e-05,0.005429060980010251
2.07406e-05,0.005304060980010251
2.07407e-05,0.005210310980010251
2.07408e-05,0.005304060980010251
2.07409e-05,0.00553844098001025
2.0741e-05,0.005304060980010251
2.07411e-05,0.0048196909800102515
2.07412e-05,0.005304060980010251
2.07413e-05,0.007304060980010249
2.07414e-05,0.009304060980010251
2.07415e-05,0.009772810980010252
2.07416e-05,0.009304060980010251
2.07417e-05,0.008991560980010251
2.07418e-05,0.009304060980010251
2.07419e-05,0.009397810980010251
2.0742e-05,0.009304060980010251
2.07421e-05,0.00906969098001025
2.07422e-05,0.009304060980010251
2.07423e-05,0.00960094098001025
2.07424e-05,0.009304060980010251
2.07425e-05,0.007757190980010252
2.07426e-05,0.005304060980010251
2.07427e-05,0.0029759409800102516
2.07428e-05,0.001304060980010251
2.07429e-05,0.0007571909800102514
2.0743e-05,0.001304060980010251
2.07431e-05,0.0029915609800102508
2.07432e-05,0.005304060980010251
2.07433e-05,0.007663440980010252
2.07434e-05,0.009304060980010251
2.07435e-05,0.00981969098001025
2.07436e-05,0.009304060980010251
2.07437e-05,0.00771031098001025
2.07438e-05,0.005304060980010251
2.07439e-05,0.0027571909800102514
2.0744e-05,0.001304060980010251
2.07441e-05,0.00211656098001025
2.07442e-05,0.005304060980010251
2.07443e-05,0.00872594098001025
2.07444e-05,0.009304060980010251
2.07445e-05,0.006804060980010252
2.07446e-05,0.005304060980010251
2.07447e-05,0.007272810980010249
2.07448e-05,0.009304060980010251
2.07449e-05,0.007882190980010252
2.0745e-05,0.005304060980010251
2.07451e-05,0.0047571909800102515
2.07452e-05,0.005304060980010251
2.07453e-05,0.00497594098001025
2.07454e-05,0.005304060980010251
2.07455e-05,0.00755406098001025
2.07456e-05,0.009304060980010251
2.07457e-05,0.00799156098001025
2.07458e-05,0.005304060980010251
2.07459e-05,0.00417906098001025
2.0746e-05,0.005304060980010251
2.07461e-05,0.006429060980010252
2.07462e-05,0.005304060980010251
2.07463e-05,0.0024290609800102503
2.07464e-05,0.001304060980010251
2.07465e-05,0.003304060980010251
2.07466e-05,0.005304060980010251
2.07467e-05,0.004100940980010251
2.07468e-05,0.001304060980010251
2.07469e-05,0.00038219098001025104
2.0747e-05,0.001304060980010251
2.07471e-05,0.0019290609800102516
2.07472e-05,0.001304060980010251
2.07473e-05,-0.0003521890199897487
2.07474e-05,-0.0026959370199897484
2.07475e-05,-0.004149062019989749
2.07476e-05,-0.0026959370199897484
2.07477e-05,0.0015540609800102512
2.07478e-05,0.005304060980010251
2.07479e-05,0.004991560980010251
2.0748e-05,0.001304060980010251
2.07481e-05,-0.00239906201998975
2.07482e-05,-0.0026959370199897484
2.07483e-05,-0.00014905901998974944
2.07484e-05,0.001304060980010251
2.07485e-05,-0.001414687019989749
2.07486e-05,-0.006695937019989749
2.07487e-05,-0.01053968721998975
2.07488e-05,-0.01069593723185075
2.07489e-05,-0.00828968701998975
2.0749e-05,-0.006695937019989749
2.07491e-05,-0.006789687019989749
2.07492e-05,-0.006695937019989749
2.07493e-05,-0.004742812019989749
2.07494e-05,-0.0026959370199897484
2.07495e-05,-0.003289687019989749
2.07496e-05,-0.006695937019989749
2.07497e-05,-0.010055312219989749
2.07498e-05,-0.01069593723185075
2.07499e-05,-0.008617812019989748
2.075e-05,-0.006695937019989749
2.07501e-05,-0.006617812019989749
2.07502e-05,-0.006695937019989749
2.07503e-05,-0.0049615620199897495
2.07504e-05,-0.0026959370199897484
2.07505e-05,-0.0022115620199897497
2.07506e-05,-0.0026959370199897484
2.07507e-05,-0.0027740620199897485
2.07508e-05,-0.0026959370199897484
2.07509e-05,-0.003258437019989749
2.0751e-05,-0.0026959370199897484
2.07511e-05,-0.001352187019989749
2.07512e-05,-0.0026959370199897484
2.07513e-05,-0.007524062019989749
2.07514e-05,-0.01069593723185075
2.07515e-05,-0.008789687019989749
2.07516e-05,-0.006695937019989749
2.07517e-05,-0.00860218701998975
2.07518e-05,-0.01069593723185075
2.07519e-05,-0.00789906201998975
2.0752e-05,-0.0026959370199897484
2.07521e-05,0.0002259409800102509
2.07522e-05,0.001304060980010251
2.07523e-05,0.00202281098001025
2.07524e-05,0.001304060980010251
2.07525e-05,-0.00249281201998975
2.07526e-05,-0.006695937019989749
2.07527e-05,-0.00811781201998975
2.07528e-05,-0.006695937019989749
2.07529e-05,-0.005399062019989749
2.0753e-05,-0.006695937019989749
2.07531e-05,-0.009742812219989749
2.07532e-05,-0.01069593723185075
2.07533e-05,-0.007352187019989749
2.07534e-05,-0.0026959370199897484
2.07535e-05,-0.0008834370199897485
2.07536e-05,-0.0026959370199897484
2.07537e-05,-0.005602187019989749
2.07538e-05,-0.006695937019989749
2.07539e-05,-0.006227187019989749
2.0754e-05,-0.006695937019989749
2.07541e-05,-0.008945937019989749
2.07542e-05,-0.01069593723185075
2.07543e-05,-0.00950843701998975
2.07544e-05,-0.006695937019989749
2.07545e-05,-0.005352187019989749
2.07546e-05,-0.006695937019989749
2.07547e-05,-0.00828968701998975
2.07548e-05,-0.006695937019989749
2.07549e-05,-0.0020553120199897496
2.0755e-05,0.001304060980010251
2.07551e-05,2.2810980010251614e-05
2.07552e-05,-0.0026959370199897484
2.07553e-05,-0.003289687019989749
2.07554e-05,-0.0026959370199897484
2.07555e-05,-0.00405531201998975
2.07556e-05,-0.006695937019989749
2.07557e-05,-0.008836562019989749
2.07558e-05,-0.01069593723185075
2.07559e-05,-0.01199281201998975
2.0756e-05,-0.01069593723185075
2.07561e-05,-0.006149062019989749
2.07562e-05,-0.0026959370199897484
2.07563e-05,-0.003524062019989749
2.07564e-05,-0.006695937019989749
2.07565e-05,-0.00807093701998975
2.07566e-05,-0.006695937019989749
2.07567e-05,-0.004367812019989749
2.07568e-05,-0.0026959370199897484
2.07569e-05,-0.0022896870199897498
2.0757e-05,-0.0026959370199897484
2.07571e-05,-0.003274062019989749
2.07572e-05,-0.0026959370199897484
2.07573e-05,-0.0017428120199897493
2.07574e-05,-0.0026959370199897484
2.07575e-05,-0.005570937019989749
2.07576e-05,-0.006695937019989749
2.07577e-05,-0.004461562019989749
2.07578e-05,-0.0026959370199897484
2.07579e-05,-0.004461562019989749
2.0758e-05,-0.006695937019989749
2.07581e-05,-0.005508437019989749
2.07582e-05,-0.0026959370199897484
2.07583e-05,-0.0018990620199897494
2.07584e-05,-0.0026959370199897484
2.07585e-05,-0.0030084370199897495
2.07586e-05,-0.0026959370199897484
2.07587e-05,-0.0027271870199897484
2.07588e-05,-0.0026959370199897484
2.07589e-05,-0.00238343701998975
2.0759e-05,-0.0026959370199897484
2.07591e-05,-0.004399062019989749
2.07592e-05,-0.006695937019989749
2.07593e-05,-0.0078053120199897495
2.07594e-05,-0.006695937019989749
2.07595e-05,-0.004274062019989749
2.07596e-05,-0.0026959370199897484
2.07597e-05,-0.0027271870199897484
2.07598e-05,-0.0026959370199897484
2.07599e-05,-0.0009771870199897486
2.076e-05,0.001304060980010251
2.07601e-05,0.00106969098001025
2.07602e-05,-0.0026959370199897484
2.07603e-05,-0.00796156201998975
2.07604e-05,-0.01069593723185075
2.07605e-05,-0.00838343701998975
2.07606e-05,-0.0026959370199897484
2.07607e-05,0.0017103109800102514
2.07608e-05,0.001304060980010251
2.07609e-05,-0.0031334370199897496
2.0761e-05,-0.006695937019989749
2.07611e-05,-0.005789687019989749
2.07612e-05,-0.0026959370199897484
2.07613e-05,-0.0012428120199897488
2.07614e-05,-0.0026959370199897484
2.07615e-05,-0.005242812019989749
2.07616e-05,-0.006695937019989749
2.07617e-05,-0.005758437019989749
2.07618e-05,-0.0026959370199897484
2.07619e-05,0.0016165609800102513
2.0762e-05,0.005304060980010251
2.07621e-05,0.006647810980010252
2.07622e-05,0.005304060980010251
2.07623e-05,0.0024915609800102503
2.07624e-05,0.001304060980010251
2.07625e-05,0.0027884409800102514
2.07626e-05,0.005304060980010251
2.07627e-05,0.006116560980010252
2.07628e-05,0.005304060980010251
2.07629e-05,0.00433531098001025
2.0763e-05,0.005304060980010251
2.07631e-05,0.006804060980010252
2.07632e-05,0.005304060980010251
2.07633e-05,0.0004915609800102503
2.07634e-05,-0.0026959370199897484
2.07635e-05,-0.0010240620199897486
2.07636e-05,0.001304060980010251
2.07637e-05,-5.530901998974935e-05
2.07638e-05,-0.0026959370199897484
2.07639e-05,-0.0019771870199897495
2.0764e-05,0.001304060980010251
2.07641e-05,0.0038509409800102506
2.07642e-05,0.005304060980010251
2.07643e-05,0.006022810980010252
2.07644e-05,0.005304060980010251
2.07645e-05,0.0027884409800102514
2.07646e-05,0.001304060980010251
2.07647e-05,0.0018353109800102515
2.07648e-05,0.001304060980010251
2.07649e-05,-0.00260218701998975
2.0765e-05,-0.006695937019989749
2.07651e-05,-0.007508437019989749
2.07652e-05,-0.006695937019989749
2.07653e-05,-0.005602187019989749
2.07654e-05,-0.0026959370199897484
2.07655e-05,0.0027103109800102505
2.07656e-05,0.005304060980010251
2.07657e-05,0.0019134409800102507
2.07658e-05,-0.0026959370199897484
2.07659e-05,-0.00252406201998975
2.0766e-05,0.001304060980010251
2.07661e-05,0.004288440980010251
2.07662e-05,0.005304060980010251
2.07663e-05,0.00544469098001025
2.07664e-05,0.005304060980010251
2.07665e-05,0.004663440980010251
2.07666e-05,0.005304060980010251
2.07667e-05,0.006663440980010251
2.07668e-05,0.005304060980010251
2.07669e-05,0.0014446909800102502
2.0767e-05,0.001304060980010251
2.07671e-05,0.006507190980010251
2.07672e-05,0.009304060980010251
2.07673e-05,0.003944690980010251
2.07674e-05,-0.0026959370199897484
2.07675e-05,-0.0015865620199897491
2.07676e-05,0.005304060980010251
2.07677e-05,0.010147810980010252
2.07678e-05,0.009304060980010251
2.07679e-05,0.004929060980010251
2.0768e-05,0.001304060980010251
2.07681e-05,0.0004759409800102511
2.07682e-05,0.001304060980010251
2.07683e-05,0.0025540609800102504
2.07684e-05,0.005304060980010251
2.07685e-05,0.00889781098001025
2.07686e-05,0.009304060980010251
2.07687e-05,0.004710310980010251
2.07688e-05,0.001304060980010251
2.07689e-05,0.003147810980010251
2.0769e-05,0.005304060980010251
2.07691e-05,0.00233531098001025
2.07692e-05,-0.0026959370199897484
2.07693e-05,-0.004289687019989749
2.07694e-05,-0.0026959370199897484
2.07695e-05,-0.0016803120199897492
2.07696e-05,-0.0026959370199897484
2.07697e-05,-0.003586562019989749
2.07698e-05,-0.0026959370199897484
2.07699e-05,-0.00024280901998974952
2.077e-05,0.001304060980010251
2.07701e-05,0.00016344098001025084
2.07702e-05,-0.0026959370199897484
2.07703e-05,-0.004227187019989749
2.07704e-05,-0.0026959370199897484
2.07705e-05,0.0002728109800102501
2.07706e-05,0.001304060980010251
2.07707e-05,-0.0007740620199897484
2.07708e-05,-0.0026959370199897484
2.07709e-05,-0.001524062019989749
2.0771e-05,0.001304060980010251
2.07711e-05,0.0025540609800102504
2.07712e-05,0.001304060980010251
2.07713e-05,-0.0010709370199897487
2.07714e-05,-0.0026959370199897484
2.07715e-05,-0.0031021870199897496
2.07716e-05,-0.0026959370199897484
2.07717e-05,-0.001492812019989749
2.07718e-05,0.001304060980010251
2.07719e-05,0.004569690980010251
2.0772e-05,0.005304060980010251
2.07721e-05,0.0018196909800102506
2.07722e-05,-0.0026959370199897484
2.07723e-05,-0.004149062019989749
2.07724e-05,-0.0026959370199897484
2.07725e-05,-0.001336562019989749
2.07726e-05,-0.0026959370199897484
2.07727e-05,-0.005789687019989749
2.07728e-05,-0.006695937019989749
2.07729e-05,-0.003352187019989749
2.0773e-05,0.001304060980010251
2.07731e-05,0.00408531098001025
2.07732e-05,0.005304060980010251
2.07733e-05,0.006147810980010252
2.07734e-05,0.005304060980010251
2.07735e-05,0.0013196909800102501
2.07736e-05,-0.0026959370199897484
2.07737e-05,-0.0038365620199897494
2.07738e-05,-0.0026959370199897484
2.07739e-05,-0.0011021870199897487
2.0774e-05,0.001304060980010251
2.07741e-05,0.00436656098001025
2.07742e-05,0.005304060980010251
2.07743e-05,0.002288440980010251
2.07744e-05,-0.0026959370199897484
2.07745e-05,-0.0059615620199897496
2.07746e-05,-0.006695937019989749
2.07747e-05,-0.005383437019989749
2.07748e-05,-0.0026959370199897484
2.07749e-05,0.001210310980010251
2.0775e-05,0.005304060980010251
2.07751e-05,0.00806969098001025
2.07752e-05,0.009304060980010251
2.07753e-05,0.00833531098001025
2.07754e-05,0.005304060980010251
2.07755e-05,0.0018509409800102506
2.07756e-05,0.001304060980010251
2.07757e-05,0.0037884409800102506
2.07758e-05,0.005304060980010251
2.07759e-05,0.00233531098001025
2.0776e-05,-0.0026959370199897484
2.07761e-05,-0.00500843701998975
2.07762e-05,-0.0026959370199897484
2.07763e-05,0.002100940980010251
2.07764e-05,0.005304060980010251
2.07765e-05,0.0056009409800102505
2.07766e-05,0.005304060980010251
2.07767e-05,0.005757190980010251
2.07768e-05,0.005304060980010251
2.07769e-05,0.0016634409800102504
2.0777e-05,-0.0026959370199897484
2.07771e-05,-0.004211562019989749
2.07772e-05,-0.0026959370199897484
2.07773e-05,-0.00039905901998974966
2.07774e-05,0.001304060980010251
2.07775e-05,0.0010384409800102516
2.07776e-05,-0.0026959370199897484
2.07777e-05,-0.00816468701998975
2.07778e-05,-0.01069593723185075
2.07779e-05,-0.007555312019989749
2.0778e-05,-0.0026959370199897484
2.07781e-05,-0.0010084370199897486
2.07782e-05,-0.0026959370199897484
2.07783e-05,-0.004180312019989749
2.07784e-05,-0.0026959370199897484
2.07785e-05,0.0004759409800102511
2.07786e-05,0.001304060980010251
2.07787e-05,-0.0021959370199897497
2.07788e-05,-0.006695937019989749
2.07789e-05,-0.00828968701998975
2.0779e-05,-0.006695937019989749
2.07791e-05,-0.004242812019989749
2.07792e-05,-0.0026959370199897484
2.07793e-05,-0.0021490620199897496
2.07794e-05,-0.0026959370199897484
2.07795e-05,-0.004399062019989749
2.07796e-05,-0.006695937019989749
2.07797e-05,-0.00789906201998975
2.07798e-05,-0.006695937019989749
2.07799e-05,-0.0029303120199897495
2.078e-05,0.001304060980010251
2.07801e-05,0.0028978109800102507
2.07802e-05,0.001304060980010251
2.07803e-05,-0.0016803120199897492
2.07804e-05,-0.0026959370199897484
2.07805e-05,-0.0009303120199897486
2.07806e-05,0.001304060980010251
2.07807e-05,0.0007415609800102505
2.07808e-05,-0.0026959370199897484
2.07809e-05,-0.006305312019989749
2.0781e-05,-0.006695937019989749
2.07811e-05,-0.00407093701998975
2.07812e-05,-0.0026959370199897484
2.07813e-05,-0.004617812019989749
2.07814e-05,-0.006695937019989749
2.07815e-05,-0.005508437019989749
2.07816e-05,-0.0026959370199897484
2.07817e-05,-0.0016803120199897492
2.07818e-05,-0.0026959370199897484
2.07819e-05,-0.003289687019989749
2.0782e-05,-0.0026959370199897484
2.07821e-05,-0.0020084370199897495
2.07822e-05,-0.0026959370199897484
2.07823e-05,-0.004836562019989749
2.07824e-05,-0.006695937019989749
2.07825e-05,-0.0059771870199897496
2.07826e-05,-0.0026959370199897484
2.07827e-05,0.0015540609800102512
2.07828e-05,0.005304060980010251
2.07829e-05,0.006741560980010252
2.0783e-05,0.005304060980010251
2.07831e-05,0.002100940980010251
2.07832e-05,0.001304060980010251
2.07833e-05,0.0037103109800102514
2.07834e-05,0.005304060980010251
2.07835e-05,0.00233531098001025
2.07836e-05,-0.0026959370199897484
2.07837e-05,-0.005758437019989749
2.07838e-05,-0.006695937019989749
2.07839e-05,-0.006930312019989749
2.0784e-05,-0.006695937019989749
2.07841e-05,-0.004711562019989749
2.07842e-05,-0.0026959370199897484
2.07843e-05,-0.0011959370199897488
2.07844e-05,0.001304060980010251
2.07845e-05,0.004663440980010251
2.07846e-05,0.005304060980010251
2.07847e-05,0.0023978109800102503
2.07848e-05,0.001304060980010251
2.07849e-05,0.00506969098001025
2.0785e-05,0.009304060980010251
2.07851e-05,0.00755406098001025
2.07852e-05,0.001304060980010251
2.07853e-05,-0.003492812019989749
2.07854e-05,-0.0026959370199897484
2.07855e-05,0.0018821909800102506
2.07856e-05,0.005304060980010251
2.07857e-05,0.00442906098001025
2.07858e-05,0.001304060980010251
2.07859e-05,-0.0001021890199897485
2.0786e-05,0.001304060980010251
2.07861e-05,0.0028196909800102515
2.07862e-05,0.001304060980010251
2.07863e-05,-0.0030709370199897496
2.07864e-05,-0.006695937019989749
2.07865e-05,-0.006305312019989749
2.07866e-05,-0.0026959370199897484
2.07867e-05,0.0007259409800102513
2.07868e-05,0.001304060980010251
2.07869e-05,-0.000633439019989749
2.0787e-05,-0.0026959370199897484
2.07871e-05,-0.003195937019989749
2.07872e-05,-0.0026959370199897484
2.07873e-05,-0.0023053120199897498
2.07874e-05,-0.0026959370199897484
2.07875e-05,-0.0029615620199897495
2.07876e-05,-0.0026959370199897484
2.07877e-05,-0.0021646870199897496
2.07878e-05,-0.0026959370199897484
2.07879e-05,-0.0037115620199897493
2.0788e-05,-0.0026959370199897484
2.07881e-05,0.001241560980010251
2.07882e-05,0.005304060980010251
2.07883e-05,0.007132190980010252
2.07884e-05,0.009304060980010251
2.07885e-05,0.01261656098001025
2.07886e-05,0.013304060980010251
2.07887e-05,0.007944690980010249
2.07888e-05,0.001304060980010251
2.07889e-05,-0.0019303120199897494
2.0789e-05,-0.0026959370199897484
2.07891e-05,-0.003555312019989749
2.07892e-05,-0.0026959370199897484
2.07893e-05,0.0014446909800102502
2.07894e-05,0.005304060980010251
2.07895e-05,0.0048509409800102515
2.07896e-05,0.001304060980010251
2.07897e-05,-0.001524062019989749
2.07898e-05,-0.0026959370199897484
2.07899e-05,-0.0028521870199897485
2.079e-05,-0.0026959370199897484
2.07901e-05,-0.00250843701998975
2.07902e-05,-0.0026959370199897484
2.07903e-05,-0.0030396870199897496
2.07904e-05,-0.0026959370199897484
2.07905e-05,-0.0008990620199897485
2.07906e-05,0.001304060980010251
2.07907e-05,0.00233531098001025
2.07908e-05,0.001304060980010251
2.07909e-05,-0.0011021870199897487
2.0791e-05,-0.0026959370199897484
2.07911e-05,-0.0018209370199897493
2.07912e-05,0.001304060980010251
2.07913e-05,0.004350940980010251
2.07914e-05,0.005304060980010251
2.07915e-05,0.0035384409800102504
2.07916e-05,0.001304060980010251
2.07917e-05,0.0004915609800102503
2.07918e-05,0.001304060980010251
2.07919e-05,0.0020384409800102508
2.0792e-05,0.001304060980010251
2.07921e-05,-0.0007271870199897484
2.07922e-05,-0.0026959370199897484
2.07923e-05,-0.003352187019989749
2.07924e-05,-0.0026959370199897484
2.07925e-05,-0.0018990620199897494
2.07926e-05,-0.0026959370199897484
2.07927e-05,-0.00405531201998975
2.07928e-05,-0.0026959370199897484
2.07929e-05,0.0019915609800102516
2.0793e-05,0.005304060980010251
2.07931e-05,0.0038509409800102506
2.07932e-05,0.001304060980010251
2.07933e-05,0.0011478109800102509
2.07934e-05,0.001304060980010251
2.07935e-05,-0.0010084370199897486
2.07936e-05,-0.0026959370199897484
2.07937e-05,-0.0009303120199897486
2.07938e-05,0.001304060980010251
2.07939e-05,8.531098001024993e-05
2.0794e-05,-0.0026959370199897484
2.07941e-05,-0.003508437019989749
2.07942e-05,-0.0026959370199897484
2.07943e-05,-0.00238343701998975
2.07944e-05,-0.0026959370199897484
2.07945e-05,-0.0027115620199897484
2.07946e-05,-0.0026959370199897484
2.07947e-05,-0.0028990620199897494
2.07948e-05,-0.0026959370199897484
2.07949e-05,-0.0021334370199897496
2.0795e-05,-0.0026959370199897484
2.07951e-05,-0.004852187019989749
2.07952e-05,-0.006695937019989749
2.07953e-05,-0.0058365620199897494
2.07954e-05,-0.0026959370199897484
2.07955e-05,0.0002728109800102501
2.07956e-05,0.001304060980010251
2.07957e-05,-0.0002115590199897495
2.07958e-05,-0.0026959370199897484
2.07959e-05,-0.00407093701998975
2.0796e-05,-0.0026959370199897484
2.07961e-05,0.0002571909800102509
2.07962e-05,0.001304060980010251
2.07963e-05,-0.0016803120199897492
2.07964e-05,-0.006695937019989749
2.07965e-05,-0.010227187219989749
2.07966e-05,-0.01069593723185075
2.07967e-05,-0.008836562019989749
2.07968e-05,-0.006695937019989749
2.07969e-05,-0.004852187019989749
2.0797e-05,-0.0026959370199897484
2.07971e-05,-0.00018030901998974946
2.07972e-05,0.001304060980010251
2.07973e-05,0.0002259409800102509
2.07974e-05,-0.0026959370199897484
2.07975e-05,-0.005492812019989749
2.07976e-05,-0.006695937019989749
2.07977e-05,-0.006742812019989749
2.07978e-05,-0.006695937019989749
2.07979e-05,-0.007008437019989749
2.0798e-05,-0.006695937019989749
2.07981e-05,-0.0049615620199897495
2.07982e-05,-0.0026959370199897484
2.07983e-05,-0.0016803120199897492
2.07984e-05,-0.0026959370199897484
2.07985e-05,-0.00500843701998975
2.07986e-05,-0.006695937019989749
2.07987e-05,-0.006945937019989749
2.07988e-05,-0.006695937019989749
2.07989e-05,-0.006852187019989749
2.0799e-05,-0.006695937019989749
2.07991e-05,-0.00607093701998975
2.07992e-05,-0.006695937019989749
2.07993e-05,-0.009180312019989749
2.07994e-05,-0.01069593723185075
2.07995e-05,-0.009164687019989749
2.07996e-05,-0.006695937019989749
2.07997e-05,-0.00600843701998975
2.07998e-05,-0.006695937019989749
2.07999e-05,-0.006961562019989749
2.08e-05,-0.006695937019989749
2.08001e-05,-0.007586562019989749
2.08002e-05,-0.01069593723185075
2.08003e-05,-0.01427406201998975
2.08004e-05,-0.014695937019989749
2.08005e-05,-0.010789687229989749
2.08006e-05,-0.006695937019989749
2.08007e-05,-0.005789687019989749
2.08008e-05,-0.006695937019989749
2.08009e-05,-0.006789687019989749
2.0801e-05,-0.006695937019989749
2.08011e-05,-0.00822718701998975
2.08012e-05,-0.01069593723185075
2.08013e-05,-0.01083656221998975
2.08014e-05,-0.006695937019989749
2.08015e-05,-0.0009928120199897486
2.08016e-05,0.001304060980010251
2.08017e-05,-0.0022896870199897498
2.08018e-05,-0.006695937019989749
2.08019e-05,-0.006633437019989749
2.0802e-05,-0.0026959370199897484
2.08021e-05,-0.00028968901998974866
2.08022e-05,-0.0026959370199897484
2.08023e-05,-0.008945937019989749
2.08024e-05,-0.014695937019989749
2.08025e-05,-0.01641468701998975
2.08026e-05,-0.014695937019989749
2.08027e-05,-0.01189906201998975
2.08028e-05,-0.01069593723185075
2.08029e-05,-0.01085218721998975
2.0803e-05,-0.01069593723185075
2.08031e-05,-0.008914687019989749
2.08032e-05,-0.006695937019989749
2.08033e-05,-0.0048678120199897494
2.08034e-05,-0.0026959370199897484
2.08035e-05,-0.0009459370199897486
2.08036e-05,-0.0026959370199897484
2.08037e-05,-0.00800843701998975
2.08038e-05,-0.01069593723185075
2.08039e-05,-0.007024062019989749
2.0804e-05,-0.0026959370199897484
2.08041e-05,-0.003617812019989749
2.08042e-05,-0.006695937019989749
2.08043e-05,-0.006430312019989749
2.08044e-05,-0.0026959370199897484
2.08045e-05,0.00128844098001025
2.08046e-05,0.005304060980010251
2.08047e-05,0.00888219098001025
2.08048e-05,0.009304060980010251
2.08049e-05,0.004225940980010251
2.0805e-05,-0.0026959370199897484
2.08051e-05,-0.0077896870199897494
2.08052e-05,-0.01069593723185075
2.08053e-05,-0.01194593701998975
2.08054e-05,-0.01069593723185075
2.08055e-05,-0.006539687019989749
2.08056e-05,-0.0026959370199897484
2.08057e-05,-0.0016490620199897492
2.08058e-05,-0.0026959370199897484
2.08059e-05,-0.0031334370199897496
2.0806e-05,-0.0026959370199897484
2.08061e-05,-0.00236781201998975
2.08062e-05,-0.0026959370199897484
2.08063e-05,-0.003305312019989749
2.08064e-05,-0.0026959370199897484
2.08065e-05,-0.0007896870199897484
2.08066e-05,0.001304060980010251
2.08067e-05,0.0019290609800102516
2.08068e-05,0.001304060980010251
2.08069e-05,-0.00016468901998974855
2.0807e-05,-0.0026959370199897484
2.08071e-05,-0.005664687019989749
2.08072e-05,-0.006695937019989749
2.08073e-05,-0.004836562019989749
2.08074e-05,-0.0026959370199897484
2.08075e-05,-0.00232093701998975
2.08076e-05,-0.0026959370199897484
2.08077e-05,-0.001367812019989749
2.08078e-05,0.001304060980010251
2.08079e-05,0.0028196909800102515
2.0808e-05,0.001304060980010251
2.08081e-05,-0.0018834370199897494
2.08082e-05,-0.0026959370199897484
2.08083e-05,0.0006009409800102512
2.08084e-05,0.005304060980010251
2.08085e-05,0.007116560980010249
2.08086e-05,0.005304060980010251
2.08087e-05,0.0024603109800102503
2.08088e-05,0.001304060980010251
2.08089e-05,0.0016478109800102513
2.0809e-05,0.001304060980010251
2.08091e-05,-0.0007428120199897484
2.08092e-05,-0.0026959370199897484
2.08093e-05,-0.0010240620199897486
2.08094e-05,0.005304060980010251
2.08095e-05,0.01210094098001025
2.08096e-05,0.013304060980010251
2.08097e-05,0.007444690980010252
2.08098e-05,0.001304060980010251
2.08099e-05,0.0010540609800102508
2.081e-05,0.005304060980010251
2.08101e-05,0.007725940980010252
2.08102e-05,0.005304060980010251
2.08103e-05,0.0002571909800102509
2.08104e-05,-0.0026959370199897484
2.08105e-05,-0.001383437019989749
2.08106e-05,0.001304060980010251
2.08107e-05,0.00233531098001025
2.08108e-05,0.001304060980010251
2.08109e-05,0.0007103109800102505
2.0811e-05,0.001304060980010251
2.08111e-05,0.0028196909800102515
2.08112e-05,0.005304060980010251
2.08113e-05,0.00811656098001025
2.08114e-05,0.009304060980010251
2.08115e-05,0.00850719098001025
2.08116e-05,0.009304060980010251
2.08117e-05,0.01231969098001025
2.08118e-05,0.013304060980010251
2.08119e-05,0.00944469098001025
2.0812e-05,0.005304060980010251
2.08121e-05,0.004913440980010252
2.08122e-05,0.005304060980010251
2.08123e-05,0.003147810980010251
2.08124e-05,0.001304060980010251
2.08125e-05,0.004100940980010251
2.08126e-05,0.009304060980010251
2.08127e-05,0.01263219098001025
2.08128e-05,0.013304060980010251
2.08129e-05,0.01306969098001025
2.0813e-05,0.013304060980010251
2.08131e-05,0.01331969098001025
2.08132e-05,0.013304060980010251
2.08133e-05,0.01300719098001025
2.08134e-05,0.013304060980010251
2.08135e-05,0.01375719098001025
2.08136e-05,0.013304060980010251
2.08137e-05,0.010257190980010251
2.08138e-05,0.005304060980010251
2.08139e-05,0.00042906098001025024
2.0814e-05,-0.0026959370199897484
2.08141e-05,-0.0023053120199897498
2.08142e-05,0.001304060980010251
2.08143e-05,0.006475940980010251
2.08144e-05,0.009304060980010251
2.08145e-05,0.00821031098001025
2.08146e-05,0.005304060980010251
2.08147e-05,0.00408531098001025
2.08148e-05,0.005304060980010251
2.08149e-05,0.007632190980010252
2.0815e-05,0.009304060980010251
2.08151e-05,0.009554060980010251
2.08152e-05,0.009304060980010251
2.08153e-05,0.009054060980010251
2.08154e-05,0.009304060980010251
2.08155e-05,0.009460310980010251
2.08156e-05,0.009304060980010251
2.08157e-05,0.009054060980010251
2.08158e-05,0.009304060980010251
2.08159e-05,0.00969469098001025
2.0816e-05,0.009304060980010251
2.08161e-05,0.007538440980010252
2.08162e-05,0.005304060980010251
2.08163e-05,0.00427281098001025
2.08164e-05,0.005304060980010251
2.08165e-05,0.007757190980010252
2.08166e-05,0.009304060980010251
2.08167e-05,0.009210310980010251
2.08168e-05,0.009304060980010251
2.08169e-05,0.010100940980010251
2.0817e-05,0.009304060980010251
2.08171e-05,0.006272810980010252
2.08172e-05,0.005304060980010251
2.08173e-05,0.008991560980010251
2.08174e-05,0.013304060980010251
2.08175e-05,0.01310094098001025
2.08176e-05,0.009304060980010251
2.08177e-05,0.006085310980010252
2.08178e-05,0.005304060980010251
2.08179e-05,0.0055696909800102504
2.0818e-05,0.005304060980010251
2.08181e-05,0.0046165609800102505
2.08182e-05,0.005304060980010251
2.08183e-05,0.00855406098001025
2.08184e-05,0.013304060980010251
2.08185e-05,0.015960310980010252
2.08186e-05,0.013304060980010251
2.08187e-05,0.006429060980010252
2.08188e-05,0.001304060980010251
2.08189e-05,0.0009290609800102507
2.0819e-05,0.001304060980010251
2.08191e-05,0.00010094098001025079
2.08192e-05,0.001304060980010251
2.08193e-05,0.007694690980010252
2.08194e-05,0.013304060980010251
2.08195e-05,0.01164781098001025
2.08196e-05,0.005304060980010251
2.08197e-05,0.002163440980010251
2.08198e-05,0.005304060980010251
2.08199e-05,0.011007190980010252
2.082e-05,0.013304060980010251
2.08201e-05,0.00988219098001025
2.08202e-05,0.005304060980010251
2.08203e-05,0.0048821909800102516
2.08204e-05,0.009304060980010251
2.08205e-05,0.01363219098001025
2.08206e-05,0.013304060980010251
2.08207e-05,0.00866344098001025
2.08208e-05,0.005304060980010251
2.08209e-05,0.006413440980010251
2.0821e-05,0.009304060980010251
2.08211e-05,0.00906969098001025
2.08212e-05,0.005304060980010251
2.08213e-05,0.0016165609800102513
2.08214e-05,0.001304060980010251
2.08215e-05,0.0036946909800102505
2.08216e-05,0.005304060980010251
2.08217e-05,0.00408531098001025
2.08218e-05,0.001304060980010251
2.08219e-05,0.0002259409800102509
2.0822e-05,0.001304060980010251
2.08221e-05,0.0024915609800102503
2.08222e-05,0.001304060980010251
2.08223e-05,-0.001555312019989749
2.08224e-05,-0.0026959370199897484
2.08225e-05,0.00038219098001025104
2.08226e-05,0.005304060980010251
2.08227e-05,0.00855406098001025
2.08228e-05,0.009304060980010251
2.08229e-05,0.00810094098001025
2.0823e-05,0.005304060980010251
2.08231e-05,0.0018821909800102506
2.08232e-05,0.001304060980010251
2.08233e-05,0.0047884409800102515
2.08234e-05,0.009304060980010251
2.08235e-05,0.010725940980010252
2.08236e-05,0.009304060980010251
2.08237e-05,0.006944690980010252
2.08238e-05,0.005304060980010251
2.08239e-05,0.0037103109800102514
2.0824e-05,0.001304060980010251
2.08241e-05,-0.001336562019989749
2.08242e-05,-0.0026959370199897484
2.08243e-05,-0.0015709370199897491
2.08244e-05,0.001304060980010251
2.08245e-05,0.003054060980010251
2.08246e-05,0.001304060980010251
2.08247e-05,-0.0022428120199897497
2.08248e-05,-0.0026959370199897484
2.08249e-05,0.0017415609800102514
2.0825e-05,0.005304060980010251
2.08251e-05,0.0029759409800102516
2.08252e-05,-0.0026959370199897484
2.08253e-05,-0.006227187019989749
2.08254e-05,-0.006695937019989749
2.08255e-05,-0.005477187019989749
2.08256e-05,-0.0026959370199897484
2.08257e-05,0.0017884409800102506
2.08258e-05,0.005304060980010251
2.08259e-05,0.005882190980010251
2.0826e-05,0.005304060980010251
2.08261e-05,0.00522594098001025
2.08262e-05,0.005304060980010251
2.08263e-05,0.0038040609800102515
2.08264e-05,0.001304060980010251
2.08265e-05,-0.00013343901998974853
2.08266e-05,0.001304060980010251
2.08267e-05,0.004319690980010251
2.08268e-05,0.005304060980010251
2.08269e-05,0.002163440980010251
2.0827e-05,-0.0026959370199897484
2.08271e-05,-0.0049146870199897495
2.08272e-05,-0.0026959370199897484
2.08273e-05,0.0020384409800102508
2.08274e-05,0.005304060980010251
2.08275e-05,0.0056634409800102505
2.08276e-05,0.005304060980010251
2.08277e-05,0.0058040609800102515
2.08278e-05,0.005304060980010251
2.08279e-05,0.0017259409800102505
2.0828e-05,-0.0026959370199897484
2.08281e-05,-0.004336562019989749
2.08282e-05,-0.0026959370199897484
2.08283e-05,0.0007571909800102514
2.08284e-05,0.005304060980010251
2.08285e-05,0.009116560980010251
2.08286e-05,0.009304060980010251
2.08287e-05,0.00519469098001025
2.08288e-05,0.001304060980010251
2.08289e-05,0.0006790609800102505
2.0829e-05,0.001304060980010251
2.08291e-05,-0.00011780901998974941
2.08292e-05,-0.0026959370199897484
2.08293e-05,-0.0038053120199897494
2.08294e-05,-0.0026959370199897484
2.08295e-05,-0.001461562019989749
2.08296e-05,-0.0026959370199897484
2.08297e-05,-0.005524062019989749
2.08298e-05,-0.006695937019989749
2.08299e-05,-0.004477187019989749
2.083e-05,-0.0026959370199897484
2.08301e-05,-0.004289687019989749
2.08302e-05,-0.006695937019989749
2.08303e-05,-0.0058990620199897495
2.08304e-05,-0.0026959370199897484
2.08305e-05,-7.093901998974847e-05
2.08306e-05,0.001304060980010251
2.08307e-05,0.0018509409800102506
2.08308e-05,0.001304060980010251
2.08309e-05,-0.0007271870199897484
2.0831e-05,-0.0026959370199897484
2.08311e-05,-0.003320937019989749
2.08312e-05,-0.0026959370199897484
2.08313e-05,-0.0022740620199897497
2.08314e-05,-0.0026959370199897484
2.08315e-05,-0.003492812019989749
2.08316e-05,-0.0026959370199897484
2.08317e-05,-0.00024280901998974952
2.08318e-05,0.001304060980010251
2.08319e-05,5.406098001024991e-05
2.0832e-05,-0.0026959370199897484
2.08321e-05,-0.0048678120199897494
2.08322e-05,-0.006695937019989749
2.08323e-05,-0.008914687019989749
2.08324e-05,-0.01069593723185075
2.08325e-05,-0.010024062219989749
2.08326e-05,-0.006695937019989749
2.08327e-05,-0.0020240620199897495
2.08328e-05,0.001304060980010251
2.08329e-05,0.0019915609800102516
2.0833e-05,0.001304060980010251
2.08331e-05,7.190980010250703e-06
2.08332e-05,-0.0026959370199897484
2.08333e-05,-0.006211562019989749
2.08334e-05,-0.006695937019989749
2.08335e-05,-0.0026803120199897484
2.08336e-05,0.001304060980010251
2.08337e-05,0.0005853109800102504
2.08338e-05,-0.0026959370199897484
2.08339e-05,-0.004211562019989749
2.0834e-05,-0.0026959370199897484
2.08341e-05,-0.0002271890199897486
2.08342e-05,0.001304060980010251
2.08343e-05,0.0015384409800102503
2.08344e-05,0.001304060980010251
2.08345e-05,0.0002259409800102509
2.08346e-05,-0.0026959370199897484
2.08347e-05,-0.007258437019989749
2.08348e-05,-0.01069593723185075
2.08349e-05,-0.010055312219989749
2.0835e-05,-0.006695937019989749
2.08351e-05,-0.0036646870199897492
2.08352e-05,-0.0026959370199897484
2.08353e-05,-0.0029615620199897495
2.08354e-05,-0.0026959370199897484
2.08355e-05,-0.0010396870199897486
2.08356e-05,0.001304060980010251
2.08357e-05,0.002413440980010251
2.08358e-05,0.001304060980010251
2.08359e-05,-0.001336562019989749
2.0836e-05,-0.0026959370199897484
2.08361e-05,-0.00238343701998975
2.08362e-05,-0.0026959370199897484
2.08363e-05,-0.00500843701998975
2.08364e-05,-0.006695937019989749
2.08365e-05,-0.005258437019989749
2.08366e-05,-0.0026959370199897484
2.08367e-05,-0.0019146870199897494
2.08368e-05,-0.0026959370199897484
2.08369e-05,-0.0030240620199897495
2.0837e-05,-0.0026959370199897484
2.08371e-05,-0.0026803120199897484
2.08372e-05,-0.0026959370199897484
2.08373e-05,-0.00253968701998975
2.08374e-05,-0.0026959370199897484
2.08375e-05,-0.0031334370199897496
2.08376e-05,-0.0026959370199897484
2.08377e-05,-0.0016178120199897492
2.08378e-05,-0.0026959370199897484
2.08379e-05,-0.006914687019989749
2.0838e-05,-0.01069593723185075
2.08381e-05,-0.010195937219989749
2.08382e-05,-0.006695937019989749
2.08383e-05,-0.0026959370199897484
2.08384e-05,0.001304060980010251
2.08385e-05,0.004725940980010251
2.08386e-05,0.005304060980010251
2.08387e-05,0.0016009409800102504
2.08388e-05,-0.0026959370199897484
2.08389e-05,-0.0039771870199897495
2.0839e-05,-0.0026959370199897484
2.08391e-05,-0.0018834370199897494
2.08392e-05,-0.0026959370199897484
2.08393e-05,-0.004774062019989749
2.08394e-05,-0.006695937019989749
2.08395e-05,-0.007367812019989749
2.08396e-05,-0.006695937019989749
2.08397e-05,-0.004789687019989749
2.08398e-05,-0.0026959370199897484
2.08399e-05,-0.001524062019989749
2.084e-05,-0.0026959370199897484
2.08401e-05,-0.005508437019989749
2.08402e-05,-0.006695937019989749
2.08403e-05,-0.004774062019989749
2.08404e-05,-0.0026959370199897484
2.08405e-05,-0.0027740620199897485
2.08406e-05,-0.0026959370199897484
2.08407e-05,-0.0005553090199897498
2.08408e-05,0.001304060980010251
2.08409e-05,-7.093901998974847e-05
2.0841e-05,-0.0026959370199897484
2.08411e-05,-0.003555312019989749
2.08412e-05,-0.0026959370199897484
2.08413e-05,-0.0021646870199897496
2.08414e-05,-0.0026959370199897484
2.08415e-05,-0.003274062019989749
2.08416e-05,-0.0026959370199897484
2.08417e-05,-0.0016803120199897492
2.08418e-05,-0.0026959370199897484
2.08419e-05,-0.005727187019989749
2.0842e-05,-0.006695937019989749
2.08421e-05,-0.003164687019989749
2.08422e-05,0.001304060980010251
2.08423e-05,0.0023978109800102503
2.08424e-05,0.001304060980010251
2.08425e-05,0.0009446909800102515
2.08426e-05,0.001304060980010251
2.08427e-05,0.00010094098001025079
2.08428e-05,-0.0026959370199897484
2.08429e-05,-0.005461562019989749
2.0843e-05,-0.006695937019989749
2.08431e-05,-0.005664687019989749
2.08432e-05,-0.0026959370199897484
2.08433e-05,0.00041344098001025106
2.08434e-05,0.001304060980010251
2.08435e-05,-0.0005553090199897498
2.08436e-05,-0.0026959370199897484
2.08437e-05,-0.0031178120199897496
2.08438e-05,-0.0026959370199897484
2.08439e-05,-0.0028365620199897485
2.0844e-05,-0.0026959370199897484
2.08441e-05,-0.0019928120199897495
2.08442e-05,-0.0026959370199897484
2.08443e-05,-0.005445937019989749
2.08444e-05,-0.006695937019989749
2.08445e-05,-0.004524062019989749
2.08446e-05,-0.0026959370199897484
2.08447e-05,-0.004383437019989749
2.08448e-05,-0.006695937019989749
2.08449e-05,-0.005680312019989749
2.0845e-05,-0.0026959370199897484
2.08451e-05,-0.0015709370199897491
2.08452e-05,-0.0026959370199897484
2.08453e-05,-0.004617812019989749
2.08454e-05,-0.006695937019989749
2.08455e-05,-0.00807093701998975
2.08456e-05,-0.006695937019989749
2.08457e-05,-0.003336562019989749
2.08458e-05,-0.0026959370199897484
2.08459e-05,-0.006789687019989749
2.0846e-05,-0.01069593723185075
2.08461e-05,-0.009758437219989749
2.08462e-05,-0.006695937019989749
2.08463e-05,-0.005742812019989749
2.08464e-05,-0.006695937019989749
2.08465e-05,-0.006945937019989749
2.08466e-05,-0.006695937019989749
2.08467e-05,-0.006899062019989749
2.08468e-05,-0.006695937019989749
2.08469e-05,-0.0049928120199897496
2.0847e-05,-0.0026959370199897484
2.08471e-05,-0.0018834370199897494
2.08472e-05,-0.0026959370199897484
2.08473e-05,-0.0038209370199897494
2.08474e-05,-0.0026959370199897484
2.08475e-05,0.00016344098001025084
2.08476e-05,0.001304060980010251
2.08477e-05,-0.0018365620199897494
2.08478e-05,-0.006695937019989749
2.08479e-05,-0.009805312219989749
2.0848e-05,-0.01069593723185075
2.08481e-05,-0.01083656221998975
2.08482e-05,-0.01069593723185075
2.08483e-05,-0.009195937019989749
2.08484e-05,-0.006695937019989749
2.08485e-05,-0.00403968701998975
2.08486e-05,-0.0026959370199897484
2.08487e-05,-0.0036646870199897492
2.08488e-05,-0.006695937019989749
2.08489e-05,-0.009742812219989749
2.0849e-05,-0.01069593723185075
2.08491e-05,-0.00811781201998975
2.08492e-05,-0.0026959370199897484
2.08493e-05,0.0017884409800102506
2.08494e-05,0.001304060980010251
2.08495e-05,-0.0037740620199897493
2.08496e-05,-0.006695937019989749
2.08497e-05,-0.003570937019989749
2.08498e-05,0.001304060980010251
2.08499e-05,0.0016165609800102513
2.085e-05,-0.0026959370199897484
2.08501e-05,-0.006852187019989749
2.08502e-05,-0.006695937019989749
2.08503e-05,-0.0037896870199897494
2.08504e-05,-0.0026959370199897484
2.08505e-05,-0.005149062019989749
2.08506e-05,-0.006695937019989749
2.08507e-05,-0.003555312019989749
2.08508e-05,0.001304060980010251
2.08509e-05,0.0019759409800102507
2.0851e-05,-0.0026959370199897484
2.08511e-05,-0.009352187019989749
2.08512e-05,-0.014695937019989749
2.08513e-05,-0.01652406201998975
2.08514e-05,-0.014695937019989749
2.08515e-05,-0.01041468721998975
2.08516e-05,-0.006695937019989749
2.08517e-05,-0.004508437019989749
2.08518e-05,-0.0026959370199897484
2.08519e-05,-0.0004146890199897488
2.0852e-05,0.001304060980010251
2.08521e-05,0.0004446909800102511
2.08522e-05,-0.0026959370199897484
2.08523e-05,-0.00603968701998975
2.08524e-05,-0.006695937019989749
2.08525e-05,-0.004695937019989749
2.08526e-05,-0.0026959370199897484
2.08527e-05,-0.003570937019989749
2.08528e-05,-0.006695937019989749
2.08529e-05,-0.00958656201998975
2.0853e-05,-0.01069593723185075
2.08531e-05,-0.00943031201998975
2.08532e-05,-0.006695937019989749
2.08533e-05,-0.0038209370199897494
2.08534e-05,-0.0026959370199897484
2.08535e-05,-0.00408656201998975
2.08536e-05,-0.006695937019989749
2.08537e-05,-0.00807093701998975
2.08538e-05,-0.006695937019989749
2.08539e-05,-0.0036646870199897492
2.0854e-05,-0.0026959370199897484
2.08541e-05,-0.00507093701998975
2.08542e-05,-0.006695937019989749
2.08543e-05,-0.0048678120199897494
2.08544e-05,-0.0026959370199897484
2.08545e-05,-0.0029459370199897495
2.08546e-05,-0.0026959370199897484
2.08547e-05,0.00010094098001025079
2.08548e-05,0.001304060980010251
2.08549e-05,-0.00255531201998975
2.0855e-05,-0.006695937019989749
2.08551e-05,-0.00603968701998975
2.08552e-05,-0.0026959370199897484
2.08553e-05,-0.0015709370199897491
2.08554e-05,-0.0026959370199897484
2.08555e-05,-0.003430312019989749
2.08556e-05,-0.0026959370199897484
2.08557e-05,-0.0018678120199897494
2.08558e-05,-0.0026959370199897484
2.08559e-05,-0.0049459370199897495
2.0856e-05,-0.006695937019989749
2.08561e-05,-0.006633437019989749
2.08562e-05,-0.006695937019989749
2.08563e-05,-0.007508437019989749
2.08564e-05,-0.006695937019989749
2.08565e-05,-0.0026803120199897484
2.08566e-05,0.001304060980010251
2.08567e-05,0.0020071909800102507
2.08568e-05,0.001304060980010251
2.08569e-05,0.0023978109800102503
2.0857e-05,0.005304060980010251
2.08571e-05,0.006741560980010252
2.08572e-05,0.005304060980010251
2.08573e-05,0.0013196909800102501
2.08574e-05,-0.0026959370199897484
2.08575e-05,-0.004383437019989749
2.08576e-05,-0.0026959370199897484
2.08577e-05,0.0003665609800102502
2.08578e-05,0.001304060980010251
2.08579e-05,-0.0007271870199897484
2.0858e-05,-0.0026959370199897484
2.08581e-05,-0.001539687019989749
2.08582e-05,0.001304060980010251
2.08583e-05,0.0026634409800102513
2.08584e-05,0.001304060980010251
2.08585e-05,-0.0011803120199897488
2.08586e-05,-0.0026959370199897484
2.08587e-05,-0.0018990620199897494
2.08588e-05,0.001304060980010251
2.08589e-05,0.004741560980010251
2.0859e-05,0.005304060980010251
2.08591e-05,0.0026634409800102513
2.08592e-05,0.001304060980010251
2.08593e-05,0.00322594098001025
2.08594e-05,0.005304060980010251
2.08595e-05,0.0038821909800102507
2.08596e-05,0.001304060980010251
2.08597e-05,0.0007259409800102513
2.08598e-05,0.001304060980010251
2.08599e-05,0.00021031098001025005
2.086e-05,-0.0026959370199897484
2.08601e-05,-0.005195937019989749
2.08602e-05,-0.006695937019989749
2.08603e-05,-0.007024062019989749
2.08604e-05,-0.006695937019989749
2.08605e-05,-0.005305312019989749
2.08606e-05,-0.0026959370199897484
2.08607e-05,0.001272810980010251
2.08608e-05,0.005304060980010251
2.08609e-05,0.00805406098001025
2.0861e-05,0.009304060980010251
2.08611e-05,0.00835094098001025
2.08612e-05,0.005304060980010251
2.08613e-05,0.0006165609800102504
2.08614e-05,-0.0026959370199897484
2.08615e-05,-0.00235218701998975
2.08616e-05,0.001304060980010251
2.08617e-05,0.00497594098001025
2.08618e-05,0.005304060980010251
2.08619e-05,0.0016790609800102513
2.0862e-05,-0.0026959370199897484
2.08621e-05,-0.00408656201998975
2.08622e-05,-0.0026959370199897484
2.08623e-05,-0.00028968901998974866
2.08624e-05,0.001304060980010251
2.08625e-05,0.0017728109800102514
2.08626e-05,0.001304060980010251
2.08627e-05,0.0007103109800102505
2.08628e-05,0.001304060980010251
2.08629e-05,0.0033821909800102502
2.0863e-05,0.005304060980010251
2.08631e-05,0.0057728109800102515
2.08632e-05,0.005304060980010251
2.08633e-05,0.00497594098001025
2.08634e-05,0.005304060980010251
2.08635e-05,0.005491560980010251
2.08636e-05,0.005304060980010251
2.08637e-05,0.004991560980010251
2.08638e-05,0.005304060980010251
2.08639e-05,0.0067259409800102515
2.0864e-05,0.009304060980010251
2.08641e-05,0.011038440980010252
2.08642e-05,0.009304060980010251
2.08643e-05,0.004350940980010251
2.08644e-05,0.001304060980010251
2.08645e-05,0.0028978109800102507
2.08646e-05,0.005304060980010251
2.08647e-05,0.005210310980010251
2.08648e-05,0.005304060980010251
2.08649e-05,0.00786656098001025
2.0865e-05,0.009304060980010251
2.08651e-05,0.005991560980010252
2.08652e-05,0.001304060980010251
2.08653e-05,0.0009915609800102507
2.08654e-05,0.005304060980010251
2.08655e-05,0.00953844098001025
2.08656e-05,0.009304060980010251
2.08657e-05,0.0048196909800102515
2.08658e-05,0.001304060980010251
2.08659e-05,0.002319690980010251
2.0866e-05,0.005304060980010251
2.08661e-05,0.006335310980010252
2.08662e-05,0.005304060980010251
2.08663e-05,0.00452281098001025
2.08664e-05,0.005304060980010251
2.08665e-05,0.005944690980010251
2.08666e-05,0.005304060980010251
2.08667e-05,0.004319690980010251
2.08668e-05,0.005304060980010251
2.08669e-05,0.00816344098001025
2.0867e-05,0.009304060980010251
2.08671e-05,0.00513219098001025
2.08672e-05,-0.0026959370199897484
2.08673e-05,-0.00813343701998975
2.08674e-05,-0.006695937019989749
2.08675e-05,0.000350940980010251
2.08676e-05,0.005304060980010251
2.08677e-05,0.00430406098001025
2.08678e-05,0.001304060980010251
2.08679e-05,0.0019759409800102507
2.0868e-05,0.005304060980010251
2.08681e-05,0.0068353109800102525
2.08682e-05,0.005304060980010251
2.08683e-05,0.0036634409800102505
2.08684e-05,0.005304060980010251
2.08685e-05,0.009616560980010251
2.08686e-05,0.013304060980010251
2.08687e-05,0.01274156098001025
2.08688e-05,0.009304060980010251
2.08689e-05,0.006100940980010251
2.0869e-05,0.005304060980010251
2.08691e-05,0.005835310980010252
2.08692e-05,0.005304060980010251
2.08693e-05,0.003147810980010251
2.08694e-05,0.001304060980010251
2.08695e-05,0.0011478109800102509
2.08696e-05,0.001304060980010251
2.08697e-05,0.0008196909800102514
2.08698e-05,0.001304060980010251
2.08699e-05,0.004725940980010251
2.087e-05,0.009304060980010251
2.08701e-05,0.01121031098001025
2.08702e-05,0.009304060980010251
2.08703e-05,0.004960310980010251
2.08704e-05,0.001304060980010251
2.08705e-05,0.00011656098001024996
2.08706e-05,0.001304060980010251
2.08707e-05,0.002507190980010251
2.08708e-05,0.001304060980010251
2.08709e-05,-0.0016021870199897491
2.0871e-05,-0.0026959370199897484
2.08711e-05,-0.00047718901998974883
2.08712e-05,0.001304060980010251
2.08713e-05,-7.093901998974847e-05
2.08714e-05,-0.0026959370199897484
2.08715e-05,-0.0022428120199897497
2.08716e-05,0.001304060980010251
2.08717e-05,0.004600940980010251
2.08718e-05,0.005304060980010251
2.08719e-05,0.003460310980010251
2.0872e-05,0.001304060980010251
2.08721e-05,0.0014446909800102502
2.08722e-05,0.005304060980010251
2.08723e-05,0.009710310980010252
2.08724e-05,0.009304060980010251
2.08725e-05,0.0028978109800102507
2.08726e-05,-0.0026959370199897484
2.08727e-05,-0.0020865620199897496
2.08728e-05,0.001304060980010251
2.08729e-05,0.00221031098001025
2.0873e-05,0.001304060980010251
2.08731e-05,0.0013821909800102502
2.08732e-05,0.001304060980010251
2.08733e-05,0.00021031098001025005
2.08734e-05,0.001304060980010251
2.08735e-05,0.005960310980010252
2.08736e-05,0.009304060980010251
2.08737e-05,0.0067259409800102515
2.08738e-05,0.001304060980010251
2.08739e-05,-0.0011803120199897488
2.0874e-05,0.001304060980010251
2.08741e-05,0.00506969098001025
2.08742e-05,0.005304060980010251
2.08743e-05,0.001272810980010251
2.08744e-05,-0.0026959370199897484
2.08745e-05,-0.00232093701998975
2.08746e-05,0.001304060980010251
2.08747e-05,0.0035540609800102513
2.08748e-05,0.001304060980010251
2.08749e-05,-0.0026959370199897484
2.0875e-05,-0.0026959370199897484
2.08751e-05,0.003054060980010251
2.08752e-05,0.009304060980010251
2.08753e-05,0.00978844098001025
2.08754e-05,0.005304060980010251
2.08755e-05,0.00119469098001025
2.08756e-05,0.001304060980010251
2.08757e-05,0.004163440980010251
2.08758e-05,0.005304060980010251
2.08759e-05,0.00221031098001025
2.0876e-05,-0.0026959370199897484
2.08761e-05,-0.00500843701998975
2.08762e-05,-0.0026959370199897484
2.08763e-05,0.002100940980010251
2.08764e-05,0.005304060980010251
2.08765e-05,0.00553844098001025
2.08766e-05,0.005304060980010251
2.08767e-05,0.005835310980010252
2.08768e-05,0.005304060980010251
2.08769e-05,0.0016165609800102513
2.0877e-05,-0.0026959370199897484
2.08771e-05,-0.00405531201998975
2.08772e-05,-0.0026959370199897484
2.08773e-05,-0.001524062019989749
2.08774e-05,-0.0026959370199897484
2.08775e-05,-0.005195937019989749
2.08776e-05,-0.006695937019989749
2.08777e-05,-0.005414687019989749
2.08778e-05,-0.0026959370199897484
2.08779e-05,-0.00036780901998974963
2.0878e-05,0.001304060980010251
2.08781e-05,0.003116560980010251
2.08782e-05,0.005304060980010251
2.08783e-05,0.006382190980010251
2.08784e-05,0.005304060980010251
2.08785e-05,0.0017103109800102514
2.08786e-05,-0.0026959370199897484
2.08787e-05,-0.005805312019989749
2.08788e-05,-0.006695937019989749
2.08789e-05,-0.005336562019989749
2.0879e-05,-0.0026959370199897484
2.08791e-05,2.2810980010251614e-05
2.08792e-05,0.001304060980010251
2.08793e-05,0.0011165609800102509
2.08794e-05,0.001304060980010251
2.08795e-05,0.003054060980010251
2.08796e-05,0.005304060980010251
2.08797e-05,0.005960310980010252
2.08798e-05,0.005304060980010251
2.08799e-05,0.0036790609800102514
2.088e-05,0.001304060980010251
2.08801e-05,-0.001445937019989749
2.08802e-05,-0.0026959370199897484
2.08803e-05,-0.0021959370199897497
2.08804e-05,-0.0026959370199897484
2.08805e-05,-0.005242812019989749
2.08806e-05,-0.006695937019989749
2.08807e-05,-0.0038365620199897494
2.08808e-05,0.001304060980010251
2.08809e-05,0.0047884409800102515
2.0881e-05,0.005304060980010251
2.08811e-05,0.0037571909800102506
2.08812e-05,0.001304060980010251
2.08813e-05,-0.001336562019989749
2.08814e-05,-0.0026959370199897484
2.08815e-05,-0.00260218701998975
2.08816e-05,-0.0026959370199897484
2.08817e-05,-0.003414687019989749
2.08818e-05,-0.0026959370199897484
2.08819e-05,-8.439019989748414e-06
2.0882e-05,0.001304060980010251
2.08821e-05,-0.0007115620199897501
2.08822e-05,-0.0026959370199897484
2.08823e-05,-0.0012740620199897489
2.08824e-05,0.001304060980010251
2.08825e-05,0.0018353109800102515
2.08826e-05,0.001304060980010251
2.08827e-05,0.0016790609800102513
2.08828e-05,0.001304060980010251
2.08829e-05,-0.0010865620199897487
2.0883e-05,-0.0026959370199897484
2.08831e-05,-0.0010709370199897487
2.08832e-05,0.001304060980010251
2.08833e-05,0.002382190980010251
2.08834e-05,0.005304060980010251
2.08835e-05,0.010663440980010251
2.08836e-05,0.013304060980010251
2.08837e-05,0.00956969098001025
2.08838e-05,0.005304060980010251
2.08839e-05,0.00513219098001025
2.0884e-05,0.005304060980010251
2.08841e-05,0.00042906098001025024
2.08842e-05,-0.006695937019989749
2.08843e-05,-0.00961781201998975
2.08844e-05,-0.006695937019989749
2.08845e-05,-0.001508437019989749
2.08846e-05,0.001304060980010251
2.08847e-05,0.00119469098001025
2.08848e-05,0.001304060980010251
2.08849e-05,0.0037103109800102514
2.0885e-05,0.005304060980010251
2.08851e-05,0.0026478109800102505
2.08852e-05,-0.0026959370199897484
2.08853e-05,-0.006430312019989749
2.08854e-05,-0.006695937019989749
2.08855e-05,-0.004836562019989749
2.08856e-05,-0.0026959370199897484
2.08857e-05,-0.0007896870199897484
2.08858e-05,0.001304060980010251
2.08859e-05,0.0038040609800102515
2.0886e-05,0.005304060980010251
2.08861e-05,0.004257190980010251
2.08862e-05,0.001304060980010251
2.08863e-05,-0.0016178120199897492
2.08864e-05,-0.0026959370199897484
2.08865e-05,-0.001555312019989749
2.08866e-05,0.001304060980010251
2.08867e-05,0.004100940980010251
2.08868e-05,0.005304060980010251
2.08869e-05,0.00399156098001025
2.0887e-05,0.001304060980010251
2.08871e-05,-0.0012740620199897489
2.08872e-05,-0.0026959370199897484
2.08873e-05,-0.0027896870199897485
2.08874e-05,-0.0026959370199897484
2.08875e-05,-0.0028521870199897485
2.08876e-05,-0.0026959370199897484
2.08877e-05,-0.0021490620199897496
2.08878e-05,-0.0026959370199897484
2.08879e-05,-0.0038990620199897495
2.0888e-05,-0.0026959370199897484
2.08881e-05,0.0019290609800102516
2.08882e-05,0.005304060980010251
2.08883e-05,0.003929060980010252
2.08884e-05,0.001304060980010251
2.08885e-05,0.0009915609800102507
2.08886e-05,0.001304060980010251
2.08887e-05,-0.0006803090199897499
2.08888e-05,-0.0026959370199897484
2.08889e-05,-0.0016490620199897492
2.0889e-05,0.001304060980010251
2.08891e-05,0.0026321909800102513
2.08892e-05,0.001304060980010251
2.08893e-05,-0.0011178120199897487
2.08894e-05,-0.0026959370199897484
2.08895e-05,-0.0027271870199897484
2.08896e-05,-0.0026959370199897484
2.08897e-05,-0.003164687019989749
2.08898e-05,-0.0026959370199897484
2.08899e-05,-0.00039905901998974966
2.089e-05,0.001304060980010251
2.08901e-05,0.0010384409800102516
2.08902e-05,0.001304060980010251
2.08903e-05,0.0038353109800102515
2.08904e-05,0.005304060980010251
2.08905e-05,0.00322594098001025
2.08906e-05,0.001304060980010251
2.08907e-05,0.0027728109800102506
2.08908e-05,0.005304060980010251
2.08909e-05,0.00553844098001025
2.0891e-05,0.005304060980010251
2.08911e-05,0.007054060980010249
2.08912e-05,0.009304060980010251
2.08913e-05,0.00850719098001025
2.08914e-05,0.005304060980010251
2.08915e-05,0.00221031098001025
2.08916e-05,0.001304060980010251
2.08917e-05,0.0028040609800102506
2.08918e-05,0.005304060980010251
2.08919e-05,0.006647810980010252
2.0892e-05,0.005304060980010251
2.08921e-05,0.0013821909800102502
2.08922e-05,-0.0026959370199897484
2.08923e-05,-0.004227187019989749
2.08924e-05,-0.0026959370199897484
2.08925e-05,0.001210310980010251
2.08926e-05,0.005304060980010251
2.08927e-05,0.007116560980010249
2.08928e-05,0.005304060980010251
2.08929e-05,0.0008665609800102506
2.0893e-05,-0.0026959370199897484
2.08931e-05,-0.0022896870199897498
2.08932e-05,0.001304060980010251
2.08933e-05,0.004897810980010251
2.08934e-05,0.005304060980010251
2.08935e-05,0.0027259409800102514
2.08936e-05,0.001304060980010251
2.08937e-05,0.00313219098001025
2.08938e-05,0.005304060980010251
2.08939e-05,0.005241560980010251
2.0894e-05,0.005304060980010251
2.08941e-05,0.007600940980010252
2.08942e-05,0.009304060980010251
2.08943e-05,0.007444690980010252
2.08944e-05,0.005304060980010251
2.08945e-05,0.005554060980010251
2.08946e-05,0.005304060980010251
2.08947e-05,0.002288440980010251
2.08948e-05,0.001304060980010251
2.08949e-05,0.005241560980010251
2.0895e-05,0.009304060980010251
2.08951e-05,0.00830406098001025
2.08952e-05,0.005304060980010251
2.08953e-05,0.004929060980010251
2.08954e-05,0.005304060980010251
2.08955e-05,0.0023665609800102502
2.08956e-05,-0.0026959370199897484
2.08957e-05,-0.006102187019989749
2.08958e-05,-0.006695937019989749
2.08959e-05,-0.004164687019989749
2.0896e-05,0.001304060980010251
2.08961e-05,0.00752281098001025
2.08962e-05,0.009304060980010251
2.08963e-05,0.00446031098001025
2.08964e-05,-0.0026959370199897484
2.08965e-05,-0.005789687019989749
2.08966e-05,-0.0026959370199897484
2.08967e-05,0.0029446909800102516
2.08968e-05,0.005304060980010251
2.08969e-05,0.0028978109800102507
2.0897e-05,0.001304060980010251
2.08971e-05,0.0034915609800102512
2.08972e-05,0.005304060980010251
2.08973e-05,0.00217906098001025
2.08974e-05,-0.0026959370199897484
2.08975e-05,-0.00411781201998975
2.08976e-05,-0.0026959370199897484
2.08977e-05,-0.0020709370199897496
2.08978e-05,-0.0026959370199897484
2.08979e-05,-0.0028678120199897485
2.0898e-05,-0.0026959370199897484
2.08981e-05,-0.0027271870199897484
2.08982e-05,-0.0026959370199897484
2.08983e-05,-0.0023053120199897498
2.08984e-05,-0.0026959370199897484
2.08985e-05,-0.003445937019989749
2.08986e-05,-0.0026959370199897484
2.08987e-05,-7.093901998974847e-05
2.08988e-05,0.001304060980010251
2.08989e-05,-0.0004615590199897497
2.0899e-05,-0.0026959370199897484
2.08991e-05,-0.0020396870199897495
2.08992e-05,0.001304060980010251
2.08993e-05,0.00439781098001025
2.08994e-05,0.005304060980010251
2.08995e-05,0.004663440980010251
2.08996e-05,0.005304060980010251
2.08997e-05,0.0067259409800102515
2.08998e-05,0.005304060980010251
2.08999e-05,0.00011656098001024996
2.09e-05,-0.0026959370199897484
2.09001e-05,0.0004759409800102511
2.09002e-05,0.005304060980010251
2.09003e-05,0.005210310980010251
2.09004e-05,0.001304060980010251
2.09005e-05,-0.0008990620199897485
2.09006e-05,0.001304060980010251
2.09007e-05,0.00414781098001025
2.09008e-05,0.001304060980010251
2.09009e-05,-0.007430312019989749
2.0901e-05,-0.014695937019989749
2.09011e-05,-0.01341468701998975
2.09012e-05,-0.006695937019989749
2.09013e-05,-0.0017584370199897493
2.09014e-05,-0.0026959370199897484
2.09015e-05,-0.005258437019989749
2.09016e-05,-0.0026959370199897484
2.09017e-05,0.004960310980010251
2.09018e-05,0.009304060980010251
2.09019e-05,0.005616560980010251
2.0902e-05,0.001304060980010251
2.09021e-05,0.0037728109800102515
2.09022e-05,0.009304060980010251
2.09023e-05,0.00866344098001025
2.09024e-05,0.001304060980010251
2.09025e-05,-0.0058834370199897495
2.09026e-05,-0.006695937019989749
2.09027e-05,-0.0010240620199897486
2.09028e-05,0.005304060980010251
2.09029e-05,0.007225940980010252
2.0903e-05,0.005304060980010251
2.09031e-05,0.0038196909800102506
2.09032e-05,0.005304060980010251
2.09033e-05,0.00816344098001025
2.09034e-05,0.009304060980010251
2.09035e-05,0.007507190980010252
2.09036e-05,0.005304060980010251
2.09037e-05,0.004600940980010251
2.09038e-05,0.005304060980010251
2.09039e-05,0.0056634409800102505
2.0904e-05,0.005304060980010251
2.09041e-05,0.005054060980010251
2.09042e-05,0.005304060980010251
2.09043e-05,0.0045853109800102505
2.09044e-05,0.001304060980010251
2.09045e-05,-0.0026959370199897484
2.09046e-05,-0.0026959370199897484
2.09047e-05,0.003147810980010251
2.09048e-05,0.009304060980010251
2.09049e-05,0.00975719098001025
2.0905e-05,0.005304060980010251
2.09051e-05,0.001272810980010251
2.09052e-05,0.001304060980010251
2.09053e-05,0.004163440980010251
2.09054e-05,0.005304060980010251
2.09055e-05,0.003022810980010251
2.09056e-05,0.001304060980010251
2.09057e-05,0.0028978109800102507
2.09058e-05,0.005304060980010251
2.09059e-05,0.005366560980010251
2.0906e-05,0.005304060980010251
2.09061e-05,0.007600940980010252
2.09062e-05,0.009304060980010251
2.09063e-05,0.006491560980010252
2.09064e-05,0.001304060980010251
2.09065e-05,-0.0021803120199897497
2.09066e-05,-0.0026959370199897484
2.09067e-05,-0.0012428120199897488
2.09068e-05,0.001304060980010251
2.09069e-05,0.004007190980010251
2.0907e-05,0.005304060980010251
2.09071e-05,0.00405406098001025
2.09072e-05,0.001304060980010251
2.09073e-05,-0.0012740620199897489
2.09074e-05,-0.0026959370199897484
2.09075e-05,-0.0029303120199897495
2.09076e-05,-0.0026959370199897484
2.09077e-05,-0.00247718701998975
2.09078e-05,-0.0026959370199897484
2.09079e-05,-0.0030240620199897495
2.0908e-05,-0.0026959370199897484
2.09081e-05,-0.0019771870199897495
2.09082e-05,-0.0026959370199897484
2.09083e-05,-0.00407093701998975
2.09084e-05,-0.0026959370199897484
2.09085e-05,0.002163440980010251
2.09086e-05,0.005304060980010251
2.09087e-05,0.0024915609800102503
2.09088e-05,-0.0026959370199897484
2.09089e-05,-0.004555312019989749
2.0909e-05,-0.0026959370199897484
2.09091e-05,-0.00027405901998974955
2.09092e-05,0.001304060980010251
2.09093e-05,0.0020071909800102507
2.09094e-05,0.001304060980010251
2.09095e-05,-8.439019989748414e-06
2.09096e-05,0.001304060980010251
2.09097e-05,0.00497594098001025
2.09098e-05,0.005304060980010251
2.09099e-05,0.0004915609800102503
2.091e-05,-0.0026959370199897484
2.09101e-05,0.0007415609800102505
2.09102e-05,0.005304060980010251
2.09103e-05,0.004444690980010251
2.09104e-05,0.001304060980010251
2.09105e-05,0.0019290609800102516
2.09106e-05,0.005304060980010251
2.09107e-05,0.007663440980010252
2.09108e-05,0.009304060980010251
2.09109e-05,0.010679060980010252
2.0911e-05,0.009304060980010251
2.09111e-05,0.004413440980010251
2.09112e-05,0.001304060980010251
2.09113e-05,0.00396031098001025
2.09114e-05,0.009304060980010251
2.09115e-05,0.01139781098001025
2.09116e-05,0.009304060980010251
2.09117e-05,0.006085310980010252
2.09118e-05,0.005304060980010251
2.09119e-05,0.007272810980010249
2.0912e-05,0.009304060980010251
2.09121e-05,0.00860094098001025
2.09122e-05,0.005304060980010251
2.09123e-05,0.0019446909800102507
2.09124e-05,0.001304060980010251
2.09125e-05,0.003366560980010251
2.09126e-05,0.005304060980010251
2.09127e-05,0.005460310980010251
2.09128e-05,0.005304060980010251
2.09129e-05,0.005835310980010252
2.0913e-05,0.005304060980010251
2.09131e-05,0.0027259409800102514
2.09132e-05,0.001304060980010251
2.09133e-05,0.00328844098001025
2.09134e-05,0.005304060980010251
2.09135e-05,0.00399156098001025
2.09136e-05,0.001304060980010251
2.09137e-05,0.0006478109800102504
2.09138e-05,0.001304060980010251
2.09139e-05,0.0013196909800102501
2.0914e-05,0.001304060980010251
2.09141e-05,0.0028978109800102507
2.09142e-05,0.005304060980010251
2.09143e-05,0.007272810980010249
2.09144e-05,0.009304060980010251
2.09145e-05,0.010585310980010252
2.09146e-05,0.009304060980010251
2.09147e-05,0.004835310980010251
2.09148e-05,0.001304060980010251
2.09149e-05,0.0020071909800102507
2.0915e-05,0.005304060980010251
2.09151e-05,0.006975940980010252
2.09152e-05,0.005304060980010251
2.09153e-05,0.001366560980010251
2.09154e-05,-0.0026959370199897484
2.09155e-05,-0.004461562019989749
2.09156e-05,-0.0026959370199897484
2.09157e-05,0.0018665609800102515
2.09158e-05,0.005304060980010251
2.09159e-05,0.0056946909800102506
2.0916e-05,0.005304060980010251
2.09161e-05,0.005679060980010251
2.09162e-05,0.005304060980010251
2.09163e-05,0.0028353109800102506
2.09164e-05,0.001304060980010251
2.09165e-05,0.0028509409800102515
2.09166e-05,0.005304060980010251
2.09167e-05,0.0046478109800102505
2.09168e-05,0.001304060980010251
2.09169e-05,-0.0017584370199897493
2.0917e-05,-0.0026959370199897484
2.09171e-05,-0.0022271870199897497
2.09172e-05,-0.0026959370199897484
2.09173e-05,-0.004695937019989749
2.09174e-05,-0.006695937019989749
2.09175e-05,-0.00600843701998975
2.09176e-05,-0.0026959370199897484
2.09177e-05,0.0008040609800102506
2.09178e-05,0.001304060980010251
2.09179e-05,-0.0011021870199897487
2.0918e-05,-0.0026959370199897484
2.09181e-05,-0.0011803120199897488
2.09182e-05,0.001304060980010251
2.09183e-05,0.0017884409800102506
2.09184e-05,0.001304060980010251
2.09185e-05,0.0013196909800102501
2.09186e-05,0.001304060980010251
2.09187e-05,-0.00039905901998974966
2.09188e-05,-0.0026959370199897484
2.09189e-05,-0.003570937019989749
2.0919e-05,-0.0026959370199897484
2.09191e-05,-0.0018209370199897493
2.09192e-05,-0.0026959370199897484
2.09193e-05,-0.005117812019989749
2.09194e-05,-0.006695937019989749
2.09195e-05,-0.005367812019989749
2.09196e-05,-0.0026959370199897484
2.09197e-05,-0.001352187019989749
2.09198e-05,-0.0026959370199897484
2.09199e-05,-0.005133437019989749
2.092e-05,-0.006695937019989749
2.09201e-05,-0.0058834370199897495
2.09202e-05,-0.0026959370199897484
2.09203e-05,0.0006790609800102505
2.09204e-05,0.001304060980010251
2.09205e-05,-0.0002271890199897486
2.09206e-05,0.001304060980010251
2.09207e-05,0.006647810980010252
2.09208e-05,0.009304060980010251
2.09209e-05,0.00439781098001025
2.0921e-05,-0.0026959370199897484
2.09211e-05,-0.00505531201998975
2.09212e-05,-0.0026959370199897484
2.09213e-05,-0.0009459370199897486
2.09214e-05,-0.0026959370199897484
2.09215e-05,-0.0049459370199897495
2.09216e-05,-0.0026959370199897484
2.09217e-05,0.00335094098001025
2.09218e-05,0.005304060980010251
2.09219e-05,-0.0005553090199897498
2.0922e-05,-0.006695937019989749
2.09221e-05,-0.00500843701998975
2.09222e-05,0.001304060980010251
2.09223e-05,0.003944690980010251
2.09224e-05,0.001304060980010251
2.09225e-05,-0.0022896870199897498
2.09226e-05,-0.0026959370199897484
2.09227e-05,-0.0003365590199897496
2.09228e-05,0.001304060980010251
2.09229e-05,-5.530901998974935e-05
2.0923e-05,-0.0026959370199897484
2.09231e-05,-0.003586562019989749
2.09232e-05,-0.0026959370199897484
2.09233e-05,-0.0022115620199897497
2.09234e-05,-0.0026959370199897484
2.09235e-05,-0.003164687019989749
2.09236e-05,-0.0026959370199897484
2.09237e-05,-0.0009771870199897486
2.09238e-05,0.001304060980010251
2.09239e-05,0.0025540609800102504
2.0924e-05,0.001304060980010251
2.09241e-05,-0.00252406201998975
2.09242e-05,-0.006695937019989749
2.09243e-05,-0.00844593701998975
2.09244e-05,-0.006695937019989749
2.09245e-05,-0.00246156201998975
2.09246e-05,0.001304060980010251
2.09247e-05,0.002475940980010251
2.09248e-05,0.001304060980010251
2.09249e-05,-0.0009459370199897486
2.0925e-05,-0.0026959370199897484
2.09251e-05,-0.003258437019989749
2.09252e-05,-0.0026959370199897484
2.09253e-05,-0.0012271870199897488
2.09254e-05,0.001304060980010251
2.09255e-05,0.0029759409800102516
2.09256e-05,0.001304060980010251
2.09257e-05,-0.003524062019989749
2.09258e-05,-0.006695937019989749
2.09259e-05,-0.005180312019989749
2.0926e-05,-0.0026959370199897484
2.09261e-05,-0.0036334370199897492
2.09262e-05,-0.006695937019989749
2.09263e-05,-0.00811781201998975
2.09264e-05,-0.006695937019989749
2.09265e-05,-0.004180312019989749
2.09266e-05,-0.0026959370199897484
2.09267e-05,-0.00255531201998975
2.09268e-05,-0.0026959370199897484
2.09269e-05,-0.003305312019989749
2.0927e-05,-0.006695937019989749
2.09271e-05,-0.01228968701998975
2.09272e-05,-0.014695937019989749
2.09273e-05,-0.01091468721998975
2.09274e-05,-0.006695937019989749
2.09275e-05,-0.006555312019989749
2.09276e-05,-0.006695937019989749
2.09277e-05,-0.0030084370199897495
2.09278e-05,0.001304060980010251
2.09279e-05,0.0008821909800102515
2.0928e-05,-0.0026959370199897484
2.09281e-05,-0.004539687019989749
2.09282e-05,-0.0026959370199897484
2.09283e-05,-0.000633439019989749
2.09284e-05,-0.0026959370199897484
2.09285e-05,-0.009242812019989749
2.09286e-05,-0.014695937019989749
2.09287e-05,-0.01430531201998975
2.09288e-05,-0.01069593723185075
2.09289e-05,-0.00805531201998975
2.0929e-05,-0.006695937019989749
2.09291e-05,-0.004633437019989749
2.09292e-05,-0.0026959370199897484
2.09293e-05,-0.0022896870199897498
2.09294e-05,-0.0026959370199897484
2.09295e-05,-0.00255531201998975
2.09296e-05,-0.0026959370199897484
2.09297e-05,-0.004492812019989749
2.09298e-05,-0.006695937019989749
2.09299e-05,-0.007774062019989749
2.093e-05,-0.006695937019989749
2.09301e-05,-0.003508437019989749
2.09302e-05,0.001304060980010251
2.09303e-05,0.005272810980010251
2.09304e-05,0.005304060980010251
2.09305e-05,0.00014781098001025
2.09306e-05,-0.006695937019989749
2.09307e-05,-0.010774062229989749
2.09308e-05,-0.01069593723185075
2.09309e-05,-0.00813343701998975
2.0931e-05,-0.006695937019989749
2.09311e-05,-0.007086562019989749
2.09312e-05,-0.006695937019989749
2.09313e-05,-0.004242812019989749
2.09314e-05,-0.0026959370199897484
2.09315e-05,-0.003352187019989749
2.09316e-05,-0.0026959370199897484
2.09317e-05,0.0016790609800102513
2.09318e-05,0.005304060980010251
2.09319e-05,0.00303844098001025
2.0932e-05,-0.0026959370199897484
2.09321e-05,-0.006664687019989749
2.09322e-05,-0.006695937019989749
2.09323e-05,-0.004524062019989749
2.09324e-05,-0.0026959370199897484
2.09325e-05,-0.001399062019989749
2.09326e-05,0.001304060980010251
2.09327e-05,0.004866560980010251
2.09328e-05,0.005304060980010251
2.09329e-05,0.0009603109800102507
2.0933e-05,-0.0026959370199897484
2.09331e-05,-0.001477187019989749
2.09332e-05,0.001304060980010251
2.09333e-05,0.00042906098001025024
2.09334e-05,-0.0026959370199897484
2.09335e-05,-0.0038521870199897494
2.09336e-05,-0.0026959370199897484
2.09337e-05,-0.0017584370199897493
2.09338e-05,-0.0026959370199897484
2.09339e-05,-0.004836562019989749
2.0934e-05,-0.006695937019989749
2.09341e-05,-0.00608656201998975
2.09342e-05,-0.0026959370199897484
2.09343e-05,0.0019446909800102507
2.09344e-05,0.005304060980010251
2.09345e-05,0.004913440980010252
2.09346e-05,0.001304060980010251
2.09347e-05,-0.0027115620199897484
2.09348e-05,-0.0026959370199897484
2.09349e-05,0.0014759409800102503
2.0935e-05,0.005304060980010251
2.09351e-05,0.0035540609800102513
2.09352e-05,-0.0026959370199897484
2.09353e-05,-0.008805312019989749
2.09354e-05,-0.01069593723185075
2.09355e-05,-0.00847718701998975
2.09356e-05,-0.006695937019989749
2.09357e-05,-0.00782093701998975
2.09358e-05,-0.01069593723185075
2.09359e-05,-0.01185218701998975
2.0936e-05,-0.01069593723185075
2.09361e-05,-0.008524062019989748
2.09362e-05,-0.006695937019989749
2.09363e-05,-0.004727187019989749
2.09364e-05,-0.0026959370199897484
2.09365e-05,-0.000664689019989749
2.09366e-05,0.001304060980010251
2.09367e-05,0.00116344098001025
2.09368e-05,-0.0026959370199897484
2.09369e-05,-0.00860218701998975
2.0937e-05,-0.01069593723185075
2.09371e-05,-0.0058990620199897495
2.09372e-05,0.001304060980010251
2.09373e-05,0.004163440980010251
2.09374e-05,0.001304060980010251
2.09375e-05,-0.0037584370199897493
2.09376e-05,-0.006695937019989749
2.09377e-05,-0.0058834370199897495
2.09378e-05,-0.0026959370199897484
2.09379e-05,0.00028844098001025095
2.0938e-05,0.001304060980010251
2.09381e-05,0.0008040609800102506
2.09382e-05,0.001304060980010251
2.09383e-05,0.002475940980010251
2.09384e-05,0.001304060980010251
2.09385e-05,-0.0031021870199897496
2.09386e-05,-0.006695937019989749
2.09387e-05,-0.0058834370199897495
2.09388e-05,-0.0026959370199897484
2.09389e-05,-0.0012896870199897489
2.0939e-05,-0.0026959370199897484
2.09391e-05,-0.00407093701998975
2.09392e-05,-0.0026959370199897484
2.09393e-05,0.0005540609800102504
2.09394e-05,0.001304060980010251
2.09395e-05,-0.001414687019989749
2.09396e-05,-0.0026959370199897484
2.09397e-05,0.0009759409800102516
2.09398e-05,0.005304060980010251
2.09399e-05,0.0046790609800102505
2.094e-05,0.001304060980010251
2.09401e-05,-5.530901998974935e-05
2.09402e-05,0.001304060980010251
2.09403e-05,0.003147810980010251
2.09404e-05,0.005304060980010251
2.09405e-05,0.006975940980010252
2.09406e-05,0.005304060980010251
2.09407e-05,0.00024156098001025007
2.09408e-05,-0.0026959370199897484
2.09409e-05,-0.0006803090199897499
2.0941e-05,0.001304060980010251
2.09411e-05,-0.0006803090199897499
2.09412e-05,-0.0026959370199897484
2.09413e-05,0.00024156098001025007
2.09414e-05,0.005304060980010251
2.09415e-05,0.006975940980010252
2.09416e-05,0.005304060980010251
2.09417e-05,0.003147810980010251
2.09418e-05,0.001304060980010251
2.09419e-05,-5.530901998974935e-05
2.0942e-05,0.001304060980010251
2.09421e-05,0.004741560980010251
2.09422e-05,0.005304060980010251
2.09423e-05,0.0008196909800102514
2.09424e-05,-0.0026959370199897484
2.09425e-05,-0.0010240620199897486
2.09426e-05,0.001304060980010251
2.09427e-05,-0.0003053090199897496
2.09428e-05,-0.0026959370199897484
2.09429e-05,-0.0012740620199897489
2.0943e-05,0.001304060980010251
2.09431e-05,0.0006165609800102504
2.09432e-05,-0.0026959370199897484
2.09433e-05,-0.004227187019989749
2.09434e-05,-0.0026959370199897484
2.09435e-05,3.844098001025073e-05
2.09436e-05,0.001304060980010251
2.09437e-05,0.0007728109800102505
2.09438e-05,0.001304060980010251
2.09439e-05,0.0047884409800102515
2.0944e-05,0.009304060980010251
2.09441e-05,0.010835310980010249
2.09442e-05,0.009304060980010251
2.09443e-05,0.0057103109800102515
2.09444e-05,0.001304060980010251
2.09445e-05,-0.00252406201998975
2.09446e-05,-0.0026959370199897484
2.09447e-05,0.0003665609800102502
2.09448e-05,0.001304060980010251
2.09449e-05,-0.00263343701998975
2.0945e-05,-0.006695937019989749
2.09451e-05,-0.005774062019989749
2.09452e-05,-0.0026959370199897484
2.09453e-05,-0.0017428120199897493
2.09454e-05,-0.0026959370199897484
2.09455e-05,-0.0027896870199897485
2.09456e-05,-0.0026959370199897484
2.09457e-05,-0.003352187019989749
2.09458e-05,-0.0026959370199897484
2.09459e-05,0.00010094098001025079
2.0946e-05,0.001304060980010251
2.09461e-05,-0.0011646870199897488
2.09462e-05,-0.0026959370199897484
2.09463e-05,-0.0005396890199897489
2.09464e-05,0.001304060980010251
2.09465e-05,-0.0007896870199897484
2.09466e-05,-0.0026959370199897484
2.09467e-05,-0.000633439019989749
2.09468e-05,0.001304060980010251
2.09469e-05,-0.001539687019989749
2.0947e-05,-0.006695937019989749
2.09471e-05,-0.008524062019989748
2.09472e-05,-0.006695937019989749
2.09473e-05,-0.00405531201998975
2.09474e-05,-0.0026959370199897484
2.09475e-05,-0.0016490620199897492
2.09476e-05,0.001304060980010251
2.09477e-05,0.006054060980010252
2.09478e-05,0.009304060980010251
2.09479e-05,0.00824156098001025
2.0948e-05,0.005304060980010251
2.09481e-05,0.00306969098001025
2.09482e-05,0.001304060980010251
2.09483e-05,-0.001383437019989749
2.09484e-05,-0.0026959370199897484
2.09485e-05,-0.0010709370199897487
2.09486e-05,0.001304060980010251
2.09487e-05,0.0016946909800102505
2.09488e-05,0.001304060980010251
2.09489e-05,0.0016634409800102504
2.0949e-05,0.001304060980010251
2.09491e-05,-0.0007428120199897484
2.09492e-05,-0.0026959370199897484
2.09493e-05,-0.0027740620199897485
2.09494e-05,-0.0026959370199897484
2.09495e-05,-0.004305312019989749
2.09496e-05,-0.006695937019989749
2.09497e-05,-0.006680312019989749
2.09498e-05,-0.0026959370199897484
2.09499e-05,0.0029759409800102516
2.095e-05,0.005304060980010251
2.09501e-05,0.00303844098001025
2.09502e-05,0.001304060980010251
2.09503e-05,0.00328844098001025
2.09504e-05,0.005304060980010251
2.09505e-05,0.0023665609800102502
2.09506e-05,-0.0026959370199897484
2.09507e-05,-0.004680312019989749
2.09508e-05,-0.0026959370199897484
2.09509e-05,8.531098001024993e-05
2.0951e-05,0.001304060980010251
2.09511e-05,0.000319690980010251
2.09512e-05,-0.0026959370199897484
2.09513e-05,-0.0059146870199897495
2.09514e-05,-0.006695937019989749
2.09515e-05,-0.004524062019989749
2.09516e-05,-0.0026959370199897484
2.09517e-05,-0.0029303120199897495
2.09518e-05,-0.0026959370199897484
2.09519e-05,-0.00025843901998974864
2.0952e-05,0.001304060980010251
2.09521e-05,-0.00047718901998974883
2.09522e-05,-0.0026959370199897484
2.09523e-05,-0.00252406201998975
2.09524e-05,-0.0026959370199897484
2.09525e-05,-0.005336562019989749
2.09526e-05,-0.006695937019989749
2.09527e-05,-0.003336562019989749
2.09528e-05,0.001304060980010251
2.09529e-05,0.0025540609800102504
2.0953e-05,0.001304060980010251
2.09531e-05,0.0006634409800102513
2.09532e-05,0.001304060980010251
2.09533e-05,0.0016790609800102513
2.09534e-05,0.001304060980010251
2.09535e-05,0.0009759409800102516
2.09536e-05,0.001304060980010251
2.09537e-05,0.0017728109800102514
2.09538e-05,0.001304060980010251
2.09539e-05,-0.0007428120199897484
2.0954e-05,-0.0026959370199897484
2.09541e-05,-0.0021334370199897496
2.09542e-05,0.001304060980010251
2.09543e-05,0.005929060980010252
2.09544e-05,0.009304060980010251
2.09545e-05,0.00919469098001025
2.09546e-05,0.005304060980010251
2.09547e-05,-7.093901998974847e-05
2.09548e-05,-0.0026959370199897484
2.09549e-05,-0.0012740620199897489
2.0955e-05,0.001304060980010251
2.09551e-05,0.0018821909800102506
2.09552e-05,0.001304060980010251
2.09553e-05,0.002288440980010251
2.09554e-05,0.005304060980010251
2.09555e-05,0.007569690980010252
2.09556e-05,0.005304060980010251
2.09557e-05,-0.0012896870199897489
2.09558e-05,-0.006695937019989749
2.09559e-05,-0.006445937019989749
2.0956e-05,-0.0026959370199897484
2.09561e-05,0.0010071909800102516
2.09562e-05,0.005304060980010251
2.09563e-05,0.00966344098001025
2.09564e-05,0.009304060980010251
2.09565e-05,0.0026790609800102505
2.09566e-05,-0.0026959370199897484
2.09567e-05,-0.001383437019989749
2.09568e-05,0.001304060980010251
2.09569e-05,-0.001383437019989749
2.0957e-05,-0.006695937019989749
2.09571e-05,-0.007524062019989749
2.09572e-05,-0.0026959370199897484
2.09573e-05,0.00319469098001025
2.09574e-05,0.005304060980010251
2.09575e-05,0.0024290609800102503
2.09576e-05,-0.0026959370199897484
2.09577e-05,-0.005289687019989749
2.09578e-05,-0.0026959370199897484
2.09579e-05,0.0026790609800102505
2.0958e-05,0.005304060980010251
2.09581e-05,0.00227281098001025
2.09582e-05,-0.0026959370199897484
2.09583e-05,-0.004727187019989749
2.09584e-05,-0.0026959370199897484
2.09585e-05,0.000350940980010251
2.09586e-05,0.001304060980010251
2.09587e-05,-0.00024280901998974952
2.09588e-05,-0.0026959370199897484
2.09589e-05,-0.0037740620199897493
2.0959e-05,-0.0026959370199897484
2.09591e-05,-0.001320937019989749
2.09592e-05,-0.0026959370199897484
2.09593e-05,-0.0059771870199897496
2.09594e-05,-0.006695937019989749
2.09595e-05,-0.0017584370199897493
2.09596e-05,0.005304060980010251
2.09597e-05,0.00839781098001025
2.09598e-05,0.005304060980010251
2.09599e-05,-0.0005396890199897489
2.096e-05,-0.0026959370199897484
2.09601e-05,0.0008196909800102514
2.09602e-05,0.005304060980010251
2.09603e-05,0.006210310980010252
2.09604e-05,0.005304060980010251
2.09605e-05,0.00528844098001025
2.09606e-05,0.005304060980010251
2.09607e-05,0.003210310980010251
2.09608e-05,0.001304060980010251
2.09609e-05,0.002382190980010251
2.0961e-05,0.005304060980010251
2.09611e-05,0.006647810980010252
2.09612e-05,0.005304060980010251
2.09613e-05,0.0026478109800102505
2.09614e-05,0.001304060980010251
2.09615e-05,0.0016946909800102505
2.09616e-05,0.001304060980010251
2.09617e-05,-0.0010709370199897487
2.09618e-05,-0.0026959370199897484
2.09619e-05,-0.0010396870199897486
2.0962e-05,0.001304060980010251
2.09621e-05,0.0016790609800102513
2.09622e-05,0.001304060980010251
2.09623e-05,0.0019290609800102516
2.09624e-05,0.001304060980010251
2.09625e-05,-0.0016334370199897492
2.09626e-05,-0.0026959370199897484
2.09627e-05,0.0009134409800102515
2.09628e-05,0.005304060980010251
2.09629e-05,0.006085310980010252
2.0963e-05,0.005304060980010251
2.09631e-05,0.0056009409800102505
2.09632e-05,0.005304060980010251
2.09633e-05,0.0018353109800102515
2.09634e-05,-0.0026959370199897484
2.09635e-05,-0.004430312019989749
2.09636e-05,-0.0026959370199897484
2.09637e-05,0.00010094098001025079
2.09638e-05,0.001304060980010251
2.09639e-05,0.0008196909800102514
2.0964e-05,0.001304060980010251
2.09641e-05,0.0038196909800102506
2.09642e-05,0.005304060980010251
2.09643e-05,0.0035384409800102504
2.09644e-05,0.001304060980010251
2.09645e-05,0.00116344098001025
2.09646e-05,0.001304060980010251
2.09647e-05,-0.0005709390199897489
2.09648e-05,-0.0026959370199897484
2.09649e-05,-0.0018990620199897494
2.0965e-05,0.001304060980010251
2.09651e-05,0.003366560980010251
2.09652e-05,0.001304060980010251
2.09653e-05,-0.0026959370199897484
2.09654e-05,-0.0026959370199897484
2.09655e-05,0.0034446909800102503
2.09656e-05,0.009304060980010251
2.09657e-05,0.00883531098001025
2.09658e-05,0.005304060980010251
2.09659e-05,0.00396031098001025
2.0966e-05,0.005304060980010251
2.09661e-05,0.005929060980010252
2.09662e-05,0.005304060980010251
2.09663e-05,0.004897810980010251
2.09664e-05,0.005304060980010251
2.09665e-05,0.0046478109800102505
2.09666e-05,0.001304060980010251
2.09667e-05,-0.0038834370199897494
2.09668e-05,-0.006695937019989749
2.09669e-05,-0.00405531201998975
2.0967e-05,0.001304060980010251
2.09671e-05,0.0048821909800102516
2.09672e-05,0.005304060980010251
2.09673e-05,0.0037415609800102514
2.09674e-05,0.001304060980010251
2.09675e-05,-0.0011959370199897488
2.09676e-05,-0.0026959370199897484
2.09677e-05,-0.0027428120199897484
2.09678e-05,-0.0026959370199897484
2.09679e-05,-0.003164687019989749
2.0968e-05,-0.0026959370199897484
2.09681e-05,-0.000633439019989749
2.09682e-05,0.001304060980010251
2.09683e-05,0.0016634409800102504
2.09684e-05,0.001304060980010251
2.09685e-05,0.0014446909800102502
2.09686e-05,0.001304060980010251
2.09687e-05,-0.00038343901998974875
2.09688e-05,-0.0026959370199897484
2.09689e-05,-0.0037896870199897494
2.0969e-05,-0.0026959370199897484
2.09691e-05,-0.0003053090199897496
2.09692e-05,0.001304060980010251
2.09693e-05,0.00128844098001025
2.09694e-05,0.001304060980010251
2.09695e-05,0.0019915609800102516
2.09696e-05,0.001304060980010251
2.09697e-05,-0.001492812019989749
2.09698e-05,-0.0026959370199897484
2.09699e-05,-0.0005084390199897489
2.097e-05,0.001304060980010251
2.09701e-05,-0.00047718901998974883
2.09702e-05,-0.0026959370199897484
2.09703e-05,-0.001508437019989749
2.09704e-05,0.001304060980010251
2.09705e-05,0.0011478109800102509
2.09706e-05,-0.0026959370199897484
2.09707e-05,-0.006555312019989749
2.09708e-05,-0.006695937019989749
2.09709e-05,-0.0027271870199897484
2.0971e-05,0.001304060980010251
2.09711e-05,0.00122594098001025
2.09712e-05,-0.0026959370199897484
2.09713e-05,-0.006555312019989749
2.09714e-05,-0.006695937019989749
2.09715e-05,-0.0030084370199897495
2.09716e-05,0.001304060980010251
2.09717e-05,0.0028978109800102507
2.09718e-05,0.001304060980010251
2.09719e-05,-0.001461562019989749
2.0972e-05,-0.0026959370199897484
2.09721e-05,-0.00238343701998975
2.09722e-05,-0.0026959370199897484
2.09723e-05,-0.004820937019989749
2.09724e-05,-0.006695937019989749
2.09725e-05,-0.0058365620199897494
2.09726e-05,-0.0026959370199897484
2.09727e-05,0.00010094098001025079
2.09728e-05,0.001304060980010251
2.09729e-05,0.0003978109800102502
2.0973e-05,-0.0026959370199897484
2.09731e-05,-0.006102187019989749
2.09732e-05,-0.006695937019989749
2.09733e-05,-0.00411781201998975
2.09734e-05,-0.0026959370199897484
2.09735e-05,-0.005727187019989749
2.09736e-05,-0.01069593723185075
2.09737e-05,-0.011617812219989749
2.09738e-05,-0.006695937019989749
2.09739e-05,0.0010384409800102516
2.0974e-05,0.005304060980010251
2.09741e-05,0.0029134409800102515
2.09742e-05,-0.0026959370199897484
2.09743e-05,-0.005586562019989749
2.09744e-05,-0.0026959370199897484
2.09745e-05,0.003944690980010251
2.09746e-05,0.009304060980010251
2.09747e-05,0.009397810980010251
2.09748e-05,0.005304060980010251
2.09749e-05,8.531098001024993e-05
2.0975e-05,-0.0026959370199897484
2.09751e-05,-0.0019459370199897495
2.09752e-05,0.001304060980010251
2.09753e-05,0.00452281098001025
2.09754e-05,0.005304060980010251
2.09755e-05,0.00319469098001025
2.09756e-05,0.001304060980010251
2.09757e-05,0.0014134409800102502
2.09758e-05,0.001304060980010251
2.09759e-05,-0.0006803090199897499
2.0976e-05,-0.0026959370199897484
2.09761e-05,-0.0028365620199897485
2.09762e-05,-0.0026959370199897484
2.09763e-05,-0.003430312019989749
2.09764e-05,-0.0026959370199897484
2.09765e-05,0.0014290609800102511
2.09766e-05,0.005304060980010251
2.09767e-05,0.0048196909800102515
2.09768e-05,0.001304060980010251
2.09769e-05,-0.0017896870199897493
2.0977e-05,-0.0026959370199897484
2.09771e-05,-0.0015709370199897491
2.09772e-05,0.001304060980010251
2.09773e-05,0.00442906098001025
2.09774e-05,0.005304060980010251
2.09775e-05,0.002163440980010251
2.09776e-05,-0.0026959370199897484
2.09777e-05,-0.00607093701998975
2.09778e-05,-0.006695937019989749
2.09779e-05,-0.00500843701998975
2.0978e-05,-0.0026959370199897484
2.09781e-05,-0.001430312019989749
2.09782e-05,-0.0026959370199897484
2.09783e-05,-0.005524062019989749
2.09784e-05,-0.006695937019989749
2.09785e-05,-0.004774062019989749
2.09786e-05,-0.0026959370199897484
2.09787e-05,-0.00261781201998975
2.09788e-05,-0.0026959370199897484
2.09789e-05,-0.0008834370199897485
2.0979e-05,0.001304060980010251
2.09791e-05,0.0005696909800102512
2.09792e-05,-0.0026959370199897484
2.09793e-05,-0.005742812019989749
2.09794e-05,-0.006695937019989749
2.09795e-05,-0.005336562019989749
2.09796e-05,-0.0026959370199897484
2.09797e-05,-0.0012271870199897488
2.09798e-05,-0.0026959370199897484
2.09799e-05,-0.00599281201998975
2.098e-05,-0.006695937019989749
2.09801e-05,-0.0028209370199897485
2.09802e-05,0.001304060980010251
2.09803e-05,0.0011165609800102509
2.09804e-05,-0.0026959370199897484
2.09805e-05,-0.007086562019989749
2.09806e-05,-0.01069593723185075
2.09807e-05,-0.01266468701998975
2.09808e-05,-0.01069593723185075
2.09809e-05,-0.004445937019989749
2.0981e-05,0.001304060980010251
2.09811e-05,0.002538440980010251
2.09812e-05,0.001304060980010251
2.09813e-05,-2.4059019989749325e-05
2.09814e-05,-0.0026959370199897484
2.09815e-05,-0.007555312019989749
2.09816e-05,-0.01069593723185075
2.09817e-05,-0.009227187019989749
2.09818e-05,-0.006695937019989749
2.09819e-05,-0.006492812019989749
2.0982e-05,-0.006695937019989749
2.09821e-05,-0.004492812019989749
2.09822e-05,-0.0026959370199897484
2.09823e-05,-0.00413343701998975
2.09824e-05,-0.006695937019989749
2.09825e-05,-0.006336562019989749
2.09826e-05,-0.0026959370199897484
2.09827e-05,0.0017103109800102514
2.09828e-05,0.005304060980010251
2.09829e-05,0.006569690980010251
2.0983e-05,0.005304060980010251
2.09831e-05,0.0013821909800102502
2.09832e-05,-0.0026959370199897484
2.09833e-05,-0.005399062019989749
2.09834e-05,-0.006695937019989749
2.09835e-05,-0.006961562019989749
2.09836e-05,-0.006695937019989749
2.09837e-05,-0.006164687019989749
2.09838e-05,-0.006695937019989749
2.09839e-05,-0.00847718701998975
2.0984e-05,-0.01069593723185075
2.09841e-05,-0.010602187229989748
2.09842e-05,-0.006695937019989749
2.09843e-05,8.531098001024993e-05
2.09844e-05,0.005304060980010251
2.09845e-05,0.006225940980010251
2.09846e-05,0.005304060980010251
2.09847e-05,0.004225940980010251
2.09848e-05,0.001304060980010251
2.09849e-05,-0.00410218701998975
2.0985e-05,-0.006695937019989749
2.09851e-05,-0.003289687019989749
2.09852e-05,0.001304060980010251
2.09853e-05,0.0019915609800102516
2.09854e-05,0.001304060980010251
2.09855e-05,0.00310094098001025
2.09856e-05,0.005304060980010251
2.09857e-05,0.004319690980010251
2.09858e-05,0.001304060980010251
2.09859e-05,-0.00016468901998974855
2.0986e-05,0.001304060980010251
2.09861e-05,0.0038665609800102516
2.09862e-05,0.005304060980010251
2.09863e-05,0.005116560980010251
2.09864e-05,0.005304060980010251
2.09865e-05,0.006163440980010251
2.09866e-05,0.005304060980010251
2.09867e-05,0.00116344098001025
2.09868e-05,-0.0026959370199897484
2.09869e-05,-0.0022271870199897497
2.0987e-05,0.001304060980010251
2.09871e-05,0.004257190980010251
2.09872e-05,0.005304060980010251
2.09873e-05,0.004413440980010251
2.09874e-05,0.001304060980010251
2.09875e-05,-0.00239906201998975
2.09876e-05,-0.0026959370199897484
2.09877e-05,0.0016165609800102513
2.09878e-05,0.005304060980010251
2.09879e-05,0.004319690980010251
2.0988e-05,0.001304060980010251
2.09881e-05,0.00041344098001025106
2.09882e-05,0.001304060980010251
2.09883e-05,0.0016165609800102513
2.09884e-05,0.001304060980010251
2.09885e-05,0.002288440980010251
2.09886e-05,0.005304060980010251
2.09887e-05,0.00839781098001025
2.09888e-05,0.009304060980010251
2.09889e-05,0.0073665609800102495
2.0989e-05,0.005304060980010251
2.09891e-05,0.004991560980010251
2.09892e-05,0.005304060980010251
2.09893e-05,0.0038821909800102507
2.09894e-05,0.001304060980010251
2.09895e-05,-0.00011780901998974941
2.09896e-05,0.001304060980010251
2.09897e-05,0.004163440980010251
2.09898e-05,0.005304060980010251
2.09899e-05,0.0034446909800102503
2.099e-05,0.001304060980010251
2.09901e-05,0.0010540609800102508
2.09902e-05,0.001304060980010251
2.09903e-05,-0.0002271890199897486
2.09904e-05,-0.0026959370199897484
2.09905e-05,-0.003586562019989749
2.09906e-05,-0.0026959370199897484
2.09907e-05,-0.0018990620199897494
2.09908e-05,-0.0026959370199897484
2.09909e-05,-0.004852187019989749
2.0991e-05,-0.006695937019989749
2.09911e-05,-0.00600843701998975
2.09912e-05,-0.0026959370199897484
2.09913e-05,0.0010228109800102508
2.09914e-05,0.001304060980010251
2.09915e-05,-0.00255531201998975
2.09916e-05,-0.006695937019989749
2.09917e-05,-0.007727187019989749
2.09918e-05,-0.006695937019989749
2.09919e-05,-0.005320937019989749
2.0992e-05,-0.0026959370199897484
2.09921e-05,0.0019134409800102507
2.09922e-05,0.005304060980010251
2.09923e-05,0.00446031098001025
2.09924e-05,0.001304060980010251
2.09925e-05,-0.0011646870199897488
2.09926e-05,-0.0026959370199897484
2.09927e-05,-0.0037115620199897493
2.09928e-05,-0.0026959370199897484
2.09929e-05,0.00106969098001025
2.0993e-05,0.005304060980010251
2.09931e-05,0.006710310980010252
2.09932e-05,0.005304060980010251
2.09933e-05,0.0029446909800102516
2.09934e-05,0.001304060980010251
2.09935e-05,0.0006946909800102513
2.09936e-05,0.001304060980010251
2.09937e-05,0.0019603109800102516
2.09938e-05,0.001304060980010251
2.09939e-05,-7.093901998974847e-05
2.0994e-05,0.001304060980010251
2.09941e-05,0.00510094098001025
2.09942e-05,0.005304060980010251
2.09943e-05,-0.0008521870199897485
2.09944e-05,-0.006695937019989749
2.09945e-05,-0.00605531201998975
2.09946e-05,-0.0026959370199897484
2.09947e-05,-0.0021334370199897496
2.09948e-05,-0.0026959370199897484
2.09949e-05,-0.0007271870199897484
2.0995e-05,0.001304060980010251
2.09951e-05,-8.655901998974938e-05
2.09952e-05,-0.0026959370199897484
2.09953e-05,-0.003164687019989749
2.09954e-05,-0.0026959370199897484
2.09955e-05,-0.0029615620199897495
2.09956e-05,-0.0026959370199897484
2.09957e-05,-0.0006178090199897499
2.09958e-05,0.001304060980010251
2.09959e-05,0.00033531098001025016
2.0996e-05,-0.0026959370199897484
2.09961e-05,-0.004461562019989749
2.09962e-05,-0.0026959370199897484
2.09963e-05,0.0017728109800102514
2.09964e-05,0.005304060980010251
2.09965e-05,0.0048821909800102516
2.09966e-05,0.001304060980010251
2.09967e-05,-0.0022271870199897497
2.09968e-05,-0.0026959370199897484
2.09969e-05,-0.00038343901998974875
2.0997e-05,0.001304060980010251
2.09971e-05,0.0009915609800102507
2.09972e-05,0.001304060980010251
2.09973e-05,0.0037571909800102506
2.09974e-05,0.005304060980010251
2.09975e-05,0.0034446909800102503
2.09976e-05,0.001304060980010251
2.09977e-05,0.002444690980010251
2.09978e-05,0.005304060980010251
2.09979e-05,0.006116560980010252
2.0998e-05,0.005304060980010251
2.09981e-05,0.0048196909800102515
2.09982e-05,0.005304060980010251
2.09983e-05,0.0056009409800102505
2.09984e-05,0.005304060980010251
2.09985e-05,0.003944690980010251
2.09986e-05,0.001304060980010251
2.09987e-05,-0.0015865620199897491
2.09988e-05,-0.0026959370199897484
2.09989e-05,-0.0010865620199897487
2.0999e-05,0.001304060980010251
2.09991e-05,0.0023978109800102503
2.09992e-05,0.001304060980010251
2.09993e-05,8.531098001024993e-05
2.09994e-05,0.001304060980010251
2.09995e-05,0.00442906098001025
2.09996e-05,0.005304060980010251
2.09997e-05,0.0025228109800102504
2.09998e-05,0.001304060980010251
2.09999e-05,0.00503844098001025
2.1e-05,0.009304060980010251
2.10001e-05,0.00856969098001025
2.10002e-05,0.005304060980010251
2.10003e-05,0.00322594098001025
2.10004e-05,0.001304060980010251
2.10005e-05,-0.0018990620199897494
2.10006e-05,-0.0026959370199897484
2.10007e-05,0.001241560980010251
2.10008e-05,0.005304060980010251
2.10009e-05,0.0045540609800102504
2.1001e-05,0.001304060980010251
2.10011e-05,8.531098001024993e-05
2.10012e-05,0.001304060980010251
2.10013e-05,0.002257190980010251
2.10014e-05,0.001304060980010251
2.10015e-05,-0.0007271870199897484
2.10016e-05,-0.0026959370199897484
2.10017e-05,-0.003430312019989749
2.10018e-05,-0.0026959370199897484
2.10019e-05,-0.0015865620199897491
2.1002e-05,-0.0026959370199897484
2.10021e-05,-0.004680312019989749
2.10022e-05,-0.0026959370199897484
2.10023e-05,0.00417906098001025
2.10024e-05,0.009304060980010251
2.10025e-05,0.00792906098001025
2.10026e-05,0.005304060980010251
2.10027e-05,0.006663440980010251
2.10028e-05,0.009304060980010251
2.10029e-05,0.007132190980010252
2.1003e-05,0.001304060980010251
2.10031e-05,-0.0030553120199897496
2.10032e-05,-0.0026959370199897484
2.10033e-05,0.000319690980010251
2.10034e-05,0.001304060980010251
2.10035e-05,-0.0010240620199897486
2.10036e-05,-0.0026959370199897484
2.10037e-05,-0.0007271870199897484
2.10038e-05,0.001304060980010251
2.10039e-05,-0.00016468901998974855
2.1004e-05,-0.0026959370199897484
2.10041e-05,-0.0019615620199897495
2.10042e-05,0.001304060980010251
2.10043e-05,0.0029759409800102516
2.10044e-05,0.001304060980010251
2.10045e-05,-0.0017428120199897493
2.10046e-05,-0.0026959370199897484
2.10047e-05,-0.000633439019989749
2.10048e-05,0.001304060980010251
2.10049e-05,0.00011656098001024996
2.1005e-05,-0.0026959370199897484
2.10051e-05,-0.0038365620199897494
2.10052e-05,-0.0026959370199897484
2.10053e-05,-0.0007740620199897484
2.10054e-05,0.001304060980010251
2.10055e-05,0.0025696909800102512
2.10056e-05,0.001304060980010251
2.10057e-05,-0.0018521870199897494
2.10058e-05,-0.0026959370199897484
2.10059e-05,-5.530901998974935e-05
2.1006e-05,0.001304060980010251
2.10061e-05,-0.0022115620199897497
2.10062e-05,-0.006695937019989749
2.10063e-05,-0.006633437019989749
2.10064e-05,-0.0026959370199897484
2.10065e-05,0.0008040609800102506
2.10066e-05,0.001304060980010251
2.10067e-05,-0.00039905901998974966
2.10068e-05,-0.0026959370199897484
2.10069e-05,-0.0038990620199897495
2.1007e-05,-0.0026959370199897484
2.10071e-05,3.844098001025073e-05
2.10072e-05,0.001304060980010251
2.10073e-05,0.0007103109800102505
2.10074e-05,0.001304060980010251
2.10075e-05,0.004007190980010251
2.10076e-05,0.005304060980010251
2.10077e-05,0.002100940980010251
2.10078e-05,-0.0026959370199897484
2.10079e-05,-0.003617812019989749
2.1008e-05,0.001304060980010251
2.10081e-05,0.00771031098001025
2.10082e-05,0.009304060980010251
2.10083e-05,0.0048821909800102516
2.10084e-05,0.001304060980010251
2.10085e-05,0.003022810980010251
2.10086e-05,0.005304060980010251
2.10087e-05,0.0025853109800102504
2.10088e-05,-0.0026959370199897484
2.10089e-05,-0.004586562019989749
2.1009e-05,-0.0026959370199897484
2.10091e-05,-0.0002271890199897486
2.10092e-05,0.001304060980010251
2.10093e-05,0.0029759409800102516
2.10094e-05,0.005304060980010251
2.10095e-05,0.007757190980010252
2.10096e-05,0.009304060980010251
2.10097e-05,0.00849156098001025
2.10098e-05,0.005304060980010251
2.10099e-05,0.0017884409800102506
2.101e-05,0.001304060980010251
2.10101e-05,0.0036634409800102505
2.10102e-05,0.005304060980010251
2.10103e-05,0.0036946909800102505
2.10104e-05,0.001304060980010251
2.10105e-05,0.0019134409800102507
2.10106e-05,0.005304060980010251
2.10107e-05,0.0073978109800102495
2.10108e-05,0.005304060980010251
2.10109e-05,0.0002728109800102501
2.1011e-05,-0.0026959370199897484
2.10111e-05,-0.0003053090199897496
2.10112e-05,0.005304060980010251
2.10113e-05,0.00847594098001025
2.10114e-05,0.005304060980010251
2.10115e-05,-0.0020084370199897495
2.10116e-05,-0.006695937019989749
2.10117e-05,-0.005477187019989749
2.10118e-05,-0.0026959370199897484
2.10119e-05,-0.00243031201998975
2.1012e-05,-0.0026959370199897484
2.10121e-05,0.00038219098001025104
2.10122e-05,0.005304060980010251
2.10123e-05,0.007272810980010249
2.10124e-05,0.005304060980010251
2.10125e-05,0.00122594098001025
2.10126e-05,-0.0026959370199897484
2.10127e-05,-0.004524062019989749
2.10128e-05,-0.0026959370199897484
2.10129e-05,0.0009759409800102516
2.1013e-05,0.001304060980010251
2.10131e-05,-0.0029771870199897495
2.10132e-05,-0.006695937019989749
2.10133e-05,-0.005570937019989749
2.10134e-05,-0.0026959370199897484
2.10135e-05,-0.0020553120199897496
2.10136e-05,-0.0026959370199897484
2.10137e-05,-0.0006021890199897489
2.10138e-05,0.005304060980010251
2.10139e-05,0.010444690980010251
2.1014e-05,0.009304060980010251
2.10141e-05,0.002163440980010251
2.10142e-05,-0.0026959370199897484
2.10143e-05,-0.0009928120199897486
2.10144e-05,0.001304060980010251
2.10145e-05,-0.0019615620199897495
2.10146e-05,-0.006695937019989749
2.10147e-05,-0.005555312019989749
2.10148e-05,0.001304060980010251
2.10149e-05,0.006710310980010252
2.1015e-05,0.005304060980010251
2.10151e-05,-0.0004928090199897497
2.10152e-05,-0.0026959370199897484
2.10153e-05,0.0016009409800102504
2.10154e-05,0.005304060980010251
2.10155e-05,0.0013196909800102501
2.10156e-05,-0.006695937019989749
2.10157e-05,-0.010070937219989749
2.10158e-05,-0.006695937019989749
2.10159e-05,-0.0011178120199897487
2.1016e-05,0.001304060980010251
2.10161e-05,-0.00028968901998974866
2.10162e-05,-0.0026959370199897484
2.10163e-05,-0.0023053120199897498
2.10164e-05,0.001304060980010251
2.10165e-05,0.004897810980010251
2.10166e-05,0.005304060980010251
2.10167e-05,0.0027415609800102506
2.10168e-05,0.001304060980010251
2.10169e-05,0.002069690980010251
2.1017e-05,0.001304060980010251
2.10171e-05,-0.003164687019989749
2.10172e-05,-0.006695937019989749
2.10173e-05,-0.005383437019989749
2.10174e-05,-0.0026959370199897484
2.10175e-05,-0.00257093701998975
2.10176e-05,-0.0026959370199897484
2.10177e-05,0.0007103109800102505
2.10178e-05,0.005304060980010251
2.10179e-05,0.0057728109800102515
2.1018e-05,0.001304060980010251
2.10181e-05,-0.004445937019989749
2.10182e-05,-0.006695937019989749
2.10183e-05,-0.0038209370199897494
2.10184e-05,0.001304060980010251
2.10185e-05,0.0038353109800102515
2.10186e-05,0.001304060980010251
2.10187e-05,-0.0040084370199897496
2.10188e-05,-0.006695937019989749
2.10189e-05,-0.0049146870199897495
2.1019e-05,-0.0026959370199897484
2.10191e-05,-0.0028365620199897485
2.10192e-05,-0.0026959370199897484
2.10193e-05,0.0009290609800102507
2.10194e-05,0.005304060980010251
2.10195e-05,0.005366560980010251
2.10196e-05,0.001304060980010251
2.10197e-05,-0.003617812019989749
2.10198e-05,-0.006695937019989749
2.10199e-05,-0.006524062019989749
2.102e-05,-0.0026959370199897484
2.10201e-05,0.0028040609800102506
2.10202e-05,0.005304060980010251
2.10203e-05,0.0024603109800102503
2.10204e-05,-0.0026959370199897484
2.10205e-05,-0.006180312019989749
2.10206e-05,-0.006695937019989749
2.10207e-05,-0.00500843701998975
2.10208e-05,-0.0026959370199897484
2.10209e-05,0.00042906098001025024
2.1021e-05,0.005304060980010251
2.10211e-05,0.00864781098001025
2.10212e-05,0.005304060980010251
2.10213e-05,-0.004539687019989749
2.10214e-05,-0.01069593723185075
2.10215e-05,-0.006383437019989749
2.10216e-05,0.001304060980010251
2.10217e-05,0.002413440980010251
2.10218e-05,-0.0026959370199897484
2.10219e-05,-0.007774062019989749
2.1022e-05,-0.01069593723185075
2.10221e-05,-0.01182093701998975
2.10222e-05,-0.01069593723185075
2.10223e-05,-0.006570937019989749
2.10224e-05,-0.0026959370199897484
2.10225e-05,-0.0008834370199897485
2.10226e-05,0.001304060980010251
2.10227e-05,0.004538440980010251
2.10228e-05,0.005304060980010251
2.10229e-05,0.0013821909800102502
2.1023e-05,-0.0026959370199897484
2.10231e-05,-0.003227187019989749
2.10232e-05,-0.0026959370199897484
2.10233e-05,-0.004680312019989749
2.10234e-05,-0.006695937019989749
2.10235e-05,-0.005414687019989749
2.10236e-05,-0.0026959370199897484
2.10237e-05,-0.0018521870199897494
2.10238e-05,-0.0026959370199897484
2.10239e-05,-0.0030240620199897495
2.1024e-05,-0.0026959370199897484
2.10241e-05,-0.00255531201998975
2.10242e-05,-0.0026959370199897484
2.10243e-05,-0.0026959370199897484
2.10244e-05,-0.0026959370199897484
2.10245e-05,-0.0027896870199897485
2.10246e-05,-0.0026959370199897484
2.10247e-05,-0.00252406201998975
2.10248e-05,-0.0026959370199897484
2.10249e-05,-0.0031021870199897496
2.1025e-05,-0.0026959370199897484
2.10251e-05,-0.0008834370199897485
2.10252e-05,0.001304060980010251
2.10253e-05,0.00202281098001025
2.10254e-05,0.001304060980010251
2.10255e-05,-0.0005396890199897489
2.10256e-05,-0.0026959370199897484
2.10257e-05,-0.00405531201998975
2.10258e-05,-0.0026959370199897484
2.10259e-05,0.0005540609800102504
2.1026e-05,0.001304060980010251
2.10261e-05,-0.00255531201998975
2.10262e-05,-0.006695937019989749
2.10263e-05,-0.007195937019989749
2.10264e-05,-0.006695937019989749
2.10265e-05,-0.007492812019989749
2.10266e-05,-0.006695937019989749
2.10267e-05,-0.0022115620199897497
2.10268e-05,0.001304060980010251
2.10269e-05,-0.00024280901998974952
2.1027e-05,-0.0026959370199897484
2.10271e-05,-0.001352187019989749
2.10272e-05,0.001304060980010251
2.10273e-05,0.0005696909800102512
2.10274e-05,-0.0026959370199897484
2.10275e-05,-0.005258437019989749
2.10276e-05,-0.006695937019989749
2.10277e-05,-0.007430312019989749
2.10278e-05,-0.006695937019989749
2.10279e-05,-0.00413343701998975
2.1028e-05,-0.0026959370199897484
2.10281e-05,-0.003195937019989749
2.10282e-05,-0.0026959370199897484
2.10283e-05,0.0011165609800102509
2.10284e-05,0.005304060980010251
2.10285e-05,0.006132190980010251
2.10286e-05,0.005304060980010251
2.10287e-05,0.00513219098001025
2.10288e-05,0.005304060980010251
2.10289e-05,0.004569690980010251
2.1029e-05,0.005304060980010251
2.10291e-05,0.007147810980010249
2.10292e-05,0.005304060980010251
2.10293e-05,-0.0017428120199897493
2.10294e-05,-0.006695937019989749
2.10295e-05,-0.0040240620199897496
2.10296e-05,0.001304060980010251
2.10297e-05,0.0026009409800102513
2.10298e-05,0.001304060980010251
2.10299e-05,0.00230406098001025
2.103e-05,0.005304060980010251
2.10301e-05,0.006616560980010252
2.10302e-05,0.005304060980010251
2.10303e-05,0.0019603109800102516
2.10304e-05,-0.0026959370199897484
2.10305e-05,-0.006774062019989749
2.10306e-05,-0.006695937019989749
2.10307e-05,-0.0022271870199897497
2.10308e-05,0.001304060980010251
2.10309e-05,0.00024156098001025007
2.1031e-05,-0.0026959370199897484
2.10311e-05,-0.003445937019989749
2.10312e-05,-0.0026959370199897484
2.10313e-05,-0.00255531201998975
2.10314e-05,-0.0026959370199897484
2.10315e-05,-0.0011803120199897488
