-4.17e-08,-0.0011161527313067066
-4.16e-08,-0.0006552157313067068
-4.15e-08,0.0006182222686932932
-4.14e-08,0.0013447852686932936
-4.13e-08,0.0004619722686932935
-4.12e-08,-0.0006552157313067068
-4.11e-08,-0.0007489657313067067
-4.1e-08,-0.0006552157313067068
-4.09e-08,-0.0015067777313067068
-4.08e-08,-0.0026552152645037065
-4.07e-08,-0.002897402731306707
-4.06e-08,-0.0026552152645037065
-4.05e-08,-0.0026942777613067066
-4.04e-08,-0.0026552152645037065
-4.03e-08,-0.0018583402313067069
-4.02e-08,-0.0006552157313067068
-4.01e-08,0.0004385352686932932
-4e-08,0.0013447852686932936
-3.99e-08,0.0018525972686932934
-3.98e-08,0.0013447852686932936
-3.97e-08,-0.0004989657313067067
-3.96e-08,-0.0026552152645037065
-3.95e-08,-0.0036083402313067067
-3.94e-08,-0.0026552152645037065
-3.93e-08,-0.00048334073130670667
-3.92e-08,0.0013447852686932936
-3.91e-08,0.0018135352686932931
-3.9e-08,0.0013447852686932936
-3.89e-08,0.0009697852686932932
-3.88e-08,0.0013447852686932936
-3.87e-08,0.0017588472686932933
-3.86e-08,0.0013447852686932936
-3.85e-08,0.00010259726869329315
-3.84e-08,-0.0006552157313067068
-3.83e-08,-3.0214731306706794e-05
-3.82e-08,0.0013447852686932936
-3.81e-08,0.0015713472686932932
-3.8e-08,-0.0006552157313067068
-3.79e-08,-0.0038505277313067065
-3.78e-08,-0.004655215731306707
-3.77e-08,-0.0017802152313067068
-3.76e-08,0.0013447852686932936
-3.75e-08,0.0018604102686932932
-3.74e-08,0.0013447852686932936
-3.73e-08,0.0021338472686932937
-3.72e-08,0.0033447852686932936
-3.71e-08,0.002813535268693293
-3.7e-08,0.0013447852686932936
-3.69e-08,0.0007588472686932933
-3.68e-08,0.0013447852686932936
-3.67e-08,0.0017432222686932933
-3.66e-08,0.0013447852686932936
-3.65e-08,0.0002979102686932935
-3.64e-08,-0.0006552157313067068
-3.63e-08,-0.0009052157313067066
-3.62e-08,-0.0006552157313067068
-3.61e-08,-0.00045209073130670664
-3.6e-08,-0.0006552157313067068
-3.59e-08,-0.0008974027313067067
-3.58e-08,-0.0006552157313067068
-3.57e-08,0.0002900972686932933
-3.56e-08,0.0013447852686932936
-3.55e-08,0.0017744722686932933
-3.54e-08,0.0013447852686932936
-3.53e-08,0.00037603526869329313
-3.52e-08,-0.0006552157313067068
-3.51e-08,-0.0011395907313067066
-3.5e-08,-0.0006552157313067068
-3.49e-08,0.0005166602686932933
-3.48e-08,0.0013447852686932936
-3.47e-08,0.0013447852686932936
-3.46e-08,0.0013447852686932936
-3.45e-08,0.0021338472686932937
-3.44e-08,0.0033447852686932936
-3.43e-08,0.0037900972686932934
-3.42e-08,0.0033447852686932936
-3.41e-08,0.002305722268693293
-3.4e-08,0.0013447852686932936
-3.39e-08,0.0008604102686932931
-3.38e-08,0.0013447852686932936
-3.37e-08,0.0020557222686932936
-3.36e-08,0.0013447852686932936
-3.35e-08,-0.0010145907313067067
-3.34e-08,-0.0026552152645037065
-3.33e-08,-0.0019364652313067067
-3.32e-08,-0.0006552157313067068
-3.31e-08,-0.0005692777313067066
-3.3e-08,-0.0006552157313067068
-3.29e-08,0.0004541602686932932
-3.28e-08,0.0013447852686932936
-3.27e-08,0.0005244722686932931
-3.26e-08,-0.0006552157313067068
-3.25e-08,-0.0006552157313067068
-3.24e-08,-0.0006552157313067068
-3.23e-08,-0.0018114652313067068
-3.22e-08,-0.0026552152645037065
-3.21e-08,-0.0018427152313067068
-3.2e-08,-0.0006552157313067068
-3.19e-08,-0.0005458407313067067
-3.18e-08,-0.0006552157313067068
-3.17e-08,0.0002900972686932933
-3.16e-08,0.0013447852686932936
-3.15e-08,0.0009072852686932932
-3.14e-08,-0.0006552157313067068
-3.13e-08,-0.0020849027313067066
-3.12e-08,-0.0026552152645037065
-3.11e-08,-0.0022177152313067067
-3.1e-08,-0.0006552157313067068
-3.09e-08,0.0011338472686932932
-3.08e-08,0.0013447852686932936
-3.07e-08,-0.0005927157313067068
-3.06e-08,-0.0026552152645037065
-3.05e-08,-0.0030614652313067066
-3.04e-08,-0.0026552152645037065
-3.03e-08,-0.0026474027643067066
-3.02e-08,-0.0026552152645037065
-3.01e-08,-0.0018427152313067068
-3e-08,-0.0006552157313067068
-2.99e-08,-0.0002020897313067065
-2.98e-08,-0.0006552157313067068
-2.97e-08,-0.0010692777313067068
-2.96e-08,-0.0006552157313067068
-2.95e-08,9.478526869329332e-05
-2.94e-08,-0.0006552157313067068
-2.93e-08,-0.0031239652313067067
-2.92e-08,-0.004655215731306707
-2.91e-08,-0.003248965231306707
-2.9e-08,-0.0006552157313067068
-2.89e-08,0.0006729102686932934
-2.88e-08,0.0013447852686932936
-2.87e-08,0.002493222268693293
-2.86e-08,0.0033447852686932936
-2.85e-08,0.002672910268693293
-2.84e-08,0.0013447852686932936
-2.83e-08,0.00039166026869329315
-2.82e-08,-0.0006552157313067068
-2.81e-08,-0.0026005277613067065
-2.8e-08,-0.004655215731306707
-2.79e-08,-0.004998965731306707
-2.78e-08,-0.0026552152645037065
-2.77e-08,0.0011729102686932934
-2.76e-08,0.0033447852686932936
-2.75e-08,0.002602597268693293
-2.74e-08,0.0013447852686932936
-2.73e-08,0.001446347268693293
-2.72e-08,0.0013447852686932936
-2.71e-08,-0.0006864657313067069
-2.7e-08,-0.0026552152645037065
-2.69e-08,-0.0022489652313067068
-2.68e-08,-0.0006552157313067068
-2.67e-08,-0.0002255277313067067
-2.66e-08,-0.0006552157313067068
-2.65e-08,-0.0006708407313067068
-2.64e-08,-0.0006552157313067068
-2.63e-08,-0.0009833407313067067
-2.62e-08,-0.0006552157313067068
-2.61e-08,0.0007432222686932933
-2.6e-08,0.0013447852686932936
-2.59e-08,0.00014166026869329336
-2.58e-08,-0.0006552157313067068
-2.57e-08,0.0003838472686932934
-2.56e-08,0.0013447852686932936
-2.55e-08,0.00041509726869329343
-2.54e-08,-0.0006552157313067068
-2.53e-08,0.00013384726869329318
-2.52e-08,0.0013447852686932936
-2.51e-08,0.0008525972686932934
-2.5e-08,-0.0006552157313067068
-2.49e-08,-0.0012489657313067067
-2.48e-08,-0.0006552157313067068
-2.47e-08,0.00030572226869329333
-2.46e-08,0.0013447852686932936
-2.45e-08,0.002461972268693293
-2.44e-08,0.0033447852686932936
-2.43e-08,0.003532285268693293
-2.42e-08,0.0033447852686932936
-2.41e-08,0.0026338472686932932
-2.4e-08,0.0013447852686932936
-2.39e-08,-0.00017083973130670692
-2.38e-08,-0.0006552157313067068
-2.37e-08,0.0002979102686932935
-2.36e-08,0.0013447852686932936
-2.35e-08,0.0009385352686932932
-2.34e-08,-0.0006552157313067068
-2.33e-08,-0.0020692777313067066
-2.32e-08,-0.0026552152645037065
-2.31e-08,-0.0021005277313067066
-2.3e-08,-0.0006552157313067068
-2.29e-08,0.0009854102686932932
-2.28e-08,0.0013447852686932936
-2.27e-08,0.00018072226869329322
-2.26e-08,-0.0006552157313067068
-2.25e-08,0.0001650972686932932
-2.24e-08,0.0013447852686932936
-2.23e-08,0.0014697852686932937
-2.22e-08,0.0013447852686932936
-2.21e-08,0.0016338472686932932
-2.2e-08,0.0013447852686932936
-2.19e-08,-0.0001395897313067069
-2.18e-08,-0.0006552157313067068
-2.17e-08,0.0011494722686932932
-2.16e-08,0.0033447852686932936
-2.15e-08,0.0032510352686932935
-2.14e-08,0.0013447852686932936
-2.13e-08,-0.0003114647313067066
-2.12e-08,-0.0006552157313067068
-2.11e-08,-0.00041302773130670687
-2.1e-08,-0.0006552157313067068
-2.09e-08,-0.0016474027313067067
-2.08e-08,-0.0026552152645037065
-2.07e-08,-0.002428652731306707
-2.06e-08,-0.0006552157313067068
-2.05e-08,0.001399472268693293
-2.04e-08,0.0013447852686932936
-2.03e-08,-0.0009755277313067067
-2.02e-08,-0.0026552152645037065
-2.01e-08,-0.0018583402313067069
-2e-08,-0.0006552157313067068
-1.99e-08,-0.0008895907313067068
-1.98e-08,-0.0006552157313067068
-1.97e-08,0.0015479102686932929
-1.96e-08,0.0033447852686932936
-1.95e-08,0.0019697852686932932
-1.94e-08,-0.0006552157313067068
-1.93e-08,-0.0014989657313067067
-1.92e-08,-0.0006552157313067068
-1.91e-08,-0.0001395897313067069
-1.9e-08,-0.0006552157313067068
-1.89e-08,-0.0016552152313067067
-1.88e-08,-0.0026552152645037065
-1.87e-08,-0.0031474027313067067
-1.86e-08,-0.0026552152645037065
-1.85e-08,-0.0014130277313067067
-1.84e-08,-0.0006552157313067068
-1.83e-08,-0.0007489657313067067
-1.82e-08,-0.0006552157313067068
-1.81e-08,0.0003291602686932931
-1.8e-08,0.0013447852686932936
-1.79e-08,0.0010166602686932933
-1.78e-08,-0.0006552157313067068
-1.77e-08,-0.002366152731306707
-1.76e-08,-0.0026552152645037065
-1.75e-08,-0.0015692777313067068
-1.74e-08,-0.0006552157313067068
-1.73e-08,-0.0007020907313067066
-1.72e-08,-0.0006552157313067068
-1.71e-08,0.00037603526869329313
-1.7e-08,0.0013447852686932936
-1.69e-08,0.0008213472686932934
-1.68e-08,-0.0006552157313067068
-1.67e-08,-0.0013739657313067068
-1.66e-08,-0.0006552157313067068
-1.65e-08,0.0006650972686932932
-1.64e-08,0.0013447852686932936
-1.63e-08,0.0006338472686932932
-1.62e-08,-0.0006552157313067068
-1.61e-08,-0.0012333407313067067
-1.6e-08,-0.0006552157313067068
-1.59e-08,0.0005713472686932931
-1.58e-08,0.0013447852686932936
-1.57e-08,0.0009072852686932932
-1.56e-08,-0.0006552157313067068
-1.55e-08,-0.002366152731306707
-1.54e-08,-0.0026552152645037065
-1.53e-08,-0.0009755277313067067
-1.52e-08,0.0013447852686932936
-1.51e-08,0.0028213472686932934
-1.5e-08,0.0033447852686932936
-1.49e-08,0.0029619722686932935
-1.48e-08,0.0013447852686932936
-1.47e-08,-0.0012177157313067067
-1.46e-08,-0.0026552152645037065
-1.45e-08,-0.0018427152313067068
-1.44e-08,-0.0006552157313067068
-1.43e-08,-0.0006552157313067068
-1.42e-08,-0.0006552157313067068
-1.41e-08,0.0005322852686932933
-1.4e-08,0.0013447852686932936
-1.39e-08,0.00041509726869329343
-1.38e-08,-0.0006552157313067068
-1.37e-08,-4.583973130670681e-05
-1.36e-08,0.0013447852686932936
-1.35e-08,0.0016338472686932932
-1.34e-08,0.0013447852686932936
-1.33e-08,0.001305722268693293
-1.32e-08,0.0013447852686932936
-1.31e-08,0.0005322852686932933
-1.3e-08,-0.0006552157313067068
-1.29e-08,-0.0015927157313067068
-1.28e-08,-0.0026552152645037065
-1.27e-08,-0.0037724027313067064
-1.26e-08,-0.004655215731306707
-1.25e-08,-0.004694277731306706
-1.24e-08,-0.004655215731306707
-1.23e-08,-0.004764590731306707
-1.22e-08,-0.004655215731306707
-1.21e-08,-0.002780215231306707
-1.2e-08,0.0013447852686932936
-1.19e-08,0.006290097268693293
-1.18e-08,0.009344787268693294
-1.17e-08,0.008485407268693294
-1.16e-08,0.005344785268693293
-1.15e-08,0.002446347268693293
-1.14e-08,0.0013447852686932936
-1.13e-08,0.0014385352686932936
-1.12e-08,0.0013447852686932936
-1.11e-08,0.0004385352686932932
-1.1e-08,-0.0006552157313067068
-1.09e-08,-0.0005458407313067067
-1.08e-08,0.0013447852686932936
-1.07e-08,0.004774472268693293
-1.06e-08,0.007344785268693293
-1.05e-08,0.008618227268693292
-1.04e-08,0.009344787268693294
-1.03e-08,0.009961977268693294
-1.02e-08,0.009344787268693294
-1.01e-08,0.007219785268693293
-1e-08,0.007344785268693293
-9.9e-09,0.011782287268693294
-9.8e-09,0.019344787268693292
-9.7e-09,0.024438537268693293
-9.6e-09,0.025344787268693294
-9.5e-09,0.021407287268693294
-9.4e-09,0.015344787268693292
-9.3e-09,0.008282287268693293
-9.2e-09,0.0013447852686932936
-9.1e-09,-0.005616152731306707
-9e-09,-0.012655212731306707
-8.9e-09,-0.01718646273130671
-8.8e-09,-0.016655212731306705
-8.7e-09,-0.010459902731306706
-8.6e-09,-0.004655215731306707
-8.5e-09,-0.0024442777313067065
-8.4e-09,-0.0026552152645037065
-8.3e-09,-0.0016317777313067067
-8.2e-09,-0.0006552157313067068
-8.1e-09,-0.0013895907313067066
-8e-09,-0.0026552152645037065
-7.9e-09,-0.002397402731306707
-7.8e-09,-0.0006552157313067068
-7.7e-09,-0.0001864647313067065
-7.6e-09,-0.0006552157313067068
-7.5e-09,-0.0016395907313067066
-7.4e-09,-0.0006552157313067068
-7.3e-09,0.0016807222686932933
-7.2e-09,0.0033447852686932936
-7.1e-09,0.0013135352686932935
-7e-09,-0.004655215731306707
-6.9e-09,-0.012873962731306707
-6.8e-09,-0.022655212731306707
-6.7e-09,-0.030366152731306707
-6.6e-09,-0.03465521273130671
-6.5e-09,-0.03200678273130671
-6.4e-09,-0.026655212731306707
-6.3e-09,-0.019116152731306707
-6.2e-09,-0.010655215731306707
-6.1e-09,0.0007275972686932933
-6e-09,0.013344787268693294
-5.9e-09,0.025071347268693294
-5.8e-09,0.03534478726869329
-5.7e-09,0.042016657268693296
-5.6e-09,0.045344787268693294
-5.5e-09,0.042626037268693295
-5.4e-09,0.037344787268693294
-5.3e-09,0.030032287268693295
-5.2e-09,0.023344787268693292
-5.1e-09,0.017524477268693293
-5e-09,0.013344787268693294
-4.9e-09,0.011922907268693293
-4.8e-09,0.011344787268693294
-4.7e-09,0.012852597268693294
-4.6e-09,0.015344787268693292
-4.5e-09,0.020915097268693294
-4.4e-09,0.027344787268693292
-4.3e-09,0.035227597268693296
-4.2e-09,0.045344787268693294
-4.1e-09,0.05719634726869329
-4e-09,0.06934478726869328
-3.9e-09,0.0762744772686933
-3.8e-09,0.07934478726869329
-3.7e-09,0.07624322726869329
-3.6e-09,0.07134478726869328
-3.5e-09,0.06202447726869329
-3.4e-09,0.05134478726869329
-3.3e-09,0.03795415726869329
-3.2e-09,0.025344787268693294
-3.1e-09,0.014485407268693292
-3e-09,0.005344785268693293
-2.9e-09,-0.0021083402313067066
-2.8e-09,-0.010655215731306707
-2.7e-09,-0.017178652731306705
-2.6e-09,-0.022655212731306707
-2.5e-09,-0.022616152731306707
-2.4e-09,-0.020655212731306705
-2.3e-09,-0.014741152731306707
-2.2e-09,-0.006655215731306707
-2.1e-09,0.005016660268693293
-2e-09,0.017344787268693294
-1.9e-09,0.027579157268693293
-1.8e-09,0.03534478726869329
-1.7e-09,0.039508847268693296
-1.6e-09,0.04134478726869329
-1.5e-09,0.038719787268693295
-1.4e-09,0.03334478726869329
-1.3e-09,0.025352597268693294
-1.2e-09,0.017344787268693294
-1.1e-09,0.011172907268693293
-1e-09,0.007344785268693293
-9e-10,0.0069229102686932924
-8e-10,0.007344785268693293
-7e-10,0.011040097268693294
-6e-10,0.017344787268693294
-5e-10,0.028477597268693294
-4e-10,0.039344787268693296
-3e-10,0.04893072726869329
-2e-10,0.05734478726869329
-1e-10,0.06671978726869329
0.0,0.07734478726869329
1e-10,0.08580572726869329
2e-10,0.0933447872686933
3e-10,0.0979775872686933
4e-10,0.10334478726869328
5e-10,0.10528228726869329
6e-10,0.10534478726869329
7e-10,0.0982275872686933
8e-10,0.0873447872686933
9e-10,0.0731650972686933
1e-09,0.061344787268693295
1.1e-09,0.05204009726869329
1.2e-09,0.04334478726869329
1.3e-09,0.03317290726869329
1.4e-09,0.021344787268693294
1.5e-09,0.012563537268693293
1.6e-09,0.007344785268693293
1.7e-09,0.007641657268693293
1.8e-09,0.009344787268693294
1.9e-09,0.012368227268693294
2e-09,0.015344787268693292
2.1e-09,0.019665097268693293
2.2e-09,0.025344787268693294
2.3e-09,0.029743227268693294
2.4e-09,0.031344787268693296
2.5e-09,0.027477597268693293
2.6e-09,0.021344787268693294
2.7e-09,0.013290097268693294
2.8e-09,0.005344785268693293
2.9e-09,-0.004709902731306706
3e-09,-0.016655212731306705
3.1e-09,-0.029311462731306706
3.2e-09,-0.040655212731306706
3.3e-09,-0.04708490273130671
3.4e-09,-0.05065521273130671
3.5e-09,-0.050264592731306706
3.6e-09,-0.05065521273130671
3.7e-09,-0.04934271273130671
3.8e-09,-0.048655212731306706
3.9e-09,-0.04459271273130671
4e-09,-0.038655212731306704
4.1e-09,-0.028663032731306708
4.2e-09,-0.016655212731306705
4.3e-09,-0.003334902731306707
4.4e-09,0.009344787268693294
4.5e-09,0.018727597268693292
4.6e-09,0.025344787268693294
4.7e-09,0.027204157268693293
4.8e-09,0.027344787268693292
4.9e-09,0.024594787268693293
5e-09,0.023344787268693292
5.1e-09,0.02173540726869329
5.2e-09,0.021344787268693294
5.3e-09,0.018282287268693295
5.4e-09,0.013344787268693294
5.5e-09,0.005266660268693293
5.6e-09,-0.004655215731306707
5.7e-09,-0.015061462731306707
5.8e-09,-0.024655212731306705
5.9e-09,-0.03149896273130671
6e-09,-0.03665521273130671
6.1e-09,-0.038866152731306704
6.2e-09,-0.038655212731306704
6.3e-09,-0.03453021273130671
6.4e-09,-0.028655212731306706
6.5e-09,-0.023139592731306707
6.6e-09,-0.020655212731306705
6.7e-09,-0.021873962731306706
6.8e-09,-0.024655212731306705
6.9e-09,-0.027975532731306707
7e-09,-0.030655212731306707
7.1e-09,-0.0350458427313067
7.2e-09,-0.040655212731306706
7.3e-09,-0.04762396273130671
7.4e-09,-0.05265521273130671
7.5e-09,-0.055803652731306705
7.6e-09,-0.05865521273130671
7.7e-09,-0.0636161527313067
7.8e-09,-0.0706552127313067
7.9e-09,-0.0775224027313067
8e-09,-0.08465521273130672
8.1e-09,-0.0905458427313067
8.2e-09,-0.0966552127313067
8.3e-09,-0.09992865273130672
8.4e-09,-0.1026552127313067
8.5e-09,-0.10181928273130672
8.6e-09,-0.0986552127313067
8.7e-09,-0.0905380327313067
8.8e-09,-0.08065521273130671
8.9e-09,-0.06917084273130672
9e-09,-0.056655212731306706
9.1e-09,-0.04442865273130671
9.2e-09,-0.03465521273130671
9.3e-09,-0.030623962731306707
9.4e-09,-0.028655212731306706
9.5e-09,-0.028850532731306708
9.6e-09,-0.030655212731306707
9.7e-09,-0.03763959273130671
9.8e-09,-0.046655212731306704
9.9e-09,-0.055366152731306705
1e-08,-0.06065521273130671
1.01e-08,-0.0627567827313067
1.02e-08,-0.0626552127313067
1.03e-08,-0.06063959273130671
1.04e-08,-0.056655212731306706
1.05e-08,-0.051545842731306704
1.06e-08,-0.048655212731306706
1.07e-08,-0.05030365273130671
1.08e-08,-0.054655212731306704
1.09e-08,-0.059022402731306704
1.1e-08,-0.0626552127313067
1.11e-08,-0.06653021273130671
1.12e-08,-0.0706552127313067
1.13e-08,-0.07409271273130671
1.14e-08,-0.07665521273130671
1.15e-08,-0.07788959273130672
1.16e-08,-0.07865521273130671
1.17e-08,-0.07795209273130671
1.18e-08,-0.07665521273130671
1.19e-08,-0.07374896273130671
1.2e-08,-0.0706552127313067
1.21e-08,-0.06778021273130672
1.22e-08,-0.0666552127313067
1.23e-08,-0.06613178273130671
1.24e-08,-0.0646552127313067
1.25e-08,-0.060873962731306706
1.26e-08,-0.056655212731306706
1.27e-08,-0.05386615273130671
1.28e-08,-0.05265521273130671
1.29e-08,-0.05124115273130671
1.3e-08,-0.048655212731306706
1.31e-08,-0.044647402731306705
1.32e-08,-0.040655212731306706
1.33e-08,-0.03726459273130671
1.34e-08,-0.03465521273130671
1.35e-08,-0.03193646273130671
1.36e-08,-0.028655212731306706
1.37e-08,-0.024389592731306708
1.38e-08,-0.018655212731306707
1.39e-08,-0.012202090731306707
1.4e-08,-0.006655215731306707
1.41e-08,-0.0035224027313067066
1.42e-08,-0.0006552157313067068
1.43e-08,0.0019307222686932935
1.44e-08,0.0033447852686932936
1.45e-08,0.0019541602686932932
1.46e-08,0.0013447852686932936
1.47e-08,0.0029463472686932935
1.48e-08,0.005344785268693293
1.49e-08,0.004938535268693293
1.5e-08,0.0033447852686932936
1.51e-08,0.0021182222686932936
1.52e-08,0.0013447852686932936
1.53e-08,4.7910268693293276e-05
1.54e-08,-0.0006552157313067068
1.55e-08,-0.0002255277313067067
1.56e-08,-0.0006552157313067068
1.57e-08,-0.003280215231306707
1.58e-08,-0.006655215731306707
1.59e-08,-0.007827090731306708
1.6e-08,-0.006655215731306707
1.61e-08,-0.0042645907313067066
1.62e-08,-0.0026552152645037065
1.63e-08,-0.0016474027313067067
1.64e-08,-0.0006552157313067068
1.65e-08,0.001305722268693293
1.66e-08,0.0033447852686932936
1.67e-08,0.0041885352686932935
1.68e-08,0.0033447852686932936
1.69e-08,0.0023135352686932936
1.7e-08,0.0033447852686932936
1.71e-08,0.007196347268693294
1.72e-08,0.011344787268693294
1.73e-08,0.013571347268693294
1.74e-08,0.013344787268693294
1.75e-08,0.012524477268693292
1.76e-08,0.011344787268693294
1.77e-08,0.011438537268693294
1.78e-08,0.013344787268693294
1.79e-08,0.018766657268693292
1.8e-08,0.025344787268693294
1.81e-08,0.032391657268693294
1.82e-08,0.039344787268693296
1.83e-08,0.04668853726869329
1.84e-08,0.053344787268693294
1.85e-08,0.05838384726869329
1.86e-08,0.0633447872686933
1.87e-08,0.0688057272686933
1.88e-08,0.07534478726869329
1.89e-08,0.0800791572686933
1.9e-08,0.0833447872686933
1.91e-08,0.08315728726869329
1.92e-08,0.08134478726869329
1.93e-08,0.07789165726869329
1.94e-08,0.07534478726869329
1.95e-08,0.07395415726869328
1.96e-08,0.07334478726869328
1.97e-08,0.0720244772686933
1.98e-08,0.06934478726869328
1.99e-08,0.06657134726869329
2e-08,0.0653447872686933
2.01e-08,0.0674150972686933
2.02e-08,0.07134478726869328
2.03e-08,0.0757119772686933
2.04e-08,0.07934478726869329
2.05e-08,0.0818213472686933
2.06e-08,0.0833447872686933
2.07e-08,0.08339947726869329
2.08e-08,0.0833447872686933
2.09e-08,0.0827275972686933
2.1e-08,0.08134478726869329
2.11e-08,0.0782744772686933
2.12e-08,0.07534478726869329
2.13e-08,0.07274322726869328
2.14e-08,0.06934478726869328
2.15e-08,0.0648135372686933
2.16e-08,0.061344787268693295
2.17e-08,0.061594787268693295
2.18e-08,0.0633447872686933
2.19e-08,0.06482134726869329
2.2e-08,0.0653447872686933
2.21e-08,0.0665088472686933
2.22e-08,0.0673447872686933
2.23e-08,0.06793072726869329
2.24e-08,0.06934478726869328
2.25e-08,0.0723682272686933
2.26e-08,0.07534478726869329
2.27e-08,0.0763838472686933
2.28e-08,0.07734478726869329
2.29e-08,0.0784697872686933
2.3e-08,0.07934478726869329
2.31e-08,0.07754790726869329
2.32e-08,0.07534478726869329
2.33e-08,0.07329009726869329
2.34e-08,0.07134478726869328
2.35e-08,0.0670713472686933
2.36e-08,0.061344787268693295
2.37e-08,0.05525103726869329
2.38e-08,0.04934478726869329
2.39e-08,0.04441509726869329
2.4e-08,0.04134478726869329
2.41e-08,0.04064947726869329
2.42e-08,0.039344787268693296
2.43e-08,0.03743853726869329
2.44e-08,0.037344787268693294
2.45e-08,0.040727597268693294
2.46e-08,0.04334478726869329
2.47e-08,0.04211040726869329
2.48e-08,0.039344787268693296
2.49e-08,0.03868853726869329
2.5e-08,0.039344787268693296
2.51e-08,0.037821347268693295
2.52e-08,0.03334478726869329
2.53e-08,0.028235407268693294
2.54e-08,0.025344787268693294
2.55e-08,0.02570415726869329
2.56e-08,0.027344787268693292
2.57e-08,0.028071347268693293
2.58e-08,0.027344787268693292
2.59e-08,0.02665728726869329
2.6e-08,0.027344787268693292
2.61e-08,0.028782287268693293
2.62e-08,0.029344787268693294
2.63e-08,0.027688537268693292
2.64e-08,0.025344787268693294
2.65e-08,0.023055727268693295
2.66e-08,0.021344787268693294
2.67e-08,0.018547907268693292
2.68e-08,0.015344787268693292
2.69e-08,0.011868227268693294
2.7e-08,0.009344787268693294
2.71e-08,0.006711972268693293
2.72e-08,0.0033447852686932936
2.73e-08,-0.0016083407313067068
2.74e-08,-0.006655215731306707
2.75e-08,-0.011311465731306706
2.76e-08,-0.016655212731306705
2.77e-08,-0.022998962731306707
2.78e-08,-0.028655212731306706
2.79e-08,-0.03169428273130671
2.8e-08,-0.03465521273130671
2.81e-08,-0.03847553273130671
2.82e-08,-0.04265521273130671
2.83e-08,-0.04417865273130671
2.84e-08,-0.04465521273130671
2.85e-08,-0.044608342731306705
2.86e-08,-0.04465521273130671
2.87e-08,-0.043108342731306704
2.88e-08,-0.040655212731306706
2.89e-08,-0.038256782731306706
2.9e-08,-0.03665521273130671
2.91e-08,-0.036420842731306705
2.92e-08,-0.03665521273130671
2.93e-08,-0.03770209273130671
2.94e-08,-0.038655212731306704
2.95e-08,-0.040616152731306705
2.96e-08,-0.04265521273130671
2.97e-08,-0.046030212731306704
2.98e-08,-0.05065521273130671
2.99e-08,-0.056827092731306705
3e-08,-0.0626552127313067
3.01e-08,-0.06702240273130672
3.02e-08,-0.0706552127313067
3.03e-08,-0.07445209273130671
3.04e-08,-0.07865521273130671
3.05e-08,-0.08161615273130671
3.06e-08,-0.08265521273130672
3.07e-08,-0.08181146273130671
3.08e-08,-0.08065521273130671
3.09e-08,-0.08085053273130671
3.1e-08,-0.08265521273130672
3.11e-08,-0.0857802127313067
3.12e-08,-0.08865521273130669
3.13e-08,-0.09197553273130671
3.14e-08,-0.0966552127313067
3.15e-08,-0.10342861273130671
3.16e-08,-0.11065521273130671
3.17e-08,-0.1161161127313067
3.18e-08,-0.1206552127313067
3.19e-08,-0.1243349127313067
3.2e-08,-0.1286552127313067
3.21e-08,-0.1311005127313067
3.22e-08,-0.1326552127313067
3.23e-08,-0.1306630127313067
3.24e-08,-0.1266552127313067
3.25e-08,-0.11955361273130671
3.26e-08,-0.11265521273130671
3.27e-08,-0.1061474127313067
3.28e-08,-0.1006552127313067
3.29e-08,-0.0949442827313067
3.3e-08,-0.08865521273130669
3.31e-08,-0.08291303273130671
3.32e-08,-0.07865521273130671
3.33e-08,-0.07674115273130672
3.34e-08,-0.07465521273130671
3.35e-08,-0.0724208427313067
3.36e-08,-0.0706552127313067
3.37e-08,-0.0714520927313067
3.38e-08,-0.0726552127313067
3.39e-08,-0.07257709273130672
3.4e-08,-0.0706552127313067
3.41e-08,-0.0685536527313067
3.42e-08,-0.0666552127313067
3.43e-08,-0.0654052127313067
3.44e-08,-0.0646552127313067
3.45e-08,-0.06463178273130671
3.46e-08,-0.0646552127313067
3.47e-08,-0.06468646273130671
3.48e-08,-0.0646552127313067
3.49e-08,-0.06531928273130672
3.5e-08,-0.0666552127313067
3.51e-08,-0.0682177127313067
3.52e-08,-0.0686552127313067
3.53e-08,-0.0677020927313067
3.54e-08,-0.0666552127313067
3.55e-08,-0.0670145927313067
3.56e-08,-0.0686552127313067
3.57e-08,-0.07028803273130671
3.58e-08,-0.0706552127313067
3.59e-08,-0.06973334273130671
3.6e-08,-0.0686552127313067
3.61e-08,-0.06828021273130672
3.62e-08,-0.0686552127313067
3.63e-08,-0.0693036527313067
3.64e-08,-0.0706552127313067
3.65e-08,-0.07249115273130671
3.66e-08,-0.07465521273130671
3.67e-08,-0.07538959273130671
3.68e-08,-0.07465521273130671
3.69e-08,-0.0719520927313067
3.7e-08,-0.0686552127313067
3.71e-08,-0.06475678273130671
3.72e-08,-0.06065521273130671
3.73e-08,-0.05620990273130671
3.74e-08,-0.05265521273130671
3.75e-08,-0.050498962731306704
3.76e-08,-0.048655212731306706
3.77e-08,-0.04656146273130671
3.78e-08,-0.04465521273130671
3.79e-08,-0.043944282731306704
3.8e-08,-0.04265521273130671
3.81e-08,-0.040514592731306705
3.82e-08,-0.038655212731306704
3.83e-08,-0.03858490273130671
3.84e-08,-0.038655212731306704
3.85e-08,-0.03762396273130671
3.86e-08,-0.03665521273130671
3.87e-08,-0.03726459273130671
3.88e-08,-0.038655212731306704
3.89e-08,-0.038506782731306706
3.9e-08,-0.03665521273130671
3.91e-08,-0.03345990273130671
3.92e-08,-0.030655212731306707
3.93e-08,-0.028155212731306705
3.94e-08,-0.026655212731306707
3.95e-08,-0.024827092731306708
3.96e-08,-0.022655212731306707
3.97e-08,-0.019061462731306707
3.98e-08,-0.014655212731306707
3.99e-08,-0.009116152731306707
4e-08,-0.0026552152645037065
4.01e-08,0.004422910268693294
4.02e-08,0.011344787268693294
4.03e-08,0.016727597268693294
4.04e-08,0.021344787268693294
4.05e-08,0.024110407268693294
4.06e-08,0.025344787268693294
4.07e-08,0.024555727268693293
4.08e-08,0.025344787268693294
4.09e-08,0.027485407268693293
4.1e-08,0.029344787268693294
4.11e-08,0.027399477268693292
4.12e-08,0.023344787268693292
4.13e-08,0.019946347268693293
4.14e-08,0.019344787268693292
4.15e-08,0.020180727268693292
4.16e-08,0.019344787268693292
4.17e-08,0.016594787268693293
4.18e-08,0.015344787268693292
4.19e-08,0.017907287268693294
4.2e-08,0.021344787268693294
4.21e-08,0.022172907268693292
4.22e-08,0.021344787268693294
4.23e-08,0.021790097268693295
4.24e-08,0.023344787268693292
4.25e-08,0.023626037268693292
4.26e-08,0.021344787268693294
4.27e-08,0.017376037268693294
4.28e-08,0.013344787268693294
4.29e-08,0.011844787268693294
4.3e-08,0.013344787268693294
4.31e-08,0.017563537268693294
4.32e-08,0.021344787268693294
4.33e-08,0.023899477268693292
4.34e-08,0.025344787268693294
4.35e-08,0.027821347268693293
4.36e-08,0.031344787268693296
4.37e-08,0.035610407268693293
4.38e-08,0.039344787268693296
4.39e-08,0.04232134726869329
4.4e-08,0.045344787268693294
4.41e-08,0.048329157268693294
4.42e-08,0.05134478726869329
4.43e-08,0.053368227268693294
4.44e-08,0.055344787268693296
4.45e-08,0.057211977268693294
4.46e-08,0.05934478726869329
4.47e-08,0.06014947726869329
4.48e-08,0.05934478726869329
4.49e-08,0.057063537268693294
4.5e-08,0.055344787268693296
4.51e-08,0.054969787268693296
4.52e-08,0.055344787268693296
4.53e-08,0.0552588472686933
4.54e-08,0.055344787268693296
4.55e-08,0.05663384726869329
4.56e-08,0.05934478726869329
4.57e-08,0.061946347268693296
4.58e-08,0.0633447872686933
4.59e-08,0.0623369772686933
4.6e-08,0.05934478726869329
4.61e-08,0.05561040726869329
4.62e-08,0.053344787268693294
4.63e-08,0.05256353726869329
4.64e-08,0.05134478726869329
4.65e-08,0.04836040726869329
4.66e-08,0.045344787268693294
4.67e-08,0.04487603726869329
4.68e-08,0.047344787268693296
4.69e-08,0.05049322726869329
4.7e-08,0.05134478726869329
4.71e-08,0.04946978726869329
4.72e-08,0.047344787268693296
4.73e-08,0.04651665726869329
4.74e-08,0.045344787268693294
4.75e-08,0.04180572726869329
4.76e-08,0.037344787268693294
4.77e-08,0.03486040726869329
4.78e-08,0.03534478726869329
4.79e-08,0.037430727268693294
4.8e-08,0.039344787268693296
4.81e-08,0.03989947726869329
4.82e-08,0.039344787268693296
4.83e-08,0.03772759726869329
4.84e-08,0.03534478726869329
4.85e-08,0.032219787268693297
4.86e-08,0.029344787268693294
4.87e-08,0.027196347268693292
4.88e-08,0.025344787268693294
4.89e-08,0.02278228726869329
4.9e-08,0.019344787268693292
4.91e-08,0.016547907268693294
4.92e-08,0.015344787268693292
4.93e-08,0.016454157268693294
4.94e-08,0.017344787268693294
4.95e-08,0.017094787268693293
4.96e-08,0.015344787268693292
4.97e-08,0.014586977268693294
4.98e-08,0.015344787268693292
4.99e-08,0.018063537268693294
5e-08,0.021344787268693294
5.01e-08,0.024524477268693293
5.02e-08,0.027344787268693292
5.03e-08,0.029930727268693294
5.04e-08,0.03334478726869329
5.05e-08,0.036133847268693293
5.06e-08,0.037344787268693294
5.07e-08,0.035461977268693295
5.08e-08,0.03334478726869329
5.09e-08,0.03141509726869329
5.1e-08,0.029344787268693294
5.11e-08,0.024844787268693293
5.12e-08,0.019344787268693292
5.13e-08,0.014555727268693294
5.14e-08,0.011344787268693294
5.15e-08,0.009149477268693293
5.16e-08,0.007344785268693293
5.17e-08,0.0061729102686932935
5.18e-08,0.005344785268693293
5.19e-08,0.005227597268693294
5.2e-08,0.005344785268693293
5.21e-08,0.005016660268693293
5.22e-08,0.0033447852686932936
5.23e-08,0.0003135352686932931
5.24e-08,-0.0026552152645037065
5.25e-08,-0.004334902731306707
5.26e-08,-0.004655215731306707
5.27e-08,-0.005123965731306707
5.28e-08,-0.006655215731306707
5.29e-08,-0.010053652731306706
5.3e-08,-0.014655212731306707
5.31e-08,-0.018866152731306707
5.32e-08,-0.020655212731306705
5.33e-08,-0.020147402731306708
5.34e-08,-0.020655212731306705
5.35e-08,-0.024045842731306707
5.36e-08,-0.028655212731306706
5.37e-08,-0.03130365273130671
5.38e-08,-0.032655212731306706
5.39e-08,-0.033530212731306706
5.4e-08,-0.03465521273130671
5.41e-08,-0.03467865273130671
5.42e-08,-0.03465521273130671
5.43e-08,-0.03417084273130671
5.44e-08,-0.032655212731306706
5.45e-08,-0.029428652731306706
5.46e-08,-0.026655212731306707
5.47e-08,-0.02556928273130671
5.48e-08,-0.024655212731306705
5.49e-08,-0.022764592731306706
5.5e-08,-0.020655212731306705
5.51e-08,-0.020288032731306707
5.52e-08,-0.020655212731306705
5.53e-08,-0.021295842731306705
5.54e-08,-0.022655212731306707
5.55e-08,-0.025655212731306706
5.56e-08,-0.028655212731306706
5.57e-08,-0.030053652731306706
5.58e-08,-0.030655212731306707
5.59e-08,-0.031022402731306707
5.6e-08,-0.030655212731306707
5.61e-08,-0.028530212731306705
5.62e-08,-0.026655212731306707
5.63e-08,-0.025592712731306706
5.64e-08,-0.024655212731306705
5.65e-08,-0.022405212731306707
5.66e-08,-0.020655212731306705
5.67e-08,-0.020491152731306708
5.68e-08,-0.020655212731306705
5.69e-08,-0.018725532731306706
5.7e-08,-0.014655212731306707
5.71e-08,-0.010241152731306706
5.72e-08,-0.006655215731306707
5.73e-08,-0.004858340731306707
5.74e-08,-0.004655215731306707
5.75e-08,-0.0052333407313067066
5.76e-08,-0.004655215731306707
5.77e-08,-0.0031239652313067067
5.78e-08,-0.0026552152645037065
5.79e-08,-0.004592715731306707
5.8e-08,-0.006655215731306707
5.81e-08,-0.006084902731306707
5.82e-08,-0.0026552152645037065
5.83e-08,0.0012666602686932935
5.84e-08,0.0033447852686932936
5.85e-08,0.0032666602686932935
5.86e-08,0.0033447852686932936
5.87e-08,0.004524472268693293
5.88e-08,0.005344785268693293
5.89e-08,0.004383847268693293
5.9e-08,0.0033447852686932936
5.91e-08,0.003547910268693293
5.92e-08,0.0033447852686932936
5.93e-08,0.0012275972686932933
5.94e-08,-0.0006552157313067068
5.95e-08,0.0005010352686932932
5.96e-08,0.0033447852686932936
5.97e-08,0.005805722268693293
5.98e-08,0.007344785268693293
5.99e-08,0.008758847268693293
6e-08,0.009344787268693294
6.01e-08,0.009047907268693292
6.02e-08,0.009344787268693294
6.03e-08,0.011204157268693293
6.04e-08,0.013344787268693294
6.05e-08,0.014391657268693292
6.06e-08,0.015344787268693292
6.07e-08,0.017110407268693294
6.08e-08,0.019344787268693292
6.09e-08,0.020180727268693292
6.1e-08,0.019344787268693292
6.11e-08,0.017782287268693294
6.12e-08,0.017344787268693294
6.13e-08,0.018376037268693295
6.14e-08,0.019344787268693292
6.15e-08,0.018891657268693293
6.16e-08,0.017344787268693294
6.17e-08,0.016579157268693294
6.18e-08,0.017344787268693294
6.19e-08,0.019485407268693293
6.2e-08,0.021344787268693294
6.21e-08,0.023008847268693292
6.22e-08,0.025344787268693294
6.23e-08,0.028797907268693294
6.24e-08,0.031344787268693296
6.25e-08,0.031618227268693296
6.26e-08,0.031344787268693296
6.27e-08,0.032602597268693294
6.28e-08,0.03534478726869329
6.29e-08,0.037610407268693295
6.3e-08,0.039344787268693296
6.31e-08,0.04040728726869329
6.32e-08,0.04134478726869329
6.33e-08,0.04143072726869329
6.34e-08,0.04134478726869329
6.35e-08,0.04073540726869329
6.36e-08,0.039344787268693296
6.37e-08,0.037071347268693294
6.38e-08,0.03534478726869329
6.39e-08,0.03454790726869329
6.4e-08,0.03334478726869329
6.41e-08,0.03151665726869329
6.42e-08,0.031344787268693296
6.43e-08,0.034188537268693295
6.44e-08,0.037344787268693294
6.45e-08,0.037907287268693295
6.46e-08,0.037344787268693294
6.47e-08,0.037344787268693294
6.48e-08,0.037344787268693294
6.49e-08,0.035540097268693296
6.5e-08,0.03334478726869329
6.51e-08,0.031594787268693296
6.52e-08,0.029344787268693294
6.53e-08,0.025446347268693294
6.54e-08,0.021344787268693294
6.55e-08,0.019485407268693293
6.56e-08,0.019344787268693292
6.57e-08,0.019844787268693292
6.58e-08,0.019344787268693292
6.59e-08,0.018852597268693292
6.6e-08,0.019344787268693292
6.61e-08,0.022001037268693294
6.62e-08,0.025344787268693294
6.63e-08,0.028040097268693293
6.64e-08,0.029344787268693294
6.65e-08,0.02971197726869329
6.66e-08,0.029344787268693294
6.67e-08,0.028407287268693293
6.68e-08,0.027344787268693292
6.69e-08,0.02681353726869329
6.7e-08,0.027344787268693292
6.71e-08,0.02900103726869329
6.72e-08,0.031344787268693296
6.73e-08,0.03405572726869329
6.74e-08,0.037344787268693294
6.75e-08,0.04025884726869329
6.76e-08,0.04134478726869329
6.77e-08,0.03952447726869329
6.78e-08,0.037344787268693294
6.79e-08,0.03646978726869329
6.8e-08,0.037344787268693294
6.81e-08,0.037805727268693294
6.82e-08,0.037344787268693294
6.83e-08,0.035477597268693296
6.84e-08,0.03334478726869329
6.85e-08,0.030633847268693296
6.86e-08,0.027344787268693292
6.87e-08,0.023790097268693293
6.88e-08,0.021344787268693294
6.89e-08,0.020977597268693294
6.9e-08,0.021344787268693294
6.91e-08,0.020446347268693293
6.92e-08,0.017344787268693294
6.93e-08,0.013641657268693295
6.94e-08,0.011344787268693294
6.95e-08,0.011844787268693294
6.96e-08,0.013344787268693294
6.97e-08,0.014063537268693294
6.98e-08,0.013344787268693294
6.99e-08,0.012172907268693293
7e-08,0.011344787268693294
7.01e-08,0.011063537268693293
7.02e-08,0.011344787268693294
7.03e-08,0.011672907268693293
7.04e-08,0.011344787268693294
7.05e-08,0.010211977268693294
7.06e-08,0.009344787268693294
7.07e-08,0.008844787268693293
7.08e-08,0.007344785268693293
7.09e-08,0.004399472268693293
7.1e-08,0.0013447852686932936
7.11e-08,0.0005557222686932931
7.12e-08,0.0013447852686932936
7.13e-08,0.0027588472686932933
7.14e-08,0.0033447852686932936
7.15e-08,0.004180722268693293
7.16e-08,0.005344785268693293
7.17e-08,0.007915097268693293
7.18e-08,0.011344787268693294
7.19e-08,0.014915097268693292
7.2e-08,0.017344787268693294
7.21e-08,0.018836977268693295
7.22e-08,0.021344787268693294
7.23e-08,0.025172907268693295
7.24e-08,0.029344787268693294
7.25e-08,0.030727597268693292
7.26e-08,0.029344787268693294
7.27e-08,0.026329157268693292
7.28e-08,0.025344787268693294
7.29e-08,0.025891657268693292
7.3e-08,0.025344787268693294
7.31e-08,0.021446347268693294
7.32e-08,0.017344787268693294
7.33e-08,0.016290097268693293
7.34e-08,0.017344787268693294
7.35e-08,0.017415097268693294
7.36e-08,0.015344787268693292
7.37e-08,0.012821347268693294
7.38e-08,0.011344787268693294
7.39e-08,0.011735407268693293
7.4e-08,0.013344787268693294
7.41e-08,0.014844787268693295
7.42e-08,0.015344787268693292
7.43e-08,0.014610407268693292
7.44e-08,0.013344787268693294
7.45e-08,0.012047907268693293
7.46e-08,0.011344787268693294
7.47e-08,0.010305727268693294
7.48e-08,0.007344785268693293
7.49e-08,0.0026650972686932933
7.5e-08,-0.0006552157313067068
7.51e-08,-0.00045209073130670664
7.52e-08,0.0013447852686932936
7.53e-08,0.0021650972686932937
7.54e-08,0.0013447852686932936
7.55e-08,0.0008604102686932931
7.56e-08,0.0013447852686932936
7.57e-08,0.0022197852686932935
7.58e-08,0.0013447852686932936
7.59e-08,-0.0008817777313067066
7.6e-08,-0.0026552152645037065
7.61e-08,-0.0015770907313067068
7.62e-08,0.0013447852686932936
7.63e-08,0.004071347268693294
7.64e-08,0.005344785268693293
7.65e-08,0.006391660268693294
7.66e-08,0.009344787268693294
7.67e-08,0.013969787268693294
7.68e-08,0.017344787268693294
7.69e-08,0.017063537268693293
7.7e-08,0.015344787268693292
7.71e-08,0.014227597268693295
7.72e-08,0.013344787268693294
7.73e-08,0.011063537268693293
7.74e-08,0.009344787268693294
7.75e-08,0.009813537268693294
7.76e-08,0.011344787268693294
7.77e-08,0.012211977268693294
7.78e-08,0.013344787268693294
7.79e-08,0.015086977268693295
7.8e-08,0.015344787268693292
7.81e-08,0.012610407268693294
7.82e-08,0.009344787268693294
7.83e-08,0.008321347268693293
7.84e-08,0.009344787268693294
7.85e-08,0.010001037268693294
7.86e-08,0.009344787268693294
7.87e-08,0.007876037268693294
7.88e-08,0.007344785268693293
7.89e-08,0.007657287268693294
7.9e-08,0.007344785268693293
7.91e-08,0.005415097268693294
7.92e-08,0.0033447852686932936
7.93e-08,0.0023760352686932936
7.94e-08,0.0013447852686932936
7.95e-08,-0.0012645907313067067
7.96e-08,-0.004655215731306707
7.97e-08,-0.006506777731306706
7.98e-08,-0.006655215731306707
7.99e-08,-0.005530215731306707
8e-08,-0.004655215731306707
8.01e-08,-0.004241152731306707
8.02e-08,-0.004655215731306707
8.03e-08,-0.004889590731306707
8.04e-08,-0.004655215731306707
8.05e-08,-0.0030770902313067066
8.06e-08,-0.0006552157313067068
8.07e-08,0.0019775972686932935
8.08e-08,0.0033447852686932936
8.09e-08,0.0032666602686932935
8.1e-08,0.0033447852686932936
8.11e-08,0.0048682222686932935
8.12e-08,0.007344785268693293
8.13e-08,0.009547907268693293
8.14e-08,0.011344787268693294
8.15e-08,0.012594787268693293
8.16e-08,0.013344787268693294
8.17e-08,0.012751037268693293
8.18e-08,0.011344787268693294
8.19e-08,0.010313537268693293
8.2e-08,0.011344787268693294
8.21e-08,0.013868227268693294
8.22e-08,0.015344787268693292
8.23e-08,0.013860407268693295
8.24e-08,0.011344787268693294
8.25e-08,0.010415097268693293
8.26e-08,0.011344787268693294
8.27e-08,0.012594787268693293
8.28e-08,0.013344787268693294
8.29e-08,0.013407287268693294
8.3e-08,0.013344787268693294
8.31e-08,0.013172907268693294
8.32e-08,0.013344787268693294
8.33e-08,0.013430727268693293
8.34e-08,0.013344787268693294
8.35e-08,0.012110407268693293
8.36e-08,0.009344787268693294
8.37e-08,0.005626035268693293
8.38e-08,0.0033447852686932936
8.39e-08,0.0033447852686932936
8.4e-08,0.0033447852686932936
8.41e-08,0.001579160268693293
8.42e-08,-0.0006552157313067068
8.43e-08,-0.0011864657313067066
8.44e-08,-0.0006552157313067068
8.45e-08,-0.00039740273130670686
8.46e-08,-0.0006552157313067068
8.47e-08,-0.0005614657313067067
8.48e-08,-0.0006552157313067068
8.49e-08,-0.0014677157313067067
8.5e-08,-0.0026552152645037065
8.51e-08,-0.0035458402313067066
8.52e-08,-0.004655215731306707
8.53e-08,-0.005389590731306707
8.54e-08,-0.004655215731306707
8.55e-08,-0.0021864652313067067
8.56e-08,-0.0006552157313067068
8.57e-08,-0.0014911527313067067
8.58e-08,-0.0026552152645037065
8.59e-08,-0.0014989657313067067
8.6e-08,0.0013447852686932936
8.61e-08,0.003813535268693293
8.62e-08,0.005344785268693293
8.63e-08,0.005938535268693293
8.64e-08,0.005344785268693293
8.65e-08,0.0033291602686932936
8.66e-08,0.0013447852686932936
8.67e-08,0.0007197852686932934
8.68e-08,0.0013447852686932936
8.69e-08,0.002290097268693293
8.7e-08,0.0033447852686932936
8.71e-08,0.004415097268693293
8.72e-08,0.005344785268693293
8.73e-08,0.0061260352686932935
8.74e-08,0.007344785268693293
8.75e-08,0.008336977268693294
8.76e-08,0.007344785268693293
8.77e-08,0.003954160268693293
8.78e-08,0.0013447852686932936
8.79e-08,0.0017119722686932933
8.8e-08,0.0033447852686932936
8.81e-08,0.003672910268693293
8.82e-08,0.0033447852686932936
8.83e-08,0.0034697852686932937
8.84e-08,0.0033447852686932936
8.85e-08,0.0019229102686932932
8.86e-08,0.0013447852686932936
8.87e-08,0.002516660268693293
8.88e-08,0.0033447852686932936
8.89e-08,0.0015400972686932931
8.9e-08,-0.0006552157313067068
8.91e-08,-0.0021317777313067067
8.92e-08,-0.004655215731306707
8.93e-08,-0.009788027731306707
8.94e-08,-0.014655212731306707
8.95e-08,-0.015819282731306707
8.96e-08,-0.014655212731306707
8.97e-08,-0.014358342731306708
8.98e-08,-0.016655212731306705
8.99e-08,-0.019522402731306707
9e-08,-0.020655212731306705
9.01e-08,-0.018811462731306707
9.02e-08,-0.016655212731306705
9.03e-08,-0.015991152731306704
9.04e-08,-0.016655212731306705
9.05e-08,-0.016803652731306705
9.06e-08,-0.016655212731306705
9.07e-08,-0.016608342731306708
9.08e-08,-0.016655212731306705
9.09e-08,-0.015819282731306707
9.1e-08,-0.014655212731306707
9.11e-08,-0.013577092731306707
9.12e-08,-0.012655212731306707
9.13e-08,-0.011100527731306707
9.14e-08,-0.008655215731306707
9.15e-08,-0.005538027731306707
9.16e-08,-0.0026552152645037065
9.17e-08,-0.0010224027313067068
9.18e-08,-0.0006552157313067068
9.19e-08,-0.0010145907313067067
9.2e-08,-0.0006552157313067068
9.21e-08,0.0003291602686932931
9.22e-08,0.0013447852686932936
9.23e-08,0.001368222268693293
9.24e-08,0.0013447852686932936
9.25e-08,0.0019463472686932935
9.26e-08,0.0033447852686932936
9.27e-08,0.004102597268693294
9.28e-08,0.0033447852686932936
9.29e-08,0.0011885352686932934
9.3e-08,-0.0006552157313067068
9.31e-08,-0.0011239657313067068
9.32e-08,-0.0006552157313067068
9.33e-08,-0.00037396473130670667
9.34e-08,-0.0006552157313067068
9.35e-08,-0.0008739657313067068
9.36e-08,-0.0006552157313067068
9.37e-08,-0.0003114647313067066
9.38e-08,-0.0006552157313067068
9.39e-08,-0.0017020902313067067
9.4e-08,-0.0026552152645037065
9.41e-08,-0.002334902731306707
9.42e-08,-0.0006552157313067068
9.43e-08,0.0011338472686932932
9.44e-08,0.0013447852686932936
9.45e-08,-2.2402731306706523e-05
9.46e-08,-0.0006552157313067068
9.47e-08,0.0004932222686932935
9.48e-08,0.0013447852686932936
9.49e-08,0.00037603526869329313
9.5e-08,-0.0006552157313067068
9.51e-08,0.00018072226869329322
9.52e-08,0.0013447852686932936
9.53e-08,0.0008135352686932931
9.54e-08,-0.0006552157313067068
9.55e-08,-0.0005458407313067067
9.56e-08,0.0013447852686932936
9.57e-08,0.0037744722686932934
9.58e-08,0.005344785268693293
9.59e-08,0.0056963472686932925
9.6e-08,0.005344785268693293
9.61e-08,0.005571347268693294
9.62e-08,0.007344785268693293
9.63e-08,0.009946347268693293
9.64e-08,0.011344787268693294
9.65e-08,0.010508847268693293
9.66e-08,0.009344787268693294
9.67e-08,0.009735407268693293
9.68e-08,0.011344787268693294
9.69e-08,0.012594787268693293
9.7e-08,0.013344787268693294
9.71e-08,0.013610407268693295
9.72e-08,0.013344787268693294
9.73e-08,0.012633847268693293
9.74e-08,0.013344787268693294
9.75e-08,0.015594787268693292
9.76e-08,0.017344787268693294
9.77e-08,0.016251037268693293
9.78e-08,0.013344787268693294
9.79e-08,0.010626037268693293
9.8e-08,0.009344787268693294
9.81e-08,0.008680727268693293
9.82e-08,0.007344785268693293
9.83e-08,0.005633847268693292
9.84e-08,0.005344785268693293
9.85e-08,0.007188535268693293
9.86e-08,0.009344787268693294
9.87e-08,0.009336977268693293
9.88e-08,0.007344785268693293
9.89e-08,0.005415097268693294
9.9e-08,0.005344785268693293
9.91e-08,0.0061104102686932935
9.92e-08,0.005344785268693293
9.93e-08,0.001641660268693293
9.94e-08,-0.0026552152645037065
9.95e-08,-0.004788027731306706
9.96e-08,-0.004655215731306707
9.97e-08,-0.004069277731306707
9.98e-08,-0.004655215731306707
9.99e-08,-0.006280215731306707
1e-07,-0.008655215731306707
1.001e-07,-0.010334902731306706
1.002e-07,-0.010655215731306707
1.003e-07,-0.009428652731306707
1.004e-07,-0.008655215731306707
1.005e-07,-0.008741152731306706
1.006e-07,-0.008655215731306707
1.007e-07,-0.006991152731306707
1.008e-07,-0.004655215731306707
1.009e-07,-0.0031083402313067067
1.01e-07,-0.0026552152645037065
1.011e-07,-0.002764590231306707
1.012e-07,-0.0026552152645037065
1.013e-07,-0.0026083402613067065
1.014e-07,-0.0026552152645037065
1.015e-07,-0.0029286527313067065
1.016e-07,-0.0026552152645037065
1.017e-07,-0.0022177152313067067
1.018e-07,-0.0026552152645037065
1.019e-07,-0.004795840731306707
1.02e-07,-0.006655215731306707
1.021e-07,-0.006967715731306706
1.022e-07,-0.006655215731306707
1.023e-07,-0.006936465731306706
1.024e-07,-0.006655215731306707
1.025e-07,-0.005780215731306706
1.026e-07,-0.006655215731306707
1.027e-07,-0.010631777731306706
1.028e-07,-0.014655212731306707
1.029e-07,-0.015639592731306707
1.03e-07,-0.014655212731306707
1.031e-07,-0.014655212731306707
1.032e-07,-0.016655212731306705
1.033e-07,-0.018709902731306707
1.034e-07,-0.018655212731306707
1.035e-07,-0.016905212731306705
1.036e-07,-0.016655212731306705
1.037e-07,-0.019522402731306707
1.038e-07,-0.022655212731306707
1.039e-07,-0.022780212731306707
1.04e-07,-0.020655212731306705
1.041e-07,-0.019577092731306707
1.042e-07,-0.020655212731306705
1.043e-07,-0.023311462731306708
1.044e-07,-0.026655212731306707
1.045e-07,-0.029623962731306706
1.046e-07,-0.030655212731306707
1.047e-07,-0.030038032731306705
1.048e-07,-0.030655212731306707
1.049e-07,-0.033116152731306706
1.05e-07,-0.03465521273130671
1.051e-07,-0.032889592731306705
1.052e-07,-0.030655212731306707
1.053e-07,-0.03131146273130671
1.054e-07,-0.03465521273130671
1.055e-07,-0.037131782731306705
1.056e-07,-0.03665521273130671
1.057e-07,-0.0336239627313067
1.058e-07,-0.030655212731306707
1.059e-07,-0.029772402731306706
1.06e-07,-0.030655212731306707
1.061e-07,-0.03192084273130671
1.062e-07,-0.032655212731306706
1.063e-07,-0.03293646273130671
1.064e-07,-0.032655212731306706
1.065e-07,-0.03220209273130671
1.066e-07,-0.032655212731306706
1.067e-07,-0.034139592731306706
1.068e-07,-0.03465521273130671
1.069e-07,-0.033428652731306706
1.07e-07,-0.032655212731306706
1.071e-07,-0.033702092731306706
1.072e-07,-0.03465521273130671
1.073e-07,-0.033702092731306706
1.074e-07,-0.032655212731306706
1.075e-07,-0.0334989627313067
1.076e-07,-0.03465521273130671
1.077e-07,-0.034053652731306706
1.078e-07,-0.032655212731306706
1.079e-07,-0.03238178273130671
1.08e-07,-0.032655212731306706
1.081e-07,-0.03257709273130671
1.082e-07,-0.032655212731306706
1.083e-07,-0.0336708427313067
1.084e-07,-0.03465521273130671
1.085e-07,-0.03473334273130671
1.086e-07,-0.03465521273130671
1.087e-07,-0.03535053273130671
1.088e-07,-0.03665521273130671
1.089e-07,-0.03726459273130671
1.09e-07,-0.03665521273130671
1.091e-07,-0.035233342731306704
1.092e-07,-0.03465521273130671
1.093e-07,-0.03501459273130671
1.094e-07,-0.03465521273130671
1.095e-07,-0.03258490273130671
1.096e-07,-0.030655212731306707
1.097e-07,-0.030569282731306706
1.098e-07,-0.030655212731306707
1.099e-07,-0.029577092731306705
1.1e-07,-0.028655212731306706
1.101e-07,-0.029584902731306706
1.102e-07,-0.030655212731306707
1.103e-07,-0.030498962731306707
1.104e-07,-0.030655212731306707
1.105e-07,-0.03269428273130671
1.106e-07,-0.03465521273130671
1.107e-07,-0.03431928273130671
1.108e-07,-0.032655212731306706
1.109e-07,-0.03142865273130671
1.11e-07,-0.030655212731306707
1.111e-07,-0.029514592731306705
1.112e-07,-0.028655212731306706
1.113e-07,-0.029178652731306706
1.114e-07,-0.030655212731306707
1.115e-07,-0.03200678273130671
1.116e-07,-0.032655212731306706
1.117e-07,-0.03225678273130671
1.118e-07,-0.030655212731306707
1.119e-07,-0.02888959273130671
1.12e-07,-0.028655212731306706
1.121e-07,-0.030616152731306707
1.122e-07,-0.032655212731306706
1.123e-07,-0.03254584273130671
1.124e-07,-0.030655212731306707
1.125e-07,-0.028834902731306705
1.126e-07,-0.028655212731306706
1.127e-07,-0.030264592731306706
1.128e-07,-0.032655212731306706
1.129e-07,-0.034413032731306706
1.13e-07,-0.03465521273130671
1.131e-07,-0.03308490273130671
1.132e-07,-0.030655212731306707
1.133e-07,-0.028303652731306708
1.134e-07,-0.026655212731306707
1.135e-07,-0.026092712731306707
1.136e-07,-0.026655212731306707
1.137e-07,-0.027795842731306707
1.138e-07,-0.028655212731306706
1.139e-07,-0.028694282731306708
1.14e-07,-0.028655212731306706
1.141e-07,-0.02895209273130671
1.142e-07,-0.028655212731306706
1.143e-07,-0.027006782731306706
1.144e-07,-0.024655212731306705
1.145e-07,-0.022483342731306706
1.146e-07,-0.020655212731306705
1.147e-07,-0.019194282731306706
1.148e-07,-0.018655212731306707
1.149e-07,-0.019944282731306707
1.15e-07,-0.022655212731306707
1.151e-07,-0.024967712731306706
1.152e-07,-0.024655212731306705
1.153e-07,-0.021608342731306705
1.154e-07,-0.018655212731306707
1.155e-07,-0.018092712731306707
1.156e-07,-0.018655212731306707
1.157e-07,-0.018092712731306707
1.158e-07,-0.016655212731306705
1.159e-07,-0.015436462731306706
1.16e-07,-0.014655212731306707
1.161e-07,-0.014092712731306706
1.162e-07,-0.014655212731306707
1.163e-07,-0.01618646273130671
1.164e-07,-0.016655212731306705
1.165e-07,-0.014295842731306707
1.166e-07,-0.010655215731306707
1.167e-07,-0.007827090731306708
1.168e-07,-0.006655215731306707
1.169e-07,-0.006061465731306706
1.17e-07,-0.004655215731306707
1.171e-07,-0.002350527731306707
1.172e-07,-0.0006552157313067068
1.173e-07,-4.583973130670681e-05
1.174e-07,0.0013447852686932936
1.175e-07,0.0039463472686932935
1.176e-07,0.005344785268693293
1.177e-07,0.004055722268693294
1.178e-07,0.0033447852686932936
1.179e-07,0.005868222268693293
1.18e-07,0.009344787268693294
1.181e-07,0.010227597268693293
1.182e-07,0.009344787268693294
1.183e-07,0.009422907268693293
1.184e-07,0.011344787268693294
1.185e-07,0.013696347268693294
1.186e-07,0.015344787268693292
1.187e-07,0.015751037268693292
1.188e-07,0.015344787268693292
1.189e-07,0.014860407268693292
1.19e-07,0.015344787268693292
1.191e-07,0.016547907268693294
1.192e-07,0.017344787268693294
1.193e-07,0.017266657268693295
1.194e-07,0.017344787268693294
1.195e-07,0.018329157268693292
1.196e-07,0.019344787268693292
1.197e-07,0.01946197726869329
1.198e-07,0.019344787268693292
1.199e-07,0.020133847268693293
1.2e-07,0.021344787268693294
1.201e-07,0.022329157268693292
1.202e-07,0.023344787268693292
1.203e-07,0.024626037268693293
1.204e-07,0.025344787268693294
1.205e-07,0.025180727268693293
1.206e-07,0.025344787268693294
1.207e-07,0.026946347268693292
1.208e-07,0.029344787268693294
1.209e-07,0.030946347268693296
1.21e-07,0.031344787268693296
1.211e-07,0.031063537268693292
1.212e-07,0.031344787268693296
1.213e-07,0.03233697726869329
1.214e-07,0.03334478726869329
1.215e-07,0.03350884726869329
1.216e-07,0.03334478726869329
1.217e-07,0.033376037268693294
1.218e-07,0.03334478726869329
1.219e-07,0.0329932272686933
1.22e-07,0.03334478726869329
1.221e-07,0.03463384726869329
1.222e-07,0.03534478726869329
1.223e-07,0.03486040726869329
1.224e-07,0.03534478726869329
1.225e-07,0.03766509726869329
1.226e-07,0.039344787268693296
1.227e-07,0.03789947726869329
1.228e-07,0.03534478726869329
1.229e-07,0.034540097268693296
1.23e-07,0.03534478726869329
1.231e-07,0.0357900972686933
1.232e-07,0.03534478726869329
1.233e-07,0.034438537268693295
1.234e-07,0.03334478726869329
1.235e-07,0.032579157268693294
1.236e-07,0.03334478726869329
1.237e-07,0.03561822726869329
1.238e-07,0.037344787268693294
1.239e-07,0.036860407268693295
1.24e-07,0.03534478726869329
1.241e-07,0.03424322726869329
1.242e-07,0.03334478726869329
1.243e-07,0.03207134726869329
1.244e-07,0.031344787268693296
1.245e-07,0.031704157268693293
1.246e-07,0.031344787268693296
1.247e-07,0.029766657268693292
1.248e-07,0.029344787268693294
1.249e-07,0.03154009726869329
1.25e-07,0.03334478726869329
1.251e-07,0.03257134726869329
1.252e-07,0.031344787268693296
1.253e-07,0.03262603726869329
1.254e-07,0.03534478726869329
1.255e-07,0.03649322726869329
1.256e-07,0.03534478726869329
1.257e-07,0.033586977268693294
1.258e-07,0.03334478726869329
1.259e-07,0.03454790726869329
1.26e-07,0.03534478726869329
1.261e-07,0.034438537268693295
1.262e-07,0.03334478726869329
1.263e-07,0.03378228726869329
1.264e-07,0.03534478726869329
1.265e-07,0.03609478726869329
1.266e-07,0.03534478726869329
1.267e-07,0.033915097268693295
1.268e-07,0.03334478726869329
1.269e-07,0.03355572726869329
1.27e-07,0.03334478726869329
1.271e-07,0.03200103726869329
1.272e-07,0.031344787268693296
1.273e-07,0.032305727268693296
1.274e-07,0.03334478726869329
1.275e-07,0.03213384726869329
1.276e-07,0.029344787268693294
1.277e-07,0.02678228726869329
1.278e-07,0.025344787268693294
1.279e-07,0.024430727268693293
1.28e-07,0.023344787268693292
1.281e-07,0.022211977268693294
1.282e-07,0.021344787268693294
1.283e-07,0.021133847268693294
1.284e-07,0.021344787268693294
1.285e-07,0.021094787268693294
1.286e-07,0.019344787268693292
1.287e-07,0.017219787268693294
1.288e-07,0.017344787268693294
1.289e-07,0.020016657268693294
1.29e-07,0.021344787268693294
1.291e-07,0.018774477268693295
1.292e-07,0.015344787268693292
1.293e-07,0.014618227268693294
1.294e-07,0.015344787268693292
1.295e-07,0.014821347268693292
1.296e-07,0.013344787268693294
1.297e-07,0.012907287268693293
1.298e-07,0.013344787268693294
1.299e-07,0.013633847268693294
1.3e-07,0.013344787268693294
1.301e-07,0.013180727268693293
1.302e-07,0.013344787268693294
1.303e-07,0.013688537268693294
1.304e-07,0.013344787268693294
1.305e-07,0.012704157268693294
1.306e-07,0.013344787268693294
1.307e-07,0.015696347268693293
1.308e-07,0.017344787268693294
1.309e-07,0.016547907268693294
1.31e-07,0.015344787268693292
1.311e-07,0.015907287268693292
1.312e-07,0.017344787268693294
1.313e-07,0.017665097268693294
1.314e-07,0.017344787268693294
1.315e-07,0.017352597268693294
1.316e-07,0.017344787268693294
1.317e-07,0.016415097268693293
1.318e-07,0.015344787268693292
1.319e-07,0.015071347268693292
1.32e-07,0.015344787268693292
1.321e-07,0.015430727268693292
1.322e-07,0.015344787268693292
1.323e-07,0.015344787268693292
1.324e-07,0.015344787268693292
1.325e-07,0.015219787268693292
1.326e-07,0.015344787268693292
1.327e-07,0.015618227268693292
1.328e-07,0.015344787268693292
1.329e-07,0.014251037268693294
1.33e-07,0.013344787268693294
1.331e-07,0.013329157268693295
1.332e-07,0.013344787268693294
1.333e-07,0.012399477268693294
1.334e-07,0.011344787268693294
1.335e-07,0.011040097268693294
1.336e-07,0.011344787268693294
1.337e-07,0.011961977268693294
1.338e-07,0.013344787268693294
1.339e-07,0.015055727268693295
1.34e-07,0.015344787268693292
1.341e-07,0.012383847268693293
1.342e-07,0.007344785268693293
1.343e-07,0.003430722268693293
1.344e-07,0.0033447852686932936
1.345e-07,0.006633847268693293
1.346e-07,0.009344787268693294
1.347e-07,0.008532287268693293
1.348e-07,0.005344785268693293
1.349e-07,0.0031885352686932935
1.35e-07,0.0033447852686932936
1.351e-07,0.004790097268693293
1.352e-07,0.005344785268693293
1.353e-07,0.004477597268693293
1.354e-07,0.0033447852686932936
1.355e-07,0.003524472268693293
1.356e-07,0.005344785268693293
1.357e-07,0.007251035268693293
1.358e-07,0.007344785268693293
1.359e-07,0.005313535268693293
1.36e-07,0.0033447852686932936
1.361e-07,0.0028682222686932934
1.362e-07,0.0033447852686932936
1.363e-07,0.0034229102686932937
1.364e-07,0.0033447852686932936
1.365e-07,0.003540097268693293
1.366e-07,0.0033447852686932936
1.367e-07,0.001766660268693293
1.368e-07,-0.0006552157313067068
1.369e-07,-0.0024442777313067065
1.37e-07,-0.0026552152645037065
1.371e-07,-0.0015380277313067068
1.372e-07,-0.0006552157313067068
1.373e-07,-0.0007020907313067066
1.374e-07,-0.0006552157313067068
1.375e-07,-7.708973130670684e-05
1.376e-07,-0.0006552157313067068
1.377e-07,-0.0029833402313067066
1.378e-07,-0.004655215731306707
1.379e-07,-0.0038427157313067066
1.38e-07,-0.0026552152645037065
1.381e-07,-0.003373965231306707
1.382e-07,-0.004655215731306707
1.383e-07,-0.004225527731306707
1.384e-07,-0.0026552152645037065
1.385e-07,-0.0019208402313067067
1.386e-07,-0.0026552152645037065
1.387e-07,-0.0039286527313067065
1.388e-07,-0.004655215731306707
1.389e-07,-0.004655215731306707
1.39e-07,-0.004655215731306707
1.391e-07,-0.0048974027313067065
1.392e-07,-0.004655215731306707
1.393e-07,-0.0034677152313067065
1.394e-07,-0.0026552152645037065
1.395e-07,-0.003342715231306707
1.396e-07,-0.004655215731306707
1.397e-07,-0.005092715731306707
1.398e-07,-0.004655215731306707
1.399e-07,-0.0037880277313067064
1.4e-07,-0.0026552152645037065
1.401e-07,-0.0013739657313067068
1.402e-07,-0.0006552157313067068
1.403e-07,-0.0012255277313067067
1.404e-07,-0.0026552152645037065
1.405e-07,-0.0035380277313067066
1.406e-07,-0.0026552152645037065
1.407e-07,-0.0003036527313067068
1.408e-07,0.0013447852686932936
1.409e-07,0.0007822852686932935
1.41e-07,-0.0006552157313067068
1.411e-07,-0.0010458407313067067
1.412e-07,-0.0006552157313067068
1.413e-07,1.6660268693293248e-05
1.414e-07,0.0013447852686932936
1.415e-07,0.0032197852686932935
1.416e-07,0.0033447852686932936
1.417e-07,0.001493222268693293
1.418e-07,0.0013447852686932936
1.419e-07,0.0051416602686932935
1.42e-07,0.009344787268693294
1.421e-07,0.010188537268693293
1.422e-07,0.009344787268693294
1.423e-07,0.009782287268693294
1.424e-07,0.011344787268693294
1.425e-07,0.011751037268693294
1.426e-07,0.011344787268693294
1.427e-07,0.011126037268693293
1.428e-07,0.011344787268693294
1.429e-07,0.011196347268693294
1.43e-07,0.011344787268693294
1.431e-07,0.011665097268693293
1.432e-07,0.011344787268693294
1.433e-07,0.010024477268693294
1.434e-07,0.009344787268693294
1.435e-07,0.009711977268693293
1.436e-07,0.009344787268693294
1.437e-07,0.007180722268693294
1.438e-07,0.005344785268693293
1.439e-07,0.005930722268693293
1.44e-07,0.007344785268693293
1.441e-07,0.007172910268693293
1.442e-07,0.005344785268693293
1.443e-07,0.0037432222686932934
1.444e-07,0.0033447852686932936
1.445e-07,0.0041729102686932935
1.446e-07,0.005344785268693293
1.447e-07,0.006422910268693294
1.448e-07,0.007344785268693293
1.449e-07,0.007883847268693293
1.45e-07,0.007344785268693293
1.451e-07,0.005930722268693293
1.452e-07,0.005344785268693293
1.453e-07,0.006461972268693293
1.454e-07,0.007344785268693293
1.455e-07,0.006469785268693294
1.456e-07,0.005344785268693293
1.457e-07,0.005860410268693293
1.458e-07,0.007344785268693293
1.459e-07,0.008485407268693294
1.46e-07,0.009344787268693294
1.461e-07,0.010540097268693293
1.462e-07,0.011344787268693294
1.463e-07,0.010844787268693293
1.464e-07,0.009344787268693294
1.465e-07,0.008430727268693294
1.466e-07,0.009344787268693294
1.467e-07,0.011641657268693293
1.468e-07,0.013344787268693294
1.469e-07,0.013352597268693294
1.47e-07,0.013344787268693294
1.471e-07,0.014930727268693295
1.472e-07,0.017344787268693294
1.473e-07,0.018336977268693294
1.474e-07,0.017344787268693294
1.475e-07,0.015149477268693295
1.476e-07,0.013344787268693294
1.477e-07,0.012711977268693293
1.478e-07,0.013344787268693294
1.479e-07,0.014547907268693292
1.48e-07,0.015344787268693292
1.481e-07,0.015383847268693292
1.482e-07,0.015344787268693292
1.483e-07,0.015493227268693292
1.484e-07,0.015344787268693292
1.485e-07,0.014907287268693295
1.486e-07,0.015344787268693292
1.487e-07,0.016751037268693293
1.488e-07,0.017344787268693294
1.489e-07,0.015586977268693292
1.49e-07,0.013344787268693294
1.491e-07,0.012696347268693293
1.492e-07,0.013344787268693294
1.493e-07,0.013735407268693295
1.494e-07,0.013344787268693294
1.495e-07,0.012501037268693293
1.496e-07,0.011344787268693294
1.497e-07,0.010094787268693292
1.498e-07,0.009344787268693294
1.499e-07,0.009829157268693293
1.5e-07,0.011344787268693294
1.501e-07,0.012938537268693293
1.502e-07,0.013344787268693294
1.503e-07,0.012360407268693294
1.504e-07,0.011344787268693294
1.505e-07,0.011219787268693293
1.506e-07,0.011344787268693294
1.507e-07,0.010633847268693293
1.508e-07,0.009344787268693294
1.509e-07,0.008665097268693293
1.51e-07,0.009344787268693294
1.511e-07,0.010696347268693293
1.512e-07,0.011344787268693294
1.513e-07,0.010610407268693294
1.514e-07,0.009344787268693294
1.515e-07,0.008883847268693294
1.516e-07,0.009344787268693294
1.517e-07,0.009852597268693293
1.518e-07,0.009344787268693294
1.519e-07,0.008071347268693293
1.52e-07,0.007344785268693293
1.521e-07,0.007993227268693294
1.522e-07,0.009344787268693294
1.523e-07,0.010391657268693294
1.524e-07,0.011344787268693294
1.525e-07,0.012493227268693294
1.526e-07,0.013344787268693294
1.527e-07,0.012883847268693294
1.528e-07,0.011344787268693294
1.529e-07,0.009274477268693293
1.53e-07,0.007344785268693293
1.531e-07,0.005852597268693293
1.532e-07,0.005344785268693293
1.533e-07,0.005993222268693293
1.534e-07,0.007344785268693293
1.535e-07,0.008680727268693293
1.536e-07,0.009344787268693294
1.537e-07,0.008922907268693294
1.538e-07,0.007344785268693293
1.539e-07,0.005180722268693294
1.54e-07,0.0033447852686932936
1.541e-07,0.0028525972686932934
1.542e-07,0.0033447852686932936
1.543e-07,0.004313535268693294
1.544e-07,0.005344785268693293
1.545e-07,0.005938535268693293
1.546e-07,0.005344785268693293
1.547e-07,0.004407285268693294
1.548e-07,0.005344785268693293
1.549e-07,0.008696347268693293
1.55e-07,0.011344787268693294
1.551e-07,0.010415097268693293
1.552e-07,0.007344785268693293
1.553e-07,0.005188535268693293
1.554e-07,0.005344785268693293
1.555e-07,0.006633847268693293
1.556e-07,0.007344785268693293
1.557e-07,0.007157285268693293
1.558e-07,0.007344785268693293
1.559e-07,0.008516657268693294
1.56e-07,0.009344787268693294
1.561e-07,0.008579157268693294
1.562e-07,0.007344785268693293
1.563e-07,0.007141660268693293
1.564e-07,0.007344785268693293
1.565e-07,0.007071347268693294
1.566e-07,0.007344785268693293
1.567e-07,0.008696347268693293
1.568e-07,0.009344787268693294
1.569e-07,0.008180727268693294
1.57e-07,0.007344785268693293
1.571e-07,0.008313537268693293
1.572e-07,0.009344787268693294
1.573e-07,0.008532287268693293
1.574e-07,0.007344785268693293
1.575e-07,0.007852597268693293
1.576e-07,0.009344787268693294
1.577e-07,0.009415097268693294
1.578e-07,0.007344785268693293
1.579e-07,0.004555722268693293
1.58e-07,0.0033447852686932936
1.581e-07,0.004774472268693293
1.582e-07,0.007344785268693293
1.583e-07,0.009024477268693293
1.584e-07,0.009344787268693294
1.585e-07,0.008618227268693292
1.586e-07,0.007344785268693293
1.587e-07,0.005891660268693293
1.588e-07,0.005344785268693293
1.589e-07,0.0062197852686932936
1.59e-07,0.007344785268693293
1.591e-07,0.007102597268693294
1.592e-07,0.005344785268693293
1.593e-07,0.0030557222686932936
1.594e-07,0.0013447852686932936
1.595e-07,0.001383847268693293
1.596e-07,0.0033447852686932936
1.597e-07,0.0061104102686932935
1.598e-07,0.007344785268693293
1.599e-07,0.006399472268693293
1.6e-07,0.005344785268693293
1.601e-07,0.005969785268693293
1.602e-07,0.007344785268693293
1.603e-07,0.007274472268693294
1.604e-07,0.005344785268693293
1.605e-07,0.0031729102686932934
1.606e-07,0.0033447852686932936
1.607e-07,0.005735410268693293
1.608e-07,0.007344785268693293
1.609e-07,0.006446347268693293
1.61e-07,0.005344785268693293
1.611e-07,0.005766660268693293
1.612e-07,0.005344785268693293
1.613e-07,0.0021885352686932934
1.614e-07,-0.0006552157313067068
1.615e-07,0.00025103526869329346
1.616e-07,0.0033447852686932936
1.617e-07,0.005180722268693294
1.618e-07,0.005344785268693293
1.619e-07,0.005243222268693294
1.62e-07,0.005344785268693293
1.621e-07,0.004876035268693293
1.622e-07,0.0033447852686932936
1.623e-07,0.0011182222686932932
1.624e-07,-0.0006552157313067068
1.625e-07,-0.0011942777313067067
1.626e-07,-0.0006552157313067068
1.627e-07,0.0003291602686932931
1.628e-07,0.0013447852686932936
1.629e-07,0.0024385352686932937
1.63e-07,0.0033447852686932936
1.631e-07,0.003243222268693293
1.632e-07,0.0013447852686932936
1.633e-07,-0.0014520907313067067
1.634e-07,-0.0026552152645037065
1.635e-07,-0.0010067777313067067
1.636e-07,0.0013447852686932936
1.637e-07,0.0019463472686932935
1.638e-07,0.0013447852686932936
1.639e-07,0.0011572852686932934
1.64e-07,0.0013447852686932936
1.641e-07,0.0012510352686932935
1.642e-07,0.0013447852686932936
1.643e-07,0.0018291602686932931
1.644e-07,0.0013447852686932936
1.645e-07,-0.0003349027313067068
1.646e-07,-0.0006552157313067068
1.647e-07,0.0015010352686932937
1.648e-07,0.0033447852686932936
1.649e-07,0.002610410268693293
1.65e-07,0.0013447852686932936
1.651e-07,0.0020479102686932933
1.652e-07,0.0033447852686932936
1.653e-07,0.002860410268693293
1.654e-07,0.0013447852686932936
1.655e-07,0.0007979102686932935
1.656e-07,0.0013447852686932936
1.657e-07,0.0021104102686932934
1.658e-07,0.0033447852686932936
1.659e-07,0.004829160268693293
1.66e-07,0.005344785268693293
1.661e-07,0.0042197852686932935
1.662e-07,0.0033447852686932936
1.663e-07,0.003508847268693293
1.664e-07,0.0033447852686932936
1.665e-07,0.001461972268693293
1.666e-07,-0.0006552157313067068
1.667e-07,-0.0012099027313067067
1.668e-07,-0.0006552157313067068
1.669e-07,-0.0008661527313067066
1.67e-07,-0.0026552152645037065
1.671e-07,-0.004616152731306706
1.672e-07,-0.004655215731306707
1.673e-07,-0.0024599027313067065
1.674e-07,-0.0006552157313067068
1.675e-07,-0.0011786527313067067
1.676e-07,-0.0026552152645037065
1.677e-07,-0.0030614652313067066
1.678e-07,-0.0026552152645037065
1.679e-07,-0.0031395902313067067
1.68e-07,-0.004655215731306707
1.681e-07,-0.0060927157313067064
1.682e-07,-0.006655215731306707
1.683e-07,-0.006545840731306707
1.684e-07,-0.006655215731306707
1.685e-07,-0.007530215731306707
1.686e-07,-0.008655215731306707
1.687e-07,-0.008959902731306707
1.688e-07,-0.008655215731306707
1.689e-07,-0.007873965731306706
1.69e-07,-0.006655215731306707
1.691e-07,-0.005694277731306707
1.692e-07,-0.006655215731306707
1.693e-07,-0.009373965731306708
1.694e-07,-0.010655215731306707
1.695e-07,-0.008303652731306708
1.696e-07,-0.004655215731306707
1.697e-07,-0.003334902731306707
1.698e-07,-0.004655215731306707
1.699e-07,-0.006905215731306706
1.7e-07,-0.008655215731306707
1.701e-07,-0.009373965731306708
1.702e-07,-0.008655215731306707
1.703e-07,-0.0071552157313067065
1.704e-07,-0.006655215731306707
1.705e-07,-0.0077880277313067065
1.706e-07,-0.008655215731306707
1.707e-07,-0.007905215731306706
1.708e-07,-0.006655215731306707
1.709e-07,-0.0068192777313067065
1.71e-07,-0.008655215731306707
1.711e-07,-0.010561465731306707
1.712e-07,-0.010655215731306707
1.713e-07,-0.009327090731306706
1.714e-07,-0.008655215731306707
1.715e-07,-0.009733340731306706
1.716e-07,-0.010655215731306707
1.717e-07,-0.009866152731306706
1.718e-07,-0.008655215731306707
1.719e-07,-0.009584902731306705
1.72e-07,-0.012655212731306707
1.721e-07,-0.015694282731306707
1.722e-07,-0.016655212731306705
1.723e-07,-0.015647402731306707
1.724e-07,-0.014655212731306707
1.725e-07,-0.015147402731306707
1.726e-07,-0.016655212731306705
1.727e-07,-0.017428652731306706
1.728e-07,-0.016655212731306705
1.729e-07,-0.015663032731306707
1.73e-07,-0.016655212731306705
1.731e-07,-0.019444282731306706
1.732e-07,-0.020655212731306705
1.733e-07,-0.018670842731306706
1.734e-07,-0.016655212731306705
1.735e-07,-0.017834902731306706
1.736e-07,-0.020655212731306705
1.737e-07,-0.022147402731306706
1.738e-07,-0.022655212731306707
1.739e-07,-0.023655212731306708
1.74e-07,-0.024655212731306705
1.741e-07,-0.02412396273130671
1.742e-07,-0.022655212731306707
1.743e-07,-0.021358342731306705
1.744e-07,-0.020655212731306705
1.745e-07,-0.020389592731306708
1.746e-07,-0.020655212731306705
1.747e-07,-0.021506782731306708
1.748e-07,-0.022655212731306707
1.749e-07,-0.023327092731306707
1.75e-07,-0.022655212731306707
1.751e-07,-0.02120209273130671
1.752e-07,-0.020655212731306705
1.753e-07,-0.021811462731306706
1.754e-07,-0.022655212731306707
1.755e-07,-0.021858342731306706
1.756e-07,-0.020655212731306705
1.757e-07,-0.021100532731306708
1.758e-07,-0.022655212731306707
1.759e-07,-0.024006782731306707
1.76e-07,-0.024655212731306705
1.761e-07,-0.025389592731306705
1.762e-07,-0.026655212731306707
1.763e-07,-0.027983342731306707
1.764e-07,-0.028655212731306706
1.765e-07,-0.028506782731306708
1.766e-07,-0.028655212731306706
1.767e-07,-0.029623962731306706
1.768e-07,-0.030655212731306707
1.769e-07,-0.030264592731306706
1.77e-07,-0.028655212731306706
1.771e-07,-0.027092712731306708
1.772e-07,-0.026655212731306707
1.773e-07,-0.027467712731306708
1.774e-07,-0.028655212731306706
1.775e-07,-0.029194282731306708
1.776e-07,-0.028655212731306706
1.777e-07,-0.027944282731306707
1.778e-07,-0.028655212731306706
1.779e-07,-0.030928652731306707
1.78e-07,-0.032655212731306706
1.781e-07,-0.03214740273130671
1.782e-07,-0.030655212731306707
1.783e-07,-0.029616152731306706
1.784e-07,-0.028655212731306706
1.785e-07,-0.027225532731306706
1.786e-07,-0.026655212731306707
1.787e-07,-0.027756782731306707
1.788e-07,-0.028655212731306706
1.789e-07,-0.027780212731306708
1.79e-07,-0.026655212731306707
1.791e-07,-0.027147402731306707
1.792e-07,-0.028655212731306706
1.793e-07,-0.029366152731306706
1.794e-07,-0.028655212731306706
1.795e-07,-0.027373962731306708
1.796e-07,-0.026655212731306707
1.797e-07,-0.026217712731306707
1.798e-07,-0.024655212731306705
1.799e-07,-0.021998962731306707
1.8e-07,-0.020655212731306705
1.801e-07,-0.022233342731306706
1.802e-07,-0.024655212731306705
1.803e-07,-0.025366152731306706
1.804e-07,-0.024655212731306705
1.805e-07,-0.024358342731306708
1.806e-07,-0.024655212731306705
1.807e-07,-0.024366152731306708
1.808e-07,-0.022655212731306707
1.809e-07,-0.020202092731306708
1.81e-07,-0.018655212731306707
1.811e-07,-0.019069282731306706
1.812e-07,-0.020655212731306705
1.813e-07,-0.022014592731306706
1.814e-07,-0.022655212731306707
1.815e-07,-0.022881782731306706
1.816e-07,-0.022655212731306707
1.817e-07,-0.021881782731306705
1.818e-07,-0.020655212731306705
1.819e-07,-0.019475532731306706
1.82e-07,-0.018655212731306707
1.821e-07,-0.018428652731306706
1.822e-07,-0.018655212731306707
1.823e-07,-0.019413032731306706
1.824e-07,-0.020655212731306705
1.825e-07,-0.022053652731306706
1.826e-07,-0.022655212731306707
1.827e-07,-0.021936462731306706
1.828e-07,-0.020655212731306705
1.829e-07,-0.02006146273130671
1.83e-07,-0.020655212731306705
1.831e-07,-0.021795842731306705
1.832e-07,-0.022655212731306707
1.833e-07,-0.022334902731306706
1.834e-07,-0.020655212731306705
1.835e-07,-0.018772402731306707
1.836e-07,-0.018655212731306707
1.837e-07,-0.020233342731306708
1.838e-07,-0.020655212731306705
1.839e-07,-0.018514592731306706
1.84e-07,-0.016655212731306705
1.841e-07,-0.01785834273130671
1.842e-07,-0.020655212731306705
1.843e-07,-0.021811462731306706
1.844e-07,-0.020655212731306705
1.845e-07,-0.018538032731306706
1.846e-07,-0.016655212731306705
1.847e-07,-0.015366152731306707
1.848e-07,-0.014655212731306707
1.849e-07,-0.014553652731306706
1.85e-07,-0.014655212731306707
1.851e-07,-0.014780212731306707
1.852e-07,-0.014655212731306707
1.853e-07,-0.014491152731306706
1.854e-07,-0.014655212731306707
1.855e-07,-0.015569282731306706
1.856e-07,-0.016655212731306705
1.857e-07,-0.017139592731306705
1.858e-07,-0.016655212731306705
1.859e-07,-0.015506782731306706
1.86e-07,-0.014655212731306707
1.861e-07,-0.014577092731306706
1.862e-07,-0.014655212731306707
1.863e-07,-0.014538032731306707
1.864e-07,-0.014655212731306707
1.865e-07,-0.015092712731306707
1.866e-07,-0.014655212731306707
1.867e-07,-0.013217712731306707
1.868e-07,-0.012655212731306707
1.869e-07,-0.014452092731306706
1.87e-07,-0.016655212731306705
1.871e-07,-0.01724896273130671
1.872e-07,-0.016655212731306705
1.873e-07,-0.016452092731306704
1.874e-07,-0.016655212731306705
1.875e-07,-0.016592712731306705
1.876e-07,-0.016655212731306705
1.877e-07,-0.017436462731306706
1.878e-07,-0.018655212731306707
1.879e-07,-0.019655212731306708
1.88e-07,-0.020655212731306705
1.881e-07,-0.021256782731306708
1.882e-07,-0.020655212731306705
1.883e-07,-0.018584902731306707
1.884e-07,-0.016655212731306705
1.885e-07,-0.016194282731306707
1.886e-07,-0.016655212731306705
1.887e-07,-0.016866152731306705
1.888e-07,-0.016655212731306705
1.889e-07,-0.016577092731306704
1.89e-07,-0.016655212731306705
1.891e-07,-0.016764592731306704
1.892e-07,-0.016655212731306705
1.893e-07,-0.016616152731306705
1.894e-07,-0.016655212731306705
1.895e-07,-0.01674896273130671
1.896e-07,-0.016655212731306705
1.897e-07,-0.016459902731306708
1.898e-07,-0.016655212731306705
1.899e-07,-0.01760834273130671
1.9e-07,-0.018655212731306707
1.901e-07,-0.019014592731306706
1.902e-07,-0.018655212731306707
1.903e-07,-0.01781928273130671
1.904e-07,-0.016655212731306705
1.905e-07,-0.015866152731306704
1.906e-07,-0.016655212731306705
1.907e-07,-0.019014592731306706
1.908e-07,-0.020655212731306705
1.909e-07,-0.020053652731306708
1.91e-07,-0.018655212731306707
1.911e-07,-0.018405212731306707
1.912e-07,-0.018655212731306707
1.913e-07,-0.018538032731306706
1.914e-07,-0.018655212731306707
1.915e-07,-0.019717712731306708
1.916e-07,-0.020655212731306705
1.917e-07,-0.020577092731306708
1.918e-07,-0.020655212731306705
1.919e-07,-0.022256782731306705
1.92e-07,-0.024655212731306705
1.921e-07,-0.025709902731306706
1.922e-07,-0.024655212731306705
1.923e-07,-0.022233342731306706
1.924e-07,-0.020655212731306705
1.925e-07,-0.021092712731306706
1.926e-07,-0.022655212731306707
1.927e-07,-0.023428652731306707
1.928e-07,-0.022655212731306707
1.929e-07,-0.020733342731306708
1.93e-07,-0.018655212731306707
1.931e-07,-0.01769428273130671
1.932e-07,-0.018655212731306707
1.933e-07,-0.021100532731306708
1.934e-07,-0.022655212731306707
1.935e-07,-0.022053652731306706
1.936e-07,-0.020655212731306705
1.937e-07,-0.020178652731306708
1.938e-07,-0.020655212731306705
1.939e-07,-0.020952092731306708
1.94e-07,-0.020655212731306705
1.941e-07,-0.020311462731306705
1.942e-07,-0.020655212731306705
1.943e-07,-0.02117084273130671
1.944e-07,-0.020655212731306705
1.945e-07,-0.018655212731306707
1.946e-07,-0.016655212731306705
1.947e-07,-0.016217712731306705
1.948e-07,-0.016655212731306705
1.949e-07,-0.016858342731306708
1.95e-07,-0.016655212731306705
1.951e-07,-0.016694282731306707
1.952e-07,-0.016655212731306705
1.953e-07,-0.016452092731306704
1.954e-07,-0.016655212731306705
1.955e-07,-0.017702092731306705
1.956e-07,-0.018655212731306707
1.957e-07,-0.018780212731306707
1.958e-07,-0.018655212731306707
1.959e-07,-0.018811462731306707
1.96e-07,-0.018655212731306707
1.961e-07,-0.017655212731306706
1.962e-07,-0.016655212731306705
1.963e-07,-0.016506782731306707
1.964e-07,-0.016655212731306705
1.965e-07,-0.016506782731306707
1.966e-07,-0.016655212731306705
1.967e-07,-0.017655212731306706
1.968e-07,-0.018655212731306707
1.969e-07,-0.018811462731306707
1.97e-07,-0.018655212731306707
1.971e-07,-0.018811462731306707
1.972e-07,-0.018655212731306707
1.973e-07,-0.017623962731306706
1.974e-07,-0.016655212731306705
1.975e-07,-0.016584902731306708
1.976e-07,-0.016655212731306705
1.977e-07,-0.016342712731306705
1.978e-07,-0.016655212731306705
1.979e-07,-0.018053652731306706
1.98e-07,-0.018655212731306707
1.981e-07,-0.01745990273130671
1.982e-07,-0.016655212731306705
1.983e-07,-0.017741152731306706
1.984e-07,-0.018655212731306707
1.985e-07,-0.01758490273130671
1.986e-07,-0.016655212731306705
1.987e-07,-0.017702092731306705
1.988e-07,-0.018655212731306707
1.989e-07,-0.017030212731306706
1.99e-07,-0.014655212731306707
1.991e-07,-0.014100532731306707
1.992e-07,-0.014655212731306707
1.993e-07,-0.014694282731306707
1.994e-07,-0.014655212731306707
1.995e-07,-0.015100532731306706
1.996e-07,-0.014655212731306707
1.997e-07,-0.012561465731306707
1.998e-07,-0.010655215731306707
1.999e-07,-0.010952090731306707
2e-07,-0.012655212731306707
2.001e-07,-0.013616152731306707
2.002e-07,-0.012655212731306707
2.003e-07,-0.010928652731306707
2.004e-07,-0.010655215731306707
2.005e-07,-0.012131777731306706
2.006e-07,-0.012655212731306707
2.007e-07,-0.010709902731306706
2.008e-07,-0.008655215731306707
2.009e-07,-0.009030215731306707
2.01e-07,-0.010655215731306707
2.011e-07,-0.011139590731306707
2.012e-07,-0.010655215731306707
2.013e-07,-0.010538027731306706
2.014e-07,-0.010655215731306707
2.015e-07,-0.009975527731306708
2.016e-07,-0.008655215731306707
2.017e-07,-0.007428652731306707
2.018e-07,-0.006655215731306707
2.019e-07,-0.006420840731306707
2.02e-07,-0.006655215731306707
2.021e-07,-0.006944277731306707
2.022e-07,-0.006655215731306707
2.023e-07,-0.005694277731306707
2.024e-07,-0.004655215731306707
2.025e-07,-0.0042645907313067066
2.026e-07,-0.004655215731306707
2.027e-07,-0.005100527731306707
2.028e-07,-0.004655215731306707
2.029e-07,-0.003373965231306707
2.03e-07,-0.0026552152645037065
2.031e-07,-0.0029286527313067065
2.032e-07,-0.0026552152645037065
2.033e-07,-0.0007802157313067067
2.034e-07,0.0013447852686932936
2.035e-07,0.0018916602686932932
2.036e-07,0.0013447852686932936
2.037e-07,0.0010947852686932933
2.038e-07,0.0013447852686932936
2.039e-07,0.001430722268693293
2.04e-07,0.0013447852686932936
2.041e-07,0.0012822852686932935
2.042e-07,0.0013447852686932936
2.043e-07,0.0018525972686932934
2.044e-07,0.0033447852686932936
2.045e-07,0.0056807222686932925
2.046e-07,0.007344785268693293
2.047e-07,0.007126035268693293
2.048e-07,0.005344785268693293
2.049e-07,0.003594785268693293
2.05e-07,0.0033447852686932936
2.051e-07,0.004922910268693293
2.052e-07,0.007344785268693293
2.053e-07,0.009477597268693294
2.054e-07,0.011344787268693294
2.055e-07,0.012727597268693294
2.056e-07,0.013344787268693294
2.057e-07,0.012610407268693294
2.058e-07,0.011344787268693294
2.059e-07,0.010227597268693293
2.06e-07,0.009344787268693294
2.061e-07,0.008274477268693294
2.062e-07,0.007344785268693293
2.063e-07,0.007024472268693294
2.064e-07,0.007344785268693293
2.065e-07,0.008180727268693294
2.066e-07,0.009344787268693294
2.067e-07,0.010610407268693294
2.068e-07,0.011344787268693294
2.069e-07,0.011376037268693294
2.07e-07,0.011344787268693294
2.071e-07,0.011532287268693294
2.072e-07,0.011344787268693294
2.073e-07,0.010344787268693293
2.074e-07,0.009344787268693294
2.075e-07,0.009079157268693292
2.076e-07,0.009344787268693294
2.077e-07,0.009430727268693293
2.078e-07,0.009344787268693294
2.079e-07,0.009852597268693293
2.08e-07,0.011344787268693294
2.081e-07,0.013079157268693294
2.082e-07,0.013344787268693294
2.083e-07,0.011438537268693294
2.084e-07,0.009344787268693294
2.085e-07,0.008829157268693294
2.086e-07,0.009344787268693294
2.087e-07,0.010047907268693293
2.088e-07,0.011344787268693294
2.089e-07,0.013133847268693294
2.09e-07,0.013344787268693294
2.091e-07,0.010626037268693293
2.092e-07,0.007344785268693293
2.093e-07,0.006758847268693293
2.094e-07,0.009344787268693294
2.095e-07,0.012954157268693292
2.096e-07,0.015344787268693292
2.097e-07,0.015243227268693295
2.098e-07,0.013344787268693294
2.099e-07,0.010883847268693294
2.1e-07,0.009344787268693294
2.101e-07,0.008602597268693293
2.102e-07,0.007344785268693293
2.103e-07,0.005633847268693292
2.104e-07,0.005344785268693293
2.105e-07,0.007336972268693294
2.106e-07,0.009344787268693294
2.107e-07,0.009055727268693293
2.108e-07,0.007344785268693293
2.109e-07,0.006579160268693294
2.11e-07,0.007344785268693293
2.111e-07,0.008579157268693294
2.112e-07,0.009344787268693294
2.113e-07,0.009016657268693294
2.114e-07,0.007344785268693293
2.115e-07,0.004961972268693294
2.116e-07,0.0033447852686932936
2.117e-07,0.0031260352686932934
2.118e-07,0.0033447852686932936
2.119e-07,0.003274472268693293
2.12e-07,0.0033447852686932936
2.121e-07,0.004688535268693293
2.122e-07,0.007344785268693293
2.123e-07,0.009602597268693292
2.124e-07,0.009344787268693294
2.125e-07,0.006336972268693293
2.126e-07,0.0033447852686932936
2.127e-07,0.002586972268693293
2.128e-07,0.0033447852686932936
2.129e-07,0.003641660268693293
2.13e-07,0.0033447852686932936
2.131e-07,0.0032197852686932935
2.132e-07,0.0033447852686932936
2.133e-07,0.003290097268693293
2.134e-07,0.0033447852686932936
2.135e-07,0.003657285268693293
2.136e-07,0.0033447852686932936
2.137e-07,0.0021416602686932934
2.138e-07,0.0013447852686932936
2.139e-07,0.0015010352686932937
2.14e-07,0.0013447852686932936
2.141e-07,7.134726869329313e-05
2.142e-07,-0.0006552157313067068
2.143e-07,0.00030572226869329333
2.144e-07,0.0013447852686932936
2.145e-07,0.0006885352686932934
2.146e-07,-0.0006552157313067068
2.147e-07,-0.0009130277313067067
2.148e-07,-0.0006552157313067068
2.149e-07,-0.0012255277313067067
2.15e-07,-0.0026552152645037065
2.151e-07,-0.0039599027313067066
2.152e-07,-0.004655215731306707
2.153e-07,-0.004295840731306707
2.154e-07,-0.0026552152645037065
2.155e-07,-0.0002255277313067067
2.156e-07,0.0013447852686932936
2.157e-07,0.0009619722686932935
2.158e-07,-0.0006552157313067068
2.159e-07,-0.0021708402313067067
2.16e-07,-0.0026552152645037065
2.161e-07,-0.0025224027313067066
2.162e-07,-0.0026552152645037065
2.163e-07,-0.0030927152313067066
2.164e-07,-0.0026552152645037065
2.165e-07,-0.0012645907313067067
2.166e-07,-0.0006552157313067068
2.167e-07,-0.0022567777313067068
2.168e-07,-0.004655215731306707
2.169e-07,-0.005538027731306707
2.17e-07,-0.004655215731306707
2.171e-07,-0.003334902731306707
2.172e-07,-0.0026552152645037065
2.173e-07,-0.0031005277313067067
2.174e-07,-0.004655215731306707
2.175e-07,-0.006350527731306706
2.176e-07,-0.006655215731306707
2.177e-07,-0.005373965731306707
2.178e-07,-0.004655215731306707
2.179e-07,-0.005616152731306707
2.18e-07,-0.006655215731306707
2.181e-07,-0.006061465731306706
2.182e-07,-0.004655215731306707
2.183e-07,-0.004147402731306707
2.184e-07,-0.004655215731306707
2.185e-07,-0.005053652731306707
2.186e-07,-0.004655215731306707
2.187e-07,-0.004178652731306707
2.188e-07,-0.004655215731306707
2.189e-07,-0.006014590731306706
2.19e-07,-0.006655215731306707
2.191e-07,-0.005702090731306706
2.192e-07,-0.004655215731306707
2.193e-07,-0.005178652731306707
2.194e-07,-0.006655215731306707
2.195e-07,-0.007366152731306707
2.196e-07,-0.006655215731306707
2.197e-07,-0.005373965731306707
2.198e-07,-0.004655215731306707
2.199e-07,-0.004741152731306706
2.2e-07,-0.004655215731306707
2.201e-07,-0.004303652731306707
2.202e-07,-0.004655215731306707
2.203e-07,-0.006577090731306707
2.204e-07,-0.008655215731306707
2.205e-07,-0.009327090731306706
2.206e-07,-0.008655215731306707
2.207e-07,-0.008100527731306706
2.208e-07,-0.008655215731306707
2.209e-07,-0.009905215731306706
2.21e-07,-0.010655215731306707
2.211e-07,-0.010436465731306707
2.212e-07,-0.010655215731306707
2.213e-07,-0.011889590731306706
2.214e-07,-0.012655212731306707
2.215e-07,-0.011733340731306706
2.216e-07,-0.010655215731306707
2.217e-07,-0.010709902731306706
2.218e-07,-0.010655215731306707
2.219e-07,-0.009420840731306706
2.22e-07,-0.008655215731306707
2.221e-07,-0.010178652731306706
2.222e-07,-0.012655212731306707
2.223e-07,-0.013647402731306707
2.224e-07,-0.012655212731306707
2.225e-07,-0.011139590731306707
2.226e-07,-0.010655215731306707
2.227e-07,-0.011506777731306707
2.228e-07,-0.012655212731306707
2.229e-07,-0.013061462731306707
2.23e-07,-0.012655212731306707
2.231e-07,-0.012288027731306706
2.232e-07,-0.012655212731306707
2.233e-07,-0.013178652731306707
2.234e-07,-0.012655212731306707
2.235e-07,-0.011155215731306707
2.236e-07,-0.010655215731306707
2.237e-07,-0.012373965731306707
2.238e-07,-0.014655212731306707
2.239e-07,-0.015334902731306707
2.24e-07,-0.014655212731306707
2.241e-07,-0.013702092731306707
2.242e-07,-0.012655212731306707
2.243e-07,-0.011373965731306706
2.244e-07,-0.010655215731306707
2.245e-07,-0.011342715731306706
2.246e-07,-0.012655212731306707
2.247e-07,-0.013295842731306707
2.248e-07,-0.012655212731306707
2.249e-07,-0.011381777731306707
2.25e-07,-0.010655215731306707
2.251e-07,-0.011303652731306707
2.252e-07,-0.012655212731306707
2.253e-07,-0.013897402731306708
2.254e-07,-0.014655212731306707
2.255e-07,-0.014928652731306707
2.256e-07,-0.014655212731306707
2.257e-07,-0.013772402731306707
2.258e-07,-0.012655212731306707
2.259e-07,-0.012116152731306706
2.26e-07,-0.012655212731306707
2.261e-07,-0.013944282731306707
2.262e-07,-0.014655212731306707
2.263e-07,-0.014420842731306706
2.264e-07,-0.014655212731306707
2.265e-07,-0.016006782731306707
2.266e-07,-0.016655212731306705
2.267e-07,-0.015506782731306706
2.268e-07,-0.014655212731306707
2.269e-07,-0.015631782731306706
2.27e-07,-0.016655212731306705
2.271e-07,-0.015780212731306704
2.272e-07,-0.014655212731306707
2.273e-07,-0.015264592731306707
2.274e-07,-0.016655212731306705
2.275e-07,-0.01656146273130671
2.276e-07,-0.014655212731306707
2.277e-07,-0.012780212731306707
2.278e-07,-0.012655212731306707
2.279e-07,-0.014030212731306706
2.28e-07,-0.014655212731306707
2.281e-07,-0.013584902731306707
2.282e-07,-0.012655212731306707
2.283e-07,-0.014006782731306707
2.284e-07,-0.016655212731306705
2.285e-07,-0.017928652731306706
2.286e-07,-0.016655212731306705
2.287e-07,-0.014038032731306707
2.288e-07,-0.012655212731306707
2.289e-07,-0.013452092731306707
2.29e-07,-0.014655212731306707
2.291e-07,-0.014780212731306707
2.292e-07,-0.014655212731306707
2.293e-07,-0.015092712731306707
2.294e-07,-0.014655212731306707
2.295e-07,-0.012389590731306707
2.296e-07,-0.010655215731306707
2.297e-07,-0.011873965731306706
2.298e-07,-0.014655212731306707
2.299e-07,-0.016303652731306705
2.3e-07,-0.016655212731306705
2.301e-07,-0.016233342731306707
2.302e-07,-0.014655212731306707
2.303e-07,-0.012084902731306706
2.304e-07,-0.010655215731306707
2.305e-07,-0.011084902731306707
2.306e-07,-0.010655215731306707
2.307e-07,-0.008147402731306708
2.308e-07,-0.006655215731306707
2.309e-07,-0.009006777731306707
2.31e-07,-0.012655212731306707
2.311e-07,-0.013889592731306707
2.312e-07,-0.012655212731306707
2.313e-07,-0.011225527731306707
2.314e-07,-0.010655215731306707
2.315e-07,-0.010538027731306706
2.316e-07,-0.010655215731306707
2.317e-07,-0.010795840731306707
2.318e-07,-0.010655215731306707
2.319e-07,-0.009858340731306706
2.32e-07,-0.008655215731306707
2.321e-07,-0.007522402731306707
2.322e-07,-0.006655215731306707
2.323e-07,-0.006420840731306707
2.324e-07,-0.006655215731306707
2.325e-07,-0.006983340731306706
2.326e-07,-0.006655215731306707
2.327e-07,-0.006061465731306706
2.328e-07,-0.006655215731306707
2.329e-07,-0.008889590731306705
2.33e-07,-0.010655215731306707
2.331e-07,-0.010178652731306706
2.332e-07,-0.008655215731306707
2.333e-07,-0.007584902731306706
2.334e-07,-0.006655215731306707
2.335e-07,-0.0052020907313067065
2.336e-07,-0.004655215731306707
2.337e-07,-0.005788027731306707
2.338e-07,-0.006655215731306707
2.339e-07,-0.005725527731306707
2.34e-07,-0.004655215731306707
2.341e-07,-0.004858340731306707
2.342e-07,-0.004655215731306707
2.343e-07,-0.0026239652613067065
2.344e-07,-0.0006552157313067068
2.345e-07,-0.0010302157313067067
2.346e-07,-0.0026552152645037065
2.347e-07,-0.003327090231306707
2.348e-07,-0.0026552152645037065
2.349e-07,-0.0016161527313067066
2.35e-07,-0.0006552157313067068
2.351e-07,0.00033697226869329336
2.352e-07,0.0013447852686932936
2.353e-07,0.0018057222686932934
2.354e-07,0.0013447852686932936
2.355e-07,0.00014166026869329336
2.356e-07,-0.0006552157313067068
2.357e-07,-9.271473130670685e-05
2.358e-07,0.0013447852686932936
2.359e-07,0.002586972268693293
2.36e-07,0.0033447852686932936
2.361e-07,0.003610410268693293
2.362e-07,0.0033447852686932936
2.363e-07,0.002860410268693293
2.364e-07,0.0033447852686932936
2.365e-07,0.0048525972686932935
2.366e-07,0.005344785268693293
2.367e-07,0.004126035268693293
2.368e-07,0.0033447852686932936
2.369e-07,0.004532285268693293
2.37e-07,0.005344785268693293
2.371e-07,0.004227597268693293
2.372e-07,0.0033447852686932936
2.373e-07,0.005477597268693294
2.374e-07,0.009344787268693294
2.375e-07,0.012133847268693293
2.376e-07,0.013344787268693294
2.377e-07,0.014133847268693295
2.378e-07,0.015344787268693292
2.379e-07,0.016086977268693292
2.38e-07,0.015344787268693292
2.381e-07,0.013040097268693294
2.382e-07,0.011344787268693294
2.383e-07,0.011719787268693294
2.384e-07,0.013344787268693294
2.385e-07,0.014579157268693292
2.386e-07,0.015344787268693292
2.387e-07,0.016329157268693294
2.388e-07,0.017344787268693294
2.389e-07,0.017790097268693295
2.39e-07,0.017344787268693294
2.391e-07,0.016797907268693294
2.392e-07,0.017344787268693294
2.393e-07,0.018797907268693292
2.394e-07,0.019344787268693292
2.395e-07,0.018626037268693295
2.396e-07,0.019344787268693292
2.397e-07,0.022657287268693295
2.398e-07,0.025344787268693294
2.399e-07,0.024251037268693293
2.4e-07,0.021344787268693294
2.401e-07,0.020258847268693293
2.402e-07,0.021344787268693294
2.403e-07,0.022743227268693295
2.404e-07,0.023344787268693292
2.405e-07,0.023391657268693293
2.406e-07,0.023344787268693292
2.407e-07,0.023774477268693292
2.408e-07,0.025344787268693294
2.409e-07,0.027735407268693293
2.41e-07,0.029344787268693294
2.411e-07,0.029493227268693294
2.412e-07,0.029344787268693294
2.413e-07,0.029547907268693295
2.414e-07,0.029344787268693294
2.415e-07,0.028110407268693294
2.416e-07,0.027344787268693292
2.417e-07,0.028563537268693293
2.418e-07,0.031344787268693296
2.419e-07,0.03344634726869329
2.42e-07,0.03334478726869329
2.421e-07,0.031766657268693294
2.422e-07,0.031344787268693296
2.423e-07,0.03271197726869329
2.424e-07,0.03334478726869329
2.425e-07,0.03139947726869329
2.426e-07,0.029344787268693294
2.427e-07,0.030219787268693295
2.428e-07,0.03334478726869329
2.429e-07,0.03557134726869329
2.43e-07,0.03534478726869329
2.431e-07,0.033376037268693294
2.432e-07,0.031344787268693296
2.433e-07,0.030618227268693295
2.434e-07,0.031344787268693296
2.435e-07,0.032641657268693294
2.436e-07,0.03334478726869329
2.437e-07,0.033266657268693295
2.438e-07,0.03334478726869329
2.439e-07,0.034204157268693296
2.44e-07,0.03534478726869329
2.441e-07,0.0358525972686933
2.442e-07,0.03534478726869329
2.443e-07,0.034227597268693295
2.444e-07,0.03334478726869329
2.445e-07,0.033102597268693294
2.446e-07,0.03334478726869329
2.447e-07,0.03399322726869329
2.448e-07,0.03534478726869329
2.449e-07,0.03693853726869329
2.45e-07,0.037344787268693294
2.451e-07,0.036133847268693293
2.452e-07,0.03534478726869329
2.453e-07,0.03626665726869329
2.454e-07,0.037344787268693294
2.455e-07,0.036672907268693294
2.456e-07,0.03534478726869329
2.457e-07,0.03494634726869329
2.458e-07,0.03534478726869329
2.459e-07,0.03545415726869329
2.46e-07,0.03534478726869329
2.461e-07,0.035461977268693295
2.462e-07,0.03534478726869329
2.463e-07,0.03453228726869329
2.464e-07,0.03334478726869329
2.465e-07,0.03271978726869329
2.466e-07,0.03334478726869329
2.467e-07,0.03467290726869329
2.468e-07,0.03534478726869329
2.469e-07,0.03504790726869329
2.47e-07,0.03534478726869329
2.471e-07,0.03676665726869329
2.472e-07,0.037344787268693294
2.473e-07,0.03513384726869329
2.474e-07,0.031344787268693296
2.475e-07,0.02895415726869329
2.476e-07,0.029344787268693294
2.477e-07,0.03162603726869329
2.478e-07,0.03334478726869329
2.479e-07,0.033501037268693294
2.48e-07,0.03334478726869329
2.481e-07,0.034165097268693295
2.482e-07,0.03534478726869329
2.483e-07,0.03561822726869329
2.484e-07,0.03534478726869329
2.485e-07,0.0352041572686933
2.486e-07,0.03534478726869329
2.487e-07,0.03474322726869329
2.488e-07,0.03334478726869329
2.489e-07,0.031782287268693296
2.49e-07,0.031344787268693296
2.491e-07,0.0318213472686933
2.492e-07,0.031344787268693296
2.493e-07,0.029180727268693293
2.494e-07,0.027344787268693292
2.495e-07,0.027852597268693293
2.496e-07,0.029344787268693294
2.497e-07,0.029782287268693294
2.498e-07,0.029344787268693294
2.499e-07,0.02925103726869329
2.5e-07,0.029344787268693294
2.501e-07,0.02910259726869329
2.502e-07,0.029344787268693294
2.503e-07,0.029993227268693294
2.504e-07,0.029344787268693294
2.505e-07,0.026891657268693293
2.506e-07,0.025344787268693294
2.507e-07,0.026297907268693292
2.508e-07,0.027344787268693292
2.509e-07,0.025907287268693294
2.51e-07,0.023344787268693292
2.511e-07,0.022430727268693294
2.512e-07,0.023344787268693292
2.513e-07,0.024711977268693293
2.514e-07,0.025344787268693294
2.515e-07,0.025383847268693294
2.516e-07,0.025344787268693294
2.517e-07,0.024938537268693294
2.518e-07,0.023344787268693292
2.519e-07,0.021165097268693294
2.52e-07,0.021344787268693294
2.521e-07,0.024633847268693294
2.522e-07,0.027344787268693292
2.523e-07,0.026204157268693292
2.524e-07,0.023344787268693292
2.525e-07,0.021852597268693295
2.526e-07,0.021344787268693294
2.527e-07,0.019821347268693293
2.528e-07,0.017344787268693294
2.529e-07,0.016086977268693292
2.53e-07,0.017344787268693294
2.531e-07,0.020047907268693294
2.532e-07,0.021344787268693294
2.533e-07,0.020290097268693293
2.534e-07,0.019344787268693292
2.535e-07,0.020407287268693293
2.536e-07,0.021344787268693294
2.537e-07,0.019751037268693292
2.538e-07,0.017344787268693294
2.539e-07,0.016711977268693293
2.54e-07,0.017344787268693294
2.541e-07,0.017391657268693295
2.542e-07,0.017344787268693294
2.543e-07,0.017743227268693294
2.544e-07,0.017344787268693294
2.545e-07,0.015766657268693293
2.546e-07,0.015344787268693292
2.547e-07,0.016907287268693293
2.548e-07,0.017344787268693294
2.549e-07,0.014540097268693292
2.55e-07,0.011344787268693294
2.551e-07,0.011297907268693293
2.552e-07,0.013344787268693294
2.553e-07,0.014344787268693295
2.554e-07,0.013344787268693294
2.555e-07,0.011860407268693293
2.556e-07,0.011344787268693294
2.557e-07,0.012157287268693293
2.558e-07,0.013344787268693294
2.559e-07,0.013860407268693295
2.56e-07,0.013344787268693294
2.561e-07,0.012266657268693294
2.562e-07,0.011344787268693294
2.563e-07,0.010985407268693292
2.564e-07,0.011344787268693294
2.565e-07,0.012274477268693294
2.566e-07,0.013344787268693294
2.567e-07,0.013782287268693294
2.568e-07,0.013344787268693294
2.569e-07,0.012172907268693293
2.57e-07,0.011344787268693294
2.571e-07,0.011297907268693293
2.572e-07,0.011344787268693294
2.573e-07,0.010626037268693293
2.574e-07,0.009344787268693294
2.575e-07,0.008149477268693294
2.576e-07,0.007344785268693293
2.577e-07,0.007063535268693293
2.578e-07,0.007344785268693293
2.579e-07,0.008227597268693293
2.58e-07,0.009344787268693294
2.581e-07,0.009961977268693294
2.582e-07,0.009344787268693294
2.583e-07,0.007930727268693294
2.584e-07,0.007344785268693293
2.585e-07,0.007829157268693293
2.586e-07,0.007344785268693293
2.587e-07,0.004961972268693294
2.588e-07,0.0033447852686932936
2.589e-07,0.004743222268693293
2.59e-07,0.007344785268693293
2.591e-07,0.008243227268693294
2.592e-07,0.007344785268693293
2.593e-07,0.006180722268693293
2.594e-07,0.005344785268693293
2.595e-07,0.004454160268693294
2.596e-07,0.0033447852686932936
2.597e-07,0.002719785268693293
2.598e-07,0.0033447852686932936
2.599e-07,0.0048213472686932934
2.6e-07,0.005344785268693293
2.601e-07,0.004243222268693293
2.602e-07,0.0033447852686932936
2.603e-07,0.0041416602686932934
2.604e-07,0.005344785268693293
2.605e-07,0.004977597268693294
2.606e-07,0.0033447852686932936
2.607e-07,0.002352597268693293
2.608e-07,0.0033447852686932936
2.609e-07,0.005180722268693294
2.61e-07,0.005344785268693293
2.611e-07,0.0031807222686932937
2.612e-07,0.0013447852686932936
2.613e-07,0.0019385352686932932
2.614e-07,0.0033447852686932936
2.615e-07,0.0030244722686932936
2.616e-07,0.0013447852686932936
2.617e-07,0.0005010352686932932
2.618e-07,0.0013447852686932936
2.619e-07,0.0027432222686932933
2.62e-07,0.0033447852686932936
2.621e-07,0.0026182222686932932
2.622e-07,0.0013447852686932936
2.623e-07,0.0007666602686932935
2.624e-07,0.0013447852686932936
2.625e-07,0.0020557222686932936
2.626e-07,0.0013447852686932936
2.627e-07,-0.0008505277313067066
2.628e-07,-0.0026552152645037065
2.629e-07,-0.002342715231306707
2.63e-07,-0.0006552157313067068
2.631e-07,0.0007900972686932933
2.632e-07,0.0013447852686932936
2.633e-07,0.001383847268693293
2.634e-07,0.0013447852686932936
2.635e-07,0.0012510352686932935
2.636e-07,0.0013447852686932936
2.637e-07,0.001430722268693293
2.638e-07,0.0013447852686932936
2.639e-07,0.0005869722686932932
2.64e-07,-0.0006552157313067068
2.641e-07,-0.0019833402313067065
2.642e-07,-0.0026552152645037065
2.643e-07,-0.0026161527613067065
2.644e-07,-0.0026552152645037065
2.645e-07,-0.003420840231306707
2.646e-07,-0.004655215731306707
2.647e-07,-0.005264590731306707
2.648e-07,-0.004655215731306707
2.649e-07,-0.003264590231306707
2.65e-07,-0.0026552152645037065
2.651e-07,-0.003459902731306707
2.652e-07,-0.004655215731306707
2.653e-07,-0.005014590731306707
2.654e-07,-0.004655215731306707
2.655e-07,-0.004491152731306707
2.656e-07,-0.004655215731306707
2.657e-07,-0.004748965731306707
2.658e-07,-0.004655215731306707
2.659e-07,-0.004592715731306707
2.66e-07,-0.004655215731306707
2.661e-07,-0.005147402731306707
2.662e-07,-0.006655215731306707
2.663e-07,-0.008452090731306707
2.664e-07,-0.008655215731306707
2.665e-07,-0.006678652731306706
2.666e-07,-0.004655215731306707
2.667e-07,-0.004342715731306707
2.668e-07,-0.004655215731306707
2.669e-07,-0.003983340731306706
2.67e-07,-0.0026552152645037065
2.671e-07,-0.0025927152613067065
2.672e-07,-0.004655215731306707
2.673e-07,-0.007561465731306707
2.674e-07,-0.008655215731306707
2.675e-07,-0.007452090731306707
2.676e-07,-0.006655215731306707
2.677e-07,-0.007819277731306706
2.678e-07,-0.008655215731306707
2.679e-07,-0.006944277731306707
2.68e-07,-0.004655215731306707
2.681e-07,-0.004748965731306707
2.682e-07,-0.006655215731306707
2.683e-07,-0.007663027731306706
2.684e-07,-0.006655215731306707
2.685e-07,-0.004952090731306707
2.686e-07,-0.004655215731306707
2.687e-07,-0.006452090731306707
2.688e-07,-0.008655215731306707
2.689e-07,-0.009405215731306708
2.69e-07,-0.008655215731306707
2.691e-07,-0.007561465731306707
2.692e-07,-0.006655215731306707
2.693e-07,-0.005741152731306707
2.694e-07,-0.004655215731306707
2.695e-07,-0.004116152731306707
2.696e-07,-0.004655215731306707
2.697e-07,-0.006467715731306707
2.698e-07,-0.008655215731306707
2.699e-07,-0.010170840731306707
2.7e-07,-0.010655215731306707
2.701e-07,-0.010538027731306706
2.702e-07,-0.010655215731306707
2.703e-07,-0.010936465731306707
2.704e-07,-0.010655215731306707
2.705e-07,-0.009506777731306707
2.706e-07,-0.008655215731306707
2.707e-07,-0.008670840731306707
2.708e-07,-0.008655215731306707
2.709e-07,-0.007702090731306707
2.71e-07,-0.006655215731306707
2.711e-07,-0.007022402731306707
2.712e-07,-0.008655215731306707
2.713e-07,-0.010327090731306707
2.714e-07,-0.010655215731306707
2.715e-07,-0.009655215731306708
2.716e-07,-0.008655215731306707
2.717e-07,-0.008506777731306706
2.718e-07,-0.008655215731306707
2.719e-07,-0.008506777731306706
2.72e-07,-0.008655215731306707
2.721e-07,-0.009655215731306708
2.722e-07,-0.010655215731306707
2.723e-07,-0.010225527731306708
2.724e-07,-0.008655215731306707
2.725e-07,-0.007178652731306707
2.726e-07,-0.006655215731306707
2.727e-07,-0.007303652731306707
2.728e-07,-0.008655215731306707
2.729e-07,-0.009538027731306707
2.73e-07,-0.008655215731306707
2.731e-07,-0.006327090731306707
2.732e-07,-0.004655215731306707
2.733e-07,-0.005178652731306707
2.734e-07,-0.006655215731306707
2.735e-07,-0.007303652731306707
2.736e-07,-0.006655215731306707
2.737e-07,-0.006022402731306707
2.738e-07,-0.006655215731306707
2.739e-07,-0.008202090731306707
2.74e-07,-0.008655215731306707
2.741e-07,-0.007397402731306707
2.742e-07,-0.006655215731306707
2.743e-07,-0.0077411527313067064
2.744e-07,-0.008655215731306707
2.745e-07,-0.007616152731306706
2.746e-07,-0.006655215731306707
2.747e-07,-0.007694277731306706
2.748e-07,-0.008655215731306707
2.749e-07,-0.0071708407313067065
2.75e-07,-0.004655215731306707
2.751e-07,-0.0038349027313067064
2.752e-07,-0.004655215731306707
2.753e-07,-0.005811465731306706
2.754e-07,-0.006655215731306707
2.755e-07,-0.007584902731306706
2.756e-07,-0.008655215731306707
2.757e-07,-0.009209902731306707
2.758e-07,-0.008655215731306707
2.759e-07,-0.007264590731306707
2.76e-07,-0.006655215731306707
2.761e-07,-0.007584902731306706
2.762e-07,-0.008655215731306707
2.763e-07,-0.008178652731306708
2.764e-07,-0.006655215731306707
2.765e-07,-0.005311465731306707
2.766e-07,-0.004655215731306707
2.767e-07,-0.004530215731306707
2.768e-07,-0.004655215731306707
2.769e-07,-0.005342715731306707
2.77e-07,-0.006655215731306707
2.771e-07,-0.007647402731306706
2.772e-07,-0.006655215731306707
2.773e-07,-0.0039755277313067066
2.774e-07,-0.0026552152645037065
2.775e-07,-0.004459902731306707
2.776e-07,-0.006655215731306707
2.777e-07,-0.006311465731306707
2.778e-07,-0.004655215731306707
2.779e-07,-0.0041708407313067065
2.78e-07,-0.004655215731306707
2.781e-07,-0.004733340731306707
2.782e-07,-0.004655215731306707
2.783e-07,-0.0049130277313067065
2.784e-07,-0.004655215731306707
2.785e-07,-0.003373965231306707
2.786e-07,-0.0026552152645037065
2.787e-07,-0.0035380277313067066
2.788e-07,-0.004655215731306707
2.789e-07,-0.004256777731306707
2.79e-07,-0.0026552152645037065
2.791e-07,-0.0013270907313067068
2.792e-07,-0.0006552157313067068
2.793e-07,-0.0004989657313067067
2.794e-07,-0.0006552157313067068
2.795e-07,-0.0010224027313067068
2.796e-07,-0.0006552157313067068
2.797e-07,2.4472268693293085e-05
2.798e-07,-0.0006552157313067068
2.799e-07,-0.0030302152313067066
2.8e-07,-0.004655215731306707
2.801e-07,-0.0039286527313067065
2.802e-07,-0.0026552152645037065
2.803e-07,-0.0030614652313067066
2.804e-07,-0.004655215731306707
2.805e-07,-0.0048974027313067065
2.806e-07,-0.0026552152645037065
2.807e-07,0.00044634726869329346
2.808e-07,0.0013447852686932936
2.809e-07,-0.0007020907313067066
2.81e-07,-0.0026552152645037065
2.811e-07,-0.0021395902313067067
2.812e-07,-0.0006552157313067068
2.813e-07,-0.0009286527313067067
2.814e-07,-0.0026552152645037065
2.815e-07,-0.0035692777313067066
2.816e-07,-0.0026552152645037065
2.817e-07,-0.0011005277313067066
2.818e-07,-0.0006552157313067068
2.819e-07,-0.0017255277313067067
2.82e-07,-0.0026552152645037065
2.821e-07,-0.0020302152313067066
2.822e-07,-0.0006552157313067068
2.823e-07,-0.00014740273130670663
2.824e-07,-0.0006552157313067068
2.825e-07,-0.0015380277313067068
2.826e-07,-0.0026552152645037065
2.827e-07,-0.004006777731306707
2.828e-07,-0.004655215731306707
2.829e-07,-0.0038974027313067065
2.83e-07,-0.0026552152645037065
2.831e-07,-0.0016708402313067067
2.832e-07,-0.0006552157313067068
2.833e-07,0.00013384726869329318
2.834e-07,-0.0006552157313067068
2.835e-07,-0.0031005277313067067
2.836e-07,-0.004655215731306707
2.837e-07,-0.003288027731306707
2.838e-07,-0.0006552157313067068
2.839e-07,0.00041509726869329343
2.84e-07,-0.0006552157313067068
2.841e-07,-0.002295840231306707
2.842e-07,-0.0026552152645037065
2.843e-07,-0.0016161527313067066
2.844e-07,-0.0006552157313067068
2.845e-07,-0.0007177157313067067
2.846e-07,-0.0006552157313067068
2.847e-07,0.00040728526869329316
2.848e-07,0.0013447852686932936
2.849e-07,0.0007197852686932934
2.85e-07,-0.0006552157313067068
2.851e-07,-0.0016474027313067067
2.852e-07,-0.0026552152645037065
2.853e-07,-0.004147402731306707
2.854e-07,-0.004655215731306707
2.855e-07,-0.0030536527313067066
2.856e-07,-0.0006552157313067068
2.857e-07,0.0007979102686932935
2.858e-07,0.0013447852686932936
2.859e-07,0.0011572852686932934
2.86e-07,-0.0006552157313067068
2.861e-07,-0.004022402731306707
2.862e-07,-0.006655215731306707
2.863e-07,-0.006506777731306706
2.864e-07,-0.004655215731306707
2.865e-07,-0.0032020902313067067
2.866e-07,-0.0026552152645037065
2.867e-07,-0.0020067777313067066
2.868e-07,-0.0006552157313067068
2.869e-07,0.0008760352686932931
2.87e-07,0.0013447852686932936
2.871e-07,-8.490273130670658e-05
2.872e-07,-0.0026552152645037065
2.873e-07,-0.004686465731306707
2.874e-07,-0.004655215731306707
2.875e-07,-0.002803652731306707
2.876e-07,-0.0006552157313067068
2.877e-07,0.00010259726869329315
2.878e-07,-0.0006552157313067068
2.879e-07,-0.0019599027313067065
2.88e-07,-0.0026552152645037065
2.881e-07,-0.0025458402313067066
2.882e-07,-0.0026552152645037065
2.883e-07,-0.0035614652313067066
2.884e-07,-0.004655215731306707
2.885e-07,-0.005014590731306707
2.886e-07,-0.004655215731306707
2.887e-07,-0.0038661527313067065
2.888e-07,-0.0026552152645037065
2.889e-07,-0.0012255277313067067
2.89e-07,-0.0006552157313067068
2.891e-07,-0.0014755277313067067
2.892e-07,-0.0026552152645037065
2.893e-07,-0.0030849027313067066
2.894e-07,-0.0026552152645037065
2.895e-07,-0.002327090231306707
2.896e-07,-0.0026552152645037065
2.897e-07,-0.0032177152313067068
2.898e-07,-0.0026552152645037065
2.899e-07,-0.0011474027313067067
2.9e-07,-0.0006552157313067068
2.901e-07,-0.002389590231306707
2.902e-07,-0.004655215731306707
2.903e-07,-0.005295840731306707
2.904e-07,-0.004655215731306707
2.905e-07,-0.004256777731306707
2.906e-07,-0.004655215731306707
2.907e-07,-0.005053652731306707
2.908e-07,-0.004655215731306707
2.909e-07,-0.0035145902313067066
2.91e-07,-0.0026552152645037065
2.911e-07,-0.0025458402313067066
2.912e-07,-0.0026552152645037065
2.913e-07,-0.002428652731306707
2.914e-07,-0.0026552152645037065
2.915e-07,-0.0038427157313067066
2.916e-07,-0.004655215731306707
2.917e-07,-0.003967715731306706
2.918e-07,-0.0026552152645037065
2.919e-07,-0.0018114652313067068
2.92e-07,-0.0006552157313067068
2.921e-07,0.0009697852686932932
2.922e-07,0.0013447852686932936
2.923e-07,-0.0006239657313067068
2.924e-07,-0.0026552152645037065
2.925e-07,-0.0029208402313067065
2.926e-07,-0.0026552152645037065
2.927e-07,-0.0035692777313067066
2.928e-07,-0.004655215731306707
2.929e-07,-0.004178652731306707
2.93e-07,-0.0026552152645037065
2.931e-07,-0.0018427152313067068
2.932e-07,-0.0026552152645037065
2.933e-07,-0.0041395907313067064
2.934e-07,-0.004655215731306707
2.935e-07,-0.0036239652313067067
2.936e-07,-0.0026552152645037065
2.937e-07,-0.0027333402613067066
2.938e-07,-0.0026552152645037065
2.939e-07,-0.0014599027313067067
2.94e-07,-0.0006552157313067068
2.941e-07,-0.0015458407313067067
2.942e-07,-0.0026552152645037065
2.943e-07,-0.0021630277313067067
2.944e-07,-0.0006552157313067068
2.945e-07,-2.2402731306706523e-05
2.946e-07,-0.0006552157313067068
2.947e-07,-0.0013739657313067068
2.948e-07,-0.0006552157313067068
2.949e-07,0.0009775972686932935
2.95e-07,0.0013447852686932936
2.951e-07,-0.0006474027313067066
2.952e-07,-0.0026552152645037065
2.953e-07,-0.002311465231306707
2.954e-07,-0.0006552157313067068
2.955e-07,-5.365273130670655e-05
2.956e-07,-0.0006552157313067068
2.957e-07,-0.0015692777313067068
2.958e-07,-0.0026552152645037065
2.959e-07,-0.003436465231306707
2.96e-07,-0.0026552152645037065
2.961e-07,-0.00021771473130670653
2.962e-07,0.0013447852686932936
2.963e-07,5.572226869329311e-05
2.964e-07,-0.0026552152645037065
2.965e-07,-0.0039052157313067067
2.966e-07,-0.0026552152645037065
2.967e-07,-0.0002020897313067065
2.968e-07,0.0013447852686932936
2.969e-07,0.0009072852686932932
2.97e-07,-0.0006552157313067068
2.971e-07,-0.0015614657313067068
2.972e-07,-0.0006552157313067068
2.973e-07,0.0010635352686932933
2.974e-07,0.0013447852686932936
2.975e-07,-0.0006083407313067068
2.976e-07,-0.0026552152645037065
2.977e-07,-0.0026161527613067065
2.978e-07,-0.0006552157313067068
2.979e-07,0.0011104102686932934
2.98e-07,0.0013447852686932936
2.981e-07,0.00022759726869329326
2.982e-07,-0.0006552157313067068
2.983e-07,-0.0006474027313067066
2.984e-07,-0.0006552157313067068
2.985e-07,-0.0015770907313067068
2.986e-07,-0.0026552152645037065
2.987e-07,-0.003334902731306707
2.988e-07,-0.004655215731306707
2.989e-07,-0.006577090731306707
2.99e-07,-0.006655215731306707
2.991e-07,-0.0035458402313067066
2.992e-07,-0.0006552157313067068
2.993e-07,-0.0009442777313067067
2.994e-07,-0.0026552152645037065
2.995e-07,-0.0030614652313067066
2.996e-07,-0.0026552152645037065
2.997e-07,-0.002756777731306707
2.998e-07,-0.0026552152645037065
2.999e-07,-0.0014520907313067067
3e-07,-0.0006552157313067068
3.001e-07,-0.0020927152313067066
3.002e-07,-0.004655215731306707
3.003e-07,-0.005889590731306706
3.004e-07,-0.004655215731306707
3.005e-07,-0.0015849027313067066
3.006e-07,0.0013447852686932936
3.007e-07,0.0024385352686932937
3.008e-07,0.0013447852686932936
3.009e-07,-0.0009833407313067067
3.01e-07,-0.0026552152645037065
3.011e-07,-0.0029208402313067065
3.012e-07,-0.0026552152645037065
3.013e-07,-0.0022411527313067068
3.014e-07,-0.0006552157313067068
3.015e-07,0.0019697852686932932
3.016e-07,0.0033447852686932936
3.017e-07,0.001766660268693293
3.018e-07,-0.0006552157313067068
3.019e-07,-0.0013349027313067066
3.02e-07,-0.0006552157313067068
3.021e-07,-0.0004052147313067067
3.022e-07,-0.0006552157313067068
3.023e-07,-0.0006708407313067068
3.024e-07,-0.0006552157313067068
3.025e-07,-0.0008427157313067068
3.026e-07,-0.0006552157313067068
3.027e-07,-0.00012396473130670688
3.028e-07,-0.0006552157313067068
3.029e-07,-0.0022567777313067068
3.03e-07,-0.0026552152645037065
3.031e-07,-0.00017865273130670666
3.032e-07,0.0033447852686932936
3.033e-07,0.004743222268693293
3.034e-07,0.0033447852686932936
3.035e-07,0.0007744722686932933
3.036e-07,-0.0006552157313067068
3.037e-07,-0.00010052773130670659
3.038e-07,0.0013447852686932936
3.039e-07,0.0020010352686932933
3.04e-07,0.0013447852686932936
3.041e-07,6.353526869329329e-05
3.042e-07,-0.0006552157313067068
3.043e-07,-0.00014740273130670663
3.044e-07,0.0013447852686932936
3.045e-07,0.0028682222686932934
3.046e-07,0.0033447852686932936
3.047e-07,0.002461972268693293
3.048e-07,0.0013447852686932936
3.049e-07,0.0009385352686932932
3.05e-07,0.0013447852686932936
3.051e-07,0.0017119722686932933
3.052e-07,0.0013447852686932936
3.053e-07,0.0002979102686932935
3.054e-07,-0.0006552157313067068
3.055e-07,-0.0008739657313067068
3.056e-07,-0.0006552157313067068
3.057e-07,-0.0004599027313067069
3.058e-07,-0.0006552157313067068
3.059e-07,-0.0008192777313067068
3.06e-07,-0.0006552157313067068
3.061e-07,0.00013384726869329318
3.062e-07,0.0013447852686932936
3.063e-07,0.002579160268693293
3.064e-07,0.0033447852686932936
3.065e-07,0.003461972268693293
3.066e-07,0.0033447852686932936
3.067e-07,0.003227597268693293
3.068e-07,0.0033447852686932936
3.069e-07,0.0033916602686932936
3.07e-07,0.0033447852686932936
3.071e-07,0.0031885352686932935
3.072e-07,0.0033447852686932936
3.073e-07,0.003579160268693293
3.074e-07,0.0033447852686932936
3.075e-07,0.0023447852686932936
3.076e-07,0.0013447852686932936
3.077e-07,0.0010713472686932931
3.078e-07,0.0013447852686932936
3.079e-07,0.0015400972686932931
3.08e-07,0.0013447852686932936
3.081e-07,0.0011025972686932932
3.082e-07,0.0013447852686932936
3.083e-07,0.0018135352686932931
3.084e-07,0.0013447852686932936
3.085e-07,-6.146473130670682e-05
3.086e-07,-0.0006552157313067068
3.087e-07,0.0004932222686932935
3.088e-07,0.0013447852686932936
3.089e-07,0.0003838472686932934
3.09e-07,-0.0006552157313067068
3.091e-07,0.00010259726869329315
3.092e-07,0.0013447852686932936
3.093e-07,0.001415097268693293
3.094e-07,0.0013447852686932936
3.095e-07,0.002383847268693293
3.096e-07,0.0033447852686932936
3.097e-07,0.002688535268693293
3.098e-07,0.0013447852686932936
3.099e-07,0.0009385352686932932
3.1e-07,0.0013447852686932936
3.101e-07,0.0015166602686932937
3.102e-07,0.0013447852686932936
3.103e-07,0.0012275972686932933
3.104e-07,0.0013447852686932936
3.105e-07,0.0018604102686932932
3.106e-07,0.0033447852686932936
3.107e-07,0.005133847268693294
3.108e-07,0.005344785268693293
3.109e-07,0.0033604102686932936
3.11e-07,0.0013447852686932936
3.111e-07,0.0010635352686932933
3.112e-07,0.0013447852686932936
3.113e-07,0.0006260352686932934
3.114e-07,-0.0006552157313067068
3.115e-07,-0.0006005277313067066
3.116e-07,0.0013447852686932936
3.117e-07,0.003938535268693293
3.118e-07,0.005344785268693293
3.119e-07,0.005251035268693293
3.12e-07,0.005344785268693293
3.121e-07,0.006493222268693293
3.122e-07,0.007344785268693293
3.123e-07,0.005954160268693293
3.124e-07,0.0033447852686932936
3.125e-07,0.0015166602686932937
3.126e-07,0.0013447852686932936
3.127e-07,0.0022197852686932935
3.128e-07,0.0033447852686932936
3.129e-07,0.003907285268693293
3.13e-07,0.0033447852686932936
3.131e-07,0.0020479102686932933
3.132e-07,0.0013447852686932936
3.133e-07,0.0020947852686932934
3.134e-07,0.0033447852686932936
3.135e-07,0.003860410268693293
3.136e-07,0.0033447852686932936
3.137e-07,0.0022979102686932935
3.138e-07,0.0013447852686932936
3.139e-07,0.0009385352686932932
3.14e-07,0.0013447852686932936
3.141e-07,0.0023916602686932936
3.142e-07,0.0033447852686932936
3.143e-07,0.0036494722686932933
3.144e-07,0.0033447852686932936
3.145e-07,0.0030166602686932933
3.146e-07,0.0033447852686932936
3.147e-07,0.003969785268693293
3.148e-07,0.0033447852686932936
3.149e-07,0.001626035268693293
3.15e-07,0.0013447852686932936
3.151e-07,0.003579160268693293
3.152e-07,0.005344785268693293
3.153e-07,0.004430722268693293
3.154e-07,0.0033447852686932936
3.155e-07,0.004829160268693293
3.156e-07,0.007344785268693293
3.157e-07,0.007946347268693293
3.158e-07,0.007344785268693293
3.159e-07,0.007251035268693293
3.16e-07,0.007344785268693293
3.161e-07,0.006415097268693293
3.162e-07,0.005344785268693293
3.163e-07,0.004641660268693293
3.164e-07,0.0033447852686932936
3.165e-07,0.001430722268693293
3.166e-07,0.0013447852686932936
3.167e-07,0.004329160268693294
3.168e-07,0.007344785268693293
3.169e-07,0.007329160268693293
3.17e-07,0.005344785268693293
3.171e-07,0.0039307222686932935
3.172e-07,0.0033447852686932936
3.173e-07,0.0030166602686932933
3.174e-07,0.0033447852686932936
3.175e-07,0.004633847268693293
3.176e-07,0.005344785268693293
3.177e-07,0.004415097268693293
3.178e-07,0.0033447852686932936
3.179e-07,0.0038525972686932934
3.18e-07,0.005344785268693293
3.181e-07,0.006547910268693294
3.182e-07,0.007344785268693293
3.183e-07,0.007821347268693293
3.184e-07,0.007344785268693293
3.185e-07,0.005930722268693293
3.186e-07,0.005344785268693293
3.187e-07,0.006391660268693294
3.188e-07,0.007344785268693293
3.189e-07,0.006586972268693293
3.19e-07,0.005344785268693293
3.191e-07,0.005579160268693293
3.192e-07,0.007344785268693293
3.193e-07,0.008977597268693294
3.194e-07,0.009344787268693294
3.195e-07,0.008422907268693294
3.196e-07,0.007344785268693293
3.197e-07,0.006907285268693292
3.198e-07,0.007344785268693293
3.199e-07,0.007782287268693294
3.2e-07,0.007344785268693293
3.201e-07,0.006133847268693293
3.202e-07,0.005344785268693293
3.203e-07,0.005454160268693293
3.204e-07,0.005344785268693293
3.205e-07,0.004344785268693294
3.206e-07,0.0033447852686932936
3.207e-07,0.0038213472686932934
3.208e-07,0.005344785268693293
3.209e-07,0.006696347268693293
3.21e-07,0.007344785268693293
3.211e-07,0.007493227268693293
3.212e-07,0.007344785268693293
3.213e-07,0.007133847268693294
3.214e-07,0.007344785268693293
3.215e-07,0.007672907268693293
3.216e-07,0.007344785268693293
3.217e-07,0.006079160268693293
3.218e-07,0.005344785268693293
3.219e-07,0.0060947852686932934
3.22e-07,0.007344785268693293
3.221e-07,0.007735407268693293
3.222e-07,0.007344785268693293
3.223e-07,0.006688535268693294
3.224e-07,0.005344785268693293
3.225e-07,0.003657285268693293
3.226e-07,0.0033447852686932936
3.227e-07,0.005204160268693293
3.228e-07,0.007344785268693293
3.229e-07,0.007883847268693293
3.23e-07,0.007344785268693293
3.231e-07,0.0076338472686932925
3.232e-07,0.009344787268693294
3.233e-07,0.010665097268693293
3.234e-07,0.009344787268693294
3.235e-07,0.005672910268693293
3.236e-07,0.0033447852686932936
3.237e-07,0.0051104102686932934
3.238e-07,0.009344787268693294
3.239e-07,0.012055727268693294
3.24e-07,0.011344787268693294
3.241e-07,0.008657287268693293
3.242e-07,0.007344785268693293
3.243e-07,0.008376037268693293
3.244e-07,0.009344787268693294
3.245e-07,0.008438537268693293
3.246e-07,0.007344785268693293
3.247e-07,0.008055727268693294
3.248e-07,0.009344787268693294
3.249e-07,0.008930727268693293
3.25e-07,0.007344785268693293
3.251e-07,0.006704160268693294
3.252e-07,0.007344785268693293
3.253e-07,0.008461977268693294
3.254e-07,0.009344787268693294
3.255e-07,0.009665097268693293
3.256e-07,0.009344787268693294
3.257e-07,0.008899477268693293
3.258e-07,0.009344787268693294
3.259e-07,0.010657287268693293
3.26e-07,0.011344787268693294
3.261e-07,0.010469787268693293
3.262e-07,0.009344787268693294
3.263e-07,0.009079157268693292
3.264e-07,0.009344787268693294
3.265e-07,0.009266657268693293
3.266e-07,0.009344787268693294
3.267e-07,0.010251037268693293
3.268e-07,0.011344787268693294
3.269e-07,0.011235407268693293
3.27e-07,0.009344787268693294
3.271e-07,0.006743222268693293
3.272e-07,0.005344785268693293
3.273e-07,0.006071347268693293
3.274e-07,0.007344785268693293
3.275e-07,0.008149477268693294
3.276e-07,0.009344787268693294
3.277e-07,0.011610407268693293
3.278e-07,0.013344787268693294
3.279e-07,0.012883847268693294
3.28e-07,0.011344787268693294
3.281e-07,0.010743227268693293
3.282e-07,0.011344787268693294
3.283e-07,0.011797907268693293
3.284e-07,0.011344787268693294
3.285e-07,0.010157287268693293
3.286e-07,0.009344787268693294
3.287e-07,0.009743227268693293
3.288e-07,0.011344787268693294
3.289e-07,0.012977597268693294
3.29e-07,0.013344787268693294
3.291e-07,0.012297907268693294
3.292e-07,0.011344787268693294
3.293e-07,0.011297907268693293
3.294e-07,0.011344787268693294
3.295e-07,0.010540097268693293
3.296e-07,0.009344787268693294
3.297e-07,0.008907287268693293
3.298e-07,0.009344787268693294
3.299e-07,0.009774477268693293
3.3e-07,0.009344787268693294
3.301e-07,0.008735407268693294
3.302e-07,0.009344787268693294
3.303e-07,0.011540097268693292
3.304e-07,0.013344787268693294
3.305e-07,0.012977597268693294
3.306e-07,0.011344787268693294
3.307e-07,0.010469787268693293
3.308e-07,0.011344787268693294
3.309e-07,0.012829157268693294
3.31e-07,0.013344787268693294
3.311e-07,0.012415097268693293
3.312e-07,0.011344787268693294
3.313e-07,0.011172907268693293
3.314e-07,0.011344787268693294
3.315e-07,0.010711977268693293
3.316e-07,0.009344787268693294
3.317e-07,0.008626037268693293
3.318e-07,0.009344787268693294
3.319e-07,0.011329157268693293
3.32e-07,0.013344787268693294
3.321e-07,0.014133847268693295
3.322e-07,0.013344787268693294
3.323e-07,0.011891657268693293
3.324e-07,0.011344787268693294
3.325e-07,0.012149477268693294
3.326e-07,0.013344787268693294
3.327e-07,0.013711977268693294
3.328e-07,0.013344787268693294
3.329e-07,0.013047907268693294
3.33e-07,0.013344787268693294
3.331e-07,0.013766657268693295
3.332e-07,0.013344787268693294
3.333e-07,0.012079157268693293
3.334e-07,0.011344787268693294
3.335e-07,0.012071347268693293
3.336e-07,0.013344787268693294
3.337e-07,0.014188537268693294
3.338e-07,0.015344787268693292
3.339e-07,0.016969787268693293
3.34e-07,0.017344787268693294
3.341e-07,0.015336977268693295
3.342e-07,0.013344787268693294
3.343e-07,0.013188537268693293
3.344e-07,0.013344787268693294
3.345e-07,0.012188537268693293
3.346e-07,0.011344787268693294
3.347e-07,0.012344787268693293
3.348e-07,0.013344787268693294
3.349e-07,0.012532287268693293
3.35e-07,0.011344787268693294
3.351e-07,0.011938537268693294
3.352e-07,0.013344787268693294
3.353e-07,0.013774477268693294
3.354e-07,0.013344787268693294
3.355e-07,0.013141657268693294
3.356e-07,0.013344787268693294
3.357e-07,0.013415097268693294
3.358e-07,0.013344787268693294
3.359e-07,0.013305727268693293
3.36e-07,0.013344787268693294
3.361e-07,0.013376037268693294
3.362e-07,0.013344787268693294
3.363e-07,0.013297907268693294
3.364e-07,0.013344787268693294
3.365e-07,0.013430727268693293
3.366e-07,0.013344787268693294
3.367e-07,0.013141657268693294
3.368e-07,0.013344787268693294
3.369e-07,0.014219787268693294
3.37e-07,0.015344787268693292
3.371e-07,0.015852597268693293
3.372e-07,0.015344787268693292
3.373e-07,0.014141657268693292
3.374e-07,0.013344787268693294
3.375e-07,0.013305727268693293
3.376e-07,0.013344787268693294
3.377e-07,0.013071347268693294
3.378e-07,0.013344787268693294
3.379e-07,0.014571347268693292
3.38e-07,0.015344787268693292
3.381e-07,0.014602597268693292
3.382e-07,0.013344787268693294
3.383e-07,0.013094787268693293
3.384e-07,0.013344787268693294
3.385e-07,0.013274477268693293
3.386e-07,0.013344787268693294
3.387e-07,0.014196347268693295
3.388e-07,0.015344787268693292
3.389e-07,0.016141657268693294
3.39e-07,0.017344787268693294
3.391e-07,0.018860407268693292
3.392e-07,0.019344787268693292
3.393e-07,0.017618227268693294
3.394e-07,0.015344787268693292
3.395e-07,0.014024477268693294
3.396e-07,0.013344787268693294
3.397e-07,0.012344787268693293
3.398e-07,0.011344787268693294
3.399e-07,0.011149477268693293
3.4e-07,0.011344787268693294
3.401e-07,0.011407287268693294
3.402e-07,0.011344787268693294
3.403e-07,0.011938537268693294
3.404e-07,0.013344787268693294
3.405e-07,0.014829157268693292
3.406e-07,0.015344787268693292
3.407e-07,0.014493227268693294
3.408e-07,0.013344787268693294
3.409e-07,0.012938537268693293
3.41e-07,0.013344787268693294
3.411e-07,0.013188537268693293
3.412e-07,0.011344787268693294
3.413e-07,0.008579157268693294
3.414e-07,0.007344785268693293
3.415e-07,0.008938537268693293
3.416e-07,0.011344787268693294
3.417e-07,0.012180727268693294
3.418e-07,0.011344787268693294
3.419e-07,0.010688537268693293
3.42e-07,0.011344787268693294
3.421e-07,0.012735407268693294
3.422e-07,0.013344787268693294
3.423e-07,0.012508847268693293
3.424e-07,0.011344787268693294
3.425e-07,0.010946347268693294
3.426e-07,0.011344787268693294
3.427e-07,0.011579157268693293
3.428e-07,0.011344787268693294
3.429e-07,0.011071347268693294
3.43e-07,0.011344787268693294
3.431e-07,0.011774477268693294
3.432e-07,0.011344787268693294
3.433e-07,0.010047907268693293
3.434e-07,0.009344787268693294
3.435e-07,0.010188537268693293
3.436e-07,0.011344787268693294
3.437e-07,0.010993227268693293
3.438e-07,0.009344787268693294
3.439e-07,0.008266657268693293
3.44e-07,0.009344787268693294
3.441e-07,0.011891657268693293
3.442e-07,0.013344787268693294
3.443e-07,0.012016657268693293
3.444e-07,0.009344787268693294
3.445e-07,0.007579157268693293
3.446e-07,0.007344785268693293
3.447e-07,0.007555727268693293
3.448e-07,0.007344785268693293
3.449e-07,0.007024472268693294
3.45e-07,0.007344785268693293
3.451e-07,0.008376037268693293
3.452e-07,0.009344787268693294
3.453e-07,0.009055727268693293
3.454e-07,0.007344785268693293
3.455e-07,0.005501035268693293
3.456e-07,0.005344785268693293
3.457e-07,0.006743222268693293
3.458e-07,0.007344785268693293
3.459e-07,0.005626035268693293
3.46e-07,0.0033447852686932936
3.461e-07,0.002766660268693293
3.462e-07,0.0033447852686932936
3.463e-07,0.0036182222686932932
3.464e-07,0.0033447852686932936
3.465e-07,0.003305722268693293
3.466e-07,0.0033447852686932936
3.467e-07,0.0031807222686932937
3.468e-07,0.0033447852686932936
3.469e-07,0.004297910268693294
3.47e-07,0.005344785268693293
3.471e-07,0.005719785268693293
3.472e-07,0.005344785268693293
3.473e-07,0.004422910268693294
3.474e-07,0.0033447852686932936
3.475e-07,0.0021650972686932937
3.476e-07,0.0013447852686932936
3.477e-07,0.0015869722686932932
3.478e-07,0.0033447852686932936
3.479e-07,0.005821347268693293
3.48e-07,0.007344785268693293
3.481e-07,0.006297910268693294
3.482e-07,0.0033447852686932936
3.483e-07,0.0003838472686932934
3.484e-07,-0.0006552157313067068
3.485e-07,0.0002744722686932933
3.486e-07,0.0013447852686932936
3.487e-07,0.0009072852686932932
3.488e-07,-0.0006552157313067068
3.489e-07,-0.0021005277313067066
3.49e-07,-0.0026552152645037065
3.491e-07,-0.0025458402313067066
3.492e-07,-0.0026552152645037065
3.493e-07,-0.002897402731306707
3.494e-07,-0.0026552152645037065
3.495e-07,-0.0020692777313067066
3.496e-07,-0.0026552152645037065
3.497e-07,-0.0048974027313067065
3.498e-07,-0.006655215731306707
3.499e-07,-0.0060927157313067064
3.5e-07,-0.004655215731306707
3.501e-07,-0.004366152731306707
3.502e-07,-0.004655215731306707
3.503e-07,-0.004506777731306706
3.504e-07,-0.004655215731306707
3.505e-07,-0.005834902731306707
3.506e-07,-0.006655215731306707
3.507e-07,-0.006334902731306706
3.508e-07,-0.006655215731306707
3.509e-07,-0.008741152731306706
3.51e-07,-0.010655215731306707
3.511e-07,-0.010256777731306708
3.512e-07,-0.008655215731306707
3.513e-07,-0.007983340731306706
3.514e-07,-0.008655215731306707
3.515e-07,-0.009288027731306707
3.516e-07,-0.008655215731306707
3.517e-07,-0.007194277731306707
3.518e-07,-0.006655215731306707
3.519e-07,-0.007702090731306707
3.52e-07,-0.008655215731306707
3.521e-07,-0.008498965731306707
3.522e-07,-0.008655215731306707
3.523e-07,-0.010608340731306707
3.524e-07,-0.012655212731306707
3.525e-07,-0.012530215731306707
3.526e-07,-0.010655215731306707
3.527e-07,-0.009030215731306707
3.528e-07,-0.008655215731306707
3.529e-07,-0.009389590731306706
3.53e-07,-0.010655215731306707
3.531e-07,-0.011944277731306708
3.532e-07,-0.012655212731306707
3.533e-07,-0.012725532731306707
3.534e-07,-0.012655212731306707
3.535e-07,-0.012733342731306706
3.536e-07,-0.012655212731306707
3.537e-07,-0.012428652731306706
3.538e-07,-0.012655212731306707
3.539e-07,-0.013623962731306706
3.54e-07,-0.014655212731306707
3.541e-07,-0.014928652731306707
3.542e-07,-0.014655212731306707
3.543e-07,-0.014459902731306706
3.544e-07,-0.014655212731306707
3.545e-07,-0.014897402731306707
3.546e-07,-0.014655212731306707
3.547e-07,-0.014225532731306707
3.548e-07,-0.014655212731306707
3.549e-07,-0.016014592731306707
3.55e-07,-0.016655212731306705
3.551e-07,-0.015623962731306706
3.552e-07,-0.014655212731306707
3.553e-07,-0.015311462731306708
3.554e-07,-0.016655212731306705
3.555e-07,-0.016983342731306708
3.556e-07,-0.016655212731306705
3.557e-07,-0.016616152731306705
3.558e-07,-0.016655212731306705
3.559e-07,-0.015967712731306705
3.56e-07,-0.014655212731306707
3.561e-07,-0.013467712731306706
3.562e-07,-0.012655212731306707
3.563e-07,-0.012420840731306707
3.564e-07,-0.012655212731306707
3.565e-07,-0.013498962731306706
3.566e-07,-0.014655212731306707
3.567e-07,-0.015889592731306707
3.568e-07,-0.016655212731306705
3.569e-07,-0.01681146273130671
3.57e-07,-0.016655212731306705
3.571e-07,-0.01664740273130671
3.572e-07,-0.016655212731306705
3.573e-07,-0.016545842731306708
3.574e-07,-0.016655212731306705
3.575e-07,-0.01687396273130671
3.576e-07,-0.016655212731306705
3.577e-07,-0.016100532731306707
3.578e-07,-0.016655212731306705
3.579e-07,-0.018811462731306707
3.58e-07,-0.020655212731306705
3.581e-07,-0.020295842731306708
3.582e-07,-0.018655212731306707
3.583e-07,-0.017311462731306706
3.584e-07,-0.016655212731306705
3.585e-07,-0.016272402731306708
3.586e-07,-0.016655212731306705
3.587e-07,-0.017866152731306706
3.588e-07,-0.018655212731306707
3.589e-07,-0.017967712731306706
3.59e-07,-0.016655212731306705
3.591e-07,-0.015725532731306707
3.592e-07,-0.014655212731306707
3.593e-07,-0.013303652731306707
3.594e-07,-0.012655212731306707
3.595e-07,-0.013553652731306707
3.596e-07,-0.014655212731306707
3.597e-07,-0.014811462731306707
3.598e-07,-0.014655212731306707
3.599e-07,-0.015413032731306706
3.6e-07,-0.016655212731306705
3.601e-07,-0.01720990273130671
3.602e-07,-0.016655212731306705
3.603e-07,-0.015538032731306706
3.604e-07,-0.014655212731306707
3.605e-07,-0.014420842731306706
3.606e-07,-0.014655212731306707
3.607e-07,-0.014834902731306707
3.608e-07,-0.014655212731306707
3.609e-07,-0.014420842731306706
3.61e-07,-0.014655212731306707
3.611e-07,-0.015569282731306706
3.612e-07,-0.016655212731306705
3.613e-07,-0.01717084273130671
3.614e-07,-0.016655212731306705
3.615e-07,-0.015498962731306706
3.616e-07,-0.014655212731306707
3.617e-07,-0.014584902731306706
3.618e-07,-0.014655212731306707
3.619e-07,-0.014475532731306707
3.62e-07,-0.014655212731306707
3.621e-07,-0.015623962731306706
3.622e-07,-0.016655212731306705
3.623e-07,-0.016850532731306708
3.624e-07,-0.016655212731306705
3.625e-07,-0.01662396273130671
3.626e-07,-0.016655212731306705
3.627e-07,-0.016053652731306704
3.628e-07,-0.014655212731306707
3.629e-07,-0.013178652731306707
3.63e-07,-0.012655212731306707
3.631e-07,-0.013022402731306707
3.632e-07,-0.012655212731306707
3.633e-07,-0.011225527731306707
3.634e-07,-0.010655215731306707
3.635e-07,-0.012491152731306706
3.636e-07,-0.014655212731306707
3.637e-07,-0.015123962731306707
3.638e-07,-0.014655212731306707
3.639e-07,-0.014733342731306706
3.64e-07,-0.014655212731306707
3.641e-07,-0.013538032731306706
3.642e-07,-0.012655212731306707
3.643e-07,-0.013288032731306706
3.644e-07,-0.014655212731306707
3.645e-07,-0.015100532731306706
3.646e-07,-0.014655212731306707
3.647e-07,-0.014288032731306707
3.648e-07,-0.014655212731306707
3.649e-07,-0.015202092731306707
3.65e-07,-0.014655212731306707
3.651e-07,-0.012670842731306706
3.652e-07,-0.010655215731306707
3.653e-07,-0.010038027731306708
3.654e-07,-0.010655215731306707
3.655e-07,-0.011623965731306706
3.656e-07,-0.012655212731306707
3.657e-07,-0.013881782731306707
3.658e-07,-0.014655212731306707
3.659e-07,-0.014202092731306707
3.66e-07,-0.012655212731306707
3.661e-07,-0.010663027731306706
3.662e-07,-0.008655215731306707
3.663e-07,-0.007639590731306707
3.664e-07,-0.008655215731306707
3.665e-07,-0.011256777731306707
3.666e-07,-0.012655212731306707
3.667e-07,-0.011647402731306707
3.668e-07,-0.010655215731306707
3.669e-07,-0.011686465731306706
3.67e-07,-0.012655212731306707
3.671e-07,-0.011670840731306706
3.672e-07,-0.010655215731306707
3.673e-07,-0.011522402731306707
3.674e-07,-0.012655212731306707
3.675e-07,-0.011819277731306707
3.676e-07,-0.010655215731306707
3.677e-07,-0.011327090731306706
3.678e-07,-0.012655212731306707
3.679e-07,-0.012373965731306707
3.68e-07,-0.010655215731306707
3.681e-07,-0.008670840731306707
3.682e-07,-0.006655215731306707
3.683e-07,-0.005389590731306707
3.684e-07,-0.006655215731306707
3.685e-07,-0.010413027731306708
3.686e-07,-0.012655212731306707
3.687e-07,-0.011116152731306707
3.688e-07,-0.008655215731306707
3.689e-07,-0.008334902731306708
3.69e-07,-0.008655215731306707
3.691e-07,-0.007623965731306707
3.692e-07,-0.006655215731306707
3.693e-07,-0.008069277731306706
3.694e-07,-0.010655215731306707
3.695e-07,-0.011616152731306707
3.696e-07,-0.010655215731306707
3.697e-07,-0.009225527731306707
3.698e-07,-0.008655215731306707
3.699e-07,-0.009295840731306706
3.7e-07,-0.010655215731306707
3.701e-07,-0.011498965731306706
3.702e-07,-0.010655215731306707
3.703e-07,-0.008413027731306706
3.704e-07,-0.006655215731306707
3.705e-07,-0.006467715731306707
3.706e-07,-0.006655215731306707
3.707e-07,-0.006428652731306706
3.708e-07,-0.006655215731306707
3.709e-07,-0.008420840731306707
3.71e-07,-0.010655215731306707
3.711e-07,-0.011553652731306707
3.712e-07,-0.010655215731306707
3.713e-07,-0.009178652731306707
3.714e-07,-0.008655215731306707
3.715e-07,-0.009061465731306707
3.716e-07,-0.008655215731306707
3.717e-07,-0.007069277731306707
3.718e-07,-0.006655215731306707
3.719e-07,-0.008733340731306707
3.72e-07,-0.010655215731306707
3.721e-07,-0.009983340731306706
3.722e-07,-0.008655215731306707
3.723e-07,-0.009256777731306707
3.724e-07,-0.010655215731306707
3.725e-07,-0.010819277731306707
3.726e-07,-0.010655215731306707
3.727e-07,-0.011100527731306707
3.728e-07,-0.010655215731306707
3.729e-07,-0.008405215731306707
3.73e-07,-0.006655215731306707
3.731e-07,-0.007389590731306707
3.732e-07,-0.008655215731306707
3.733e-07,-0.008116152731306708
3.734e-07,-0.006655215731306707
3.735e-07,-0.006702090731306707
3.736e-07,-0.008655215731306707
3.737e-07,-0.011123965731306707
3.738e-07,-0.012655212731306707
3.739e-07,-0.012522402731306706
3.74e-07,-0.010655215731306707
3.741e-07,-0.008131777731306706
3.742e-07,-0.006655215731306707
3.743e-07,-0.006616152731306706
3.744e-07,-0.006655215731306707
3.745e-07,-0.0062020907313067065
3.746e-07,-0.006655215731306707
3.747e-07,-0.009248965731306708
3.748e-07,-0.012655212731306707
3.749e-07,-0.014155212731306707
3.75e-07,-0.012655212731306707
3.751e-07,-0.009366152731306707
3.752e-07,-0.006655215731306707
3.753e-07,-0.005952090731306706
3.754e-07,-0.006655215731306707
3.755e-07,-0.0072020907313067066
3.756e-07,-0.006655215731306707
3.757e-07,-0.005967715731306706
3.758e-07,-0.006655215731306707
3.759e-07,-0.008889590731306705
3.76e-07,-0.010655215731306707
3.761e-07,-0.010342715731306707
3.762e-07,-0.008655215731306707
3.763e-07,-0.007764590731306707
3.764e-07,-0.008655215731306707
3.765e-07,-0.010256777731306708
3.766e-07,-0.010655215731306707
3.767e-07,-0.008991152731306707
3.768e-07,-0.006655215731306707
3.769e-07,-0.005623965731306707
3.77e-07,-0.006655215731306707
3.771e-07,-0.008897402731306707
3.772e-07,-0.010655215731306707
3.773e-07,-0.011061465731306707
3.774e-07,-0.010655215731306707
3.775e-07,-0.009920840731306706
3.776e-07,-0.008655215731306707
3.777e-07,-0.0071395907313067065
3.778e-07,-0.006655215731306707
3.779e-07,-0.007717715731306707
3.78e-07,-0.008655215731306707
3.781e-07,-0.007873965731306706
3.782e-07,-0.006655215731306707
3.783e-07,-0.006967715731306706
3.784e-07,-0.008655215731306707
3.785e-07,-0.010248965731306707
3.786e-07,-0.010655215731306707
3.787e-07,-0.009452090731306706
3.788e-07,-0.006655215731306707
3.789e-07,-0.0036161527313067067
3.79e-07,-0.0026552152645037065
3.791e-07,-0.004514590731306707
3.792e-07,-0.006655215731306707
3.793e-07,-0.0070927157313067065
3.794e-07,-0.006655215731306707
3.795e-07,-0.007272402731306707
3.796e-07,-0.008655215731306707
3.797e-07,-0.009334902731306707
3.798e-07,-0.008655215731306707
3.799e-07,-0.007358340731306707
3.8e-07,-0.006655215731306707
3.801e-07,-0.007147402731306707
3.802e-07,-0.008655215731306707
3.803e-07,-0.010100527731306708
3.804e-07,-0.010655215731306707
3.805e-07,-0.009975527731306708
3.806e-07,-0.008655215731306707
3.807e-07,-0.007373965731306707
3.808e-07,-0.006655215731306707
3.809e-07,-0.006545840731306707
3.81e-07,-0.006655215731306707
3.811e-07,-0.006702090731306707
3.812e-07,-0.006655215731306707
3.813e-07,-0.006616152731306706
3.814e-07,-0.006655215731306707
3.815e-07,-0.006733340731306707
3.816e-07,-0.006655215731306707
3.817e-07,-0.006569277731306707
3.818e-07,-0.006655215731306707
3.819e-07,-0.006858340731306707
3.82e-07,-0.006655215731306707
3.821e-07,-0.005748965731306706
3.822e-07,-0.004655215731306707
3.823e-07,-0.004256777731306707
3.824e-07,-0.004655215731306707
3.825e-07,-0.005616152731306707
3.826e-07,-0.006655215731306707
3.827e-07,-0.007217715731306707
3.828e-07,-0.006655215731306707
3.829e-07,-0.005366152731306707
3.83e-07,-0.004655215731306707
3.831e-07,-0.005420840731306707
3.832e-07,-0.006655215731306707
3.833e-07,-0.007038027731306707
3.834e-07,-0.006655215731306707
3.835e-07,-0.006373965731306707
3.836e-07,-0.006655215731306707
3.837e-07,-0.007452090731306707
3.838e-07,-0.008655215731306707
3.839e-07,-0.009459902731306707
3.84e-07,-0.008655215731306707
3.841e-07,-0.006303652731306707
3.842e-07,-0.004655215731306707
3.843e-07,-0.005225527731306707
3.844e-07,-0.006655215731306707
3.845e-07,-0.007100527731306707
3.846e-07,-0.006655215731306707
3.847e-07,-0.006420840731306707
3.848e-07,-0.006655215731306707
3.849e-07,-0.006842715731306707
3.85e-07,-0.006655215731306707
3.851e-07,-0.006428652731306706
3.852e-07,-0.006655215731306707
3.853e-07,-0.0070927157313067065
3.854e-07,-0.006655215731306707
3.855e-07,-0.005225527731306707
3.856e-07,-0.004655215731306707
3.857e-07,-0.005858340731306706
3.858e-07,-0.006655215731306707
3.859e-07,-0.005616152731306707
3.86e-07,-0.004655215731306707
3.861e-07,-0.005584902731306707
3.862e-07,-0.006655215731306707
3.863e-07,-0.0058974027313067065
3.864e-07,-0.004655215731306707
3.865e-07,-0.005100527731306707
3.866e-07,-0.006655215731306707
3.867e-07,-0.007334902731306707
3.868e-07,-0.006655215731306707
3.869e-07,-0.005498965731306707
3.87e-07,-0.004655215731306707
3.871e-07,-0.004420840731306707
3.872e-07,-0.004655215731306707
3.873e-07,-0.0049442777313067066
3.874e-07,-0.004655215731306707
3.875e-07,-0.004178652731306707
3.876e-07,-0.004655215731306707
3.877e-07,-0.006131777731306707
3.878e-07,-0.006655215731306707
3.879e-07,-0.005498965731306707
3.88e-07,-0.004655215731306707
3.881e-07,-0.005655215731306706
3.882e-07,-0.006655215731306707
3.883e-07,-0.005819277731306707
3.884e-07,-0.004655215731306707
3.885e-07,-0.005225527731306707
3.886e-07,-0.006655215731306707
3.887e-07,-0.0070614657313067064
3.888e-07,-0.006655215731306707
3.889e-07,-0.006506777731306706
3.89e-07,-0.006655215731306707
3.891e-07,-0.006616152731306706
3.892e-07,-0.006655215731306707
3.893e-07,-0.006827090731306707
3.894e-07,-0.006655215731306707
3.895e-07,-0.005702090731306706
3.896e-07,-0.004655215731306707
3.897e-07,-0.004334902731306707
3.898e-07,-0.004655215731306707
3.899e-07,-0.005006777731306707
3.9e-07,-0.004655215731306707
3.901e-07,-0.0037255277313067068
3.902e-07,-0.0026552152645037065
3.903e-07,-0.0022567777313067068
3.904e-07,-0.0026552152645037065
3.905e-07,-0.0036395902313067067
3.906e-07,-0.004655215731306707
3.907e-07,-0.005584902731306707
3.908e-07,-0.006655215731306707
3.909e-07,-0.007842715731306706
3.91e-07,-0.008655215731306707
3.911e-07,-0.008256777731306706
3.912e-07,-0.006655215731306707
3.913e-07,-0.004428652731306707
3.914e-07,-0.0026552152645037065
3.915e-07,-0.0020692777313067066
3.916e-07,-0.0026552152645037065
3.917e-07,-0.0037880277313067064
3.918e-07,-0.004655215731306707
3.919e-07,-0.004889590731306707
3.92e-07,-0.004655215731306707
3.921e-07,-0.004452090731306707
3.922e-07,-0.004655215731306707
3.923e-07,-0.004983340731306707
3.924e-07,-0.004655215731306707
3.925e-07,-0.0035380277313067066
3.926e-07,-0.0026552152645037065
3.927e-07,-0.0026474027643067066
3.928e-07,-0.0026552152645037065
3.929e-07,-0.0018583402313067069
3.93e-07,-0.0006552157313067068
3.931e-07,-0.00025677773130670673
3.932e-07,-0.0006552157313067068
3.933e-07,-0.0015770907313067068
3.934e-07,-0.0026552152645037065
3.935e-07,-0.0038583407313067066
3.936e-07,-0.004655215731306707
3.937e-07,-0.004811465731306707
3.938e-07,-0.004655215731306707
3.939e-07,-0.004584902731306706
3.94e-07,-0.004655215731306707
3.941e-07,-0.004600527731306706
3.942e-07,-0.004655215731306707
3.943e-07,-0.004780215731306707
3.944e-07,-0.004655215731306707
3.945e-07,-0.004334902731306707
3.946e-07,-0.004655215731306707
3.947e-07,-0.005311465731306707
3.948e-07,-0.004655215731306707
3.949e-07,-0.002334902731306707
3.95e-07,-0.0006552157313067068
3.951e-07,-0.0017880277313067068
3.952e-07,-0.004655215731306707
3.953e-07,-0.006209902731306707
3.954e-07,-0.004655215731306707
3.955e-07,-0.0016395907313067066
3.956e-07,-0.0006552157313067068
3.957e-07,-0.002780215231306707
3.958e-07,-0.004655215731306707
3.959e-07,-0.003397402731306707
3.96e-07,-0.0006552157313067068
3.961e-07,-0.00010833973130670686
3.962e-07,-0.0026552152645037065
3.963e-07,-0.005811465731306706
3.964e-07,-0.006655215731306707
3.965e-07,-0.004780215731306707
3.966e-07,-0.0026552152645037065
3.967e-07,-0.002280215231306707
3.968e-07,-0.0026552152645037065
3.969e-07,-0.0019911527313067065
3.97e-07,-0.0006552157313067068
3.971e-07,-0.00019427773130670668
3.972e-07,-0.0006552157313067068
3.973e-07,-0.0014911527313067067
3.974e-07,-0.0026552152645037065
3.975e-07,-0.004022402731306707
3.976e-07,-0.004655215731306707
3.977e-07,-0.003967715731306706
3.978e-07,-0.0026552152645037065
3.979e-07,-0.0020536527313067066
3.98e-07,-0.0026552152645037065
3.981e-07,-0.003428652731306707
3.982e-07,-0.0026552152645037065
3.983e-07,-0.00023333973130670654
3.984e-07,0.0013447852686932936
3.985e-07,0.00010259726869329315
3.986e-07,-0.0026552152645037065
3.987e-07,-0.004561465731306707
3.988e-07,-0.004655215731306707
3.989e-07,-0.0036942777313067067
3.99e-07,-0.0026552152645037065
3.991e-07,-0.0017333402313067067
3.992e-07,-0.0006552157313067068
3.993e-07,0.00011822226869329317
3.994e-07,-0.0006552157313067068
3.995e-07,-0.0029833402313067066
3.996e-07,-0.004655215731306707
3.997e-07,-0.004006777731306707
3.998e-07,-0.0026552152645037065
3.999e-07,-0.0024520902313067065
4e-07,-0.0026552152645037065
4.001e-07,-0.0018661527313067069
4.002e-07,-0.0006552157313067068
4.003e-07,-0.0003114647313067066
4.004e-07,-0.0006552157313067068
4.005e-07,-0.0008817777313067066
4.006e-07,-0.0006552157313067068
4.007e-07,-0.00046771573130670666
4.008e-07,-0.0006552157313067068
4.009e-07,-0.0010224027313067068
4.01e-07,-0.0006552157313067068
4.011e-07,5.572226869329311e-05
4.012e-07,-0.0006552157313067068
4.013e-07,-0.0031708402313067067
4.014e-07,-0.004655215731306707
4.015e-07,-0.0030927152313067066
4.016e-07,-0.0006552157313067068
4.017e-07,-6.146473130670682e-05
4.018e-07,-0.0006552157313067068
4.019e-07,-0.0006786527313067067
4.02e-07,-0.0006552157313067068
4.021e-07,-0.0016239657313067068
4.022e-07,-0.0026552152645037065
4.023e-07,-0.0026786527613067066
4.024e-07,-0.0026552152645037065
4.025e-07,-0.0031395902313067067
4.026e-07,-0.0026552152645037065
4.027e-07,-0.0004599027313067069
4.028e-07,0.0013447852686932936
4.029e-07,0.0007822852686932935
4.03e-07,-0.0006552157313067068
4.031e-07,-0.0009833407313067067
4.032e-07,-0.0006552157313067068
4.033e-07,-0.0007099027313067067
4.034e-07,-0.0006552157313067068
4.035e-07,-0.0001395897313067069
4.036e-07,-0.0006552157313067068
4.037e-07,-0.002897402731306707
4.038e-07,-0.004655215731306707
4.039e-07,-0.0035692777313067066
4.04e-07,-0.0006552157313067068
4.041e-07,0.0019385352686932932
4.042e-07,0.0033447852686932936
4.043e-07,0.003766660268693293
4.044e-07,0.0033447852686932936
4.045e-07,0.002211972268693293
4.046e-07,0.0013447852686932936
4.047e-07,0.0012041602686932934
4.048e-07,0.0013447852686932936
4.049e-07,0.0011650972686932932
4.05e-07,0.0013447852686932936
4.051e-07,0.002290097268693293
4.052e-07,0.0033447852686932936
4.053e-07,0.003579160268693293
4.054e-07,0.0033447852686932936
4.055e-07,0.0028213472686932934
4.056e-07,0.0013447852686932936
4.057e-07,-0.0005849027313067066
4.058e-07,-0.0006552157313067068
4.059e-07,0.001672910268693293
4.06e-07,0.0033447852686932936
4.061e-07,0.0018994722686932934
4.062e-07,-0.0006552157313067068
4.063e-07,-0.0009052157313067066
4.064e-07,0.0013447852686932936
4.065e-07,0.003571347268693293
4.066e-07,0.0033447852686932936
4.067e-07,0.000993222268693293
4.068e-07,-0.0006552157313067068
4.069e-07,1.6660268693293248e-05
4.07e-07,0.0013447852686932936
4.071e-07,0.0014697852686932937
4.072e-07,0.0013447852686932936
4.073e-07,0.002336972268693293
4.074e-07,0.0033447852686932936
4.075e-07,0.002657285268693293
4.076e-07,0.0013447852686932936
4.077e-07,0.0010557222686932931
4.078e-07,0.0013447852686932936
4.079e-07,0.0012666602686932935
4.08e-07,0.0013447852686932936
4.081e-07,0.0018213472686932934
4.082e-07,0.0013447852686932936
4.083e-07,-0.00026458973130670657
4.084e-07,-0.0006552157313067068
4.085e-07,0.001493222268693293
4.086e-07,0.0033447852686932936
4.087e-07,0.002626035268693293
4.088e-07,0.0013447852686932936
4.089e-07,0.0019854102686932933
4.09e-07,0.0033447852686932936
4.091e-07,0.0034229102686932937
4.092e-07,0.0033447852686932936
4.093e-07,0.004422910268693294
4.094e-07,0.005344785268693293
4.095e-07,0.004461972268693293
4.096e-07,0.0033447852686932936
4.097e-07,0.003383847268693293
4.098e-07,0.0033447852686932936
4.099e-07,0.0021025972686932936
4.1e-07,0.0013447852686932936
4.101e-07,0.002415097268693293
4.102e-07,0.0033447852686932936
4.103e-07,0.0024854102686932937
4.104e-07,0.0013447852686932936
4.105e-07,0.0019463472686932935
4.106e-07,0.0033447852686932936
4.107e-07,0.0037744722686932934
4.108e-07,0.0033447852686932936
4.109e-07,0.003657285268693293
4.11e-07,0.005344785268693293
4.111e-07,0.007180722268693294
4.112e-07,0.007344785268693293
4.113e-07,0.005352597268693294
4.114e-07,0.0033447852686932936
4.115e-07,0.003430722268693293
4.116e-07,0.005344785268693293
4.117e-07,0.007063535268693293
4.118e-07,0.007344785268693293
4.119e-07,0.006407285268693294
4.12e-07,0.005344785268693293
4.121e-07,0.004969785268693293
4.122e-07,0.005344785268693293
4.123e-07,0.005751035268693293
4.124e-07,0.005344785268693293
4.125e-07,0.004633847268693293
4.126e-07,0.005344785268693293
4.127e-07,0.007618227268693293
4.128e-07,0.009344787268693294
4.129e-07,0.008774477268693293
4.13e-07,0.007344785268693293
4.131e-07,0.0069697852686932925
4.132e-07,0.007344785268693293
4.133e-07,0.0068994722686932936
4.134e-07,0.005344785268693293
4.135e-07,0.0038682222686932935
4.136e-07,0.0033447852686932936
4.137e-07,0.004024472268693294
4.138e-07,0.005344785268693293
4.139e-07,0.006626035268693294
4.14e-07,0.007344785268693293
4.141e-07,0.007969787268693294
4.142e-07,0.009344787268693294
4.143e-07,0.011079157268693293
4.144e-07,0.011344787268693294
4.145e-07,0.009352597268693294
4.146e-07,0.007344785268693293
4.147e-07,0.0070322852686932925
4.148e-07,0.007344785268693293
4.149e-07,0.006961972268693294
4.15e-07,0.007344785268693293
4.151e-07,0.009501037268693294
4.152e-07,0.011344787268693294
4.153e-07,0.010766657268693294
4.154e-07,0.009344787268693294
4.155e-07,0.009102597268693294
4.156e-07,0.009344787268693294
4.157e-07,0.008610407268693294
4.158e-07,0.007344785268693293
4.159e-07,0.006907285268693292
4.16e-07,0.007344785268693293
4.161e-07,0.007704157268693293
4.162e-07,0.007344785268693293
4.163e-07,0.0068994722686932936
4.164e-07,0.007344785268693293
4.165e-07,0.009243227268693293
4.166e-07,0.011344787268693294
4.167e-07,0.012102597268693293
4.168e-07,0.011344787268693294
4.169e-07,0.009993227268693294
4.17e-07,0.009344787268693294
4.171e-07,0.009868227268693294
4.172e-07,0.011344787268693294
4.173e-07,0.012751037268693293
4.174e-07,0.013344787268693294
4.175e-07,0.012618227268693293
4.176e-07,0.011344787268693294
4.177e-07,0.010102597268693293
4.178e-07,0.009344787268693294
4.179e-07,0.009141657268693293
4.18e-07,0.009344787268693294
4.181e-07,0.009618227268693293
4.182e-07,0.009344787268693294
4.183e-07,0.008407287268693293
4.184e-07,0.007344785268693293
4.185e-07,0.007055722268693294
4.186e-07,0.007344785268693293
4.187e-07,0.008110407268693293
4.188e-07,0.009344787268693294
4.189e-07,0.010743227268693293
4.19e-07,0.011344787268693294
4.191e-07,0.011016657268693292
4.192e-07,0.011344787268693294
4.193e-07,0.012805727268693293
4.194e-07,0.013344787268693294
4.195e-07,0.011501037268693294
4.196e-07,0.009344787268693294
4.197e-07,0.008946347268693294
4.198e-07,0.009344787268693294
4.199e-07,0.009110407268693292
4.2e-07,0.009344787268693294
4.201e-07,0.011266657268693293
4.202e-07,0.013344787268693294
4.203e-07,0.013797907268693295
4.204e-07,0.013344787268693294
4.205e-07,0.013258847268693294
4.206e-07,0.013344787268693294
4.207e-07,0.012626037268693293
4.208e-07,0.011344787268693294
4.209e-07,0.010633847268693293
4.21e-07,0.011344787268693294
4.211e-07,0.012790097268693294
4.212e-07,0.013344787268693294
4.213e-07,0.012376037268693293
4.214e-07,0.011344787268693294
4.215e-07,0.011821347268693293
4.216e-07,0.013344787268693294
4.217e-07,0.014180727268693294
4.218e-07,0.013344787268693294
4.219e-07,0.011743227268693293
4.22e-07,0.011344787268693294
4.221e-07,0.012540097268693293
4.222e-07,0.013344787268693294
4.223e-07,0.012391657268693294
4.224e-07,0.011344787268693294
4.225e-07,0.012016657268693293
4.226e-07,0.013344787268693294
4.227e-07,0.013579157268693295
4.228e-07,0.013344787268693294
4.229e-07,0.013547907268693295
4.23e-07,0.013344787268693294
4.231e-07,0.012055727268693294
4.232e-07,0.011344787268693294
4.233e-07,0.012344787268693293
4.234e-07,0.013344787268693294
4.235e-07,0.012657287268693293
4.236e-07,0.011344787268693294
4.237e-07,0.010993227268693293
4.238e-07,0.011344787268693294
4.239e-07,0.011454157268693293
4.24e-07,0.011344787268693294
4.241e-07,0.011938537268693294
4.242e-07,0.013344787268693294
4.243e-07,0.014368227268693294
4.244e-07,0.013344787268693294
4.245e-07,0.010665097268693293
4.246e-07,0.009344787268693294
4.247e-07,0.011032287268693293
4.248e-07,0.013344787268693294
4.249e-07,0.013672907268693295
4.25e-07,0.013344787268693294
4.251e-07,0.014172907268693292
4.252e-07,0.015344787268693292
4.253e-07,0.014883847268693292
4.254e-07,0.013344787268693294
4.255e-07,0.012110407268693293
4.256e-07,0.011344787268693294
4.257e-07,0.010383847268693293
4.258e-07,0.009344787268693294
4.259e-07,0.008907287268693293
4.26e-07,0.009344787268693294
4.261e-07,0.010454157268693294
4.262e-07,0.011344787268693294
4.263e-07,0.011602597268693293
4.264e-07,0.011344787268693294
4.265e-07,0.011141657268693293
4.266e-07,0.011344787268693294
4.267e-07,0.011586977268693293
4.268e-07,0.011344787268693294
4.269e-07,0.010790097268693294
4.27e-07,0.011344787268693294
4.271e-07,0.012891657268693294
4.272e-07,0.013344787268693294
4.273e-07,0.011454157268693293
4.274e-07,0.009344787268693294
4.275e-07,0.009063537268693293
4.276e-07,0.009344787268693294
4.277e-07,0.008469787268693293
4.278e-07,0.007344785268693293
4.279e-07,0.007751037268693294
4.28e-07,0.009344787268693294
4.281e-07,0.010657287268693293
4.282e-07,0.011344787268693294
4.283e-07,0.011641657268693293
4.284e-07,0.011344787268693294
4.285e-07,0.010329157268693294
4.286e-07,0.009344787268693294
4.287e-07,0.008586977268693294
4.288e-07,0.007344785268693293
4.289e-07,0.0057119722686932925
4.29e-07,0.005344785268693293
4.291e-07,0.007149472268693294
4.292e-07,0.009344787268693294
4.293e-07,0.009938537268693294
4.294e-07,0.009344787268693294
4.295e-07,0.009016657268693294
4.296e-07,0.009344787268693294
4.297e-07,0.009649477268693293
4.298e-07,0.009344787268693294
4.299e-07,0.008391657268693294
4.3e-07,0.007344785268693293
4.301e-07,0.006383847268693293
4.302e-07,0.005344785268693293
4.303e-07,0.004594785268693293
4.304e-07,0.005344785268693293
4.305e-07,0.007735407268693293
4.306e-07,0.009344787268693294
4.307e-07,0.008649477268693292
4.308e-07,0.007344785268693293
4.309e-07,0.007219785268693293
4.31e-07,0.007344785268693293
4.311e-07,0.006282285268693294
4.312e-07,0.005344785268693293
4.313e-07,0.005993222268693293
4.314e-07,0.007344785268693293
4.315e-07,0.007688537268693294
4.316e-07,0.007344785268693293
4.317e-07,0.0068057222686932935
4.318e-07,0.005344785268693293
4.319e-07,0.0029307222686932935
4.32e-07,0.0013447852686932936
4.321e-07,0.0019619722686932935
4.322e-07,0.0033447852686932936
4.323e-07,0.0037432222686932934
4.324e-07,0.0033447852686932936
4.325e-07,0.003626035268693293
4.326e-07,0.005344785268693293
4.327e-07,0.007321347268693294
4.328e-07,0.007344785268693293
4.329e-07,0.005063535268693293
4.33e-07,0.0033447852686932936
4.331e-07,0.003508847268693293
4.332e-07,0.0033447852686932936
4.333e-07,0.0010322852686932933
4.334e-07,-0.0006552157313067068
4.335e-07,0.0008291602686932931
4.336e-07,0.0033447852686932936
4.337e-07,0.003477597268693293
4.338e-07,0.0013447852686932936
4.339e-07,-0.0004286527313067069
4.34e-07,-0.0006552157313067068
4.341e-07,-0.00014740273130670663
4.342e-07,-0.0006552157313067068
4.343e-07,-0.0021239652313067067
4.344e-07,-0.0026552152645037065
4.345e-07,-0.0009052157313067066
4.346e-07,0.0013447852686932936
4.347e-07,0.0019697852686932932
4.348e-07,0.0013447852686932936
4.349e-07,0.000993222268693293
4.35e-07,0.0013447852686932936
4.351e-07,0.0015479102686932929
4.352e-07,0.0013447852686932936
4.353e-07,0.0010635352686932933
4.354e-07,0.0013447852686932936
4.355e-07,0.0017744722686932933
4.356e-07,0.0013447852686932936
4.357e-07,-0.0005692777313067066
4.358e-07,-0.0026552152645037065
4.359e-07,-0.003295840231306707
4.36e-07,-0.0026552152645037065
4.361e-07,-0.0015458407313067067
4.362e-07,-0.0006552157313067068
4.363e-07,-0.0001864647313067065
4.364e-07,-0.0006552157313067068
4.365e-07,-0.0018270902313067068
4.366e-07,-0.0026552152645037065
4.367e-07,-0.0020927152313067066
4.368e-07,-0.0006552157313067068
4.369e-07,0.0005635352686932933
4.37e-07,0.0013447852686932936
4.371e-07,0.001610410268693293
4.372e-07,0.0013447852686932936
4.373e-07,0.0008135352686932931
4.374e-07,0.0013447852686932936
4.375e-07,0.002383847268693293
4.376e-07,0.0013447852686932936
4.377e-07,-0.002334902731306707
4.378e-07,-0.004655215731306707
4.379e-07,-0.0030536527313067066
4.38e-07,-0.0006552157313067068
4.381e-07,-0.0010145907313067067
4.382e-07,-0.0026552152645037065
4.383e-07,-0.002350527731306707
4.384e-07,-0.0006552157313067068
4.385e-07,4.7910268693293276e-05
4.386e-07,-0.0006552157313067068
4.387e-07,-0.0017255277313067067
4.388e-07,-0.0026552152645037065
4.389e-07,-0.0032177152313067068
4.39e-07,-0.0026552152645037065
4.391e-07,-0.0012567777313067068
4.392e-07,-0.0006552157313067068
4.393e-07,-0.0016239657313067068
4.394e-07,-0.0026552152645037065
4.395e-07,-0.0026552152645037065
4.396e-07,-0.0026552152645037065
4.397e-07,-0.0036942777313067067
4.398e-07,-0.004655215731306707
4.399e-07,-0.004092715731306706
4.4e-07,-0.0026552152645037065
4.401e-07,-0.0019599027313067065
4.402e-07,-0.0026552152645037065
4.403e-07,-0.0039755277313067066
4.404e-07,-0.004655215731306707
4.405e-07,-0.004498965731306707
4.406e-07,-0.004655215731306707
4.407e-07,-0.005327090731306707
4.408e-07,-0.004655215731306707
4.409e-07,-0.0021786527313067067
4.41e-07,-0.0006552157313067068
4.411e-07,-0.0022645902313067068
4.412e-07,-0.004655215731306707
4.413e-07,-0.005139590731306707
4.414e-07,-0.004655215731306707
4.415e-07,-0.005295840731306707
4.416e-07,-0.006655215731306707
4.417e-07,-0.0071239657313067065
4.418e-07,-0.006655215731306707
4.419e-07,-0.006272402731306707
4.42e-07,-0.006655215731306707
4.421e-07,-0.007100527731306707
4.422e-07,-0.006655215731306707
4.423e-07,-0.005264590731306707
4.424e-07,-0.004655215731306707
4.425e-07,-0.005725527731306707
4.426e-07,-0.006655215731306707
4.427e-07,-0.0058974027313067065
4.428e-07,-0.004655215731306707
4.429e-07,-0.004577090731306707
4.43e-07,-0.004655215731306707
4.431e-07,-0.004178652731306707
4.432e-07,-0.004655215731306707
4.433e-07,-0.006983340731306706
4.434e-07,-0.008655215731306707
4.435e-07,-0.007780215731306707
4.436e-07,-0.006655215731306707
4.437e-07,-0.007491152731306707
4.438e-07,-0.008655215731306707
4.439e-07,-0.007936465731306706
4.44e-07,-0.006655215731306707
4.441e-07,-0.006545840731306707
4.442e-07,-0.006655215731306707
4.443e-07,-0.005584902731306707
4.444e-07,-0.004655215731306707
4.445e-07,-0.005420840731306707
4.446e-07,-0.006655215731306707
4.447e-07,-0.006889590731306706
4.448e-07,-0.006655215731306707
4.449e-07,-0.006889590731306706
4.45e-07,-0.006655215731306707
4.451e-07,-0.005491152731306707
4.452e-07,-0.004655215731306707
4.453e-07,-0.005428652731306707
4.454e-07,-0.006655215731306707
4.455e-07,-0.006944277731306707
4.456e-07,-0.006655215731306707
4.457e-07,-0.007100527731306707
4.458e-07,-0.008655215731306707
4.459e-07,-0.010256777731306708
4.46e-07,-0.010655215731306707
4.461e-07,-0.009623965731306708
4.462e-07,-0.008655215731306707
4.463e-07,-0.008584902731306706
4.464e-07,-0.008655215731306707
4.465e-07,-0.007858340731306706
4.466e-07,-0.006655215731306707
4.467e-07,-0.006225527731306707
4.468e-07,-0.006655215731306707
4.469e-07,-0.0070614657313067064
4.47e-07,-0.006655215731306707
4.471e-07,-0.006061465731306706
4.472e-07,-0.006655215731306707
4.473e-07,-0.008780215731306707
4.474e-07,-0.010655215731306707
4.475e-07,-0.010452090731306707
4.476e-07,-0.008655215731306707
4.477e-07,-0.007014590731306706
4.478e-07,-0.006655215731306707
4.479e-07,-0.007022402731306707
4.48e-07,-0.006655215731306707
4.481e-07,-0.005389590731306707
4.482e-07,-0.004655215731306707
4.483e-07,-0.005569277731306707
4.484e-07,-0.006655215731306707
4.485e-07,-0.0067724027313067064
4.486e-07,-0.006655215731306707
4.487e-07,-0.007514590731306707
4.488e-07,-0.008655215731306707
4.489e-07,-0.008866152731306707
4.49e-07,-0.008655215731306707
4.491e-07,-0.009178652731306707
4.492e-07,-0.010655215731306707
4.493e-07,-0.011647402731306707
4.494e-07,-0.010655215731306707
4.495e-07,-0.007616152731306706
4.496e-07,-0.004655215731306707
4.497e-07,-0.003756777731306707
4.498e-07,-0.004655215731306707
4.499e-07,-0.005952090731306706
4.5e-07,-0.006655215731306707
4.501e-07,-0.007256777731306707
4.502e-07,-0.008655215731306707
4.503e-07,-0.010436465731306707
4.504e-07,-0.010655215731306707
4.505e-07,-0.008623965731306707
4.506e-07,-0.006655215731306707
4.507e-07,-0.006467715731306707
4.508e-07,-0.006655215731306707
4.509e-07,-0.005584902731306707
4.51e-07,-0.004655215731306707
4.511e-07,-0.005467715731306707
4.512e-07,-0.006655215731306707
4.513e-07,-0.006280215731306707
4.514e-07,-0.004655215731306707
4.515e-07,-0.0038583407313067066
4.516e-07,-0.004655215731306707
4.517e-07,-0.006178652731306707
4.518e-07,-0.006655215731306707
4.519e-07,-0.005623965731306707
4.52e-07,-0.004655215731306707
4.521e-07,-0.0052489657313067066
4.522e-07,-0.006655215731306707
4.523e-07,-0.007256777731306707
4.524e-07,-0.006655215731306707
4.525e-07,-0.005584902731306707
4.526e-07,-0.004655215731306707
4.527e-07,-0.004256777731306707
4.528e-07,-0.004655215731306707
4.529e-07,-0.005709902731306707
4.53e-07,-0.006655215731306707
4.531e-07,-0.0068974027313067066
4.532e-07,-0.006655215731306707
4.533e-07,-0.006483340731306707
4.534e-07,-0.006655215731306707
4.535e-07,-0.006827090731306707
4.536e-07,-0.006655215731306707
4.537e-07,-0.0058974027313067065
4.538e-07,-0.004655215731306707
4.539e-07,-0.0038583407313067066
4.54e-07,-0.004655215731306707
4.541e-07,-0.006459902731306706
4.542e-07,-0.006655215731306707
4.543e-07,-0.004420840731306707
4.544e-07,-0.0026552152645037065
4.545e-07,-0.0039442777313067065
4.546e-07,-0.006655215731306707
4.547e-07,-0.007702090731306707
4.548e-07,-0.006655215731306707
4.549e-07,-0.005178652731306707
4.55e-07,-0.004655215731306707
4.551e-07,-0.004842715731306707
4.552e-07,-0.004655215731306707
4.553e-07,-0.003702090731306707
4.554e-07,-0.0026552152645037065
4.555e-07,-0.002420840231306707
4.556e-07,-0.0026552152645037065
4.557e-07,-0.0027020902613067066
4.558e-07,-0.0026552152645037065
4.559e-07,-0.003334902731306707
4.56e-07,-0.004655215731306707
4.561e-07,-0.006006777731306707
4.562e-07,-0.006655215731306707
4.563e-07,-0.0061395907313067065
4.564e-07,-0.004655215731306707
4.565e-07,-0.0031005277313067067
4.566e-07,-0.0026552152645037065
4.567e-07,-0.0034833402313067066
4.568e-07,-0.004655215731306707
4.569e-07,-0.005092715731306707
4.57e-07,-0.004655215731306707
4.571e-07,-0.0041708407313067065
4.572e-07,-0.004655215731306707
4.573e-07,-0.005428652731306707
4.574e-07,-0.004655215731306707
4.575e-07,-0.0022177152313067067
4.576e-07,-0.0006552157313067068
4.577e-07,-0.0020224027313067066
4.578e-07,-0.004655215731306707
4.579e-07,-0.005256777731306707
4.58e-07,-0.0026552152645037065
4.581e-07,0.0007744722686932933
4.582e-07,0.0013447852686932936
4.583e-07,-0.0017020902313067067
4.584e-07,-0.004655215731306707
4.585e-07,-0.004459902731306707
4.586e-07,-0.0026552152645037065
4.587e-07,-0.0021161527313067066
4.588e-07,-0.0026552152645037065
4.589e-07,-0.0022567777313067068
4.59e-07,-0.0006552157313067068
4.591e-07,0.0007666602686932935
4.592e-07,0.0013447852686932936
4.593e-07,0.0008604102686932931
4.594e-07,-0.0006552157313067068
4.595e-07,-0.002342715231306707
4.596e-07,-0.0026552152645037065
4.597e-07,-0.0014833407313067067
4.598e-07,-0.0006552157313067068
4.599e-07,-0.0014208407313067066
4.6e-07,-0.0026552152645037065
4.601e-07,-0.0024599027313067065
4.602e-07,-0.0006552157313067068
4.603e-07,0.0012119722686932933
4.604e-07,0.0013447852686932936
4.605e-07,1.6660268693293248e-05
4.606e-07,-0.0006552157313067068
4.607e-07,0.0003447852686932931
4.608e-07,0.0013447852686932936
4.609e-07,0.0006338472686932932
4.61e-07,-0.0006552157313067068
4.611e-07,-0.0004911527313067065
4.612e-07,0.0013447852686932936
4.613e-07,0.0030947852686932934
4.614e-07,0.0033447852686932936
4.615e-07,0.0022197852686932935
4.616e-07,0.0013447852686932936
4.617e-07,0.001415097268693293
4.618e-07,0.0013447852686932936
4.619e-07,0.00026666026869329347
4.62e-07,-0.0006552157313067068
4.621e-07,-5.365273130670655e-05
4.622e-07,0.0013447852686932936
4.623e-07,0.0018994722686932934
4.624e-07,0.0013447852686932936
4.625e-07,0.0008213472686932934
4.626e-07,0.0013447852686932936
4.627e-07,0.002688535268693293
4.628e-07,0.0033447852686932936
4.629e-07,0.0025010352686932937
4.63e-07,0.0013447852686932936
4.631e-07,0.0011025972686932932
4.632e-07,0.0013447852686932936
4.633e-07,0.0012275972686932933
4.634e-07,0.0013447852686932936
4.635e-07,0.002274472268693293
4.636e-07,0.0033447852686932936
4.637e-07,0.0036025972686932932
4.638e-07,0.0033447852686932936
4.639e-07,0.0032510352686932935
4.64e-07,0.0033447852686932936
4.641e-07,0.002860410268693293
4.642e-07,0.0013447852686932936
4.643e-07,-0.0004442777313067069
4.644e-07,-0.0006552157313067068
4.645e-07,0.0012666602686932935
4.646e-07,0.0033447852686932936
4.647e-07,0.0037432222686932934
4.648e-07,0.0033447852686932936
4.649e-07,0.0034072852686932937
4.65e-07,0.0033447852686932936
4.651e-07,0.0022666602686932935
4.652e-07,0.0013447852686932936
4.653e-07,0.0014697852686932937
4.654e-07,0.0013447852686932936
4.655e-07,2.4472268693293085e-05
4.656e-07,-0.0006552157313067068
4.657e-07,0.0004619722686932935
4.658e-07,0.0013447852686932936
4.659e-07,0.00044634726869329346
4.66e-07,-0.0006552157313067068
4.661e-07,5.572226869329311e-05
4.662e-07,0.0013447852686932936
4.663e-07,0.001024472268693293
4.664e-07,-0.0006552157313067068
4.665e-07,-0.0016161527313067066
4.666e-07,-0.0006552157313067068
4.667e-07,0.001610410268693293
4.668e-07,0.0033447852686932936
4.669e-07,0.0031025972686932937
4.67e-07,0.0013447852686932936
4.671e-07,-0.0003114647313067066
4.672e-07,-0.0006552157313067068
4.673e-07,0.00022759726869329326
4.674e-07,0.0013447852686932936
4.675e-07,0.001751035268693293
4.676e-07,0.0013447852686932936
4.677e-07,0.0008213472686932934
4.678e-07,0.0013447852686932936
4.679e-07,0.002735410268693293
4.68e-07,0.0033447852686932936
4.681e-07,0.0023135352686932936
4.682e-07,0.0013447852686932936
4.683e-07,0.0014229102686932936
4.684e-07,0.0013447852686932936
4.685e-07,2.4472268693293085e-05
4.686e-07,-0.0006552157313067068
4.687e-07,0.0005400972686932931
4.688e-07,0.0013447852686932936
4.689e-07,-0.00027240273130670675
4.69e-07,-0.0026552152645037065
4.691e-07,-0.0032177152313067068
4.692e-07,-0.0026552152645037065
4.693e-07,-0.0025302152313067066
4.694e-07,-0.0026552152645037065
4.695e-07,-0.0018974027313067067
4.696e-07,-0.0006552157313067068
4.697e-07,0.0003291602686932931
4.698e-07,0.0013447852686932936
4.699e-07,0.0021338472686932937
4.7e-07,0.0013447852686932936
4.701e-07,-0.0011395907313067066
4.702e-07,-0.0026552152645037065
4.703e-07,-0.0018036527313067068
4.704e-07,-0.0006552157313067068
4.705e-07,-0.0014442777313067067
4.706e-07,-0.0026552152645037065
4.707e-07,-0.0021474027313067067
4.708e-07,-0.0006552157313067068
4.709e-07,-0.00017865273130670666
4.71e-07,-0.0006552157313067068
4.711e-07,-0.0013427157313067068
4.712e-07,-0.0026552152645037065
4.713e-07,-0.004319277731306707
4.714e-07,-0.004655215731306707
4.715e-07,-0.003248965231306707
4.716e-07,-0.0026552152645037065
4.717e-07,-0.004530215731306707
4.718e-07,-0.006655215731306707
4.719e-07,-0.005944277731306707
4.72e-07,-0.0026552152645037065
4.721e-07,0.0004932222686932935
4.722e-07,0.0013447852686932936
4.723e-07,-0.00027240273130670675
4.724e-07,-0.0026552152645037065
4.725e-07,-0.0042645907313067066
4.726e-07,-0.004655215731306707
4.727e-07,-0.004553652731306706
4.728e-07,-0.004655215731306707
4.729e-07,-0.004920840731306707
4.73e-07,-0.004655215731306707
4.731e-07,-0.0036786527313067067
4.732e-07,-0.0026552152645037065
4.733e-07,-0.002342715231306707
4.734e-07,-0.0026552152645037065
4.735e-07,-0.003381777731306707
4.736e-07,-0.004655215731306707
4.737e-07,-0.0062177157313067066
4.738e-07,-0.006655215731306707
4.739e-07,-0.005569277731306707
4.74e-07,-0.004655215731306707
4.741e-07,-0.005342715731306707
4.742e-07,-0.006655215731306707
4.743e-07,-0.007030215731306706
4.744e-07,-0.006655215731306707
4.745e-07,-0.006428652731306706
4.746e-07,-0.006655215731306707
4.747e-07,-0.006811465731306707
4.748e-07,-0.006655215731306707
4.749e-07,-0.006498965731306707
4.75e-07,-0.006655215731306707
4.751e-07,-0.007006777731306707
4.752e-07,-0.006655215731306707
4.753e-07,-0.005467715731306707
4.754e-07,-0.004655215731306707
4.755e-07,-0.005342715731306707
4.756e-07,-0.006655215731306707
4.757e-07,-0.007623965731306707
4.758e-07,-0.008655215731306707
4.759e-07,-0.010014590731306706
4.76e-07,-0.010655215731306707
4.761e-07,-0.009764590731306706
4.762e-07,-0.008655215731306707
4.763e-07,-0.008467715731306707
4.764e-07,-0.008655215731306707
4.765e-07,-0.007952090731306706
4.766e-07,-0.006655215731306707
4.767e-07,-0.005952090731306706
4.768e-07,-0.006655215731306707
4.769e-07,-0.008163027731306706
4.77e-07,-0.008655215731306707
4.771e-07,-0.007686465731306707
4.772e-07,-0.006655215731306707
4.773e-07,-0.0067724027313067064
4.774e-07,-0.006655215731306707
4.775e-07,-0.005428652731306707
4.776e-07,-0.004655215731306707
4.777e-07,-0.006178652731306707
4.778e-07,-0.008655215731306707
4.779e-07,-0.010092715731306707
4.78e-07,-0.010655215731306707
4.781e-07,-0.011053652731306707
4.782e-07,-0.010655215731306707
4.783e-07,-0.009225527731306707
4.784e-07,-0.008655215731306707
4.785e-07,-0.009764590731306706
4.786e-07,-0.010655215731306707
4.787e-07,-0.009733340731306706
4.788e-07,-0.008655215731306707
4.789e-07,-0.009288027731306707
4.79e-07,-0.010655215731306707
4.791e-07,-0.010538027731306706
4.792e-07,-0.008655215731306707
4.793e-07,-0.0068192777313067065
4.794e-07,-0.006655215731306707
4.795e-07,-0.008522402731306708
4.796e-07,-0.010655215731306707
4.797e-07,-0.011389590731306706
4.798e-07,-0.010655215731306707
4.799e-07,-0.009459902731306707
4.8e-07,-0.008655215731306707
4.801e-07,-0.008866152731306707
4.802e-07,-0.010655215731306707
4.803e-07,-0.013342712731306708
4.804e-07,-0.014655212731306707
4.805e-07,-0.013170842731306706
4.806e-07,-0.010655215731306707
4.807e-07,-0.009139590731306706
4.808e-07,-0.008655215731306707
4.809e-07,-0.008475527731306706
4.81e-07,-0.008655215731306707
4.811e-07,-0.009663027731306707
4.812e-07,-0.010655215731306707
4.813e-07,-0.010850527731306707
4.814e-07,-0.010655215731306707
4.815e-07,-0.010733340731306707
4.816e-07,-0.010655215731306707
4.817e-07,-0.010342715731306707
4.818e-07,-0.010655215731306707
4.819e-07,-0.011827090731306706
4.82e-07,-0.012655212731306707
4.821e-07,-0.011975527731306706
4.822e-07,-0.010655215731306707
4.823e-07,-0.010202090731306707
4.824e-07,-0.010655215731306707
4.825e-07,-0.011061465731306707
4.826e-07,-0.010655215731306707
4.827e-07,-0.009522402731306705
4.828e-07,-0.008655215731306707
4.829e-07,-0.009014590731306706
4.83e-07,-0.010655215731306707
4.831e-07,-0.012889592731306706
4.832e-07,-0.014655212731306707
4.833e-07,-0.014764592731306706
4.834e-07,-0.012655212731306707
4.835e-07,-0.009139590731306706
4.836e-07,-0.006655215731306707
4.837e-07,-0.006811465731306707
4.838e-07,-0.008655215731306707
4.839e-07,-0.010264590731306707
4.84e-07,-0.010655215731306707
4.841e-07,-0.010436465731306707
4.842e-07,-0.010655215731306707
4.843e-07,-0.011241152731306707
4.844e-07,-0.010655215731306707
4.845e-07,-0.008545840731306707
4.846e-07,-0.006655215731306707
4.847e-07,-0.006842715731306707
4.848e-07,-0.008655215731306707
4.849e-07,-0.010225527731306708
4.85e-07,-0.010655215731306707
4.851e-07,-0.010452090731306707
4.852e-07,-0.010655215731306707
4.853e-07,-0.011123965731306707
4.854e-07,-0.010655215731306707
4.855e-07,-0.008733340731306707
4.856e-07,-0.006655215731306707
4.857e-07,-0.005998965731306706
4.858e-07,-0.006655215731306707
4.859e-07,-0.007256777731306707
4.86e-07,-0.006655215731306707
4.861e-07,-0.005780215731306706
4.862e-07,-0.006655215731306707
4.863e-07,-0.009366152731306707
4.864e-07,-0.010655215731306707
4.865e-07,-0.008811465731306707
4.866e-07,-0.006655215731306707
4.867e-07,-0.0071395907313067065
4.868e-07,-0.008655215731306707
4.869e-07,-0.008272402731306708
4.87e-07,-0.006655215731306707
4.871e-07,-0.006030215731306706
4.872e-07,-0.006655215731306707
4.873e-07,-0.007639590731306707
4.874e-07,-0.008655215731306707
4.875e-07,-0.009342715731306708
4.876e-07,-0.008655215731306707
4.877e-07,-0.006498965731306707
4.878e-07,-0.004655215731306707
4.879e-07,-0.0048349027313067065
4.88e-07,-0.006655215731306707
4.881e-07,-0.008420840731306707
4.882e-07,-0.008655215731306707
4.883e-07,-0.007498965731306707
4.884e-07,-0.006655215731306707
4.885e-07,-0.006811465731306707
4.886e-07,-0.006655215731306707
4.887e-07,-0.005498965731306707
4.888e-07,-0.004655215731306707
4.889e-07,-0.005467715731306707
4.89e-07,-0.006655215731306707
4.891e-07,-0.006334902731306706
4.892e-07,-0.004655215731306707
4.893e-07,-0.0036239652313067067
4.894e-07,-0.004655215731306707
4.895e-07,-0.007069277731306707
4.896e-07,-0.008655215731306707
4.897e-07,-0.008061465731306706
4.898e-07,-0.006655215731306707
4.899e-07,-0.0061708407313067065
4.9e-07,-0.006655215731306707
4.901e-07,-0.006428652731306706
4.902e-07,-0.004655215731306707
4.903e-07,-0.0021786527313067067
4.904e-07,-0.0006552157313067068
4.905e-07,-0.0010614657313067067
4.906e-07,-0.0026552152645037065
4.907e-07,-0.0036239652313067067
4.908e-07,-0.0026552152645037065
4.909e-07,-0.0008817777313067066
4.91e-07,-0.0006552157313067068
4.911e-07,-0.0027333402613067066
4.912e-07,-0.004655215731306707
4.913e-07,-0.0038192777313067064
4.914e-07,-0.0006552157313067068
4.915e-07,0.0018604102686932932
4.916e-07,0.0013447852686932936
4.917e-07,-0.0013427157313067068
4.918e-07,-0.0026552152645037065
4.919e-07,-0.0008739657313067068
4.92e-07,0.0013447852686932936
4.921e-07,0.0011104102686932934
4.922e-07,-0.0006552157313067068
4.923e-07,-0.0014130277313067067
4.924e-07,-0.0006552157313067068
4.925e-07,0.0003135352686932931
4.926e-07,0.0013447852686932936
4.927e-07,0.002547910268693293
4.928e-07,0.0033447852686932936
4.929e-07,0.003321347268693293
4.93e-07,0.0033447852686932936
4.931e-07,0.0031807222686932937
4.932e-07,0.0013447852686932936
4.933e-07,-0.0022099027313067067
4.934e-07,-0.004655215731306707
4.935e-07,-0.0035692777313067066
4.936e-07,-0.0006552157313067068
4.937e-07,0.0012197852686932934
4.938e-07,0.0013447852686932936
4.939e-07,0.0010869722686932932
4.94e-07,0.0013447852686932936
4.941e-07,0.002211972268693293
4.942e-07,0.0033447852686932936
4.943e-07,0.004024472268693294
4.944e-07,0.0033447852686932936
4.945e-07,0.0017432222686932933
4.946e-07,0.0013447852686932936
4.947e-07,0.002626035268693293
4.948e-07,0.0033447852686932936
4.949e-07,0.0021885352686932934
4.95e-07,0.0013447852686932936
4.951e-07,0.0028682222686932934
4.952e-07,0.005344785268693293
4.953e-07,0.006102597268693293
4.954e-07,0.005344785268693293
4.955e-07,0.0048838472686932935
4.956e-07,0.005344785268693293
4.957e-07,0.005704160268693293
4.958e-07,0.005344785268693293
4.959e-07,0.003797910268693293
4.96e-07,0.0013447852686932936
4.961e-07,-0.0001864647313067065
4.962e-07,0.0013447852686932936
4.963e-07,0.005368222268693294
4.964e-07,0.007344785268693293
4.965e-07,0.0048994722686932935
4.966e-07,0.0013447852686932936
4.967e-07,0.0009854102686932932
4.968e-07,0.0033447852686932936
4.969e-07,0.005751035268693293
4.97e-07,0.007344785268693293
4.971e-07,0.008657287268693293
4.972e-07,0.009344787268693294
4.973e-07,0.008571347268693293
4.974e-07,0.007344785268693293
4.975e-07,0.006321347268693293
4.976e-07,0.005344785268693293
4.977e-07,0.004555722268693293
4.978e-07,0.005344785268693293
4.979e-07,0.007735407268693293
4.98e-07,0.009344787268693294
4.981e-07,0.008055727268693294
4.982e-07,0.005344785268693293
4.983e-07,0.003688535268693293
4.984e-07,0.0033447852686932936
4.985e-07,0.0038994722686932935
4.986e-07,0.005344785268693293
4.987e-07,0.007219785268693293
4.988e-07,0.007344785268693293
4.989e-07,0.0051260352686932934
4.99e-07,0.0033447852686932936
4.991e-07,0.004579160268693293
4.992e-07,0.007344785268693293
4.993e-07,0.009032287268693293
4.994e-07,0.009344787268693294
4.995e-07,0.009227597268693294
4.996e-07,0.009344787268693294
4.997e-07,0.009297907268693293
4.998e-07,0.009344787268693294
4.999e-07,0.009501037268693294
5e-07,0.009344787268693294
5.001e-07,0.008461977268693294
5.002e-07,0.007344785268693293
5.003e-07,0.006344785268693294
5.004e-07,0.005344785268693293
5.005e-07,0.004743222268693293
5.006e-07,0.005344785268693293
5.007e-07,0.007454157268693293
5.008e-07,0.009344787268693294
5.009e-07,0.009735407268693293
5.01e-07,0.009344787268693294
5.011e-07,0.009329157268693293
5.012e-07,0.009344787268693294
5.013e-07,0.009024477268693293
5.014e-07,0.009344787268693294
5.015e-07,0.010633847268693293
5.016e-07,0.011344787268693294
5.017e-07,0.010376037268693293
5.018e-07,0.009344787268693294
5.019e-07,0.009907287268693294
5.02e-07,0.011344787268693294
5.021e-07,0.011907287268693294
5.022e-07,0.011344787268693294
5.023e-07,0.010751037268693293
5.024e-07,0.011344787268693294
5.025e-07,0.012665097268693293
5.026e-07,0.013344787268693294
5.027e-07,0.012571347268693293
5.028e-07,0.011344787268693294
5.029e-07,0.010938537268693293
5.03e-07,0.011344787268693294
5.031e-07,0.011149477268693293
5.032e-07,0.009344787268693294
5.033e-07,0.007157285268693293
5.034e-07,0.007344785268693293
5.035e-07,0.010540097268693293
5.036e-07,0.013344787268693294
5.037e-07,0.013016657268693294
5.038e-07,0.011344787268693294
5.039e-07,0.011008847268693294
5.04e-07,0.011344787268693294
5.041e-07,0.010579157268693294
5.042e-07,0.009344787268693294
5.043e-07,0.009079157268693292
5.044e-07,0.009344787268693294
5.045e-07,0.009219787268693293
5.046e-07,0.009344787268693294
5.047e-07,0.010305727268693294
5.048e-07,0.011344787268693294
5.049e-07,0.011532287268693294
5.05e-07,0.011344787268693294
5.051e-07,0.011407287268693294
5.052e-07,0.011344787268693294
5.053e-07,0.010540097268693293
5.054e-07,0.009344787268693294
5.055e-07,0.008305727268693294
5.056e-07,0.007344785268693293
5.057e-07,0.006743222268693293
5.058e-07,0.007344785268693293
5.059e-07,0.009415097268693294
5.06e-07,0.011344787268693294
5.061e-07,0.011774477268693294
5.062e-07,0.011344787268693294
5.063e-07,0.011243227268693293
5.064e-07,0.011344787268693294
5.065e-07,0.011188537268693293
5.066e-07,0.011344787268693294
5.067e-07,0.011797907268693293
5.068e-07,0.011344787268693294
5.069e-07,0.009774477268693293
5.07e-07,0.009344787268693294
5.071e-07,0.011266657268693293
5.072e-07,0.013344787268693294
5.073e-07,0.013102597268693294
5.074e-07,0.011344787268693294
5.075e-07,0.010461977268693294
5.076e-07,0.011344787268693294
5.077e-07,0.012751037268693293
5.078e-07,0.013344787268693294
5.079e-07,0.012618227268693293
5.08e-07,0.011344787268693294
5.081e-07,0.010657287268693293
5.082e-07,0.011344787268693294
5.083e-07,0.012297907268693294
5.084e-07,0.011344787268693294
5.085e-07,0.008657287268693293
5.086e-07,0.007344785268693293
5.087e-07,0.009149477268693293
5.088e-07,0.011344787268693294
5.089e-07,0.011024477268693293
5.09e-07,0.009344787268693294
5.091e-07,0.009368227268693293
5.092e-07,0.011344787268693294
5.093e-07,0.013243227268693293
5.094e-07,0.013344787268693294
5.095e-07,0.011524477268693293
5.096e-07,0.009344787268693294
5.097e-07,0.008391657268693294
5.098e-07,0.009344787268693294
5.099e-07,0.011461977268693293
5.1e-07,0.013344787268693294
5.101e-07,0.013938537268693294
5.102e-07,0.013344787268693294
5.103e-07,0.011688537268693294
5.104e-07,0.009344787268693294
5.105e-07,0.007352597268693294
5.106e-07,0.007344785268693293
5.107e-07,0.009516657268693293
5.108e-07,0.011344787268693294
5.109e-07,0.010821347268693294
5.11e-07,0.009344787268693294
5.111e-07,0.008961977268693293
5.112e-07,0.009344787268693294
5.113e-07,0.009415097268693294
5.114e-07,0.009344787268693294
5.115e-07,0.009626037268693294
5.116e-07,0.009344787268693294
5.117e-07,0.008094787268693292
5.118e-07,0.007344785268693293
5.119e-07,0.008188537268693293
5.12e-07,0.009344787268693294
5.121e-07,0.009469787268693294
5.122e-07,0.009344787268693294
5.123e-07,0.010133847268693293
5.124e-07,0.011344787268693294
5.125e-07,0.011766657268693293
5.126e-07,0.011344787268693294
5.127e-07,0.010501037268693293
5.128e-07,0.009344787268693294
5.129e-07,0.008024477268693294
5.13e-07,0.007344785268693293
5.131e-07,0.007915097268693293
5.132e-07,0.009344787268693294
5.133e-07,0.010696347268693293
5.134e-07,0.011344787268693294
5.135e-07,0.011360407268693293
5.136e-07,0.011344787268693294
5.137e-07,0.011493227268693293
5.138e-07,0.011344787268693294
5.139e-07,0.010501037268693293
5.14e-07,0.009344787268693294
5.141e-07,0.008751037268693293
5.142e-07,0.009344787268693294
5.143e-07,0.010555727268693292
5.144e-07,0.011344787268693294
5.145e-07,0.011266657268693293
5.146e-07,0.011344787268693294
5.147e-07,0.012290097268693293
5.148e-07,0.013344787268693294
5.149e-07,0.013086977268693293
5.15e-07,0.011344787268693294
5.151e-07,0.009063537268693293
5.152e-07,0.007344785268693293
5.153e-07,0.006797910268693294
5.154e-07,0.007344785268693293
5.155e-07,0.008469787268693293
5.156e-07,0.009344787268693294
5.157e-07,0.010047907268693293
5.158e-07,0.011344787268693294
5.159e-07,0.013040097268693294
5.16e-07,0.013344787268693294
5.161e-07,0.011493227268693293
5.162e-07,0.009344787268693294
5.163e-07,0.008829157268693294
5.164e-07,0.009344787268693294
5.165e-07,0.009438537268693294
5.166e-07,0.009344787268693294
5.167e-07,0.009993227268693294
5.168e-07,0.011344787268693294
5.169e-07,0.012571347268693293
5.17e-07,0.013344787268693294
5.171e-07,0.013610407268693295
5.172e-07,0.013344787268693294
5.173e-07,0.012461977268693294
5.174e-07,0.011344787268693294
5.175e-07,0.010196347268693293
5.176e-07,0.009344787268693294
5.177e-07,0.008993227268693293
5.178e-07,0.009344787268693294
5.179e-07,0.010297907268693294
5.18e-07,0.011344787268693294
5.181e-07,0.011805727268693294
5.182e-07,0.011344787268693294
5.183e-07,0.010251037268693293
5.184e-07,0.009344787268693294
5.185e-07,0.009141657268693293
5.186e-07,0.009344787268693294
5.187e-07,0.009391657268693293
5.188e-07,0.009344787268693294
5.189e-07,0.009344787268693294
5.19e-07,0.009344787268693294
5.191e-07,0.009290097268693294
5.192e-07,0.009344787268693294
5.193e-07,0.009571347268693292
5.194e-07,0.009344787268693294
5.195e-07,0.008415097268693293
5.196e-07,0.007344785268693293
5.197e-07,0.0069854102686932925
5.198e-07,0.007344785268693293
5.199e-07,0.008258847268693293
5.2e-07,0.009344787268693294
5.201e-07,0.010422907268693294
5.202e-07,0.011344787268693294
5.203e-07,0.011696347268693293
5.204e-07,0.011344787268693294
5.205e-07,0.010751037268693293
5.206e-07,0.011344787268693294
5.207e-07,0.012938537268693293
5.208e-07,0.013344787268693294
5.209e-07,0.011336977268693293
5.21e-07,0.009344787268693294
5.211e-07,0.009157287268693293
5.212e-07,0.009344787268693294
5.213e-07,0.008235407268693293
5.214e-07,0.007344785268693293
5.215e-07,0.008774477268693293
5.216e-07,0.011344787268693294
5.217e-07,0.012407287268693293
5.218e-07,0.011344787268693294
5.219e-07,0.009251037268693293
5.22e-07,0.007344785268693293
5.221e-07,0.006579160268693294
5.222e-07,0.007344785268693293
5.223e-07,0.008907287268693293
5.224e-07,0.009344787268693294
5.225e-07,0.008211977268693294
5.226e-07,0.007344785268693293
5.227e-07,0.008133847268693293
5.228e-07,0.009344787268693294
5.229e-07,0.009579157268693293
5.23e-07,0.009344787268693294
5.231e-07,0.009977597268693293
5.232e-07,0.011344787268693294
5.233e-07,0.011977597268693293
5.234e-07,0.011344787268693294
5.235e-07,0.009993227268693294
5.236e-07,0.009344787268693294
5.237e-07,0.009993227268693294
5.238e-07,0.011344787268693294
5.239e-07,0.012016657268693293
5.24e-07,0.011344787268693294
5.241e-07,0.010008847268693293
5.242e-07,0.009344787268693294
5.243e-07,0.009547907268693293
5.244e-07,0.009344787268693294
5.245e-07,0.008157287268693292
5.246e-07,0.007344785268693293
5.247e-07,0.008618227268693292
5.248e-07,0.011344787268693294
5.249e-07,0.013376037268693294
5.25e-07,0.013344787268693294
5.251e-07,0.011391657268693293
5.252e-07,0.009344787268693294
5.253e-07,0.008657287268693293
5.254e-07,0.009344787268693294
5.255e-07,0.010469787268693293
5.256e-07,0.011344787268693294
5.257e-07,0.011110407268693293
5.258e-07,0.009344787268693294
5.259e-07,0.006688535268693294
5.26e-07,0.005344785268693293
5.261e-07,0.006813535268693294
5.262e-07,0.009344787268693294
5.263e-07,0.010430727268693294
5.264e-07,0.009344787268693294
5.265e-07,0.007133847268693294
5.266e-07,0.005344785268693293
5.267e-07,0.005266660268693293
5.268e-07,0.007344785268693293
5.269e-07,0.010305727268693294
5.27e-07,0.011344787268693294
5.271e-07,0.009516657268693293
5.272e-07,0.007344785268693293
5.273e-07,0.0069697852686932925
5.274e-07,0.007344785268693293
5.275e-07,0.006641660268693294
5.276e-07,0.005344785268693293
5.277e-07,0.005360410268693293
5.278e-07,0.007344785268693293
5.279e-07,0.009961977268693294
5.28e-07,0.011344787268693294
5.281e-07,0.010696347268693293
5.282e-07,0.009344787268693294
5.283e-07,0.008376037268693293
5.284e-07,0.007344785268693293
5.285e-07,0.005836972268693293
5.286e-07,0.005344785268693293
5.287e-07,0.006446347268693293
5.288e-07,0.007344785268693293
5.289e-07,0.006516660268693294
5.29e-07,0.005344785268693293
5.291e-07,0.005844785268693293
5.292e-07,0.007344785268693293
5.293e-07,0.007579157268693293
5.294e-07,0.005344785268693293
5.295e-07,0.0022354102686932935
5.296e-07,0.0013447852686932936
5.297e-07,0.0039775972686932936
5.298e-07,0.007344785268693293
5.299e-07,0.008383847268693293
5.3e-07,0.007344785268693293
5.301e-07,0.0061260352686932935
5.302e-07,0.005344785268693293
5.303e-07,0.004797910268693293
5.304e-07,0.005344785268693293
5.305e-07,0.006876035268693294
5.306e-07,0.007344785268693293
5.307e-07,0.005891660268693293
5.308e-07,0.005344785268693293
5.309e-07,0.0068525972686932935
5.31e-07,0.007344785268693293
5.311e-07,0.004540097268693293
5.312e-07,0.0013447852686932936
5.313e-07,0.001352597268693293
5.314e-07,0.0033447852686932936
5.315e-07,0.004211972268693293
5.316e-07,0.0033447852686932936
5.317e-07,0.002657285268693293
5.318e-07,0.0033447852686932936
5.319e-07,0.004813535268693293
5.32e-07,0.005344785268693293
5.321e-07,0.004352597268693293
5.322e-07,0.0033447852686932936
5.323e-07,0.0038916602686932932
5.324e-07,0.005344785268693293
5.325e-07,0.005868222268693293
5.326e-07,0.005344785268693293
5.327e-07,0.004383847268693293
5.328e-07,0.0033447852686932936
5.329e-07,0.002626035268693293
5.33e-07,0.0033447852686932936
5.331e-07,0.005063535268693293
5.332e-07,0.005344785268693293
5.333e-07,0.003211972268693293
5.334e-07,0.0013447852686932936
5.335e-07,0.0019697852686932932
5.336e-07,0.0033447852686932936
5.337e-07,0.0029150972686932935
5.338e-07,0.0013447852686932936
5.339e-07,0.0007119722686932933
5.34e-07,0.0013447852686932936
5.341e-07,0.0023291602686932936
5.342e-07,0.0033447852686932936
5.343e-07,0.004016660268693293
5.344e-07,0.0033447852686932936
5.345e-07,0.0012119722686932933
5.346e-07,-0.0006552157313067068
5.347e-07,-0.0009755277313067067
5.348e-07,-0.0006552157313067068
5.349e-07,-0.0007255277313067067
5.35e-07,-0.0006552157313067068
5.351e-07,0.00026666026869329347
5.352e-07,0.0013447852686932936
5.353e-07,0.0015713472686932932
5.354e-07,0.0013447852686932936
5.355e-07,0.0014072852686932936
5.356e-07,0.0013447852686932936
5.357e-07,0.0005400972686932931
5.358e-07,-0.0006552157313067068
5.359e-07,-0.0017567777313067068
5.36e-07,-0.0026552152645037065
5.361e-07,-0.0031708402313067067
5.362e-07,-0.0026552152645037065
5.363e-07,-0.0008192777313067068
5.364e-07,0.0013447852686932936
5.365e-07,0.002290097268693293
5.366e-07,0.0013447852686932936
5.367e-07,-0.0008661527313067066
5.368e-07,-0.0026552152645037065
5.369e-07,-0.0030536527313067066
5.37e-07,-0.0026552152645037065
5.371e-07,-0.0024833402313067065
5.372e-07,-0.0026552152645037065
5.373e-07,-0.0027099027613067066
5.374e-07,-0.0026552152645037065
5.375e-07,-0.0026708402613067066
5.376e-07,-0.0026552152645037065
5.377e-07,-0.0024599027313067065
5.378e-07,-0.0026552152645037065
5.379e-07,-0.0030614652313067066
5.38e-07,-0.0026552152645037065
5.381e-07,-0.0013349027313067066
5.382e-07,-0.0006552157313067068
5.383e-07,-0.0016474027313067067
5.384e-07,-0.0026552152645037065
5.385e-07,-0.0020614652313067066
5.386e-07,-0.0006552157313067068
5.387e-07,-0.00021771473130670653
5.388e-07,-0.0006552157313067068
5.389e-07,-0.0014520907313067067
5.39e-07,-0.0026552152645037065
5.391e-07,-0.004147402731306707
5.392e-07,-0.004655215731306707
5.393e-07,-0.0036474027313067067
5.394e-07,-0.0026552152645037065
5.395e-07,-0.0031786527313067067
5.396e-07,-0.004655215731306707
5.397e-07,-0.005381777731306707
5.398e-07,-0.004655215731306707
5.399e-07,-0.0032255277313067068
5.4e-07,-0.0026552152645037065
5.401e-07,-0.0034989652313067066
5.402e-07,-0.004655215731306707
5.403e-07,-0.005014590731306707
5.404e-07,-0.004655215731306707
5.405e-07,-0.004420840731306707
5.406e-07,-0.004655215731306707
5.407e-07,-0.004795840731306707
5.408e-07,-0.004655215731306707
5.409e-07,-0.004498965731306707
5.41e-07,-0.004655215731306707
5.411e-07,-0.005475527731306707
5.412e-07,-0.006655215731306707
5.413e-07,-0.006858340731306707
5.414e-07,-0.004655215731306707
5.415e-07,-0.0008661527313067066
5.416e-07,0.0013447852686932936
5.417e-07,-0.0005770907313067068
5.418e-07,-0.004655215731306707
5.419e-07,-0.007709902731306706
5.42e-07,-0.008655215731306707
5.421e-07,-0.008053652731306708
5.422e-07,-0.006655215731306707
5.423e-07,-0.005608340731306707
5.424e-07,-0.006655215731306707
5.425e-07,-0.009436465731306708
5.426e-07,-0.010655215731306707
5.427e-07,-0.008147402731306708
5.428e-07,-0.004655215731306707
5.429e-07,-0.0034989652313067066
5.43e-07,-0.004655215731306707
5.431e-07,-0.0061083407313067065
5.432e-07,-0.006655215731306707
5.433e-07,-0.006702090731306707
5.434e-07,-0.006655215731306707
5.435e-07,-0.006569277731306707
5.436e-07,-0.006655215731306707
5.437e-07,-0.0068192777313067065
5.438e-07,-0.006655215731306707
5.439e-07,-0.006311465731306707
5.44e-07,-0.006655215731306707
5.441e-07,-0.007295840731306707
5.442e-07,-0.006655215731306707
5.443e-07,-0.004366152731306707
5.444e-07,-0.0026552152645037065
5.445e-07,-0.003334902731306707
5.446e-07,-0.004655215731306707
5.447e-07,-0.004413027731306707
5.448e-07,-0.0026552152645037065
5.449e-07,-0.0016239657313067068
5.45e-07,-0.0026552152645037065
5.451e-07,-0.005131777731306707
5.452e-07,-0.006655215731306707
5.453e-07,-0.006569277731306707
5.454e-07,-0.006655215731306707
5.455e-07,-0.007975527731306706
5.456e-07,-0.008655215731306707
5.457e-07,-0.006873965731306707
5.458e-07,-0.004655215731306707
5.459e-07,-0.004709902731306706
5.46e-07,-0.006655215731306707
5.461e-07,-0.008288027731306706
5.462e-07,-0.008655215731306707
5.463e-07,-0.007975527731306706
5.464e-07,-0.006655215731306707
5.465e-07,-0.005295840731306707
5.466e-07,-0.004655215731306707
5.467e-07,-0.005311465731306707
5.468e-07,-0.006655215731306707
5.469e-07,-0.007873965731306706
5.47e-07,-0.008655215731306707
5.471e-07,-0.008850527731306707
5.472e-07,-0.008655215731306707
5.473e-07,-0.008373965731306707
5.474e-07,-0.008655215731306707
5.475e-07,-0.009178652731306707
5.476e-07,-0.008655215731306707
5.477e-07,-0.006584902731306706
5.478e-07,-0.004655215731306707
5.479e-07,-0.004334902731306707
5.48e-07,-0.004655215731306707
5.481e-07,-0.004616152731306706
5.482e-07,-0.004655215731306707
5.483e-07,-0.005663027731306707
5.484e-07,-0.006655215731306707
5.485e-07,-0.0068349027313067065
5.486e-07,-0.006655215731306707
5.487e-07,-0.007295840731306707
5.488e-07,-0.008655215731306707
5.489e-07,-0.009397402731306707
5.49e-07,-0.008655215731306707
5.491e-07,-0.006991152731306707
5.492e-07,-0.006655215731306707
5.493e-07,-0.008428652731306708
5.494e-07,-0.010655215731306707
5.495e-07,-0.010741152731306707
5.496e-07,-0.008655215731306707
5.497e-07,-0.006084902731306707
5.498e-07,-0.004655215731306707
5.499e-07,-0.004538027731306706
5.5e-07,-0.004655215731306707
5.501e-07,-0.004108340731306706
5.502e-07,-0.0026552152645037065
5.503e-07,-0.0017333402313067067
5.504e-07,-0.0026552152645037065
5.505e-07,-0.0051708407313067065
5.506e-07,-0.006655215731306707
5.507e-07,-0.0058661527313067065
5.508e-07,-0.004655215731306707
5.509e-07,-0.005241152731306707
5.51e-07,-0.006655215731306707
5.511e-07,-0.0070614657313067064
5.512e-07,-0.006655215731306707
5.513e-07,-0.005998965731306706
5.514e-07,-0.004655215731306707
5.515e-07,-0.0027489652613067067
5.516e-07,-0.0026552152645037065
5.517e-07,-0.005538027731306707
5.518e-07,-0.008655215731306707
5.519e-07,-0.008920840731306705
5.52e-07,-0.006655215731306707
5.521e-07,-0.004092715731306706
5.522e-07,-0.0026552152645037065
5.523e-07,-0.002389590231306707
5.524e-07,-0.0026552152645037065
5.525e-07,-0.003366152731306707
5.526e-07,-0.004655215731306707
5.527e-07,-0.006163027731306707
5.528e-07,-0.006655215731306707
5.529e-07,-0.005717715731306706
5.53e-07,-0.004655215731306707
5.531e-07,-0.004623965731306707
5.532e-07,-0.004655215731306707
5.533e-07,-0.0037099027313067068
5.534e-07,-0.0026552152645037065
5.535e-07,-0.0029833402313067066
5.536e-07,-0.004655215731306707
5.537e-07,-0.0061864657313067065
5.538e-07,-0.006655215731306707
5.539e-07,-0.0059286527313067066
5.54e-07,-0.004655215731306707
5.541e-07,-0.003967715731306706
5.542e-07,-0.004655215731306707
5.543e-07,-0.005702090731306706
5.544e-07,-0.004655215731306707
5.545e-07,-0.0011942777313067067
5.546e-07,0.0013447852686932936
5.547e-07,0.0001885352686932934
5.548e-07,-0.0026552152645037065
5.549e-07,-0.004334902731306707
5.55e-07,-0.004655215731306707
5.551e-07,-0.004889590731306707
5.552e-07,-0.004655215731306707
5.553e-07,-0.0035224027313067066
5.554e-07,-0.0026552152645037065
5.555e-07,-0.003319277731306707
5.556e-07,-0.004655215731306707
5.557e-07,-0.005116152731306707
5.558e-07,-0.004655215731306707
5.559e-07,-0.004178652731306707
5.56e-07,-0.004655215731306707
5.561e-07,-0.0058505277313067065
5.562e-07,-0.006655215731306707
5.563e-07,-0.006069277731306707
5.564e-07,-0.004655215731306707
5.565e-07,-0.003413027731306707
5.566e-07,-0.0026552152645037065
5.567e-07,-0.002381777731306707
5.568e-07,-0.0026552152645037065
5.569e-07,-0.0031474027313067067
5.57e-07,-0.0026552152645037065
5.571e-07,-0.0012489657313067067
5.572e-07,-0.0006552157313067068
5.573e-07,-0.002288027731306707
5.574e-07,-0.004655215731306707
5.575e-07,-0.005616152731306707
5.576e-07,-0.004655215731306707
5.577e-07,-0.0031395902313067067
5.578e-07,-0.0026552152645037065
5.579e-07,-0.0035380277313067066
5.58e-07,-0.004655215731306707
5.581e-07,-0.005014590731306707
5.582e-07,-0.004655215731306707
5.583e-07,-0.004373965731306707
5.584e-07,-0.004655215731306707
5.585e-07,-0.004983340731306707
5.586e-07,-0.004655215731306707
5.587e-07,-0.003967715731306706
5.588e-07,-0.004655215731306707
5.589e-07,-0.006975527731306707
5.59e-07,-0.008655215731306707
5.591e-07,-0.007959902731306708
5.592e-07,-0.006655215731306707
5.593e-07,-0.0060927157313067064
5.594e-07,-0.004655215731306707
5.595e-07,-0.0013036527313067068
5.596e-07,0.0013447852686932936
5.597e-07,0.0003604102686932931
5.598e-07,-0.0026552152645037065
5.599e-07,-0.004655215731306707
5.6e-07,-0.004655215731306707
5.601e-07,-0.0041708407313067065
5.602e-07,-0.004655215731306707
5.603e-07,-0.005975527731306707
5.604e-07,-0.006655215731306707
5.605e-07,-0.005827090731306706
5.606e-07,-0.004655215731306707
5.607e-07,-0.004373965731306707
5.608e-07,-0.004655215731306707
5.609e-07,-0.004100527731306707
5.61e-07,-0.0026552152645037065
5.611e-07,-0.0013036527313067068
5.612e-07,-0.0006552157313067068
5.613e-07,-0.0011708407313067066
5.614e-07,-0.0026552152645037065
5.615e-07,-0.004366152731306707
5.616e-07,-0.004655215731306707
5.617e-07,-0.003452090231306707
5.618e-07,-0.0026552152645037065
5.619e-07,-0.0035380277313067066
5.62e-07,-0.004655215731306707
5.621e-07,-0.004670840731306707
5.622e-07,-0.004655215731306707
5.623e-07,-0.005600527731306707
5.624e-07,-0.006655215731306707
5.625e-07,-0.0061708407313067065
5.626e-07,-0.004655215731306707
5.627e-07,-0.0038505277313067065
5.628e-07,-0.004655215731306707
5.629e-07,-0.005702090731306706
5.63e-07,-0.004655215731306707
5.631e-07,-0.0013036527313067068
5.632e-07,0.0013447852686932936
5.633e-07,0.0004619722686932935
5.634e-07,-0.0026552152645037065
5.635e-07,-0.004936465731306707
5.636e-07,-0.004655215731306707
5.637e-07,-0.0031942777313067067
5.638e-07,-0.0026552152645037065
5.639e-07,-0.0037255277313067068
5.64e-07,-0.004655215731306707
5.641e-07,-0.003967715731306706
5.642e-07,-0.0026552152645037065
5.643e-07,-0.0026786527613067066
5.644e-07,-0.004655215731306707
5.645e-07,-0.0071708407313067065
5.646e-07,-0.008655215731306707
5.647e-07,-0.008288027731306706
5.648e-07,-0.006655215731306707
5.649e-07,-0.004538027731306706
5.65e-07,-0.0026552152645037065
5.651e-07,-0.0012802157313067067
5.652e-07,-0.0006552157313067068
5.653e-07,-0.0011552157313067066
5.654e-07,-0.0026552152645037065
5.655e-07,-0.004319277731306707
5.656e-07,-0.004655215731306707
5.657e-07,-0.0035614652313067066
5.658e-07,-0.0026552152645037065
5.659e-07,-0.002897402731306707
5.66e-07,-0.0026552152645037065
5.661e-07,-0.0012255277313067067
5.662e-07,-0.0006552157313067068
5.663e-07,-0.0025067777313067066
5.664e-07,-0.004655215731306707
5.665e-07,-0.004420840731306707
5.666e-07,-0.0026552152645037065
5.667e-07,-0.0018895902313067067
5.668e-07,-0.0026552152645037065
5.669e-07,-0.0039286527313067065
5.67e-07,-0.004655215731306707
5.671e-07,-0.004303652731306707
5.672e-07,-0.0026552152645037065
5.673e-07,-0.0007802157313067067
5.674e-07,-0.0006552157313067068
5.675e-07,-0.0027099027613067066
5.676e-07,-0.004655215731306707
5.677e-07,-0.0048661527313067065
5.678e-07,-0.004655215731306707
5.679e-07,-0.005561465731306707
5.68e-07,-0.006655215731306707
5.681e-07,-0.006248965731306707
5.682e-07,-0.004655215731306707
5.683e-07,-0.003272402731306707
5.684e-07,-0.0026552152645037065
5.685e-07,-0.0025067777313067066
5.686e-07,-0.0026552152645037065
5.687e-07,-0.003272402731306707
5.688e-07,-0.004655215731306707
5.689e-07,-0.006248965731306707
5.69e-07,-0.006655215731306707
5.691e-07,-0.005491152731306707
5.692e-07,-0.004655215731306707
5.693e-07,-0.005014590731306707
5.694e-07,-0.004655215731306707
5.695e-07,-0.002389590231306707
5.696e-07,-0.0006552157313067068
5.697e-07,-0.0014989657313067067
5.698e-07,-0.0026552152645037065
5.699e-07,-0.0019286527313067067
5.7e-07,-0.0006552157313067068
5.701e-07,-0.0012958407313067067
5.702e-07,-0.0026552152645037065
5.703e-07,-0.0029755277313067065
5.704e-07,-0.0026552152645037065
5.705e-07,-0.0032333402313067068
5.706e-07,-0.004655215731306707
5.707e-07,-0.0058974027313067065
5.708e-07,-0.006655215731306707
5.709e-07,-0.0068974027313067066
5.71e-07,-0.006655215731306707
5.711e-07,-0.005709902731306707
5.712e-07,-0.004655215731306707
5.713e-07,-0.003670840731306707
5.714e-07,-0.0026552152645037065
5.715e-07,-0.0019833402313067065
5.716e-07,-0.0026552152645037065
5.717e-07,-0.004366152731306707
5.718e-07,-0.004655215731306707
5.719e-07,-0.0026395902613067066
5.72e-07,-0.0006552157313067068
5.721e-07,-0.0011708407313067066
5.722e-07,-0.0026552152645037065
5.723e-07,-0.0029911527313067066
5.724e-07,-0.0026552152645037065
5.725e-07,-0.003264590231306707
5.726e-07,-0.004655215731306707
5.727e-07,-0.005733340731306706
5.728e-07,-0.006655215731306707
5.729e-07,-0.007334902731306707
5.73e-07,-0.006655215731306707
5.731e-07,-0.004342715731306707
5.732e-07,-0.0026552152645037065
5.733e-07,-0.0027099027613067066
5.734e-07,-0.0026552152645037065
5.735e-07,-0.0012333407313067067
5.736e-07,-0.0006552157313067068
5.737e-07,-0.0026161527613067065
5.738e-07,-0.004655215731306707
5.739e-07,-0.004241152731306707
5.74e-07,-0.0026552152645037065
5.741e-07,-0.002334902731306707
5.742e-07,-0.0026552152645037065
5.743e-07,-0.0020224027313067066
5.744e-07,-0.0006552157313067068
5.745e-07,-3.802773130670654e-05
5.746e-07,-0.0006552157313067068
5.747e-07,-0.0018895902313067067
5.748e-07,-0.0026552152645037065
5.749e-07,-0.0026942777613067066
5.75e-07,-0.0026552152645037065
5.751e-07,-0.002866152731306707
5.752e-07,-0.0026552152645037065
5.753e-07,-0.0015849027313067066
5.754e-07,-0.0006552157313067068
5.755e-07,-0.0011005277313067066
5.756e-07,-0.0026552152645037065
5.757e-07,-0.0036161527313067067
5.758e-07,-0.0026552152645037065
5.759e-07,-0.0002255277313067067
5.76e-07,0.0013447852686932936
5.761e-07,0.0006650972686932932
5.762e-07,-0.0006552157313067068
5.763e-07,-0.0009052157313067066
5.764e-07,-0.0006552157313067068
5.765e-07,-0.0008895907313067068
5.766e-07,-0.0006552157313067068
5.767e-07,0.0006650972686932932
5.768e-07,0.0013447852686932936
5.769e-07,0.00021197226869329325
5.77e-07,-0.0006552157313067068
5.771e-07,0.00037603526869329313
5.772e-07,0.0013447852686932936
5.773e-07,0.00043072226869329345
5.774e-07,-0.0006552157313067068
5.775e-07,7.134726869329313e-05
5.776e-07,0.0013447852686932936
5.777e-07,0.001383847268693293
5.778e-07,0.0013447852686932936
5.779e-07,0.002461972268693293
5.78e-07,0.0033447852686932936
5.781e-07,0.002461972268693293
5.782e-07,0.0013447852686932936
5.783e-07,0.001352597268693293
5.784e-07,0.0013447852686932936
5.785e-07,0.00011041026869329333
5.786e-07,-0.0006552157313067068
5.787e-07,0.0003447852686932931
5.788e-07,0.0013447852686932936
5.789e-07,0.0006025972686932932
5.79e-07,-0.0006552157313067068
5.791e-07,-0.0007411527313067067
5.792e-07,-0.0006552157313067068
5.793e-07,-0.0015770907313067068
5.794e-07,-0.0026552152645037065
5.795e-07,-0.0022489652313067068
5.796e-07,-0.0006552157313067068
5.797e-07,0.0007744722686932933
5.798e-07,0.0013447852686932936
5.799e-07,0.0013604102686932936
5.8e-07,0.0013447852686932936
5.801e-07,0.0014541602686932937
5.802e-07,0.0013447852686932936
5.803e-07,0.0005244722686932931
5.804e-07,-0.0006552157313067068
5.805e-07,-0.0012880277313067068
5.806e-07,-0.0006552157313067068
5.807e-07,0.0012119722686932933
5.808e-07,0.0033447852686932936
5.809e-07,0.004329160268693294
5.81e-07,0.0033447852686932936
5.811e-07,0.0009463472686932935
5.812e-07,-0.0006552157313067068
5.813e-07,-0.0001395897313067069
5.814e-07,0.0013447852686932936
5.815e-07,0.0023916602686932936
5.816e-07,0.0033447852686932936
5.817e-07,0.004102597268693294
5.818e-07,0.0033447852686932936
5.819e-07,0.0008447852686932931
5.82e-07,-0.0006552157313067068
5.821e-07,0.0009072852686932932
5.822e-07,0.0033447852686932936
5.823e-07,0.003540097268693293
5.824e-07,0.0013447852686932936
5.825e-07,-0.0007802157313067067
5.826e-07,-0.0006552157313067068
5.827e-07,0.0015010352686932937
5.828e-07,0.0033447852686932936
5.829e-07,0.003579160268693293
5.83e-07,0.0033447852686932936
5.831e-07,0.004126035268693293
5.832e-07,0.005344785268693293
5.833e-07,0.0051416602686932935
5.834e-07,0.0033447852686932936
5.835e-07,0.001477597268693293
5.836e-07,0.0013447852686932936
5.837e-07,0.0031104102686932934
5.838e-07,0.005344785268693293
5.839e-07,0.0061416602686932935
5.84e-07,0.005344785268693293
5.841e-07,0.004008847268693294
5.842e-07,0.0033447852686932936
5.843e-07,0.003383847268693293
5.844e-07,0.0033447852686932936
5.845e-07,0.002586972268693293
5.846e-07,0.0013447852686932936
5.847e-07,0.0006572852686932934
5.848e-07,0.0013447852686932936
5.849e-07,0.0028525972686932934
5.85e-07,0.0033447852686932936
5.851e-07,0.002368222268693293
5.852e-07,0.0013447852686932936
5.853e-07,0.0018994722686932934
5.854e-07,0.0033447852686932936
5.855e-07,0.004055722268693294
5.856e-07,0.0033447852686932936
5.857e-07,0.0024697852686932937
5.858e-07,0.0033447852686932936
5.859e-07,0.005821347268693293
5.86e-07,0.007344785268693293
5.861e-07,0.006391660268693294
5.862e-07,0.005344785268693293
5.863e-07,0.0061729102686932935
5.864e-07,0.007344785268693293
5.865e-07,0.006586972268693293
5.866e-07,0.005344785268693293
5.867e-07,0.005235410268693293
5.868e-07,0.005344785268693293
5.869e-07,0.0042197852686932935
5.87e-07,0.0033447852686932936
5.871e-07,0.004243222268693293
5.872e-07,0.005344785268693293
5.873e-07,0.004844785268693293
5.874e-07,0.0033447852686932936
5.875e-07,0.0022979102686932935
5.876e-07,0.0013447852686932936
5.877e-07,0.0005869722686932932
5.878e-07,0.0013447852686932936
5.879e-07,0.004352597268693293
5.88e-07,0.007344785268693293
5.881e-07,0.008086977268693294
5.882e-07,0.007344785268693293
