5.666e-07,-0.006695937019989749
5.667e-07,-0.005211562019989749
5.668e-07,-0.0026959370199897484
5.669e-07,-0.0026959370199897484
5.67e-07,-0.006695937019989749
5.671e-07,-0.01122718721998975
5.672e-07,-0.01069593723185075
5.673e-07,-0.003274062019989749
5.674e-07,0.005304060980010251
5.675e-07,0.009210310980010251
5.676e-07,0.009304060980010251
5.677e-07,0.007850940980010252
5.678e-07,0.005304060980010251
5.679e-07,0.0006165609800102504
5.68e-07,-0.0026959370199897484
5.681e-07,-0.0018678120199897494
5.682e-07,0.001304060980010251
5.683e-07,0.0026478109800102505
5.684e-07,0.001304060980010251
5.685e-07,-0.0020865620199897496
5.686e-07,-0.006695937019989749
5.687e-07,-0.01039906221998975
5.688e-07,-0.01069593723185075
5.689e-07,-0.006774062019989749
5.69e-07,-0.0026959370199897484
5.691e-07,-0.0016803120199897492
5.692e-07,-0.0026959370199897484
5.693e-07,-0.0031334370199897496
5.694e-07,-0.0026959370199897484
5.695e-07,-0.00246156201998975
5.696e-07,-0.0026959370199897484
5.697e-07,-0.0029146870199897494
5.698e-07,-0.0026959370199897484
5.699e-07,-0.00255531201998975
5.7e-07,-0.0026959370199897484
5.701e-07,-0.0030240620199897495
5.702e-07,-0.0026959370199897484
5.703e-07,-0.0019146870199897494
5.704e-07,-0.0026959370199897484
5.705e-07,-0.005336562019989749
5.706e-07,-0.006695937019989749
5.707e-07,-0.004852187019989749
5.708e-07,-0.0026959370199897484
5.709e-07,-0.0027740620199897485
5.71e-07,-0.0026959370199897484
5.711e-07,-0.00039905901998974966
5.712e-07,0.001304060980010251
5.713e-07,-0.00039905901998974966
5.714e-07,-0.0026959370199897484
5.715e-07,-0.0026959370199897484
5.716e-07,-0.0026959370199897484
5.717e-07,-0.00500843701998975
5.718e-07,-0.006695937019989749
5.719e-07,-0.0049459370199897495
5.72e-07,-0.0026959370199897484
5.721e-07,-0.0028521870199897485
5.722e-07,-0.0026959370199897484
5.723e-07,-7.093901998974847e-05
5.724e-07,0.001304060980010251
5.725e-07,-0.0010553120199897487
5.726e-07,-0.0026959370199897484
5.727e-07,-0.0004459390199897488
5.728e-07,0.001304060980010251
5.729e-07,-0.0021178120199897496
5.73e-07,-0.006695937019989749
5.731e-07,-0.006617812019989749
5.732e-07,-0.0026959370199897484
5.733e-07,0.0004915609800102503
5.734e-07,0.001304060980010251
5.735e-07,0.00016344098001025084
5.736e-07,-0.0026959370199897484
5.737e-07,-0.00600843701998975
5.738e-07,-0.006695937019989749
5.739e-07,-0.00413343701998975
5.74e-07,-0.0026959370199897484
5.741e-07,-0.004836562019989749
5.742e-07,-0.006695937019989749
5.743e-07,-0.00502406201998975
5.744e-07,-0.0026959370199897484
5.745e-07,-0.0027271870199897484
5.746e-07,-0.0026959370199897484
5.747e-07,-0.00016468901998974855
5.748e-07,0.001304060980010251
5.749e-07,-0.0018521870199897494
5.75e-07,-0.006695937019989749
5.751e-07,-0.008492812019989748
5.752e-07,-0.006695937019989749
5.753e-07,-0.00405531201998975
5.754e-07,-0.0026959370199897484
5.755e-07,-0.0016803120199897492
5.756e-07,0.001304060980010251
5.757e-07,0.00525719098001025
5.758e-07,0.005304060980010251
5.759e-07,-0.0006803090199897499
5.76e-07,-0.006695937019989749
5.761e-07,-0.0068209370199897494
5.762e-07,-0.0026959370199897484
5.763e-07,0.0005540609800102504
5.764e-07,0.001304060980010251
5.765e-07,0.0011165609800102509
5.766e-07,0.001304060980010251
5.767e-07,0.0005540609800102504
5.768e-07,-0.0026959370199897484
5.769e-07,-0.006758437019989749
5.77e-07,-0.006695937019989749
5.771e-07,-0.0007740620199897484
5.772e-07,0.005304060980010251
5.773e-07,0.005429060980010251
5.774e-07,0.001304060980010251
5.775e-07,-0.0020709370199897496
5.776e-07,-0.0026959370199897484
5.777e-07,-0.00236781201998975
5.778e-07,-0.0026959370199897484
5.779e-07,-0.003383437019989749
5.78e-07,-0.0026959370199897484
5.781e-07,-0.0004146890199897488
5.782e-07,0.001304060980010251
5.783e-07,0.0002259409800102509
5.784e-07,-0.0026959370199897484
5.785e-07,-0.005320937019989749
5.786e-07,-0.006695937019989749
5.787e-07,-0.007102187019989749
5.788e-07,-0.006695937019989749
5.789e-07,-0.005180312019989749
5.79e-07,-0.0026959370199897484
5.791e-07,-0.0009771870199897486
5.792e-07,-0.0026959370199897484
5.793e-07,-0.007445937019989749
5.794e-07,-0.01069593723185075
5.795e-07,-0.009133437019989749
5.796e-07,-0.006695937019989749
5.797e-07,-0.006680312019989749
5.798e-07,-0.006695937019989749
5.799e-07,-0.004289687019989749
5.8e-07,-0.0026959370199897484
5.801e-07,-0.0038990620199897495
5.802e-07,-0.0026959370199897484
5.803e-07,0.0037884409800102506
5.804e-07,0.009304060980010251
5.805e-07,0.007054060980010249
5.806e-07,0.001304060980010251
5.807e-07,-0.0018365620199897494
5.808e-07,-0.0026959370199897484
5.809e-07,-0.004617812019989749
5.81e-07,-0.006695937019989749
5.811e-07,-0.006899062019989749
5.812e-07,-0.006695937019989749
5.813e-07,-0.007352187019989749
5.814e-07,-0.006695937019989749
5.815e-07,-0.0026803120199897484
5.816e-07,0.001304060980010251
5.817e-07,0.002225940980010251
5.818e-07,0.001304060980010251
5.819e-07,3.844098001025073e-05
5.82e-07,-0.0026959370199897484
5.821e-07,-0.006461562019989749
5.822e-07,-0.006695937019989749
5.823e-07,-0.0010709370199897487
5.824e-07,0.005304060980010251
5.825e-07,0.005929060980010252
5.826e-07,0.001304060980010251
5.827e-07,-0.0031178120199897496
5.828e-07,-0.0026959370199897484
5.829e-07,0.0017884409800102506
5.83e-07,0.005304060980010251
5.831e-07,0.00442906098001025
5.832e-07,0.001304060980010251
5.833e-07,-8.655901998974938e-05
5.834e-07,0.001304060980010251
5.835e-07,0.0026634409800102513
5.836e-07,0.001304060980010251
5.837e-07,-0.0018678120199897494
5.838e-07,-0.0026959370199897484
5.839e-07,0.0008040609800102506
5.84e-07,0.005304060980010251
5.841e-07,0.006569690980010251
5.842e-07,0.005304060980010251
5.843e-07,0.0036009409800102504
5.844e-07,0.001304060980010251
5.845e-07,-0.0017428120199897493
5.846e-07,-0.0026959370199897484
5.847e-07,-0.0003521890199897487
5.848e-07,0.001304060980010251
5.849e-07,-0.0006178090199897499
5.85e-07,-0.0026959370199897484
5.851e-07,-0.0012115620199897488
5.852e-07,0.001304060980010251
5.853e-07,0.0017571909800102505
5.854e-07,0.001304060980010251
5.855e-07,0.0017884409800102506
5.856e-07,0.001304060980010251
5.857e-07,-0.001352187019989749
5.858e-07,-0.0026959370199897484
5.859e-07,0.00042906098001025024
5.86e-07,0.005304060980010251
5.861e-07,0.007210310980010249
5.862e-07,0.005304060980010251
5.863e-07,0.002319690980010251
5.864e-07,0.001304060980010251
5.865e-07,0.0028978109800102507
5.866e-07,0.005304060980010251
5.867e-07,0.006132190980010251
5.868e-07,0.005304060980010251
5.869e-07,0.00433531098001025
5.87e-07,0.005304060980010251
5.871e-07,0.00767906098001025
5.872e-07,0.009304060980010251
5.873e-07,0.00817906098001025
5.874e-07,0.005304060980010251
5.875e-07,0.0025853109800102504
5.876e-07,0.001304060980010251
5.877e-07,0.001272810980010251
5.878e-07,0.001304060980010251
5.879e-07,0.001210310980010251
5.88e-07,0.001304060980010251
5.881e-07,0.0016946909800102505
5.882e-07,0.001304060980010251
5.883e-07,0.0004915609800102503
5.884e-07,0.001304060980010251
5.885e-07,0.005116560980010251
5.886e-07,0.009304060980010251
5.887e-07,0.010647810980010252
5.888e-07,0.009304060980010251
5.889e-07,0.007054060980010249
5.89e-07,0.005304060980010251
5.891e-07,0.004507190980010251
5.892e-07,0.005304060980010251
5.893e-07,0.0073353109800102494
5.894e-07,0.009304060980010251
5.895e-07,0.009835310980010252
5.896e-07,0.009304060980010251
5.897e-07,0.00880406098001025
5.898e-07,0.009304060980010251
5.899e-07,0.010038440980010251
5.9e-07,0.009304060980010251
5.901e-07,0.006897810980010249
5.902e-07,0.005304060980010251
5.903e-07,0.006491560980010252
5.904e-07,0.009304060980010251
5.905e-07,0.010866560980010249
5.906e-07,0.009304060980010251
5.907e-07,0.006319690980010251
5.908e-07,0.005304060980010251
5.909e-07,0.007382190980010252
5.91e-07,0.009304060980010251
5.911e-07,0.00894469098001025
5.912e-07,0.009304060980010251
5.913e-07,0.012897810980010251
5.914e-07,0.01730406098001025
5.915e-07,0.018460310980010254
5.916e-07,0.01730406098001025
5.917e-07,0.01555406098001025
5.918e-07,0.013304060980010251
5.919e-07,0.00944469098001025
5.92e-07,0.005304060980010251
5.921e-07,0.0034915609800102512
5.922e-07,0.005304060980010251
5.923e-07,0.00874156098001025
5.924e-07,0.009304060980010251
5.925e-07,0.006413440980010251
5.926e-07,0.005304060980010251
5.927e-07,0.00935094098001025
5.928e-07,0.013304060980010251
5.929e-07,0.01231969098001025
5.93e-07,0.009304060980010251
5.931e-07,0.00881969098001025
5.932e-07,0.009304060980010251
5.933e-07,0.0073978109800102495
5.934e-07,0.005304060980010251
5.935e-07,0.006366560980010252
5.936e-07,0.009304060980010251
5.937e-07,0.01158531098001025
5.938e-07,0.013304060980010251
5.939e-07,0.014429060980010252
5.94e-07,0.013304060980010251
5.941e-07,0.009210310980010251
5.942e-07,0.005304060980010251
5.943e-07,0.00531969098001025
5.944e-07,0.009304060980010251
5.945e-07,0.01338219098001025
5.946e-07,0.013304060980010251
5.947e-07,0.009022810980010251
5.948e-07,0.005304060980010251
5.949e-07,0.006022810980010252
5.95e-07,0.009304060980010251
5.951e-07,0.01092906098001025
5.952e-07,0.009304060980010251
5.953e-07,0.007444690980010252
5.954e-07,0.009304060980010251
5.955e-07,0.014522810980010252
5.956e-07,0.01730406098001025
5.957e-07,0.014257190980010251
5.958e-07,0.009304060980010251
5.959e-07,0.007725940980010252
5.96e-07,0.009304060980010251
5.961e-07,0.011100940980010252
5.962e-07,0.013304060980010251
5.963e-07,0.017132190980010252
5.964e-07,0.021304060980010253
5.965e-07,0.02277281098001025
5.966e-07,0.021304060980010253
5.967e-07,0.01761656098001025
5.968e-07,0.013304060980010251
5.969e-07,0.009897810980010252
5.97e-07,0.009304060980010251
5.971e-07,0.011257190980010252
5.972e-07,0.013304060980010251
5.973e-07,0.01360094098001025
5.974e-07,0.013304060980010251
5.975e-07,0.01372594098001025
5.976e-07,0.013304060980010251
5.977e-07,0.01121031098001025
5.978e-07,0.009304060980010251
5.979e-07,0.00938219098001025
5.98e-07,0.009304060980010251
5.981e-07,0.00811656098001025
5.982e-07,0.009304060980010251
5.983e-07,0.014100940980010251
5.984e-07,0.01730406098001025
5.985e-07,0.015288440980010252
5.986e-07,0.013304060980010251
5.987e-07,0.015382190980010252
5.988e-07,0.01730406098001025
5.989e-07,0.013944690980010251
5.99e-07,0.009304060980010251
5.991e-07,0.00835094098001025
5.992e-07,0.009304060980010251
5.993e-07,0.00799156098001025
5.994e-07,0.005304060980010251
5.995e-07,0.00442906098001025
5.996e-07,0.005304060980010251
5.997e-07,0.005991560980010252
5.998e-07,0.005304060980010251
5.999e-07,0.00442906098001025
6e-07,0.005304060980010251
6.001e-07,0.00813219098001025
6.002e-07,0.009304060980010251
6.003e-07,0.007272810980010249
6.004e-07,0.005304060980010251
6.005e-07,0.0057103109800102515
6.006e-07,0.005304060980010251
6.007e-07,0.00221031098001025
6.008e-07,0.001304060980010251
6.009e-07,0.006585310980010252
6.01e-07,0.013304060980010251
6.011e-07,0.015257190980010252
6.012e-07,0.013304060980010251
6.013e-07,0.01105406098001025
6.014e-07,0.009304060980010251
6.015e-07,0.006991560980010249
6.016e-07,0.005304060980010251
6.017e-07,0.006132190980010251
6.018e-07,0.009304060980010251
6.019e-07,0.01247594098001025
6.02e-07,0.013304060980010251
6.021e-07,0.01136656098001025
6.022e-07,0.009304060980010251
6.023e-07,0.009054060980010251
6.024e-07,0.009304060980010251
6.025e-07,0.00877281098001025
6.026e-07,0.009304060980010251
6.027e-07,0.011632190980010252
6.028e-07,0.013304060980010251
6.029e-07,0.011819690980010249
6.03e-07,0.009304060980010251
6.031e-07,0.00864781098001025
6.032e-07,0.009304060980010251
6.033e-07,0.00864781098001025
6.034e-07,0.005304060980010251
6.035e-07,0.0016946909800102505
6.036e-07,0.001304060980010251
6.037e-07,0.00535094098001025
6.038e-07,0.009304060980010251
6.039e-07,0.010022810980010252
6.04e-07,0.009304060980010251
6.041e-07,0.010585310980010252
6.042e-07,0.013304060980010251
6.043e-07,0.015382190980010252
6.044e-07,0.01730406098001025
6.045e-07,0.019632190980010247
6.046e-07,0.021304060980010253
6.047e-07,0.01989781098001025
6.048e-07,0.01730406098001025
6.049e-07,0.014788440980010252
6.05e-07,0.013304060980010251
6.051e-07,0.01271031098001025
6.052e-07,0.013304060980010251
6.053e-07,0.014304060980010252
6.054e-07,0.013304060980010251
6.055e-07,0.00849156098001025
6.056e-07,0.001304060980010251
6.057e-07,-0.003570937019989749
6.058e-07,-0.0026959370199897484
6.059e-07,0.0046478109800102505
6.06e-07,0.013304060980010251
6.061e-07,0.01799156098001025
6.062e-07,0.01730406098001025
6.063e-07,0.01325719098001025
6.064e-07,0.009304060980010251
6.065e-07,0.007725940980010252
6.066e-07,0.009304060980010251
6.067e-07,0.01214781098001025
6.068e-07,0.013304060980010251
6.069e-07,0.01142906098001025
6.07e-07,0.009304060980010251
6.071e-07,0.008960310980010251
6.072e-07,0.009304060980010251
6.073e-07,0.00805406098001025
6.074e-07,0.005304060980010251
6.075e-07,0.0036478109800102514
6.076e-07,0.005304060980010251
6.077e-07,0.00966344098001025
6.078e-07,0.013304060980010251
6.079e-07,0.012960310980010251
6.08e-07,0.009304060980010251
6.081e-07,0.004804060980010251
6.082e-07,0.001304060980010251
6.083e-07,-5.530901998974935e-05
6.084e-07,0.001304060980010251
6.085e-07,0.004132190980010251
6.086e-07,0.005304060980010251
6.087e-07,0.003429060980010251
6.088e-07,0.001304060980010251
6.089e-07,0.00221031098001025
6.09e-07,0.005304060980010251
6.091e-07,0.007350940980010252
6.092e-07,0.005304060980010251
6.093e-07,0.0003665609800102502
6.094e-07,-0.0026959370199897484
6.095e-07,-0.001336562019989749
6.096e-07,0.001304060980010251
6.097e-07,0.0026790609800102505
6.098e-07,0.005304060980010251
6.099e-07,0.010335310980010252
6.1e-07,0.013304060980010251
6.101e-07,0.010007190980010251
6.102e-07,0.005304060980010251
6.103e-07,0.00433531098001025
6.104e-07,0.005304060980010251
6.105e-07,0.003944690980010251
6.106e-07,0.001304060980010251
6.107e-07,-0.0004615590199897497
6.108e-07,-0.0026959370199897484
6.109e-07,-0.0058365620199897494
6.11e-07,-0.006695937019989749
6.111e-07,-0.0028521870199897485
6.112e-07,0.001304060980010251
6.113e-07,0.00214781098001025
6.114e-07,0.001304060980010251
6.115e-07,0.002475940980010251
6.116e-07,0.005304060980010251
6.117e-07,0.006663440980010251
6.118e-07,0.005304060980010251
6.119e-07,0.0024603109800102503
6.12e-07,0.001304060980010251
6.121e-07,0.0026790609800102505
6.122e-07,0.005304060980010251
6.123e-07,0.006335310980010252
6.124e-07,0.005304060980010251
6.125e-07,0.00325719098001025
6.126e-07,0.001304060980010251
6.127e-07,-0.00047718901998974883
6.128e-07,-0.0026959370199897484
6.129e-07,-0.00507093701998975
6.13e-07,-0.006695937019989749
6.131e-07,-0.0059615620199897496
6.132e-07,-0.0026959370199897484
6.133e-07,0.0018353109800102515
6.134e-07,0.005304060980010251
6.135e-07,0.006304060980010252
6.136e-07,0.005304060980010251
6.137e-07,0.003429060980010251
6.138e-07,0.001304060980010251
6.139e-07,-0.0009303120199897486
6.14e-07,-0.0026959370199897484
6.141e-07,-0.003383437019989749
6.142e-07,-0.0026959370199897484
6.143e-07,-0.0009459370199897486
6.144e-07,0.001304060980010251
6.145e-07,0.0035853109800102513
6.146e-07,0.005304060980010251
6.147e-07,0.005850940980010251
6.148e-07,0.005304060980010251
6.149e-07,0.0035540609800102513
6.15e-07,0.001304060980010251
6.151e-07,-5.530901998974935e-05
6.152e-07,0.001304060980010251
6.153e-07,0.00433531098001025
6.154e-07,0.005304060980010251
6.155e-07,0.0019290609800102516
6.156e-07,-0.0026959370199897484
6.157e-07,-0.004305312019989749
6.158e-07,-0.0026959370199897484
6.159e-07,-8.439019989748414e-06
6.16e-07,0.001304060980010251
6.161e-07,0.00116344098001025
6.162e-07,0.001304060980010251
6.163e-07,0.0019290609800102516
6.164e-07,0.001304060980010251
6.165e-07,-0.00028968901998974866
6.166e-07,0.001304060980010251
6.167e-07,0.006663440980010251
6.168e-07,0.009304060980010251
6.169e-07,0.004257190980010251
6.17e-07,-0.0026959370199897484
6.171e-07,-0.004477187019989749
6.172e-07,-0.0026959370199897484
6.173e-07,-0.0019771870199897495
6.174e-07,-0.0026959370199897484
6.175e-07,-0.0028209370199897485
6.176e-07,-0.0026959370199897484
6.177e-07,-0.0031334370199897496
6.178e-07,-0.0026959370199897484
6.179e-07,0.0006321909800102513
6.18e-07,0.005304060980010251
6.181e-07,0.007757190980010252
6.182e-07,0.005304060980010251
6.183e-07,-0.001320937019989749
6.184e-07,-0.006695937019989749
6.185e-07,-0.006680312019989749
6.186e-07,-0.0026959370199897484
6.187e-07,0.0016634409800102504
6.188e-07,0.005304060980010251
6.189e-07,0.007116560980010249
6.19e-07,0.005304060980010251
6.191e-07,0.00021031098001025005
6.192e-07,-0.0026959370199897484
6.193e-07,-0.0006178090199897499
6.194e-07,0.001304060980010251
6.195e-07,-0.0016646870199897492
6.196e-07,-0.006695937019989749
6.197e-07,-0.008461562019989748
6.198e-07,-0.006695937019989749
6.199e-07,-0.004289687019989749
6.2e-07,-0.0026959370199897484
6.201e-07,-0.0010084370199897486
6.202e-07,0.001304060980010251
6.203e-07,0.0038040609800102515
6.204e-07,0.005304060980010251
6.205e-07,0.00427281098001025
6.206e-07,0.001304060980010251
6.207e-07,-0.0026803120199897484
6.208e-07,-0.006695937019989749
6.209e-07,-0.008914687019989749
6.21e-07,-0.006695937019989749
6.211e-07,-0.0011803120199897488
6.212e-07,0.001304060980010251
6.213e-07,-0.0022584370199897497
6.214e-07,-0.006695937019989749
6.215e-07,-0.006149062019989749
6.216e-07,-0.0026959370199897484
6.217e-07,-0.0012428120199897488
6.218e-07,-0.0026959370199897484
6.219e-07,-0.0039615620199897495
6.22e-07,-0.0026959370199897484
6.221e-07,6.969098001025076e-05
6.222e-07,0.001304060980010251
6.223e-07,-0.0004459390199897488
6.224e-07,-0.0026959370199897484
6.225e-07,-0.0029615620199897495
6.226e-07,-0.0026959370199897484
6.227e-07,-0.003336562019989749
6.228e-07,-0.0026959370199897484
6.229e-07,0.00019469098001025087
6.23e-07,0.001304060980010251
6.231e-07,-0.001492812019989749
6.232e-07,-0.0026959370199897484
6.233e-07,0.00128844098001025
6.234e-07,0.005304060980010251
6.235e-07,0.00414781098001025
6.236e-07,0.001304060980010251
6.237e-07,0.0011478109800102509
6.238e-07,0.001304060980010251
6.239e-07,-0.0022115620199897497
6.24e-07,-0.006695937019989749
6.241e-07,-0.006852187019989749
6.242e-07,-0.0026959370199897484
6.243e-07,0.002382190980010251
6.244e-07,0.005304060980010251
6.245e-07,0.004804060980010251
6.246e-07,0.001304060980010251
6.247e-07,-0.00252406201998975
6.248e-07,-0.0026959370199897484
6.249e-07,0.00119469098001025
6.25e-07,0.005304060980010251
6.251e-07,0.006022810980010252
6.252e-07,0.005304060980010251
6.253e-07,0.00531969098001025
6.254e-07,0.005304060980010251
6.255e-07,0.0024915609800102503
6.256e-07,-0.0026959370199897484
6.257e-07,-0.007711562019989749
6.258e-07,-0.01069593723185075
6.259e-07,-0.01030531221998975
6.26e-07,-0.006695937019989749
6.261e-07,-0.0015865620199897491
6.262e-07,0.001304060980010251
6.263e-07,0.0004446909800102511
6.264e-07,-0.0026959370199897484
6.265e-07,-0.004336562019989749
6.266e-07,-0.0026959370199897484
6.267e-07,0.0005228109800102503
6.268e-07,0.001304060980010251
6.269e-07,-0.001383437019989749
6.27e-07,-0.0026959370199897484
6.271e-07,0.00028844098001025095
6.272e-07,0.005304060980010251
6.273e-07,0.007272810980010249
6.274e-07,0.005304060980010251
6.275e-07,0.002225940980010251
6.276e-07,0.001304060980010251
6.277e-07,0.00113219098001025
6.278e-07,-0.0026959370199897484
6.279e-07,-0.01033656221998975
6.28e-07,-0.014695937019989749
6.281e-07,-0.01036781221998975
6.282e-07,-0.0026959370199897484
6.283e-07,0.001335310980010251
6.284e-07,0.001304060980010251
6.285e-07,0.00110094098001025
6.286e-07,0.001304060980010251
6.287e-07,7.190980010250703e-06
6.288e-07,-0.0026959370199897484
6.289e-07,-0.004336562019989749
6.29e-07,-0.0026959370199897484
6.291e-07,0.0014915609800102512
6.292e-07,0.005304060980010251
6.293e-07,0.005116560980010251
6.294e-07,0.001304060980010251
6.295e-07,-0.0027115620199897484
6.296e-07,-0.0026959370199897484
6.297e-07,0.0006478109800102504
6.298e-07,0.001304060980010251
6.299e-07,-0.003164687019989749
6.3e-07,-0.006695937019989749
6.301e-07,-0.0049459370199897495
6.302e-07,-0.0026959370199897484
6.303e-07,-0.004633437019989749
6.304e-07,-0.006695937019989749
6.305e-07,-0.003508437019989749
6.306e-07,0.001304060980010251
6.307e-07,0.0014915609800102512
6.308e-07,-0.0026959370199897484
6.309e-07,-0.006445937019989749
6.31e-07,-0.006695937019989749
6.311e-07,-0.004383437019989749
6.312e-07,-0.0026959370199897484
6.313e-07,-0.0030553120199897496
6.314e-07,-0.0026959370199897484
6.315e-07,-0.00038343901998974875
6.316e-07,0.001304060980010251
6.317e-07,-0.00027405901998974955
6.318e-07,-0.0026959370199897484
6.319e-07,-0.0030240620199897495
6.32e-07,-0.0026959370199897484
6.321e-07,-0.005242812019989749
6.322e-07,-0.01069593723185075
6.323e-07,-0.015086562019989749
6.324e-07,-0.014695937019989749
6.325e-07,-0.008961562019989749
6.326e-07,-0.0026959370199897484
6.327e-07,-0.00047718901998974883
6.328e-07,-0.0026959370199897484
6.329e-07,-0.00599281201998975
6.33e-07,-0.006695937019989749
6.331e-07,-0.004617812019989749
6.332e-07,-0.0026959370199897484
6.333e-07,-0.0026803120199897484
6.334e-07,-0.0026959370199897484
6.335e-07,-0.0020553120199897496
6.336e-07,-0.0026959370199897484
6.337e-07,-0.006680312019989749
6.338e-07,-0.01069593723185075
6.339e-07,-0.01046156221998975
6.34e-07,-0.006695937019989749
6.341e-07,-0.003195937019989749
6.342e-07,-0.0026959370199897484
6.343e-07,-0.005680312019989749
6.344e-07,-0.01069593723185075
6.345e-07,-0.014633437019989749
6.346e-07,-0.014695937019989749
6.347e-07,-0.010680312229989749
6.348e-07,-0.006695937019989749
6.349e-07,-0.005742812019989749
6.35e-07,-0.006695937019989749
6.351e-07,-0.007133437019989749
6.352e-07,-0.006695937019989749
6.353e-07,-0.006336562019989749
6.354e-07,-0.006695937019989749
6.355e-07,-0.007149062019989749
6.356e-07,-0.006695937019989749
6.357e-07,-0.0059771870199897496
6.358e-07,-0.006695937019989749
6.359e-07,-0.00828968701998975
6.36e-07,-0.006695937019989749
6.361e-07,-0.001430312019989749
6.362e-07,0.001304060980010251
6.363e-07,-0.00253968701998975
6.364e-07,-0.006695937019989749
6.365e-07,-0.005508437019989749
6.366e-07,-0.0026959370199897484
6.367e-07,-0.0038990620199897495
6.368e-07,-0.006695937019989749
6.369e-07,-0.006945937019989749
6.37e-07,-0.006695937019989749
6.371e-07,-0.008805312019989749
6.372e-07,-0.01069593723185075
6.373e-07,-0.008961562019989749
6.374e-07,-0.006695937019989749
6.375e-07,-0.006695937019989749
6.376e-07,-0.006695937019989749
6.377e-07,-0.004383437019989749
6.378e-07,-0.0026959370199897484
6.379e-07,-0.003508437019989749
6.38e-07,-0.0026959370199897484
6.381e-07,0.0019446909800102507
6.382e-07,0.005304060980010251
6.383e-07,0.00233531098001025
6.384e-07,-0.0026959370199897484
6.385e-07,-0.004211562019989749
6.386e-07,-0.0026959370199897484
6.387e-07,-0.0020553120199897496
6.388e-07,-0.0026959370199897484
6.389e-07,-0.0028678120199897485
6.39e-07,-0.0026959370199897484
6.391e-07,-0.0028678120199897485
6.392e-07,-0.0026959370199897484
6.393e-07,-0.0021959370199897497
6.394e-07,-0.0026959370199897484
6.395e-07,-0.0038990620199897495
6.396e-07,-0.0026959370199897484
6.397e-07,0.0018196909800102506
6.398e-07,0.005304060980010251
6.399e-07,0.003272810980010251
6.4e-07,-0.0026959370199897484
6.401e-07,-0.00827406201998975
6.402e-07,-0.01069593723185075
6.403e-07,-0.00964906201998975
6.404e-07,-0.006695937019989749
6.405e-07,-0.0027740620199897485
6.406e-07,0.001304060980010251
6.407e-07,0.003429060980010251
6.408e-07,0.001304060980010251
6.409e-07,-0.004149062019989749
6.41e-07,-0.006695937019989749
6.411e-07,-0.0031021870199897496
6.412e-07,0.001304060980010251
6.413e-07,0.0006634409800102513
6.414e-07,-0.0026959370199897484
6.415e-07,-0.0049459370199897495
6.416e-07,-0.006695937019989749
6.417e-07,-0.00943031201998975
6.418e-07,-0.01069593723185075
6.419e-07,-0.007492812019989749
6.42e-07,-0.0026959370199897484
6.421e-07,-0.0007428120199897484
6.422e-07,-0.0026959370199897484
6.423e-07,-0.005758437019989749
6.424e-07,-0.006695937019989749
6.425e-07,-0.004836562019989749
6.426e-07,-0.0026959370199897484
6.427e-07,-0.00236781201998975
6.428e-07,-0.0026959370199897484
6.429e-07,-0.0016646870199897492
6.43e-07,0.001304060980010251
6.431e-07,0.00313219098001025
6.432e-07,0.001304060980010251
6.433e-07,-0.003570937019989749
6.434e-07,-0.006695937019989749
6.435e-07,-0.005352187019989749
6.436e-07,-0.0026959370199897484
6.437e-07,-0.0031178120199897496
6.438e-07,-0.006695937019989749
6.439e-07,-0.009914687219989749
6.44e-07,-0.01069593723185075
6.441e-07,-0.009086562019989749
6.442e-07,-0.006695937019989749
6.443e-07,-0.004445937019989749
6.444e-07,-0.0026959370199897484
6.445e-07,-0.0007584370199897484
6.446e-07,0.001304060980010251
6.447e-07,0.002382190980010251
6.448e-07,0.001304060980010251
6.449e-07,-0.0022115620199897497
6.45e-07,-0.006695937019989749
6.451e-07,-0.009008437019989749
6.452e-07,-0.006695937019989749
6.453e-07,-0.0004459390199897488
6.454e-07,0.005304060980010251
6.455e-07,0.007022810980010249
6.456e-07,0.005304060980010251
6.457e-07,0.0036165609800102513
6.458e-07,0.005304060980010251
6.459e-07,0.00863219098001025
6.46e-07,0.009304060980010251
6.461e-07,0.006194690980010251
6.462e-07,0.005304060980010251
6.463e-07,0.009491560980010251
6.464e-07,0.013304060980010251
6.465e-07,0.00963219098001025
6.466e-07,0.001304060980010251
6.467e-07,-0.0049928120199897496
6.468e-07,-0.006695937019989749
6.469e-07,-0.004367812019989749
6.47e-07,0.001304060980010251
6.471e-07,0.00777281098001025
6.472e-07,0.009304060980010251
6.473e-07,0.0038040609800102515
6.474e-07,-0.0026959370199897484
6.475e-07,-0.004242812019989749
6.476e-07,-0.0026959370199897484
6.477e-07,-0.0020396870199897495
6.478e-07,-0.0026959370199897484
6.479e-07,-0.0029146870199897494
6.48e-07,-0.0026959370199897484
6.481e-07,-0.0028990620199897494
6.482e-07,-0.0026959370199897484
6.483e-07,-0.0008834370199897485
6.484e-07,0.001304060980010251
6.485e-07,0.002163440980010251
6.486e-07,0.001304060980010251
6.487e-07,-0.000695939019989749
6.488e-07,-0.0026959370199897484
6.489e-07,-0.003508437019989749
6.49e-07,-0.0026959370199897484
6.491e-07,-0.0006178090199897499
6.492e-07,0.001304060980010251
6.493e-07,0.0019290609800102516
6.494e-07,0.001304060980010251
6.495e-07,0.0005853109800102504
6.496e-07,0.001304060980010251
6.497e-07,0.0035384409800102504
6.498e-07,0.005304060980010251
6.499e-07,0.00538219098001025
6.5e-07,0.005304060980010251
6.501e-07,0.0057728109800102515
6.502e-07,0.005304060980010251
6.503e-07,0.0029759409800102516
6.504e-07,0.001304060980010251
6.505e-07,0.0026009409800102513
6.506e-07,0.005304060980010251
6.507e-07,0.006335310980010252
6.508e-07,0.005304060980010251
6.509e-07,0.004257190980010251
6.51e-07,0.005304060980010251
6.511e-07,0.007850940980010252
6.512e-07,0.009304060980010251
6.513e-07,0.007725940980010252
6.514e-07,0.005304060980010251
6.515e-07,0.00449156098001025
6.516e-07,0.005304060980010251
6.517e-07,0.005913440980010251
6.518e-07,0.005304060980010251
6.519e-07,0.0036165609800102513
6.52e-07,0.001304060980010251
6.521e-07,-0.0010240620199897486
6.522e-07,-0.0026959370199897484
6.523e-07,-0.0022740620199897497
6.524e-07,0.001304060980010251
6.525e-07,0.006569690980010251
6.526e-07,0.009304060980010251
6.527e-07,0.00764781098001025
6.528e-07,0.005304060980010251
6.529e-07,0.005272810980010251
6.53e-07,0.005304060980010251
6.531e-07,0.00205406098001025
6.532e-07,-0.0026959370199897484
6.533e-07,-0.004742812019989749
6.534e-07,-0.0026959370199897484
6.535e-07,0.0016790609800102513
6.536e-07,0.005304060980010251
6.537e-07,0.006335310980010252
6.538e-07,0.005304060980010251
6.539e-07,0.00328844098001025
6.54e-07,0.001304060980010251
6.541e-07,0.000319690980010251
6.542e-07,0.001304060980010251
6.543e-07,0.0037259409800102505
6.544e-07,0.005304060980010251
6.545e-07,0.00313219098001025
6.546e-07,-0.0026959370199897484
6.547e-07,-0.007758437019989749
6.548e-07,-0.006695937019989749
6.549e-07,0.0003665609800102502
6.55e-07,0.005304060980010251
6.551e-07,0.0028040609800102506
6.552e-07,-0.0026959370199897484
6.553e-07,-0.003383437019989749
6.554e-07,0.001304060980010251
6.555e-07,0.005866560980010252
6.556e-07,0.005304060980010251
6.557e-07,0.00046031098001025027
6.558e-07,-0.0026959370199897484
6.559e-07,-0.00018030901998974946
6.56e-07,0.005304060980010251
6.561e-07,0.00867906098001025
6.562e-07,0.009304060980010251
6.563e-07,0.00811656098001025
6.564e-07,0.005304060980010251
6.565e-07,0.0016634409800102504
6.566e-07,0.001304060980010251
6.567e-07,0.005491560980010251
6.568e-07,0.009304060980010251
6.569e-07,0.007382190980010252
6.57e-07,0.001304060980010251
6.571e-07,-0.003289687019989749
6.572e-07,-0.0026959370199897484
6.573e-07,0.0018665609800102515
6.574e-07,0.005304060980010251
6.575e-07,0.004444690980010251
6.576e-07,0.001304060980010251
6.577e-07,-0.00018030901998974946
6.578e-07,0.001304060980010251
6.579e-07,0.003929060980010252
6.58e-07,0.005304060980010251
6.581e-07,0.00427281098001025
6.582e-07,0.001304060980010251
6.583e-07,-0.0018365620199897494
6.584e-07,-0.0026959370199897484
6.585e-07,-0.0009303120199897486
6.586e-07,0.001304060980010251
6.587e-07,0.0018821909800102506
6.588e-07,0.001304060980010251
6.589e-07,0.0009446909800102515
6.59e-07,0.001304060980010251
6.591e-07,0.0017415609800102514
6.592e-07,0.001304060980010251
6.593e-07,-0.0002271890199897486
6.594e-07,-0.0026959370199897484
6.595e-07,-0.005242812019989749
6.596e-07,-0.006695937019989749
6.597e-07,-0.0058834370199897495
6.598e-07,-0.0026959370199897484
6.599e-07,0.0018353109800102515
6.6e-07,0.005304060980010251
6.601e-07,0.006210310980010252
6.602e-07,0.005304060980010251
6.603e-07,0.0036009409800102504
6.604e-07,0.001304060980010251
6.605e-07,-0.001320937019989749
6.606e-07,-0.0026959370199897484
6.607e-07,-0.001555312019989749
6.608e-07,0.001304060980010251
6.609e-07,0.0037884409800102506
6.61e-07,0.005304060980010251
6.611e-07,0.005679060980010251
6.612e-07,0.005304060980010251
6.613e-07,0.0047884409800102515
6.614e-07,0.005304060980010251
6.615e-07,0.006116560980010252
6.616e-07,0.005304060980010251
6.617e-07,0.0015540609800102512
6.618e-07,-0.0026959370199897484
6.619e-07,-0.004445937019989749
6.62e-07,-0.0026959370199897484
6.621e-07,0.00041344098001025106
6.622e-07,0.001304060980010251
6.623e-07,-0.0007271870199897484
6.624e-07,-0.0026959370199897484
6.625e-07,-0.00257093701998975
6.626e-07,-0.0026959370199897484
6.627e-07,-0.004852187019989749
6.628e-07,-0.006695937019989749
6.629e-07,-0.005258437019989749
6.63e-07,-0.0026959370199897484
6.631e-07,-0.0020709370199897496
6.632e-07,-0.0026959370199897484
6.633e-07,-0.0026959370199897484
6.634e-07,-0.0026959370199897484
6.635e-07,-0.003336562019989749
6.636e-07,-0.0026959370199897484
6.637e-07,-0.0002115590199897495
6.638e-07,0.001304060980010251
6.639e-07,-0.00039905901998974966
6.64e-07,-0.0026959370199897484
6.641e-07,-0.0031021870199897496
6.642e-07,-0.0026959370199897484
6.643e-07,-0.0039771870199897495
6.644e-07,-0.006695937019989749
6.645e-07,-0.00813343701998975
6.646e-07,-0.006695937019989749
6.647e-07,-0.003602187019989749
6.648e-07,-0.0026959370199897484
6.649e-07,-0.0049459370199897495
6.65e-07,-0.006695937019989749
6.651e-07,-0.00502406201998975
6.652e-07,-0.0026959370199897484
6.653e-07,-0.00261781201998975
6.654e-07,-0.0026959370199897484
6.655e-07,-0.0006178090199897499
6.656e-07,0.001304060980010251
6.657e-07,-7.093901998974847e-05
6.658e-07,-0.0026959370199897484
6.659e-07,-0.003555312019989749
6.66e-07,-0.0026959370199897484
6.661e-07,-0.0022271870199897497
6.662e-07,-0.0026959370199897484
6.663e-07,-0.003180312019989749
6.664e-07,-0.0026959370199897484
6.665e-07,-0.0019146870199897494
6.666e-07,-0.0026959370199897484
6.667e-07,-0.005242812019989749
6.668e-07,-0.006695937019989749
6.669e-07,-0.00502406201998975
6.67e-07,-0.0026959370199897484
6.671e-07,-0.00238343701998975
6.672e-07,-0.0026959370199897484
6.673e-07,-0.0021646870199897496
6.674e-07,-0.0026959370199897484
6.675e-07,-0.005414687019989749
6.676e-07,-0.006695937019989749
6.677e-07,-0.004445937019989749
6.678e-07,-0.0026959370199897484
6.679e-07,-0.004633437019989749
6.68e-07,-0.006695937019989749
6.681e-07,-0.005180312019989749
6.682e-07,-0.0026959370199897484
6.683e-07,-0.003445937019989749
6.684e-07,-0.006695937019989749
6.685e-07,-0.00824281201998975
6.686e-07,-0.006695937019989749
6.687e-07,-0.0037584370199897493
6.688e-07,-0.0026959370199897484
6.689e-07,-0.004367812019989749
6.69e-07,-0.006695937019989749
6.691e-07,-0.006305312019989749
6.692e-07,-0.0026959370199897484
6.693e-07,0.0019603109800102516
6.694e-07,0.005304060980010251
6.695e-07,0.005960310980010252
6.696e-07,0.005304060980010251
6.697e-07,0.004569690980010251
6.698e-07,0.005304060980010251
6.699e-07,0.006179060980010252
6.7e-07,0.005304060980010251
6.701e-07,0.0015540609800102512
6.702e-07,-0.0026959370199897484
6.703e-07,-0.005414687019989749
6.704e-07,-0.006695937019989749
6.705e-07,-0.007102187019989749
6.706e-07,-0.006695937019989749
6.707e-07,-0.004649062019989749
6.708e-07,-0.0026959370199897484
6.709e-07,-0.0021490620199897496
6.71e-07,-0.0026959370199897484
6.711e-07,-0.0029459370199897495
6.712e-07,-0.0026959370199897484
6.713e-07,-0.001367812019989749
6.714e-07,0.001304060980010251
6.715e-07,0.00439781098001025
6.716e-07,0.005304060980010251
6.717e-07,0.002319690980010251
6.718e-07,-0.0026959370199897484
6.719e-07,-0.005399062019989749
6.72e-07,-0.0026959370199897484
6.721e-07,0.00411656098001025
6.722e-07,0.009304060980010251
6.723e-07,0.009710310980010252
6.724e-07,0.009304060980010251
6.725e-07,0.01127281098001025
6.726e-07,0.013304060980010251
6.727e-07,0.011725940980010252
6.728e-07,0.009304060980010251
6.729e-07,0.00906969098001025
6.73e-07,0.009304060980010251
6.731e-07,0.007210310980010249
6.732e-07,0.005304060980010251
6.733e-07,0.005491560980010251
6.734e-07,0.005304060980010251
6.735e-07,0.0028821909800102515
6.736e-07,0.001304060980010251
6.737e-07,0.004100940980010251
6.738e-07,0.009304060980010251
6.739e-07,0.01183531098001025
6.74e-07,0.009304060980010251
6.741e-07,0.00414781098001025
6.742e-07,0.001304060980010251
6.743e-07,0.0028196909800102515
6.744e-07,0.005304060980010251
6.745e-07,0.0047571909800102515
6.746e-07,0.001304060980010251
6.747e-07,-0.0009459370199897486
6.748e-07,0.001304060980010251
6.749e-07,0.006350940980010251
6.75e-07,0.009304060980010251
6.751e-07,0.00783531098001025
6.752e-07,0.005304060980010251
6.753e-07,0.005975940980010251
6.754e-07,0.009304060980010251
6.755e-07,0.010179060980010252
6.756e-07,0.005304060980010251
6.757e-07,-0.0027428120199897484
6.758e-07,-0.006695937019989749
6.759e-07,-0.00246156201998975
6.76e-07,0.005304060980010251
6.761e-07,0.009835310980010252
6.762e-07,0.009304060980010251
6.763e-07,0.006850940980010252
6.764e-07,0.005304060980010251
6.765e-07,0.005054060980010251
6.766e-07,0.005304060980010251
6.767e-07,0.00535094098001025
6.768e-07,0.005304060980010251
6.769e-07,0.006179060980010252
6.77e-07,0.009304060980010251
6.771e-07,0.01278844098001025
6.772e-07,0.013304060980010251
6.773e-07,0.00953844098001025
6.774e-07,0.005304060980010251
6.775e-07,0.004257190980010251
6.776e-07,0.005304060980010251
6.777e-07,0.005647810980010251
6.778e-07,0.005304060980010251
6.779e-07,0.00544469098001025
6.78e-07,0.005304060980010251
6.781e-07,0.004632190980010251
6.782e-07,0.005304060980010251
6.783e-07,0.007944690980010249
6.784e-07,0.009304060980010251
6.785e-07,0.007444690980010252
6.786e-07,0.005304060980010251
6.787e-07,0.006179060980010252
6.788e-07,0.009304060980010251
6.789e-07,0.010835310980010249
6.79e-07,0.009304060980010251
6.791e-07,0.006475940980010251
6.792e-07,0.005304060980010251
6.793e-07,0.006960310980010249
6.794e-07,0.009304060980010251
6.795e-07,0.009085310980010251
6.796e-07,0.005304060980010251
6.797e-07,0.001210310980010251
6.798e-07,0.001304060980010251
6.799e-07,0.0067571909800102515
6.8e-07,0.013304060980010251
6.801e-07,0.01577281098001025
6.802e-07,0.013304060980010251
6.803e-07,0.00944469098001025
6.804e-07,0.009304060980010251
6.805e-07,0.01242906098001025
6.806e-07,0.013304060980010251
6.807e-07,0.009304060980010251
6.808e-07,0.005304060980010251
6.809e-07,0.006163440980010251
6.81e-07,0.009304060980010251
6.811e-07,0.009147810980010251
6.812e-07,0.005304060980010251
6.813e-07,0.0028196909800102515
6.814e-07,0.005304060980010251
6.815e-07,0.01183531098001025
6.816e-07,0.01730406098001025
6.817e-07,0.01730406098001025
6.818e-07,0.013304060980010251
6.819e-07,0.00960094098001025
6.82e-07,0.009304060980010251
6.821e-07,0.01139781098001025
6.822e-07,0.013304060980010251
6.823e-07,0.01252281098001025
6.824e-07,0.009304060980010251
6.825e-07,0.005975940980010251
6.826e-07,0.005304060980010251
6.827e-07,0.007382190980010252
6.828e-07,0.009304060980010251
6.829e-07,0.00858531098001025
6.83e-07,0.005304060980010251
6.831e-07,0.00303844098001025
6.832e-07,0.005304060980010251
6.833e-07,0.010882190980010252
6.834e-07,0.013304060980010251
6.835e-07,0.009554060980010251
6.836e-07,0.005304060980010251
6.837e-07,0.006007190980010251
6.838e-07,0.009304060980010251
6.839e-07,0.010257190980010251
6.84e-07,0.009304060980010251
6.841e-07,0.00906969098001025
6.842e-07,0.009304060980010251
6.843e-07,0.007913440980010249
6.844e-07,0.005304060980010251
6.845e-07,0.0038821909800102507
6.846e-07,0.005304060980010251
6.847e-07,0.00833531098001025
6.848e-07,0.009304060980010251
6.849e-07,0.006975940980010252
6.85e-07,0.005304060980010251
6.851e-07,0.007054060980010249
6.852e-07,0.009304060980010251
6.853e-07,0.00825719098001025
6.854e-07,0.005304060980010251
6.855e-07,0.004038440980010251
6.856e-07,0.005304060980010251
6.857e-07,0.006632190980010251
6.858e-07,0.005304060980010251
6.859e-07,0.002319690980010251
6.86e-07,0.001304060980010251
6.861e-07,0.0036321909800102505
6.862e-07,0.005304060980010251
6.863e-07,0.003397810980010251
6.864e-07,0.001304060980010251
6.865e-07,0.0036946909800102505
6.866e-07,0.009304060980010251
6.867e-07,0.013335310980010251
6.868e-07,0.013304060980010251
6.869e-07,0.009772810980010252
6.87e-07,0.005304060980010251
6.871e-07,0.0020384409800102508
6.872e-07,0.001304060980010251
6.873e-07,0.0029915609800102508
6.874e-07,0.005304060980010251
6.875e-07,0.0073665609800102495
6.876e-07,0.009304060980010251
6.877e-07,0.010475940980010251
6.878e-07,0.009304060980010251
6.879e-07,0.006210310980010252
6.88e-07,0.005304060980010251
6.881e-07,0.00877281098001025
6.882e-07,0.013304060980010251
6.883e-07,0.014413440980010251
6.884e-07,0.013304060980010251
6.885e-07,0.011819690980010249
6.886e-07,0.009304060980010251
6.887e-07,0.0048196909800102515
6.888e-07,0.001304060980010251
6.889e-07,0.0010071909800102516
6.89e-07,0.001304060980010251
6.891e-07,0.00042906098001025024
6.892e-07,0.001304060980010251
6.893e-07,0.005960310980010252
6.894e-07,0.009304060980010251
6.895e-07,0.00789781098001025
6.896e-07,0.005304060980010251
6.897e-07,0.005397810980010251
6.898e-07,0.005304060980010251
6.899e-07,0.002507190980010251
6.9e-07,0.001304060980010251
6.901e-07,0.005960310980010252
6.902e-07,0.013304060980010251
6.903e-07,0.01638219098001025
6.904e-07,0.013304060980010251
6.905e-07,0.00761656098001025
6.906e-07,0.005304060980010251
6.907e-07,0.0074603109800102495
6.908e-07,0.009304060980010251
6.909e-07,0.0073978109800102495
6.91e-07,0.005304060980010251
6.911e-07,0.006804060980010252
6.912e-07,0.009304060980010251
6.913e-07,0.00841344098001025
6.914e-07,0.005304060980010251
6.915e-07,0.00396031098001025
6.916e-07,0.005304060980010251
6.917e-07,0.007538440980010252
6.918e-07,0.009304060980010251
6.919e-07,0.00985094098001025
6.92e-07,0.009304060980010251
6.921e-07,0.007538440980010252
6.922e-07,0.005304060980010251
6.923e-07,0.003054060980010251
6.924e-07,0.001304060980010251
6.925e-07,0.0007415609800102505
6.926e-07,0.001304060980010251
6.927e-07,0.00208531098001025
6.928e-07,0.001304060980010251
6.929e-07,-0.0010240620199897486
6.93e-07,-0.0026959370199897484
6.931e-07,-0.001430312019989749
6.932e-07,0.001304060980010251
6.933e-07,0.0036165609800102513
6.934e-07,0.005304060980010251
6.935e-07,0.006179060980010252
6.936e-07,0.005304060980010251
6.937e-07,0.0027103109800102505
6.938e-07,0.001304060980010251
6.939e-07,0.0028353109800102506
6.94e-07,0.005304060980010251
6.941e-07,0.004991560980010251
6.942e-07,0.001304060980010251
6.943e-07,-0.00263343701998975
6.944e-07,-0.0026959370199897484
6.945e-07,0.0014759409800102503
6.946e-07,0.005304060980010251
6.947e-07,0.004741560980010251
6.948e-07,0.001304060980010251
6.949e-07,-0.0007115620199897501
6.95e-07,0.001304060980010251
6.951e-07,0.0048196909800102515
6.952e-07,0.005304060980010251
6.953e-07,0.0015228109800102512
6.954e-07,-0.0026959370199897484
6.955e-07,-0.0037428120199897493
6.956e-07,-0.0026959370199897484
6.957e-07,-0.003180312019989749
6.958e-07,-0.006695937019989749
6.959e-07,-0.00941468701998975
6.96e-07,-0.006695937019989749
6.961e-07,0.0008040609800102506
6.962e-07,0.005304060980010251
6.963e-07,0.002257190980010251
6.964e-07,-0.0026959370199897484
6.965e-07,-0.00255531201998975
6.966e-07,0.001304060980010251
6.967e-07,0.003054060980010251
6.968e-07,0.001304060980010251
6.969e-07,-0.001399062019989749
6.97e-07,-0.0026959370199897484
6.971e-07,-0.0027271870199897484
6.972e-07,-0.0026959370199897484
6.973e-07,-0.0031490620199897497
6.974e-07,-0.0026959370199897484
6.975e-07,-0.0006178090199897499
6.976e-07,0.001304060980010251
6.977e-07,0.001366560980010251
6.978e-07,0.001304060980010251
6.979e-07,0.0020071909800102507
6.98e-07,0.001304060980010251
6.981e-07,-0.0026803120199897484
6.982e-07,-0.006695937019989749
6.983e-07,-0.007508437019989749
6.984e-07,-0.006695937019989749
6.985e-07,-0.006633437019989749
6.986e-07,-0.006695937019989749
6.987e-07,-0.0059146870199897495
6.988e-07,-0.006695937019989749
6.989e-07,-0.00958656201998975
6.99e-07,-0.01069593723185075
6.991e-07,-0.007024062019989749
6.992e-07,-0.0026959370199897484
6.993e-07,-0.0017740620199897493
6.994e-07,-0.0026959370199897484
6.995e-07,-0.0027115620199897484
6.996e-07,-0.0026959370199897484
6.997e-07,-0.004617812019989749
6.998e-07,-0.006695937019989749
6.999e-07,-0.00603968701998975
7e-07,-0.0026959370199897484
7.001e-07,0.00028844098001025095
7.002e-07,0.001304060980010251
7.003e-07,-8.655901998974938e-05
7.004e-07,-0.0026959370199897484
7.005e-07,-0.004180312019989749
7.006e-07,-0.0026959370199897484
7.007e-07,-0.0004459390199897488
7.008e-07,-0.0026959370199897484
7.009e-07,-0.009899062219989749
7.01e-07,-0.014695937019989749
7.011e-07,-0.01100843721998975
7.012e-07,-0.0026959370199897484
7.013e-07,0.00227281098001025
7.014e-07,0.001304060980010251
7.015e-07,-0.0020084370199897495
7.016e-07,-0.0026959370199897484
7.017e-07,-0.00027405901998974955
7.018e-07,0.001304060980010251
7.019e-07,-0.0016021870199897491
7.02e-07,-0.006695937019989749
7.021e-07,-0.010055312219989749
7.022e-07,-0.01069593723185075
7.023e-07,-0.00958656201998975
7.024e-07,-0.006695937019989749
7.025e-07,-0.0029615620199897495
7.026e-07,-0.0026959370199897484
7.027e-07,-0.006977187019989749
7.028e-07,-0.01069593723185075
7.029e-07,-0.00957093701998975
7.03e-07,-0.006695937019989749
7.031e-07,-0.00605531201998975
7.032e-07,-0.006695937019989749
7.033e-07,-0.005649062019989749
7.034e-07,-0.0026959370199897484
7.035e-07,-0.0011178120199897487
7.036e-07,-0.0026959370199897484
7.037e-07,-0.0058365620199897494
7.038e-07,-0.006695937019989749
7.039e-07,-0.004383437019989749
7.04e-07,-0.0026959370199897484
7.041e-07,-0.005414687019989749
7.042e-07,-0.01069593723185075
7.043e-07,-0.01333656201998975
7.044e-07,-0.01069593723185075
7.045e-07,-0.005274062019989749
7.046e-07,-0.0026959370199897484
7.047e-07,-0.004711562019989749
7.048e-07,-0.006695937019989749
7.049e-07,-0.00505531201998975
7.05e-07,-0.0026959370199897484
7.051e-07,-0.0038834370199897494
7.052e-07,-0.006695937019989749
7.053e-07,-0.007492812019989749
7.054e-07,-0.006695937019989749
7.055e-07,-0.006633437019989749
7.056e-07,-0.006695937019989749
7.057e-07,-0.006133437019989749
7.058e-07,-0.006695937019989749
7.059e-07,-0.009242812019989749
7.06e-07,-0.01069593723185075
7.061e-07,-0.008867812019989749
7.062e-07,-0.006695937019989749
7.063e-07,-0.006570937019989749
7.064e-07,-0.006695937019989749
7.065e-07,-0.005742812019989749
7.066e-07,-0.006695937019989749
7.067e-07,-0.01118031221998975
7.068e-07,-0.014695937019989749
7.069e-07,-0.01250843701998975
7.07e-07,-0.006695937019989749
7.071e-07,-0.0027740620199897485
7.072e-07,-0.0026959370199897484
7.073e-07,-0.0048990620199897495
7.074e-07,-0.006695937019989749
7.075e-07,-0.007117812019989749
7.076e-07,-0.006695937019989749
7.077e-07,-0.007399062019989749
7.078e-07,-0.01069593723185075
7.079e-07,-0.014539687019989748
7.08e-07,-0.014695937019989749
7.081e-07,-0.010164687219989749
7.082e-07,-0.006695937019989749
7.083e-07,-0.00805531201998975
7.084e-07,-0.01069593723185075
7.085e-07,-0.009883437219989749
7.086e-07,-0.006695937019989749
7.087e-07,-0.004461562019989749
7.088e-07,-0.0026959370199897484
7.089e-07,-0.0002271890199897486
7.09e-07,0.001304060980010251
7.091e-07,-0.001336562019989749
7.092e-07,-0.006695937019989749
7.093e-07,-0.01188343701998975
7.094e-07,-0.014695937019989749
7.095e-07,-0.01413343701998975
7.096e-07,-0.01069593723185075
7.097e-07,-0.006805312019989749
7.098e-07,-0.006695937019989749
7.099e-07,-0.01096156221998975
7.1e-07,-0.014695937019989749
7.101e-07,-0.01368031201998975
7.102e-07,-0.01069593723185075
7.103e-07,-0.008774062019989749
7.104e-07,-0.006695937019989749
7.105e-07,-0.003445937019989749
7.106e-07,-0.0026959370199897484
7.107e-07,-0.006945937019989749
7.108e-07,-0.01069593723185075
7.109e-07,-0.00947718701998975
7.11e-07,-0.006695937019989749
7.111e-07,-0.006680312019989749
7.112e-07,-0.006695937019989749
7.113e-07,-0.00408656201998975
7.114e-07,-0.0026959370199897484
7.115e-07,-0.006242812019989749
7.116e-07,-0.01069593723185075
7.117e-07,-0.01133656221998975
7.118e-07,-0.01069593723185075
7.119e-07,-0.011414687219989748
7.12e-07,-0.01069593723185075
7.121e-07,-0.006289687019989749
7.122e-07,-0.0026959370199897484
7.123e-07,-0.0039303120199897495
7.124e-07,-0.006695937019989749
7.125e-07,-0.00599281201998975
7.126e-07,-0.0026959370199897484
7.127e-07,-0.0011021870199897487
7.128e-07,-0.0026959370199897484
7.129e-07,-0.005649062019989749
7.13e-07,-0.006695937019989749
7.131e-07,-0.00510218701998975
7.132e-07,-0.0026959370199897484
7.133e-07,-0.0018990620199897494
7.134e-07,-0.0026959370199897484
7.135e-07,-0.003492812019989749
7.136e-07,-0.0026959370199897484
7.137e-07,-0.001524062019989749
7.138e-07,-0.0026959370199897484
7.139e-07,-0.0058365620199897494
7.14e-07,-0.006695937019989749
7.141e-07,-0.0038365620199897494
7.142e-07,-0.0026959370199897484
7.143e-07,-0.006774062019989749
7.144e-07,-0.01069593723185075
7.145e-07,-0.008305312019989748
7.146e-07,-0.0026959370199897484
7.147e-07,0.000350940980010251
7.148e-07,0.001304060980010251
7.149e-07,0.00202281098001025
7.15e-07,0.001304060980010251
7.151e-07,-0.0016959370199897492
7.152e-07,-0.0026959370199897484
7.153e-07,-3.968901998974844e-05
7.154e-07,0.001304060980010251
7.155e-07,-0.003414687019989749
7.156e-07,-0.01069593723185075
7.157e-07,-0.01374281201998975
7.158e-07,-0.01069593723185075
7.159e-07,-0.005180312019989749
7.16e-07,-0.0026959370199897484
7.161e-07,-0.004399062019989749
7.162e-07,-0.006695937019989749
7.163e-07,-0.0058521870199897495
7.164e-07,-0.0026959370199897484
7.165e-07,-0.0009459370199897486
7.166e-07,-0.0026959370199897484
7.167e-07,-0.0058990620199897495
7.168e-07,-0.006695937019989749
7.169e-07,-0.004524062019989749
7.17e-07,-0.0026959370199897484
7.171e-07,-0.00411781201998975
7.172e-07,-0.006695937019989749
7.173e-07,-0.006539687019989749
7.174e-07,-0.0026959370199897484
7.175e-07,0.001210310980010251
7.176e-07,0.001304060980010251
7.177e-07,-0.0027271870199897484
7.178e-07,-0.006695937019989749
7.179e-07,-0.007508437019989749
7.18e-07,-0.006695937019989749
7.181e-07,-0.007570937019989749
7.182e-07,-0.01069593723185075
7.183e-07,-0.012633437019989749
7.184e-07,-0.01069593723185075
7.185e-07,-0.005758437019989749
7.186e-07,-0.0026959370199897484
7.187e-07,-0.004195937019989749
7.188e-07,-0.006695937019989749
7.189e-07,-0.0058521870199897495
7.19e-07,-0.0026959370199897484
7.191e-07,-0.00011780901998974941
7.192e-07,0.001304060980010251
7.193e-07,0.0010071909800102516
7.194e-07,-0.0026959370199897484
7.195e-07,-0.00964906201998975
7.196e-07,-0.014695937019989749
7.197e-07,-0.01218031201998975
7.198e-07,-0.0026959370199897484
7.199e-07,0.007054060980010249
7.2e-07,0.009304060980010251
7.201e-07,0.00316344098001025
7.202e-07,-0.0026959370199897484
7.203e-07,-0.0020709370199897496
7.204e-07,0.001304060980010251
7.205e-07,0.0008665609800102506
7.206e-07,-0.0026959370199897484
7.207e-07,-0.004524062019989749
7.208e-07,-0.0026959370199897484
7.209e-07,0.00014781098001025
7.21e-07,0.001304060980010251
7.211e-07,-0.00011780901998974941
7.212e-07,-0.0026959370199897484
7.213e-07,-0.0037896870199897494
7.214e-07,-0.0026959370199897484
7.215e-07,-0.00039905901998974966
7.216e-07,0.001304060980010251
7.217e-07,0.0007571909800102514
7.218e-07,-0.0026959370199897484
7.219e-07,-0.006695937019989749
7.22e-07,-0.006695937019989749
7.221e-07,-0.0009615620199897486
7.222e-07,0.005304060980010251
7.223e-07,0.006991560980010249
7.224e-07,0.005304060980010251
7.225e-07,0.003147810980010251
7.226e-07,0.001304060980010251
7.227e-07,-0.00014905901998974944
7.228e-07,0.001304060980010251
7.229e-07,0.006100940980010251
7.23e-07,0.009304060980010251
7.231e-07,0.006647810980010252
7.232e-07,0.001304060980010251
7.233e-07,-0.0020553120199897496
7.234e-07,-0.0026959370199897484
7.235e-07,-0.0016334370199897492
7.236e-07,0.001304060980010251
7.237e-07,0.005944690980010251
7.238e-07,0.009304060980010251
7.239e-07,0.00860094098001025
7.24e-07,0.005304060980010251
7.241e-07,0.002475940980010251
7.242e-07,0.001304060980010251
7.243e-07,0.00125719098001025
7.244e-07,0.001304060980010251
7.245e-07,0.00116344098001025
7.246e-07,0.001304060980010251
7.247e-07,0.0024915609800102503
7.248e-07,0.005304060980010251
7.249e-07,0.00827281098001025
7.25e-07,0.009304060980010251
7.251e-07,0.007663440980010252
7.252e-07,0.005304060980010251
7.253e-07,0.00439781098001025
7.254e-07,0.005304060980010251
7.255e-07,0.00510094098001025
7.256e-07,0.001304060980010251
7.257e-07,-0.004524062019989749
7.258e-07,-0.006695937019989749
7.259e-07,-0.0018521870199897494
7.26e-07,0.005304060980010251
7.261e-07,0.00816344098001025
7.262e-07,0.005304060980010251
7.263e-07,0.000319690980010251
7.264e-07,-0.0026959370199897484
7.265e-07,-0.0019928120199897495
7.266e-07,0.001304060980010251
7.267e-07,0.004600940980010251
7.268e-07,0.005304060980010251
7.269e-07,0.003272810980010251
7.27e-07,0.001304060980010251
7.271e-07,0.0008978109800102507
7.272e-07,0.001304060980010251
7.273e-07,0.0013196909800102501
7.274e-07,0.001304060980010251
7.275e-07,0.0025696909800102512
7.276e-07,0.005304060980010251
7.277e-07,0.006975940980010252
7.278e-07,0.005304060980010251
7.279e-07,0.0006634409800102513
7.28e-07,-0.0026959370199897484
7.281e-07,-0.0018209370199897493
7.282e-07,0.001304060980010251
7.283e-07,0.0026634409800102513
7.284e-07,0.001304060980010251
7.285e-07,-0.0010396870199897486
7.286e-07,-0.0026959370199897484
7.287e-07,-0.0030396870199897496
7.288e-07,-0.0026959370199897484
7.289e-07,-0.0022271870199897497
7.29e-07,-0.0026959370199897484
7.291e-07,-0.003492812019989749
7.292e-07,-0.0026959370199897484
7.293e-07,-0.00016468901998974855
7.294e-07,0.001304060980010251
7.295e-07,0.0006009409800102512
7.296e-07,0.001304060980010251
7.297e-07,0.00449156098001025
7.298e-07,0.005304060980010251
7.299e-07,0.0008821909800102515
7.3e-07,-0.0026959370199897484
7.301e-07,-0.0009303120199897486
7.302e-07,0.001304060980010251
7.303e-07,-0.0016803120199897492
7.304e-07,-0.006695937019989749
7.305e-07,-0.007086562019989749
7.306e-07,-0.0026959370199897484
7.307e-07,0.0014446909800102502
7.308e-07,0.001304060980010251
7.309e-07,-0.0018834370199897494
7.31e-07,-0.0026959370199897484
7.311e-07,0.00125719098001025
7.312e-07,0.005304060980010251
7.313e-07,0.004507190980010251
7.314e-07,0.001304060980010251
7.315e-07,-0.0008365620199897485
7.316e-07,-0.0026959370199897484
7.317e-07,-0.005680312019989749
7.318e-07,-0.006695937019989749
7.319e-07,-0.0030865620199897496
7.32e-07,0.001304060980010251
7.321e-07,0.0015071909800102503
7.322e-07,-0.0026959370199897484
7.323e-07,-0.006852187019989749
7.324e-07,-0.006695937019989749
7.325e-07,-0.0022271870199897497
7.326e-07,0.001304060980010251
7.327e-07,0.0014290609800102511
7.328e-07,0.001304060980010251
7.329e-07,0.0036634409800102505
7.33e-07,0.005304060980010251
7.331e-07,0.00227281098001025
7.332e-07,-0.0026959370199897484
7.333e-07,-0.0036959370199897493
7.334e-07,0.001304060980010251
7.335e-07,0.00866344098001025
7.336e-07,0.013304060980010251
7.337e-07,0.01261656098001025
7.338e-07,0.009304060980010251
7.339e-07,0.006554060980010252
7.34e-07,0.005304060980010251
7.341e-07,0.0038196909800102506
7.342e-07,0.001304060980010251
7.343e-07,-0.0004928090199897497
7.344e-07,0.001304060980010251
7.345e-07,0.006007190980010251
7.346e-07,0.009304060980010251
7.347e-07,0.00821031098001025
7.348e-07,0.005304060980010251
7.349e-07,0.00433531098001025
7.35e-07,0.005304060980010251
7.351e-07,0.004897810980010251
7.352e-07,0.001304060980010251
7.353e-07,-0.0029928120199897495
7.354e-07,-0.0026959370199897484
7.355e-07,0.002413440980010251
7.356e-07,0.005304060980010251
7.357e-07,0.0018196909800102506
7.358e-07,-0.0026959370199897484
7.359e-07,-0.0019146870199897494
7.36e-07,0.001304060980010251
7.361e-07,0.0010540609800102508
7.362e-07,-0.0026959370199897484
7.363e-07,-0.00505531201998975
7.364e-07,-0.0026959370199897484
7.365e-07,0.002475940980010251
7.366e-07,0.005304060980010251
7.367e-07,0.0036009409800102504
7.368e-07,0.001304060980010251
7.369e-07,0.0013821909800102502
7.37e-07,0.001304060980010251
7.371e-07,-0.0022896870199897498
7.372e-07,-0.006695937019989749
7.373e-07,-0.006789687019989749
7.374e-07,-0.0026959370199897484
7.375e-07,0.0013509409800102502
7.376e-07,0.001304060980010251
7.377e-07,-0.0027740620199897485
7.378e-07,-0.006695937019989749
7.379e-07,-0.006524062019989749
7.38e-07,-0.0026959370199897484
7.381e-07,0.00208531098001025
7.382e-07,0.005304060980010251
7.383e-07,0.006163440980010251
7.384e-07,0.005304060980010251
7.385e-07,0.002382190980010251
7.386e-07,-0.0026959370199897484
7.387e-07,-0.007383437019989749
7.388e-07,-0.006695937019989749
7.389e-07,-0.0001021890199897485
7.39e-07,0.005304060980010251
7.391e-07,0.00430406098001025
7.392e-07,0.001304060980010251
7.393e-07,0.00208531098001025
7.394e-07,0.005304060980010251
7.395e-07,0.00553844098001025
7.396e-07,0.001304060980010251
7.397e-07,-0.003305312019989749
7.398e-07,-0.0026959370199897484
7.399e-07,0.0025540609800102504
7.4e-07,0.005304060980010251
7.401e-07,0.0015384409800102503
7.402e-07,-0.0026959370199897484
7.403e-07,-0.001508437019989749
7.404e-07,0.001304060980010251
7.405e-07,0.00024156098001025007
7.406e-07,-0.0026959370199897484
7.407e-07,-0.0022740620199897497
7.408e-07,0.001304060980010251
7.409e-07,0.003429060980010251
7.41e-07,0.001304060980010251
7.411e-07,-0.00255531201998975
7.412e-07,-0.0026959370199897484
7.413e-07,0.0020071909800102507
7.414e-07,0.005304060980010251
7.415e-07,0.00227281098001025
7.416e-07,-0.0026959370199897484
7.417e-07,-0.0028678120199897485
7.418e-07,0.001304060980010251
7.419e-07,0.004741560980010251
7.42e-07,0.005304060980010251
7.421e-07,0.0037103109800102514
7.422e-07,0.001304060980010251
7.423e-07,-0.0003053090199897496
7.424e-07,0.001304060980010251
7.425e-07,0.004835310980010251
7.426e-07,0.005304060980010251
7.427e-07,0.0008978109800102507
7.428e-07,-0.0026959370199897484
7.429e-07,-0.001352187019989749
7.43e-07,0.001304060980010251
7.431e-07,0.00041344098001025106
7.432e-07,-0.0026959370199897484
7.433e-07,-0.0036803120199897493
7.434e-07,-0.0026959370199897484
7.435e-07,-0.0022271870199897497
7.436e-07,-0.0026959370199897484
7.437e-07,-0.0029303120199897495
7.438e-07,-0.0026959370199897484
7.439e-07,-0.0016021870199897491
7.44e-07,0.001304060980010251
7.441e-07,0.004725940980010251
7.442e-07,0.005304060980010251
7.443e-07,0.0016634409800102504
7.444e-07,-0.0026959370199897484
7.445e-07,-0.0039771870199897495
7.446e-07,-0.0026959370199897484
7.447e-07,-0.0018521870199897494
7.448e-07,-0.0026959370199897484
7.449e-07,-0.0036646870199897492
7.45e-07,-0.0026959370199897484
7.451e-07,0.0008665609800102506
7.452e-07,0.005304060980010251
7.453e-07,0.007444690980010252
7.454e-07,0.005304060980010251
7.455e-07,0.00033531098001025016
7.456e-07,-0.0026959370199897484
7.457e-07,-0.001492812019989749
7.458e-07,0.001304060980010251
7.459e-07,0.00205406098001025
7.46e-07,0.001304060980010251
7.461e-07,0.0009759409800102516
7.462e-07,0.001304060980010251
7.463e-07,0.0013509409800102502
7.464e-07,0.001304060980010251
7.465e-07,0.0015540609800102512
7.466e-07,0.001304060980010251
7.467e-07,-0.00024280901998974952
7.468e-07,-0.0026959370199897484
7.469e-07,-0.00407093701998975
7.47e-07,-0.0026959370199897484
7.471e-07,0.00042906098001025024
7.472e-07,0.001304060980010251
7.473e-07,-0.0012428120199897488
7.474e-07,-0.0026959370199897484
7.475e-07,0.0004915609800102503
7.476e-07,0.005304060980010251
7.477e-07,0.006944690980010252
7.478e-07,0.005304060980010251
7.479e-07,0.0029759409800102516
7.48e-07,0.001304060980010251
7.481e-07,-0.0005240590199897498
7.482e-07,-0.0026959370199897484
7.483e-07,-0.0040084370199897496
7.484e-07,-0.0026959370199897484
7.485e-07,0.00128844098001025
7.486e-07,0.005304060980010251
7.487e-07,0.006475940980010251
7.488e-07,0.005304060980010251
7.489e-07,0.00328844098001025
7.49e-07,0.001304060980010251
7.491e-07,-0.0007896870199897484
7.492e-07,-0.0026959370199897484
7.493e-07,-0.003555312019989749
7.494e-07,-0.0026959370199897484
7.495e-07,-0.001508437019989749
7.496e-07,-0.0026959370199897484
7.497e-07,-0.005774062019989749
7.498e-07,-0.006695937019989749
7.499e-07,-0.0029459370199897495
7.5e-07,0.001304060980010251
7.501e-07,0.00106969098001025
7.502e-07,-0.0026959370199897484
7.503e-07,-0.00502406201998975
7.504e-07,-0.0026959370199897484
7.505e-07,0.0023978109800102503
7.506e-07,0.005304060980010251
7.507e-07,0.0027415609800102506
7.508e-07,-0.0026959370199897484
7.509e-07,-0.006555312019989749
7.51e-07,-0.006695937019989749
7.511e-07,-0.004602187019989749
7.512e-07,-0.0026959370199897484
7.513e-07,-0.0022115620199897497
7.514e-07,-0.0026959370199897484
7.515e-07,-0.0030709370199897496
7.516e-07,-0.0026959370199897484
7.517e-07,-0.0021646870199897496
7.518e-07,-0.0026959370199897484
7.519e-07,-0.004524062019989749
7.52e-07,-0.006695937019989749
7.521e-07,-0.007524062019989749
7.522e-07,-0.006695937019989749
7.523e-07,-0.004774062019989749
7.524e-07,-0.0026959370199897484
7.525e-07,-0.0016646870199897492
7.526e-07,-0.0026959370199897484
7.527e-07,-0.004305312019989749
7.528e-07,-0.0026959370199897484
7.529e-07,0.00233531098001025
7.53e-07,0.005304060980010251
7.531e-07,0.00217906098001025
7.532e-07,-0.0026959370199897484
7.533e-07,-0.004211562019989749
7.534e-07,-0.0026959370199897484
7.535e-07,-0.0018365620199897494
7.536e-07,-0.0026959370199897484
7.537e-07,-0.003492812019989749
7.538e-07,-0.0026959370199897484
7.539e-07,-0.001524062019989749
7.54e-07,-0.0026959370199897484
7.541e-07,-0.0058990620199897495
7.542e-07,-0.006695937019989749
7.543e-07,-0.00263343701998975
7.544e-07,0.001304060980010251
7.545e-07,0.0002728109800102501
7.546e-07,-0.0026959370199897484
7.547e-07,-0.003477187019989749
7.548e-07,-0.0026959370199897484
7.549e-07,-0.0029459370199897495
7.55e-07,-0.0026959370199897484
7.551e-07,-0.00039905901998974966
7.552e-07,0.001304060980010251
7.553e-07,-0.0010709370199897487
7.554e-07,-0.006695937019989749
7.555e-07,-0.01211781201998975
7.556e-07,-0.014695937019989749
7.557e-07,-0.01357093701998975
7.558e-07,-0.01069593723185075
7.559e-07,-0.007164687019989749
7.56e-07,-0.0026959370199897484
7.561e-07,0.0014134409800102502
7.562e-07,0.001304060980010251
7.563e-07,-0.003461562019989749
7.564e-07,-0.006695937019989749
7.565e-07,-0.004758437019989749
7.566e-07,-0.0026959370199897484
7.567e-07,-0.0059459370199897495
7.568e-07,-0.01069593723185075
7.569e-07,-0.01099281221998975
7.57e-07,-0.006695937019989749
7.571e-07,-0.0028053120199897485
7.572e-07,-0.0026959370199897484
7.573e-07,-0.005274062019989749
7.574e-07,-0.006695937019989749
7.575e-07,-0.0059303120199897495
7.576e-07,-0.006695937019989749
7.577e-07,-0.01100843721998975
7.578e-07,-0.014695937019989749
7.579e-07,-0.01357093701998975
7.58e-07,-0.01069593723185075
7.581e-07,-0.010086562219989749
7.582e-07,-0.01069593723185075
7.583e-07,-0.009274062019989749
7.584e-07,-0.006695937019989749
7.585e-07,-0.005617812019989749
7.586e-07,-0.006695937019989749
7.587e-07,-0.00794593701998975
7.588e-07,-0.006695937019989749
7.589e-07,-0.003602187019989749
7.59e-07,-0.0026959370199897484
7.591e-07,-0.005430312019989749
7.592e-07,-0.006695937019989749
7.593e-07,-0.00405531201998975
7.594e-07,-0.0026959370199897484
7.595e-07,-0.006774062019989749
7.596e-07,-0.01069593723185075
7.597e-07,-0.00828968701998975
7.598e-07,-0.0026959370199897484
7.599e-07,-0.0007115620199897501
7.6e-07,-0.0026959370199897484
7.601e-07,-0.005274062019989749
7.602e-07,-0.006695937019989749
7.603e-07,-0.007133437019989749
7.604e-07,-0.006695937019989749
7.605e-07,-0.00603968701998975
7.606e-07,-0.006695937019989749
7.607e-07,-0.008867812019989749
7.608e-07,-0.01069593723185075
7.609e-07,-0.009914687219989749
7.61e-07,-0.006695937019989749
7.611e-07,-0.003336562019989749
7.612e-07,-0.0026959370199897484
7.613e-07,-0.0049459370199897495
7.614e-07,-0.006695937019989749
7.615e-07,-0.005508437019989749
7.616e-07,-0.0026959370199897484
7.617e-07,-0.001492812019989749
7.618e-07,-0.0026959370199897484
7.619e-07,-0.005164687019989749
7.62e-07,-0.006695937019989749
7.621e-07,-0.006945937019989749
7.622e-07,-0.006695937019989749
7.623e-07,-0.006774062019989749
7.624e-07,-0.006695937019989749
7.625e-07,-0.006305312019989749
7.626e-07,-0.006695937019989749
7.627e-07,-0.00863343701998975
7.628e-07,-0.01069593723185075
7.629e-07,-0.01111781221998975
7.63e-07,-0.01069593723185075
7.631e-07,-0.010617812229989749
7.632e-07,-0.01069593723185075
7.633e-07,-0.01046156221998975
7.634e-07,-0.01069593723185075
7.635e-07,-0.01128968721998975
7.636e-07,-0.01069593723185075
7.637e-07,-0.008305312019989748
7.638e-07,-0.006695937019989749
7.639e-07,-0.00805531201998975
7.64e-07,-0.01069593723185075
7.641e-07,-0.011680312219989749
7.642e-07,-0.01069593723185075
7.643e-07,-0.008852187019989749
7.644e-07,-0.006695937019989749
7.645e-07,-0.005336562019989749
7.646e-07,-0.006695937019989749
7.647e-07,-0.010070937219989749
7.648e-07,-0.01069593723185075
7.649e-07,-0.006555312019989749
7.65e-07,-0.0026959370199897484
7.651e-07,-0.0037271870199897493
7.652e-07,-0.006695937019989749
7.653e-07,-0.007414687019989749
7.654e-07,-0.006695937019989749
7.655e-07,-0.006945937019989749
7.656e-07,-0.006695937019989749
7.657e-07,-0.004445937019989749
7.658e-07,-0.0026959370199897484
7.659e-07,-0.00408656201998975
7.66e-07,-0.006695937019989749
7.661e-07,-0.007508437019989749
7.662e-07,-0.006695937019989749
7.663e-07,-0.006211562019989749
7.664e-07,-0.006695937019989749
7.665e-07,-0.007180312019989749
7.666e-07,-0.006695937019989749
7.667e-07,-0.0049615620199897495
7.668e-07,-0.0026959370199897484
7.669e-07,-0.001508437019989749
7.67e-07,-0.0026959370199897484
7.671e-07,-0.005492812019989749
7.672e-07,-0.006695937019989749
7.673e-07,-0.0049459370199897495
7.674e-07,-0.0026959370199897484
7.675e-07,-0.00238343701998975
7.676e-07,-0.0026959370199897484
7.677e-07,-0.00238343701998975
7.678e-07,-0.0026959370199897484
7.679e-07,-0.0048678120199897494
7.68e-07,-0.006695937019989749
7.681e-07,-0.005508437019989749
7.682e-07,-0.0026959370199897484
7.683e-07,-0.001414687019989749
7.684e-07,-0.0026959370199897484
7.685e-07,-0.005180312019989749
7.686e-07,-0.006695937019989749
7.687e-07,-0.005742812019989749
7.688e-07,-0.0026959370199897484
7.689e-07,0.00042906098001025024
7.69e-07,0.001304060980010251
7.691e-07,-0.0003521890199897487
7.692e-07,-0.0026959370199897484
7.693e-07,-0.0037271870199897493
7.694e-07,-0.0026959370199897484
7.695e-07,-0.001539687019989749
7.696e-07,-0.0026959370199897484
7.697e-07,-0.004852187019989749
7.698e-07,-0.0026959370199897484
7.699e-07,0.004475940980010251
7.7e-07,0.009304060980010251
7.701e-07,0.00550719098001025
7.702e-07,-0.0026959370199897484
7.703e-07,-0.007492812019989749
7.704e-07,-0.006695937019989749
7.705e-07,-0.0037428120199897493
7.706e-07,-0.0026959370199897484
7.707e-07,-0.003336562019989749
7.708e-07,-0.0026959370199897484
7.709e-07,-8.439019989748414e-06
7.71e-07,0.001304060980010251
7.711e-07,-0.0007896870199897484
7.712e-07,-0.0026959370199897484
7.713e-07,-0.00011780901998974941
7.714e-07,0.005304060980010251
7.715e-07,0.007788440980010252
7.716e-07,0.005304060980010251
7.717e-07,0.00010094098001025079
7.718e-07,-0.0026959370199897484
7.719e-07,-0.0012740620199897489
7.72e-07,0.001304060980010251
7.721e-07,0.0007728109800102505
7.722e-07,-0.0026959370199897484
7.723e-07,-0.0059771870199897496
7.724e-07,-0.006695937019989749
7.725e-07,-0.0048990620199897495
7.726e-07,-0.0026959370199897484
7.727e-07,-0.001539687019989749
7.728e-07,-0.0026959370199897484
7.729e-07,-0.00503968701998975
7.73e-07,-0.006695937019989749
7.731e-07,-0.006774062019989749
7.732e-07,-0.006695937019989749
7.733e-07,-0.006258437019989749
7.734e-07,-0.0026959370199897484
7.735e-07,0.004225940980010251
7.736e-07,0.009304060980010251
7.737e-07,0.00844469098001025
7.738e-07,0.005304060980010251
7.739e-07,0.0035384409800102504
7.74e-07,0.001304060980010251
7.741e-07,-0.003461562019989749
7.742e-07,-0.006695937019989749
7.743e-07,-0.004180312019989749
7.744e-07,0.001304060980010251
7.745e-07,0.0046478109800102505
7.746e-07,0.005304060980010251
7.747e-07,0.005272810980010251
7.748e-07,0.005304060980010251
7.749e-07,0.00519469098001025
7.75e-07,0.005304060980010251
7.751e-07,0.0055696909800102504
7.752e-07,0.005304060980010251
7.753e-07,0.0035540609800102513
7.754e-07,0.001304060980010251
7.755e-07,0.00016344098001025084
7.756e-07,0.001304060980010251
7.757e-07,0.0037884409800102506
7.758e-07,0.005304060980010251
7.759e-07,0.004163440980010251
7.76e-07,0.001304060980010251
7.761e-07,-0.00025843901998974864
7.762e-07,0.001304060980010251
7.763e-07,0.0045853109800102505
7.764e-07,0.005304060980010251
7.765e-07,0.0017103109800102514
7.766e-07,-0.0026959370199897484
7.767e-07,-0.0030865620199897496
7.768e-07,0.001304060980010251
7.769e-07,0.006897810980010249
7.77e-07,0.009304060980010251
7.771e-07,0.007538440980010252
7.772e-07,0.005304060980010251
7.773e-07,0.00503844098001025
7.774e-07,0.005304060980010251
7.775e-07,0.0037103109800102514
7.776e-07,0.001304060980010251
7.777e-07,0.0004446909800102511
7.778e-07,0.001304060980010251
7.779e-07,0.0019915609800102516
7.78e-07,0.001304060980010251
7.781e-07,0.00041344098001025106
7.782e-07,0.001304060980010251
7.783e-07,0.00408531098001025
7.784e-07,0.005304060980010251
7.785e-07,0.003304060980010251
7.786e-07,0.001304060980010251
7.787e-07,0.0025853109800102504
7.788e-07,0.005304060980010251
7.789e-07,0.006163440980010251
7.79e-07,0.005304060980010251
7.791e-07,0.0048196909800102515
7.792e-07,0.005304060980010251
7.793e-07,0.005616560980010251
7.794e-07,0.005304060980010251
7.795e-07,0.004694690980010251
7.796e-07,0.005304060980010251
7.797e-07,0.007225940980010252
7.798e-07,0.009304060980010251
7.799e-07,0.009772810980010252
7.8e-07,0.009304060980010251
7.801e-07,0.00814781098001025
7.802e-07,0.005304060980010251
7.803e-07,0.0008040609800102506
7.804e-07,-0.0026959370199897484
7.805e-07,-0.003227187019989749
7.806e-07,-0.0026959370199897484
7.807e-07,-0.0027896870199897485
7.808e-07,-0.0026959370199897484
7.809e-07,8.531098001024993e-05
7.81e-07,0.005304060980010251
7.811e-07,0.00966344098001025
7.812e-07,0.009304060980010251
7.813e-07,0.004507190980010251
7.814e-07,0.001304060980010251
7.815e-07,0.00303844098001025
7.816e-07,0.005304060980010251
7.817e-07,0.0037728109800102515
7.818e-07,0.001304060980010251
7.819e-07,0.0013821909800102502
7.82e-07,0.001304060980010251
7.821e-07,-0.001414687019989749
7.822e-07,-0.0026959370199897484
7.823e-07,0.0018978109800102515
7.824e-07,0.009304060980010251
7.825e-07,0.01350719098001025
7.826e-07,0.013304060980010251
7.827e-07,0.011007190980010252
7.828e-07,0.009304060980010251
7.829e-07,0.007850940980010252
7.83e-07,0.005304060980010251
7.831e-07,0.0009603109800102507
7.832e-07,-0.0026959370199897484
7.833e-07,-0.0026803120199897484
7.834e-07,0.001304060980010251
7.835e-07,0.006538440980010251
7.836e-07,0.009304060980010251
7.837e-07,0.00830406098001025
7.838e-07,0.005304060980010251
7.839e-07,0.0027259409800102514
7.84e-07,0.001304060980010251
7.841e-07,0.0008353109800102506
7.842e-07,0.001304060980010251
7.843e-07,0.0029915609800102508
7.844e-07,0.005304060980010251
7.845e-07,0.006335310980010252
7.846e-07,0.005304060980010251
7.847e-07,0.0028196909800102515
7.848e-07,0.001304060980010251
7.849e-07,0.0024290609800102503
7.85e-07,0.005304060980010251
7.851e-07,0.006975940980010252
7.852e-07,0.005304060980010251
7.853e-07,0.0008821909800102515
7.854e-07,-0.0026959370199897484
7.855e-07,-0.003258437019989749
7.856e-07,-0.0026959370199897484
7.857e-07,-0.0028365620199897485
7.858e-07,-0.0026959370199897484
7.859e-07,-0.0007271870199897484
7.86e-07,0.001304060980010251
7.861e-07,0.0015228109800102512
7.862e-07,0.001304060980010251
7.863e-07,0.0018509409800102506
7.864e-07,0.001304060980010251
7.865e-07,-0.0011959370199897488
7.866e-07,-0.0026959370199897484
7.867e-07,-0.0010084370199897486
7.868e-07,0.001304060980010251
7.869e-07,0.0006478109800102504
7.87e-07,-0.0026959370199897484
7.871e-07,-0.004852187019989749
7.872e-07,-0.0026959370199897484
7.873e-07,0.0025540609800102504
7.874e-07,0.005304060980010251
7.875e-07,0.00328844098001025
7.876e-07,0.001304060980010251
7.877e-07,0.003054060980010251
7.878e-07,0.005304060980010251
7.879e-07,0.0036634409800102505
7.88e-07,0.001304060980010251
7.881e-07,0.002350940980010251
7.882e-07,0.005304060980010251
7.883e-07,0.006085310980010252
7.884e-07,0.005304060980010251
7.885e-07,0.004100940980010251
7.886e-07,0.001304060980010251
7.887e-07,-0.003570937019989749
7.888e-07,-0.006695937019989749
7.889e-07,-0.005258437019989749
7.89e-07,-0.0026959370199897484
7.891e-07,-0.0022428120199897497
7.892e-07,-0.0026959370199897484
7.893e-07,-0.0020865620199897496
7.894e-07,-0.0026959370199897484
7.895e-07,-0.005570937019989749
7.896e-07,-0.006695937019989749
7.897e-07,-0.0030865620199897496
7.898e-07,0.001304060980010251
7.899e-07,0.00221031098001025
7.9e-07,0.001304060980010251
7.901e-07,0.0014915609800102512
7.902e-07,0.001304060980010251
7.903e-07,-0.0019615620199897495
7.904e-07,-0.006695937019989749
7.905e-07,-0.008820937019989749
7.906e-07,-0.006695937019989749
7.907e-07,-0.0011178120199897487
7.908e-07,0.005304060980010251
7.909e-07,0.00928844098001025
7.91e-07,0.009304060980010251
7.911e-07,0.005522810980010251
7.912e-07,0.001304060980010251
7.913e-07,-0.0005240590199897498
7.914e-07,0.001304060980010251
7.915e-07,0.00436656098001025
7.916e-07,0.005304060980010251
7.917e-07,0.00208531098001025
7.918e-07,-0.0026959370199897484
7.919e-07,-0.005774062019989749
7.92e-07,-0.006695937019989749
7.921e-07,-0.006524062019989749
7.922e-07,-0.006695937019989749
7.923e-07,-0.006852187019989749
7.924e-07,-0.006695937019989749
7.925e-07,-0.005445937019989749
7.926e-07,-0.0026959370199897484
7.927e-07,0.0003978109800102502
7.928e-07,0.001304060980010251
7.929e-07,-0.000633439019989749
7.93e-07,-0.0026959370199897484
7.931e-07,-0.0028834370199897486
7.932e-07,-0.0026959370199897484
7.933e-07,-0.004352187019989749
7.934e-07,-0.006695937019989749
7.935e-07,-0.007414687019989749
7.936e-07,-0.006695937019989749
7.937e-07,-0.005133437019989749
7.938e-07,-0.0026959370199897484
7.939e-07,0.00017906098001025002
7.94e-07,0.001304060980010251
7.941e-07,-0.00039905901998974966
7.942e-07,-0.0026959370199897484
7.943e-07,-0.00238343701998975
7.944e-07,0.001304060980010251
7.945e-07,0.005366560980010251
7.946e-07,0.005304060980010251
7.947e-07,0.0006634409800102513
7.948e-07,-0.0026959370199897484
7.949e-07,-0.001320937019989749
7.95e-07,0.001304060980010251
7.951e-07,0.001179060980010251
7.952e-07,0.001304060980010251
7.953e-07,0.004960310980010251
7.954e-07,0.009304060980010251
7.955e-07,0.009304060980010251
7.956e-07,0.005304060980010251
7.957e-07,0.0006009409800102512
7.958e-07,-0.0026959370199897484
7.959e-07,-0.004836562019989749
7.96e-07,-0.006695937019989749
7.961e-07,-0.006899062019989749
7.962e-07,-0.0026959370199897484
7.963e-07,0.005085310980010251
7.964e-07,0.009304060980010251
7.965e-07,0.006257190980010251
7.966e-07,0.001304060980010251
7.967e-07,0.0004915609800102503
7.968e-07,0.001304060980010251
7.969e-07,-0.0004928090199897497
7.97e-07,-0.0026959370199897484
7.971e-07,-0.000664689019989749
7.972e-07,0.005304060980010251
7.973e-07,0.010866560980010249
7.974e-07,0.013304060980010251
7.975e-07,0.01216344098001025
7.976e-07,0.009304060980010251
7.977e-07,0.006647810980010252
7.978e-07,0.005304060980010251
7.979e-07,0.00500719098001025
7.98e-07,0.005304060980010251
7.981e-07,0.00535094098001025
7.982e-07,0.005304060980010251
7.983e-07,0.00519469098001025
7.984e-07,0.005304060980010251
7.985e-07,0.006475940980010251
7.986e-07,0.009304060980010251
7.987e-07,0.011757190980010252
7.988e-07,0.009304060980010251
7.989e-07,0.0019446909800102507
7.99e-07,-0.0026959370199897484
7.991e-07,0.00021031098001025005
7.992e-07,0.005304060980010251
7.993e-07,0.006335310980010252
7.994e-07,0.005304060980010251
7.995e-07,0.006710310980010252
7.996e-07,0.009304060980010251
7.997e-07,0.00892906098001025
7.998e-07,0.005304060980010251
7.999e-07,0.0018196909800102506
8e-07,0.001304060980010251
8.001e-07,0.0034759409800102503
8.002e-07,0.005304060980010251
8.003e-07,0.00500719098001025
8.004e-07,0.005304060980010251
8.005e-07,0.00767906098001025
8.006e-07,0.009304060980010251
8.007e-07,0.00758531098001025
8.008e-07,0.005304060980010251
8.009e-07,0.00528844098001025
8.01e-07,0.005304060980010251
8.011e-07,0.00224156098001025
8.012e-07,-0.0026959370199897484
8.013e-07,-0.00507093701998975
8.014e-07,-0.0026959370199897484
8.015e-07,0.0025696909800102512
8.016e-07,0.005304060980010251
8.017e-07,0.0045540609800102504
8.018e-07,0.005304060980010251
8.019e-07,0.010085310980010252
8.02e-07,0.013304060980010251
8.021e-07,0.010100940980010251
8.022e-07,0.005304060980010251
8.023e-07,0.005397810980010251
8.024e-07,0.009304060980010251
8.025e-07,0.01114781098001025
8.026e-07,0.009304060980010251
8.027e-07,0.006272810980010252
8.028e-07,0.005304060980010251
8.029e-07,0.006975940980010252
8.03e-07,0.009304060980010251
8.031e-07,0.009960310980010252
8.032e-07,0.009304060980010251
8.033e-07,0.00881969098001025
8.034e-07,0.009304060980010251
8.035e-07,0.00981969098001025
8.036e-07,0.009304060980010251
8.037e-07,0.0074603109800102495
8.038e-07,0.005304060980010251
8.039e-07,0.0033821909800102502
8.04e-07,0.001304060980010251
8.041e-07,-0.00013343901998974853
8.042e-07,0.001304060980010251
8.043e-07,0.005866560980010252
8.044e-07,0.009304060980010251
8.045e-07,0.00825719098001025
8.046e-07,0.005304060980010251
8.047e-07,0.00446031098001025
8.048e-07,0.005304060980010251
8.049e-07,0.0056946909800102506
8.05e-07,0.005304060980010251
8.051e-07,0.00421031098001025
8.052e-07,0.001304060980010251
8.053e-07,-0.00246156201998975
8.054e-07,-0.0026959370199897484
8.055e-07,0.0027571909800102514
8.056e-07,0.009304060980010251
8.057e-07,0.011507190980010252
8.058e-07,0.009304060980010251
8.059e-07,0.006225940980010251
8.06e-07,0.005304060980010251
8.061e-07,0.005866560980010252
8.062e-07,0.005304060980010251
8.063e-07,0.0027884409800102514
8.064e-07,0.001304060980010251
8.065e-07,0.0028821909800102515
8.066e-07,0.005304060980010251
8.067e-07,0.005757190980010251
8.068e-07,0.005304060980010251
8.069e-07,0.0056946909800102506
8.07e-07,0.005304060980010251
8.071e-07,0.0029759409800102516
8.072e-07,0.001304060980010251
8.073e-07,0.0028821909800102515
8.074e-07,0.005304060980010251
8.075e-07,0.0057728109800102515
8.076e-07,0.005304060980010251
8.077e-07,0.00547594098001025
8.078e-07,0.005304060980010251
8.079e-07,0.004413440980010251
8.08e-07,0.005304060980010251
8.081e-07,0.00944469098001025
8.082e-07,0.013304060980010251
8.083e-07,0.01274156098001025
8.084e-07,0.009304060980010251
8.085e-07,0.006272810980010252
8.086e-07,0.005304060980010251
8.087e-07,0.006272810980010252
8.088e-07,0.009304060980010251
8.089e-07,0.01274156098001025
8.09e-07,0.013304060980010251
8.091e-07,0.009522810980010251
8.092e-07,0.005304060980010251
8.093e-07,0.004257190980010251
8.094e-07,0.005304060980010251
8.095e-07,0.005788440980010251
8.096e-07,0.005304060980010251
8.097e-07,0.00513219098001025
8.098e-07,0.005304060980010251
8.099e-07,0.005210310980010251
8.1e-07,0.005304060980010251
8.101e-07,0.0057103109800102515
8.102e-07,0.005304060980010251
8.103e-07,0.004413440980010251
8.104e-07,0.005304060980010251
8.105e-07,0.00816344098001025
8.106e-07,0.009304060980010251
8.107e-07,0.006007190980010251
8.108e-07,0.001304060980010251
8.109e-07,-0.00038343901998974875
8.11e-07,0.001304060980010251
8.111e-07,0.003929060980010252
8.112e-07,0.005304060980010251
8.113e-07,0.00544469098001025
8.114e-07,0.005304060980010251
8.115e-07,0.005366560980010251
8.116e-07,0.005304060980010251
8.117e-07,0.0048509409800102515
8.118e-07,0.005304060980010251
8.119e-07,0.007288440980010252
8.12e-07,0.009304060980010251
8.121e-07,0.00966344098001025
8.122e-07,0.009304060980010251
8.123e-07,0.00833531098001025
8.124e-07,0.005304060980010251
8.125e-07,0.00033531098001025016
8.126e-07,-0.0026959370199897484
8.127e-07,-0.0004928090199897497
8.128e-07,0.005304060980010251
8.129e-07,0.009616560980010251
8.13e-07,0.009304060980010251
8.131e-07,0.005991560980010252
8.132e-07,0.005304060980010251
8.133e-07,0.00838219098001025
8.134e-07,0.009304060980010251
8.135e-07,0.0038821909800102507
8.136e-07,-0.0026959370199897484
8.137e-07,-0.004227187019989749
8.138e-07,-0.0026959370199897484
8.139e-07,-0.00246156201998975
8.14e-07,-0.0026959370199897484
8.141e-07,-0.000695939019989749
8.142e-07,0.001304060980010251
8.143e-07,0.00119469098001025
8.144e-07,0.001304060980010251
8.145e-07,0.0036790609800102514
8.146e-07,0.005304060980010251
8.147e-07,0.0035384409800102504
8.148e-07,0.001304060980010251
8.149e-07,0.001304060980010251
8.15e-07,0.001304060980010251
8.151e-07,-0.0010084370199897486
8.152e-07,-0.0026959370199897484
8.153e-07,-0.0009459370199897486
8.154e-07,0.001304060980010251
8.155e-07,0.001210310980010251
8.156e-07,0.001304060980010251
8.157e-07,0.0038353109800102515
8.158e-07,0.005304060980010251
8.159e-07,0.003116560980010251
8.16e-07,0.001304060980010251
8.161e-07,0.00328844098001025
8.162e-07,0.005304060980010251
8.163e-07,0.0034759409800102503
8.164e-07,0.001304060980010251
8.165e-07,0.0026165609800102504
8.166e-07,0.005304060980010251
8.167e-07,0.005616560980010251
8.168e-07,0.005304060980010251
8.169e-07,0.007038440980010252
8.17e-07,0.009304060980010251
8.171e-07,0.00877281098001025
8.172e-07,0.005304060980010251
8.173e-07,0.0008353109800102506
8.174e-07,-0.0026959370199897484
8.175e-07,-0.0040240620199897496
8.176e-07,-0.0026959370199897484
8.177e-07,0.0009290609800102507
8.178e-07,0.005304060980010251
8.179e-07,0.00853844098001025
8.18e-07,0.009304060980010251
8.181e-07,0.00764781098001025
8.182e-07,0.005304060980010251
8.183e-07,0.00331969098001025
8.184e-07,0.001304060980010251
8.185e-07,-0.0011490620199897487
8.186e-07,-0.0026959370199897484
8.187e-07,-0.0018834370199897494
8.188e-07,0.001304060980010251
8.189e-07,0.0045540609800102504
8.19e-07,0.005304060980010251
8.191e-07,0.003272810980010251
8.192e-07,0.001304060980010251
8.193e-07,0.001272810980010251
8.194e-07,0.001304060980010251
8.195e-07,-0.0006021890199897489
8.196e-07,-0.0026959370199897484
8.197e-07,-0.0029459370199897495
8.198e-07,-0.0026959370199897484
8.199e-07,-0.0031334370199897496
8.2e-07,-0.0026959370199897484
8.201e-07,-0.00014905901998974944
8.202e-07,0.001304060980010251
8.203e-07,-0.0004615590199897497
8.204e-07,-0.0026959370199897484
8.205e-07,-0.0018209370199897493
8.206e-07,0.001304060980010251
8.207e-07,0.0038509409800102506
8.208e-07,0.005304060980010251
8.209e-07,0.005850940980010251
8.21e-07,0.005304060980010251
8.211e-07,0.00306969098001025
8.212e-07,0.001304060980010251
8.213e-07,0.0009446909800102515
8.214e-07,0.001304060980010251
8.215e-07,0.001210310980010251
8.216e-07,0.001304060980010251
8.217e-07,0.0016946909800102505
8.218e-07,0.001304060980010251
8.219e-07,-0.001524062019989749
8.22e-07,-0.006695937019989749
8.221e-07,-0.01100843721998975
8.222e-07,-0.01069593723185075
8.223e-07,-0.005695937019989749
8.224e-07,-0.0026959370199897484
8.225e-07,-0.004649062019989749
8.226e-07,-0.006695937019989749
8.227e-07,-0.004555312019989749
8.228e-07,-0.0026959370199897484
8.229e-07,-0.00507093701998975
8.23e-07,-0.006695937019989749
8.231e-07,-0.0020396870199897495
8.232e-07,0.005304060980010251
8.233e-07,0.00789781098001025
8.234e-07,0.005304060980010251
8.235e-07,0.0008196909800102514
8.236e-07,-0.0026959370199897484
8.237e-07,-0.0049615620199897495
8.238e-07,-0.006695937019989749
8.239e-07,-0.007617812019989749
8.24e-07,-0.006695937019989749
8.241e-07,-0.00413343701998975
8.242e-07,-0.0026959370199897484
8.243e-07,-0.003211562019989749
8.244e-07,-0.0026959370199897484
8.245e-07,0.001335310980010251
8.246e-07,0.005304060980010251
8.247e-07,0.004897810980010251
8.248e-07,0.001304060980010251
8.249e-07,-0.0018209370199897493
8.25e-07,-0.0026959370199897484
8.251e-07,-0.0017115620199897492
8.252e-07,0.001304060980010251
8.253e-07,0.004741560980010251
8.254e-07,0.005304060980010251
8.255e-07,0.002475940980010251
8.256e-07,0.001304060980010251
8.257e-07,0.0037884409800102506
8.258e-07,0.005304060980010251
8.259e-07,0.0017884409800102506
8.26e-07,-0.0026959370199897484
8.261e-07,-0.00261781201998975
8.262e-07,0.001304060980010251
8.263e-07,0.0036009409800102504
8.264e-07,0.001304060980010251
8.265e-07,-0.003586562019989749
8.266e-07,-0.006695937019989749
8.267e-07,-0.005586562019989749
8.268e-07,-0.0026959370199897484
8.269e-07,-0.0016178120199897492
8.27e-07,-0.0026959370199897484
8.271e-07,-0.003602187019989749
8.272e-07,-0.0026959370199897484
8.273e-07,-0.0004303090199897497
8.274e-07,0.001304060980010251
8.275e-07,0.0007259409800102513
8.276e-07,-0.0026959370199897484
8.277e-07,-0.007555312019989749
8.278e-07,-0.01069593723185075
8.279e-07,-0.010055312219989749
8.28e-07,-0.006695937019989749
8.281e-07,-0.00246156201998975
8.282e-07,0.001304060980010251
8.283e-07,0.00310094098001025
8.284e-07,0.001304060980010251
8.285e-07,-0.003508437019989749
8.286e-07,-0.006695937019989749
8.287e-07,-0.005399062019989749
8.288e-07,-0.0026959370199897484
8.289e-07,-0.0021334370199897496
8.29e-07,-0.0026959370199897484
8.291e-07,-0.00241468701998975
8.292e-07,-0.0026959370199897484
8.293e-07,-0.0049459370199897495
8.294e-07,-0.006695937019989749
8.295e-07,-0.005242812019989749
8.296e-07,-0.0026959370199897484
8.297e-07,-0.0009615620199897486
8.298e-07,0.001304060980010251
8.299e-07,0.004350940980010251
8.3e-07,0.005304060980010251
8.301e-07,0.0017103109800102514
8.302e-07,-0.0026959370199897484
8.303e-07,-0.0029459370199897495
8.304e-07,0.001304060980010251
8.305e-07,0.005335310980010251
8.306e-07,0.005304060980010251
8.307e-07,0.00016344098001025084
8.308e-07,-0.006695937019989749
8.309e-07,-0.010070937219989749
8.31e-07,-0.006695937019989749
8.311e-07,-3.968901998974844e-05
8.312e-07,0.001304060980010251
8.313e-07,-0.005117812019989749
8.314e-07,-0.01069593723185075
8.315e-07,-0.00819593701998975
8.316e-07,-0.0026959370199897484
8.317e-07,-0.0022271870199897497
8.318e-07,-0.006695937019989749
8.319e-07,-0.01035218721998975
8.32e-07,-0.01069593723185075
8.321e-07,-0.008899062019989749
8.322e-07,-0.006695937019989749
8.323e-07,-0.004602187019989749
8.324e-07,-0.0026959370199897484
8.325e-07,-0.0016803120199897492
8.326e-07,-0.0026959370199897484
8.327e-07,-0.005445937019989749
8.328e-07,-0.006695937019989749
8.329e-07,-0.004836562019989749
8.33e-07,-0.0026959370199897484
8.331e-07,-0.0036646870199897492
8.332e-07,-0.006695937019989749
8.333e-07,-0.00824281201998975
8.334e-07,-0.006695937019989749
8.335e-07,-0.0037428120199897493
8.336e-07,-0.0026959370199897484
8.337e-07,-0.004399062019989749
8.338e-07,-0.006695937019989749
8.339e-07,-0.006305312019989749
8.34e-07,-0.0026959370199897484
8.341e-07,0.0010071909800102516
8.342e-07,0.001304060980010251
8.343e-07,-0.0016490620199897492
8.344e-07,-0.0026959370199897484
8.345e-07,0.0007884409800102514
8.346e-07,0.005304060980010251
8.347e-07,0.005241560980010251
8.348e-07,0.001304060980010251
8.349e-07,-0.003399062019989749
8.35e-07,-0.006695937019989749
8.351e-07,-0.00807093701998975
8.352e-07,-0.006695937019989749
8.353e-07,-0.003508437019989749
8.354e-07,-0.0026959370199897484
8.355e-07,-0.006180312019989749
8.356e-07,-0.01069593723185075
8.357e-07,-0.01199281201998975
8.358e-07,-0.01069593723185075
8.359e-07,-0.00847718701998975
8.36e-07,-0.006695937019989749
8.361e-07,-0.004774062019989749
8.362e-07,-0.0026959370199897484
8.363e-07,-0.0016803120199897492
8.364e-07,-0.0026959370199897484
8.365e-07,-0.004164687019989749
8.366e-07,-0.0026959370199897484
8.367e-07,0.00202281098001025
8.368e-07,0.005304060980010251
8.369e-07,0.0026790609800102505
8.37e-07,-0.0026959370199897484
8.371e-07,-0.005242812019989749
8.372e-07,-0.0026959370199897484
8.373e-07,0.00217906098001025
8.374e-07,0.005304060980010251
8.375e-07,0.00449156098001025
8.376e-07,0.001304060980010251
8.377e-07,-0.0016803120199897492
8.378e-07,-0.0026959370199897484
8.379e-07,-0.00244593701998975
8.38e-07,-0.0026959370199897484
8.381e-07,-0.003399062019989749
8.382e-07,-0.0026959370199897484
8.383e-07,-0.0003053090199897496
8.384e-07,0.001304060980010251
8.385e-07,-7.093901998974847e-05
8.386e-07,-0.0026959370199897484
8.387e-07,-0.0036646870199897492
8.388e-07,-0.0026959370199897484
8.389e-07,-0.0017584370199897493
8.39e-07,-0.0026959370199897484
8.391e-07,-0.00502406201998975
8.392e-07,-0.006695937019989749
8.393e-07,-0.006774062019989749
8.394e-07,-0.006695937019989749
8.395e-07,-0.007180312019989749
8.396e-07,-0.006695937019989749
8.397e-07,-0.003430312019989749
8.398e-07,0.001304060980010251
8.399e-07,0.0037415609800102514
8.4e-07,0.001304060980010251
8.401e-07,-0.00407093701998975
8.402e-07,-0.006695937019989749
8.403e-07,-0.004399062019989749
8.404e-07,-0.0026959370199897484
8.405e-07,-0.00507093701998975
8.406e-07,-0.006695937019989749
8.407e-07,-0.003227187019989749
8.408e-07,0.001304060980010251
8.409e-07,0.0017728109800102514
8.41e-07,0.001304060980010251
8.411e-07,0.004413440980010251
8.412e-07,0.009304060980010251
8.413e-07,0.00991344098001025
8.414e-07,0.005304060980010251
8.415e-07,-0.0018678120199897494
8.416e-07,-0.006695937019989749
8.417e-07,-0.007508437019989749
8.418e-07,-0.006695937019989749
8.419e-07,-0.006680312019989749
8.42e-07,-0.006695937019989749
8.421e-07,-0.005774062019989749
8.422e-07,-0.006695937019989749
8.423e-07,-0.009774062219989749
8.424e-07,-0.01069593723185075
8.425e-07,-0.006524062019989749
8.426e-07,-0.0026959370199897484
8.427e-07,-0.0036959370199897493
8.428e-07,-0.006695937019989749
8.429e-07,-0.006445937019989749
8.43e-07,-0.0026959370199897484
8.431e-07,-0.0002271890199897486
8.432e-07,-0.0026959370199897484
8.433e-07,-0.007399062019989749
8.434e-07,-0.006695937019989749
8.435e-07,0.0006478109800102504
8.436e-07,0.005304060980010251
8.437e-07,0.0005540609800102504
8.438e-07,-0.006695937019989749
8.439e-07,-0.007242812019989749
8.44e-07,-0.0026959370199897484
8.441e-07,-0.0005240590199897498
8.442e-07,-0.0026959370199897484
8.443e-07,-0.004836562019989749
8.444e-07,-0.0026959370199897484
8.445e-07,0.0026790609800102505
8.446e-07,0.005304060980010251
8.447e-07,0.00208531098001025
8.448e-07,-0.0026959370199897484
8.449e-07,-0.0038053120199897494
8.45e-07,-0.0026959370199897484
8.451e-07,-0.0028209370199897485
8.452e-07,-0.0026959370199897484
8.453e-07,0.00030406098001025013
8.454e-07,0.005304060980010251
8.455e-07,0.00869469098001025
8.456e-07,0.009304060980010251
8.457e-07,0.007600940980010252
8.458e-07,0.005304060980010251
8.459e-07,0.00217906098001025
8.46e-07,-0.0026959370199897484
8.461e-07,-0.008430312019989748
8.462e-07,-0.01069593723185075
8.463e-07,-0.007336562019989749
8.464e-07,-0.0026959370199897484
8.465e-07,-0.0013053120199897489
8.466e-07,-0.0026959370199897484
8.467e-07,-0.003305312019989749
8.468e-07,-0.0026959370199897484
8.469e-07,-0.0021646870199897496
8.47e-07,-0.0026959370199897484
8.471e-07,-0.003320937019989749
8.472e-07,-0.0026959370199897484
8.473e-07,-0.0007740620199897484
8.474e-07,0.001304060980010251
8.475e-07,0.0019290609800102516
8.476e-07,0.001304060980010251
8.477e-07,0.0008040609800102506
8.478e-07,0.001304060980010251
8.479e-07,0.0020071909800102507
8.48e-07,0.001304060980010251
8.481e-07,-0.0010084370199897486
8.482e-07,-0.0026959370199897484
8.483e-07,-0.0016646870199897492
8.484e-07,0.001304060980010251
8.485e-07,0.0038821909800102507
8.486e-07,0.005304060980010251
8.487e-07,0.005554060980010251
8.488e-07,0.005304060980010251
8.489e-07,0.0048821909800102516
8.49e-07,0.005304060980010251
8.491e-07,0.006085310980010252
8.492e-07,0.005304060980010251
8.493e-07,0.0017728109800102514
8.494e-07,-0.0026959370199897484
8.495e-07,-0.005649062019989749
8.496e-07,-0.006695937019989749
8.497e-07,-0.005649062019989749
8.498e-07,-0.0026959370199897484
8.499e-07,0.0017728109800102514
8.5e-07,0.005304060980010251
8.501e-07,0.006210310980010252
8.502e-07,0.005304060980010251
8.503e-07,0.004569690980010251
8.504e-07,0.005304060980010251
8.505e-07,0.006272810980010252
8.506e-07,0.005304060980010251
8.507e-07,0.002288440980010251
8.508e-07,0.001304060980010251
8.509e-07,0.0036946909800102505
8.51e-07,0.005304060980010251
8.511e-07,0.003147810980010251
8.512e-07,0.001304060980010251
8.513e-07,0.00322594098001025
8.514e-07,0.005304060980010251
8.515e-07,0.0036009409800102504
8.516e-07,0.001304060980010251
8.517e-07,0.0026478109800102505
8.518e-07,0.005304060980010251
8.519e-07,0.004804060980010251
8.52e-07,0.001304060980010251
8.521e-07,-0.0019459370199897495
8.522e-07,-0.0026959370199897484
8.523e-07,-0.0009615620199897486
8.524e-07,0.001304060980010251
8.525e-07,0.003147810980010251
8.526e-07,0.005304060980010251
8.527e-07,0.007038440980010252
8.528e-07,0.005304060980010251
8.529e-07,-5.530901998974935e-05
8.53e-07,-0.0026959370199897484
8.531e-07,0.0009134409800102515
8.532e-07,0.005304060980010251
8.533e-07,0.00449156098001025
8.534e-07,0.001304060980010251
8.535e-07,0.0005540609800102504
8.536e-07,0.001304060980010251
8.537e-07,2.2810980010251614e-05
8.538e-07,-0.0026959370199897484
8.539e-07,-0.0036646870199897492
8.54e-07,-0.0026959370199897484
8.541e-07,-0.0008678120199897485
8.542e-07,0.001304060980010251
8.543e-07,0.0028040609800102506
8.544e-07,0.001304060980010251
8.545e-07,-0.0020865620199897496
8.546e-07,-0.0026959370199897484
8.547e-07,0.0014759409800102503
8.548e-07,0.005304060980010251
8.549e-07,0.00421031098001025
8.55e-07,0.001304060980010251
8.551e-07,0.0016946909800102505
8.552e-07,0.005304060980010251
8.553e-07,0.00833531098001025
8.554e-07,0.009304060980010251
8.555e-07,0.00817906098001025
8.556e-07,0.005304060980010251
8.557e-07,0.0018665609800102515
8.558e-07,0.001304060980010251
8.559e-07,0.0038821909800102507
8.56e-07,0.005304060980010251
8.561e-07,0.003272810980010251
8.562e-07,0.001304060980010251
8.563e-07,0.0028040609800102506
8.564e-07,0.005304060980010251
8.565e-07,0.004725940980010251
8.566e-07,0.001304060980010251
8.567e-07,-0.0008365620199897485
8.568e-07,0.001304060980010251
8.569e-07,0.006319690980010251
8.57e-07,0.009304060980010251
8.571e-07,0.00771031098001025
8.572e-07,0.005304060980010251
8.573e-07,0.005147810980010251
8.574e-07,0.005304060980010251
8.575e-07,0.003147810980010251
8.576e-07,0.001304060980010251
8.577e-07,0.0026790609800102505
8.578e-07,0.005304060980010251
8.579e-07,0.005022810980010251
8.58e-07,0.001304060980010251
8.581e-07,-0.00239906201998975
8.582e-07,-0.0026959370199897484
8.583e-07,0.00024156098001025007
8.584e-07,0.001304060980010251
8.585e-07,-0.0012428120199897488
8.586e-07,-0.0026959370199897484
8.587e-07,0.0008196909800102514
8.588e-07,0.005304060980010251
8.589e-07,0.005944690980010251
8.59e-07,0.005304060980010251
8.591e-07,0.007116560980010249
8.592e-07,0.009304060980010251
8.593e-07,0.00800719098001025
8.594e-07,0.005304060980010251
8.595e-07,0.0036165609800102513
8.596e-07,0.001304060980010251
8.597e-07,-0.0022271870199897497
8.598e-07,-0.0026959370199897484
8.599e-07,0.0018040609800102515
8.6e-07,0.005304060980010251
8.601e-07,0.0035384409800102504
8.602e-07,0.001304060980010251
8.603e-07,0.004225940980010251
8.604e-07,0.009304060980010251
8.605e-07,0.010819690980010252
8.606e-07,0.009304060980010251
8.607e-07,0.0074603109800102495
8.608e-07,0.005304060980010251
8.609e-07,0.002257190980010251
8.61e-07,0.001304060980010251
8.611e-07,0.0035071909800102503
8.612e-07,0.005304060980010251
8.613e-07,0.0036165609800102513
8.614e-07,0.001304060980010251
8.615e-07,0.00214781098001025
8.616e-07,0.005304060980010251
8.617e-07,0.006975940980010252
8.618e-07,0.005304060980010251
8.619e-07,0.001366560980010251
8.62e-07,-0.0026959370199897484
8.621e-07,-0.004320937019989749
8.622e-07,-0.0026959370199897484
8.623e-07,0.0005228109800102503
8.624e-07,0.001304060980010251
8.625e-07,-0.0010865620199897487
8.626e-07,-0.0026959370199897484
8.627e-07,0.00014781098001025
8.628e-07,0.005304060980010251
8.629e-07,0.00878844098001025
8.63e-07,0.009304060980010251
8.631e-07,0.00777281098001025
8.632e-07,0.005304060980010251
8.633e-07,0.0025853109800102504
8.634e-07,0.001304060980010251
8.635e-07,0.0024603109800102503
8.636e-07,0.005304060980010251
8.637e-07,0.007882190980010252
8.638e-07,0.009304060980010251
8.639e-07,0.00928844098001025
8.64e-07,0.009304060980010251
8.641e-07,0.009522810980010251
8.642e-07,0.009304060980010251
8.643e-07,0.00761656098001025
8.644e-07,0.005304060980010251
8.645e-07,0.003147810980010251
8.646e-07,0.001304060980010251
8.647e-07,-0.000633439019989749
8.648e-07,-0.0026959370199897484
8.649e-07,-0.003524062019989749
8.65e-07,-0.0026959370199897484
8.651e-07,-0.00039905901998974966
8.652e-07,0.001304060980010251
8.653e-07,0.0014759409800102503
8.654e-07,0.001304060980010251
8.655e-07,0.002507190980010251
8.656e-07,0.005304060980010251
8.657e-07,0.00800719098001025
8.658e-07,0.009304060980010251
8.659e-07,0.00810094098001025
8.66e-07,0.005304060980010251
8.661e-07,0.0015228109800102512
8.662e-07,-0.0026959370199897484
8.663e-07,-0.0059146870199897495
8.664e-07,-0.006695937019989749
8.665e-07,-0.004539687019989749
8.666e-07,-0.0026959370199897484
8.667e-07,-0.0027584370199897484
8.668e-07,-0.0026959370199897484
8.669e-07,0.00033531098001025016
8.67e-07,0.005304060980010251
8.671e-07,0.009835310980010252
8.672e-07,0.013304060980010251
8.673e-07,0.014804060980010249
8.674e-07,0.013304060980010251
8.675e-07,0.00771031098001025
8.676e-07,0.001304060980010251
8.677e-07,-0.0027115620199897484
8.678e-07,-0.0026959370199897484
8.679e-07,-0.00028968901998974866
8.68e-07,0.001304060980010251
8.681e-07,0.001241560980010251
8.682e-07,0.001304060980010251
8.683e-07,0.002444690980010251
8.684e-07,0.001304060980010251
8.685e-07,-0.0030865620199897496
8.686e-07,-0.006695937019989749
8.687e-07,-0.004602187019989749
8.688e-07,0.001304060980010251
8.689e-07,0.006491560980010252
8.69e-07,0.009304060980010251
8.691e-07,0.010069690980010251
8.692e-07,0.009304060980010251
8.693e-07,0.007116560980010249
8.694e-07,0.005304060980010251
8.695e-07,0.0048509409800102515
8.696e-07,0.005304060980010251
8.697e-07,0.005397810980010251
8.698e-07,0.005304060980010251
8.699e-07,0.005147810980010251
8.7e-07,0.005304060980010251
8.701e-07,0.005522810980010251
8.702e-07,0.005304060980010251
8.703e-07,0.00503844098001025
8.704e-07,0.005304060980010251
8.705e-07,0.005866560980010252
8.706e-07,0.005304060980010251
8.707e-07,0.00306969098001025
8.708e-07,0.001304060980010251
8.709e-07,0.002257190980010251
8.71e-07,0.005304060980010251
8.711e-07,0.00810094098001025
8.712e-07,0.009304060980010251
8.713e-07,0.00817906098001025
8.714e-07,0.005304060980010251
8.715e-07,0.00230406098001025
8.716e-07,0.001304060980010251
8.717e-07,0.0029915609800102508
8.718e-07,0.005304060980010251
8.719e-07,0.005147810980010251
8.72e-07,0.001304060980010251
8.721e-07,-0.0030396870199897496
8.722e-07,-0.0026959370199897484
8.723e-07,0.0034759409800102503
8.724e-07,0.009304060980010251
8.725e-07,0.00928844098001025
8.726e-07,0.005304060980010251
8.727e-07,0.00310094098001025
8.728e-07,0.005304060980010251
8.729e-07,0.00889781098001025
8.73e-07,0.009304060980010251
8.731e-07,0.005397810980010251
8.732e-07,0.001304060980010251
8.733e-07,0.001304060980010251
8.734e-07,0.005304060980010251
8.735e-07,0.009147810980010251
8.736e-07,0.009304060980010251
8.737e-07,0.006569690980010251
8.738e-07,0.005304060980010251
8.739e-07,0.007272810980010249
8.74e-07,0.009304060980010251
8.741e-07,0.00803844098001025
8.742e-07,0.005304060980010251
8.743e-07,0.00442906098001025
8.744e-07,0.005304060980010251
8.745e-07,0.0056946909800102506
8.746e-07,0.005304060980010251
8.747e-07,0.005147810980010251
8.748e-07,0.005304060980010251
8.749e-07,0.005429060980010251
8.75e-07,0.005304060980010251
8.751e-07,0.005147810980010251
8.752e-07,0.005304060980010251
8.753e-07,0.005491560980010251
8.754e-07,0.005304060980010251
8.755e-07,0.0048196909800102515
8.756e-07,0.005304060980010251
8.757e-07,0.0073353109800102494
8.758e-07,0.009304060980010251
8.759e-07,0.00880406098001025
8.76e-07,0.005304060980010251
8.761e-07,0.0005071909800102511
8.762e-07,-0.0026959370199897484
8.763e-07,-0.0021334370199897496
8.764e-07,0.001304060980010251
8.765e-07,0.0057103109800102515
8.766e-07,0.009304060980010251
8.767e-07,0.010772810980010252
8.768e-07,0.009304060980010251
8.769e-07,0.006225940980010251
8.77e-07,0.005304060980010251
8.771e-07,0.007569690980010252
8.772e-07,0.009304060980010251
8.773e-07,0.00749156098001025
8.774e-07,0.005304060980010251
8.775e-07,0.006179060980010252
8.776e-07,0.009304060980010251
8.777e-07,0.010725940980010252
8.778e-07,0.009304060980010251
8.779e-07,0.006600940980010251
8.78e-07,0.005304060980010251
8.781e-07,0.0057415609800102515
8.782e-07,0.005304060980010251
8.783e-07,0.0028353109800102506
8.784e-07,0.001304060980010251
8.785e-07,0.0019603109800102516
8.786e-07,0.001304060980010251
8.787e-07,-0.0021334370199897496
8.788e-07,-0.0026959370199897484
8.789e-07,0.003272810980010251
8.79e-07,0.009304060980010251
8.791e-07,0.00803844098001025
8.792e-07,0.001304060980010251
8.793e-07,-0.004399062019989749
8.794e-07,-0.006695937019989749
8.795e-07,-0.006914687019989749
8.796e-07,-0.006695937019989749
8.797e-07,-0.005399062019989749
8.798e-07,-0.0026959370199897484
8.799e-07,0.0014134409800102502
8.8e-07,0.005304060980010251
8.801e-07,0.0067884409800102515
8.802e-07,0.005304060980010251
8.803e-07,0.002507190980010251
8.804e-07,0.001304060980010251
8.805e-07,0.002538440980010251
8.806e-07,0.005304060980010251
8.807e-07,0.006600940980010251
8.808e-07,0.005304060980010251
8.809e-07,0.002475940980010251
8.81e-07,0.001304060980010251
8.811e-07,0.00214781098001025
8.812e-07,0.001304060980010251
8.813e-07,-0.0028521870199897485
8.814e-07,-0.006695937019989749
8.815e-07,-0.00605531201998975
8.816e-07,-0.0026959370199897484
8.817e-07,-8.439019989748414e-06
8.818e-07,0.001304060980010251
8.819e-07,0.0028978109800102507
8.82e-07,0.005304060980010251
8.821e-07,0.006647810980010252
8.822e-07,0.005304060980010251
8.823e-07,0.00217906098001025
8.824e-07,0.001304060980010251
8.825e-07,0.0037728109800102515
8.826e-07,0.005304060980010251
8.827e-07,0.0019603109800102516
8.828e-07,-0.0026959370199897484
8.829e-07,-0.00405531201998975
8.83e-07,-0.0026959370199897484
8.831e-07,-0.0009615620199897486
8.832e-07,0.001304060980010251
8.833e-07,0.004475940980010251
8.834e-07,0.005304060980010251
8.835e-07,0.0016165609800102513
8.836e-07,-0.0026959370199897484
8.837e-07,-0.0036646870199897492
8.838e-07,-0.0026959370199897484
8.839e-07,-0.001508437019989749
8.84e-07,0.001304060980010251
8.841e-07,0.00528844098001025
8.842e-07,0.005304060980010251
8.843e-07,-0.0009615620199897486
8.844e-07,-0.006695937019989749
8.845e-07,-0.0049459370199897495
8.846e-07,0.001304060980010251
8.847e-07,0.00538219098001025
8.848e-07,0.005304060980010251
8.849e-07,0.003147810980010251
8.85e-07,0.001304060980010251
8.851e-07,0.0004915609800102503
8.852e-07,0.001304060980010251
8.853e-07,0.003335310980010251
8.854e-07,0.005304060980010251
8.855e-07,0.005725940980010251
8.856e-07,0.005304060980010251
8.857e-07,0.003913440980010251
8.858e-07,0.001304060980010251
8.859e-07,-0.0017428120199897493
8.86e-07,-0.0026959370199897484
8.861e-07,-0.0017740620199897493
8.862e-07,-0.0026959370199897484
8.863e-07,-0.007117812019989749
8.864e-07,-0.01069593723185075
8.865e-07,-0.008492812019989748
8.866e-07,-0.0026959370199897484
8.867e-07,0.0005540609800102504
8.868e-07,-0.0026959370199897484
8.869e-07,-0.009914687219989749
8.87e-07,-0.014695937019989749
8.871e-07,-0.012695937019989749
8.872e-07,-0.006695937019989749
8.873e-07,-0.0022271870199897497
8.874e-07,-0.0026959370199897484
8.875e-07,-0.0058521870199897495
8.876e-07,-0.006695937019989749
8.877e-07,-0.004227187019989749
8.878e-07,-0.0026959370199897484
8.879e-07,-0.004820937019989749
8.88e-07,-0.006695937019989749
8.881e-07,-0.0039928120199897495
8.882e-07,0.001304060980010251
8.883e-07,0.0035071909800102503
8.884e-07,0.001304060980010251
8.885e-07,-0.0030240620199897495
8.886e-07,-0.006695937019989749
8.887e-07,-0.00805531201998975
8.888e-07,-0.006695937019989749
8.889e-07,-0.00410218701998975
8.89e-07,-0.0026959370199897484
8.891e-07,-0.0029615620199897495
8.892e-07,-0.0026959370199897484
8.893e-07,-0.000664689019989749
8.894e-07,0.001304060980010251
8.895e-07,0.0007103109800102505
8.896e-07,-0.0026959370199897484
8.897e-07,-0.006211562019989749
8.898e-07,-0.006695937019989749
8.899e-07,-0.004289687019989749
8.9e-07,-0.0026959370199897484
8.901e-07,-0.003399062019989749
8.902e-07,-0.0026959370199897484
8.903e-07,0.0015384409800102503
8.904e-07,0.005304060980010251
8.905e-07,0.004319690980010251
8.906e-07,0.001304060980010251
8.907e-07,0.00042906098001025024
8.908e-07,0.001304060980010251
8.909e-07,0.00042906098001025024
8.91e-07,-0.0026959370199897484
8.911e-07,-0.0059459370199897495
8.912e-07,-0.006695937019989749
8.913e-07,-0.004789687019989749
8.914e-07,-0.0026959370199897484
8.915e-07,-0.0021803120199897497
8.916e-07,-0.0026959370199897484
8.917e-07,-0.0027271870199897484
8.918e-07,-0.0026959370199897484
8.919e-07,-0.0039146870199897495
8.92e-07,-0.006695937019989749
8.921e-07,-0.00860218701998975
8.922e-07,-0.006695937019989749
8.923e-07,-0.0017896870199897493
8.924e-07,0.001304060980010251
8.925e-07,-0.0003209390199897487
8.926e-07,-0.0026959370199897484
8.927e-07,-0.0016803120199897492
8.928e-07,0.001304060980010251
8.929e-07,0.0014446909800102502
8.93e-07,-0.0026959370199897484
8.931e-07,-0.00821156201998975
8.932e-07,-0.01069593723185075
8.933e-07,-0.009086562019989749
8.934e-07,-0.006695937019989749
8.935e-07,-0.006289687019989749
8.936e-07,-0.006695937019989749
8.937e-07,-0.00508656201998975
8.938e-07,-0.0026959370199897484
8.939e-07,-0.0018521870199897494
8.94e-07,-0.0026959370199897484
8.941e-07,-0.004274062019989749
8.942e-07,-0.006695937019989749
8.943e-07,-0.008758437019989749
8.944e-07,-0.006695937019989749
8.945e-07,-0.00014905901998974944
8.946e-07,0.005304060980010251
8.947e-07,0.004663440980010251
8.948e-07,0.001304060980010251
8.949e-07,-0.0008834370199897485
8.95e-07,-0.0026959370199897484
8.951e-07,-0.005586562019989749
8.952e-07,-0.006695937019989749
8.953e-07,-0.004195937019989749
8.954e-07,-0.0026959370199897484
8.955e-07,-0.0059303120199897495
8.956e-07,-0.01069593723185075
8.957e-07,-0.01102406221998975
8.958e-07,-0.006695937019989749
8.959e-07,-0.001336562019989749
8.96e-07,0.001304060980010251
8.961e-07,0.001210310980010251
8.962e-07,0.001304060980010251
8.963e-07,0.003054060980010251
8.964e-07,0.005304060980010251
8.965e-07,0.0047571909800102515
8.966e-07,0.001304060980010251
8.967e-07,-0.00244593701998975
8.968e-07,-0.0026959370199897484
8.969e-07,7.190980010250703e-06
8.97e-07,0.001304060980010251
8.971e-07,-0.0018990620199897494
8.972e-07,-0.006695937019989749
8.973e-07,-0.008461562019989748
8.974e-07,-0.006695937019989749
8.975e-07,-0.0039146870199897495
8.976e-07,-0.0026959370199897484
8.977e-07,-0.00264906201998975
8.978e-07,-0.0026959370199897484
8.979e-07,-0.00232093701998975
8.98e-07,-0.0026959370199897484
8.981e-07,-0.004602187019989749
8.982e-07,-0.006695937019989749
8.983e-07,-0.006227187019989749
8.984e-07,-0.0026959370199897484
8.985e-07,0.0020071909800102507
8.986e-07,0.005304060980010251
8.987e-07,0.004897810980010251
8.988e-07,0.001304060980010251
8.989e-07,-0.00261781201998975
8.99e-07,-0.0026959370199897484
8.991e-07,0.0014603109800102512
8.992e-07,0.005304060980010251
8.993e-07,0.004725940980010251
8.994e-07,0.001304060980010251
8.995e-07,-0.0015865620199897491
8.996e-07,-0.0026959370199897484
8.997e-07,-0.0027896870199897485
8.998e-07,-0.0026959370199897484
8.999e-07,-0.001555312019989749
9e-07,0.001304060980010251
9.001e-07,0.00449156098001025
9.002e-07,0.005304060980010251
9.003e-07,0.0029603109800102508
9.004e-07,0.001304060980010251
9.005e-07,0.0029603109800102508
9.006e-07,0.005304060980010251
9.007e-07,0.004350940980010251
9.008e-07,0.001304060980010251
9.009e-07,-0.0011178120199897487
9.01e-07,-0.0026959370199897484
9.011e-07,-0.0036803120199897493
9.012e-07,-0.0026959370199897484
9.013e-07,0.0002728109800102501
9.014e-07,0.001304060980010251
9.015e-07,-0.0011178120199897487
9.016e-07,-0.0026959370199897484
9.017e-07,0.0004759409800102511
9.018e-07,0.005304060980010251
9.019e-07,0.006897810980010249
9.02e-07,0.005304060980010251
9.021e-07,0.0029134409800102515
9.022e-07,0.001304060980010251
9.023e-07,0.0004915609800102503
9.024e-07,0.001304060980010251
9.025e-07,0.0035540609800102513
9.026e-07,0.005304060980010251
9.027e-07,0.004413440980010251
9.028e-07,0.001304060980010251
9.029e-07,-0.0017584370199897493
9.03e-07,-0.0026959370199897484
9.031e-07,-0.0010084370199897486
9.032e-07,0.001304060980010251
9.033e-07,0.00211656098001025
9.034e-07,0.001304060980010251
9.035e-07,0.0003978109800102502
9.036e-07,0.001304060980010251
9.037e-07,0.0037571909800102506
9.038e-07,0.005304060980010251
9.039e-07,0.004100940980010251
9.04e-07,0.001304060980010251
9.041e-07,-0.0011803120199897488
9.042e-07,-0.0026959370199897484
9.043e-07,-0.003258437019989749
9.044e-07,-0.0026959370199897484
9.045e-07,-0.0007740620199897484
9.046e-07,0.001304060980010251
9.047e-07,0.0020071909800102507
9.048e-07,0.001304060980010251
9.049e-07,0.0004915609800102503
9.05e-07,0.001304060980010251
9.051e-07,0.0036790609800102514
9.052e-07,0.005304060980010251
9.053e-07,0.004100940980010251
9.054e-07,0.001304060980010251
9.055e-07,-0.0012428120199897488
9.056e-07,-0.0026959370199897484
9.057e-07,-0.003180312019989749
9.058e-07,-0.0026959370199897484
9.059e-07,-0.0008678120199897485
9.06e-07,0.001304060980010251
9.061e-07,0.002319690980010251
9.062e-07,0.001304060980010251
9.063e-07,-0.0010240620199897486
9.064e-07,-0.0026959370199897484
9.065e-07,-0.0018209370199897493
9.066e-07,0.001304060980010251
9.067e-07,0.004288440980010251
9.068e-07,0.005304060980010251
9.069e-07,0.0036790609800102514
9.07e-07,0.001304060980010251
9.071e-07,0.00030406098001025013
9.072e-07,0.001304060980010251
9.073e-07,0.0025853109800102504
9.074e-07,0.001304060980010251
9.075e-07,-0.0029928120199897495
9.076e-07,-0.006695937019989749
9.077e-07,-0.006445937019989749
9.078e-07,-0.0026959370199897484
9.079e-07,0.0019915609800102516
9.08e-07,0.005304060980010251
9.081e-07,0.006382190980010251
9.082e-07,0.005304060980010251
9.083e-07,0.0019290609800102516
9.084e-07,-0.0026959370199897484
9.085e-07,-0.006430312019989749
9.086e-07,-0.006695937019989749
9.087e-07,-0.0031490620199897497
9.088e-07,0.001304060980010251
9.089e-07,0.0029446909800102516
9.09e-07,0.001304060980010251
9.091e-07,-0.001461562019989749
9.092e-07,-0.0026959370199897484
9.093e-07,-0.0022271870199897497
9.094e-07,-0.0026959370199897484
9.095e-07,-0.005149062019989749
9.096e-07,-0.006695937019989749
9.097e-07,-0.005180312019989749
9.098e-07,-0.0026959370199897484
9.099e-07,-0.0020240620199897495
9.1e-07,-0.0026959370199897484
9.101e-07,-0.0027271870199897484
9.102e-07,-0.0026959370199897484
9.103e-07,-0.00413343701998975
9.104e-07,-0.006695937019989749
9.105e-07,-0.00818031201998975
9.106e-07,-0.006695937019989749
9.107e-07,-0.00255531201998975
9.108e-07,0.001304060980010251
9.109e-07,0.0024603109800102503
9.11e-07,0.001304060980010251
9.111e-07,-0.000633439019989749
9.112e-07,-0.0026959370199897484
9.113e-07,-0.0049928120199897496
9.114e-07,-0.006695937019989749
9.115e-07,-0.006180312019989749
9.116e-07,-0.0026959370199897484
9.117e-07,0.002163440980010251
9.118e-07,0.005304060980010251
9.119e-07,0.00433531098001025
9.12e-07,0.001304060980010251
9.121e-07,-0.0011334370199897487
9.122e-07,-0.0026959370199897484
9.123e-07,-0.003570937019989749
9.124e-07,-0.0026959370199897484
9.125e-07,-0.0010709370199897487
9.126e-07,-0.0026959370199897484
9.127e-07,-0.00807093701998975
9.128e-07,-0.01069593723185075
9.129e-07,-0.0058365620199897494
9.13e-07,0.001304060980010251
9.131e-07,0.0037571909800102506
9.132e-07,0.001304060980010251
9.133e-07,-0.0017428120199897493
9.134e-07,-0.0026959370199897484
9.135e-07,-0.00246156201998975
9.136e-07,-0.0026959370199897484
9.137e-07,-0.003320937019989749
9.138e-07,-0.0026959370199897484
9.139e-07,-0.0004615590199897497
9.14e-07,0.001304060980010251
9.141e-07,0.00010094098001025079
9.142e-07,-0.0026959370199897484
9.143e-07,-0.0039928120199897495
9.144e-07,-0.0026959370199897484
9.145e-07,-0.00028968901998974866
9.146e-07,0.001304060980010251
9.147e-07,0.0004915609800102503
9.148e-07,-0.0026959370199897484
9.149e-07,-0.006149062019989749
9.15e-07,-0.006695937019989749
9.151e-07,-0.004274062019989749
9.152e-07,-0.0026959370199897484
9.153e-07,-0.004305312019989749
9.154e-07,-0.006695937019989749
9.155e-07,-0.00608656201998975
9.156e-07,-0.0026959370199897484
9.157e-07,-0.00039905901998974966
9.158e-07,-0.0026959370199897484
9.159e-07,-0.00811781201998975
9.16e-07,-0.01069593723185075
9.161e-07,-0.007352187019989749
9.162e-07,-0.0026959370199897484
9.163e-07,-0.0016646870199897492
9.164e-07,-0.0026959370199897484
9.165e-07,-0.0028365620199897485
9.166e-07,-0.0026959370199897484
9.167e-07,-0.004414687019989749
9.168e-07,-0.006695937019989749
9.169e-07,-0.006289687019989749
9.17e-07,-0.0026959370199897484
9.171e-07,0.00024156098001025007
9.172e-07,-0.0026959370199897484
9.173e-07,-0.01053968721998975
9.174e-07,-0.014695937019989749
9.175e-07,-0.009805312219989749
9.176e-07,-0.0026959370199897484
9.177e-07,-0.0009459370199897486
9.178e-07,-0.0026959370199897484
9.179e-07,-0.0020084370199897495
9.18e-07,0.001304060980010251
9.181e-07,0.0029446909800102516
9.182e-07,0.001304060980010251
9.183e-07,-0.0016959370199897492
9.184e-07,-0.0026959370199897484
9.185e-07,-0.0010084370199897486
9.186e-07,0.001304060980010251
9.187e-07,0.0016321909800102504
9.188e-07,0.001304060980010251
9.189e-07,0.0016009409800102504
9.19e-07,0.001304060980010251
9.191e-07,-0.0008834370199897485
9.192e-07,-0.0026959370199897484
9.193e-07,-0.00260218701998975
9.194e-07,-0.0026959370199897484
9.195e-07,-0.0049303120199897495
9.196e-07,-0.006695937019989749
9.197e-07,-0.005352187019989749
9.198e-07,-0.0026959370199897484
9.199e-07,-0.0016334370199897492
9.2e-07,-0.0026959370199897484
9.201e-07,-0.004477187019989749
9.202e-07,-0.006695937019989749
9.203e-07,-0.009164687019989749
9.204e-07,-0.01069593723185075
9.205e-07,-0.009867812219989749
9.206e-07,-0.006695937019989749
9.207e-07,-0.00233656201998975
9.208e-07,0.001304060980010251
9.209e-07,0.002538440980010251
9.21e-07,0.001304060980010251
9.211e-07,-0.0020709370199897496
9.212e-07,-0.006695937019989749
9.213e-07,-0.01057093721998975
9.214e-07,-0.01069593723185075
9.215e-07,-0.006680312019989749
9.216e-07,-0.0026959370199897484
9.217e-07,-0.0021334370199897496
9.218e-07,-0.0026959370199897484
9.219e-07,-0.0022428120199897497
9.22e-07,-0.0026959370199897484
9.221e-07,-0.005289687019989749
9.222e-07,-0.006695937019989749
9.223e-07,-0.004602187019989749
9.224e-07,-0.0026959370199897484
9.225e-07,-0.005352187019989749
9.226e-07,-0.01069593723185075
9.227e-07,-0.013133437019989749
9.228e-07,-0.01069593723185075
9.229e-07,-0.005586562019989749
9.23e-07,-0.0026959370199897484
9.231e-07,-0.0039615620199897495
9.232e-07,-0.006695937019989749
9.233e-07,-0.006633437019989749
9.234e-07,-0.0026959370199897484
9.235e-07,0.0024915609800102503
9.236e-07,0.005304060980010251
9.237e-07,0.004257190980010251
9.238e-07,0.001304060980010251
9.239e-07,-0.001414687019989749
9.24e-07,-0.0026959370199897484
9.241e-07,-0.0029928120199897495
9.242e-07,-0.0026959370199897484
9.243e-07,-0.001399062019989749
9.244e-07,0.001304060980010251
9.245e-07,0.004163440980010251
9.246e-07,0.005304060980010251
9.247e-07,0.0036165609800102513
9.248e-07,0.001304060980010251
9.249e-07,0.0005696909800102512
9.25e-07,0.001304060980010251
9.251e-07,0.0017103109800102514
9.252e-07,0.001304060980010251
9.253e-07,-0.00013343901998974853
9.254e-07,-0.0026959370199897484
9.255e-07,-0.005586562019989749
9.256e-07,-0.006695937019989749
9.257e-07,-0.00500843701998975
9.258e-07,-0.0026959370199897484
9.259e-07,-0.0019928120199897495
9.26e-07,-0.0026959370199897484
9.261e-07,-0.0031334370199897496
9.262e-07,-0.0026959370199897484
9.263e-07,-0.0021646870199897496
9.264e-07,-0.0026959370199897484
9.265e-07,-0.004524062019989749
9.266e-07,-0.006695937019989749
9.267e-07,-0.007664687019989749
9.268e-07,-0.006695937019989749
9.269e-07,-0.004524062019989749
9.27e-07,-0.0026959370199897484
9.271e-07,-0.0020865620199897496
9.272e-07,-0.0026959370199897484
9.273e-07,-0.003211562019989749
9.274e-07,-0.0026959370199897484
9.275e-07,-0.0019459370199897495
9.276e-07,-0.0026959370199897484
9.277e-07,-0.005164687019989749
9.278e-07,-0.006695937019989749
9.279e-07,-0.004461562019989749
9.28e-07,0.001304060980010251
9.281e-07,0.006163440980010251
9.282e-07,0.005304060980010251
9.283e-07,-0.0012740620199897489
9.284e-07,-0.006695937019989749
9.285e-07,-0.006133437019989749
9.286e-07,-0.0026959370199897484
9.287e-07,-0.001555312019989749
9.288e-07,-0.0026959370199897484
9.289e-07,-0.003274062019989749
9.29e-07,-0.0026959370199897484
9.291e-07,-0.00235218701998975
9.292e-07,-0.0026959370199897484
9.293e-07,-0.0029928120199897495
9.294e-07,-0.0026959370199897484
9.295e-07,-0.00236781201998975
9.296e-07,-0.0026959370199897484
9.297e-07,-0.003508437019989749
9.298e-07,-0.0026959370199897484
9.299e-07,-8.439019989748414e-06
9.3e-07,0.001304060980010251
9.301e-07,-0.001524062019989749
9.302e-07,-0.006695937019989749
9.303e-07,-0.01035218721998975
9.304e-07,-0.01069593723185075
9.305e-07,-0.008617812019989748
9.306e-07,-0.006695937019989749
9.307e-07,-0.005336562019989749
9.308e-07,-0.0026959370199897484
9.309e-07,0.0008665609800102506
9.31e-07,0.001304060980010251
9.311e-07,-0.0030396870199897496
9.312e-07,-0.006695937019989749
9.313e-07,-0.005477187019989749
9.314e-07,-0.0026959370199897484
9.315e-07,-0.003570937019989749
9.316e-07,-0.006695937019989749
9.317e-07,-0.00797718701998975
9.318e-07,-0.006695937019989749
9.319e-07,-0.005524062019989749
9.32e-07,-0.006695937019989749
9.321e-07,-0.009195937019989749
9.322e-07,-0.01069593723185075
9.323e-07,-0.009352187019989749
9.324e-07,-0.006695937019989749
9.325e-07,-0.005414687019989749
9.326e-07,-0.006695937019989749
9.327e-07,-0.00822718701998975
9.328e-07,-0.006695937019989749
9.329e-07,-0.0020709370199897496
9.33e-07,0.001304060980010251
9.331e-07,0.00011656098001024996
9.332e-07,-0.0026959370199897484
9.333e-07,-0.003570937019989749
9.334e-07,-0.0026959370199897484
9.335e-07,-0.00246156201998975
9.336e-07,-0.0026959370199897484
9.337e-07,-0.00253968701998975
9.338e-07,-0.0026959370199897484
9.339e-07,-0.004399062019989749
9.34e-07,-0.006695937019989749
9.341e-07,-0.007727187019989749
9.342e-07,-0.006695937019989749
9.343e-07,-0.004242812019989749
9.344e-07,-0.0026959370199897484
9.345e-07,-0.0027896870199897485
9.346e-07,-0.0026959370199897484
9.347e-07,-0.0017584370199897493
9.348e-07,-0.0026959370199897484
9.349e-07,-0.0058990620199897495
9.35e-07,-0.006695937019989749
9.351e-07,-0.00260218701998975
9.352e-07,0.001304060980010251
9.353e-07,0.00010094098001025079
9.354e-07,-0.0026959370199897484
9.355e-07,-0.0020553120199897496
9.356e-07,0.001304060980010251
9.357e-07,0.0028196909800102515
9.358e-07,0.001304060980010251
9.359e-07,-0.001336562019989749
9.36e-07,-0.0026959370199897484
9.361e-07,-0.0026959370199897484
9.362e-07,-0.0026959370199897484
9.363e-07,-0.004274062019989749
9.364e-07,-0.006695937019989749
9.365e-07,-0.007758437019989749
9.366e-07,-0.006695937019989749
9.367e-07,-0.004320937019989749
9.368e-07,-0.0026959370199897484
9.369e-07,-0.003414687019989749
9.37e-07,-0.006695937019989749
9.371e-07,-0.010086562219989749
9.372e-07,-0.01069593723185075
9.373e-07,-0.007336562019989749
9.374e-07,-0.0026959370199897484
9.375e-07,-0.0006178090199897499
9.376e-07,-0.0026959370199897484
9.377e-07,-0.006258437019989749
9.378e-07,-0.006695937019989749
9.379e-07,-0.0027740620199897485
9.38e-07,0.001304060980010251
9.381e-07,0.0010071909800102516
9.382e-07,-0.0026959370199897484
9.383e-07,-0.00503968701998975
9.384e-07,-0.0026959370199897484
9.385e-07,0.0024290609800102503
9.386e-07,0.005304060980010251
9.387e-07,0.0026790609800102505
9.388e-07,-0.0026959370199897484
9.389e-07,-0.005445937019989749
9.39e-07,-0.0026959370199897484
9.391e-07,0.0027415609800102506
9.392e-07,0.005304060980010251
9.393e-07,0.00221031098001025
9.394e-07,-0.0026959370199897484
9.395e-07,-0.004633437019989749
9.396e-07,-0.0026959370199897484
9.397e-07,0.0002571909800102509
9.398e-07,0.001304060980010251
9.399e-07,-0.00013343901998974853
9.4e-07,-0.0026959370199897484
9.401e-07,-0.0049771870199897495
9.402e-07,-0.006695937019989749
9.403e-07,-0.007492812019989749
9.404e-07,-0.006695937019989749
9.405e-07,-0.004227187019989749
9.406e-07,-0.0026959370199897484
9.407e-07,-0.0029771870199897495
9.408e-07,-0.0026959370199897484
9.409e-07,-0.00024280901998974952
9.41e-07,0.001304060980010251
9.411e-07,-0.0005084390199897489
9.412e-07,-0.0026959370199897484
9.413e-07,-0.0018678120199897494
9.414e-07,0.001304060980010251
9.415e-07,0.0036321909800102505
9.416e-07,0.005304060980010251
9.417e-07,0.006241560980010252
9.418e-07,0.005304060980010251
9.419e-07,0.0014290609800102511
9.42e-07,-0.0026959370199897484
9.421e-07,-0.00500843701998975
9.422e-07,-0.006695937019989749
9.423e-07,-0.009008437019989749
9.424e-07,-0.01069593723185075
9.425e-07,-0.00958656201998975
9.426e-07,-0.006695937019989749
9.427e-07,-0.0039303120199897495
9.428e-07,-0.0026959370199897484
9.429e-07,-0.00247718701998975
9.43e-07,-0.0026959370199897484
9.431e-07,-0.0027271870199897484
9.432e-07,-0.0026959370199897484
9.433e-07,-0.0028365620199897485
9.434e-07,-0.0026959370199897484
9.435e-07,-0.00238343701998975
9.436e-07,-0.0026959370199897484
9.437e-07,-0.003508437019989749
9.438e-07,-0.0026959370199897484
9.439e-07,-5.530901998974935e-05
9.44e-07,0.001304060980010251
9.441e-07,-0.0006178090199897499
9.442e-07,-0.0026959370199897484
9.443e-07,-0.0016646870199897492
9.444e-07,0.001304060980010251
9.445e-07,0.0026478109800102505
9.446e-07,0.001304060980010251
9.447e-07,-0.0011803120199897488
9.448e-07,-0.0026959370199897484
9.449e-07,-0.0027271870199897484
9.45e-07,-0.0026959370199897484
9.451e-07,-0.003227187019989749
9.452e-07,-0.0026959370199897484
9.453e-07,-0.0003053090199897496
9.454e-07,0.001304060980010251
9.455e-07,0.0006634409800102513
9.456e-07,0.001304060980010251
9.457e-07,0.004413440980010251
9.458e-07,0.005304060980010251
9.459e-07,0.0010384409800102516
9.46e-07,-0.0026959370199897484
9.461e-07,-0.0012428120199897488
9.462e-07,0.001304060980010251
9.463e-07,-0.0010240620199897486
9.464e-07,-0.006695937019989749
9.465e-07,-0.00941468701998975
9.466e-07,-0.006695937019989749
9.467e-07,-0.001352187019989749
9.468e-07,0.001304060980010251
9.469e-07,-0.0003053090199897496
9.47e-07,-0.0026959370199897484
9.471e-07,-0.0018521870199897494
9.472e-07,0.001304060980010251
9.473e-07,0.0028353109800102506
9.474e-07,0.001304060980010251
9.475e-07,-0.001555312019989749
9.476e-07,-0.0026959370199897484
9.477e-07,-0.0012740620199897489
9.478e-07,0.001304060980010251
9.479e-07,0.0024290609800102503
9.48e-07,0.001304060980010251
9.481e-07,-0.0008990620199897485
9.482e-07,-0.0026959370199897484
9.483e-07,-0.003258437019989749
9.484e-07,-0.0026959370199897484
9.485e-07,-0.0019615620199897495
9.486e-07,-0.0026959370199897484
9.487e-07,-0.00405531201998975
9.488e-07,-0.0026959370199897484
9.489e-07,0.0019290609800102516
9.49e-07,0.005304060980010251
9.491e-07,0.00408531098001025
9.492e-07,0.001304060980010251
9.493e-07,0.0007259409800102513
9.494e-07,0.001304060980010251
9.495e-07,2.2810980010251614e-05
9.496e-07,-0.0026959370199897484
9.497e-07,-0.0040240620199897496
9.498e-07,-0.0026959370199897484
9.499e-07,-8.439019989748414e-06
9.5e-07,0.001304060980010251
9.501e-07,0.0007571909800102514
9.502e-07,0.001304060980010251
9.503e-07,0.003944690980010251
9.504e-07,0.005304060980010251
9.505e-07,0.003116560980010251
9.506e-07,0.001304060980010251
9.507e-07,0.0029915609800102508
9.508e-07,0.005304060980010251
9.509e-07,0.003147810980010251
9.51e-07,-0.0026959370199897484
9.511e-07,-0.007180312019989749
9.512e-07,-0.006695937019989749
9.513e-07,-0.0022896870199897498
9.514e-07,0.001304060980010251
9.515e-07,0.0008040609800102506
9.516e-07,-0.0026959370199897484
9.517e-07,-0.004664687019989749
9.518e-07,-0.0026959370199897484
9.519e-07,0.0010540609800102508
9.52e-07,0.001304060980010251
9.521e-07,-0.0030709370199897496
9.522e-07,-0.006695937019989749
9.523e-07,-0.004617812019989749
9.524e-07,0.001304060980010251
9.525e-07,0.005304060980010251
9.526e-07,0.005304060980010251
9.527e-07,0.0029603109800102508
9.528e-07,0.001304060980010251
9.529e-07,0.0010384409800102516
9.53e-07,0.001304060980010251
9.531e-07,0.00021031098001025005
9.532e-07,-0.0026959370199897484
9.533e-07,-0.005742812019989749
9.534e-07,-0.006695937019989749
9.535e-07,-0.0049615620199897495
9.536e-07,-0.0026959370199897484
9.537e-07,-0.0018990620199897494
9.538e-07,-0.0026959370199897484
9.539e-07,-0.003211562019989749
9.54e-07,-0.0026959370199897484
9.541e-07,-0.0008209370199897485
9.542e-07,0.001304060980010251
9.543e-07,0.002225940980010251
9.544e-07,0.001304060980010251
9.545e-07,-0.0010084370199897486
9.546e-07,-0.0026959370199897484
9.547e-07,-0.0011021870199897487
9.548e-07,0.005304060980010251
9.549e-07,0.01244469098001025
9.55e-07,0.013304060980010251
9.551e-07,0.00544469098001025
9.552e-07,-0.0026959370199897484
9.553e-07,-0.003352187019989749
9.554e-07,0.001304060980010251
9.555e-07,0.0038196909800102506
9.556e-07,0.001304060980010251
9.557e-07,-0.003570937019989749
9.558e-07,-0.006695937019989749
9.559e-07,-0.00602406201998975
9.56e-07,-0.0026959370199897484
9.561e-07,0.0006634409800102513
9.562e-07,0.001304060980010251
9.563e-07,-0.000633439019989749
9.564e-07,-0.0026959370199897484
9.565e-07,-0.003274062019989749
9.566e-07,-0.0026959370199897484
9.567e-07,-0.0022896870199897498
9.568e-07,-0.0026959370199897484
9.569e-07,-0.003180312019989749
9.57e-07,-0.0026959370199897484
9.571e-07,-0.0020553120199897496
9.572e-07,-0.0026959370199897484
9.573e-07,-0.0049459370199897495
9.574e-07,-0.006695937019989749
9.575e-07,-0.005617812019989749
9.576e-07,-0.0026959370199897484
9.577e-07,-0.0009615620199897486
9.578e-07,-0.0026959370199897484
9.579e-07,-0.007086562019989749
9.58e-07,-0.01069593723185075
9.581e-07,-0.01044593721998975
9.582e-07,-0.006695937019989749
9.583e-07,-0.0018365620199897494
9.584e-07,0.001304060980010251
9.585e-07,0.0019134409800102507
9.586e-07,0.001304060980010251
9.587e-07,-7.093901998974847e-05
9.588e-07,-0.0026959370199897484
9.589e-07,-0.0058834370199897495
9.59e-07,-0.006695937019989749
9.591e-07,-0.003477187019989749
9.592e-07,0.001304060980010251
9.593e-07,0.003272810980010251
9.594e-07,0.001304060980010251
9.595e-07,-0.0020709370199897496
9.596e-07,-0.0026959370199897484
9.597e-07,-8.439019989748414e-06
9.598e-07,0.001304060980010251
9.599e-07,-0.0010084370199897486
9.6e-07,-0.0026959370199897484
9.601e-07,-0.0005553090199897498
9.602e-07,0.001304060980010251
9.603e-07,-0.0009303120199897486
9.604e-07,-0.0026959370199897484
9.605e-07,0.0005228109800102503
9.606e-07,0.005304060980010251
9.607e-07,0.006241560980010252
9.608e-07,0.005304060980010251
9.609e-07,0.00538219098001025
9.61e-07,0.005304060980010251
9.611e-07,0.00208531098001025
9.612e-07,-0.0026959370199897484
9.613e-07,-0.0058834370199897495
9.614e-07,-0.006695937019989749
9.615e-07,-0.006524062019989749
9.616e-07,-0.006695937019989749
9.617e-07,-0.0068209370199897494
9.618e-07,-0.006695937019989749
9.619e-07,-0.005289687019989749
9.62e-07,-0.0026959370199897484
9.621e-07,-0.0007896870199897484
9.622e-07,-0.0026959370199897484
9.623e-07,-0.006727187019989749
9.624e-07,-0.006695937019989749
9.625e-07,-0.00038343901998974875
9.626e-07,0.005304060980010251
9.627e-07,0.003397810980010251
9.628e-07,-0.0026959370199897484
9.629e-07,-0.005508437019989749
9.63e-07,-0.0026959370199897484
9.631e-07,0.00217906098001025
9.632e-07,0.005304060980010251
9.633e-07,0.0046790609800102505
9.634e-07,0.001304060980010251
9.635e-07,-0.0022428120199897497
9.636e-07,-0.0026959370199897484
9.637e-07,-0.00036780901998974963
9.638e-07,0.001304060980010251
9.639e-07,-0.00011780901998974941
9.64e-07,-0.0026959370199897484
9.641e-07,-0.003617812019989749
9.642e-07,-0.0026959370199897484
9.643e-07,-0.0018521870199897494
9.644e-07,-0.0026959370199897484
9.645e-07,-0.004774062019989749
9.646e-07,-0.006695937019989749
9.647e-07,-0.007195937019989749
9.648e-07,-0.006695937019989749
9.649e-07,-0.005258437019989749
9.65e-07,-0.0026959370199897484
9.651e-07,0.0004759409800102511
9.652e-07,0.001304060980010251
9.653e-07,-0.0009615620199897486
9.654e-07,-0.0026959370199897484
9.655e-07,-0.0013053120199897489
9.656e-07,0.001304060980010251
9.657e-07,0.0018040609800102515
9.658e-07,0.001304060980010251
9.659e-07,0.00224156098001025
9.66e-07,0.005304060980010251
9.661e-07,0.007272810980010249
9.662e-07,0.005304060980010251
9.663e-07,-0.0007740620199897484
9.664e-07,-0.006695937019989749
9.665e-07,-0.00860218701998975
9.666e-07,-0.006695937019989749
9.667e-07,-0.00403968701998975
9.668e-07,-0.0026959370199897484
9.669e-07,-0.00263343701998975
9.67e-07,-0.0026959370199897484
9.671e-07,-0.00236781201998975
9.672e-07,-0.0026959370199897484
9.673e-07,-0.004242812019989749
9.674e-07,-0.006695937019989749
9.675e-07,-0.008852187019989749
9.676e-07,-0.01069593723185075
9.677e-07,-0.01172718701998975
9.678e-07,-0.01069593723185075
9.679e-07,-0.007008437019989749
9.68e-07,-0.0026959370199897484
9.681e-07,0.00014781098001025
9.682e-07,0.001304060980010251
9.683e-07,0.0014446909800102502
9.684e-07,0.001304060980010251
9.685e-07,2.2810980010251614e-05
9.686e-07,-0.0026959370199897484
9.687e-07,-0.0058834370199897495
9.688e-07,-0.006695937019989749
9.689e-07,-0.004617812019989749
9.69e-07,-0.0026959370199897484
9.691e-07,-0.0037584370199897493
9.692e-07,-0.006695937019989749
9.693e-07,-0.00807093701998975
9.694e-07,-0.006695937019989749
9.695e-07,-0.00405531201998975
9.696e-07,-0.0026959370199897484
9.697e-07,-0.0030084370199897495
9.698e-07,-0.0026959370199897484
9.699e-07,-0.0005084390199897489
9.7e-07,0.001304060980010251
9.701e-07,0.00010094098001025079
9.702e-07,-0.0026959370199897484
9.703e-07,-0.004852187019989749
9.704e-07,-0.006695937019989749
9.705e-07,-0.00807093701998975
9.706e-07,-0.006695937019989749
9.707e-07,-0.0021803120199897497
9.708e-07,0.001304060980010251
9.709e-07,0.000319690980010251
9.71e-07,-0.0026959370199897484
9.711e-07,-0.0028053120199897485
9.712e-07,0.001304060980010251
9.713e-07,0.0057103109800102515
9.714e-07,0.005304060980010251
9.715e-07,-0.0008365620199897485
9.716e-07,-0.006695937019989749
9.717e-07,-0.006867812019989749
9.718e-07,-0.0026959370199897484
9.719e-07,0.0008978109800102507
9.72e-07,0.001304060980010251
9.721e-07,-0.0006178090199897499
9.722e-07,-0.0026959370199897484
9.723e-07,-0.003586562019989749
9.724e-07,-0.0026959370199897484
9.725e-07,-0.0005396890199897489
9.726e-07,0.001304060980010251
9.727e-07,0.0017728109800102514
9.728e-07,0.001304060980010251
9.729e-07,-0.00016468901998974855
9.73e-07,-0.0026959370199897484
9.731e-07,-0.005633437019989749
9.732e-07,-0.006695937019989749
9.733e-07,-0.004852187019989749
9.734e-07,-0.0026959370199897484
9.735e-07,-0.00232093701998975
9.736e-07,-0.0026959370199897484
9.737e-07,-0.00232093701998975
9.738e-07,-0.0026959370199897484
9.739e-07,-0.004852187019989749
9.74e-07,-0.006695937019989749
9.741e-07,-0.005508437019989749
9.742e-07,-0.0026959370199897484
9.743e-07,-0.0004615590199897497
9.744e-07,0.001304060980010251
9.745e-07,0.0024290609800102503
9.746e-07,0.001304060980010251
9.747e-07,-0.0018365620199897494
9.748e-07,-0.0026959370199897484
9.749e-07,0.0008509409800102515
9.75e-07,0.005304060980010251
9.751e-07,0.00538219098001025
9.752e-07,0.001304060980010251
9.753e-07,-0.0027896870199897485
9.754e-07,-0.0026959370199897484
9.755e-07,0.0006946909800102513
9.756e-07,0.001304060980010251
9.757e-07,-0.0030709370199897496
9.758e-07,-0.006695937019989749
9.759e-07,-0.005164687019989749
9.76e-07,-0.0026959370199897484
9.761e-07,-0.003195937019989749
9.762e-07,-0.0026959370199897484
9.763e-07,0.00325719098001025
9.764e-07,0.009304060980010251
9.765e-07,0.00800719098001025
9.766e-07,0.001304060980010251
9.767e-07,-0.004727187019989749
9.768e-07,-0.006695937019989749
9.769e-07,-0.004383437019989749
9.77e-07,0.001304060980010251
9.771e-07,0.007382190980010252
9.772e-07,0.009304060980010251
9.773e-07,0.004694690980010251
9.774e-07,-0.0026959370199897484
9.775e-07,-0.007258437019989749
9.776e-07,-0.006695937019989749
9.777e-07,-0.00235218701998975
9.778e-07,0.001304060980010251
9.779e-07,0.00202281098001025
9.78e-07,0.001304060980010251
9.781e-07,0.00110094098001025
9.782e-07,0.001304060980010251
9.783e-07,0.00106969098001025
9.784e-07,0.001304060980010251
9.785e-07,0.0030071909800102516
9.786e-07,0.005304060980010251
9.787e-07,0.006007190980010251
9.788e-07,0.005304060980010251
9.789e-07,0.0036009409800102504
9.79e-07,0.001304060980010251
9.791e-07,-0.0011178120199897487
9.792e-07,-0.0026959370199897484
9.793e-07,-0.0028521870199897485
9.794e-07,-0.0026959370199897484
9.795e-07,-0.0027896870199897485
9.796e-07,-0.0026959370199897484
9.797e-07,-0.0012584370199897488
9.798e-07,0.001304060980010251
9.799e-07,0.003929060980010252
9.8e-07,0.005304060980010251
9.801e-07,0.00528844098001025
9.802e-07,0.005304060980010251
9.803e-07,0.005554060980010251
9.804e-07,0.005304060980010251
9.805e-07,0.003460310980010251
9.806e-07,0.001304060980010251
9.807e-07,0.0004915609800102503
9.808e-07,0.001304060980010251
9.809e-07,0.002100940980010251
9.81e-07,0.001304060980010251
9.811e-07,-0.0009459370199897486
9.812e-07,-0.0026959370199897484
9.813e-07,-0.0018990620199897494
9.814e-07,0.001304060980010251
9.815e-07,0.0046478109800102505
9.816e-07,0.005304060980010251
9.817e-07,0.003054060980010251
9.818e-07,0.001304060980010251
9.819e-07,0.0015384409800102503
9.82e-07,0.001304060980010251
9.821e-07,-0.0010240620199897486
9.822e-07,-0.0026959370199897484
9.823e-07,-0.0010240620199897486
9.824e-07,0.001304060980010251
9.825e-07,0.0006321909800102513
9.826e-07,-0.0026959370199897484
9.827e-07,-0.004617812019989749
9.828e-07,-0.0026959370199897484
9.829e-07,0.0018821909800102506
9.83e-07,0.005304060980010251
9.831e-07,0.005616560980010251
9.832e-07,0.005304060980010251
9.833e-07,0.006929060980010249
9.834e-07,0.009304060980010251
9.835e-07,0.00889781098001025
9.836e-07,0.005304060980010251
9.837e-07,0.0003978109800102502
9.838e-07,-0.0026959370199897484
9.839e-07,-0.00235218701998975
9.84e-07,0.001304060980010251
9.841e-07,0.006225940980010251
9.842e-07,0.009304060980010251
9.843e-07,0.00863219098001025
9.844e-07,0.005304060980010251
9.845e-07,0.0010540609800102508
9.846e-07,-0.0026959370199897484
9.847e-07,-0.004352187019989749
9.848e-07,-0.0026959370199897484
9.849e-07,0.0017728109800102514
9.85e-07,0.005304060980010251
9.851e-07,0.004710310980010251
9.852e-07,0.001304060980010251
9.853e-07,-0.0016178120199897492
9.854e-07,-0.0026959370199897484
9.855e-07,-0.0016334370199897492
9.856e-07,0.001304060980010251
9.857e-07,0.004600940980010251
9.858e-07,0.005304060980010251
9.859e-07,0.0027259409800102514
9.86e-07,0.001304060980010251
9.861e-07,0.00328844098001025
9.862e-07,0.005304060980010251
9.863e-07,0.0037884409800102506
9.864e-07,0.001304060980010251
9.865e-07,0.0010384409800102516
9.866e-07,0.001304060980010251
9.867e-07,-0.0005553090199897498
9.868e-07,-0.0026959370199897484
9.869e-07,-0.0026959370199897484
9.87e-07,-0.0026959370199897484
9.871e-07,-0.0037428120199897493
9.872e-07,-0.0026959370199897484
9.873e-07,0.00208531098001025
9.874e-07,0.005304060980010251
9.875e-07,0.0034446909800102503
9.876e-07,0.001304060980010251
9.877e-07,0.003147810980010251
9.878e-07,0.005304060980010251
9.879e-07,0.003460310980010251
9.88e-07,0.001304060980010251
9.881e-07,0.0028978109800102507
9.882e-07,0.005304060980010251
9.883e-07,0.00408531098001025
9.884e-07,0.001304060980010251
9.885e-07,0.0006009409800102512
9.886e-07,0.001304060980010251
9.887e-07,0.0014290609800102511
9.888e-07,0.001304060980010251
9.889e-07,0.0026634409800102513
9.89e-07,0.005304060980010251
9.891e-07,0.006741560980010252
9.892e-07,0.005304060980010251
9.893e-07,0.002163440980010251
9.894e-07,0.001304060980010251
9.895e-07,0.004725940980010251
9.896e-07,0.009304060980010251
9.897e-07,0.009929060980010252
9.898e-07,0.005304060980010251
9.899e-07,-0.0008521870199897485
9.9e-07,-0.0026959370199897484
9.901e-07,0.0011478109800102509
9.902e-07,0.005304060980010251
9.903e-07,0.005788440980010251
9.904e-07,0.005304060980010251
9.905e-07,0.007194690980010252
9.906e-07,0.009304060980010251
9.907e-07,0.00814781098001025
9.908e-07,0.005304060980010251
9.909e-07,0.004288440980010251
9.91e-07,0.005304060980010251
9.911e-07,0.006022810980010252
9.912e-07,0.005304060980010251
9.913e-07,0.00433531098001025
9.914e-07,0.005304060980010251
9.915e-07,0.00808531098001025
9.916e-07,0.009304060980010251
9.917e-07,0.007304060980010249
9.918e-07,0.005304060980010251
9.919e-07,0.006444690980010251
9.92e-07,0.009304060980010251
9.921e-07,0.010335310980010252
9.922e-07,0.009304060980010251
9.923e-07,0.00847594098001025
9.924e-07,0.009304060980010251
9.925e-07,0.010413440980010251
9.926e-07,0.009304060980010251
9.927e-07,0.005179060980010251
9.928e-07,0.001304060980010251
9.929e-07,0.001179060980010251
9.93e-07,0.005304060980010251
9.931e-07,0.010413440980010251
9.932e-07,0.013304060980010251
9.933e-07,0.01258531098001025
9.934e-07,0.009304060980010251
9.935e-07,0.00510094098001025
9.936e-07,0.001304060980010251
9.937e-07,-0.0022740620199897497
9.938e-07,-0.006695937019989749
9.939e-07,-0.00953968701998975
9.94e-07,-0.006695937019989749
9.941e-07,0.002225940980010251
9.942e-07,0.009304060980010251
9.943e-07,0.009022810980010251
9.944e-07,0.005304060980010251
9.945e-07,0.00417906098001025
9.946e-07,0.005304060980010251
9.947e-07,0.005460310980010251
9.948e-07,0.005304060980010251
9.949e-07,0.0068353109800102525
9.95e-07,0.009304060980010251
9.951e-07,0.009054060980010251
9.952e-07,0.005304060980010251
9.953e-07,3.844098001025073e-05
9.954e-07,-0.0026959370199897484
9.955e-07,-0.0002271890199897486
9.956e-07,0.005304060980010251
9.957e-07,0.00944469098001025
9.958e-07,0.009304060980010251
9.959e-07,0.005429060980010251
9.96e-07,0.001304060980010251
9.961e-07,-0.0002115590199897495
9.962e-07,0.001304060980010251
9.963e-07,0.00396031098001025
9.964e-07,0.005304060980010251
9.965e-07,0.00503844098001025
9.966e-07,0.005304060980010251
9.967e-07,0.006225940980010251
9.968e-07,0.005304060980010251
9.969e-07,0.001304060980010251
9.97e-07,-0.0026959370199897484
9.971e-07,-0.00260218701998975
9.972e-07,0.001304060980010251
9.973e-07,0.00519469098001025
9.974e-07,0.005304060980010251
9.975e-07,0.002413440980010251
9.976e-07,0.001304060980010251
9.977e-07,0.0037103109800102514
9.978e-07,0.005304060980010251
9.979e-07,0.003147810980010251
9.98e-07,0.001304060980010251
9.981e-07,0.004257190980010251
9.982e-07,0.009304060980010251
9.983e-07,0.010147810980010252
9.984e-07,0.005304060980010251
9.985e-07,-0.0008521870199897485
9.986e-07,-0.0026959370199897484
9.987e-07,0.0009290609800102507
9.988e-07,0.005304060980010251
9.989e-07,0.006272810980010252
9.99e-07,0.005304060980010251
9.991e-07,0.006007190980010251
9.992e-07,0.009304060980010251
9.993e-07,0.011507190980010252
9.994e-07,0.009304060980010251
9.995e-07,0.003944690980010251
9.996e-07,0.001304060980010251
9.997e-07,0.0035384409800102504
9.998e-07,0.005304060980010251
9.999e-07,0.0018821909800102506
1e-06,-0.0026959370199897484
1.0001e-06,-0.00246156201998975
1.0002e-06,0.001304060980010251
1.0003e-06,0.004163440980010251
1.0004e-06,0.005304060980010251
1.0005e-06,0.005929060980010252
1.0006e-06,0.005304060980010251
1.0007e-06,0.0028821909800102515
1.0008e-06,0.001304060980010251
1.0009e-06,0.0016321909800102504
1.001e-06,0.001304060980010251
1.0011e-06,-0.0011803120199897488
1.0012e-06,-0.0026959370199897484
1.0013e-06,-0.0008053120199897484
1.0014e-06,0.001304060980010251
1.0015e-06,0.00030406098001025013
1.0016e-06,-0.0026959370199897484
1.0017e-06,-0.0038990620199897495
1.0018e-06,-0.0026959370199897484
1.0019e-06,-0.0006021890199897489
1.002e-06,0.001304060980010251
1.0021e-06,0.003147810980010251
1.0022e-06,0.005304060980010251
1.0023e-06,0.007507190980010252
1.0024e-06,0.009304060980010251
1.0025e-06,0.00888219098001025
1.0026e-06,0.005304060980010251
1.0027e-06,0.00010094098001025079
1.0028e-06,-0.0026959370199897484
1.0029e-06,-0.0013053120199897489
1.003e-06,0.001304060980010251
1.0031e-06,0.0019446909800102507
1.0032e-06,0.001304060980010251
1.0033e-06,0.002100940980010251
1.0034e-06,0.005304060980010251
1.0035e-06,0.00864781098001025
1.0036e-06,0.009304060980010251
1.0037e-06,0.006975940980010252
1.0038e-06,0.005304060980010251
1.0039e-06,0.005616560980010251
1.004e-06,0.005304060980010251
1.0041e-06,0.0016946909800102505
1.0042e-06,-0.0026959370199897484
1.0043e-06,-0.0039771870199897495
1.0044e-06,-0.0026959370199897484
1.0045e-06,-0.0017428120199897493
1.0046e-06,-0.0026959370199897484
1.0047e-06,-0.0036803120199897493
1.0048e-06,-0.0026959370199897484
1.0049e-06,0.0010384409800102516
1.005e-06,0.005304060980010251
1.0051e-06,0.006991560980010249
1.0052e-06,0.005304060980010251
1.0053e-06,0.00205406098001025
1.0054e-06,0.001304060980010251
1.0055e-06,0.0036009409800102504
1.0056e-06,0.005304060980010251
1.0057e-06,0.0036946909800102505
1.0058e-06,0.001304060980010251
1.0059e-06,8.531098001024993e-05
1.006e-06,-0.0026959370199897484
1.0061e-06,-0.00803968701998975
1.0062e-06,-0.01069593723185075
1.0063e-06,-0.0059615620199897496
1.0064e-06,0.001304060980010251
1.0065e-06,0.00494469098001025
1.0066e-06,0.005304060980010251
1.0067e-06,0.005366560980010251
1.0068e-06,0.005304060980010251
1.0069e-06,0.003397810980010251
1.007e-06,0.001304060980010251
1.0071e-06,0.0006946909800102513
1.0072e-06,0.001304060980010251
1.0073e-06,0.0013821909800102502
1.0074e-06,0.001304060980010251
1.0075e-06,0.0006165609800102504
1.0076e-06,-0.0026959370199897484
1.0077e-06,-0.00785218701998975
1.0078e-06,-0.01069593723185075
1.0079e-06,-0.00869593701998975
1.008e-06,-0.006695937019989749
1.0081e-06,-0.007258437019989749
1.0082e-06,-0.006695937019989749
1.0083e-06,-0.0011803120199897488
1.0084e-06,0.005304060980010251
1.0085e-06,0.007257190980010252
1.0086e-06,0.005304060980010251
1.0087e-06,0.0037884409800102506
1.0088e-06,0.005304060980010251
1.0089e-06,0.006929060980010249
1.009e-06,0.005304060980010251
1.0091e-06,0.0002728109800102501
1.0092e-06,-0.0026959370199897484
1.0093e-06,2.2810980010251614e-05
1.0094e-06,0.005304060980010251
1.0095e-06,0.006491560980010252
1.0096e-06,0.001304060980010251
1.0097e-06,-0.005430312019989749
1.0098e-06,-0.006695937019989749
1.0099e-06,-0.0007271870199897484
1.01e-06,0.005304060980010251
1.0101e-06,0.00510094098001025
1.0102e-06,0.001304060980010251
1.0103e-06,-0.00038343901998974875
1.0104e-06,0.001304060980010251
1.0105e-06,0.0036009409800102504
1.0106e-06,0.005304060980010251
1.0107e-06,0.006116560980010252
1.0108e-06,0.005304060980010251
1.0109e-06,0.0019134409800102507
1.011e-06,-0.0026959370199897484
1.0111e-06,-0.006195937019989749
1.0112e-06,-0.006695937019989749
1.0113e-06,-0.004445937019989749
1.0114e-06,-0.0026959370199897484
1.0115e-06,-0.0029459370199897495
1.0116e-06,-0.0026959370199897484
1.0117e-06,-0.0003365590199897496
1.0118e-06,0.001304060980010251
1.0119e-06,-0.00024280901998974952
1.012e-06,-0.0026959370199897484
1.0121e-06,-0.0029615620199897495
1.0122e-06,-0.0026959370199897484
1.0123e-06,-0.004445937019989749
1.0124e-06,-0.006695937019989749
1.0125e-06,-0.007086562019989749
1.0126e-06,-0.006695937019989749
1.0127e-06,-0.0059771870199897496
1.0128e-06,-0.0026959370199897484
1.0129e-06,0.0028978109800102507
1.013e-06,0.005304060980010251
1.0131e-06,0.0013821909800102502
1.0132e-06,-0.0026959370199897484
1.0133e-06,-0.0016021870199897491
1.0134e-06,0.001304060980010251
1.0135e-06,0.00042906098001025024
1.0136e-06,-0.0026959370199897484
1.0137e-06,-0.004774062019989749
1.0138e-06,-0.006695937019989749
1.0139e-06,-0.00953968701998975
1.014e-06,-0.01069593723185075
1.0141e-06,-0.007336562019989749
1.0142e-06,-0.0026959370199897484
1.0143e-06,-0.0011021870199897487
1.0144e-06,-0.0026959370199897484
1.0145e-06,-0.00408656201998975
1.0146e-06,-0.0026959370199897484
1.0147e-06,0.001366560980010251
1.0148e-06,0.005304060980010251
1.0149e-06,0.00547594098001025
1.015e-06,0.001304060980010251
1.0151e-06,-0.004524062019989749
1.0152e-06,-0.006695937019989749
1.0153e-06,-0.003555312019989749
1.0154e-06,0.001304060980010251
1.0155e-06,0.003147810980010251
1.0156e-06,0.001304060980010251
1.0157e-06,-0.0016178120199897492
1.0158e-06,-0.0026959370199897484
1.0159e-06,-0.0021646870199897496
1.016e-06,-0.0026959370199897484
1.0161e-06,-0.00507093701998975
1.0162e-06,-0.006695937019989749
1.0163e-06,-0.005133437019989749
1.0164e-06,-0.0026959370199897484
1.0165e-06,-0.0021490620199897496
1.0166e-06,-0.0026959370199897484
1.0167e-06,-0.00246156201998975
1.0168e-06,-0.0026959370199897484
1.0169e-06,-0.0037428120199897493
1.017e-06,-0.0026959370199897484
1.0171e-06,0.0016321909800102504
1.0172e-06,0.005304060980010251
1.0173e-06,0.00433531098001025
1.0174e-06,0.001304060980010251
1.0175e-06,0.00010094098001025079
1.0176e-06,0.001304060980010251
1.0177e-06,0.002257190980010251
1.0178e-06,0.001304060980010251
1.0179e-06,-0.0010709370199897487
1.018e-06,-0.0026959370199897484
1.0181e-06,-0.0027896870199897485
1.0182e-06,-0.0026959370199897484
1.0183e-06,-0.003242812019989749
1.0184e-06,-0.0026959370199897484
1.0185e-06,-0.0002271890199897486
1.0186e-06,0.001304060980010251
1.0187e-06,-0.0003365590199897496
1.0188e-06,-0.0026959370199897484
1.0189e-06,-0.0030240620199897495
1.019e-06,-0.0026959370199897484
1.0191e-06,-0.00407093701998975
1.0192e-06,-0.006695937019989749
1.0193e-06,-0.00796156201998975
1.0194e-06,-0.006695937019989749
1.0195e-06,-0.0039303120199897495
1.0196e-06,-0.0026959370199897484
1.0197e-06,-0.003336562019989749
1.0198e-06,-0.0026959370199897484
1.0199e-06,0.0002571909800102509
1.02e-06,0.001304060980010251
1.0201e-06,-0.001508437019989749
1.0202e-06,-0.0026959370199897484
1.0203e-06,0.0013821909800102502
1.0204e-06,0.005304060980010251
1.0205e-06,0.0027415609800102506
1.0206e-06,-0.0026959370199897484
1.0207e-06,-0.004680312019989749
1.0208e-06,-0.0026959370199897484
1.0209e-06,-0.0002271890199897486
1.021e-06,0.001304060980010251
1.0211e-06,0.0018821909800102506
1.0212e-06,0.001304060980010251
1.0213e-06,-0.0006490590199897499
1.0214e-06,-0.0026959370199897484
1.0215e-06,-0.003414687019989749
1.0216e-06,-0.0026959370199897484
1.0217e-06,-0.0017428120199897493
1.0218e-06,-0.0026959370199897484
1.0219e-06,-0.005414687019989749
1.022e-06,-0.006695937019989749
1.0221e-06,-0.004789687019989749
1.0222e-06,-0.0026959370199897484
1.0223e-06,-0.0027740620199897485
1.0224e-06,-0.0026959370199897484
1.0225e-06,-0.0004615590199897497
1.0226e-06,0.001304060980010251
1.0227e-06,-0.00024280901998974952
1.0228e-06,-0.0026959370199897484
1.0229e-06,-0.0030240620199897495
1.023e-06,-0.0026959370199897484
1.0231e-06,-0.004149062019989749
1.0232e-06,-0.006695937019989749
1.0233e-06,-0.0077896870199897494
1.0234e-06,-0.006695937019989749
1.0235e-06,-0.004524062019989749
1.0236e-06,-0.0026959370199897484
1.0237e-06,-0.0012584370199897488
1.0238e-06,0.001304060980010251
1.0239e-06,0.00446031098001025
1.024e-06,0.005304060980010251
1.0241e-06,0.0018978109800102515
1.0242e-06,-0.0026959370199897484
1.0243e-06,-0.005258437019989749
1.0244e-06,-0.006695937019989749
1.0245e-06,-0.008899062019989749
1.0246e-06,-0.01069593723185075
1.0247e-06,-0.009727187219989749
1.0248e-06,-0.006695937019989749
1.0249e-06,-0.0028209370199897485
1.025e-06,0.001304060980010251
1.0251e-06,0.004866560980010251
1.0252e-06,0.005304060980010251
1.0253e-06,0.0015540609800102512
1.0254e-06,-0.0026959370199897484
1.0255e-06,-0.00403968701998975
1.0256e-06,-0.0026959370199897484
1.0257e-06,-0.0008365620199897485
1.0258e-06,0.001304060980010251
1.0259e-06,0.0028040609800102506
1.026e-06,0.001304060980010251
1.0261e-06,-0.003305312019989749
1.0262e-06,-0.006695937019989749
1.0263e-06,-0.005555312019989749
1.0264e-06,-0.0026959370199897484
1.0265e-06,-0.0018834370199897494
1.0266e-06,-0.0026959370199897484
1.0267e-06,-0.0020709370199897496
1.0268e-06,0.001304060980010251
1.0269e-06,0.00494469098001025
1.027e-06,0.005304060980010251
1.0271e-06,0.0014603109800102512
1.0272e-06,-0.0026959370199897484
1.0273e-06,-0.0037428120199897493
1.0274e-06,-0.0026959370199897484
1.0275e-06,-0.0022896870199897498
1.0276e-06,-0.0026959370199897484
1.0277e-06,-0.00263343701998975
1.0278e-06,-0.0026959370199897484
1.0279e-06,-0.003258437019989749
1.028e-06,-0.0026959370199897484
1.0281e-06,-0.00028968901998974866
1.0282e-06,0.001304060980010251
1.0283e-06,0.0008196909800102514
1.0284e-06,0.001304060980010251
1.0285e-06,0.004007190980010251
1.0286e-06,0.005304060980010251
1.0287e-06,0.0018509409800102506
1.0288e-06,-0.0026959370199897484
1.0289e-06,-0.0038990620199897495
1.029e-06,-0.0026959370199897484
1.0291e-06,-0.0022271870199897497
1.0292e-06,-0.0026959370199897484
1.0293e-06,-0.0026959370199897484
1.0294e-06,-0.0026959370199897484
1.0295e-06,-0.0031178120199897496
1.0296e-06,-0.0026959370199897484
1.0297e-06,-0.00047718901998974883
1.0298e-06,0.001304060980010251
1.0299e-06,0.00128844098001025
1.03e-06,0.001304060980010251
1.0301e-06,0.0020384409800102508
1.0302e-06,0.001304060980010251
1.0303e-06,-0.0017271870199897493
1.0304e-06,-0.0026959370199897484
1.0305e-06,0.0010540609800102508
1.0306e-06,0.005304060980010251
1.0307e-06,0.00494469098001025
1.0308e-06,0.001304060980010251
1.0309e-06,-0.0015865620199897491
1.031e-06,-0.0026959370199897484
1.0311e-06,-0.0029459370199897495
1.0312e-06,-0.0026959370199897484
1.0313e-06,-0.0012271870199897488
1.0314e-06,0.001304060980010251
1.0315e-06,0.003913440980010251
1.0316e-06,0.005304060980010251
1.0317e-06,0.005210310980010251
1.0318e-06,0.005304060980010251
1.0319e-06,0.0058040609800102515
1.032e-06,0.005304060980010251
1.0321e-06,0.0027728109800102506
1.0322e-06,0.001304060980010251
1.0323e-06,0.0026790609800102505
1.0324e-06,0.005304060980010251
1.0325e-06,0.005116560980010251
1.0326e-06,0.001304060980010251
1.0327e-06,-0.0038365620199897494
1.0328e-06,-0.006695937019989749
1.0329e-06,-0.006477187019989749
1.033e-06,-0.006695937019989749
1.0331e-06,-0.008930312019989749
1.0332e-06,-0.01069593723185075
1.0333e-06,-0.008977187019989749
1.0334e-06,-0.006695937019989749
1.0335e-06,-0.006414687019989749
1.0336e-06,-0.006695937019989749
1.0337e-06,-0.004586562019989749
1.0338e-06,-0.0026959370199897484
1.0339e-06,-0.0029459370199897495
1.034e-06,-0.0026959370199897484
1.0341e-06,-0.00025843901998974864
1.0342e-06,0.001304060980010251
1.0343e-06,0.00011656098001024996
1.0344e-06,0.001304060980010251
1.0345e-06,0.007600940980010252
1.0346e-06,0.013304060980010251
1.0347e-06,0.01146031098001025
1.0348e-06,0.005304060980010251
1.0349e-06,0.0002728109800102501
1.035e-06,-0.0026959370199897484
1.0351e-06,-0.004367812019989749
1.0352e-06,-0.0026959370199897484
1.0353e-06,0.002507190980010251
1.0354e-06,0.005304060980010251
1.0355e-06,0.0019134409800102507
1.0356e-06,-0.0026959370199897484
1.0357e-06,-0.00239906201998975
1.0358e-06,0.001304060980010251
1.0359e-06,0.00417906098001025
1.036e-06,0.005304060980010251
1.0361e-06,0.0057728109800102515
1.0362e-06,0.005304060980010251
1.0363e-06,0.00319469098001025
1.0364e-06,0.001304060980010251
1.0365e-06,0.0009446909800102515
1.0366e-06,0.001304060980010251
1.0367e-06,0.001304060980010251
1.0368e-06,0.001304060980010251
1.0369e-06,0.0024290609800102503
1.037e-06,0.005304060980010251
1.0371e-06,0.007382190980010252
1.0372e-06,0.005304060980010251
1.0373e-06,-0.00016468901998974855
1.0374e-06,-0.0026959370199897484
1.0375e-06,0.0010384409800102516
1.0376e-06,0.005304060980010251
1.0377e-06,0.0035384409800102504
1.0378e-06,-0.0026959370199897484
1.0379e-06,-0.007086562019989749
1.038e-06,-0.006695937019989749
1.0381e-06,-0.0027896870199897485
1.0382e-06,0.001304060980010251
1.0383e-06,0.003944690980010251
1.0384e-06,0.005304060980010251
1.0385e-06,0.005757190980010251
1.0386e-06,0.005304060980010251
1.0387e-06,0.0034446909800102503
1.0388e-06,0.001304060980010251
1.0389e-06,0.0004446909800102511
1.039e-06,0.001304060980010251
1.0391e-06,0.00211656098001025
1.0392e-06,0.001304060980010251
1.0393e-06,-0.0011178120199897487
1.0394e-06,-0.0026959370199897484
1.0395e-06,-0.001367812019989749
1.0396e-06,0.001304060980010251
1.0397e-06,0.0026478109800102505
1.0398e-06,0.001304060980010251
1.0399e-06,-0.001336562019989749
1.04e-06,-0.0026959370199897484
1.0401e-06,-0.001492812019989749
1.0402e-06,0.001304060980010251
1.0403e-06,0.003929060980010252
1.0404e-06,0.005304060980010251
1.0405e-06,0.00550719098001025
1.0406e-06,0.005304060980010251
1.0407e-06,0.004100940980010251
1.0408e-06,0.001304060980010251
1.0409e-06,-0.0020396870199897495
1.041e-06,-0.0026959370199897484
1.0411e-06,0.0007571909800102514
1.0412e-06,0.005304060980010251
1.0413e-06,0.007022810980010249
1.0414e-06,0.005304060980010251
1.0415e-06,0.0024915609800102503
1.0416e-06,0.001304060980010251
1.0417e-06,0.0016321909800102504
1.0418e-06,0.001304060980010251
1.0419e-06,5.406098001024991e-05
1.042e-06,0.001304060980010251
1.0421e-06,0.006054060980010252
1.0422e-06,0.009304060980010251
1.0423e-06,0.006554060980010252
1.0424e-06,0.001304060980010251
1.0425e-06,-0.0016334370199897492
1.0426e-06,-0.0026959370199897484
1.0427e-06,-0.003508437019989749
1.0428e-06,-0.0026959370199897484
1.0429e-06,0.00116344098001025
1.043e-06,0.005304060980010251
1.0431e-06,0.005429060980010251
1.0432e-06,0.001304060980010251
1.0433e-06,-0.0028990620199897494
1.0434e-06,-0.0026959370199897484
1.0435e-06,0.0019446909800102507
1.0436e-06,0.005304060980010251
1.0437e-06,0.0028978109800102507
1.0438e-06,-0.0026959370199897484
1.0439e-06,-0.005367812019989749
1.044e-06,-0.0026959370199897484
1.0441e-06,0.0025853109800102504
1.0442e-06,0.005304060980010251
1.0443e-06,0.0037884409800102506
1.0444e-06,0.001304060980010251
1.0445e-06,0.0016165609800102513
1.0446e-06,0.005304060980010251
1.0447e-06,0.00875719098001025
1.0448e-06,0.009304060980010251
1.0449e-06,0.007116560980010249
1.045e-06,0.005304060980010251
1.0451e-06,0.00519469098001025
1.0452e-06,0.005304060980010251
1.0453e-06,0.0026790609800102505
1.0454e-06,-0.0026959370199897484
1.0455e-06,-0.007227187019989749
1.0456e-06,-0.006695937019989749
1.0457e-06,-0.0007271870199897484
1.0458e-06,0.005304060980010251
1.0459e-06,0.006882190980010252
1.046e-06,0.005304060980010251
1.0461e-06,0.0035696909800102504
1.0462e-06,0.001304060980010251
1.0463e-06,-0.0018209370199897493
1.0464e-06,-0.0026959370199897484
1.0465e-06,-0.0003053090199897496
1.0466e-06,0.001304060980010251
1.0467e-06,-0.0008053120199897484
1.0468e-06,-0.0026959370199897484
1.0469e-06,0.0002728109800102501
1.047e-06,0.005304060980010251
1.0471e-06,0.006335310980010252
1.0472e-06,0.001304060980010251
1.0473e-06,-0.006274062019989749
1.0474e-06,-0.01069593723185075
1.0475e-06,-0.007680312019989749
1.0476e-06,0.001304060980010251
1.0477e-06,0.010288440980010251
1.0478e-06,0.013304060980010251
1.0479e-06,0.00855406098001025
1.048e-06,0.001304060980010251
1.0481e-06,-0.0018678120199897494
1.0482e-06,0.001304060980010251
1.0483e-06,0.007116560980010249
1.0484e-06,0.009304060980010251
1.0485e-06,0.0047571909800102515
1.0486e-06,-0.0026959370199897484
1.0487e-06,-0.006414687019989749
1.0488e-06,-0.0026959370199897484
1.0489e-06,0.005241560980010251
1.049e-06,0.009304060980010251
1.0491e-06,0.006163440980010251
1.0492e-06,0.001304060980010251
1.0493e-06,0.001179060980010251
1.0494e-06,0.005304060980010251
1.0495e-06,0.007882190980010252
1.0496e-06,0.005304060980010251
1.0497e-06,-5.530901998974935e-05
1.0498e-06,-0.0026959370199897484
1.0499e-06,2.2810980010251614e-05
1.05e-06,0.005304060980010251
1.0501e-06,0.00786656098001025
1.0502e-06,0.005304060980010251
1.0503e-06,0.00113219098001025
1.0504e-06,0.001304060980010251
1.0505e-06,0.006257190980010251
1.0506e-06,0.009304060980010251
1.0507e-06,0.005960310980010252
1.0508e-06,0.001304060980010251
1.0509e-06,0.0016009409800102504
1.051e-06,0.005304060980010251
1.0511e-06,0.006960310980010249
1.0512e-06,0.005304060980010251
1.0513e-06,0.0028353109800102506
1.0514e-06,0.001304060980010251
1.0515e-06,0.0009603109800102507
1.0516e-06,0.001304060980010251
1.0517e-06,0.0026634409800102513
1.0518e-06,0.005304060980010251
1.0519e-06,0.00841344098001025
1.052e-06,0.009304060980010251
1.0521e-06,0.007116560980010249
1.0522e-06,0.005304060980010251
1.0523e-06,0.006663440980010251
1.0524e-06,0.009304060980010251
1.0525e-06,0.009960310980010252
1.0526e-06,0.009304060980010251
1.0527e-06,0.008991560980010251
1.0528e-06,0.009304060980010251
1.0529e-06,0.009147810980010251
1.053e-06,0.009304060980010251
1.0531e-06,0.00972594098001025
1.0532e-06,0.009304060980010251
1.0533e-06,0.007272810980010249
1.0534e-06,0.005304060980010251
1.0535e-06,0.0047571909800102515
1.0536e-06,0.005304060980010251
1.0537e-06,0.004725940980010251
1.0538e-06,0.001304060980010251
1.0539e-06,-0.0027115620199897484
1.054e-06,-0.0026959370199897484
1.0541e-06,0.00230406098001025
1.0542e-06,0.005304060980010251
1.0543e-06,0.0019446909800102507
1.0544e-06,-0.0026959370199897484
1.0545e-06,-0.0022271870199897497
1.0546e-06,0.001304060980010251
1.0547e-06,0.0036634409800102505
1.0548e-06,0.005304060980010251
1.0549e-06,0.007944690980010249
1.055e-06,0.009304060980010251
1.0551e-06,0.006319690980010251
1.0552e-06,0.001304060980010251
1.0553e-06,-0.0012115620199897488
1.0554e-06,0.001304060980010251
1.0555e-06,0.006366560980010252
1.0556e-06,0.009304060980010251
1.0557e-06,0.007819690980010252
1.0558e-06,0.005304060980010251
1.0559e-06,0.004929060980010251
1.056e-06,0.005304060980010251
1.0561e-06,0.0029134409800102515
1.0562e-06,-0.0026959370199897484
1.0563e-06,-0.007383437019989749
1.0564e-06,-0.006695937019989749
1.0565e-06,-0.0005396890199897489
1.0566e-06,0.005304060980010251
1.0567e-06,0.006554060980010252
1.0568e-06,0.005304060980010251
1.0569e-06,0.00510094098001025
1.057e-06,0.005304060980010251
1.0571e-06,0.0036165609800102513
1.0572e-06,0.001304060980010251
1.0573e-06,0.0006790609800102505
1.0574e-06,0.001304060980010251
1.0575e-06,0.0013821909800102502
1.0576e-06,0.001304060980010251
1.0577e-06,0.0016009409800102504
1.0578e-06,0.001304060980010251
1.0579e-06,0.0004915609800102503
1.058e-06,0.001304060980010251
1.0581e-06,0.004163440980010251
1.0582e-06,0.005304060980010251
1.0583e-06,0.00303844098001025
1.0584e-06,0.001304060980010251
1.0585e-06,0.003147810980010251
1.0586e-06,0.005304060980010251
1.0587e-06,0.003944690980010251
1.0588e-06,0.001304060980010251
1.0589e-06,0.0016321909800102504
1.059e-06,0.005304060980010251
1.0591e-06,0.00880406098001025
1.0592e-06,0.009304060980010251
1.0593e-06,0.007054060980010249
1.0594e-06,0.005304060980010251
1.0595e-06,0.005522810980010251
1.0596e-06,0.005304060980010251
1.0597e-06,0.0029915609800102508
1.0598e-06,0.001304060980010251
1.0599e-06,0.0027728109800102506
1.06e-06,0.005304060980010251
1.0601e-06,0.0057728109800102515
1.0602e-06,0.005304060980010251
1.0603e-06,0.006491560980010252
1.0604e-06,0.009304060980010251
1.0605e-06,0.010944690980010252
1.0606e-06,0.009304060980010251
1.0607e-06,0.00497594098001025
1.0608e-06,0.001304060980010251
1.0609e-06,0.0005853109800102504
1.061e-06,0.001304060980010251
1.0611e-06,0.001397810980010251
1.0612e-06,0.001304060980010251
1.0613e-06,0.0026634409800102513
1.0614e-06,0.005304060980010251
1.0615e-06,0.007882190980010252
1.0616e-06,0.009304060980010251
1.0617e-06,0.00953844098001025
1.0618e-06,0.009304060980010251
1.0619e-06,0.00811656098001025
1.062e-06,0.005304060980010251
1.0621e-06,0.0017884409800102506
1.0622e-06,0.001304060980010251
1.0623e-06,0.005147810980010251
1.0624e-06,0.009304060980010251
1.0625e-06,0.009116560980010251
1.0626e-06,0.005304060980010251
1.0627e-06,0.0018509409800102506
1.0628e-06,0.001304060980010251
1.0629e-06,0.00322594098001025
1.063e-06,0.005304060980010251
1.0631e-06,0.005882190980010251
1.0632e-06,0.005304060980010251
1.0633e-06,0.004866560980010251
1.0634e-06,0.005304060980010251
1.0635e-06,0.005913440980010251
1.0636e-06,0.005304060980010251
1.0637e-06,0.0033821909800102502
1.0638e-06,0.001304060980010251
1.0639e-06,0.0004446909800102511
1.064e-06,0.001304060980010251
1.0641e-06,0.00316344098001025
1.0642e-06,0.005304060980010251
1.0643e-06,0.0073665609800102495
1.0644e-06,0.009304060980010251
1.0645e-06,0.010304060980010252
1.0646e-06,0.009304060980010251
1.0647e-06,0.0057103109800102515
1.0648e-06,0.001304060980010251
1.0649e-06,-0.0018678120199897494
1.065e-06,-0.0026959370199897484
1.0651e-06,-0.001399062019989749
1.0652e-06,0.001304060980010251
1.0653e-06,0.00421031098001025
1.0654e-06,0.005304060980010251
1.0655e-06,0.0038978109800102516
1.0656e-06,0.001304060980010251
1.0657e-06,-0.0007896870199897484
1.0658e-06,-0.0026959370199897484
1.0659e-06,-0.0038053120199897494
1.066e-06,-0.0026959370199897484
1.0661e-06,0.00116344098001025
1.0662e-06,0.005304060980010251
1.0663e-06,0.006647810980010252
1.0664e-06,0.005304060980010251
1.0665e-06,0.00399156098001025
1.0666e-06,0.005304060980010251
1.0667e-06,0.00819469098001025
1.0668e-06,0.009304060980010251
1.0669e-06,0.005975940980010251
1.067e-06,0.001304060980010251
1.0671e-06,-0.0005709390199897489
1.0672e-06,0.001304060980010251
1.0673e-06,0.004319690980010251
1.0674e-06,0.005304060980010251
1.0675e-06,0.0026634409800102513
1.0676e-06,-0.0026959370199897484
1.0677e-06,-0.007180312019989749
1.0678e-06,-0.006695937019989749
1.0679e-06,-0.0007740620199897484
1.068e-06,0.005304060980010251
1.0681e-06,0.007038440980010252
1.0682e-06,0.005304060980010251
1.0683e-06,0.0029446909800102516
1.0684e-06,0.001304060980010251
1.0685e-06,-0.0005396890199897489
1.0686e-06,-0.0026959370199897484
1.0687e-06,-0.0038678120199897494
1.0688e-06,-0.0026959370199897484
1.0689e-06,-8.439019989748414e-06
1.069e-06,0.001304060980010251
1.0691e-06,-0.0003209390199897487
1.0692e-06,-0.0026959370199897484
1.0693e-06,-0.0031178120199897496
1.0694e-06,-0.0026959370199897484
1.0695e-06,-0.0027896870199897485
1.0696e-06,-0.0026959370199897484
1.0697e-06,-0.0009459370199897486
1.0698e-06,0.001304060980010251
1.0699e-06,0.00208531098001025
1.07e-06,0.001304060980010251
1.0701e-06,0.0005071909800102511
1.0702e-06,0.001304060980010251
1.0703e-06,0.003460310980010251
1.0704e-06,0.005304060980010251
1.0705e-06,0.00553844098001025
1.0706e-06,0.005304060980010251
1.0707e-06,0.00538219098001025
1.0708e-06,0.005304060980010251
1.0709e-06,0.0037103109800102514
1.071e-06,0.001304060980010251
1.0711e-06,0.00010094098001025079
1.0712e-06,0.001304060980010251
1.0713e-06,0.00399156098001025
1.0714e-06,0.005304060980010251
1.0715e-06,0.0037728109800102515
1.0716e-06,0.001304060980010251
1.0717e-06,0.00042906098001025024
1.0718e-06,0.001304060980010251
1.0719e-06,0.0029134409800102515
1.072e-06,0.005304060980010251
1.0721e-06,0.007944690980010249
1.0722e-06,0.009304060980010251
1.0723e-06,0.00783531098001025
1.0724e-06,0.005304060980010251
1.0725e-06,0.003210310980010251
1.0726e-06,0.001304060980010251
1.0727e-06,-0.0010084370199897486
1.0728e-06,-0.0026959370199897484
1.0729e-06,-0.0027896870199897485
1.073e-06,-0.0026959370199897484
1.0731e-06,-0.003180312019989749
1.0732e-06,-0.0026959370199897484
1.0733e-06,-0.00024280901998974952
1.0734e-06,0.001304060980010251
1.0735e-06,0.0008040609800102506
1.0736e-06,0.001304060980010251
1.0737e-06,0.004319690980010251
1.0738e-06,0.005304060980010251
1.0739e-06,0.00116344098001025
1.074e-06,-0.0026959370199897484
1.0741e-06,-0.001555312019989749
1.0742e-06,0.001304060980010251
1.0743e-06,0.0015853109800102513
1.0744e-06,0.001304060980010251
1.0745e-06,0.0034446909800102503
1.0746e-06,0.005304060980010251
1.0747e-06,0.0028040609800102506
1.0748e-06,-0.0026959370199897484
1.0749e-06,-0.005633437019989749
1.075e-06,-0.0026959370199897484
1.0751e-06,0.00421031098001025
1.0752e-06,0.009304060980010251
1.0753e-06,0.00866344098001025
1.0754e-06,0.005304060980010251
1.0755e-06,0.0036790609800102514
1.0756e-06,0.005304060980010251
1.0757e-06,0.007038440980010252
1.0758e-06,0.005304060980010251
1.0759e-06,0.0004446909800102511
1.076e-06,-0.0026959370199897484
1.0761e-06,-0.00236781201998975
1.0762e-06,-0.0026959370199897484
1.0763e-06,-0.005805312019989749
1.0764e-06,-0.006695937019989749
1.0765e-06,-0.0011803120199897488
1.0766e-06,0.005304060980010251
1.0767e-06,0.0058040609800102515
1.0768e-06,0.001304060980010251
1.0769e-06,-0.00233656201998975
1.077e-06,-0.0026959370199897484
1.0771e-06,-0.0018834370199897494
1.0772e-06,-0.0026959370199897484
1.0773e-06,-0.005227187019989749
1.0774e-06,-0.006695937019989749
1.0775e-06,-0.004242812019989749
1.0776e-06,0.001304060980010251
1.0777e-06,0.005616560980010251
1.0778e-06,0.005304060980010251
1.0779e-06,0.0008978109800102507
1.078e-06,-0.0026959370199897484
1.0781e-06,-0.0020709370199897496
1.0782e-06,0.001304060980010251
1.0783e-06,0.003210310980010251
1.0784e-06,0.001304060980010251
1.0785e-06,-0.003180312019989749
1.0786e-06,-0.006695937019989749
1.0787e-06,-0.007274062019989749
1.0788e-06,-0.006695937019989749
1.0789e-06,-0.005633437019989749
1.079e-06,-0.0026959370199897484
1.0791e-06,0.00233531098001025
1.0792e-06,0.005304060980010251
1.0793e-06,0.0035071909800102503
1.0794e-06,0.001304060980010251
1.0795e-06,0.0026634409800102513
1.0796e-06,0.005304060980010251
1.0797e-06,0.004600940980010251
1.0798e-06,0.001304060980010251
1.0799e-06,-0.0017740620199897493
1.08e-06,-0.0026959370199897484
1.0801e-06,-0.00255531201998975
1.0802e-06,-0.0026959370199897484
1.0803e-06,-0.0031178120199897496
1.0804e-06,-0.0026959370199897484
1.0805e-06,-0.0016178120199897492
1.0806e-06,-0.0026959370199897484
1.0807e-06,-0.006867812019989749
1.0808e-06,-0.01069593723185075
1.0809e-06,-0.010070937219989749
1.081e-06,-0.006695937019989749
1.0811e-06,-0.0038990620199897495
1.0812e-06,-0.0026959370199897484
1.0813e-06,-0.00238343701998975
1.0814e-06,-0.0026959370199897484
1.0815e-06,-0.003352187019989749
1.0816e-06,-0.0026959370199897484
1.0817e-06,-0.00024280901998974952
1.0818e-06,0.001304060980010251
1.0819e-06,-0.0002115590199897495
1.082e-06,-0.0026959370199897484
1.0821e-06,-0.004524062019989749
1.0822e-06,-0.006695937019989749
1.0823e-06,-0.00863343701998975
1.0824e-06,-0.006695937019989749
1.0825e-06,0.00010094098001025079
1.0826e-06,0.005304060980010251
1.0827e-06,0.003210310980010251
1.0828e-06,-0.0026959370199897484
1.0829e-06,-0.005352187019989749
1.083e-06,-0.0026959370199897484
1.0831e-06,0.00211656098001025
1.0832e-06,0.005304060980010251
1.0833e-06,0.0046165609800102505
1.0834e-06,0.001304060980010251
1.0835e-06,-0.0020865620199897496
1.0836e-06,-0.0026959370199897484
1.0837e-06,-0.0003521890199897487
1.0838e-06,0.001304060980010251
1.0839e-06,3.844098001025073e-05
1.084e-06,-0.0026959370199897484
1.0841e-06,-0.004789687019989749
1.0842e-06,-0.006695937019989749
1.0843e-06,-0.007242812019989749
1.0844e-06,-0.0026959370199897484
1.0845e-06,0.006897810980010249
1.0846e-06,0.013304060980010251
1.0847e-06,0.010632190980010251
1.0848e-06,0.005304060980010251
1.0849e-06,0.004163440980010251
1.085e-06,0.005304060980010251
1.0851e-06,0.0037259409800102505
1.0852e-06,0.001304060980010251
1.0853e-06,0.0010228109800102508
1.0854e-06,0.001304060980010251
1.0855e-06,-0.0007271870199897484
1.0856e-06,-0.0026959370199897484
1.0857e-06,-0.001445937019989749
1.0858e-06,0.001304060980010251
1.0859e-06,0.002413440980010251
1.086e-06,0.001304060980010251
1.0861e-06,-0.0007740620199897484
1.0862e-06,-0.0026959370199897484
1.0863e-06,-0.0036646870199897492
1.0864e-06,-0.0026959370199897484
1.0865e-06,-0.0002271890199897486
1.0866e-06,0.001304060980010251
1.0867e-06,0.00014781098001025
1.0868e-06,-0.0026959370199897484
1.0869e-06,-0.005258437019989749
1.087e-06,-0.006695937019989749
1.0871e-06,-0.007070937019989749
1.0872e-06,-0.006695937019989749
1.0873e-06,-0.005180312019989749
1.0874e-06,-0.0026959370199897484
1.0875e-06,-0.00016468901998974855
1.0876e-06,0.001304060980010251
1.0877e-06,0.0004759409800102511
1.0878e-06,-0.0026959370199897484
1.0879e-06,-0.006211562019989749
1.088e-06,-0.006695937019989749
1.0881e-06,-0.00405531201998975
1.0882e-06,-0.0026959370199897484
1.0883e-06,-0.0049459370199897495
1.0884e-06,-0.006695937019989749
1.0885e-06,-0.004727187019989749
1.0886e-06,-0.0026959370199897484
1.0887e-06,-0.004305312019989749
1.0888e-06,-0.006695937019989749
1.0889e-06,-0.005570937019989749
1.089e-06,-0.0026959370199897484
1.0891e-06,-0.0017584370199897493
1.0892e-06,-0.0026959370199897484
1.0893e-06,-0.003180312019989749
1.0894e-06,-0.0026959370199897484
1.0895e-06,-0.0023053120199897498
1.0896e-06,-0.0026959370199897484
1.0897e-06,-0.003383437019989749
1.0898e-06,-0.0026959370199897484
1.0899e-06,-0.0004615590199897497
1.09e-06,0.001304060980010251
1.0901e-06,0.001210310980010251
1.0902e-06,0.001304060980010251
1.0903e-06,0.00217906098001025
1.0904e-06,0.001304060980010251
1.0905e-06,-0.0030084370199897495
1.0906e-06,-0.006695937019989749
1.0907e-06,-0.0059615620199897496
1.0908e-06,-0.0026959370199897484
1.0909e-06,-0.0012740620199897489
1.091e-06,-0.0026959370199897484
1.0911e-06,-0.00503968701998975
1.0912e-06,-0.006695937019989749
1.0913e-06,-0.007039687019989749
1.0914e-06,-0.006695937019989749
1.0915e-06,-0.006289687019989749
1.0916e-06,-0.006695937019989749
1.0917e-06,-0.007195937019989749
1.0918e-06,-0.006695937019989749
1.0919e-06,-0.0049303120199897495
1.092e-06,-0.0026959370199897484
1.0921e-06,-0.0016021870199897491
1.0922e-06,-0.0026959370199897484
1.0923e-06,-0.004320937019989749
1.0924e-06,-0.0026959370199897484
1.0925e-06,0.001366560980010251
1.0926e-06,0.001304060980010251
1.0927e-06,-0.005258437019989749
1.0928e-06,-0.01069593723185075
1.0929e-06,-0.00828968701998975
1.093e-06,-0.0026959370199897484
1.0931e-06,-0.0012271870199897488
1.0932e-06,-0.0026959370199897484
1.0933e-06,-0.0020553120199897496
1.0934e-06,0.001304060980010251
1.0935e-06,0.00414781098001025
1.0936e-06,0.005304060980010251
1.0937e-06,0.004413440980010251
1.0938e-06,0.001304060980010251
1.0939e-06,-0.003492812019989749
1.094e-06,-0.006695937019989749
1.0941e-06,-0.007008437019989749
1.0942e-06,-0.006695937019989749
1.0943e-06,-0.007039687019989749
1.0944e-06,-0.006695937019989749
1.0945e-06,-0.004399062019989749
1.0946e-06,-0.0026959370199897484
1.0947e-06,-0.0039771870199897495
1.0948e-06,-0.006695937019989749
1.0949e-06,-0.006633437019989749
1.095e-06,-0.0026959370199897484
1.0951e-06,0.002507190980010251
1.0952e-06,0.005304060980010251
1.0953e-06,0.0029915609800102508
1.0954e-06,-0.0026959370199897484
1.0955e-06,-0.007492812019989749
1.0956e-06,-0.006695937019989749
1.0957e-06,-0.001430312019989749
1.0958e-06,0.001304060980010251
1.0959e-06,-0.0021490620199897496
1.096e-06,-0.006695937019989749
1.0961e-06,-0.007211562019989749
1.0962e-06,-0.006695937019989749
1.0963e-06,-0.008774062019989749
1.0964e-06,-0.01069593723185075
1.0965e-06,-0.00794593701998975
1.0966e-06,-0.0026959370199897484
1.0967e-06,0.0004759409800102511
1.0968e-06,0.001304060980010251
1.0969e-06,0.0014446909800102502
1.097e-06,0.001304060980010251
1.0971e-06,-0.00016468901998974855
1.0972e-06,-0.0026959370199897484
1.0973e-06,-0.005242812019989749
1.0974e-06,-0.006695937019989749
1.0975e-06,-0.006852187019989749
1.0976e-06,-0.006695937019989749
1.0977e-06,-0.006852187019989749
1.0978e-06,-0.006695937019989749
1.0979e-06,-0.00503968701998975
1.098e-06,-0.0026959370199897484
1.0981e-06,-0.0006803090199897499
1.0982e-06,0.001304060980010251
1.0983e-06,0.002444690980010251
1.0984e-06,0.001304060980010251
1.0985e-06,-0.0018365620199897494
1.0986e-06,-0.0026959370199897484
1.0987e-06,-0.00027405901998974955
1.0988e-06,0.001304060980010251
1.0989e-06,-0.0027271870199897484
1.099e-06,-0.01069593723185075
1.0991e-06,-0.016149062019989748
1.0992e-06,-0.014695937019989749
1.0993e-06,-0.00869593701998975
1.0994e-06,-0.006695937019989749
1.0995e-06,-0.01118031221998975
1.0996e-06,-0.014695937019989749
1.0997e-06,-0.010258437219989749
1.0998e-06,-0.0026959370199897484
1.0999e-06,-7.093901998974847e-05
1.1e-06,-0.0026959370199897484
1.1001e-06,-0.005602187019989749
1.1002e-06,-0.006695937019989749
1.1003e-06,-0.007024062019989749
1.1004e-06,-0.006695937019989749
1.1005e-06,-0.006102187019989749
1.1006e-06,-0.006695937019989749
1.1007e-06,-0.00791468701998975
1.1008e-06,-0.006695937019989749
1.1009e-06,-0.00238343701998975
1.101e-06,0.001304060980010251
1.1011e-06,0.0007259409800102513
1.1012e-06,-0.0026959370199897484
1.1013e-06,-0.004711562019989749
1.1014e-06,-0.0026959370199897484
1.1015e-06,0.0008353109800102506
1.1016e-06,0.001304060980010251
1.1017e-06,-0.0027740620199897485
1.1018e-06,-0.006695937019989749
1.1019e-06,-0.006227187019989749
1.102e-06,-0.0026959370199897484
1.1021e-06,-0.0007271870199897484
1.1022e-06,-0.0026959370199897484
1.1023e-06,-0.006133437019989749
1.1024e-06,-0.006695937019989749
1.1025e-06,-0.0039771870199897495
1.1026e-06,-0.0026959370199897484
1.1027e-06,-0.005227187019989749
1.1028e-06,-0.006695937019989749
1.1029e-06,-0.0031178120199897496
1.103e-06,0.001304060980010251
1.1031e-06,0.0007884409800102514
1.1032e-06,-0.0026959370199897484
1.1033e-06,-0.00502406201998975
1.1034e-06,-0.006695937019989749
1.1035e-06,-0.009195937019989749
1.1036e-06,-0.01069593723185075
1.1037e-06,-0.009008437019989749
1.1038e-06,-0.006695937019989749
1.1039e-06,-0.006242812019989749
1.104e-06,-0.006695937019989749
1.1041e-06,-0.005508437019989749
1.1042e-06,-0.0026959370199897484
1.1043e-06,7.190980010250703e-06
1.1044e-06,0.001304060980010251
1.1045e-06,0.0009603109800102507
1.1046e-06,0.001304060980010251
1.1047e-06,0.002163440980010251
1.1048e-06,0.001304060980010251
1.1049e-06,-0.0018365620199897494
1.105e-06,-0.0026959370199897484
1.1051e-06,-0.0007740620199897484
1.1052e-06,-0.0026959370199897484
1.1053e-06,-0.01143031221998975
1.1054e-06,-0.01869593701998975
1.1055e-06,-0.01552406201998975
1.1056e-06,-0.006695937019989749
1.1057e-06,-0.001430312019989749
1.1058e-06,-0.0026959370199897484
1.1059e-06,-0.0059771870199897496
1.106e-06,-0.006695937019989749
1.1061e-06,-0.003524062019989749
1.1062e-06,0.001304060980010251
1.1063e-06,0.004538440980010251
1.1064e-06,0.005304060980010251
1.1065e-06,0.0036321909800102505
1.1066e-06,0.001304060980010251
1.1067e-06,-0.0012740620199897489
1.1068e-06,-0.0026959370199897484
1.1069e-06,-0.0026959370199897484
1.107e-06,-0.0026959370199897484
1.1071e-06,-0.00413343701998975
1.1072e-06,-0.006695937019989749
1.1073e-06,-0.009180312019989749
1.1074e-06,-0.01069593723185075
1.1075e-06,-0.010055312219989749
1.1076e-06,-0.006695937019989749
1.1077e-06,-0.0016803120199897492
1.1078e-06,0.001304060980010251
1.1079e-06,0.00014781098001025
1.108e-06,-0.0026959370199897484
1.1081e-06,-0.004852187019989749
1.1082e-06,-0.006695937019989749
1.1083e-06,-0.009164687019989749
1.1084e-06,-0.01069593723185075
1.1085e-06,-0.00941468701998975
1.1086e-06,-0.006695937019989749
1.1087e-06,-0.005367812019989749
1.1088e-06,-0.006695937019989749
1.1089e-06,-0.009195937019989749
1.109e-06,-0.01069593723185075
1.1091e-06,-0.00950843701998975
1.1092e-06,-0.006695937019989749
1.1093e-06,-0.00405531201998975
1.1094e-06,-0.0026959370199897484
1.1095e-06,-0.00255531201998975
1.1096e-06,-0.0026959370199897484
1.1097e-06,-0.0028521870199897485
1.1098e-06,-0.0026959370199897484
1.1099e-06,-0.00260218701998975
1.11e-06,-0.0026959370199897484
1.1101e-06,-0.0029459370199897495
1.1102e-06,-0.0026959370199897484
1.1103e-06,-0.0023053120199897498
1.1104e-06,-0.0026959370199897484
1.1105e-06,-0.004461562019989749
1.1106e-06,-0.006695937019989749
1.1107e-06,-0.007664687019989749
1.1108e-06,-0.006695937019989749
1.1109e-06,-0.004461562019989749
1.111e-06,-0.0026959370199897484
1.1111e-06,-0.0022428120199897497
1.1112e-06,-0.0026959370199897484
1.1113e-06,-0.0029615620199897495
1.1114e-06,-0.0026959370199897484
1.1115e-06,-0.00250843701998975
1.1116e-06,-0.0026959370199897484
1.1117e-06,-0.0030084370199897495
1.1118e-06,-0.0026959370199897484
1.1119e-06,-0.0012740620199897489
1.112e-06,0.001304060980010251
1.1121e-06,0.0028978109800102507
1.1122e-06,0.001304060980010251
1.1123e-06,-0.003274062019989749
1.1124e-06,-0.006695937019989749
1.1125e-06,-0.0059615620199897496
1.1126e-06,-0.0026959370199897484
1.1127e-06,-0.0009459370199897486
1.1128e-06,-0.0026959370199897484
1.1129e-06,-0.0059771870199897496
1.113e-06,-0.006695937019989749
1.1131e-06,-0.00408656201998975
1.1132e-06,-0.0026959370199897484
1.1133e-06,-0.004852187019989749
1.1134e-06,-0.006695937019989749
1.1135e-06,-0.004789687019989749
1.1136e-06,-0.0026959370199897484
1.1137e-06,-0.004305312019989749
1.1138e-06,-0.006695937019989749
1.1139e-06,-0.005570937019989749
1.114e-06,-0.0026959370199897484
1.1141e-06,-0.0017584370199897493
1.1142e-06,-0.0026959370199897484
1.1143e-06,-0.003320937019989749
1.1144e-06,-0.0026959370199897484
1.1145e-06,-0.0021334370199897496
1.1146e-06,-0.0026959370199897484
1.1147e-06,-0.0036646870199897492
1.1148e-06,-0.0026959370199897484
1.1149e-06,-3.968901998974844e-05
1.115e-06,0.001304060980010251
1.1151e-06,-0.001524062019989749
1.1152e-06,-0.006695937019989749
1.1153e-06,-0.00941468701998975
1.1154e-06,-0.006695937019989749
1.1155e-06,-0.0020396870199897495
1.1156e-06,-0.0026959370199897484
1.1157e-06,-0.009758437219989749
1.1158e-06,-0.014695937019989749
1.1159e-06,-0.01043031221998975
1.116e-06,-0.0026959370199897484
1.1161e-06,-0.0009459370199897486
1.1162e-06,-0.006695937019989749
1.1163e-06,-0.013258437019989749
1.1164e-06,-0.014695937019989749
1.1165e-06,-0.009758437219989749
1.1166e-06,-0.0026959370199897484
1.1167e-06,0.0015696909800102504
1.1168e-06,0.001304060980010251
1.1169e-06,-0.001367812019989749
1.117e-06,-0.0026959370199897484
1.1171e-06,-0.001430312019989749
1.1172e-06,0.001304060980010251
1.1173e-06,0.0026946909800102514
1.1174e-06,0.001304060980010251
1.1175e-06,-0.0018209370199897493
1.1176e-06,-0.0026959370199897484
1.1177e-06,-0.00047718901998974883
1.1178e-06,0.001304060980010251
1.1179e-06,-0.0002115590199897495
1.118e-06,-0.0026959370199897484
1.1181e-06,-0.003180312019989749
1.1182e-06,-0.0026959370199897484
1.1183e-06,-0.0030240620199897495
1.1184e-06,-0.0026959370199897484
1.1185e-06,-0.00038343901998974875
1.1186e-06,0.001304060980010251
1.1187e-06,-0.0002271890199897486
1.1188e-06,-0.0026959370199897484
1.1189e-06,-0.003336562019989749
1.119e-06,-0.0026959370199897484
1.1191e-06,-0.00255531201998975
1.1192e-06,-0.0026959370199897484
1.1193e-06,-0.00239906201998975
1.1194e-06,-0.0026959370199897484
1.1195e-06,-0.004414687019989749
1.1196e-06,-0.006695937019989749
1.1197e-06,-0.007633437019989749
1.1198e-06,-0.006695937019989749
1.1199e-06,-0.004524062019989749
1.12e-06,-0.0026959370199897484
1.1201e-06,-0.0012740620199897489
1.1202e-06,0.001304060980010251
1.1203e-06,0.0045540609800102504
1.1204e-06,0.005304060980010251
1.1205e-06,0.0016165609800102513
1.1206e-06,-0.0026959370199897484
1.1207e-06,-0.0038834370199897494
1.1208e-06,-0.0026959370199897484
1.1209e-06,-0.0021334370199897496
1.121e-06,-0.0026959370199897484
1.1211e-06,-0.0030240620199897495
1.1212e-06,-0.0026959370199897484
1.1213e-06,-0.00246156201998975
1.1214e-06,-0.0026959370199897484
1.1215e-06,-0.0030084370199897495
1.1216e-06,-0.0026959370199897484
1.1217e-06,-0.0011178120199897487
1.1218e-06,0.001304060980010251
1.1219e-06,0.0026478109800102505
1.122e-06,0.001304060980010251
1.1221e-06,-0.0026959370199897484
1.1222e-06,-0.006695937019989749
1.1223e-06,-0.00805531201998975
1.1224e-06,-0.006695937019989749
1.1225e-06,-0.004149062019989749
1.1226e-06,-0.0026959370199897484
1.1227e-06,-0.00257093701998975
1.1228e-06,-0.0026959370199897484
1.1229e-06,-0.00239906201998975
1.123e-06,-0.0026959370199897484
1.1231e-06,-0.003492812019989749
1.1232e-06,-0.0026959370199897484
1.1233e-06,0.0009915609800102507
1.1234e-06,0.005304060980010251
1.1235e-06,0.006585310980010252
1.1236e-06,0.005304060980010251
1.1237e-06,0.003054060980010251
1.1238e-06,0.001304060980010251
1.1239e-06,0.000350940980010251
1.124e-06,0.001304060980010251
1.1241e-06,0.0026790609800102505
1.1242e-06,0.001304060980010251
1.1243e-06,-0.003445937019989749
1.1244e-06,-0.006695937019989749
1.1245e-06,-0.005133437019989749
1.1246e-06,-0.0026959370199897484
1.1247e-06,-0.003586562019989749
1.1248e-06,-0.006695937019989749
1.1249e-06,-0.00782093701998975
1.125e-06,-0.006695937019989749
1.1251e-06,-0.004789687019989749
1.1252e-06,-0.0026959370199897484
1.1253e-06,-0.00036780901998974963
1.1254e-06,0.001304060980010251
1.1255e-06,0.0013821909800102502
1.1256e-06,0.001304060980010251
1.1257e-06,0.0016634409800102504
1.1258e-06,0.001304060980010251
1.1259e-06,-0.000633439019989749
1.126e-06,-0.0026959370199897484
1.1261e-06,-0.004195937019989749
1.1262e-06,-0.006695937019989749
1.1263e-06,-0.010039687219989749
1.1264e-06,-0.01069593723185075
1.1265e-06,-0.005602187019989749
1.1266e-06,0.001304060980010251
1.1267e-06,0.00519469098001025
1.1268e-06,0.005304060980010251
1.1269e-06,0.0035384409800102504
1.127e-06,0.001304060980010251
1.1271e-06,-0.00027405901998974955
1.1272e-06,0.001304060980010251
1.1273e-06,0.0057415609800102515
1.1274e-06,0.009304060980010251
1.1275e-06,0.00833531098001025
1.1276e-06,0.005304060980010251
1.1277e-06,0.003022810980010251
1.1278e-06,0.001304060980010251
1.1279e-06,-0.0010084370199897486
1.128e-06,-0.0026959370199897484
1.1281e-06,-0.00266468701998975
1.1282e-06,-0.0026959370199897484
1.1283e-06,-0.003586562019989749
1.1284e-06,-0.0026959370199897484
1.1285e-06,0.0015853109800102513
1.1286e-06,0.005304060980010251
1.1287e-06,0.004772810980010251
1.1288e-06,0.001304060980010251
1.1289e-06,-0.0015709370199897491
1.129e-06,-0.0026959370199897484
1.1291e-06,-0.0030553120199897496
1.1292e-06,-0.0026959370199897484
1.1293e-06,-0.0011646870199897488
1.1294e-06,0.001304060980010251
1.1295e-06,0.0037415609800102514
1.1296e-06,0.005304060980010251
1.1297e-06,0.004772810980010251
1.1298e-06,0.001304060980010251
1.1299e-06,-0.0037271870199897493
1.13e-06,-0.006695937019989749
1.1301e-06,-0.005617812019989749
1.1302e-06,-0.0026959370199897484
1.1303e-06,-0.00039905901998974966
1.1304e-06,0.001304060980010251
1.1305e-06,0.003429060980010251
1.1306e-06,0.005304060980010251
1.1307e-06,0.004725940980010251
1.1308e-06,0.001304060980010251
1.1309e-06,-0.00244593701998975
1.131e-06,-0.0026959370199897484
1.1311e-06,0.0010853109800102508
1.1312e-06,0.005304060980010251
1.1313e-06,0.005085310980010251
1.1314e-06,0.001304060980010251
1.1315e-06,-0.00239906201998975
1.1316e-06,-0.0026959370199897484
1.1317e-06,-0.00024280901998974952
1.1318e-06,0.001304060980010251
1.1319e-06,-0.0011646870199897488
1.132e-06,-0.006695937019989749
1.1321e-06,-0.01193031201998975
1.1322e-06,-0.014695937019989749
1.1323e-06,-0.01377406201998975
1.1324e-06,-0.01069593723185075
1.1325e-06,-0.007195937019989749
1.1326e-06,-0.006695937019989749
1.1327e-06,-0.009039687019989749
1.1328e-06,-0.01069593723185075
1.1329e-06,-0.00821156201998975
1.133e-06,-0.0026959370199897484
1.1331e-06,0.002444690980010251
1.1332e-06,0.005304060980010251
1.1333e-06,0.005679060980010251
1.1334e-06,0.005304060980010251
1.1335e-06,0.003929060980010252
1.1336e-06,0.001304060980010251
1.1337e-06,-0.0027740620199897485
1.1338e-06,-0.006695937019989749
1.1339e-06,-0.00819593701998975
1.134e-06,-0.006695937019989749
1.1341e-06,-0.0040240620199897496
1.1342e-06,-0.0026959370199897484
1.1343e-06,-0.0029615620199897495
1.1344e-06,-0.0026959370199897484
1.1345e-06,0.0004446909800102511
1.1346e-06,0.005304060980010251
1.1347e-06,0.00792906098001025
1.1348e-06,0.005304060980010251
1.1349e-06,-0.001555312019989749
1.135e-06,-0.006695937019989749
1.1351e-06,-0.006289687019989749
1.1352e-06,-0.0026959370199897484
1.1353e-06,-3.968901998974844e-05
1.1354e-06,0.001304060980010251
1.1355e-06,0.00221031098001025
1.1356e-06,0.001304060980010251
1.1357e-06,-0.0016178120199897492
1.1358e-06,-0.0026959370199897484
1.1359e-06,-0.00019593901998974858
1.136e-06,0.001304060980010251
1.1361e-06,-0.0011021870199897487
1.1362e-06,-0.0026959370199897484
1.1363e-06,0.0005696909800102512
1.1364e-06,0.005304060980010251
1.1365e-06,0.00544469098001025
1.1366e-06,0.001304060980010251
1.1367e-06,-0.00246156201998975
1.1368e-06,-0.0026959370199897484
1.1369e-06,-0.0004459390199897488
1.137e-06,0.001304060980010251
1.1371e-06,0.00021031098001025005
1.1372e-06,-0.0026959370199897484
1.1373e-06,-0.004258437019989749
1.1374e-06,-0.0026959370199897484
1.1375e-06,0.0004759409800102511
1.1376e-06,0.001304060980010251
1.1377e-06,-0.0021021870199897496
1.1378e-06,-0.006695937019989749
1.1379e-06,-0.008524062019989748
1.138e-06,-0.006695937019989749
1.1381e-06,-0.00264906201998975
1.1382e-06,0.001304060980010251
1.1383e-06,0.00319469098001025
1.1384e-06,0.001304060980010251
1.1385e-06,-0.004258437019989749
1.1386e-06,-0.01069593723185075
1.1387e-06,-0.01361781201998975
1.1388e-06,-0.01069593723185075
1.1389e-06,-0.0037115620199897493
1.139e-06,0.001304060980010251
1.1391e-06,0.0013821909800102502
1.1392e-06,0.001304060980010251
1.1393e-06,0.003975940980010251
1.1394e-06,0.005304060980010251
1.1395e-06,0.0014603109800102512
1.1396e-06,-0.0026959370199897484
1.1397e-06,-0.0029146870199897494
1.1398e-06,-0.0026959370199897484
1.1399e-06,-0.006477187019989749
1.14e-06,-0.01069593723185075
1.1401e-06,-0.010070937219989749
1.1402e-06,-0.006695937019989749
1.1403e-06,-0.005133437019989749
1.1404e-06,-0.006695937019989749
1.1405e-06,-0.00807093701998975
1.1406e-06,-0.006695937019989749
1.1407e-06,-0.00247718701998975
1.1408e-06,0.001304060980010251
1.1409e-06,0.00217906098001025
1.141e-06,0.001304060980010251
1.1411e-06,0.0006790609800102505
1.1412e-06,0.001304060980010251
1.1413e-06,0.0015696909800102504
1.1414e-06,0.001304060980010251
1.1415e-06,0.0009603109800102507
1.1416e-06,0.001304060980010251
1.1417e-06,0.0016946909800102505
1.1418e-06,0.001304060980010251
1.1419e-06,-0.001414687019989749
1.142e-06,-0.006695937019989749
1.1421e-06,-0.01133656221998975
1.1422e-06,-0.01069593723185075
1.1423e-06,-0.00408656201998975
1.1424e-06,0.001304060980010251
1.1425e-06,0.0006321909800102513
1.1426e-06,-0.0026959370199897484
1.1427e-06,-0.003508437019989749
1.1428e-06,-0.0026959370199897484
1.1429e-06,-0.0028521870199897485
1.143e-06,-0.0026959370199897484
1.1431e-06,0.0004446909800102511
1.1432e-06,0.005304060980010251
1.1433e-06,0.00758531098001025
1.1434e-06,0.005304060980010251
1.1435e-06,0.00017906098001025002
1.1436e-06,-0.0026959370199897484
1.1437e-06,-0.0011646870199897488
1.1438e-06,0.001304060980010251
1.1439e-06,0.001397810980010251
1.144e-06,0.001304060980010251
1.1441e-06,0.00328844098001025
1.1442e-06,0.005304060980010251
1.1443e-06,0.004007190980010251
1.1444e-06,0.001304060980010251
1.1445e-06,0.000350940980010251
1.1446e-06,0.001304060980010251
1.1447e-06,0.0019290609800102516
1.1448e-06,0.001304060980010251
1.1449e-06,-0.0004615590199897497
1.145e-06,-0.0026959370199897484
1.1451e-06,-0.004805312019989749
1.1452e-06,-0.006695937019989749
1.1453e-06,-0.007508437019989749
1.1454e-06,-0.006695937019989749
1.1455e-06,-0.004305312019989749
1.1456e-06,-0.0026959370199897484
1.1457e-06,-0.0027896870199897485
1.1458e-06,-0.0026959370199897484
1.1459e-06,-0.0007271870199897484
1.146e-06,0.001304060980010251
1.1461e-06,0.0016009409800102504
1.1462e-06,0.001304060980010251
1.1463e-06,0.0016165609800102513
1.1464e-06,0.001304060980010251
1.1465e-06,-0.0009303120199897486
1.1466e-06,-0.0026959370199897484
1.1467e-06,-0.0017115620199897492
1.1468e-06,0.001304060980010251
1.1469e-06,0.0038509409800102506
1.147e-06,0.005304060980010251
1.1471e-06,0.005679060980010251
1.1472e-06,0.005304060980010251
1.1473e-06,0.0036790609800102514
1.1474e-06,0.001304060980010251
1.1475e-06,-0.0011021870199897487
1.1476e-06,-0.0026959370199897484
1.1477e-06,-0.003227187019989749
1.1478e-06,-0.0026959370199897484
1.1479e-06,-0.0021334370199897496
1.148e-06,-0.0026959370199897484
1.1481e-06,-0.003617812019989749
1.1482e-06,-0.0026959370199897484
1.1483e-06,0.0003665609800102502
1.1484e-06,0.001304060980010251
1.1485e-06,-0.0022271870199897497
1.1486e-06,-0.006695937019989749
1.1487e-06,-0.0078053120199897495
1.1488e-06,-0.006695937019989749
1.1489e-06,-0.005258437019989749
1.149e-06,-0.0026959370199897484
1.1491e-06,0.0019915609800102516
1.1492e-06,0.005304060980010251
1.1493e-06,0.004225940980010251
1.1494e-06,0.001304060980010251
1.1495e-06,0.00021031098001025005
1.1496e-06,0.001304060980010251
1.1497e-06,0.00306969098001025
1.1498e-06,0.005304060980010251
1.1499e-06,0.007569690980010252
1.15e-06,0.009304060980010251
1.1501e-06,0.00841344098001025
1.1502e-06,0.005304060980010251
1.1503e-06,0.0019290609800102516
1.1504e-06,0.001304060980010251
1.1505e-06,0.0035540609800102513
1.1506e-06,0.005304060980010251
1.1507e-06,0.00303844098001025
1.1508e-06,-0.0026959370199897484
1.1509e-06,-0.007352187019989749
1.151e-06,-0.006695937019989749
1.1511e-06,-0.0017115620199897492
1.1512e-06,0.001304060980010251
1.1513e-06,-0.0005553090199897498
1.1514e-06,-0.0026959370199897484
1.1515e-06,3.844098001025073e-05
1.1516e-06,0.005304060980010251
1.1517e-06,0.0066946909800102514
1.1518e-06,0.001304060980010251
1.1519e-06,-0.006977187019989749
1.152e-06,-0.01069593723185075
1.1521e-06,-0.007399062019989749
1.1522e-06,-0.0026959370199897484
1.1523e-06,-0.0008521870199897485
1.1524e-06,0.001304060980010251
1.1525e-06,0.006382190980010251
1.1526e-06,0.009304060980010251
1.1527e-06,0.0048509409800102515
1.1528e-06,-0.0026959370199897484
1.1529e-06,-0.005758437019989749
1.153e-06,-0.0026959370199897484
1.1531e-06,0.001397810980010251
1.1532e-06,0.001304060980010251
1.1533e-06,-0.0022428120199897497
1.1534e-06,-0.0026959370199897484
1.1535e-06,0.00221031098001025
1.1536e-06,0.005304060980010251
1.1537e-06,0.0006009409800102512
1.1538e-06,-0.006695937019989749
1.1539e-06,-0.0078053120199897495
1.154e-06,-0.0026959370199897484
1.1541e-06,0.0027415609800102506
1.1542e-06,0.005304060980010251
1.1543e-06,0.004569690980010251
1.1544e-06,0.001304060980010251
1.1545e-06,-0.00235218701998975
1.1546e-06,-0.0026959370199897484
1.1547e-06,0.00021031098001025005
1.1548e-06,0.001304060980010251
1.1549e-06,-0.00235218701998975
1.155e-06,-0.006695937019989749
1.1551e-06,-0.006633437019989749
1.1552e-06,-0.0026959370199897484
1.1553e-06,0.0010228109800102508
1.1554e-06,0.001304060980010251
1.1555e-06,-0.0010084370199897486
1.1556e-06,-0.0026959370199897484
1.1557e-06,-0.00261781201998975
1.1558e-06,-0.0026959370199897484
1.1559e-06,-0.0037271870199897493
1.156e-06,-0.0026959370199897484
1.1561e-06,0.0017728109800102514
1.1562e-06,0.005304060980010251
1.1563e-06,0.00310094098001025
1.1564e-06,-0.0026959370199897484
1.1565e-06,-0.006633437019989749
1.1566e-06,-0.006695937019989749
1.1567e-06,-0.004508437019989749
1.1568e-06,-0.0026959370199897484
1.1569e-06,-0.0022896870199897498
1.157e-06,-0.0026959370199897484
1.1571e-06,-0.0019303120199897494
1.1572e-06,0.001304060980010251
1.1573e-06,0.00519469098001025
1.1574e-06,0.005304060980010251
1.1575e-06,0.0008978109800102507
1.1576e-06,-0.0026959370199897484
1.1577e-06,-0.0015709370199897491
1.1578e-06,0.001304060980010251
1.1579e-06,0.0017884409800102506
1.158e-06,0.001304060980010251
1.1581e-06,0.0027571909800102514
1.1582e-06,0.005304060980010251
1.1583e-06,0.005944690980010251
1.1584e-06,0.005304060980010251
1.1585e-06,0.004913440980010252
1.1586e-06,0.005304060980010251
1.1587e-06,0.00538219098001025
1.1588e-06,0.005304060980010251
1.1589e-06,0.004382190980010251
1.159e-06,0.001304060980010251
1.1591e-06,-0.003508437019989749
1.1592e-06,-0.006695937019989749
1.1593e-06,-0.006742812019989749
1.1594e-06,-0.006695937019989749
1.1595e-06,-0.007680312019989749
1.1596e-06,-0.006695937019989749
1.1597e-06,-0.0011178120199897487
1.1598e-06,0.005304060980010251
1.1599e-06,0.006475940980010251
1.16e-06,0.001304060980010251
1.1601e-06,-0.005274062019989749
1.1602e-06,-0.006695937019989749
1.1603e-06,-0.0022271870199897497
1.1604e-06,0.001304060980010251
1.1605e-06,-0.001461562019989749
1.1606e-06,-0.006695937019989749
1.1607e-06,-0.00832093701998975
1.1608e-06,-0.006695937019989749
1.1609e-06,-0.004727187019989749
1.161e-06,-0.0026959370199897484
1.1611e-06,0.00011656098001024996
1.1612e-06,0.001304060980010251
1.1613e-06,-0.0007271870199897484
1.1614e-06,-0.0026959370199897484
1.1615e-06,-0.0015709370199897491
1.1616e-06,0.001304060980010251
1.1617e-06,0.0026478109800102505
1.1618e-06,0.001304060980010251
1.1619e-06,-0.001399062019989749
1.162e-06,-0.0026959370199897484
1.1621e-06,-0.00238343701998975
1.1622e-06,-0.0026959370199897484
1.1623e-06,-0.0039615620199897495
1.1624e-06,-0.0026959370199897484
1.1625e-06,0.002225940980010251
1.1626e-06,0.005304060980010251
1.1627e-06,0.00230406098001025
1.1628e-06,-0.0026959370199897484
1.1629e-06,-0.0039771870199897495
1.163e-06,-0.0026959370199897484
1.1631e-06,-0.0022896870199897498
1.1632e-06,-0.0026959370199897484
1.1633e-06,-0.0016178120199897492
1.1634e-06,0.001304060980010251
1.1635e-06,0.004007190980010251
1.1636e-06,0.005304060980010251
1.1637e-06,0.005272810980010251
1.1638e-06,0.005304060980010251
1.1639e-06,0.005679060980010251
1.164e-06,0.005304060980010251
1.1641e-06,0.00227281098001025
1.1642e-06,-0.0026959370199897484
1.1643e-06,-0.006742812019989749
1.1644e-06,-0.006695937019989749
1.1645e-06,-0.0026803120199897484
1.1646e-06,0.001304060980010251
1.1647e-06,0.0023665609800102502
1.1648e-06,0.001304060980010251
1.1649e-06,0.0007728109800102505
1.165e-06,0.001304060980010251
1.1651e-06,0.0008196909800102514
1.1652e-06,-0.0026959370199897484
1.1653e-06,-0.006992812019989749
1.1654e-06,-0.006695937019989749
1.1655e-06,-0.00039905901998974966
1.1656e-06,0.005304060980010251
1.1657e-06,0.004804060980010251
1.1658e-06,0.001304060980010251
1.1659e-06,0.000319690980010251
1.166e-06,0.001304060980010251
1.1661e-06,0.0013821909800102502
1.1662e-06,0.001304060980010251
1.1663e-06,0.0028665609800102507
1.1664e-06,0.005304060980010251
1.1665e-06,0.005944690980010251
1.1666e-06,0.005304060980010251
1.1667e-06,0.004725940980010251
1.1668e-06,0.005304060980010251
1.1669e-06,0.006007190980010251
1.167e-06,0.005304060980010251
1.1671e-06,0.0018821909800102506
1.1672e-06,-0.0026959370199897484
1.1673e-06,-0.0059771870199897496
1.1674e-06,-0.006695937019989749
1.1675e-06,-0.0049615620199897495
1.1676e-06,-0.0026959370199897484
1.1677e-06,-0.0015865620199897491
1.1678e-06,-0.0026959370199897484
1.1679e-06,-0.0049146870199897495
1.168e-06,-0.006695937019989749
1.1681e-06,-0.0059146870199897495
1.1682e-06,-0.0026959370199897484
1.1683e-06,0.0009759409800102516
1.1684e-06,0.001304060980010251
1.1685e-06,-0.0017271870199897493
1.1686e-06,-0.0026959370199897484
1.1687e-06,0.00106969098001025
1.1688e-06,0.005304060980010251
1.1689e-06,0.0056321909800102505
1.169e-06,0.005304060980010251
1.1691e-06,0.00758531098001025
1.1692e-06,0.009304060980010251
1.1693e-06,0.006225940980010251
1.1694e-06,0.001304060980010251
1.1695e-06,-0.001524062019989749
1.1696e-06,-0.0026959370199897484
1.1697e-06,-0.0036490620199897492
1.1698e-06,-0.0026959370199897484
1.1699e-06,0.002413440980010251
1.17e-06,0.009304060980010251
1.1701e-06,0.01261656098001025
1.1702e-06,0.009304060980010251
1.1703e-06,0.0017728109800102514
1.1704e-06,-0.0026959370199897484
1.1705e-06,-5.530901998974935e-05
1.1706e-06,0.005304060980010251
1.1707e-06,0.007163440980010252
1.1708e-06,0.005304060980010251
1.1709e-06,0.0028040609800102506
1.171e-06,0.001304060980010251
1.1711e-06,0.0006478109800102504
1.1712e-06,0.001304060980010251
1.1713e-06,0.0034915609800102512
1.1714e-06,0.005304060980010251
1.1715e-06,0.00538219098001025
1.1716e-06,0.005304060980010251
1.1717e-06,0.005819690980010251
1.1718e-06,0.005304060980010251
1.1719e-06,0.0029759409800102516
1.172e-06,0.001304060980010251
1.1721e-06,0.0015696909800102504
1.1722e-06,0.001304060980010251
1.1723e-06,-0.0011803120199897488
1.1724e-06,-0.0026959370199897484
1.1725e-06,0.00024156098001025007
1.1726e-06,0.005304060980010251
1.1727e-06,0.007600940980010252
1.1728e-06,0.005304060980010251
1.1729e-06,0.0006478109800102504
1.173e-06,-0.0026959370199897484
1.1731e-06,-0.0022271870199897497
1.1732e-06,0.001304060980010251
1.1733e-06,0.004835310980010251
1.1734e-06,0.005304060980010251
1.1735e-06,0.0028821909800102515
1.1736e-06,0.001304060980010251
1.1737e-06,0.0027259409800102514
1.1738e-06,0.005304060980010251
1.1739e-06,0.006116560980010252
1.174e-06,0.005304060980010251
1.1741e-06,0.004725940980010251
1.1742e-06,0.005304060980010251
1.1743e-06,0.005835310980010252
1.1744e-06,0.005304060980010251
1.1745e-06,0.0034759409800102503
1.1746e-06,0.001304060980010251
1.1747e-06,0.00041344098001025106
1.1748e-06,0.001304060980010251
1.1749e-06,0.0033821909800102502
1.175e-06,0.005304060980010251
1.1751e-06,0.006007190980010251
1.1752e-06,0.005304060980010251
1.1753e-06,0.004475940980010251
1.1754e-06,0.005304060980010251
1.1755e-06,0.00771031098001025
1.1756e-06,0.009304060980010251
1.1757e-06,0.00796031098001025
1.1758e-06,0.005304060980010251
1.1759e-06,0.004007190980010251
1.176e-06,0.005304060980010251
1.1761e-06,0.00771031098001025
1.1762e-06,0.009304060980010251
1.1763e-06,0.00842906098001025
1.1764e-06,0.005304060980010251
1.1765e-06,0.0018665609800102515
1.1766e-06,0.001304060980010251
1.1767e-06,0.0037728109800102515
1.1768e-06,0.005304060980010251
1.1769e-06,0.0036009409800102504
1.177e-06,0.001304060980010251
1.1771e-06,0.00119469098001025
1.1772e-06,0.001304060980010251
1.1773e-06,-0.0005396890199897489
1.1774e-06,-0.0026959370199897484
1.1775e-06,-0.0018053120199897493
1.1776e-06,0.001304060980010251
1.1777e-06,0.003944690980010251
1.1778e-06,0.005304060980010251
1.1779e-06,0.005554060980010251
1.178e-06,0.005304060980010251
1.1781e-06,0.005085310980010251
1.1782e-06,0.005304060980010251
1.1783e-06,0.005616560980010251
1.1784e-06,0.005304060980010251
1.1785e-06,0.0026790609800102505
1.1786e-06,-0.0026959370199897484
1.1787e-06,-0.007727187019989749
1.1788e-06,-0.006695937019989749
1.1789e-06,0.0016790609800102513
1.179e-06,0.009304060980010251
1.1791e-06,0.00944469098001025
1.1792e-06,0.005304060980010251
1.1793e-06,0.0024915609800102503
1.1794e-06,0.001304060980010251
1.1795e-06,0.0002571909800102509
1.1796e-06,0.001304060980010251
1.1797e-06,0.005788440980010251
1.1798e-06,0.009304060980010251
1.1799e-06,0.007100940980010252
1.18e-06,0.001304060980010251
1.1801e-06,-0.0028521870199897485
1.1802e-06,-0.0026959370199897484
1.1803e-06,0.0010853109800102508
1.1804e-06,0.005304060980010251
1.1805e-06,0.007882190980010252
1.1806e-06,0.009304060980010251
1.1807e-06,0.009975940980010251
1.1808e-06,0.009304060980010251
1.1809e-06,0.006960310980010249
1.181e-06,0.005304060980010251
1.1811e-06,0.00541344098001025
1.1812e-06,0.005304060980010251
1.1813e-06,0.003147810980010251
1.1814e-06,0.001304060980010251
1.1815e-06,0.002413440980010251
1.1816e-06,0.005304060980010251
1.1817e-06,0.006804060980010252
1.1818e-06,0.005304060980010251
1.1819e-06,0.0024290609800102503
1.182e-06,0.001304060980010251
1.1821e-06,0.00313219098001025
1.1822e-06,0.005304060980010251
1.1823e-06,0.0056946909800102506
1.1824e-06,0.005304060980010251
1.1825e-06,0.005397810980010251
1.1826e-06,0.005304060980010251
1.1827e-06,0.0035384409800102504
1.1828e-06,0.001304060980010251
1.1829e-06,0.001397810980010251
1.183e-06,0.005304060980010251
1.1831e-06,0.009772810980010252
1.1832e-06,0.009304060980010251
1.1833e-06,0.0026634409800102513
1.1834e-06,-0.0026959370199897484
1.1835e-06,-0.0015865620199897491
1.1836e-06,0.001304060980010251
1.1837e-06,0.00046031098001025027
1.1838e-06,-0.0026959370199897484
1.1839e-06,-0.003430312019989749
1.184e-06,-0.0026959370199897484
1.1841e-06,-0.0037428120199897493
1.1842e-06,-0.006695937019989749
1.1843e-06,-0.007242812019989749
1.1844e-06,-0.0026959370199897484
1.1845e-06,0.005991560980010252
1.1846e-06,0.013304060980010251
1.1847e-06,0.014007190980010251
1.1848e-06,0.009304060980010251
1.1849e-06,0.0036790609800102514
1.185e-06,0.001304060980010251
1.1851e-06,0.0024603109800102503
1.1852e-06,0.005304060980010251
1.1853e-06,0.0066946909800102514
1.1854e-06,0.005304060980010251
1.1855e-06,0.002163440980010251
1.1856e-06,0.001304060980010251
1.1857e-06,0.0036009409800102504
1.1858e-06,0.005304060980010251
1.1859e-06,0.0038353109800102515
1.186e-06,0.001304060980010251
1.1861e-06,0.0006634409800102513
1.1862e-06,0.001304060980010251
1.1863e-06,0.0005384409800102512
1.1864e-06,-0.0026959370199897484
1.1865e-06,-0.00508656201998975
1.1866e-06,-0.0026959370199897484
1.1867e-06,0.003304060980010251
1.1868e-06,0.005304060980010251
1.1869e-06,0.0006478109800102504
1.187e-06,-0.0026959370199897484
1.1871e-06,0.00208531098001025
1.1872e-06,0.009304060980010251
1.1873e-06,0.010022810980010252
1.1874e-06,0.005304060980010251
1.1875e-06,0.001397810980010251
1.1876e-06,0.001304060980010251
1.1877e-06,0.00306969098001025
1.1878e-06,0.005304060980010251
1.1879e-06,0.006507190980010251
1.188e-06,0.005304060980010251
1.1881e-06,0.002382190980010251
1.1882e-06,0.001304060980010251
1.1883e-06,0.00233531098001025
1.1884e-06,0.001304060980010251
1.1885e-06,-0.003399062019989749
1.1886e-06,-0.006695937019989749
1.1887e-06,-0.0039771870199897495
1.1888e-06,0.001304060980010251
1.1889e-06,0.00335094098001025
1.189e-06,0.001304060980010251
1.1891e-06,-0.001445937019989749
1.1892e-06,-0.0026959370199897484
1.1893e-06,-0.0026959370199897484
1.1894e-06,-0.0026959370199897484
1.1895e-06,-0.0029303120199897495
1.1896e-06,-0.0026959370199897484
1.1897e-06,-0.0011803120199897488
1.1898e-06,0.001304060980010251
1.1899e-06,0.0027103109800102505
1.19e-06,0.001304060980010251
1.1901e-06,-0.0016178120199897492
1.1902e-06,-0.0026959370199897484
1.1903e-06,-0.0006178090199897499
1.1904e-06,0.001304060980010251
1.1905e-06,3.844098001025073e-05
1.1906e-06,-0.0026959370199897484
1.1907e-06,-0.0026959370199897484
1.1908e-06,0.001304060980010251
1.1909e-06,0.006507190980010251
1.191e-06,0.009304060980010251
1.1911e-06,0.00802281098001025
1.1912e-06,0.005304060980010251
1.1913e-06,0.004007190980010251
1.1914e-06,0.005304060980010251
1.1915e-06,0.006663440980010251
1.1916e-06,0.005304060980010251
1.1917e-06,0.00113219098001025
1.1918e-06,-0.0026959370199897484
1.1919e-06,-0.0036490620199897492
1.192e-06,-0.0026959370199897484
1.1921e-06,-0.0021803120199897497
1.1922e-06,-0.0026959370199897484
1.1923e-06,-0.0020084370199897495
1.1924e-06,0.001304060980010251
1.1925e-06,0.006069690980010251
1.1926e-06,0.009304060980010251
1.1927e-06,0.00767906098001025
1.1928e-06,0.001304060980010251
1.1929e-06,-0.005570937019989749
1.193e-06,-0.006695937019989749
1.1931e-06,-0.0018053120199897493
1.1932e-06,0.001304060980010251
1.1933e-06,-0.0020709370199897496
1.1934e-06,-0.006695937019989749
1.1935e-06,-0.00608656201998975
1.1936e-06,-0.0026959370199897484
1.1937e-06,-0.0016646870199897492
1.1938e-06,-0.0026959370199897484
1.1939e-06,-0.0018834370199897494
1.194e-06,0.001304060980010251
1.1941e-06,0.004225940980010251
1.1942e-06,0.005304060980010251
1.1943e-06,0.003944690980010251
1.1944e-06,0.001304060980010251
1.1945e-06,-0.001336562019989749
1.1946e-06,-0.0026959370199897484
1.1947e-06,-0.0028521870199897485
1.1948e-06,-0.0026959370199897484
1.1949e-06,-0.00263343701998975
1.195e-06,-0.0026959370199897484
1.1951e-06,-0.0026959370199897484
1.1952e-06,-0.0026959370199897484
1.1953e-06,-0.0026959370199897484
1.1954e-06,-0.0026959370199897484
1.1955e-06,-0.0016646870199897492
1.1956e-06,0.001304060980010251
1.1957e-06,0.004663440980010251
1.1958e-06,0.005304060980010251
1.1959e-06,0.0016790609800102513
1.196e-06,-0.0026959370199897484
1.1961e-06,-0.004274062019989749
1.1962e-06,-0.0026959370199897484
1.1963e-06,-0.0011178120199897487
1.1964e-06,-0.0026959370199897484
1.1965e-06,-0.006227187019989749
