-4.59e-08,-0.0064846960273156765
-4.58e-08,-0.004765946027315676
-4.57e-08,0.0016559289726843234
-4.56e-08,0.007234053972684324
-4.55e-08,0.006671553972684324
-4.54e-08,0.003234053972684323
-4.53e-08,0.0023121789726843235
-4.52e-08,0.003234053972684323
-4.51e-08,0.0022809289726843235
-4.5e-08,-0.0007659463324256765
-4.49e-08,-0.0045471960273156765
-4.48e-08,-0.008765946027315676
-4.47e-08,-0.011531572027315676
-4.46e-08,-0.008765946027315676
-4.45e-08,-4.7196327315676516e-05
-4.44e-08,0.007234053972684324
-4.43e-08,0.007218428972684324
-4.42e-08,0.003234053972684323
-4.41e-08,0.0005621789726843236
-4.4e-08,-0.0007659463324256765
-4.39e-08,-0.0027815710273156767
-4.38e-08,-0.004765946027315676
-4.37e-08,-0.004890946027315676
-4.36e-08,-0.004765946027315676
-4.35e-08,-0.006297196027315676
-4.34e-08,-0.008765946027315676
-4.33e-08,-0.008812821027315676
-4.32e-08,-0.004765946027315676
-4.31e-08,0.0021246789726843233
-4.3e-08,0.007234053972684324
-4.29e-08,0.008093428972684323
-4.28e-08,0.007234053972684324
-4.27e-08,0.007218428972684324
-4.26e-08,0.007234053972684324
-4.25e-08,0.0043121789726843236
-4.24e-08,-0.0007659463324256765
-4.23e-08,-0.004719071027315676
-4.22e-08,-0.004765946027315676
-4.21e-08,-0.0010784463273156766
-4.2e-08,0.003234053972684323
-4.19e-08,0.004984053972684324
-4.18e-08,0.003234053972684323
-4.17e-08,0.00026530397268432354
-4.16e-08,-0.0007659463324256765
-4.15e-08,0.0010153039726843237
-4.14e-08,0.003234053972684323
-4.13e-08,0.0037340539726843235
-4.12e-08,0.003234053972684323
-4.11e-08,0.0029996789726843233
-4.1e-08,0.003234053972684323
-4.09e-08,0.0022653039726843235
-4.08e-08,-0.0007659463324256765
-4.07e-08,-0.004031571027315676
-4.06e-08,-0.004765946027315676
-4.05e-08,-0.0024221960273156764
-4.04e-08,-0.0007659463324256765
-4.03e-08,-0.0022034460273156766
-4.02e-08,-0.004765946027315676
-4.01e-08,-0.004359696027315676
-4e-08,-0.0007659463324256765
-3.99e-08,0.0029840539726843232
-3.98e-08,0.003234053972684323
-3.97e-08,0.0004528039726843235
-3.96e-08,-0.0007659463324256765
-3.95e-08,0.0014840539726843232
-3.94e-08,0.003234053972684323
-3.93e-08,0.0012653039726843235
-3.92e-08,-0.0007659463324256765
-3.91e-08,0.0008434289726843234
-3.9e-08,0.003234053972684323
-3.89e-08,0.0021090539726843233
-3.88e-08,-0.0007659463324256765
-3.87e-08,-0.0016253213273156766
-3.86e-08,-0.0007659463324256765
-3.85e-08,-0.00023469632731567647
-3.84e-08,-0.0007659463324256765
-3.83e-08,-0.0012190713273156765
-3.82e-08,-0.0007659463324256765
-3.81e-08,-3.15713273156765e-05
-3.8e-08,-0.0007659463324256765
-3.79e-08,-0.0021253210273156765
-3.78e-08,-0.0007659463324256765
-3.77e-08,0.004046553972684324
-3.76e-08,0.007234053972684324
-3.75e-08,0.004452803972684324
-3.74e-08,-0.0007659463324256765
-3.73e-08,-0.0028284460273156767
-3.72e-08,-0.0007659463324256765
-3.71e-08,0.0022653039726843235
-3.7e-08,0.003234053972684323
-3.69e-08,0.0017184289726843234
-3.68e-08,-0.0007659463324256765
-3.67e-08,-0.0030628210273156765
-3.66e-08,-0.004765946027315676
-3.65e-08,-0.0054690710273156765
-3.64e-08,-0.004765946027315676
-3.63e-08,-0.0015628213273156766
-3.62e-08,0.003234053972684323
-3.61e-08,0.006030928972684324
-3.6e-08,0.003234053972684323
-3.59e-08,-0.003969071027315676
-3.58e-08,-0.008765946027315676
-3.57e-08,-0.006344071027315676
-3.56e-08,-0.0007659463324256765
-3.55e-08,0.0015621789726843233
-3.54e-08,-0.0007659463324256765
-3.53e-08,-0.004062821027315676
-3.52e-08,-0.004765946027315676
-3.51e-08,-0.0026253210273156765
-3.5e-08,-0.0007659463324256765
-3.49e-08,-0.0006565713273156765
-3.48e-08,-0.0007659463324256765
-3.47e-08,0.0009215539726843235
-3.46e-08,0.003234053972684323
-3.45e-08,0.0038746789726843236
-3.44e-08,0.003234053972684323
-3.43e-08,0.002937178972684323
-3.42e-08,0.003234053972684323
-3.41e-08,0.003390303972684323
-3.4e-08,0.003234053972684323
-3.39e-08,0.0030153039726843233
-3.38e-08,0.003234053972684323
-3.37e-08,0.0035621789726843233
-3.36e-08,0.003234053972684323
-3.35e-08,0.0025309289726843233
-3.34e-08,0.003234053972684323
-3.33e-08,0.005718428972684324
-3.32e-08,0.007234053972684324
-3.31e-08,0.005655928972684324
-3.3e-08,0.003234053972684323
-3.29e-08,0.0026090539726843233
-3.28e-08,0.003234053972684323
-3.27e-08,0.003327803972684323
-3.26e-08,0.003234053972684323
-3.25e-08,0.0035621789726843233
-3.24e-08,0.003234053972684323
-3.23e-08,0.0014528039726843232
-3.22e-08,-0.0007659463324256765
-3.21e-08,-0.0015471963273156765
-3.2e-08,-0.0007659463324256765
-3.19e-08,-3.2132731567647427e-07
-3.18e-08,-0.0007659463324256765
-3.17e-08,-0.0018440710273156767
-3.16e-08,-0.0007659463324256765
-3.15e-08,0.003437178972684323
-3.14e-08,0.007234053972684324
-3.13e-08,0.005905928972684324
-3.12e-08,-0.0007659463324256765
-3.11e-08,-0.007844071027315677
-3.1e-08,-0.008765946027315676
-3.09e-08,-0.0016409463273156766
-3.08e-08,0.007234053972684324
-3.07e-08,0.010593427972684324
-3.06e-08,0.007234053972684324
-3.05e-08,0.0006559289726843235
-3.04e-08,-0.004765946027315676
-3.03e-08,-0.006578446027315677
-3.02e-08,-0.004765946027315676
-3.01e-08,-0.0005471963273156765
-3e-08,0.003234053972684323
-2.99e-08,0.004343428972684324
-2.98e-08,0.003234053972684323
-2.97e-08,0.0011246789726843233
-2.96e-08,-0.0007659463324256765
-2.95e-08,-0.0012503213273156765
-2.94e-08,-0.0007659463324256765
-2.93e-08,-0.0003128213273156765
-2.92e-08,-0.0007659463324256765
-2.91e-08,-0.0025784460273156765
-2.9e-08,-0.004765946027315676
-2.89e-08,-0.004703446027315676
-2.88e-08,-0.0007659463324256765
-2.87e-08,0.0051559289726843234
-2.86e-08,0.007234053972684324
-2.85e-08,0.0023746789726843236
-2.84e-08,-0.004765946027315676
-2.83e-08,-0.007562821027315677
-2.82e-08,-0.004765946027315676
-2.81e-08,0.00028092897268432355
-2.8e-08,0.003234053972684323
-2.79e-08,0.002437178972684323
-2.78e-08,-0.0007659463324256765
-2.77e-08,-0.0037503210273156767
-2.76e-08,-0.004765946027315676
-2.75e-08,-0.0033753210273156768
-2.74e-08,-0.0007659463324256765
-2.73e-08,0.0018278039726843235
-2.72e-08,0.003234053972684323
-2.71e-08,0.003218428972684323
-2.7e-08,0.003234053972684323
-2.69e-08,0.0036246789726843234
-2.68e-08,0.003234053972684323
-2.67e-08,0.0013278039726843235
-2.66e-08,-0.0007659463324256765
-2.65e-08,-0.0013909463273156764
-2.64e-08,-0.0007659463324256765
-2.63e-08,-0.0002815713273156765
-2.62e-08,-0.0007659463324256765
-2.61e-08,-0.0013128213273156766
-2.6e-08,-0.0007659463324256765
-2.59e-08,0.0011090539726843233
-2.58e-08,0.003234053972684323
-2.57e-08,0.004109053972684324
-2.56e-08,0.003234053972684323
-2.55e-08,0.0021090539726843233
-2.54e-08,0.003234053972684323
-2.53e-08,0.0052340539726843235
-2.52e-08,0.003234053972684323
-2.51e-08,-0.0037815710273156767
-2.5e-08,-0.008765946027315676
-2.49e-08,-0.006187821027315676
-2.48e-08,-0.0007659463324256765
-2.47e-08,0.0009215539726843235
-2.46e-08,-0.0007659463324256765
-2.45e-08,-0.0014221963273156764
-2.44e-08,-0.0007659463324256765
-2.43e-08,-0.0004690713273156765
-2.42e-08,-0.0007659463324256765
-2.41e-08,-0.0007190713273156765
-2.4e-08,-0.0007659463324256765
-2.39e-08,-0.0011565713273156766
-2.38e-08,-0.0007659463324256765
-2.37e-08,0.0009996789726843236
-2.36e-08,0.003234053972684323
-2.35e-08,0.0042653039726843235
-2.34e-08,0.003234053972684323
-2.33e-08,0.0008434289726843234
-2.32e-08,-0.0007659463324256765
-2.31e-08,-0.0008909463273156765
-2.3e-08,-0.0007659463324256765
-2.29e-08,-0.0011565713273156766
-2.28e-08,-0.0007659463324256765
-2.27e-08,0.0013121789726843235
-2.26e-08,0.003234053972684323
-2.25e-08,0.0026403039726843234
-2.24e-08,-0.0007659463324256765
-2.23e-08,-0.004187821027315676
-2.22e-08,-0.004765946027315676
-2.21e-08,-0.0024065710273156763
-2.2e-08,-0.0007659463324256765
-2.19e-08,-0.0013753213273156764
-2.18e-08,-0.0007659463324256765
-2.17e-08,0.003374678972684323
-2.16e-08,0.007234053972684324
-2.15e-08,0.006562178972684324
-2.14e-08,0.003234053972684323
-2.13e-08,0.0009215539726843235
-2.12e-08,-0.0007659463324256765
-2.11e-08,-0.0032190710273156766
-2.1e-08,-0.004765946027315676
-2.09e-08,-0.0033596960273156768
-2.08e-08,-0.0007659463324256765
-2.07e-08,0.0012184289726843234
-2.06e-08,0.003234053972684323
-2.05e-08,0.005874678972684324
-2.04e-08,0.007234053972684324
-2.03e-08,0.005655928972684324
-2.02e-08,0.003234053972684323
-2.01e-08,0.0025153039726843233
-2e-08,0.003234053972684323
-1.99e-08,0.0035621789726843233
-1.98e-08,0.003234053972684323
-1.97e-08,0.0019840539726843232
-1.96e-08,-0.0007659463324256765
-1.95e-08,-0.004109696027315676
-1.94e-08,-0.004765946027315676
-1.93e-08,-0.0010784463273156766
-1.92e-08,0.003234053972684323
-1.91e-08,0.004640303972684324
-1.9e-08,0.003234053972684323
-1.89e-08,0.0012184289726843234
-1.88e-08,-0.0007659463324256765
-1.87e-08,-0.002906571027315677
-1.86e-08,-0.004765946027315676
-1.85e-08,-0.004390946027315676
-1.84e-08,-0.0007659463324256765
-1.83e-08,0.004499678972684324
-1.82e-08,0.007234053972684324
-1.81e-08,0.005546553972684324
-1.8e-08,0.003234053972684323
-1.79e-08,0.003171553972684323
-1.78e-08,0.003234053972684323
-1.77e-08,0.0011559289726843234
-1.76e-08,-0.0007659463324256765
-1.75e-08,0.0004528039726843235
-1.74e-08,0.003234053972684323
-1.73e-08,0.003374678972684323
-1.72e-08,-0.0007659463324256765
-1.71e-08,-0.005187821027315676
-1.7e-08,-0.004765946027315676
-1.69e-08,0.0018434289726843235
-1.68e-08,0.007234053972684324
-1.67e-08,0.006734053972684324
-1.66e-08,0.003234053972684323
-1.65e-08,0.003312178972684323
-1.64e-08,0.007234053972684324
-1.63e-08,0.011687177972684324
-1.62e-08,0.015234057972684322
-1.61e-08,0.01853092797268432
-1.6e-08,0.02323405797268432
-1.59e-08,0.02760905797268432
-1.58e-08,0.03123405797268432
-1.57e-08,0.03093717797268432
-1.56e-08,0.02723405797268432
-1.55e-08,0.020905927972684323
-1.54e-08,0.015234057972684322
-1.53e-08,0.010452807972684323
-1.52e-08,0.003234053972684323
-1.51e-08,-0.005625321027315677
-1.5e-08,-0.012765942027315676
-1.49e-08,-0.012047192027315676
-1.48e-08,-0.008765946027315676
-1.47e-08,-0.0035628210273156765
-1.46e-08,0.003234053972684323
-1.45e-08,0.01632780797268432
-1.44e-08,0.03123405797268432
-1.43e-08,0.04393717797268432
-1.42e-08,0.055234057972684325
-1.41e-08,0.06551530797268433
-1.4e-08,0.07523405797268433
-1.39e-08,0.08003092797268432
-1.38e-08,0.08323405797268432
-1.37e-08,0.08164030797268433
-1.36e-08,0.07523405797268433
-1.35e-08,0.05993717797268432
-1.34e-08,0.04323405797268433
-1.33e-08,0.029734057972684323
-1.32e-08,0.02323405797268432
-1.31e-08,0.021593427972684324
-1.3e-08,0.02323405797268432
-1.29e-08,0.024765307972684322
-1.28e-08,0.02323405797268432
-1.27e-08,0.016890307972684322
-1.26e-08,0.007234053972684324
-1.25e-08,-0.0027034460273156766
-1.24e-08,-0.012765942027315676
-1.23e-08,-0.022390942027315678
-1.22e-08,-0.03276594202731568
-1.21e-08,-0.04159407202731567
-1.2e-08,-0.04876595202731567
-1.19e-08,-0.05073470202731568
-1.18e-08,-0.04876595202731567
-1.17e-08,-0.042422192027315675
-1.16e-08,-0.03676594202731567
-1.15e-08,-0.032125322027315675
-1.14e-08,-0.028765942027315677
-1.13e-08,-0.02410969202731568
-1.12e-08,-0.020765942027315677
-1.11e-08,-0.019437822027315678
-1.1e-08,-0.020765942027315677
-1.09e-08,-0.022328442027315678
-1.08e-08,-0.024765942027315677
-1.07e-08,-0.025078442027315677
-1.06e-08,-0.020765942027315677
-1.05e-08,-0.008703446027315676
-1.04e-08,0.007234053972684324
-1.03e-08,0.02256217797268432
-1.02e-08,0.03523405797268433
-1.01e-08,0.045124677972684324
-1e-08,0.055234057972684325
-9.9e-09,0.06290592797268432
-9.8e-09,0.06723405797268432
-9.7e-09,0.06389030797268433
-9.6e-09,0.05923405797268433
-9.5e-09,0.05303092797268433
-9.4e-09,0.047234057972684325
-9.3e-09,0.038109057972684324
-9.2e-09,0.03123405797268432
-9.1e-09,0.027062177972684322
-9e-09,0.02323405797268432
-8.9e-09,0.014655927972684325
-8.8e-09,0.003234053972684323
-8.7e-09,-0.007359696027315676
-8.6e-09,-0.016765942027315676
-8.5e-09,-0.024703442027315677
-8.4e-09,-0.03276594202731568
-8.3e-09,-0.03759407202731568
-8.2e-09,-0.04076594202731568
-8.1e-09,-0.04143782202731568
-8e-09,-0.044765942027315674
-7.9e-09,-0.04803157202731567
-7.8e-09,-0.04876595202731567
-7.7e-09,-0.04095344202731568
-7.6e-09,-0.028765942027315677
-7.5e-09,-0.01678157202731568
-7.4e-09,-0.008765946027315676
-7.3e-09,-0.003953446027315676
-7.2e-09,-0.0007659463324256765
-7.1e-09,0.0015153039726843232
-7e-09,0.003234053972684323
-6.9e-09,0.0027340539726843235
-6.8e-09,-0.0007659463324256765
-6.7e-09,-0.005312821027315676
-6.6e-09,-0.004765946027315676
-6.5e-09,0.002437178972684323
-6.4e-09,0.011234057972684324
-6.3e-09,0.01614030797268432
-6.2e-09,0.01923405797268432
-6.1e-09,0.023155927972684322
-6e-09,0.02723405797268432
-5.9e-09,0.02667155797268432
-5.8e-09,0.02323405797268432
-5.7e-09,0.01818717797268432
-5.6e-09,0.015234057972684322
-5.5e-09,0.012484057972684324
-5.4e-09,0.011234057972684324
-5.3e-09,0.008046553972684323
-5.2e-09,0.003234053972684323
-5.1e-09,-0.005281571027315676
-5e-09,-0.016765942027315676
-4.9e-09,-0.029344072027315676
-4.8e-09,-0.04076594202731568
-4.7e-09,-0.04970345202731567
-4.6e-09,-0.060765952027315676
-4.5e-09,-0.07245345202731568
-4.4e-09,-0.08076595202731568
-4.3e-09,-0.07800032202731567
-4.2e-09,-0.06876595202731567
-4.1e-09,-0.057109702027315676
-4e-09,-0.04876595202731567
-3.9e-09,-0.04318782202731567
-3.8e-09,-0.04076594202731568
-3.7e-09,-0.04143782202731568
-3.6e-09,-0.044765942027315674
-3.5e-09,-0.04832845202731567
-3.4e-09,-0.04876595202731567
-3.3e-09,-0.04506282202731567
-3.2e-09,-0.04076594202731568
-3.1e-09,-0.04032844202731568
-3e-09,-0.044765942027315674
-2.9e-09,-0.048922202027315675
-2.8e-09,-0.04876595202731567
-2.7e-09,-0.04131282202731568
-2.6e-09,-0.03276594202731568
-2.5e-09,-0.026031572027315677
-2.4e-09,-0.020765942027315677
-2.3e-09,-0.013609692027315675
-2.2e-09,-0.004765946027315676
-2.1e-09,0.004327803972684324
-2e-09,0.015234057972684322
-1.9e-09,0.026296557972684324
-1.8e-09,0.03523405797268433
-1.7e-09,0.035577807972684325
-1.6e-09,0.03123405797268432
-1.5e-09,0.023843427972684322
-1.4e-09,0.01923405797268432
-1.3e-09,0.015343427972684323
-1.2e-09,0.011234057972684324
-1.1e-09,0.004046553972684324
-1e-09,-0.004765946027315676
-9e-10,-0.013140942027315677
-8e-10,-0.020765942027315677
-7e-10,-0.026531572027315677
-6e-10,-0.03276594202731568
-5e-10,-0.03501594202731567
-4e-10,-0.03276594202731568
-3e-10,-0.02385969202731568
-2e-10,-0.016765942027315676
-1e-10,-0.012406572027315677
0.0,-0.008765946027315676
1e-10,0.0005309289726843236
2e-10,0.011234057972684324
3e-10,0.01989030797268432
4e-10,0.02723405797268432
5e-10,0.036280927972684326
6e-10,0.047234057972684325
7e-10,0.05590592797268432
8e-10,0.06323405797268433
9e-10,0.06753092797268433
1e-09,0.07123405797268433
1.1e-09,0.07165592797268433
1.2e-09,0.07123405797268433
1.3e-09,0.06779655797268433
1.4e-09,0.06323405797268433
1.5e-09,0.05565592797268432
1.6e-09,0.047234057972684325
1.7e-09,0.038484057972684324
1.8e-09,0.03123405797268432
1.9e-09,0.027187177972684322
2e-09,0.02723405797268432
2.1e-09,0.029359057972684323
2.2e-09,0.02723405797268432
2.3e-09,0.020452807972684322
2.4e-09,0.015234057972684322
2.5e-09,0.016609057972684322
2.6e-09,0.01923405797268432
2.7e-09,0.016530927972684323
2.8e-09,0.011234057972684324
2.9e-09,0.008890303972684324
3e-09,0.011234057972684324
3.1e-09,0.013140307972684324
3.2e-09,0.011234057972684324
3.3e-09,0.0034996789726843233
3.4e-09,-0.008765946027315676
3.5e-09,-0.022015942027315678
3.6e-09,-0.03276594202731568
3.7e-09,-0.038812822027315674
3.8e-09,-0.044765942027315674
3.9e-09,-0.04889095202731567
4e-09,-0.04876595202731567
4.1e-09,-0.04053157202731567
4.2e-09,-0.03276594202731568
4.3e-09,-0.028453442027315676
4.4e-09,-0.024765942027315677
4.5e-09,-0.015359692027315677
4.6e-09,-0.004765946027315676
4.7e-09,0.0008746789726843234
4.8e-09,0.003234053972684323
4.9e-09,0.004937178972684324
5e-09,0.007234053972684324
5.1e-09,0.006780928972684324
5.2e-09,0.007234053972684324
5.3e-09,0.007749678972684323
5.4e-09,0.007234053972684324
5.5e-09,0.0017653039726843235
5.6e-09,-0.004765946027315676
5.7e-09,-0.011015942027315677
5.8e-09,-0.016765942027315676
5.9e-09,-0.02468782202731568
6e-09,-0.03276594202731568
6.1e-09,-0.03848469202731567
6.2e-09,-0.04076594202731568
6.3e-09,-0.04168782202731568
6.4e-09,-0.044765942027315674
6.5e-09,-0.051265952027315674
6.6e-09,-0.060765952027315676
6.7e-09,-0.06928157202731568
6.8e-09,-0.07676595202731568
6.9e-09,-0.08121907202731568
7e-09,-0.08476595202731567
7.1e-09,-0.08528157202731568
7.2e-09,-0.08476595202731567
7.3e-09,-0.08028157202731567
7.4e-09,-0.07276595202731567
7.5e-09,-0.062000322027315674
7.6e-09,-0.052765952027315675
7.7e-09,-0.047328442027315676
7.8e-09,-0.044765942027315674
7.9e-09,-0.042234692027315675
8e-09,-0.03676594202731567
8.1e-09,-0.031515942027315676
8.2e-09,-0.028765942027315677
8.3e-09,-0.03203157202731567
8.4e-09,-0.03676594202731567
8.5e-09,-0.040265942027315677
8.6e-09,-0.04076594202731568
8.7e-09,-0.042297192027315675
8.8e-09,-0.04876595202731567
8.9e-09,-0.059281572027315675
9e-09,-0.06876595202731567
9.1e-09,-0.07098470202731567
9.2e-09,-0.06876595202731567
9.3e-09,-0.06431282202731567
9.4e-09,-0.060765952027315676
9.5e-09,-0.05509407202731567
9.6e-09,-0.04876595202731567
9.7e-09,-0.040797192027315674
9.8e-09,-0.03276594202731568
9.9e-09,-0.02496907202731568
1e-08,-0.020765942027315677
1.01e-08,-0.019406572027315678
1.02e-08,-0.016765942027315676
1.03e-08,-0.009765946027315677
1.04e-08,-0.0007659463324256765
1.05e-08,0.0061715539726843235
1.06e-08,0.011234057972684324
1.07e-08,0.016312177972684323
1.08e-08,0.02323405797268432
1.09e-08,0.029984057972684323
1.1e-08,0.03523405797268433
1.11e-08,0.03745280797268433
1.12e-08,0.039234057972684325
1.13e-08,0.04118717797268433
1.14e-08,0.04323405797268433
1.15e-08,0.04329655797268433
1.16e-08,0.04323405797268433
1.17e-08,0.043655927972684326
1.18e-08,0.04323405797268433
1.19e-08,0.04173405797268433
1.2e-08,0.04323405797268433
1.21e-08,0.04839030797268432
1.22e-08,0.05123405797268433
1.23e-08,0.048609057972684326
1.24e-08,0.047234057972684325
1.25e-08,0.05259342797268433
1.26e-08,0.05923405797268433
1.27e-08,0.05960905797268433
1.28e-08,0.055234057972684325
1.29e-08,0.051890307972684326
1.3e-08,0.05123405797268433
1.31e-08,0.051265307972684325
1.32e-08,0.05123405797268433
1.33e-08,0.052390307972684326
1.34e-08,0.055234057972684325
1.35e-08,0.05931217797268432
1.36e-08,0.06323405797268433
1.37e-08,0.06468717797268432
1.38e-08,0.06323405797268433
1.39e-08,0.06029655797268432
1.4e-08,0.05923405797268433
1.41e-08,0.06073405797268432
1.42e-08,0.06323405797268433
1.43e-08,0.06287467797268433
1.44e-08,0.05923405797268433
1.45e-08,0.05396842797268433
1.46e-08,0.05123405797268433
1.47e-08,0.051405927972684326
1.48e-08,0.05123405797268433
1.49e-08,0.047624677972684326
1.5e-08,0.04323405797268433
1.51e-08,0.04056217797268433
1.52e-08,0.039234057972684325
1.53e-08,0.036952807972684326
1.54e-08,0.03523405797268433
1.55e-08,0.03399967797268433
1.56e-08,0.03123405797268432
1.57e-08,0.02410905797268432
1.58e-08,0.015234057972684322
1.59e-08,0.008030928972684323
1.6e-08,0.003234053972684323
1.61e-08,-0.0012659463273156765
1.62e-08,-0.008765946027315676
1.63e-08,-0.017750322027315676
1.64e-08,-0.024765942027315677
1.65e-08,-0.025640942027315677
1.66e-08,-0.024765942027315677
1.67e-08,-0.02404719202731568
1.68e-08,-0.024765942027315677
1.69e-08,-0.02314094202731568
1.7e-08,-0.020765942027315677
1.71e-08,-0.018109692027315678
1.72e-08,-0.016765942027315676
1.73e-08,-0.013922192027315676
1.74e-08,-0.008765946027315676
1.75e-08,-0.0017971960273156767
1.76e-08,0.003234053972684323
1.77e-08,0.003999678972684324
1.78e-08,0.003234053972684323
1.79e-08,0.004702803972684324
1.8e-08,0.011234057972684324
1.81e-08,0.018640307972684324
1.82e-08,0.02323405797268432
1.83e-08,0.02168717797268432
1.84e-08,0.01923405797268432
1.85e-08,0.017124677972684323
1.86e-08,0.015234057972684322
1.87e-08,0.007843428972684323
1.88e-08,-0.004765946027315676
1.89e-08,-0.017953442027315678
1.9e-08,-0.024765942027315677
1.91e-08,-0.02417219202731568
1.92e-08,-0.024765942027315677
1.93e-08,-0.031219072027315678
1.94e-08,-0.04076594202731568
1.95e-08,-0.044281572027315676
1.96e-08,-0.04076594202731568
1.97e-08,-0.03376594202731568
1.98e-08,-0.028765942027315677
1.99e-08,-0.025844072027315677
2e-08,-0.020765942027315677
2.01e-08,-0.014469072027315677
2.02e-08,-0.012765942027315676
2.03e-08,-0.021922192027315678
2.04e-08,-0.03676594202731567
2.05e-08,-0.04932845202731567
2.06e-08,-0.05676595202731567
2.07e-08,-0.062000322027315674
2.08e-08,-0.06876595202731567
2.09e-08,-0.07481282202731568
2.1e-08,-0.07676595202731568
2.11e-08,-0.07050032202731567
2.12e-08,-0.060765952027315676
2.13e-08,-0.052203452027315675
2.14e-08,-0.04876595202731567
2.15e-08,-0.048297202027315675
2.16e-08,-0.04876595202731567
2.17e-08,-0.04884407202731567
2.18e-08,-0.04876595202731567
2.19e-08,-0.049969072027315674
2.2e-08,-0.052765952027315675
2.21e-08,-0.055109702027315674
2.22e-08,-0.052765952027315675
2.23e-08,-0.04596907202731568
2.24e-08,-0.04076594202731568
2.25e-08,-0.04121907202731567
2.26e-08,-0.044765942027315674
2.27e-08,-0.04578157202731568
2.28e-08,-0.044765942027315674
2.29e-08,-0.04376594202731567
2.3e-08,-0.044765942027315674
2.31e-08,-0.04450032202731567
2.32e-08,-0.04076594202731568
2.33e-08,-0.03282844202731568
2.34e-08,-0.024765942027315677
2.35e-08,-0.018734692027315678
2.36e-08,-0.012765942027315676
2.37e-08,-0.004703446027315676
2.38e-08,0.003234053972684323
2.39e-08,0.006968428972684324
2.4e-08,0.007234053972684324
2.41e-08,0.005718428972684324
2.42e-08,0.003234053972684323
2.43e-08,1.530367268432354e-05
2.44e-08,-0.0007659463324256765
2.45e-08,0.0022965539726843235
2.46e-08,0.007234053972684324
2.47e-08,0.012312177972684324
2.48e-08,0.01923405797268432
2.49e-08,0.028234057972684322
2.5e-08,0.03523405797268433
2.51e-08,0.035530927972684326
2.52e-08,0.03123405797268432
2.53e-08,0.026296557972684324
2.54e-08,0.02323405797268432
2.55e-08,0.022077807972684323
2.56e-08,0.02323405797268432
2.57e-08,0.025827807972684323
2.58e-08,0.02723405797268432
2.59e-08,0.027093427972684322
2.6e-08,0.02723405797268432
2.61e-08,0.030702807972684324
2.62e-08,0.03523405797268433
2.63e-08,0.038796557972684324
2.64e-08,0.039234057972684325
2.65e-08,0.039562177972684326
2.66e-08,0.04323405797268433
2.67e-08,0.051265307972684325
2.68e-08,0.05923405797268433
2.69e-08,0.06362467797268433
2.7e-08,0.06723405797268432
2.71e-08,0.07256217797268433
2.72e-08,0.07923405797268433
2.73e-08,0.08249967797268433
2.74e-08,0.08323405797268432
2.75e-08,0.08140592797268432
2.76e-08,0.07923405797268433
2.77e-08,0.07515592797268432
2.78e-08,0.07123405797268433
2.79e-08,0.06692155797268433
2.8e-08,0.06323405797268433
2.81e-08,0.05906217797268432
2.82e-08,0.055234057972684325
2.83e-08,0.051265307972684325
2.84e-08,0.047234057972684325
2.85e-08,0.04299967797268433
2.86e-08,0.039234057972684325
2.87e-08,0.035718427972684326
2.88e-08,0.03123405797268432
2.89e-08,0.025109057972684323
2.9e-08,0.01923405797268432
2.91e-08,0.015140307972684322
2.92e-08,0.011234057972684324
2.93e-08,0.006874678972684324
2.94e-08,0.003234053972684323
2.95e-08,0.0008746789726843234
2.96e-08,-0.004765946027315676
2.97e-08,-0.013890942027315676
2.98e-08,-0.020765942027315677
2.99e-08,-0.01993782202731568
3e-08,-0.016765942027315676
3.01e-08,-0.016140942027315676
3.02e-08,-0.016765942027315676
3.03e-08,-0.014531572027315677
3.04e-08,-0.012765942027315676
3.05e-08,-0.015094072027315676
3.06e-08,-0.020765942027315677
3.07e-08,-0.025265942027315677
3.08e-08,-0.028765942027315677
3.09e-08,-0.030219072027315677
3.1e-08,-0.028765942027315677
3.11e-08,-0.022640942027315678
3.12e-08,-0.016765942027315676
3.13e-08,-0.012859692027315676
3.14e-08,-0.008765946027315676
3.15e-08,-0.0022659460273156766
3.16e-08,0.003234053972684323
3.17e-08,0.006046553972684324
3.18e-08,0.011234057972684324
3.19e-08,0.020312177972684323
3.2e-08,0.02723405797268432
3.21e-08,0.02404655797268432
3.22e-08,0.015234057972684322
3.23e-08,0.008187178972684324
3.24e-08,0.007234053972684324
3.25e-08,0.009327807972684324
3.26e-08,0.011234057972684324
3.27e-08,0.011140307972684324
3.28e-08,0.011234057972684324
3.29e-08,0.012812177972684323
3.3e-08,0.015234057972684322
3.31e-08,0.015280927972684323
3.32e-08,0.011234057972684324
3.33e-08,0.004468428972684324
3.34e-08,-0.0007659463324256765
3.35e-08,-0.0030471960273156765
3.36e-08,-0.004765946027315676
3.37e-08,-0.007672196027315676
3.38e-08,-0.008765946027315676
3.39e-08,-0.006234696027315676
3.4e-08,-0.004765946027315676
3.41e-08,-0.008140946027315677
3.42e-08,-0.012765942027315676
3.43e-08,-0.014531572027315677
3.44e-08,-0.016765942027315676
3.45e-08,-0.021578442027315677
3.46e-08,-0.024765942027315677
3.47e-08,-0.022672192027315678
3.48e-08,-0.020765942027315677
3.49e-08,-0.02396907202731568
3.5e-08,-0.028765942027315677
3.51e-08,-0.028422192027315676
3.52e-08,-0.024765942027315677
3.53e-08,-0.021687822027315676
3.54e-08,-0.020765942027315677
3.55e-08,-0.02125032202731568
3.56e-08,-0.024765942027315677
3.57e-08,-0.029312822027315676
3.58e-08,-0.028765942027315677
3.59e-08,-0.020859692027315677
3.6e-08,-0.012765942027315676
3.61e-08,-0.011359692027315677
3.62e-08,-0.012765942027315676
3.63e-08,-0.011875322027315676
3.64e-08,-0.008765946027315676
3.65e-08,-0.008703446027315676
3.66e-08,-0.012765942027315676
3.67e-08,-0.01920344202731568
3.68e-08,-0.024765942027315677
3.69e-08,-0.02890657202731568
3.7e-08,-0.03276594202731568
3.71e-08,-0.03589094202731567
3.72e-08,-0.03676594202731567
3.73e-08,-0.03332844202731568
3.74e-08,-0.028765942027315677
3.75e-08,-0.026500322027315677
3.76e-08,-0.028765942027315677
3.77e-08,-0.03120344202731568
3.78e-08,-0.028765942027315677
3.79e-08,-0.02096907202731568
3.8e-08,-0.016765942027315676
3.81e-08,-0.02023469202731568
3.82e-08,-0.024765942027315677
3.83e-08,-0.022437822027315677
3.84e-08,-0.016765942027315676
3.85e-08,-0.013703442027315675
3.86e-08,-0.012765942027315676
3.87e-08,-0.008578446027315676
3.88e-08,-0.0007659463324256765
3.89e-08,0.006890303972684324
3.9e-08,0.011234057972684324
3.91e-08,0.011671557972684325
3.92e-08,0.011234057972684324
3.93e-08,0.012296557972684323
3.94e-08,0.015234057972684322
3.95e-08,0.017484057972684323
3.96e-08,0.01923405797268432
3.97e-08,0.01976530797268432
3.98e-08,0.01923405797268432
3.99e-08,0.017890307972684323
4e-08,0.01923405797268432
4.01e-08,0.02262467797268432
4.02e-08,0.02323405797268432
4.03e-08,0.017671557972684323
4.04e-08,0.011234057972684324
4.05e-08,0.009484057972684324
4.06e-08,0.011234057972684324
4.07e-08,0.012343427972684324
4.08e-08,0.011234057972684324
4.09e-08,0.009468427972684323
4.1e-08,0.007234053972684324
4.11e-08,0.004905928972684324
4.12e-08,0.003234053972684323
4.13e-08,0.004062178972684324
4.14e-08,0.007234053972684324
4.15e-08,0.011859057972684325
4.16e-08,0.015234057972684322
4.17e-08,0.016280927972684323
4.18e-08,0.015234057972684322
4.19e-08,0.013468427972684324
4.2e-08,0.011234057972684324
4.21e-08,0.008952803972684324
4.22e-08,0.007234053972684324
4.23e-08,0.008655928972684324
4.24e-08,0.015234057972684322
4.25e-08,0.024984057972684322
4.26e-08,0.03123405797268432
4.27e-08,0.030327807972684324
4.28e-08,0.02723405797268432
4.29e-08,0.02682780797268432
4.3e-08,0.02723405797268432
4.31e-08,0.025124677972684323
4.32e-08,0.02323405797268432
4.33e-08,0.024577807972684322
4.34e-08,0.02723405797268432
4.35e-08,0.027437177972684322
4.36e-08,0.02723405797268432
4.37e-08,0.028859057972684322
4.38e-08,0.03123405797268432
4.39e-08,0.03164030797268433
4.4e-08,0.03123405797268432
4.41e-08,0.030140307972684324
4.42e-08,0.02723405797268432
4.43e-08,0.021171557972684323
4.44e-08,0.015234057972684322
4.45e-08,0.012077807972684323
4.46e-08,0.011234057972684324
4.47e-08,0.010046557972684323
4.48e-08,0.007234053972684324
4.49e-08,0.0042653039726843235
4.5e-08,0.003234053972684323
4.51e-08,0.0042340539726843235
4.52e-08,0.003234053972684323
4.53e-08,-0.0008596963373156765
4.54e-08,-0.004765946027315676
4.55e-08,-0.004875321027315676
4.56e-08,-0.004765946027315676
4.57e-08,-0.006984696027315676
4.58e-08,-0.008765946027315676
4.59e-08,-0.006687821027315676
4.6e-08,-0.004765946027315676
4.61e-08,-0.005359696027315676
4.62e-08,-0.004765946027315676
4.63e-08,-0.00017219632731567652
4.64e-08,0.003234053972684323
4.65e-08,0.0002340536726843234
4.66e-08,-0.004765946027315676
4.67e-08,-0.005297196027315676
4.68e-08,-0.0007659463324256765
4.69e-08,0.003390303972684323
4.7e-08,0.003234053972684323
4.71e-08,-0.0020315710273156764
4.72e-08,-0.008765946027315676
4.73e-08,-0.013953442027315676
4.74e-08,-0.016765942027315676
4.75e-08,-0.017734692027315677
4.76e-08,-0.016765942027315676
4.77e-08,-0.014125322027315677
4.78e-08,-0.012765942027315676
4.79e-08,-0.014125322027315677
4.8e-08,-0.016765942027315676
4.81e-08,-0.018406572027315677
4.82e-08,-0.020765942027315677
4.83e-08,-0.024734692027315677
4.84e-08,-0.028765942027315677
4.85e-08,-0.028828442027315677
4.86e-08,-0.024765942027315677
4.87e-08,-0.018297192027315678
4.88e-08,-0.012765942027315676
4.89e-08,-0.010687821027315676
4.9e-08,-0.012765942027315676
4.91e-08,-0.01637532202731568
4.92e-08,-0.016765942027315676
4.93e-08,-0.012672192027315676
4.94e-08,-0.008765946027315676
4.95e-08,-0.009328446027315676
4.96e-08,-0.012765942027315676
4.97e-08,-0.015422192027315677
4.98e-08,-0.016765942027315676
4.99e-08,-0.01725032202731568
5e-08,-0.016765942027315676
5.01e-08,-0.013469072027315676
5.02e-08,-0.008765946027315676
5.03e-08,-0.004078446027315676
5.04e-08,-0.0007659463324256765
5.05e-08,0.0015309289726843233
5.06e-08,0.003234053972684323
5.07e-08,0.0051559289726843234
5.08e-08,0.007234053972684324
5.09e-08,0.009327807972684324
5.1e-08,0.011234057972684324
5.11e-08,0.012890307972684324
5.12e-08,0.015234057972684322
5.13e-08,0.017609057972684323
5.14e-08,0.01923405797268432
5.15e-08,0.02001530797268432
5.16e-08,0.02323405797268432
5.17e-08,0.028452807972684322
5.18e-08,0.03123405797268432
5.19e-08,0.02795280797268432
5.2e-08,0.02323405797268432
5.21e-08,0.020937177972684323
5.22e-08,0.01923405797268432
5.23e-08,0.015109057972684322
5.24e-08,0.011234057972684324
5.25e-08,0.011546557972684324
5.26e-08,0.015234057972684322
5.27e-08,0.018296557972684323
5.28e-08,0.01923405797268432
5.29e-08,0.01870280797268432
5.3e-08,0.01923405797268432
5.31e-08,0.01998405797268432
5.32e-08,0.01923405797268432
5.33e-08,0.014155927972684324
5.34e-08,0.007234053972684324
5.35e-08,0.00040592897268432345
5.36e-08,-0.004765946027315676
5.37e-08,-0.010250321027315676
5.38e-08,-0.016765942027315676
5.39e-08,-0.02342219202731568
5.4e-08,-0.028765942027315677
5.41e-08,-0.031219072027315678
5.42e-08,-0.03276594202731568
5.43e-08,-0.03506282202731567
5.44e-08,-0.04076594202731568
5.45e-08,-0.046625322027315674
5.46e-08,-0.04876595202731567
5.47e-08,-0.04485969202731568
5.48e-08,-0.04076594202731568
5.49e-08,-0.040125322027315675
5.5e-08,-0.04076594202731568
5.51e-08,-0.038812822027315674
5.52e-08,-0.03676594202731567
5.53e-08,-0.03790657202731568
5.54e-08,-0.04076594202731568
5.55e-08,-0.04251594202731567
5.56e-08,-0.044765942027315674
5.57e-08,-0.04789095202731567
5.58e-08,-0.04876595202731567
5.59e-08,-0.044703442027315674
5.6e-08,-0.04076594202731568
5.61e-08,-0.04021907202731567
5.62e-08,-0.04076594202731568
5.63e-08,-0.03759407202731568
5.64e-08,-0.03276594202731568
5.65e-08,-0.02875032202731568
5.66e-08,-0.024765942027315677
5.67e-08,-0.01985969202731568
5.68e-08,-0.016765942027315676
5.69e-08,-0.01731282202731568
5.7e-08,-0.016765942027315676
5.71e-08,-0.012656572027315675
5.72e-08,-0.008765946027315676
5.73e-08,-0.009984696027315677
5.74e-08,-0.012765942027315676
5.75e-08,-0.013312822027315676
5.76e-08,-0.012765942027315676
5.77e-08,-0.013469072027315676
5.78e-08,-0.012765942027315676
5.79e-08,-0.009672196027315677
5.8e-08,-0.008765946027315676
5.81e-08,-0.012859692027315676
5.82e-08,-0.016765942027315676
5.83e-08,-0.014531572027315677
5.84e-08,-0.008765946027315676
5.85e-08,-0.005890946027315676
5.86e-08,-0.008765946027315676
5.87e-08,-0.014125322027315677
5.88e-08,-0.016765942027315676
5.89e-08,-0.014031572027315677
5.9e-08,-0.008765946027315676
5.91e-08,-0.005203446027315676
5.92e-08,-0.004765946027315676
5.93e-08,-0.005625321027315677
5.94e-08,-0.004765946027315676
5.95e-08,-0.0023753210273156763
5.96e-08,-0.0007659463324256765
5.97e-08,-0.0021565710273156766
5.98e-08,-0.004765946027315676
5.99e-08,-0.006906571027315676
6e-08,-0.008765946027315676
6.01e-08,-0.011094072027315676
6.02e-08,-0.012765942027315676
6.03e-08,-0.012672192027315676
6.04e-08,-0.012765942027315676
6.05e-08,-0.014437822027315677
6.06e-08,-0.016765942027315676
6.07e-08,-0.01631282202731568
6.08e-08,-0.012765942027315676
6.09e-08,-0.007594071027315677
6.1e-08,-0.004765946027315676
6.11e-08,-0.005797196027315676
6.12e-08,-0.008765946027315676
6.13e-08,-0.010187821027315675
6.14e-08,-0.008765946027315676
6.15e-08,-0.005140946027315676
6.16e-08,-0.0007659463324256765
6.17e-08,0.002452803972684323
6.18e-08,0.003234053972684323
6.19e-08,0.0013746789726843235
6.2e-08,-0.0007659463324256765
6.21e-08,-0.0013909463273156764
6.22e-08,-0.0007659463324256765
6.23e-08,-0.0003909463273156765
6.24e-08,-0.0007659463324256765
6.25e-08,-0.0014378213273156764
6.26e-08,-0.0007659463324256765
6.27e-08,0.0013121789726843235
6.28e-08,0.003234053972684323
6.29e-08,0.0037028039726843234
6.3e-08,0.003234053972684323
6.31e-08,0.0021090539726843233
6.32e-08,-0.0007659463324256765
6.33e-08,-0.0055159460273156765
6.34e-08,-0.008765946027315676
6.35e-08,-0.007922196027315677
6.36e-08,-0.004765946027315676
6.37e-08,-0.0023440710273156767
6.38e-08,-0.0007659463324256765
6.39e-08,0.00010905367268432351
6.4e-08,-0.0007659463324256765
6.41e-08,-0.004390946027315676
6.42e-08,-0.008765946027315676
6.43e-08,-0.011609692027315675
6.44e-08,-0.012765942027315676
6.45e-08,-0.014015942027315676
6.46e-08,-0.016765942027315676
6.47e-08,-0.019750322027315678
6.48e-08,-0.020765942027315677
6.49e-08,-0.018500322027315677
6.5e-08,-0.016765942027315676
6.51e-08,-0.017672192027315677
6.52e-08,-0.020765942027315677
6.53e-08,-0.021984692027315678
6.54e-08,-0.020765942027315677
6.55e-08,-0.01715657202731568
6.56e-08,-0.012765942027315676
6.57e-08,-0.008265946027315677
6.58e-08,-0.004765946027315676
6.59e-08,-0.0026721960273156766
6.6e-08,-0.0007659463324256765
6.61e-08,0.0013121789726843235
6.62e-08,0.003234053972684323
6.63e-08,0.0036715539726843234
6.64e-08,0.003234053972684323
6.65e-08,0.0016715539726843234
6.66e-08,-0.0007659463324256765
6.67e-08,-0.0037659460273156767
6.68e-08,-0.004765946027315676
6.69e-08,-0.0030471960273156765
6.7e-08,-0.0007659463324256765
6.71e-08,-0.0003440713273156765
6.72e-08,-0.0007659463324256765
6.73e-08,-0.0006878213273156765
6.74e-08,-0.0007659463324256765
6.75e-08,-0.0026409460273156765
6.76e-08,-0.004765946027315676
6.77e-08,-0.0065471960273156765
6.78e-08,-0.008765946027315676
6.79e-08,-0.012078442027315676
6.8e-08,-0.012765942027315676
6.81e-08,-0.011297192027315677
6.82e-08,-0.012765942027315676
6.83e-08,-0.020609692027315676
6.84e-08,-0.028765942027315677
6.85e-08,-0.03167219202731568
6.86e-08,-0.03276594202731568
6.87e-08,-0.037328442027315674
6.88e-08,-0.044765942027315674
6.89e-08,-0.049906572027315674
6.9e-08,-0.052765952027315675
6.91e-08,-0.05325032202731567
6.92e-08,-0.052765952027315675
6.93e-08,-0.05017220202731568
6.94e-08,-0.04876595202731567
6.95e-08,-0.048562822027315676
6.96e-08,-0.04876595202731567
6.97e-08,-0.04592219202731567
6.98e-08,-0.04076594202731568
6.99e-08,-0.034156572027315674
7e-08,-0.028765942027315677
7.01e-08,-0.025719072027315677
7.02e-08,-0.024765942027315677
7.03e-08,-0.02490657202731568
7.04e-08,-0.024765942027315677
7.05e-08,-0.022500322027315677
7.06e-08,-0.016765942027315676
7.07e-08,-0.009375321027315676
7.08e-08,-0.004765946027315676
7.09e-08,-0.005875321027315676
7.1e-08,-0.008765946027315676
7.11e-08,-0.008672196027315676
7.12e-08,-0.004765946027315676
7.13e-08,6.217867268432347e-05
7.14e-08,0.003234053972684323
7.15e-08,0.0036246789726843234
7.16e-08,0.003234053972684323
7.17e-08,0.0028590539726843236
7.18e-08,0.003234053972684323
7.19e-08,0.004155928972684323
7.2e-08,0.007234053972684324
7.21e-08,0.010796557972684324
7.22e-08,0.011234057972684324
7.23e-08,0.005734053972684324
7.24e-08,-0.0007659463324256765
7.25e-08,-0.004031571027315676
7.26e-08,-0.004765946027315676
7.27e-08,-0.006187821027315676
7.28e-08,-0.008765946027315676
7.29e-08,-0.011000322027315676
7.3e-08,-0.012765942027315676
7.31e-08,-0.014422192027315676
7.32e-08,-0.016765942027315676
7.33e-08,-0.017765942027315677
7.34e-08,-0.016765942027315676
7.35e-08,-0.013672192027315675
7.36e-08,-0.012765942027315676
7.37e-08,-0.014984692027315677
7.38e-08,-0.016765942027315676
7.39e-08,-0.013890942027315676
7.4e-08,-0.008765946027315676
7.41e-08,-0.0045940710273156765
7.42e-08,-0.0007659463324256765
7.43e-08,0.0029840539726843232
7.44e-08,0.003234053972684323
7.45e-08,-0.0014065713273156764
7.46e-08,-0.004765946027315676
7.47e-08,-0.002953446027315677
7.48e-08,-0.0007659463324256765
7.49e-08,-0.0027971960273156767
7.5e-08,-0.004765946027315676
7.51e-08,-0.0017815710273156767
7.52e-08,0.003234053972684323
7.53e-08,0.004812178972684324
7.54e-08,0.003234053972684323
7.55e-08,0.0023434289726843235
7.56e-08,0.003234053972684323
7.57e-08,0.004046553972684324
7.58e-08,0.003234053972684323
7.59e-08,0.0010153039726843237
7.6e-08,-0.0007659463324256765
7.61e-08,9.34286726843235e-05
7.62e-08,0.003234053972684323
7.63e-08,0.006374678972684324
7.64e-08,0.007234053972684324
7.65e-08,0.005640303972684324
7.66e-08,0.003234053972684323
7.67e-08,0.003296553972684323
7.68e-08,0.007234053972684324
7.69e-08,0.012937177972684323
7.7e-08,0.015234057972684322
7.71e-08,0.011952807972684323
7.72e-08,0.007234053972684324
7.73e-08,0.006546553972684324
7.74e-08,0.011234057972684324
7.75e-08,0.017046557972684322
7.76e-08,0.01923405797268432
7.77e-08,0.016796557972684322
7.78e-08,0.015234057972684322
7.79e-08,0.016999677972684323
7.8e-08,0.01923405797268432
7.81e-08,0.016921557972684322
7.82e-08,0.011234057972684324
7.83e-08,0.006046553972684324
7.84e-08,0.003234053972684323
7.85e-08,0.0012809289726843235
7.86e-08,-0.0007659463324256765
7.87e-08,-0.002953446027315677
7.88e-08,-0.004765946027315676
7.89e-08,-0.0045159460273156765
7.9e-08,-0.0007659463324256765
7.91e-08,0.003984053972684324
7.92e-08,0.003234053972684323
7.93e-08,-0.004781571027315676
7.94e-08,-0.012765942027315676
7.95e-08,-0.015375322027315676
7.96e-08,-0.016765942027315676
7.97e-08,-0.02121907202731568
7.98e-08,-0.024765942027315677
7.99e-08,-0.021906572027315677
8e-08,-0.016765942027315676
8.01e-08,-0.015953442027315676
8.02e-08,-0.020765942027315677
8.03e-08,-0.026000322027315677
8.04e-08,-0.028765942027315677
8.05e-08,-0.027500322027315678
8.06e-08,-0.024765942027315677
8.07e-08,-0.022031572027315677
8.08e-08,-0.020765942027315677
8.09e-08,-0.01935969202731568
8.1e-08,-0.016765942027315676
8.11e-08,-0.012687822027315675
8.12e-08,-0.008765946027315676
8.13e-08,-0.006250321027315676
8.14e-08,-0.004765946027315676
8.15e-08,-0.0033128210273156767
8.16e-08,-0.0007659463324256765
8.17e-08,0.0018746789726843236
8.18e-08,0.003234053972684323
8.19e-08,0.001968428972684323
8.2e-08,-0.0007659463324256765
8.21e-08,-0.0034534460273156764
8.22e-08,-0.004765946027315676
8.23e-08,-0.0038596960273156768
8.24e-08,-0.0007659463324256765
8.25e-08,0.0037965539726843235
8.26e-08,0.007234053972684324
8.27e-08,0.007952803972684323
8.28e-08,0.007234053972684324
8.29e-08,0.006780928972684324
8.3e-08,0.007234053972684324
8.31e-08,0.008405928972684324
8.32e-08,0.011234057972684324
8.33e-08,0.014249677972684324
8.34e-08,0.015234057972684322
8.35e-08,0.012015307972684323
8.36e-08,0.007234053972684324
8.37e-08,0.004093428972684324
8.38e-08,0.003234053972684323
8.39e-08,0.0025309289726843233
8.4e-08,-0.0007659463324256765
8.41e-08,-0.005703446027315676
8.42e-08,-0.008765946027315676
8.43e-08,-0.006234696027315676
8.44e-08,-0.0007659463324256765
8.45e-08,0.004624678972684324
8.46e-08,0.007234053972684324
8.47e-08,0.007859053972684323
8.48e-08,0.007234053972684324
8.49e-08,0.006749678972684324
8.5e-08,0.007234053972684324
8.51e-08,0.010124677972684324
8.52e-08,0.015234057972684322
8.53e-08,0.020609057972684322
8.54e-08,0.02323405797268432
8.55e-08,0.02171842797268432
8.56e-08,0.01923405797268432
8.57e-08,0.019437177972684322
8.58e-08,0.02323405797268432
8.59e-08,0.028077807972684322
8.6e-08,0.03123405797268432
8.61e-08,0.031499677972684326
8.62e-08,0.03123405797268432
8.63e-08,0.03132780797268433
8.64e-08,0.03123405797268432
8.65e-08,0.029421557972684323
8.66e-08,0.02723405797268432
8.67e-08,0.02618717797268432
8.68e-08,0.02723405797268432
8.69e-08,0.028140307972684322
8.7e-08,0.02723405797268432
8.71e-08,0.024593427972684323
8.72e-08,0.02323405797268432
8.73e-08,0.02379655797268432
8.74e-08,0.02323405797268432
8.75e-08,0.01837467797268432
8.76e-08,0.011234057972684324
8.77e-08,0.006702803972684324
8.78e-08,0.007234053972684324
8.79e-08,0.010530927972684324
8.8e-08,0.011234057972684324
8.81e-08,0.007624678972684323
8.82e-08,0.003234053972684323
8.83e-08,0.0025934289726843233
8.84e-08,0.003234053972684323
8.85e-08,0.0021871789726843234
8.86e-08,-0.0007659463324256765
8.87e-08,-0.0029690710273156764
8.88e-08,-0.004765946027315676
8.89e-08,-0.004781571027315676
8.9e-08,-0.0007659463324256765
8.91e-08,0.008015303972684323
8.92e-08,0.015234057972684322
8.93e-08,0.01582780797268432
8.94e-08,0.011234057972684324
8.95e-08,0.007155928972684324
8.96e-08,0.007234053972684324
8.97e-08,0.011046557972684324
8.98e-08,0.015234057972684322
8.99e-08,0.017734057972684323
9e-08,0.01923405797268432
9.01e-08,0.020984057972684322
9.02e-08,0.02323405797268432
9.03e-08,0.024280927972684323
9.04e-08,0.02323405797268432
9.05e-08,0.021827807972684323
9.06e-08,0.02323405797268432
9.07e-08,0.027718427972684322
9.08e-08,0.03123405797268432
9.09e-08,0.03021842797268432
9.1e-08,0.02723405797268432
9.11e-08,0.02606217797268432
9.12e-08,0.02723405797268432
9.13e-08,0.028952807972684323
9.14e-08,0.03123405797268432
9.15e-08,0.03381217797268433
9.16e-08,0.03523405797268433
9.17e-08,0.033718427972684324
9.18e-08,0.03123405797268432
9.19e-08,0.029312177972684324
9.2e-08,0.02723405797268432
9.21e-08,0.024546557972684322
9.22e-08,0.02323405797268432
9.23e-08,0.02389030797268432
9.24e-08,0.02323405797268432
9.25e-08,0.02020280797268432
9.26e-08,0.01923405797268432
9.27e-08,0.023374677972684322
9.28e-08,0.02723405797268432
9.29e-08,0.02624967797268432
9.3e-08,0.02323405797268432
9.31e-08,0.02282780797268432
9.32e-08,0.02323405797268432
9.33e-08,0.021280927972684324
9.34e-08,0.01923405797268432
9.35e-08,0.020327807972684322
9.36e-08,0.02323405797268432
9.37e-08,0.025312177972684324
9.38e-08,0.02723405797268432
9.39e-08,0.028890307972684322
9.4e-08,0.02723405797268432
9.41e-08,0.020999677972684323
9.42e-08,0.015234057972684322
9.43e-08,0.014218427972684324
9.44e-08,0.015234057972684322
9.45e-08,0.015155927972684323
9.46e-08,0.015234057972684322
9.47e-08,0.017624677972684324
9.48e-08,0.01923405797268432
9.49e-08,0.017687177972684324
9.5e-08,0.015234057972684322
9.51e-08,0.01604655797268432
9.52e-08,0.01923405797268432
9.53e-08,0.022046557972684323
9.54e-08,0.02323405797268432
9.55e-08,0.02326530797268432
9.56e-08,0.02323405797268432
9.57e-08,0.023374677972684322
9.58e-08,0.02323405797268432
9.59e-08,0.02271842797268432
9.6e-08,0.02323405797268432
9.61e-08,0.024234057972684322
9.62e-08,0.02323405797268432
9.63e-08,0.01982780797268432
9.64e-08,0.01923405797268432
9.65e-08,0.023624677972684322
9.66e-08,0.02723405797268432
9.67e-08,0.024796557972684322
9.68e-08,0.01923405797268432
9.69e-08,0.016187177972684322
9.7e-08,0.015234057972684322
9.71e-08,0.013796557972684325
9.72e-08,0.011234057972684324
9.73e-08,0.011187177972684323
9.74e-08,0.015234057972684322
9.75e-08,0.022046557972684323
9.76e-08,0.02723405797268432
9.77e-08,0.028265307972684322
9.78e-08,0.02723405797268432
9.79e-08,0.02785905797268432
9.8e-08,0.03123405797268432
9.81e-08,0.03351530797268432
9.82e-08,0.03123405797268432
9.83e-08,0.024343427972684323
9.84e-08,0.01923405797268432
9.85e-08,0.01973405797268432
9.86e-08,0.02323405797268432
9.87e-08,0.024405927972684323
9.88e-08,0.02323405797268432
9.89e-08,0.021609057972684323
9.9e-08,0.01923405797268432
9.91e-08,0.01629655797268432
9.92e-08,0.015234057972684322
9.93e-08,0.016687177972684323
9.94e-08,0.015234057972684322
9.95e-08,0.008999678972684324
9.96e-08,0.003234053972684323
9.97e-08,0.004687178972684324
9.98e-08,0.011234057972684324
9.99e-08,0.017374677972684324
1e-07,0.01923405797268432
1.001e-07,0.01865592797268432
1.002e-07,0.01923405797268432
1.003e-07,0.02171842797268432
1.004e-07,0.02323405797268432
1.005e-07,0.021515307972684323
1.006e-07,0.01923405797268432
1.007e-07,0.019749677972684322
1.008e-07,0.02323405797268432
1.009e-07,0.025249677972684324
1.01e-07,0.02323405797268432
1.011e-07,0.01828092797268432
1.012e-07,0.015234057972684322
1.013e-07,0.016452807972684322
1.014e-07,0.01923405797268432
1.015e-07,0.01915592797268432
1.016e-07,0.015234057972684322
1.017e-07,0.011155927972684323
1.018e-07,0.011234057972684324
1.019e-07,0.014609057972684324
1.02e-07,0.015234057972684322
1.021e-07,0.010718427972684325
1.022e-07,0.007234053972684324
1.023e-07,0.010109057972684323
1.024e-07,0.015234057972684322
1.025e-07,0.015484057972684323
1.026e-07,0.011234057972684324
1.027e-07,0.006609053972684324
1.028e-07,0.003234053972684323
1.029e-07,0.0005934289726843234
1.03e-07,-0.0007659463324256765
1.031e-07,-0.0005003213273156765
1.032e-07,-0.0007659463324256765
1.033e-07,-0.0026878210273156766
1.034e-07,-0.004765946027315676
1.035e-07,-0.005031571027315676
1.036e-07,-0.004765946027315676
1.037e-07,-0.004781571027315676
1.038e-07,-0.004765946027315676
1.039e-07,-0.003984696027315676
1.04e-07,-0.004765946027315676
1.041e-07,-0.007344071027315676
1.042e-07,-0.008765946027315676
1.043e-07,-0.006687821027315676
1.044e-07,-0.004765946027315676
1.045e-07,-0.005015946027315676
1.046e-07,-0.004765946027315676
1.047e-07,-0.0010628213273156766
1.048e-07,0.003234053972684323
1.049e-07,0.0042809289726843235
1.05e-07,0.003234053972684323
1.051e-07,0.003937178972684324
1.052e-07,0.007234053972684324
1.053e-07,0.010593427972684324
1.054e-07,0.011234057972684324
1.055e-07,0.007999678972684323
1.056e-07,0.003234053972684323
1.057e-07,0.0006559289726843235
1.058e-07,0.003234053972684323
1.059e-07,0.009530927972684324
1.06e-07,0.015234057972684322
1.061e-07,0.016530927972684323
1.062e-07,0.015234057972684322
1.063e-07,0.013280927972684323
1.064e-07,0.011234057972684324
1.065e-07,0.007718428972684323
1.066e-07,0.003234053972684323
1.067e-07,-0.0011096963273156766
1.068e-07,-0.004765946027315676
1.069e-07,-0.007609696027315676
1.07e-07,-0.008765946027315676
1.071e-07,-0.0074690710273156765
1.072e-07,-0.004765946027315676
1.073e-07,-0.0018596960273156767
1.074e-07,-0.0007659463324256765
1.075e-07,-0.0018596960273156767
1.076e-07,-0.004765946027315676
1.077e-07,-0.008453446027315677
1.078e-07,-0.012765942027315676
1.079e-07,-0.01603157202731568
1.08e-07,-0.016765942027315676
1.081e-07,-0.013625322027315676
1.082e-07,-0.008765946027315676
1.083e-07,-0.005234696027315676
1.084e-07,-0.004765946027315676
1.085e-07,-0.005734696027315676
1.086e-07,-0.004765946027315676
1.087e-07,-0.0007659463324256765
1.088e-07,0.003234053972684323
1.089e-07,0.003234053972684323
1.09e-07,-0.0007659463324256765
1.091e-07,-0.005953446027315676
1.092e-07,-0.008765946027315676
1.093e-07,-0.008750321027315676
1.094e-07,-0.008765946027315676
1.095e-07,-0.009531571027315677
1.096e-07,-0.008765946027315676
1.097e-07,-0.0045471960273156765
1.098e-07,-0.0007659463324256765
1.099e-07,-0.00023469632731567647
1.1e-07,-0.0007659463324256765
1.101e-07,0.0009996789726843236
1.102e-07,0.003234053972684323
1.103e-07,0.003405928972684323
1.104e-07,0.003234053972684323
1.105e-07,0.004859053972684324
1.106e-07,0.007234053972684324
1.107e-07,0.007734053972684323
1.108e-07,0.007234053972684324
1.109e-07,0.007093428972684324
1.11e-07,0.007234053972684324
1.111e-07,0.006859053972684324
1.112e-07,0.007234053972684324
1.113e-07,0.007999678972684323
1.114e-07,0.007234053972684324
1.115e-07,0.004437178972684324
1.116e-07,0.003234053972684323
1.117e-07,0.005390303972684324
1.118e-07,0.007234053972684324
1.119e-07,0.004546553972684324
1.12e-07,-0.0007659463324256765
1.121e-07,-0.004344071027315676
1.122e-07,-0.004765946027315676
1.123e-07,-0.0030784460273156765
1.124e-07,-0.0007659463324256765
1.125e-07,0.0005465539726843236
1.126e-07,-0.0007659463324256765
1.127e-07,-0.004844071027315676
1.128e-07,-0.008765946027315676
1.129e-07,-0.009890946027315677
1.13e-07,-0.008765946027315676
1.131e-07,-0.007844071027315677
1.132e-07,-0.008765946027315676
1.133e-07,-0.011969072027315677
1.134e-07,-0.016765942027315676
1.135e-07,-0.02062532202731568
1.136e-07,-0.020765942027315677
1.137e-07,-0.017484692027315677
1.138e-07,-0.016765942027315676
1.139e-07,-0.020765942027315677
1.14e-07,-0.024765942027315677
1.141e-07,-0.023656572027315678
1.142e-07,-0.020765942027315677
1.143e-07,-0.02006282202731568
1.144e-07,-0.020765942027315677
1.145e-07,-0.01932844202731568
1.146e-07,-0.016765942027315676
1.147e-07,-0.015750322027315678
1.148e-07,-0.016765942027315676
1.149e-07,-0.017562822027315676
1.15e-07,-0.016765942027315676
1.151e-07,-0.014578442027315676
1.152e-07,-0.012765942027315676
1.153e-07,-0.012640942027315676
1.154e-07,-0.012765942027315676
1.155e-07,-0.011344072027315676
1.156e-07,-0.008765946027315676
1.157e-07,-0.0065159460273156765
1.158e-07,-0.004765946027315676
1.159e-07,-0.004765946027315676
1.16e-07,-0.008765946027315676
1.161e-07,-0.015078442027315677
1.162e-07,-0.016765942027315676
1.163e-07,-0.010828442027315676
1.164e-07,-0.004765946027315676
1.165e-07,-0.005375321027315676
1.166e-07,-0.008765946027315676
1.167e-07,-0.008297196027315677
1.168e-07,-0.004765946027315676
1.169e-07,-0.0022815710273156767
1.17e-07,-0.0007659463324256765
1.171e-07,0.0006715539726843235
1.172e-07,-0.0007659463324256765
1.173e-07,-0.005812821027315676
1.174e-07,-0.008765946027315676
1.175e-07,-0.006625321027315676
1.176e-07,-0.004765946027315676
1.177e-07,-0.007125321027315676
1.178e-07,-0.008765946027315676
1.179e-07,-0.004062821027315676
1.18e-07,0.003234053972684323
1.181e-07,0.005999678972684324
1.182e-07,0.003234053972684323
1.183e-07,-0.0012503213273156765
1.184e-07,-0.004765946027315676
1.185e-07,-0.005906571027315676
1.186e-07,-0.004765946027315676
1.187e-07,-0.0022971960273156767
1.188e-07,-0.0007659463324256765
1.189e-07,-0.0007503213273156765
1.19e-07,-0.0007659463324256765
1.191e-07,0.0018434289726843235
1.192e-07,0.007234053972684324
1.193e-07,0.013062177972684323
1.194e-07,0.015234057972684322
1.195e-07,0.012202807972684323
1.196e-07,0.007234053972684324
1.197e-07,0.004874678972684324
1.198e-07,0.007234053972684324
1.199e-07,0.012077807972684323
1.2e-07,0.015234057972684322
1.201e-07,0.015234057972684322
1.202e-07,0.015234057972684322
1.203e-07,0.017280927972684323
1.204e-07,0.01923405797268432
1.205e-07,0.01806217797268432
1.206e-07,0.015234057972684322
1.207e-07,0.013921557972684323
1.208e-07,0.015234057972684322
1.209e-07,0.017405927972684324
1.21e-07,0.01923405797268432
1.211e-07,0.019937177972684322
1.212e-07,0.01923405797268432
1.213e-07,0.017234057972684323
1.214e-07,0.015234057972684322
1.215e-07,0.013562177972684324
1.216e-07,0.011234057972684324
1.217e-07,0.009343427972684323
1.218e-07,0.011234057972684324
1.219e-07,0.016749677972684323
1.22e-07,0.01923405797268432
1.221e-07,0.015374677972684323
1.222e-07,0.011234057972684324
1.223e-07,0.012530927972684324
1.224e-07,0.015234057972684322
1.225e-07,0.014046557972684323
1.226e-07,0.011234057972684324
1.227e-07,0.011827807972684325
1.228e-07,0.015234057972684322
1.229e-07,0.016921557972684322
1.23e-07,0.015234057972684322
1.231e-07,0.012280927972684324
1.232e-07,0.011234057972684324
1.233e-07,0.013062177972684323
1.234e-07,0.015234057972684322
1.235e-07,0.014609057972684324
1.236e-07,0.011234057972684324
1.237e-07,0.007890303972684323
1.238e-07,0.007234053972684324
1.239e-07,0.009249677972684323
1.24e-07,0.011234057972684324
1.241e-07,0.011640307972684324
1.242e-07,0.011234057972684324
1.243e-07,0.011374677972684323
1.244e-07,0.011234057972684324
1.245e-07,0.009640307972684324
1.246e-07,0.007234053972684324
1.247e-07,0.0061559289726843235
1.248e-07,0.007234053972684324
1.249e-07,0.009499677972684323
1.25e-07,0.011234057972684324
1.251e-07,0.011546557972684324
1.252e-07,0.011234057972684324
1.253e-07,0.011077807972684324
1.254e-07,0.011234057972684324
1.255e-07,0.010140307972684323
1.256e-07,0.007234053972684324
1.257e-07,0.0038278039726843236
1.258e-07,0.003234053972684323
1.259e-07,0.005655928972684324
1.26e-07,0.007234053972684324
1.261e-07,0.004437178972684324
1.262e-07,-0.0007659463324256765
1.263e-07,-0.004203446027315676
1.264e-07,-0.004765946027315676
1.265e-07,-0.004187821027315676
1.266e-07,-0.004765946027315676
1.267e-07,-0.006734696027315676
1.268e-07,-0.008765946027315676
1.269e-07,-0.009344071027315676
1.27e-07,-0.008765946027315676
1.271e-07,-0.008281571027315677
1.272e-07,-0.008765946027315676
1.273e-07,-0.010281571027315676
1.274e-07,-0.012765942027315676
1.275e-07,-0.015344072027315676
1.276e-07,-0.016765942027315676
1.277e-07,-0.016672192027315676
1.278e-07,-0.016765942027315676
1.279e-07,-0.018344072027315677
1.28e-07,-0.020765942027315677
1.281e-07,-0.021750322027315677
1.282e-07,-0.020765942027315677
1.283e-07,-0.018375322027315677
1.284e-07,-0.016765942027315676
1.285e-07,-0.01740657202731568
1.286e-07,-0.020765942027315677
1.287e-07,-0.02421907202731568
1.288e-07,-0.024765942027315677
1.289e-07,-0.021015942027315677
1.29e-07,-0.016765942027315676
1.291e-07,-0.015390942027315677
1.292e-07,-0.016765942027315676
1.293e-07,-0.017812822027315676
1.294e-07,-0.016765942027315676
1.295e-07,-0.013390942027315677
1.296e-07,-0.008765946027315676
1.297e-07,-0.005140946027315676
1.298e-07,-0.004765946027315676
1.299e-07,-0.007281571027315676
1.3e-07,-0.008765946027315676
1.301e-07,-0.007078446027315676
1.302e-07,-0.004765946027315676
1.303e-07,-0.0055003210273156765
1.304e-07,-0.008765946027315676
1.305e-07,-0.010828442027315676
1.306e-07,-0.008765946027315676
1.307e-07,-0.0030003210273156764
1.308e-07,0.003234053972684323
1.309e-07,0.005734053972684324
1.31e-07,0.003234053972684323
1.311e-07,-0.0019846960273156764
1.312e-07,-0.004765946027315676
1.313e-07,-0.0033753210273156768
1.314e-07,-0.0007659463324256765
1.315e-07,-0.0012659463273156765
1.316e-07,-0.004765946027315676
1.317e-07,-0.008203446027315677
1.318e-07,-0.008765946027315676
1.319e-07,-0.0064846960273156765
1.32e-07,-0.004765946027315676
1.321e-07,-0.005719071027315676
1.322e-07,-0.008765946027315676
1.323e-07,-0.011344072027315676
1.324e-07,-0.012765942027315676
1.325e-07,-0.012125322027315677
1.326e-07,-0.008765946027315676
1.327e-07,-0.003406571027315677
1.328e-07,-0.0007659463324256765
1.329e-07,-0.0026253210273156765
1.33e-07,-0.004765946027315676
1.331e-07,-0.0033284460273156767
1.332e-07,-0.0007659463324256765
1.333e-07,-0.0005471963273156765
1.334e-07,-0.0007659463324256765
1.335e-07,0.0009528039726843235
1.336e-07,0.003234053972684323
1.337e-07,0.003390303972684323
1.338e-07,0.003234053972684323
1.339e-07,0.004030928972684324
1.34e-07,0.003234053972684323
1.341e-07,-0.0008440713373156765
1.342e-07,-0.004765946027315676
1.343e-07,-0.005234696027315676
1.344e-07,-0.004765946027315676
1.345e-07,-0.005390946027315676
1.346e-07,-0.004765946027315676
1.347e-07,-0.0005315713273156765
1.348e-07,0.003234053972684323
1.349e-07,0.0034684289726843232
1.35e-07,0.003234053972684323
1.351e-07,0.005562178972684324
1.352e-07,0.007234053972684324
1.353e-07,0.0052340539726843235
1.354e-07,0.003234053972684323
1.355e-07,0.004718428972684324
1.356e-07,0.007234053972684324
1.357e-07,0.006437178972684324
1.358e-07,0.003234053972684323
1.359e-07,0.0014371789726843232
1.36e-07,0.003234053972684323
1.361e-07,0.006655928972684324
1.362e-07,0.007234053972684324
1.363e-07,0.004499678972684324
1.364e-07,0.003234053972684323
1.365e-07,0.005937178972684324
1.366e-07,0.007234053972684324
1.367e-07,0.003405928972684323
1.368e-07,-0.0007659463324256765
1.369e-07,0.0012653039726843235
1.37e-07,0.007234053972684324
1.371e-07,0.011218427972684323
1.372e-07,0.011234057972684324
1.373e-07,0.010265307972684323
1.374e-07,0.011234057972684324
1.375e-07,0.013874677972684324
1.376e-07,0.015234057972684322
1.377e-07,0.013515307972684324
1.378e-07,0.011234057972684324
1.379e-07,0.011734057972684325
1.38e-07,0.015234057972684322
1.381e-07,0.01865592797268432
1.382e-07,0.01923405797268432
1.383e-07,0.017015307972684322
1.384e-07,0.015234057972684322
1.385e-07,0.015265307972684323
1.386e-07,0.015234057972684322
1.387e-07,0.014155927972684324
1.388e-07,0.015234057972684322
1.389e-07,0.019874677972684322
1.39e-07,0.02323405797268432
1.391e-07,0.020655927972684323
1.392e-07,0.015234057972684322
1.393e-07,0.011984057972684323
1.394e-07,0.011234057972684324
1.395e-07,0.011093427972684323
1.396e-07,0.011234057972684324
1.397e-07,0.012921557972684324
1.398e-07,0.015234057972684322
1.399e-07,0.016468427972684323
1.4e-07,0.015234057972684322
1.401e-07,0.012749677972684325
1.402e-07,0.011234057972684324
1.403e-07,0.012609057972684324
1.404e-07,0.015234057972684322
1.405e-07,0.017421557972684323
1.406e-07,0.01923405797268432
1.407e-07,0.021390307972684323
1.408e-07,0.02323405797268432
1.409e-07,0.02335905797268432
1.41e-07,0.02323405797268432
1.411e-07,0.02342155797268432
1.412e-07,0.02323405797268432
1.413e-07,0.02234342797268432
1.414e-07,0.02323405797268432
1.415e-07,0.025218427972684324
1.416e-07,0.02323405797268432
1.417e-07,0.015155927972684323
1.418e-07,0.007234053972684324
1.419e-07,0.006687178972684324
1.42e-07,0.011234057972684324
1.421e-07,0.01598405797268432
1.422e-07,0.01923405797268432
1.423e-07,0.02209342797268432
1.424e-07,0.02323405797268432
1.425e-07,0.022546557972684324
1.426e-07,0.02323405797268432
1.427e-07,0.026296557972684324
1.428e-07,0.02723405797268432
1.429e-07,0.023187177972684322
1.43e-07,0.01923405797268432
1.431e-07,0.02004655797268432
1.432e-07,0.02323405797268432
1.433e-07,0.024124677972684323
1.434e-07,0.02323405797268432
1.435e-07,0.02309342797268432
1.436e-07,0.02323405797268432
1.437e-07,0.02281217797268432
1.438e-07,0.02323405797268432
1.439e-07,0.025499677972684324
1.44e-07,0.02723405797268432
1.441e-07,0.02618717797268432
1.442e-07,0.02323405797268432
1.443e-07,0.021702807972684323
1.444e-07,0.02323405797268432
1.445e-07,0.02631217797268432
1.446e-07,0.02723405797268432
1.447e-07,0.025015307972684322
1.448e-07,0.02323405797268432
1.449e-07,0.02556217797268432
1.45e-07,0.03123405797268432
1.451e-07,0.03556217797268432
1.452e-07,0.03523405797268433
1.453e-07,0.030780927972684325
1.454e-07,0.02723405797268432
1.455e-07,0.02684342797268432
1.456e-07,0.02723405797268432
1.457e-07,0.025499677972684324
1.458e-07,0.02323405797268432
1.459e-07,0.02285905797268432
1.46e-07,0.02323405797268432
1.461e-07,0.022015307972684323
1.462e-07,0.01923405797268432
1.463e-07,0.017734057972684323
1.464e-07,0.01923405797268432
1.465e-07,0.02237467797268432
1.466e-07,0.02323405797268432
1.467e-07,0.020827807972684322
1.468e-07,0.01923405797268432
1.469e-07,0.021077807972684322
1.47e-07,0.02323405797268432
1.471e-07,0.020859057972684322
1.472e-07,0.015234057972684322
1.473e-07,0.011093427972684323
1.474e-07,0.011234057972684324
1.475e-07,0.014155927972684324
1.476e-07,0.015234057972684322
1.477e-07,0.012343427972684324
1.478e-07,0.007234053972684324
1.479e-07,0.0038121789726843235
1.48e-07,0.003234053972684323
1.481e-07,0.004796553972684324
1.482e-07,0.007234053972684324
1.483e-07,0.010890307972684324
1.484e-07,0.015234057972684322
1.485e-07,0.01870280797268432
1.486e-07,0.01923405797268432
1.487e-07,0.015140307972684322
1.488e-07,0.007234053972684324
1.489e-07,9.34286726843235e-05
1.49e-07,-0.0007659463324256765
1.491e-07,0.0052184289726843235
1.492e-07,0.011234057972684324
1.493e-07,0.012265307972684323
1.494e-07,0.011234057972684324
1.495e-07,0.012702807972684324
1.496e-07,0.015234057972684322
1.497e-07,0.014765307972684324
1.498e-07,0.011234057972684324
1.499e-07,0.007921553972684323
1.5e-07,0.007234053972684324
1.501e-07,0.008921553972684324
1.502e-07,0.011234057972684324
1.503e-07,0.012124677972684324
1.504e-07,0.011234057972684324
1.505e-07,0.009312177972684323
1.506e-07,0.007234053972684324
1.507e-07,0.006062178972684324
1.508e-07,0.007234053972684324
1.509e-07,0.010265307972684323
1.51e-07,0.011234057972684324
1.511e-07,0.008905928972684324
1.512e-07,0.007234053972684324
1.513e-07,0.007999678972684323
1.514e-07,0.007234053972684324
1.515e-07,0.0025465539726843233
1.516e-07,-0.0007659463324256765
1.517e-07,0.003155928972684323
1.518e-07,0.011234057972684324
1.519e-07,0.015218427972684323
1.52e-07,0.011234057972684324
1.521e-07,0.0022028039726843234
1.522e-07,-0.004765946027315676
1.523e-07,-0.005062821027315676
1.524e-07,-0.0007659463324256765
1.525e-07,0.0030465539726843233
1.526e-07,0.003234053972684323
1.527e-07,0.0009684289726843235
1.528e-07,-0.0007659463324256765
1.529e-07,-0.0007346963273156765
1.53e-07,-0.0007659463324256765
1.531e-07,-0.0023284460273156767
1.532e-07,-0.004765946027315676
1.533e-07,-0.005922196027315676
1.534e-07,-0.004765946027315676
1.535e-07,-0.0023909460273156763
1.536e-07,-0.0007659463324256765
1.537e-07,-0.0004690713273156765
1.538e-07,-0.0007659463324256765
1.539e-07,-0.0017190713273156765
1.54e-07,-0.004765946027315676
1.541e-07,-0.009687821027315677
1.542e-07,-0.012765942027315676
1.543e-07,-0.010562821027315676
1.544e-07,-0.004765946027315676
1.545e-07,-0.0004378213273156765
1.546e-07,-0.0007659463324256765
1.547e-07,-0.004890946027315676
1.548e-07,-0.008765946027315676
1.549e-07,-0.009578446027315677
1.55e-07,-0.008765946027315676
1.551e-07,-0.009437821027315677
1.552e-07,-0.012765942027315676
1.553e-07,-0.01640657202731568
1.554e-07,-0.016765942027315676
1.555e-07,-0.013078442027315677
1.556e-07,-0.008765946027315676
1.557e-07,-0.007265946027315676
1.558e-07,-0.008765946027315676
1.559e-07,-0.011109692027315677
1.56e-07,-0.012765942027315676
1.561e-07,-0.014219072027315677
1.562e-07,-0.016765942027315676
1.563e-07,-0.01976594202731568
1.564e-07,-0.020765942027315677
1.565e-07,-0.01882844202731568
1.566e-07,-0.016765942027315676
1.567e-07,-0.01662532202731568
1.568e-07,-0.016765942027315676
1.569e-07,-0.014937822027315676
1.57e-07,-0.012765942027315676
1.571e-07,-0.013390942027315677
1.572e-07,-0.016765942027315676
1.573e-07,-0.02017219202731568
1.574e-07,-0.020765942027315677
1.575e-07,-0.018531572027315677
1.576e-07,-0.016765942027315676
1.577e-07,-0.017890942027315677
1.578e-07,-0.020765942027315677
1.579e-07,-0.022937822027315678
1.58e-07,-0.024765942027315677
1.581e-07,-0.026015942027315678
1.582e-07,-0.024765942027315677
1.583e-07,-0.02026594202731568
1.584e-07,-0.016765942027315676
1.585e-07,-0.01684407202731568
1.586e-07,-0.016765942027315676
1.587e-07,-0.014125322027315677
1.588e-07,-0.012765942027315676
1.589e-07,-0.01628157202731568
1.59e-07,-0.020765942027315677
1.591e-07,-0.021765942027315677
1.592e-07,-0.020765942027315677
1.593e-07,-0.021859692027315678
1.594e-07,-0.024765942027315677
1.595e-07,-0.026062822027315677
1.596e-07,-0.024765942027315677
1.597e-07,-0.022140942027315678
1.598e-07,-0.020765942027315677
1.599e-07,-0.021797192027315677
1.6e-07,-0.024765942027315677
1.601e-07,-0.02667219202731568
1.602e-07,-0.024765942027315677
1.603e-07,-0.01987532202731568
1.604e-07,-0.016765942027315676
1.605e-07,-0.018203442027315678
1.606e-07,-0.020765942027315677
1.607e-07,-0.021172192027315677
1.608e-07,-0.020765942027315677
1.609e-07,-0.022219072027315677
1.61e-07,-0.024765942027315677
1.611e-07,-0.025765942027315678
1.612e-07,-0.024765942027315677
1.613e-07,-0.02379719202731568
1.614e-07,-0.024765942027315677
1.615e-07,-0.026344072027315677
1.616e-07,-0.024765942027315677
1.617e-07,-0.019656572027315678
1.618e-07,-0.016765942027315676
1.619e-07,-0.01996907202731568
1.62e-07,-0.024765942027315677
1.621e-07,-0.025875322027315677
1.622e-07,-0.024765942027315677
1.623e-07,-0.025781572027315677
1.624e-07,-0.028765942027315677
1.625e-07,-0.030187822027315677
1.626e-07,-0.028765942027315677
1.627e-07,-0.026062822027315677
1.628e-07,-0.024765942027315677
1.629e-07,-0.025906572027315677
1.63e-07,-0.028765942027315677
1.631e-07,-0.030297192027315678
1.632e-07,-0.028765942027315677
1.633e-07,-0.025547192027315677
1.634e-07,-0.024765942027315677
1.635e-07,-0.027094072027315678
1.636e-07,-0.028765942027315677
1.637e-07,-0.025906572027315677
1.638e-07,-0.020765942027315677
1.639e-07,-0.018203442027315678
1.64e-07,-0.020765942027315677
1.641e-07,-0.02496907202731568
1.642e-07,-0.024765942027315677
1.643e-07,-0.018734692027315678
1.644e-07,-0.012765942027315676
1.645e-07,-0.011781572027315676
1.646e-07,-0.012765942027315676
1.647e-07,-0.011406572027315676
1.648e-07,-0.008765946027315676
1.649e-07,-0.009234696027315676
1.65e-07,-0.012765942027315676
1.651e-07,-0.01621907202731568
1.652e-07,-0.016765942027315676
1.653e-07,-0.014890942027315677
1.654e-07,-0.012765942027315676
1.655e-07,-0.012219072027315677
1.656e-07,-0.012765942027315676
1.657e-07,-0.012953442027315677
1.658e-07,-0.012765942027315676
1.659e-07,-0.013719072027315676
1.66e-07,-0.016765942027315676
1.661e-07,-0.02017219202731568
1.662e-07,-0.020765942027315677
1.663e-07,-0.017234692027315677
1.664e-07,-0.012765942027315676
1.665e-07,-0.011109692027315677
1.666e-07,-0.012765942027315676
1.667e-07,-0.015265942027315677
1.668e-07,-0.016765942027315676
1.669e-07,-0.01690657202731568
1.67e-07,-0.016765942027315676
1.671e-07,-0.01687532202731568
1.672e-07,-0.016765942027315676
1.673e-07,-0.015406572027315676
1.674e-07,-0.012765942027315676
1.675e-07,-0.010062821027315675
1.676e-07,-0.008765946027315676
1.677e-07,-0.009797196027315677
1.678e-07,-0.012765942027315676
1.679e-07,-0.01593782202731568
1.68e-07,-0.016765942027315676
1.681e-07,-0.014828442027315676
1.682e-07,-0.012765942027315676
1.683e-07,-0.012594072027315675
1.684e-07,-0.012765942027315676
1.685e-07,-0.012078442027315676
1.686e-07,-0.012765942027315676
1.687e-07,-0.015500322027315676
1.688e-07,-0.016765942027315676
1.689e-07,-0.014344072027315677
1.69e-07,-0.012765942027315676
1.691e-07,-0.014859692027315676
1.692e-07,-0.016765942027315676
1.693e-07,-0.013797192027315676
1.694e-07,-0.008765946027315676
1.695e-07,-0.006844071027315676
1.696e-07,-0.008765946027315676
1.697e-07,-0.010515946027315676
1.698e-07,-0.008765946027315676
1.699e-07,-0.004265946027315676
1.7e-07,-0.0007659463324256765
1.701e-07,-0.0015940713273156766
1.702e-07,-0.004765946027315676
1.703e-07,-0.006594071027315677
1.704e-07,-0.004765946027315676
1.705e-07,-0.0015628213273156766
1.706e-07,-0.0007659463324256765
1.707e-07,-0.003969071027315676
1.708e-07,-0.008765946027315676
1.709e-07,-0.011953442027315676
1.71e-07,-0.012765942027315676
1.711e-07,-0.012500322027315677
1.712e-07,-0.012765942027315676
1.713e-07,-0.012125322027315677
1.714e-07,-0.008765946027315676
1.715e-07,-0.0033596960273156768
1.716e-07,-0.0007659463324256765
1.717e-07,-0.0037346960273156767
1.718e-07,-0.008765946027315676
1.719e-07,-0.010515946027315676
1.72e-07,-0.008765946027315676
1.721e-07,-0.006265946027315676
1.722e-07,-0.004765946027315676
1.723e-07,-0.004344071027315676
1.724e-07,-0.004765946027315676
1.725e-07,-0.005406571027315676
1.726e-07,-0.004765946027315676
1.727e-07,-0.0026565710273156766
1.728e-07,-0.0007659463324256765
1.729e-07,-0.0003753213273156765
1.73e-07,-0.0007659463324256765
1.731e-07,-0.0010003213273156765
1.732e-07,-0.0007659463324256765
1.733e-07,-0.0016253213273156766
1.734e-07,-0.004765946027315676
1.735e-07,-0.008500321027315677
1.736e-07,-0.008765946027315676
1.737e-07,-0.0045159460273156765
1.738e-07,-0.0007659463324256765
1.739e-07,-0.0016409463273156766
1.74e-07,-0.004765946027315676
1.741e-07,-0.005797196027315676
1.742e-07,-0.004765946027315676
1.743e-07,-0.004187821027315676
1.744e-07,-0.004765946027315676
1.745e-07,-0.005219071027315676
1.746e-07,-0.004765946027315676
1.747e-07,-0.004219071027315676
1.748e-07,-0.004765946027315676
1.749e-07,-0.006687821027315676
1.75e-07,-0.008765946027315676
1.751e-07,-0.009250321027315676
1.752e-07,-0.008765946027315676
1.753e-07,-0.008359696027315677
1.754e-07,-0.008765946027315676
1.755e-07,-0.009078446027315676
1.756e-07,-0.008765946027315676
1.757e-07,-0.007234696027315676
1.758e-07,-0.004765946027315676
1.759e-07,-0.0022659460273156766
1.76e-07,-0.0007659463324256765
1.761e-07,-0.0006721963273156765
1.762e-07,-0.0007659463324256765
1.763e-07,-0.0007503213273156765
1.764e-07,-0.0007659463324256765
1.765e-07,-0.0021721960273156766
1.766e-07,-0.004765946027315676
1.767e-07,-0.007547196027315677
1.768e-07,-0.008765946027315676
1.769e-07,-0.008515946027315677
1.77e-07,-0.008765946027315676
1.771e-07,-0.010469071027315676
1.772e-07,-0.012765942027315676
1.773e-07,-0.013484692027315677
1.774e-07,-0.012765942027315676
1.775e-07,-0.011953442027315676
1.776e-07,-0.012765942027315676
1.777e-07,-0.013812822027315676
1.778e-07,-0.012765942027315676
1.779e-07,-0.008687821027315676
1.78e-07,-0.004765946027315676
1.781e-07,-0.004890946027315676
1.782e-07,-0.008765946027315676
1.783e-07,-0.012609692027315676
1.784e-07,-0.012765942027315676
1.785e-07,-0.009000321027315676
1.786e-07,-0.004765946027315676
1.787e-07,-0.004422196027315676
1.788e-07,-0.008765946027315676
1.789e-07,-0.014672192027315676
1.79e-07,-0.016765942027315676
1.791e-07,-0.013390942027315677
1.792e-07,-0.008765946027315676
1.793e-07,-0.007234696027315676
1.794e-07,-0.008765946027315676
1.795e-07,-0.010953442027315676
1.796e-07,-0.012765942027315676
1.797e-07,-0.014750322027315676
1.798e-07,-0.016765942027315676
1.799e-07,-0.017453442027315677
1.8e-07,-0.016765942027315676
1.801e-07,-0.015000322027315676
1.802e-07,-0.012765942027315676
1.803e-07,-0.011422192027315677
1.804e-07,-0.012765942027315676
1.805e-07,-0.015875322027315678
1.806e-07,-0.016765942027315676
1.807e-07,-0.014328442027315676
1.808e-07,-0.012765942027315676
1.809e-07,-0.014984692027315677
1.81e-07,-0.016765942027315676
1.811e-07,-0.014844072027315676
1.812e-07,-0.012765942027315676
1.813e-07,-0.015484692027315675
1.814e-07,-0.020765942027315677
1.815e-07,-0.02401594202731568
1.816e-07,-0.024765942027315677
1.817e-07,-0.02478157202731568
1.818e-07,-0.024765942027315677
1.819e-07,-0.02423469202731568
1.82e-07,-0.024765942027315677
1.821e-07,-0.02670344202731568
1.822e-07,-0.028765942027315677
1.823e-07,-0.029219072027315676
1.824e-07,-0.028765942027315677
1.825e-07,-0.02760969202731568
1.826e-07,-0.024765942027315677
1.827e-07,-0.02028157202731568
1.828e-07,-0.016765942027315676
1.829e-07,-0.01706282202731568
1.83e-07,-0.020765942027315677
1.831e-07,-0.025547192027315677
1.832e-07,-0.028765942027315677
1.833e-07,-0.030406572027315677
1.834e-07,-0.03276594202731568
1.835e-07,-0.034969072027315674
1.836e-07,-0.03276594202731568
1.837e-07,-0.025484692027315677
1.838e-07,-0.020765942027315677
1.839e-07,-0.02367219202731568
1.84e-07,-0.028765942027315677
1.841e-07,-0.02853157202731568
1.842e-07,-0.024765942027315677
1.843e-07,-0.023219072027315678
1.844e-07,-0.024765942027315677
1.845e-07,-0.02698469202731568
1.846e-07,-0.028765942027315677
1.847e-07,-0.029890942027315678
1.848e-07,-0.028765942027315677
1.849e-07,-0.025781572027315677
1.85e-07,-0.024765942027315677
1.851e-07,-0.027156572027315678
1.852e-07,-0.028765942027315677
1.853e-07,-0.026844072027315678
1.854e-07,-0.024765942027315677
1.855e-07,-0.026062822027315677
1.856e-07,-0.028765942027315677
1.857e-07,-0.029328442027315677
1.858e-07,-0.028765942027315677
1.859e-07,-0.029890942027315678
1.86e-07,-0.03276594202731568
1.861e-07,-0.034344072027315674
1.862e-07,-0.03276594202731568
1.863e-07,-0.028453442027315676
1.864e-07,-0.024765942027315677
1.865e-07,-0.02382844202731568
1.866e-07,-0.024765942027315677
1.867e-07,-0.02525032202731568
1.868e-07,-0.024765942027315677
1.869e-07,-0.024422192027315676
1.87e-07,-0.024765942027315677
1.871e-07,-0.02521907202731568
1.872e-07,-0.024765942027315677
1.873e-07,-0.023219072027315678
1.874e-07,-0.020765942027315677
1.875e-07,-0.01939094202731568
1.876e-07,-0.020765942027315677
1.877e-07,-0.02375032202731568
1.878e-07,-0.024765942027315677
1.879e-07,-0.022453442027315678
1.88e-07,-0.020765942027315677
1.881e-07,-0.023312822027315678
1.882e-07,-0.028765942027315677
1.883e-07,-0.031625322027315675
1.884e-07,-0.028765942027315677
1.885e-07,-0.021859692027315678
1.886e-07,-0.016765942027315676
1.887e-07,-0.01606282202731568
1.888e-07,-0.016765942027315676
1.889e-07,-0.015281572027315676
1.89e-07,-0.012765942027315676
1.891e-07,-0.013062822027315676
1.892e-07,-0.016765942027315676
1.893e-07,-0.02056282202731568
1.894e-07,-0.020765942027315677
1.895e-07,-0.01706282202731568
1.896e-07,-0.012765942027315676
1.897e-07,-0.011328442027315677
1.898e-07,-0.012765942027315676
1.899e-07,-0.013984692027315676
1.9e-07,-0.012765942027315676
1.901e-07,-0.009953446027315677
1.902e-07,-0.008765946027315676
1.903e-07,-0.010562821027315676
1.904e-07,-0.012765942027315676
1.905e-07,-0.012125322027315677
1.906e-07,-0.008765946027315676
1.907e-07,-0.0055628210273156765
1.908e-07,-0.004765946027315676
1.909e-07,-0.0065003210273156765
1.91e-07,-0.008765946027315676
1.911e-07,-0.009578446027315677
1.912e-07,-0.008765946027315676
1.913e-07,-0.006906571027315676
1.914e-07,-0.004765946027315676
1.915e-07,-0.0035471960273156765
1.916e-07,-0.004765946027315676
1.917e-07,-0.007875321027315677
1.918e-07,-0.008765946027315676
1.919e-07,-0.005109696027315676
1.92e-07,-0.0007659463324256765
1.921e-07,0.00028092897268432355
1.922e-07,-0.0007659463324256765
1.923e-07,-0.0021096960273156765
1.924e-07,-0.004765946027315676
1.925e-07,-0.008578446027315676
1.926e-07,-0.008765946027315676
1.927e-07,-0.0028909460273156768
1.928e-07,0.003234053972684323
1.929e-07,0.003374678972684323
1.93e-07,-0.0007659463324256765
1.931e-07,-0.004062821027315676
1.932e-07,-0.004765946027315676
1.933e-07,-0.0045003210273156765
1.934e-07,-0.004765946027315676
1.935e-07,-0.005265946027315676
1.936e-07,-0.004765946027315676
1.937e-07,-0.0028596960273156767
1.938e-07,-0.0007659463324256765
1.939e-07,-3.2132731567647427e-07
1.94e-07,-0.0007659463324256765
1.941e-07,-0.0023596960273156763
1.942e-07,-0.004765946027315676
1.943e-07,-0.0074534460273156765
1.944e-07,-0.008765946027315676
1.945e-07,-0.0074534460273156765
1.946e-07,-0.004765946027315676
1.947e-07,-0.0023596960273156763
1.948e-07,-0.0007659463324256765
1.949e-07,7.780367268432349e-05
1.95e-07,-0.0007659463324256765
1.951e-07,-0.0031565710273156766
1.952e-07,-0.004765946027315676
1.953e-07,-0.0045628210273156765
1.954e-07,-0.004765946027315676
1.955e-07,-0.006015946027315676
1.956e-07,-0.004765946027315676
1.957e-07,0.00017155367268432346
1.958e-07,0.003234053972684323
1.959e-07,0.00010905367268432351
1.96e-07,-0.004765946027315676
1.961e-07,-0.005875321027315676
1.962e-07,-0.004765946027315676
1.963e-07,-0.004750321027315676
1.964e-07,-0.004765946027315676
1.965e-07,-0.0028128210273156767
1.966e-07,-0.0007659463324256765
1.967e-07,-0.0016721963273156767
1.968e-07,-0.004765946027315676
1.969e-07,-0.006594071027315677
1.97e-07,-0.004765946027315676
1.971e-07,-0.0011565713273156766
1.972e-07,-0.0007659463324256765
1.973e-07,-0.005078446027315676
1.974e-07,-0.008765946027315676
1.975e-07,-0.007562821027315677
1.976e-07,-0.004765946027315676
1.977e-07,-0.005328446027315676
1.978e-07,-0.008765946027315676
1.979e-07,-0.010656571027315676
1.98e-07,-0.008765946027315676
1.981e-07,-0.005344071027315676
1.982e-07,-0.004765946027315676
1.983e-07,-0.0074065710273156764
1.984e-07,-0.008765946027315676
1.985e-07,-0.006359696027315676
1.986e-07,-0.004765946027315676
1.987e-07,-0.008109696027315677
1.988e-07,-0.012765942027315676
1.989e-07,-0.012750322027315675
1.99e-07,-0.008765946027315676
1.991e-07,-0.005328446027315676
1.992e-07,-0.004765946027315676
1.993e-07,-0.0065003210273156765
1.994e-07,-0.008765946027315676
1.995e-07,-0.009890946027315677
1.996e-07,-0.008765946027315676
1.997e-07,-0.006265946027315676
1.998e-07,-0.004765946027315676
1.999e-07,-0.005890946027315676
2e-07,-0.008765946027315676
2.001e-07,-0.011500322027315676
2.002e-07,-0.012765942027315676
2.003e-07,-0.012734692027315676
2.004e-07,-0.012765942027315676
2.005e-07,-0.013062822027315676
2.006e-07,-0.012765942027315676
2.007e-07,-0.010875322027315676
2.008e-07,-0.008765946027315676
2.009e-07,-0.007906571027315677
2.01e-07,-0.008765946027315676
2.011e-07,-0.010453446027315676
2.012e-07,-0.012765942027315676
2.013e-07,-0.014328442027315676
2.014e-07,-0.012765942027315676
2.015e-07,-0.008172196027315677
2.016e-07,-0.004765946027315676
2.017e-07,-0.004922196027315676
2.018e-07,-0.004765946027315676
2.019e-07,-0.0020628210273156765
2.02e-07,-0.0007659463324256765
2.021e-07,-0.004437821027315676
2.022e-07,-0.008765946027315676
2.023e-07,-0.009297196027315676
2.024e-07,-0.008765946027315676
2.025e-07,-0.010828442027315676
2.026e-07,-0.012765942027315676
2.027e-07,-0.011078442027315677
2.028e-07,-0.008765946027315676
2.029e-07,-0.008703446027315676
2.03e-07,-0.008765946027315676
2.031e-07,-0.006359696027315676
2.032e-07,-0.004765946027315676
2.033e-07,-0.0064690710273156765
2.034e-07,-0.008765946027315676
2.035e-07,-0.007844071027315677
2.036e-07,-0.004765946027315676
2.037e-07,-0.0032971960273156767
2.038e-07,-0.004765946027315676
2.039e-07,-0.006594071027315677
2.04e-07,-0.004765946027315676
2.041e-07,0.0003434289726843234
2.042e-07,0.003234053972684323
2.043e-07,0.00012467867268432353
2.044e-07,-0.004765946027315676
2.045e-07,-0.006062821027315676
2.046e-07,-0.004765946027315676
2.047e-07,-0.004406571027315676
2.048e-07,-0.004765946027315676
2.049e-07,-0.004406571027315676
2.05e-07,-0.004765946027315676
2.051e-07,-0.006062821027315676
2.052e-07,-0.004765946027315676
2.053e-07,0.0002028036726843235
2.054e-07,0.003234053972684323
2.055e-07,0.00026530397268432354
2.056e-07,-0.004765946027315676
2.057e-07,-0.006140946027315676
2.058e-07,-0.004765946027315676
2.059e-07,-0.004109696027315676
2.06e-07,-0.004765946027315676
2.061e-07,-0.004969071027315676
2.062e-07,-0.004765946027315676
2.063e-07,-0.0038128210273156767
2.064e-07,-0.0007659463324256765
2.065e-07,0.004062178972684324
2.066e-07,0.007234053972684324
2.067e-07,0.0061871789726843235
2.068e-07,0.003234053972684323
2.069e-07,0.0018746789726843236
2.07e-07,0.003234053972684323
2.071e-07,0.004687178972684324
2.072e-07,0.003234053972684323
2.073e-07,-0.0011409463273156766
2.074e-07,-0.004765946027315676
2.075e-07,-0.004203446027315676
2.076e-07,-0.0007659463324256765
2.077e-07,0.0025153039726843233
2.078e-07,0.003234053972684323
2.079e-07,0.0027496789726843235
2.08e-07,0.003234053972684323
2.081e-07,0.005327803972684324
2.082e-07,0.007234053972684324
2.083e-07,0.007499678972684325
2.084e-07,0.007234053972684324
2.085e-07,0.008499678972684324
2.086e-07,0.011234057972684324
2.087e-07,0.012765307972684324
2.088e-07,0.011234057972684324
2.089e-07,0.007093428972684324
2.09e-07,0.003234053972684323
2.091e-07,0.0030934289726843233
2.092e-07,0.007234053972684324
2.093e-07,0.012921557972684324
2.094e-07,0.015234057972684322
2.095e-07,0.013218427972684323
2.096e-07,0.011234057972684324
2.097e-07,0.012671557972684324
2.098e-07,0.015234057972684322
2.099e-07,0.01573405797268432
2.1e-07,0.015234057972684322
2.101e-07,0.016452807972684322
2.102e-07,0.01923405797268432
2.103e-07,0.020515307972684322
2.104e-07,0.01923405797268432
2.105e-07,0.016609057972684322
2.106e-07,0.015234057972684322
2.107e-07,0.016655927972684323
2.108e-07,0.01923405797268432
2.109e-07,0.020374677972684323
2.11e-07,0.01923405797268432
2.111e-07,0.016999677972684323
2.112e-07,0.015234057972684322
2.113e-07,0.01579655797268432
2.114e-07,0.01923405797268432
2.115e-07,0.024218427972684323
2.116e-07,0.02723405797268432
2.117e-07,0.02612467797268432
2.118e-07,0.02323405797268432
2.119e-07,0.021796557972684323
2.12e-07,0.02323405797268432
2.121e-07,0.025952807972684323
2.122e-07,0.02723405797268432
2.123e-07,0.025734057972684323
2.124e-07,0.02323405797268432
2.125e-07,0.021218427972684323
2.126e-07,0.01923405797268432
2.127e-07,0.01774967797268432
2.128e-07,0.01923405797268432
2.129e-07,0.024202807972684322
2.13e-07,0.02723405797268432
2.131e-07,0.025437177972684324
2.132e-07,0.02323405797268432
2.133e-07,0.024984057972684322
2.134e-07,0.02723405797268432
2.135e-07,0.02596842797268432
2.136e-07,0.02323405797268432
2.137e-07,0.02360905797268432
2.138e-07,0.02723405797268432
2.139e-07,0.03045280797268432
2.14e-07,0.03123405797268432
2.141e-07,0.030593427972684325
2.142e-07,0.03123405797268432
2.143e-07,0.03362467797268433
2.144e-07,0.03523405797268433
2.145e-07,0.03271842797268432
2.146e-07,0.02723405797268432
2.147e-07,0.02287467797268432
2.148e-07,0.02323405797268432
2.149e-07,0.027562177972684322
2.15e-07,0.03123405797268432
2.151e-07,0.03074967797268432
2.152e-07,0.02723405797268432
2.153e-07,0.024249677972684323
2.154e-07,0.02323405797268432
2.155e-07,0.02342155797268432
2.156e-07,0.02323405797268432
2.157e-07,0.02293717797268432
2.158e-07,0.02323405797268432
2.159e-07,0.024905927972684323
2.16e-07,0.02723405797268432
2.161e-07,0.028577807972684322
2.162e-07,0.02723405797268432
2.163e-07,0.024499677972684323
2.164e-07,0.02323405797268432
2.165e-07,0.024796557972684322
2.166e-07,0.02723405797268432
2.167e-07,0.027843427972684322
2.168e-07,0.02723405797268432
2.169e-07,0.027999677972684323
2.17e-07,0.03123405797268432
2.171e-07,0.03473405797268433
2.172e-07,0.03523405797268433
2.173e-07,0.030765307972684324
2.174e-07,0.02323405797268432
2.175e-07,0.017827807972684323
2.176e-07,0.01923405797268432
2.177e-07,0.02631217797268432
2.178e-07,0.03123405797268432
2.179e-07,0.02981217797268432
2.18e-07,0.02723405797268432
2.181e-07,0.028718427972684323
2.182e-07,0.03123405797268432
2.183e-07,0.030109057972684324
2.184e-07,0.02723405797268432
2.185e-07,0.02676530797268432
2.186e-07,0.02723405797268432
2.187e-07,0.025640307972684323
2.188e-07,0.02323405797268432
2.189e-07,0.02249967797268432
2.19e-07,0.02323405797268432
2.191e-07,0.024749677972684323
2.192e-07,0.02723405797268432
2.193e-07,0.031218427972684325
2.194e-07,0.03523405797268433
2.195e-07,0.03593717797268432
2.196e-07,0.03123405797268432
2.197e-07,0.023343427972684322
2.198e-07,0.01923405797268432
2.199e-07,0.022234057972684323
2.2e-07,0.02723405797268432
2.201e-07,0.028452807972684322
2.202e-07,0.02723405797268432
2.203e-07,0.02698405797268432
2.204e-07,0.02723405797268432
2.205e-07,0.02584342797268432
2.206e-07,0.02323405797268432
2.207e-07,0.022359057972684324
2.208e-07,0.02323405797268432
2.209e-07,0.024202807972684322
2.21e-07,0.02323405797268432
2.211e-07,0.020765307972684322
2.212e-07,0.01923405797268432
2.213e-07,0.021702807972684323
2.214e-07,0.02723405797268432
2.215e-07,0.03268717797268433
2.216e-07,0.03523405797268433
2.217e-07,0.033905927972684324
2.218e-07,0.03123405797268432
2.219e-07,0.029796557972684323
2.22e-07,0.03123405797268432
2.221e-07,0.033968427972684324
2.222e-07,0.03523405797268433
2.223e-07,0.032609057972684326
2.224e-07,0.02723405797268432
2.225e-07,0.02181217797268432
2.226e-07,0.01923405797268432
2.227e-07,0.020390307972684322
2.228e-07,0.02323405797268432
2.229e-07,0.02587467797268432
2.23e-07,0.02723405797268432
2.231e-07,0.02767155797268432
2.232e-07,0.02723405797268432
2.233e-07,0.025921557972684323
2.234e-07,0.02323405797268432
2.235e-07,0.020390307972684322
2.236e-07,0.01923405797268432
2.237e-07,0.020655927972684323
2.238e-07,0.02323405797268432
2.239e-07,0.025327807972684323
2.24e-07,0.02723405797268432
2.241e-07,0.02953092797268432
2.242e-07,0.03123405797268432
2.243e-07,0.03049967797268432
2.244e-07,0.02723405797268432
2.245e-07,0.02284342797268432
2.246e-07,0.01923405797268432
2.247e-07,0.017984057972684323
2.248e-07,0.01923405797268432
2.249e-07,0.02174967797268432
2.25e-07,0.02323405797268432
2.251e-07,0.023155927972684322
2.252e-07,0.02323405797268432
2.253e-07,0.025124677972684323
2.254e-07,0.02723405797268432
2.255e-07,0.027874677972684322
2.256e-07,0.02723405797268432
2.257e-07,0.025827807972684323
2.258e-07,0.02323405797268432
2.259e-07,0.019843427972684322
2.26e-07,0.01923405797268432
2.261e-07,0.02293717797268432
2.262e-07,0.02723405797268432
2.263e-07,0.028327807972684322
2.264e-07,0.02723405797268432
2.265e-07,0.02578092797268432
2.266e-07,0.02323405797268432
2.267e-07,0.01884342797268432
2.268e-07,0.015234057972684322
2.269e-07,0.01567155797268432
2.27e-07,0.01923405797268432
2.271e-07,0.02259342797268432
2.272e-07,0.02323405797268432
2.273e-07,0.021515307972684323
2.274e-07,0.01923405797268432
2.275e-07,0.01849967797268432
2.276e-07,0.01923405797268432
2.277e-07,0.020062177972684322
2.278e-07,0.01923405797268432
2.279e-07,0.017890307972684323
2.28e-07,0.01923405797268432
2.281e-07,0.023718427972684322
2.282e-07,0.02723405797268432
2.283e-07,0.026421557972684324
2.284e-07,0.02323405797268432
2.285e-07,0.02181217797268432
2.286e-07,0.02323405797268432
2.287e-07,0.024562177972684323
2.288e-07,0.02323405797268432
2.289e-07,0.020062177972684322
2.29e-07,0.01923405797268432
2.291e-07,0.02281217797268432
2.292e-07,0.02723405797268432
2.293e-07,0.02760905797268432
2.294e-07,0.02323405797268432
2.295e-07,0.01787467797268432
2.296e-07,0.015234057972684322
2.297e-07,0.016468427972684323
2.298e-07,0.01923405797268432
2.299e-07,0.021593427972684324
2.3e-07,0.02323405797268432
2.301e-07,0.025062177972684323
2.302e-07,0.02723405797268432
2.303e-07,0.028265307972684322
2.304e-07,0.02723405797268432
2.305e-07,0.024843427972684323
2.306e-07,0.02323405797268432
2.307e-07,0.02303092797268432
2.308e-07,0.02323405797268432
2.309e-07,0.021890307972684323
2.31e-07,0.01923405797268432
2.311e-07,0.017640307972684323
2.312e-07,0.01923405797268432
2.313e-07,0.02274967797268432
2.314e-07,0.02323405797268432
2.315e-07,0.01901530797268432
2.316e-07,0.015234057972684322
2.317e-07,0.016280927972684323
2.318e-07,0.01923405797268432
2.319e-07,0.019874677972684322
2.32e-07,0.01923405797268432
2.321e-07,0.019562177972684322
2.322e-07,0.01923405797268432
2.323e-07,0.01585905797268432
2.324e-07,0.011234057972684324
2.325e-07,0.009343427972684323
2.326e-07,0.011234057972684324
2.327e-07,0.014452807972684324
2.328e-07,0.015234057972684322
2.329e-07,0.013124677972684323
2.33e-07,0.011234057972684324
2.331e-07,0.012640307972684324
2.332e-07,0.015234057972684322
2.333e-07,0.015109057972684322
2.334e-07,0.011234057972684324
2.335e-07,0.007109053972684324
2.336e-07,0.007234053972684324
2.337e-07,0.012609057972684324
2.338e-07,0.01923405797268432
2.339e-07,0.021734057972684323
2.34e-07,0.01923405797268432
2.341e-07,0.014421557972684323
2.342e-07,0.011234057972684324
2.343e-07,0.010687177972684325
2.344e-07,0.011234057972684324
2.345e-07,0.010327807972684323
2.346e-07,0.007234053972684324
2.347e-07,0.0038746789726843236
2.348e-07,0.003234053972684323
2.349e-07,0.005687178972684324
2.35e-07,0.007234053972684324
2.351e-07,0.005796553972684324
2.352e-07,0.003234053972684323
2.353e-07,0.0027496789726843235
2.354e-07,0.003234053972684323
2.355e-07,0.003155928972684323
2.356e-07,0.003234053972684323
2.357e-07,0.005015303972684324
2.358e-07,0.007234053972684324
2.359e-07,0.007796553972684323
2.36e-07,0.007234053972684324
2.361e-07,0.006905928972684324
2.362e-07,0.007234053972684324
2.363e-07,0.007405928972684325
2.364e-07,0.007234053972684324
2.365e-07,0.005905928972684324
2.366e-07,0.003234053972684323
2.367e-07,0.00026530397268432354
2.368e-07,-0.0007659463324256765
2.369e-07,0.0011403039726843233
2.37e-07,0.003234053972684323
2.371e-07,0.0026871789726843234
2.372e-07,-0.0007659463324256765
2.373e-07,-0.004125321027315676
2.374e-07,-0.004765946027315676
2.375e-07,-0.0016878213273156765
2.376e-07,0.003234053972684323
2.377e-07,0.006859053972684324
2.378e-07,0.007234053972684324
2.379e-07,0.004952803972684324
2.38e-07,0.003234053972684323
2.381e-07,0.003312178972684323
2.382e-07,0.003234053972684323
2.383e-07,0.00039030397268432343
2.384e-07,-0.004765946027315676
2.385e-07,-0.008750321027315676
2.386e-07,-0.008765946027315676
2.387e-07,-0.004765946027315676
2.388e-07,-0.0007659463324256765
2.389e-07,0.0005153039726843235
2.39e-07,-0.0007659463324256765
2.391e-07,-0.0017346963273156765
2.392e-07,-0.0007659463324256765
2.393e-07,0.0015621789726843233
2.394e-07,0.003234053972684323
2.395e-07,0.003202803972684323
2.396e-07,0.003234053972684323
2.397e-07,0.0037809289726843235
2.398e-07,0.003234053972684323
2.399e-07,0.0006715539726843235
2.4e-07,-0.0007659463324256765
2.401e-07,0.0002028036726843235
2.402e-07,-0.0007659463324256765
2.403e-07,-0.005625321027315677
2.404e-07,-0.008765946027315676
2.405e-07,-0.005609696027315677
2.406e-07,-0.0007659463324256765
2.407e-07,0.0002028036726843235
2.408e-07,-0.0007659463324256765
2.409e-07,0.0006559289726843235
2.41e-07,0.003234053972684323
2.411e-07,0.0030309289726843233
2.412e-07,-0.0007659463324256765
2.413e-07,-0.0055471960273156765
2.414e-07,-0.008765946027315676
2.415e-07,-0.009375321027315676
2.416e-07,-0.008765946027315676
2.417e-07,-0.007312821027315676
2.418e-07,-0.004765946027315676
2.419e-07,-0.0007346963273156765
2.42e-07,0.003234053972684323
2.421e-07,0.004812178972684324
2.422e-07,0.003234053972684323
2.423e-07,0.0012965539726843235
2.424e-07,0.003234053972684323
2.425e-07,0.007655928972684323
2.426e-07,0.007234053972684324
2.427e-07,-0.0012034463273156765
2.428e-07,-0.008765946027315676
2.429e-07,-0.007297196027315676
2.43e-07,-0.0007659463324256765
2.431e-07,0.002937178972684323
2.432e-07,0.003234053972684323
2.433e-07,0.003390303972684323
2.434e-07,0.003234053972684323
2.435e-07,0.0012653039726843235
2.436e-07,-0.0007659463324256765
2.437e-07,-0.0009690713273156765
2.438e-07,-0.0007659463324256765
2.439e-07,-0.0021878210273156766
2.44e-07,-0.004765946027315676
2.441e-07,-0.006125321027315676
2.442e-07,-0.004765946027315676
2.443e-07,-0.0018596960273156767
2.444e-07,-0.0007659463324256765
2.445e-07,-0.0026096960273156765
2.446e-07,-0.004765946027315676
2.447e-07,-0.003906571027315677
2.448e-07,-0.0007659463324256765
2.449e-07,0.0010153039726843237
2.45e-07,-0.0007659463324256765
2.451e-07,-0.005078446027315676
2.452e-07,-0.008765946027315676
2.453e-07,-0.008687821027315676
2.454e-07,-0.004765946027315676
2.455e-07,-0.0005003213273156765
2.456e-07,-0.0007659463324256765
2.457e-07,-0.0055628210273156765
2.458e-07,-0.008765946027315676
2.459e-07,-0.005906571027315676
2.46e-07,-0.0007659463324256765
2.461e-07,0.0010153039726843237
2.462e-07,-0.0007659463324256765
2.463e-07,-0.0031565710273156766
2.464e-07,-0.004765946027315676
2.465e-07,-0.005719071027315676
2.466e-07,-0.004765946027315676
2.467e-07,-0.0020940710273156765
2.468e-07,-0.0007659463324256765
2.469e-07,-0.0025315710273156765
2.47e-07,-0.004765946027315676
2.471e-07,-0.004953446027315676
2.472e-07,-0.004765946027315676
2.473e-07,-0.006203446027315676
2.474e-07,-0.008765946027315676
2.475e-07,-0.009781571027315677
2.476e-07,-0.008765946027315676
2.477e-07,-0.006672196027315676
2.478e-07,-0.004765946027315676
2.479e-07,-0.0030003210273156764
2.48e-07,-0.0007659463324256765
2.481e-07,0.0017809289726843235
2.482e-07,0.003234053972684323
2.483e-07,0.0020465539726843233
2.484e-07,-0.0007659463324256765
2.485e-07,-0.0034534460273156764
2.486e-07,-0.004765946027315676
2.487e-07,-0.004984696027315676
2.488e-07,-0.004765946027315676
2.489e-07,-0.004734696027315676
2.49e-07,-0.004765946027315676
2.491e-07,-0.0045471960273156765
2.492e-07,-0.004765946027315676
2.493e-07,-0.005031571027315676
2.494e-07,-0.004765946027315676
2.495e-07,-0.004015946027315676
2.496e-07,-0.004765946027315676
2.497e-07,-0.007375321027315676
2.498e-07,-0.008765946027315676
2.499e-07,-0.005969071027315676
2.5e-07,-0.0007659463324256765
2.501e-07,0.0029840539726843232
2.502e-07,0.003234053972684323
2.503e-07,0.00010905367268432351
2.504e-07,-0.004765946027315676
2.505e-07,-0.008734696027315676
2.506e-07,-0.008765946027315676
2.507e-07,-0.004719071027315676
2.508e-07,-0.0007659463324256765
2.509e-07,9.34286726843235e-05
2.51e-07,-0.0007659463324256765
2.511e-07,-0.0008128213373156765
2.512e-07,-0.0007659463324256765
2.513e-07,-0.0022659460273156766
2.514e-07,-0.004765946027315676
2.515e-07,-0.005922196027315676
2.516e-07,-0.004765946027315676
2.517e-07,-0.0014690713273156765
2.518e-07,0.003234053972684323
2.519e-07,0.007140303972684324
2.52e-07,0.007234053972684324
2.521e-07,0.003218428972684323
2.522e-07,-0.0007659463324256765
2.523e-07,-0.0015471963273156765
2.524e-07,-0.0007659463324256765
2.525e-07,-0.0009378213273156764
2.526e-07,-0.0007659463324256765
2.527e-07,0.0013121789726843235
2.528e-07,0.003234053972684323
2.529e-07,0.003202803972684323
2.53e-07,0.003234053972684323
2.531e-07,0.004437178972684324
2.532e-07,0.003234053972684323
2.533e-07,-0.0016253213273156766
2.534e-07,-0.004765946027315676
2.535e-07,-0.0017815710273156767
2.536e-07,0.003234053972684323
2.537e-07,0.004609053972684324
2.538e-07,0.003234053972684323
2.539e-07,0.0028121789726843235
2.54e-07,0.003234053972684323
2.541e-07,0.0029996789726843233
2.542e-07,0.003234053972684323
2.543e-07,0.0042340539726843235
2.544e-07,0.003234053972684323
2.545e-07,-0.00012532132731567648
2.546e-07,-0.0007659463324256765
2.547e-07,0.0036403039726843234
2.548e-07,0.007234053972684324
2.549e-07,0.004671553972684324
2.55e-07,-0.0007659463324256765
2.551e-07,-0.0026878210273156766
2.552e-07,-0.0007659463324256765
2.553e-07,0.0019371789726843232
2.554e-07,0.003234053972684323
2.555e-07,0.0036403039726843234
2.556e-07,0.003234053972684323
2.557e-07,0.0026871789726843234
2.558e-07,0.003234053972684323
2.559e-07,0.005390303972684324
2.56e-07,0.007234053972684324
2.561e-07,0.008452803972684324
2.562e-07,0.011234057972684324
2.563e-07,0.014859057972684324
2.564e-07,0.015234057972684322
2.565e-07,0.010530927972684324
2.566e-07,0.007234053972684324
2.567e-07,0.009999677972684324
2.568e-07,0.015234057972684322
2.569e-07,0.01579655797268432
2.57e-07,0.011234057972684324
2.571e-07,0.005655928972684324
2.572e-07,0.003234053972684323
2.573e-07,0.0037028039726843234
2.574e-07,0.003234053972684323
2.575e-07,0.0007653039726843235
2.576e-07,-0.0007659463324256765
2.577e-07,0.0013590539726843235
2.578e-07,0.003234053972684323
2.579e-07,0.0016403039726843234
2.58e-07,-0.0007659463324256765
2.581e-07,0.0003746789726843234
2.582e-07,0.003234053972684323
2.583e-07,0.0052184289726843235
2.584e-07,0.007234053972684324
2.585e-07,0.010124677972684324
2.586e-07,0.011234057972684324
2.587e-07,0.007952803972684323
2.588e-07,0.003234053972684323
2.589e-07,0.0013434289726843235
2.59e-07,0.003234053972684323
2.591e-07,0.0062184289726843235
2.592e-07,0.007234053972684324
2.593e-07,0.005484053972684324
2.594e-07,0.003234053972684323
2.595e-07,0.0025309289726843233
2.596e-07,0.003234053972684323
2.597e-07,0.0038121789726843235
2.598e-07,0.003234053972684323
2.599e-07,0.0025934289726843233
2.6e-07,0.003234053972684323
2.601e-07,0.004484053972684324
2.602e-07,0.003234053972684323
2.603e-07,-0.0012190713273156765
2.604e-07,-0.004765946027315676
2.605e-07,-0.0037190710273156766
2.606e-07,-0.0007659463324256765
2.607e-07,0.0011559289726843234
2.608e-07,0.003234053972684323
2.609e-07,0.006437178972684324
2.61e-07,0.007234053972684324
2.611e-07,0.003312178972684323
2.612e-07,-0.0007659463324256765
2.613e-07,-0.00017219632731567652
2.614e-07,0.003234053972684323
2.615e-07,0.004765303972684324
2.616e-07,0.003234053972684323
2.617e-07,0.0007496789726843235
2.618e-07,-0.0007659463324256765
2.619e-07,-0.0009221963273156765
2.62e-07,-0.0007659463324256765
2.621e-07,-0.0007971963373156765
2.622e-07,-0.0007659463324256765
2.623e-07,0.0004528039726843235
2.624e-07,0.003234053972684323
2.625e-07,0.006109053972684323
2.626e-07,0.007234053972684324
2.627e-07,0.005780928972684324
2.628e-07,0.003234053972684323
2.629e-07,0.0010621789726843237
2.63e-07,-0.0007659463324256765
2.631e-07,-0.0028909460273156768
2.632e-07,-0.004765946027315676
2.633e-07,-0.005234696027315676
2.634e-07,-0.004765946027315676
2.635e-07,-0.0033440710273156767
2.636e-07,-0.0007659463324256765
2.637e-07,0.002421553972684323
2.638e-07,0.003234053972684323
2.639e-07,0.0009996789726843236
2.64e-07,-0.0007659463324256765
2.641e-07,0.0005621789726843236
2.642e-07,0.003234053972684323
2.643e-07,0.004109053972684324
2.644e-07,0.003234053972684323
2.645e-07,0.0025934289726843233
2.646e-07,0.003234053972684323
2.647e-07,0.0029996789726843233
2.648e-07,-0.0007659463324256765
2.649e-07,-0.006859696027315676
2.65e-07,-0.008765946027315676
2.651e-07,-0.0034534460273156764
2.652e-07,0.003234053972684323
2.653e-07,0.005030928972684324
2.654e-07,0.003234053972684323
2.655e-07,0.0016559289726843234
2.656e-07,-0.0007659463324256765
2.657e-07,-0.006406571027315676
2.658e-07,-0.012765942027315676
2.659e-07,-0.015015942027315677
2.66e-07,-0.012765942027315676
2.661e-07,-0.007344071027315676
2.662e-07,-0.0007659463324256765
2.663e-07,0.003937178972684324
2.664e-07,0.003234053972684323
2.665e-07,-0.0028596960273156767
2.666e-07,-0.008765946027315676
2.667e-07,-0.009062821027315676
2.668e-07,-0.004765946027315676
2.669e-07,-0.0008753213273156765
2.67e-07,-0.0007659463324256765
2.671e-07,-0.0045159460273156765
2.672e-07,-0.008765946027315676
2.673e-07,-0.010250321027315676
2.674e-07,-0.008765946027315676
2.675e-07,-0.006094071027315676
2.676e-07,-0.004765946027315676
2.677e-07,-0.006000321027315676
2.678e-07,-0.008765946027315676
2.679e-07,-0.010469071027315676
2.68e-07,-0.008765946027315676
2.681e-07,-0.004203446027315676
2.682e-07,-0.0007659463324256765
2.683e-07,-0.0023753210273156763
2.684e-07,-0.008765946027315676
2.685e-07,-0.015406572027315676
2.686e-07,-0.016765942027315676
2.687e-07,-0.012344072027315677
2.688e-07,-0.008765946027315676
2.689e-07,-0.010109696027315675
2.69e-07,-0.012765942027315676
2.691e-07,-0.011812822027315676
2.692e-07,-0.008765946027315676
2.693e-07,-0.007656571027315676
2.694e-07,-0.008765946027315676
2.695e-07,-0.009531571027315677
2.696e-07,-0.008765946027315676
2.697e-07,-0.007906571027315677
2.698e-07,-0.008765946027315676
2.699e-07,-0.011234692027315677
2.7e-07,-0.012765942027315676
2.701e-07,-0.012281572027315677
2.702e-07,-0.012765942027315676
2.703e-07,-0.015469072027315676
2.704e-07,-0.016765942027315676
2.705e-07,-0.013312822027315676
2.706e-07,-0.008765946027315676
2.707e-07,-0.0075003210273156765
2.708e-07,-0.008765946027315676
2.709e-07,-0.009453446027315677
2.71e-07,-0.008765946027315676
2.711e-07,-0.008344071027315677
2.712e-07,-0.008765946027315676
2.713e-07,-0.009234696027315676
2.714e-07,-0.008765946027315676
2.715e-07,-0.008047196027315677
2.716e-07,-0.008765946027315676
2.717e-07,-0.012187822027315677
2.718e-07,-0.016765942027315676
2.719e-07,-0.01904719202731568
2.72e-07,-0.016765942027315676
2.721e-07,-0.011625322027315676
2.722e-07,-0.008765946027315676
2.723e-07,-0.010390946027315676
2.724e-07,-0.012765942027315676
2.725e-07,-0.012719072027315675
2.726e-07,-0.012765942027315676
2.727e-07,-0.01596907202731568
2.728e-07,-0.020765942027315677
2.729e-07,-0.022719072027315677
2.73e-07,-0.020765942027315677
2.731e-07,-0.017625322027315676
2.732e-07,-0.016765942027315676
2.733e-07,-0.017672192027315677
2.734e-07,-0.016765942027315676
2.735e-07,-0.012312822027315677
2.736e-07,-0.008765946027315676
2.737e-07,-0.010687821027315676
2.738e-07,-0.016765942027315676
2.739e-07,-0.021375322027315676
2.74e-07,-0.020765942027315677
2.741e-07,-0.01646907202731568
2.742e-07,-0.012765942027315676
2.743e-07,-0.012328442027315676
2.744e-07,-0.012765942027315676
2.745e-07,-0.011437822027315676
2.746e-07,-0.008765946027315676
2.747e-07,-0.008609696027315676
2.748e-07,-0.012765942027315676
2.749e-07,-0.01954719202731568
2.75e-07,-0.024765942027315677
2.751e-07,-0.025953442027315678
2.752e-07,-0.024765942027315677
2.753e-07,-0.02381282202731568
2.754e-07,-0.024765942027315677
2.755e-07,-0.025656572027315677
2.756e-07,-0.024765942027315677
2.757e-07,-0.022062822027315677
2.758e-07,-0.020765942027315677
2.759e-07,-0.021390942027315677
2.76e-07,-0.020765942027315677
2.761e-07,-0.01668782202731568
2.762e-07,-0.012765942027315676
2.763e-07,-0.013328442027315677
2.764e-07,-0.016765942027315676
2.765e-07,-0.01954719202731568
2.766e-07,-0.020765942027315677
2.767e-07,-0.021375322027315676
2.768e-07,-0.020765942027315677
2.769e-07,-0.018656572027315677
2.77e-07,-0.016765942027315676
2.771e-07,-0.01646907202731568
2.772e-07,-0.016765942027315676
2.773e-07,-0.01653157202731568
2.774e-07,-0.016765942027315676
2.775e-07,-0.018437822027315677
2.776e-07,-0.020765942027315677
2.777e-07,-0.021781572027315677
2.778e-07,-0.020765942027315677
2.779e-07,-0.018453442027315678
2.78e-07,-0.016765942027315676
2.781e-07,-0.01645344202731568
2.782e-07,-0.016765942027315676
2.783e-07,-0.01668782202731568
2.784e-07,-0.016765942027315676
2.785e-07,-0.01721907202731568
2.786e-07,-0.016765942027315676
2.787e-07,-0.014734692027315676
2.788e-07,-0.012765942027315676
2.789e-07,-0.012594072027315675
2.79e-07,-0.012765942027315676
2.791e-07,-0.012375322027315677
2.792e-07,-0.012765942027315676
2.793e-07,-0.014859692027315676
2.794e-07,-0.016765942027315676
2.795e-07,-0.016890942027315677
2.796e-07,-0.016765942027315676
2.797e-07,-0.018406572027315677
2.798e-07,-0.020765942027315677
2.799e-07,-0.020609692027315676
2.8e-07,-0.016765942027315676
2.801e-07,-0.011344072027315676
2.802e-07,-0.008765946027315676
2.803e-07,-0.011344072027315676
2.804e-07,-0.016765942027315676
2.805e-07,-0.020672192027315676
2.806e-07,-0.020765942027315677
2.807e-07,-0.018328442027315678
2.808e-07,-0.016765942027315676
2.809e-07,-0.01706282202731568
2.81e-07,-0.016765942027315676
2.811e-07,-0.014406572027315677
2.812e-07,-0.012765942027315676
2.813e-07,-0.014344072027315677
2.814e-07,-0.016765942027315676
2.815e-07,-0.01706282202731568
2.816e-07,-0.016765942027315676
2.817e-07,-0.01740657202731568
2.818e-07,-0.016765942027315676
2.819e-07,-0.013797192027315676
2.82e-07,-0.012765942027315676
2.821e-07,-0.01645344202731568
2.822e-07,-0.020765942027315677
2.823e-07,-0.02043782202731568
2.824e-07,-0.016765942027315676
2.825e-07,-0.013640942027315675
2.826e-07,-0.012765942027315676
2.827e-07,-0.012984692027315677
2.828e-07,-0.012765942027315676
2.829e-07,-0.012375322027315677
2.83e-07,-0.012765942027315676
2.831e-07,-0.013625322027315676
2.832e-07,-0.012765942027315676
2.833e-07,-0.009953446027315677
2.834e-07,-0.008765946027315676
2.835e-07,-0.011969072027315677
2.836e-07,-0.016765942027315676
2.837e-07,-0.018515942027315678
2.838e-07,-0.016765942027315676
2.839e-07,-0.013953442027315676
2.84e-07,-0.012765942027315676
2.841e-07,-0.013000322027315676
2.842e-07,-0.012765942027315676
2.843e-07,-0.010859692027315676
2.844e-07,-0.008765946027315676
2.845e-07,-0.008203446027315677
2.846e-07,-0.008765946027315676
2.847e-07,-0.009000321027315676
2.848e-07,-0.008765946027315676
2.849e-07,-0.008828446027315676
2.85e-07,-0.008765946027315676
2.851e-07,-0.008562821027315677
2.852e-07,-0.008765946027315676
2.853e-07,-0.009250321027315676
2.854e-07,-0.008765946027315676
2.855e-07,-0.006765946027315676
2.856e-07,-0.004765946027315676
2.857e-07,-0.005375321027315676
2.858e-07,-0.008765946027315676
2.859e-07,-0.012359692027315676
2.86e-07,-0.012765942027315676
2.861e-07,-0.009078446027315676
2.862e-07,-0.004765946027315676
2.863e-07,-0.004281571027315676
2.864e-07,-0.008765946027315676
2.865e-07,-0.014687822027315675
2.866e-07,-0.016765942027315676
2.867e-07,-0.013172192027315677
2.868e-07,-0.008765946027315676
2.869e-07,-0.007625321027315676
2.87e-07,-0.008765946027315676
2.871e-07,-0.009094071027315676
2.872e-07,-0.008765946027315676
2.873e-07,-0.008922196027315676
2.874e-07,-0.008765946027315676
2.875e-07,-0.006969071027315676
2.876e-07,-0.004765946027315676
2.877e-07,-0.004265946027315676
2.878e-07,-0.004765946027315676
2.879e-07,-0.005015946027315676
2.88e-07,-0.004765946027315676
2.881e-07,-0.004672196027315676
2.882e-07,-0.004765946027315676
2.883e-07,-0.005719071027315676
2.884e-07,-0.008765946027315676
2.885e-07,-0.012578442027315676
2.886e-07,-0.012765942027315676
2.887e-07,-0.008187821027315677
2.888e-07,-0.004765946027315676
2.889e-07,-0.006297196027315676
2.89e-07,-0.008765946027315676
2.891e-07,-0.007265946027315676
2.892e-07,-0.004765946027315676
2.893e-07,-0.005719071027315676
2.894e-07,-0.008765946027315676
2.895e-07,-0.009781571027315677
2.896e-07,-0.008765946027315676
2.897e-07,-0.007172196027315676
2.898e-07,-0.004765946027315676
2.899e-07,-0.0016409463273156766
2.9e-07,-0.0007659463324256765
2.901e-07,-0.0032190710273156766
2.902e-07,-0.004765946027315676
2.903e-07,-0.0028909460273156768
2.904e-07,-0.0007659463324256765
2.905e-07,-0.0010159463273156765
2.906e-07,-0.0007659463324256765
2.907e-07,0.0020309289726843233
2.908e-07,0.003234053972684323
2.909e-07,-0.0014690713273156765
2.91e-07,-0.008765946027315676
2.911e-07,-0.011781572027315676
2.912e-07,-0.008765946027315676
2.913e-07,-0.0023440710273156767
2.914e-07,0.003234053972684323
2.915e-07,0.0051559289726843234
2.916e-07,0.003234053972684323
2.917e-07,-3.2132731567647427e-07
2.918e-07,-0.0007659463324256765
2.919e-07,0.0014996789726843232
2.92e-07,0.003234053972684323
2.921e-07,0.0018903039726843236
2.922e-07,-0.0007659463324256765
2.923e-07,-0.0018596960273156767
2.924e-07,-0.0007659463324256765
2.925e-07,0.00028092897268432355
2.926e-07,-0.0007659463324256765
2.927e-07,-0.0024221960273156764
2.928e-07,-0.0007659463324256765
2.929e-07,0.0042809289726843235
2.93e-07,0.007234053972684324
2.931e-07,0.004171553972684323
2.932e-07,-0.0007659463324256765
2.933e-07,-0.0021253210273156765
2.934e-07,-0.0007659463324256765
2.935e-07,-0.0010784463273156766
2.936e-07,-0.004765946027315676
2.937e-07,-0.008578446027315676
2.938e-07,-0.008765946027315676
2.939e-07,-0.004625321027315677
2.94e-07,-0.0007659463324256765
2.941e-07,-6.282132731567653e-05
2.942e-07,-0.0007659463324256765
2.943e-07,0.0007340539726843235
2.944e-07,0.003234053972684323
2.945e-07,0.004109053972684324
2.946e-07,0.003234053972684323
2.947e-07,0.0024996789726843232
2.948e-07,0.003234053972684323
2.949e-07,0.004952803972684324
2.95e-07,0.007234053972684324
2.951e-07,0.009390307972684324
2.952e-07,0.011234057972684324
2.953e-07,0.011952807972684323
2.954e-07,0.011234057972684324
2.955e-07,0.008124678972684323
2.956e-07,0.003234053972684323
2.957e-07,-0.0008909463273156765
2.958e-07,-0.0007659463324256765
2.959e-07,0.0037184289726843235
2.96e-07,0.007234053972684324
2.961e-07,0.0061871789726843235
2.962e-07,0.003234053972684323
2.963e-07,0.0025778039726843233
2.964e-07,0.003234053972684323
2.965e-07,0.003249678972684323
2.966e-07,0.003234053972684323
2.967e-07,0.004890303972684324
2.968e-07,0.007234053972684324
2.969e-07,0.008030928972684323
2.97e-07,0.007234053972684324
2.971e-07,0.006499678972684324
2.972e-07,0.007234053972684324
2.973e-07,0.008577803972684324
2.974e-07,0.007234053972684324
2.975e-07,0.0028278039726843235
2.976e-07,-0.0007659463324256765
2.977e-07,7.780367268432349e-05
2.978e-07,0.003234053972684323
2.979e-07,0.005655928972684324
2.98e-07,0.007234053972684324
2.981e-07,0.010280927972684324
2.982e-07,0.015234057972684322
2.983e-07,0.019280927972684322
2.984e-07,0.01923405797268432
2.985e-07,0.014999677972684323
2.986e-07,0.011234057972684324
2.987e-07,0.010718427972684325
2.988e-07,0.011234057972684324
2.989e-07,0.009593427972684324
2.99e-07,0.007234053972684324
2.991e-07,0.007718428972684323
2.992e-07,0.011234057972684324
2.993e-07,0.014749677972684325
2.994e-07,0.015234057972684322
2.995e-07,0.012999677972684323
2.996e-07,0.011234057972684324
2.997e-07,0.012437177972684324
2.998e-07,0.015234057972684322
2.999e-07,0.016515307972684322
3e-07,0.015234057972684322
3.001e-07,0.012702807972684324
3.002e-07,0.011234057972684324
3.003e-07,0.011249677972684323
3.004e-07,0.011234057972684324
3.005e-07,0.010905927972684323
3.006e-07,0.011234057972684324
3.007e-07,0.013452807972684324
3.008e-07,0.015234057972684322
3.009e-07,0.014218427972684324
3.01e-07,0.011234057972684324
3.011e-07,0.009515307972684324
3.012e-07,0.011234057972684324
3.013e-07,0.016452807972684322
3.014e-07,0.02323405797268432
3.015e-07,0.027780927972684322
3.016e-07,0.02723405797268432
3.017e-07,0.021390307972684323
3.018e-07,0.015234057972684322
3.019e-07,0.012218427972684324
3.02e-07,0.011234057972684324
3.021e-07,0.010562177972684324
3.022e-07,0.011234057972684324
3.023e-07,0.013812177972684324
3.024e-07,0.015234057972684322
3.025e-07,0.013452807972684324
3.026e-07,0.011234057972684324
3.027e-07,0.012484057972684324
3.028e-07,0.015234057972684322
3.029e-07,0.016359057972684322
3.03e-07,0.015234057972684322
3.031e-07,0.013390307972684324
3.032e-07,0.011234057972684324
3.033e-07,0.009812177972684324
3.034e-07,0.011234057972684324
3.035e-07,0.015812177972684322
3.036e-07,0.01923405797268432
3.037e-07,0.019312177972684322
3.038e-07,0.01923405797268432
3.039e-07,0.021405927972684324
3.04e-07,0.02323405797268432
3.041e-07,0.02165592797268432
3.042e-07,0.01923405797268432
3.043e-07,0.01982780797268432
3.044e-07,0.02323405797268432
3.045e-07,0.025312177972684324
3.046e-07,0.02323405797268432
3.047e-07,0.01828092797268432
3.048e-07,0.015234057972684322
3.049e-07,0.016687177972684323
3.05e-07,0.01923405797268432
3.051e-07,0.019593427972684322
3.052e-07,0.01923405797268432
3.053e-07,0.020843427972684323
3.054e-07,0.02323405797268432
3.055e-07,0.023718427972684322
3.056e-07,0.02323405797268432
3.057e-07,0.02339030797268432
3.058e-07,0.02323405797268432
3.059e-07,0.021468427972684324
3.06e-07,0.01923405797268432
3.061e-07,0.017499677972684324
3.062e-07,0.015234057972684322
3.063e-07,0.012374677972684324
3.064e-07,0.011234057972684324
3.065e-07,0.014202807972684323
3.066e-07,0.01923405797268432
3.067e-07,0.02296842797268432
3.068e-07,0.02323405797268432
3.069e-07,0.021062177972684323
3.07e-07,0.01923405797268432
3.071e-07,0.01895280797268432
3.072e-07,0.01923405797268432
3.073e-07,0.01889030797268432
3.074e-07,0.01923405797268432
3.075e-07,0.021155927972684323
3.076e-07,0.02323405797268432
3.077e-07,0.02271842797268432
3.078e-07,0.01923405797268432
3.079e-07,0.014609057972684324
3.08e-07,0.011234057972684324
3.081e-07,0.010468427972684324
3.082e-07,0.011234057972684324
3.083e-07,0.012921557972684324
3.084e-07,0.015234057972684322
3.085e-07,0.018015307972684323
3.086e-07,0.01923405797268432
3.087e-07,0.017921557972684323
3.088e-07,0.015234057972684322
3.089e-07,0.013984057972684323
3.09e-07,0.015234057972684322
3.091e-07,0.01774967797268432
3.092e-07,0.01923405797268432
3.093e-07,0.01899967797268432
3.094e-07,0.01923405797268432
3.095e-07,0.021218427972684323
3.096e-07,0.02323405797268432
3.097e-07,0.022452807972684324
3.098e-07,0.01923405797268432
3.099e-07,0.015999677972684322
3.1e-07,0.015234057972684322
3.101e-07,0.016937177972684323
3.102e-07,0.01923405797268432
3.103e-07,0.020312177972684323
3.104e-07,0.01923405797268432
3.105e-07,0.016984057972684322
3.106e-07,0.015234057972684322
3.107e-07,0.013921557972684323
3.108e-07,0.011234057972684324
3.109e-07,0.008718428972684324
3.11e-07,0.011234057972684324
3.111e-07,0.019999677972684322
3.112e-07,0.02723405797268432
3.113e-07,0.02584342797268432
3.114e-07,0.01923405797268432
3.115e-07,0.013890307972684323
3.116e-07,0.011234057972684324
3.117e-07,0.010062177972684324
3.118e-07,0.011234057972684324
3.119e-07,0.015437177972684324
3.12e-07,0.01923405797268432
3.121e-07,0.01895280797268432
3.122e-07,0.015234057972684322
3.123e-07,0.011859057972684325
3.124e-07,0.011234057972684324
3.125e-07,0.013280927972684323
3.126e-07,0.015234057972684322
3.127e-07,0.015437177972684324
3.128e-07,0.015234057972684322
3.129e-07,0.016577807972684322
3.13e-07,0.01923405797268432
3.131e-07,0.020734057972684322
3.132e-07,0.01923405797268432
3.133e-07,0.015030927972684323
3.134e-07,0.011234057972684324
3.135e-07,0.010265307972684323
3.136e-07,0.011234057972684324
3.137e-07,0.012859057972684324
3.138e-07,0.015234057972684322
3.139e-07,0.017249677972684323
3.14e-07,0.015234057972684322
3.141e-07,0.009484057972684324
3.142e-07,0.007234053972684324
3.143e-07,0.012687177972684325
3.144e-07,0.01923405797268432
3.145e-07,0.01932780797268432
3.146e-07,0.015234057972684322
3.147e-07,0.012343427972684324
3.148e-07,0.011234057972684324
3.149e-07,0.009327807972684324
3.15e-07,0.007234053972684324
3.151e-07,0.006874678972684324
3.152e-07,0.007234053972684324
3.153e-07,0.0072809289726843245
3.154e-07,0.007234053972684324
3.155e-07,0.007640303972684323
3.156e-07,0.007234053972684324
3.157e-07,0.005343428972684324
3.158e-07,0.003234053972684323
3.159e-07,0.0036403039726843234
3.16e-07,0.007234053972684324
3.161e-07,0.012265307972684323
3.162e-07,0.015234057972684322
3.163e-07,0.013234057972684324
3.164e-07,0.007234053972684324
3.165e-07,0.0010934289726843233
3.166e-07,-0.0007659463324256765
3.167e-07,0.0027028039726843234
3.168e-07,0.007234053972684324
3.169e-07,0.008765303972684324
3.17e-07,0.007234053972684324
3.171e-07,0.004968428972684324
3.172e-07,0.003234053972684323
3.173e-07,0.0025934289726843233
3.174e-07,0.003234053972684323
3.175e-07,0.005421553972684324
3.176e-07,0.007234053972684324
3.177e-07,0.007405928972684325
3.178e-07,0.007234053972684324
3.179e-07,0.007546553972684323
3.18e-07,0.007234053972684324
3.181e-07,0.006359053972684324
3.182e-07,0.007234053972684324
3.183e-07,0.010218427972684324
3.184e-07,0.011234057972684324
3.185e-07,0.007562178972684323
3.186e-07,0.003234053972684323
3.187e-07,0.003327803972684323
3.188e-07,0.007234053972684324
3.189e-07,0.010687177972684325
3.19e-07,0.011234057972684324
3.191e-07,0.009327807972684324
3.192e-07,0.007234053972684324
3.193e-07,0.006577803972684324
3.194e-07,0.007234053972684324
3.195e-07,0.007890303972684323
3.196e-07,0.007234053972684324
3.197e-07,0.005468428972684324
3.198e-07,0.003234053972684323
3.199e-07,0.0019840539726843232
3.2e-07,0.003234053972684323
3.201e-07,0.0061559289726843235
3.202e-07,0.007234053972684324
3.203e-07,0.006109053972684323
3.204e-07,0.007234053972684324
3.205e-07,0.012109057972684323
3.206e-07,0.015234057972684322
3.207e-07,0.011155927972684323
3.208e-07,0.003234053972684323
3.209e-07,-0.0015471963273156765
3.21e-07,-0.0007659463324256765
3.211e-07,0.0023121789726843235
3.212e-07,0.003234053972684323
3.213e-07,0.0011715539726843234
3.214e-07,-0.0007659463324256765
3.215e-07,0.00040592897268432345
3.216e-07,0.003234053972684323
3.217e-07,0.004515303972684324
3.218e-07,0.003234053972684323
3.219e-07,0.0009371789726843235
3.22e-07,-0.0007659463324256765
3.221e-07,-0.0011878213273156764
3.222e-07,-0.0007659463324256765
3.223e-07,-0.0004065713273156765
3.224e-07,-0.0007659463324256765
3.225e-07,-0.0022659460273156766
3.226e-07,-0.004765946027315676
3.227e-07,-0.0064534460273156765
3.228e-07,-0.004765946027315676
3.229e-07,0.00017155367268432346
3.23e-07,0.003234053972684323
3.231e-07,0.0007496789726843235
3.232e-07,-0.004765946027315676
3.233e-07,-0.008437821027315677
3.234e-07,-0.008765946027315676
3.235e-07,-0.006906571027315676
3.236e-07,-0.004765946027315676
3.237e-07,-0.0027346960273156766
3.238e-07,-0.0007659463324256765
3.239e-07,0.0003278039726843236
3.24e-07,-0.0007659463324256765
3.241e-07,-0.003422196027315677
3.242e-07,-0.004765946027315676
3.243e-07,-0.002906571027315677
3.244e-07,-0.0007659463324256765
3.245e-07,-0.0015628213273156766
3.246e-07,-0.004765946027315676
3.247e-07,-0.006672196027315676
3.248e-07,-0.004765946027315676
3.249e-07,-0.00010969632731567646
3.25e-07,0.003234053972684323
3.251e-07,0.003343428972684323
3.252e-07,0.003234053972684323
3.253e-07,0.005077803972684324
3.254e-07,0.007234053972684324
3.255e-07,0.0062028039726843235
3.256e-07,0.003234053972684323
3.257e-07,0.0007653039726843235
3.258e-07,-0.0007659463324256765
3.259e-07,-0.0025315710273156765
3.26e-07,-0.004765946027315676
3.261e-07,-0.006750321027315676
3.262e-07,-0.008765946027315676
3.263e-07,-0.009797196027315677
3.264e-07,-0.008765946027315676
3.265e-07,-0.005062821027315676
3.266e-07,-0.0007659463324256765
3.267e-07,0.0021715539726843234
3.268e-07,0.003234053972684323
3.269e-07,0.003155928972684323
3.27e-07,0.003234053972684323
3.271e-07,0.0025153039726843233
3.272e-07,-0.0007659463324256765
3.273e-07,-0.006094071027315676
3.274e-07,-0.008765946027315676
3.275e-07,-0.006750321027315676
3.276e-07,-0.004765946027315676
3.277e-07,-0.0064534460273156765
3.278e-07,-0.008765946027315676
3.279e-07,-0.007344071027315676
3.28e-07,-0.004765946027315676
3.281e-07,-0.004359696027315676
3.282e-07,-0.004765946027315676
3.283e-07,-0.0030003210273156764
3.284e-07,-0.0007659463324256765
3.285e-07,-0.0003909463273156765
3.286e-07,-0.0007659463324256765
3.287e-07,-0.0004378213273156765
3.288e-07,-0.0007659463324256765
3.289e-07,-0.0029846960273156764
3.29e-07,-0.004765946027315676
3.291e-07,-0.0038284460273156767
3.292e-07,-0.0007659463324256765
3.293e-07,0.0018903039726843236
3.294e-07,0.003234053972684323
3.295e-07,0.003390303972684323
3.296e-07,0.003234053972684323
3.297e-07,0.0020465539726843233
3.298e-07,-0.0007659463324256765
3.299e-07,-0.005062821027315676
3.3e-07,-0.008765946027315676
3.301e-07,-0.009797196027315677
3.302e-07,-0.008765946027315676
3.303e-07,-0.007734696027315676
3.304e-07,-0.008765946027315676
3.305e-07,-0.011094072027315676
3.306e-07,-0.012765942027315676
3.307e-07,-0.011515942027315677
3.308e-07,-0.008765946027315676
3.309e-07,-0.006187821027315676
3.31e-07,-0.004765946027315676
3.311e-07,-0.004344071027315676
3.312e-07,-0.004765946027315676
3.313e-07,-0.0054846960273156765
3.314e-07,-0.004765946027315676
3.315e-07,-0.0024378210273156764
3.316e-07,-0.0007659463324256765
3.317e-07,-0.0020315710273156764
3.318e-07,-0.004765946027315676
3.319e-07,-0.007156571027315676
3.32e-07,-0.008765946027315676
3.321e-07,-0.009484696027315677
3.322e-07,-0.008765946027315676
3.323e-07,-0.0064378210273156765
3.324e-07,-0.004765946027315676
3.325e-07,-0.005797196027315676
3.326e-07,-0.008765946027315676
3.327e-07,-0.010453446027315676
3.328e-07,-0.008765946027315676
3.329e-07,-0.004281571027315676
3.33e-07,-0.0007659463324256765
3.331e-07,-0.0012346963273156765
3.332e-07,-0.004765946027315676
3.333e-07,-0.008125321027315677
3.334e-07,-0.008765946027315676
3.335e-07,-0.006890946027315676
3.336e-07,-0.004765946027315676
3.337e-07,-0.004109696027315676
3.338e-07,-0.004765946027315676
3.339e-07,-0.005344071027315676
3.34e-07,-0.004765946027315676
3.341e-07,-0.003953446027315676
3.342e-07,-0.004765946027315676
3.343e-07,-0.007219071027315676
3.344e-07,-0.008765946027315676
3.345e-07,-0.007344071027315676
3.346e-07,-0.004765946027315676
3.347e-07,-0.0038753210273156768
3.348e-07,-0.004765946027315676
3.349e-07,-0.0064378210273156765
3.35e-07,-0.008765946027315676
3.351e-07,-0.010453446027315676
3.352e-07,-0.008765946027315676
3.353e-07,-0.0037815710273156767
3.354e-07,-0.0007659463324256765
3.355e-07,-0.0035003210273156764
3.356e-07,-0.008765946027315676
3.357e-07,-0.011000322027315676
3.358e-07,-0.008765946027315676
3.359e-07,-0.005375321027315676
3.36e-07,-0.004765946027315676
3.361e-07,-0.007156571027315676
3.362e-07,-0.008765946027315676
3.363e-07,-0.007187821027315676
3.364e-07,-0.004765946027315676
3.365e-07,-0.005375321027315676
3.366e-07,-0.008765946027315676
3.367e-07,-0.011797192027315676
3.368e-07,-0.012765942027315676
3.369e-07,-0.011562822027315676
3.37e-07,-0.008765946027315676
3.371e-07,-0.006672196027315676
3.372e-07,-0.008765946027315676
3.373e-07,-0.014140942027315676
3.374e-07,-0.016765942027315676
3.375e-07,-0.013172192027315677
3.376e-07,-0.008765946027315676
3.377e-07,-0.009156571027315676
3.378e-07,-0.012765942027315676
3.379e-07,-0.014297192027315676
3.38e-07,-0.012765942027315676
3.381e-07,-0.010359696027315676
3.382e-07,-0.008765946027315676
3.383e-07,-0.008109696027315677
3.384e-07,-0.008765946027315676
3.385e-07,-0.009734696027315677
3.386e-07,-0.008765946027315676
3.387e-07,-0.005890946027315676
3.388e-07,-0.004765946027315676
3.389e-07,-0.007047196027315676
3.39e-07,-0.008765946027315676
3.391e-07,-0.007062821027315676
3.392e-07,-0.004765946027315676
3.393e-07,-0.004906571027315676
3.394e-07,-0.004765946027315676
3.395e-07,-0.0022034460273156766
3.396e-07,-0.0007659463324256765
3.397e-07,-0.004062821027315676
3.398e-07,-0.008765946027315676
3.399e-07,-0.010109696027315675
3.4e-07,-0.008765946027315676
3.401e-07,-0.007953446027315677
3.402e-07,-0.008765946027315676
3.403e-07,-0.009547196027315677
3.404e-07,-0.008765946027315676
3.405e-07,-0.006328446027315676
3.406e-07,-0.004765946027315676
3.407e-07,-0.004906571027315676
3.408e-07,-0.004765946027315676
3.409e-07,-0.0037034460273156766
3.41e-07,-0.004765946027315676
3.411e-07,-0.008500321027315677
3.412e-07,-0.008765946027315676
3.413e-07,-0.0025940710273156765
3.414e-07,0.003234053972684323
3.415e-07,0.0013278039726843235
3.416e-07,-0.004765946027315676
3.417e-07,-0.008359696027315677
3.418e-07,-0.008765946027315676
3.419e-07,-0.008687821027315676
3.42e-07,-0.008765946027315676
3.421e-07,-0.008328446027315677
3.422e-07,-0.008765946027315676
3.423e-07,-0.010859692027315676
3.424e-07,-0.012765942027315676
3.425e-07,-0.011750322027315676
3.426e-07,-0.008765946027315676
3.427e-07,-0.005875321027315676
3.428e-07,-0.004765946027315676
3.429e-07,-0.005953446027315676
3.43e-07,-0.008765946027315676
3.431e-07,-0.010765942027315676
3.432e-07,-0.008765946027315676
3.433e-07,-0.0034846960273156764
3.434e-07,-0.0007659463324256765
3.435e-07,-0.003969071027315676
3.436e-07,-0.008765946027315676
3.437e-07,-0.010031571027315677
3.438e-07,-0.008765946027315676
3.439e-07,-0.008328446027315677
3.44e-07,-0.008765946027315676
3.441e-07,-0.007703446027315676
3.442e-07,-0.004765946027315676
3.443e-07,-0.0019065710273156763
3.444e-07,-0.0007659463324256765
3.445e-07,-0.0020471960273156765
3.446e-07,-0.004765946027315676
3.447e-07,-0.007390946027315676
3.448e-07,-0.008765946027315676
3.449e-07,-0.008906571027315676
3.45e-07,-0.008765946027315676
3.451e-07,-0.008750321027315676
3.452e-07,-0.008765946027315676
3.453e-07,-0.008609696027315676
3.454e-07,-0.008765946027315676
3.455e-07,-0.009078446027315676
3.456e-07,-0.008765946027315676
3.457e-07,-0.006937821027315676
3.458e-07,-0.004765946027315676
3.459e-07,-0.003890946027315677
3.46e-07,-0.004765946027315676
3.461e-07,-0.006828446027315676
3.462e-07,-0.008765946027315676
3.463e-07,-0.009547196027315677
3.464e-07,-0.008765946027315676
3.465e-07,-0.006828446027315676
3.466e-07,-0.004765946027315676
3.467e-07,-0.003890946027315677
3.468e-07,-0.004765946027315676
3.469e-07,-0.006937821027315676
3.47e-07,-0.008765946027315676
3.471e-07,-0.009156571027315676
3.472e-07,-0.008765946027315676
3.473e-07,-0.008453446027315677
3.474e-07,-0.008765946027315676
3.475e-07,-0.009015946027315676
3.476e-07,-0.008765946027315676
3.477e-07,-0.008281571027315677
3.478e-07,-0.008765946027315676
3.479e-07,-0.009625321027315677
3.48e-07,-0.008765946027315676
3.481e-07,-0.004937821027315676
3.482e-07,-0.0007659463324256765
3.483e-07,0.0005153039726843235
3.484e-07,-0.0007659463324256765
3.485e-07,-0.002906571027315677
3.486e-07,-0.004765946027315676
3.487e-07,-0.005844071027315676
3.488e-07,-0.004765946027315676
3.489e-07,-0.0020940710273156765
3.49e-07,-0.0007659463324256765
3.491e-07,-0.0025315710273156765
3.492e-07,-0.004765946027315676
3.493e-07,-0.005015946027315676
3.494e-07,-0.004765946027315676
3.495e-07,-0.006187821027315676
3.496e-07,-0.008765946027315676
3.497e-07,-0.010000321027315677
3.498e-07,-0.008765946027315676
3.499e-07,-0.006140946027315676
3.5e-07,-0.004765946027315676
3.501e-07,-0.005015946027315676
3.502e-07,-0.004765946027315676
3.503e-07,-0.0035003210273156764
3.504e-07,-0.004765946027315676
3.505e-07,-0.009765946027315677
3.506e-07,-0.012765942027315676
3.507e-07,-0.009609696027315677
3.508e-07,-0.004765946027315676
3.509e-07,-0.0037346960273156767
3.51e-07,-0.004765946027315676
3.511e-07,-0.0046096960273156766
3.512e-07,-0.004765946027315676
3.513e-07,-0.008125321027315677
3.514e-07,-0.012765942027315676
3.515e-07,-0.014500322027315677
3.516e-07,-0.012765942027315676
3.517e-07,-0.009890946027315677
3.518e-07,-0.008765946027315676
3.519e-07,-0.010281571027315676
3.52e-07,-0.012765942027315676
3.521e-07,-0.013672192027315675
3.522e-07,-0.012765942027315676
3.523e-07,-0.010828442027315676
3.524e-07,-0.008765946027315676
3.525e-07,-0.007562821027315677
3.526e-07,-0.008765946027315676
3.527e-07,-0.011734692027315675
3.528e-07,-0.012765942027315676
3.529e-07,-0.010359696027315676
3.53e-07,-0.008765946027315676
3.531e-07,-0.010812822027315675
3.532e-07,-0.012765942027315676
3.533e-07,-0.011219072027315676
3.534e-07,-0.008765946027315676
3.535e-07,-0.008765946027315676
3.536e-07,-0.008765946027315676
3.537e-07,-0.006297196027315676
3.538e-07,-0.004765946027315676
3.539e-07,-0.007953446027315677
3.54e-07,-0.012765942027315676
3.541e-07,-0.015297192027315677
3.542e-07,-0.016765942027315676
3.543e-07,-0.018187822027315677
3.544e-07,-0.016765942027315676
3.545e-07,-0.011625322027315676
3.546e-07,-0.008765946027315676
3.547e-07,-0.012140942027315676
3.548e-07,-0.016765942027315676
3.549e-07,-0.016359692027315676
3.55e-07,-0.012765942027315676
3.551e-07,-0.011078442027315677
3.552e-07,-0.012765942027315676
3.553e-07,-0.015453442027315677
3.554e-07,-0.016765942027315676
3.555e-07,-0.01668782202731568
3.556e-07,-0.016765942027315676
3.557e-07,-0.017234692027315677
3.558e-07,-0.016765942027315676
3.559e-07,-0.014453442027315676
3.56e-07,-0.012765942027315676
3.561e-07,-0.014109692027315676
3.562e-07,-0.016765942027315676
3.563e-07,-0.017781572027315676
3.564e-07,-0.016765942027315676
3.565e-07,-0.014781572027315676
3.566e-07,-0.012765942027315676
3.567e-07,-0.011719072027315676
3.568e-07,-0.012765942027315676
3.569e-07,-0.01643782202731568
3.57e-07,-0.020765942027315677
3.571e-07,-0.02273469202731568
3.572e-07,-0.020765942027315677
3.573e-07,-0.016047192027315676
3.574e-07,-0.012765942027315676
3.575e-07,-0.013656572027315676
3.576e-07,-0.016765942027315676
3.577e-07,-0.019250322027315678
3.578e-07,-0.020765942027315677
3.579e-07,-0.021469072027315676
3.58e-07,-0.020765942027315677
3.581e-07,-0.018203442027315678
3.582e-07,-0.016765942027315676
3.583e-07,-0.018297192027315678
3.584e-07,-0.020765942027315677
3.585e-07,-0.021390942027315677
3.586e-07,-0.020765942027315677
3.587e-07,-0.01954719202731568
3.588e-07,-0.016765942027315676
3.589e-07,-0.012203442027315676
3.59e-07,-0.008765946027315676
3.591e-07,-0.009500321027315677
3.592e-07,-0.012765942027315676
3.593e-07,-0.015703442027315676
3.594e-07,-0.016765942027315676
3.595e-07,-0.016734692027315676
3.596e-07,-0.016765942027315676
3.597e-07,-0.01700032202731568
3.598e-07,-0.016765942027315676
3.599e-07,-0.01628157202731568
3.6e-07,-0.016765942027315676
3.601e-07,-0.018750322027315677
3.602e-07,-0.020765942027315677
3.603e-07,-0.02018782202731568
3.604e-07,-0.016765942027315676
3.605e-07,-0.013015942027315677
3.606e-07,-0.012765942027315676
3.607e-07,-0.016765942027315676
3.608e-07,-0.020765942027315677
3.609e-07,-0.021469072027315676
3.61e-07,-0.020765942027315677
3.611e-07,-0.02090657202731568
3.612e-07,-0.020765942027315677
3.613e-07,-0.018531572027315677
3.614e-07,-0.016765942027315676
3.615e-07,-0.018062822027315677
3.616e-07,-0.020765942027315677
3.617e-07,-0.021687822027315676
3.618e-07,-0.020765942027315677
3.619e-07,-0.019062822027315678
3.62e-07,-0.016765942027315676
3.621e-07,-0.014203442027315676
3.622e-07,-0.012765942027315676
3.623e-07,-0.013969072027315677
3.624e-07,-0.016765942027315676
3.625e-07,-0.01939094202731568
3.626e-07,-0.020765942027315677
3.627e-07,-0.02090657202731568
3.628e-07,-0.020765942027315677
3.629e-07,-0.02075032202731568
3.63e-07,-0.020765942027315677
3.631e-07,-0.02053157202731568
3.632e-07,-0.020765942027315677
3.633e-07,-0.021234692027315677
3.634e-07,-0.020765942027315677
3.635e-07,-0.018672192027315678
3.636e-07,-0.016765942027315676
3.637e-07,-0.016515942027315676
3.638e-07,-0.016765942027315676
3.639e-07,-0.01639094202731568
3.64e-07,-0.016765942027315676
3.641e-07,-0.018844072027315677
3.642e-07,-0.020765942027315677
3.643e-07,-0.020828442027315677
3.644e-07,-0.020765942027315677
3.645e-07,-0.021547192027315677
3.646e-07,-0.020765942027315677
3.647e-07,-0.01675032202731568
3.648e-07,-0.012765942027315676
3.649e-07,-0.011906572027315676
3.65e-07,-0.012765942027315676
3.651e-07,-0.012984692027315677
3.652e-07,-0.012765942027315676
3.653e-07,-0.014250322027315677
3.654e-07,-0.016765942027315676
3.655e-07,-0.018250322027315677
3.656e-07,-0.016765942027315676
3.657e-07,-0.013672192027315675
3.658e-07,-0.012765942027315676
3.659e-07,-0.01612532202731568
3.66e-07,-0.020765942027315677
3.661e-07,-0.023250322027315678
3.662e-07,-0.024765942027315677
3.663e-07,-0.025953442027315678
3.664e-07,-0.024765942027315677
3.665e-07,-0.01996907202731568
3.666e-07,-0.016765942027315676
3.667e-07,-0.018453442027315678
3.668e-07,-0.020765942027315677
3.669e-07,-0.01917219202731568
3.67e-07,-0.016765942027315676
3.671e-07,-0.01690657202731568
3.672e-07,-0.016765942027315676
3.673e-07,-0.014156572027315677
3.674e-07,-0.012765942027315676
3.675e-07,-0.016297192027315676
3.676e-07,-0.020765942027315677
3.677e-07,-0.020672192027315676
3.678e-07,-0.016765942027315676
3.679e-07,-0.014203442027315676
3.68e-07,-0.016765942027315676
3.681e-07,-0.022281572027315677
3.682e-07,-0.024765942027315677
3.683e-07,-0.02125032202731568
3.684e-07,-0.016765942027315676
3.685e-07,-0.01593782202731568
3.686e-07,-0.016765942027315676
3.687e-07,-0.015250322027315676
3.688e-07,-0.012765942027315676
3.689e-07,-0.012437822027315677
3.69e-07,-0.012765942027315676
3.691e-07,-0.012250322027315677
3.692e-07,-0.012765942027315676
3.693e-07,-0.015562822027315676
3.694e-07,-0.016765942027315676
3.695e-07,-0.014437822027315677
3.696e-07,-0.012765942027315676
3.697e-07,-0.015797192027315676
3.698e-07,-0.020765942027315677
3.699e-07,-0.022578442027315678
3.7e-07,-0.020765942027315677
3.701e-07,-0.017969072027315677
3.702e-07,-0.016765942027315676
3.703e-07,-0.016703442027315676
3.704e-07,-0.016765942027315676
3.705e-07,-0.01637532202731568
3.706e-07,-0.016765942027315676
3.707e-07,-0.018656572027315677
3.708e-07,-0.020765942027315677
3.709e-07,-0.02034407202731568
3.71e-07,-0.016765942027315676
3.711e-07,-0.011890942027315676
3.712e-07,-0.008765946027315676
3.713e-07,-0.009406571027315676
3.714e-07,-0.012765942027315676
3.715e-07,-0.016047192027315676
3.716e-07,-0.016765942027315676
3.717e-07,-0.014890942027315677
3.718e-07,-0.012765942027315676
3.719e-07,-0.012265942027315676
3.72e-07,-0.012765942027315676
3.721e-07,-0.012953442027315677
3.722e-07,-0.012765942027315676
3.723e-07,-0.012750322027315675
3.724e-07,-0.012765942027315676
3.725e-07,-0.012437822027315677
3.726e-07,-0.012765942027315676
3.727e-07,-0.013562822027315676
3.728e-07,-0.012765942027315676
3.729e-07,-0.010047196027315675
3.73e-07,-0.008765946027315676
3.731e-07,-0.010750321027315676
3.732e-07,-0.012765942027315676
3.733e-07,-0.011406572027315676
3.734e-07,-0.008765946027315676
3.735e-07,-0.008109696027315677
3.736e-07,-0.008765946027315676
3.737e-07,-0.008969071027315676
3.738e-07,-0.008765946027315676
3.739e-07,-0.009156571027315676
3.74e-07,-0.008765946027315676
3.741e-07,-0.006765946027315676
3.742e-07,-0.004765946027315676
3.743e-07,-0.005406571027315676
3.744e-07,-0.008765946027315676
3.745e-07,-0.013094072027315676
3.746e-07,-0.016765942027315676
3.747e-07,-0.017969072027315677
3.748e-07,-0.016765942027315676
3.749e-07,-0.014172192027315676
3.75e-07,-0.012765942027315676
3.751e-07,-0.012797192027315676
3.752e-07,-0.012765942027315676
3.753e-07,-0.010125321027315675
3.754e-07,-0.004765946027315676
3.755e-07,-0.00010969632731567646
3.756e-07,-0.0007659463324256765
3.757e-07,-0.006203446027315676
3.758e-07,-0.008765946027315676
3.759e-07,-0.004984696027315676
3.76e-07,-0.0007659463324256765
3.761e-07,-0.002906571027315677
3.762e-07,-0.008765946027315676
3.763e-07,-0.011250322027315676
3.764e-07,-0.008765946027315676
3.765e-07,-0.005234696027315676
3.766e-07,-0.004765946027315676
3.767e-07,-0.007062821027315676
3.768e-07,-0.008765946027315676
3.769e-07,-0.006250321027315676
3.77e-07,-0.0007659463324256765
3.771e-07,0.0034840539726843233
3.772e-07,0.003234053972684323
3.773e-07,-0.0008284463373156765
3.774e-07,-0.004765946027315676
3.775e-07,-0.005047196027315676
3.776e-07,-0.0007659463324256765
3.777e-07,0.004859053972684324
3.778e-07,0.007234053972684324
3.779e-07,0.0051559289726843234
3.78e-07,0.003234053972684323
3.781e-07,0.0037653039726843235
3.782e-07,0.003234053972684323
3.783e-07,-0.0009846963273156765
3.784e-07,-0.004765946027315676
3.785e-07,-0.0036878210273156766
3.786e-07,-0.0007659463324256765
3.787e-07,-0.00020344632731567655
3.788e-07,-0.0007659463324256765
3.789e-07,0.0008278039726843234
3.79e-07,0.003234053972684323
3.791e-07,0.003937178972684324
3.792e-07,0.003234053972684323
3.793e-07,0.0030621789726843233
3.794e-07,0.003234053972684323
3.795e-07,0.003155928972684323
3.796e-07,0.003234053972684323
3.797e-07,0.0035934289726843234
3.798e-07,0.003234053972684323
3.799e-07,0.002437178972684323
3.8e-07,0.003234053972684323
3.801e-07,0.006843428972684324
3.802e-07,0.011234057972684324
3.803e-07,0.012937177972684323
3.804e-07,0.011234057972684324
3.805e-07,0.008124678972684323
3.806e-07,0.007234053972684324
3.807e-07,0.009234053972684324
3.808e-07,0.011234057972684324
3.809e-07,0.010218427972684324
3.81e-07,0.007234053972684324
3.811e-07,0.004687178972684324
3.812e-07,0.003234053972684323
3.813e-07,0.0025465539726843233
3.814e-07,0.003234053972684323
3.815e-07,0.005640303972684324
3.816e-07,0.007234053972684324
3.817e-07,0.007187178972684324
3.818e-07,0.007234053972684324
3.819e-07,0.008327803972684324
3.82e-07,0.007234053972684324
3.821e-07,0.0027809289726843235
3.822e-07,-0.0007659463324256765
3.823e-07,0.0014215539726843236
3.824e-07,0.007234053972684324
3.825e-07,0.012218427972684324
3.826e-07,0.015234057972684322
3.827e-07,0.016359057972684322
3.828e-07,0.015234057972684322
3.829e-07,0.012265307972684323
3.83e-07,0.011234057972684324
3.831e-07,0.013421557972684324
3.832e-07,0.015234057972684322
3.833e-07,0.012546557972684324
3.834e-07,0.007234053972684324
3.835e-07,0.0036871789726843234
3.836e-07,0.003234053972684323
3.837e-07,0.005077803972684324
3.838e-07,0.007234053972684324
3.839e-07,0.008593428972684324
3.84e-07,0.007234053972684324
3.841e-07,0.0052340539726843235
3.842e-07,0.007234053972684324
3.843e-07,0.014202807972684323
3.844e-07,0.01923405797268432
3.845e-07,0.01781217797268432
3.846e-07,0.015234057972684322
3.847e-07,0.016609057972684322
3.848e-07,0.01923405797268432
3.849e-07,0.018046557972684323
3.85e-07,0.015234057972684322
3.851e-07,0.014702807972684324
3.852e-07,0.015234057972684322
3.853e-07,0.013718427972684324
3.854e-07,0.011234057972684324
3.855e-07,0.010452807972684323
3.856e-07,0.011234057972684324
3.857e-07,0.012827807972684324
3.858e-07,0.015234057972684322
3.859e-07,0.018046557972684323
3.86e-07,0.01923405797268432
3.861e-07,0.017562177972684324
3.862e-07,0.015234057972684322
3.863e-07,0.014515307972684324
3.864e-07,0.015234057972684322
3.865e-07,0.015655927972684322
3.866e-07,0.015234057972684322
3.867e-07,0.013812177972684324
3.868e-07,0.011234057972684324
3.869e-07,0.008484053972684324
3.87e-07,0.007234053972684324
3.871e-07,0.008827803972684324
3.872e-07,0.011234057972684324
3.873e-07,0.012421557972684323
3.874e-07,0.011234057972684324
3.875e-07,0.009812177972684324
3.876e-07,0.011234057972684324
3.877e-07,0.01567155797268432
3.878e-07,0.01923405797268432
3.879e-07,0.019468427972684322
3.88e-07,0.01923405797268432
3.881e-07,0.021062177972684323
3.882e-07,0.02323405797268432
3.883e-07,0.021390307972684323
3.884e-07,0.015234057972684322
3.885e-07,0.008874678972684324
3.886e-07,0.007234053972684324
3.887e-07,0.011093427972684323
3.888e-07,0.015234057972684322
3.889e-07,0.015968427972684322
3.89e-07,0.015234057972684322
3.891e-07,0.016655927972684323
3.892e-07,0.01923405797268432
3.893e-07,0.02010905797268432
3.894e-07,0.01923405797268432
3.895e-07,0.01862467797268432
3.896e-07,0.01923405797268432
3.897e-07,0.01979655797268432
3.898e-07,0.01923405797268432
3.899e-07,0.017234057972684323
3.9e-07,0.015234057972684322
3.901e-07,0.014749677972684325
3.902e-07,0.015234057972684322
3.903e-07,0.015499677972684324
3.904e-07,0.015234057972684322
3.905e-07,0.014952807972684322
3.906e-07,0.015234057972684322
3.907e-07,0.016718427972684323
3.908e-07,0.01923405797268432
3.909e-07,0.02193717797268432
3.91e-07,0.02323405797268432
3.911e-07,0.021093427972684323
3.912e-07,0.015234057972684322
3.913e-07,0.008780928972684324
3.914e-07,0.007234053972684324
3.915e-07,0.012405927972684324
3.916e-07,0.01923405797268432
3.917e-07,0.02162467797268432
3.918e-07,0.01923405797268432
3.919e-07,0.01598405797268432
3.92e-07,0.015234057972684322
3.921e-07,0.01632780797268432
3.922e-07,0.015234057972684322
3.923e-07,0.010952807972684324
3.924e-07,0.007234053972684324
3.925e-07,0.007890303972684323
3.926e-07,0.011234057972684324
3.927e-07,0.013874677972684324
3.928e-07,0.015234057972684322
3.929e-07,0.016999677972684323
3.93e-07,0.01923405797268432
3.931e-07,0.020265307972684322
3.932e-07,0.01923405797268432
3.933e-07,0.016702807972684322
3.934e-07,0.015234057972684322
3.935e-07,0.015405927972684324
3.936e-07,0.015234057972684322
3.937e-07,0.013155927972684323
3.938e-07,0.011234057972684324
3.939e-07,0.011312177972684323
3.94e-07,0.011234057972684324
3.941e-07,0.009374677972684323
3.942e-07,0.007234053972684324
3.943e-07,0.008046553972684323
3.944e-07,0.011234057972684324
3.945e-07,0.014421557972684323
3.946e-07,0.015234057972684322
3.947e-07,0.014452807972684324
3.948e-07,0.015234057972684322
3.949e-07,0.018046557972684323
3.95e-07,0.01923405797268432
3.951e-07,0.016843427972684323
3.952e-07,0.015234057972684322
3.953e-07,0.017187177972684323
3.954e-07,0.01923405797268432
3.955e-07,0.016515307972684322
3.956e-07,0.011234057972684324
3.957e-07,0.008780928972684324
3.958e-07,0.011234057972684324
3.959e-07,0.015155927972684323
3.96e-07,0.015234057972684322
3.961e-07,0.010905927972684323
3.962e-07,0.007234053972684324
3.963e-07,0.008562178972684324
3.964e-07,0.011234057972684324
3.965e-07,0.010546557972684324
3.966e-07,0.007234053972684324
3.967e-07,0.005812178972684324
3.968e-07,0.007234053972684324
3.969e-07,0.010655927972684325
3.97e-07,0.015234057972684322
3.971e-07,0.01923405797268432
3.972e-07,0.01923405797268432
3.973e-07,0.014827807972684324
3.974e-07,0.011234057972684324
3.975e-07,0.012218427972684324
3.976e-07,0.015234057972684322
3.977e-07,0.016155927972684322
3.978e-07,0.015234057972684322
3.979e-07,0.014702807972684324
3.98e-07,0.015234057972684322
3.981e-07,0.015687177972684322
3.982e-07,0.015234057972684322
3.983e-07,0.014765307972684324
3.984e-07,0.015234057972684322
3.985e-07,0.016124677972684322
3.986e-07,0.015234057972684322
3.987e-07,0.012234057972684323
3.988e-07,0.011234057972684324
3.989e-07,0.014687177972684325
3.99e-07,0.01923405797268432
3.991e-07,0.020437177972684323
3.992e-07,0.01923405797268432
3.993e-07,0.017765307972684323
3.994e-07,0.015234057972684322
3.995e-07,0.010702807972684324
3.996e-07,0.007234053972684324
3.997e-07,0.007109053972684324
3.998e-07,0.007234053972684324
3.999e-07,0.006124678972684323
4e-07,0.007234053972684324
4.001e-07,0.012405927972684324
4.002e-07,0.015234057972684322
4.003e-07,0.011702807972684325
4.004e-07,0.007234053972684324
4.005e-07,0.008062178972684323
4.006e-07,0.011234057972684324
4.007e-07,0.011874677972684324
4.008e-07,0.011234057972684324
4.009e-07,0.012687177972684325
4.01e-07,0.015234057972684322
4.011e-07,0.015046557972684322
4.012e-07,0.011234057972684324
4.013e-07,0.007109053972684324
4.014e-07,0.007234053972684324
4.015e-07,0.011827807972684325
4.016e-07,0.015234057972684322
4.017e-07,0.013655927972684324
4.018e-07,0.011234057972684324
4.019e-07,0.012577807972684324
4.02e-07,0.015234057972684322
4.021e-07,0.014655927972684325
4.022e-07,0.011234057972684324
4.023e-07,0.008390303972684324
4.024e-07,0.007234053972684324
4.025e-07,0.006937178972684324
4.026e-07,0.007234053972684324
4.027e-07,0.008765303972684324
4.028e-07,0.011234057972684324
4.029e-07,0.013921557972684323
4.03e-07,0.015234057972684322
4.031e-07,0.014109057972684323
4.032e-07,0.011234057972684324
4.033e-07,0.008452803972684324
4.034e-07,0.007234053972684324
4.035e-07,0.008374678972684324
4.036e-07,0.011234057972684324
4.037e-07,0.014124677972684324
4.038e-07,0.015234057972684322
4.039e-07,0.013780927972684324
4.04e-07,0.011234057972684324
4.041e-07,0.009952807972684323
4.042e-07,0.011234057972684324
4.043e-07,0.013905927972684324
4.044e-07,0.015234057972684322
4.045e-07,0.013718427972684324
4.046e-07,0.011234057972684324
4.047e-07,0.010327807972684323
4.048e-07,0.011234057972684324
4.049e-07,0.012124677972684324
4.05e-07,0.011234057972684324
4.051e-07,0.008937178972684324
4.052e-07,0.007234053972684324
4.053e-07,0.008109053972684323
4.054e-07,0.011234057972684324
4.055e-07,0.014437177972684324
4.056e-07,0.015234057972684322
4.057e-07,0.013468427972684324
4.058e-07,0.011234057972684324
4.059e-07,0.010593427972684324
4.06e-07,0.011234057972684324
4.061e-07,0.011812177972684324
4.062e-07,0.011234057972684324
4.063e-07,0.010452807972684323
4.064e-07,0.011234057972684324
4.065e-07,0.013702807972684325
4.066e-07,0.015234057972684322
4.067e-07,0.014780927972684323
4.068e-07,0.015234057972684322
4.069e-07,0.017827807972684323
4.07e-07,0.01923405797268432
4.071e-07,0.016937177972684323
4.072e-07,0.015234057972684322
4.073e-07,0.017374677972684324
4.074e-07,0.01923405797268432
4.075e-07,0.01626530797268432
4.076e-07,0.011234057972684324
4.077e-07,0.008484053972684324
4.078e-07,0.007234053972684324
4.079e-07,0.0062653039726843236
4.08e-07,0.007234053972684324
4.081e-07,0.012452807972684323
4.082e-07,0.01923405797268432
4.083e-07,0.022327807972684324
4.084e-07,0.01923405797268432
4.085e-07,0.013218427972684323
4.086e-07,0.011234057972684324
4.087e-07,0.015343427972684323
4.088e-07,0.01923405797268432
4.089e-07,0.016874677972684323
4.09e-07,0.011234057972684324
4.091e-07,0.008827803972684324
4.092e-07,0.011234057972684324
4.093e-07,0.014671557972684324
4.094e-07,0.015234057972684322
4.095e-07,0.013155927972684323
4.096e-07,0.011234057972684324
4.097e-07,0.012187177972684324
4.098e-07,0.015234057972684322
4.099e-07,0.017093427972684323
4.1e-07,0.015234057972684322
4.101e-07,0.011577807972684324
4.102e-07,0.011234057972684324
4.103e-07,0.015546557972684323
4.104e-07,0.01923405797268432
4.105e-07,0.01796842797268432
4.106e-07,0.015234057972684322
4.107e-07,0.014937177972684323
4.108e-07,0.015234057972684322
4.109e-07,0.013296557972684324
4.11e-07,0.011234057972684324
4.111e-07,0.012452807972684323
4.112e-07,0.015234057972684322
4.113e-07,0.015249677972684323
4.114e-07,0.011234057972684324
4.115e-07,0.006921553972684324
4.116e-07,0.007234053972684324
4.117e-07,0.013171557972684324
4.118e-07,0.01923405797268432
4.119e-07,0.019718427972684322
4.12e-07,0.015234057972684322
4.121e-07,0.011046557972684324
4.122e-07,0.011234057972684324
4.123e-07,0.014374677972684324
4.124e-07,0.015234057972684322
4.125e-07,0.011655927972684324
4.126e-07,0.007234053972684324
4.127e-07,0.007077803972684324
4.128e-07,0.011234057972684324
4.129e-07,0.015327807972684323
4.13e-07,0.015234057972684322
4.131e-07,0.012124677972684324
4.132e-07,0.011234057972684324
4.133e-07,0.015046557972684322
4.134e-07,0.01923405797268432
4.135e-07,0.01878092797268432
4.136e-07,0.015234057972684322
4.137e-07,0.012452807972684323
4.138e-07,0.011234057972684324
4.139e-07,0.010530927972684324
4.14e-07,0.011234057972684324
4.141e-07,0.013671557972684325
4.142e-07,0.015234057972684322
4.143e-07,0.013780927972684324
4.144e-07,0.011234057972684324
4.145e-07,0.010280927972684324
4.146e-07,0.011234057972684324
4.147e-07,0.012202807972684323
4.148e-07,0.011234057972684324
4.149e-07,0.008827803972684324
4.15e-07,0.007234053972684324
4.151e-07,0.007468428972684325
4.152e-07,0.007234053972684324
4.153e-07,0.0051715539726843235
4.154e-07,0.003234053972684323
4.155e-07,0.0042809289726843235
4.156e-07,0.007234053972684324
4.157e-07,0.009780927972684324
4.158e-07,0.011234057972684324
4.159e-07,0.011874677972684324
4.16e-07,0.011234057972684324
4.161e-07,0.009218428972684324
4.162e-07,0.007234053972684324
4.163e-07,0.006624678972684324
4.164e-07,0.007234053972684324
4.165e-07,0.007874678972684323
4.166e-07,0.007234053972684324
4.167e-07,0.0061403039726843234
4.168e-07,0.007234053972684324
4.169e-07,0.010437177972684324
4.17e-07,0.011234057972684324
4.171e-07,0.008343428972684324
4.172e-07,0.007234053972684324
4.173e-07,0.011327807972684324
4.174e-07,0.015234057972684322
4.175e-07,0.012843427972684323
4.176e-07,0.007234053972684324
4.177e-07,0.004937178972684324
4.178e-07,0.007234053972684324
4.179e-07,0.010374677972684324
4.18e-07,0.011234057972684324
4.181e-07,0.009640307972684324
4.182e-07,0.007234053972684324
4.183e-07,0.0061871789726843235
4.184e-07,0.007234053972684324
4.185e-07,0.008609053972684324
4.186e-07,0.007234053972684324
4.187e-07,0.003968428972684324
4.188e-07,0.003234053972684323
4.189e-07,0.007218428972684324
4.19e-07,0.011234057972684324
4.191e-07,0.010609057972684324
4.192e-07,0.007234053972684324
4.193e-07,0.005734053972684324
4.194e-07,0.007234053972684324
4.195e-07,0.009702807972684325
4.196e-07,0.011234057972684324
4.197e-07,0.011562177972684324
4.198e-07,0.011234057972684324
4.199e-07,0.009952807972684323
4.2e-07,0.007234053972684324
4.201e-07,0.0039059289726843236
4.202e-07,0.003234053972684323
4.203e-07,0.006843428972684324
4.204e-07,0.011234057972684324
4.205e-07,0.012499677972684324
4.206e-07,0.011234057972684324
4.207e-07,0.009593427972684324
4.208e-07,0.007234053972684324
4.209e-07,0.0042809289726843235
4.21e-07,0.003234053972684323
4.211e-07,0.0052965539726843236
4.212e-07,0.007234053972684324
4.213e-07,0.006921553972684324
4.214e-07,0.007234053972684324
4.215e-07,0.010827807972684324
4.216e-07,0.015234057972684322
4.217e-07,0.015624677972684324
4.218e-07,0.011234057972684324
4.219e-07,0.005640303972684324
4.22e-07,0.003234053972684323
4.221e-07,0.004937178972684324
4.222e-07,0.007234053972684324
4.223e-07,0.006484053972684324
4.224e-07,0.003234053972684323
4.225e-07,0.0013746789726843235
4.226e-07,0.003234053972684323
4.227e-07,0.007921553972684323
4.228e-07,0.011234057972684324
4.229e-07,0.010671557972684324
4.23e-07,0.007234053972684324
4.231e-07,0.004109053972684324
4.232e-07,0.003234053972684323
4.233e-07,0.004624678972684324
4.234e-07,0.007234053972684324
4.235e-07,0.009749677972684324
4.236e-07,0.011234057972684324
4.237e-07,0.011374677972684323
4.238e-07,0.011234057972684324
4.239e-07,0.011234057972684324
4.24e-07,0.011234057972684324
4.241e-07,0.010124677972684324
4.242e-07,0.007234053972684324
4.243e-07,0.0038278039726843236
4.244e-07,0.003234053972684323
4.245e-07,0.005874678972684324
4.246e-07,0.007234053972684324
4.247e-07,0.005140303972684323
4.248e-07,0.003234053972684323
4.249e-07,0.005140303972684323
4.25e-07,0.007234053972684324
4.251e-07,0.005874678972684324
4.252e-07,0.003234053972684323
4.253e-07,0.0037653039726843235
4.254e-07,0.007234053972684324
4.255e-07,0.010343427972684324
4.256e-07,0.011234057972684324
4.257e-07,0.010765307972684324
4.258e-07,0.011234057972684324
4.259e-07,0.012484057972684324
4.26e-07,0.011234057972684324
4.261e-07,0.006609053972684324
4.262e-07,0.003234053972684323
4.263e-07,0.004640303972684324
4.264e-07,0.007234053972684324
4.265e-07,0.0072653039726843244
4.266e-07,0.007234053972684324
4.267e-07,0.010609057972684324
4.268e-07,0.015234057972684322
4.269e-07,0.016812177972684323
4.27e-07,0.015234057972684322
4.271e-07,0.012780927972684325
4.272e-07,0.011234057972684324
4.273e-07,0.009734057972684325
4.274e-07,0.007234053972684324
4.275e-07,0.0042809289726843235
4.276e-07,0.003234053972684323
4.277e-07,0.0051559289726843234
4.278e-07,0.007234053972684324
4.279e-07,0.006515303972684324
4.28e-07,0.003234053972684323
4.281e-07,0.0012496789726843234
4.282e-07,0.003234053972684323
4.283e-07,0.008202803972684324
4.284e-07,0.011234057972684324
4.285e-07,0.009734057972684325
4.286e-07,0.007234053972684324
4.287e-07,0.006905928972684324
4.288e-07,0.007234053972684324
4.289e-07,0.005484053972684324
4.29e-07,0.003234053972684323
4.291e-07,0.0030778039726843233
4.292e-07,0.003234053972684323
4.293e-07,0.0014840539726843232
4.294e-07,-0.0007659463324256765
4.295e-07,-0.0011409463273156766
4.296e-07,-0.0007659463324256765
4.297e-07,4.655367268432346e-05
4.298e-07,0.003234053972684323
4.299e-07,0.008734053972684324
4.3e-07,0.011234057972684324
4.301e-07,0.007827803972684323
4.302e-07,0.003234053972684323
4.303e-07,0.0022965539726843235
4.304e-07,0.003234053972684323
4.305e-07,0.0019371789726843232
4.306e-07,-0.0007659463324256765
4.307e-07,-0.0008284463373156765
4.308e-07,0.003234053972684323
4.309e-07,0.008655928972684324
4.31e-07,0.011234057972684324
4.311e-07,0.008734053972684324
4.312e-07,0.003234053972684323
4.313e-07,-0.0007815713373156765
4.314e-07,-0.0007659463324256765
4.315e-07,0.0018434289726843235
4.316e-07,0.003234053972684323
4.317e-07,0.0016559289726843234
4.318e-07,-0.0007659463324256765
4.319e-07,-0.0004065713273156765
4.32e-07,0.003234053972684323
4.321e-07,0.007218428972684324
4.322e-07,0.007234053972684324
4.323e-07,0.0030934289726843233
4.324e-07,-0.0007659463324256765
4.325e-07,-0.0002815713273156765
4.326e-07,0.003234053972684323
4.327e-07,0.0062184289726843235
4.328e-07,0.007234053972684324
4.329e-07,0.007234053972684324
4.33e-07,0.007234053972684324
4.331e-07,0.007155928972684324
4.332e-07,0.007234053972684324
4.333e-07,0.007202803972684324
4.334e-07,0.007234053972684324
4.335e-07,0.007234053972684324
4.336e-07,0.007234053972684324
4.337e-07,0.007062178972684324
4.338e-07,0.007234053972684324
4.339e-07,0.006609053972684324
4.34e-07,0.003234053972684323
4.341e-07,-0.0021721960273156766
4.342e-07,-0.004765946027315676
4.343e-07,-0.0015628213273156766
4.344e-07,0.003234053972684323
4.345e-07,0.004812178972684324
4.346e-07,0.003234053972684323
4.347e-07,0.0012965539726843235
4.348e-07,-0.0007659463324256765
4.349e-07,-0.0031721960273156766
4.35e-07,-0.004765946027315676
4.351e-07,-0.0036096960273156765
4.352e-07,-0.0007659463324256765
4.353e-07,0.0019371789726843232
4.354e-07,0.003234053972684323
4.355e-07,0.003234053972684323
4.356e-07,0.003234053972684323
4.357e-07,0.0036246789726843234
4.358e-07,0.003234053972684323
4.359e-07,0.0022184289726843234
4.36e-07,0.003234053972684323
4.361e-07,0.006374678972684324
4.362e-07,0.007234053972684324
4.363e-07,0.003312178972684323
4.364e-07,-0.0007659463324256765
4.365e-07,-0.00017219632731567652
4.366e-07,0.003234053972684323
4.367e-07,0.004765303972684324
4.368e-07,0.003234053972684323
4.369e-07,0.0017184289726843234
4.37e-07,0.003234053972684323
4.371e-07,0.006655928972684324
4.372e-07,0.007234053972684324
4.373e-07,0.0031090539726843234
4.374e-07,-0.0007659463324256765
4.375e-07,0.00012467867268432353
4.376e-07,0.003234053972684323
4.377e-07,0.004109053972684324
4.378e-07,0.003234053972684323
4.379e-07,0.003155928972684323
4.38e-07,0.003234053972684323
4.381e-07,0.0016403039726843234
4.382e-07,-0.0007659463324256765
4.383e-07,-0.0016253213273156766
4.384e-07,-0.0007659463324256765
4.385e-07,0.0010934289726843233
4.386e-07,0.003234053972684323
4.387e-07,0.004374678972684324
4.388e-07,0.003234053972684323
4.389e-07,0.0004371789726843235
4.39e-07,-0.0007659463324256765
4.391e-07,0.0011559289726843234
4.392e-07,0.003234053972684323
4.393e-07,0.0022184289726843234
4.394e-07,-0.0007659463324256765
4.395e-07,-0.0032971960273156767
4.396e-07,-0.004765946027315676
4.397e-07,-0.005406571027315676
4.398e-07,-0.004765946027315676
4.399e-07,-0.0023753210273156763
4.4e-07,-0.0007659463324256765
4.401e-07,-0.0018909460273156763
4.402e-07,-0.004765946027315676
4.403e-07,-0.007297196027315676
4.404e-07,-0.008765946027315676
4.405e-07,-0.008187821027315677
4.406e-07,-0.004765946027315676
4.407e-07,0.0005778039726843236
4.408e-07,0.003234053972684323
4.409e-07,0.0004840539726843235
4.41e-07,-0.004765946027315676
4.411e-07,-0.008109696027315677
4.412e-07,-0.008765946027315676
4.413e-07,-0.007594071027315677
4.414e-07,-0.004765946027315676
4.415e-07,-0.0005003213273156765
4.416e-07,0.003234053972684323
4.417e-07,0.0043121789726843236
4.418e-07,0.003234053972684323
4.419e-07,0.0011090539726843233
4.42e-07,-0.0007659463324256765
4.421e-07,-0.0025628210273156765
4.422e-07,-0.004765946027315676
4.423e-07,-0.006344071027315676
4.424e-07,-0.004765946027315676
4.425e-07,-0.0010784463273156766
4.426e-07,-0.0007659463324256765
4.427e-07,-0.0064534460273156765
4.428e-07,-0.012765942027315676
4.429e-07,-0.013078442027315677
4.43e-07,-0.008765946027315676
4.431e-07,-0.005062821027315676
4.432e-07,-0.004765946027315676
4.433e-07,-0.0064846960273156765
4.434e-07,-0.008765946027315676
4.435e-07,-0.009765946027315677
4.436e-07,-0.008765946027315676
4.437e-07,-0.007203446027315676
4.438e-07,-0.008765946027315676
4.439e-07,-0.012719072027315675
4.44e-07,-0.012765942027315676
4.441e-07,-0.0055628210273156765
4.442e-07,0.003234053972684323
4.443e-07,0.006109053972684323
4.444e-07,0.003234053972684323
4.445e-07,-0.0011878213273156764
4.446e-07,-0.004765946027315676
4.447e-07,-0.007609696027315676
4.448e-07,-0.008765946027315676
4.449e-07,-0.008312821027315677
4.45e-07,-0.008765946027315676
4.451e-07,-0.010203446027315675
4.452e-07,-0.008765946027315676
4.453e-07,-0.0035784460273156765
4.454e-07,-0.0007659463324256765
4.455e-07,-0.004125321027315676
4.456e-07,-0.008765946027315676
4.457e-07,-0.008562821027315677
4.458e-07,-0.004765946027315676
4.459e-07,-0.0029846960273156764
4.46e-07,-0.004765946027315676
4.461e-07,-0.007578446027315677
4.462e-07,-0.008765946027315676
4.463e-07,-0.008312821027315677
4.464e-07,-0.008765946027315676
4.465e-07,-0.011859692027315676
4.466e-07,-0.016765942027315676
4.467e-07,-0.01929719202731568
4.468e-07,-0.016765942027315676
4.469e-07,-0.010062821027315675
4.47e-07,-0.004765946027315676
4.471e-07,-0.004031571027315676
4.472e-07,-0.004765946027315676
4.473e-07,-0.004297196027315676
4.474e-07,-0.004765946027315676
4.475e-07,-0.007719071027315676
4.476e-07,-0.008765946027315676
4.477e-07,-0.005844071027315676
4.478e-07,-0.004765946027315676
4.479e-07,-0.010281571027315676
4.48e-07,-0.016765942027315676
4.481e-07,-0.01700032202731568
4.482e-07,-0.012765942027315676
4.483e-07,-0.009406571027315676
4.484e-07,-0.008765946027315676
4.485e-07,-0.008844071027315676
4.486e-07,-0.008765946027315676
4.487e-07,-0.008703446027315676
4.488e-07,-0.008765946027315676
4.489e-07,-0.008734696027315676
4.49e-07,-0.008765946027315676
4.491e-07,-0.008828446027315676
4.492e-07,-0.008765946027315676
4.493e-07,-0.008750321027315676
4.494e-07,-0.008765946027315676
4.495e-07,-0.008828446027315676
4.496e-07,-0.008765946027315676
4.497e-07,-0.008531571027315677
4.498e-07,-0.008765946027315676
4.499e-07,-0.009297196027315676
4.5e-07,-0.008765946027315676
4.501e-07,-0.007625321027315676
4.502e-07,-0.008765946027315676
4.503e-07,-0.012265942027315676
4.504e-07,-0.012765942027315676
4.505e-07,-0.008125321027315677
4.506e-07,-0.004765946027315676
4.507e-07,-0.007812821027315677
4.508e-07,-0.012765942027315676
4.509e-07,-0.013719072027315676
4.51e-07,-0.012765942027315676
4.511e-07,-0.014062822027315677
4.512e-07,-0.016765942027315676
4.513e-07,-0.01650032202731568
4.514e-07,-0.012765942027315676
4.515e-07,-0.009000321027315676
4.516e-07,-0.008765946027315676
4.517e-07,-0.011625322027315676
4.518e-07,-0.012765942027315676
4.519e-07,-0.009265946027315676
4.52e-07,-0.004765946027315676
4.521e-07,-0.0045471960273156765
4.522e-07,-0.008765946027315676
4.523e-07,-0.013937822027315677
4.524e-07,-0.016765942027315676
4.525e-07,-0.01706282202731568
4.526e-07,-0.016765942027315676
4.527e-07,-0.015859692027315676
4.528e-07,-0.012765942027315676
4.529e-07,-0.007578446027315677
4.53e-07,-0.004765946027315676
4.531e-07,-0.007578446027315677
4.532e-07,-0.012765942027315676
4.533e-07,-0.014969072027315676
4.534e-07,-0.012765942027315676
4.535e-07,-0.009453446027315677
4.536e-07,-0.008765946027315676
4.537e-07,-0.011015942027315677
4.538e-07,-0.012765942027315676
4.539e-07,-0.012515942027315676
4.54e-07,-0.012765942027315676
4.541e-07,-0.016109692027315676
4.542e-07,-0.020765942027315677
4.543e-07,-0.021484692027315677
4.544e-07,-0.016765942027315676
4.545e-07,-0.010359696027315676
4.546e-07,-0.008765946027315676
4.547e-07,-0.013906572027315676
4.548e-07,-0.020765942027315677
4.549e-07,-0.022125322027315677
4.55e-07,-0.016765942027315676
4.551e-07,-0.009937821027315677
4.552e-07,-0.008765946027315676
4.553e-07,-0.013625322027315676
4.554e-07,-0.016765942027315676
4.555e-07,-0.013359692027315677
4.556e-07,-0.008765946027315676
4.557e-07,-0.009375321027315676
4.558e-07,-0.012765942027315676
4.559e-07,-0.013828442027315676
4.56e-07,-0.012765942027315676
4.561e-07,-0.012687822027315675
4.562e-07,-0.012765942027315676
4.563e-07,-0.011062822027315676
4.564e-07,-0.008765946027315676
4.565e-07,-0.008875321027315676
4.566e-07,-0.012765942027315676
4.567e-07,-0.018125322027315677
4.568e-07,-0.020765942027315677
4.569e-07,-0.018906572027315677
4.57e-07,-0.016765942027315676
4.571e-07,-0.01696907202731568
4.572e-07,-0.016765942027315676
4.573e-07,-0.012953442027315677
4.574e-07,-0.008765946027315676
4.575e-07,-0.007969071027315677
4.576e-07,-0.008765946027315676
4.577e-07,-0.008500321027315677
4.578e-07,-0.008765946027315676
4.579e-07,-0.011312822027315676
4.58e-07,-0.012765942027315676
4.581e-07,-0.010890942027315676
4.582e-07,-0.008765946027315676
4.583e-07,-0.009906571027315677
4.584e-07,-0.012765942027315676
4.585e-07,-0.013734692027315675
4.586e-07,-0.012765942027315676
4.587e-07,-0.011953442027315676
4.588e-07,-0.012765942027315676
4.589e-07,-0.013781572027315676
4.59e-07,-0.012765942027315676
4.591e-07,-0.009000321027315676
4.592e-07,-0.004765946027315676
4.593e-07,-0.0032346960273156766
4.594e-07,-0.004765946027315676
4.595e-07,-0.007547196027315677
4.596e-07,-0.008765946027315676
4.597e-07,-0.008500321027315677
4.598e-07,-0.008765946027315676
4.599e-07,-0.010750321027315676
4.6e-07,-0.012765942027315676
4.601e-07,-0.013015942027315677
4.602e-07,-0.012765942027315676
4.603e-07,-0.014031572027315677
4.604e-07,-0.016765942027315676
4.605e-07,-0.018125322027315677
4.606e-07,-0.016765942027315676
4.607e-07,-0.012781572027315675
4.608e-07,-0.008765946027315676
4.609e-07,-0.007375321027315676
4.61e-07,-0.008765946027315676
4.611e-07,-0.011187822027315676
4.612e-07,-0.012765942027315676
4.613e-07,-0.011969072027315677
4.614e-07,-0.008765946027315676
4.615e-07,-0.006109696027315676
4.616e-07,-0.008765946027315676
4.617e-07,-0.01634407202731568
4.618e-07,-0.020765942027315677
4.619e-07,-0.01656282202731568
4.62e-07,-0.008765946027315676
4.621e-07,-0.004750321027315676
4.622e-07,-0.004765946027315676
4.623e-07,-0.005265946027315676
4.624e-07,-0.004765946027315676
4.625e-07,-0.0054534460273156764
4.626e-07,-0.008765946027315676
4.627e-07,-0.013453442027315677
4.628e-07,-0.016765942027315676
4.629e-07,-0.01728157202731568
4.63e-07,-0.016765942027315676
4.631e-07,-0.01684407202731568
4.632e-07,-0.016765942027315676
4.633e-07,-0.013906572027315676
4.634e-07,-0.008765946027315676
4.635e-07,-0.0044690710273156764
4.636e-07,-0.004765946027315676
4.637e-07,-0.009172196027315676
4.638e-07,-0.012765942027315676
4.639e-07,-0.011937822027315676
4.64e-07,-0.008765946027315676
4.641e-07,-0.0075315710273156766
4.642e-07,-0.008765946027315676
4.643e-07,-0.009890946027315677
4.644e-07,-0.008765946027315676
4.645e-07,-0.006140946027315676
4.646e-07,-0.004765946027315676
4.647e-07,-0.006109696027315676
4.648e-07,-0.008765946027315676
4.649e-07,-0.009953446027315677
4.65e-07,-0.008765946027315676
4.651e-07,-0.0065003210273156765
4.652e-07,-0.004765946027315676
4.653e-07,-0.004281571027315676
4.654e-07,-0.004765946027315676
4.655e-07,-0.005328446027315676
4.656e-07,-0.004765946027315676
4.657e-07,-0.0038753210273156768
4.658e-07,-0.004765946027315676
4.659e-07,-0.0074690710273156765
4.66e-07,-0.008765946027315676
4.661e-07,-0.006844071027315676
4.662e-07,-0.004765946027315676
4.663e-07,-0.005797196027315676
4.664e-07,-0.008765946027315676
4.665e-07,-0.010031571027315677
4.666e-07,-0.008765946027315676
4.667e-07,-0.006359696027315676
4.668e-07,-0.004765946027315676
4.669e-07,-0.0045003210273156765
4.67e-07,-0.004765946027315676
4.671e-07,-0.004844071027315676
4.672e-07,-0.004765946027315676
4.673e-07,-0.004781571027315676
4.674e-07,-0.004765946027315676
4.675e-07,-0.0045940710273156765
4.676e-07,-0.004765946027315676
4.677e-07,-0.006187821027315676
4.678e-07,-0.008765946027315676
4.679e-07,-0.010359696027315676
4.68e-07,-0.008765946027315676
4.681e-07,-0.004062821027315676
4.682e-07,-0.0007659463324256765
4.683e-07,-0.0018753210273156763
4.684e-07,-0.004765946027315676
4.685e-07,-0.005781571027315676
4.686e-07,-0.004765946027315676
4.687e-07,-0.0031565710273156766
4.688e-07,-0.0007659463324256765
4.689e-07,0.0022028039726843234
4.69e-07,0.003234053972684323
4.691e-07,0.0003121789726843236
4.692e-07,-0.004765946027315676
4.693e-07,-0.008406571027315677
4.694e-07,-0.008765946027315676
4.695e-07,-0.0065628210273156766
4.696e-07,-0.004765946027315676
4.697e-07,-0.0037190710273156766
4.698e-07,-0.0007659463324256765
4.699e-07,0.004546553972684324
4.7e-07,0.007234053972684324
4.701e-07,0.004030928972684324
4.702e-07,-0.0007659463324256765
4.703e-07,-0.0020784460273156765
4.704e-07,-0.0007659463324256765
4.705e-07,-0.0004846963273156765
4.706e-07,-0.0007659463324256765
4.707e-07,0.0005153039726843235
4.708e-07,0.003234053972684323
4.709e-07,0.004796553972684324
4.71e-07,0.003234053972684323
4.711e-07,-0.0008440713373156765
4.712e-07,-0.004765946027315676
4.713e-07,-0.005937821027315676
4.714e-07,-0.004765946027315676
4.715e-07,-0.0026721960273156766
4.716e-07,-0.0007659463324256765
4.717e-07,0.0012965539726843235
4.718e-07,0.003234053972684323
4.719e-07,0.004109053972684324
4.72e-07,0.003234053972684323
4.721e-07,0.0010153039726843237
4.722e-07,-0.0007659463324256765
4.723e-07,-0.00017219632731567652
4.724e-07,0.003234053972684323
4.725e-07,0.006984053972684324
4.726e-07,0.007234053972684324
4.727e-07,0.003218428972684323
4.728e-07,-0.0007659463324256765
4.729e-07,-0.0013909463273156764
4.73e-07,-0.0007659463324256765
4.731e-07,-0.0012034463273156765
4.732e-07,-0.0007659463324256765
4.733e-07,0.002921553972684323
4.734e-07,0.007234053972684324
4.735e-07,0.008421553972684324
4.736e-07,0.007234053972684324
4.737e-07,0.005624678972684324
4.738e-07,0.003234053972684323
4.739e-07,-3.2132731567647427e-07
4.74e-07,-0.0007659463324256765
4.741e-07,0.0018903039726843236
4.742e-07,0.003234053972684323
4.743e-07,0.0007496789726843235
4.744e-07,-0.0007659463324256765
4.745e-07,0.0018121789726843235
4.746e-07,0.003234053972684323
4.747e-07,-0.0004690713273156765
4.748e-07,-0.004765946027315676
4.749e-07,-0.0028440710273156767
4.75e-07,0.003234053972684323
4.751e-07,0.006577803972684324
4.752e-07,0.003234053972684323
4.753e-07,-0.0030628210273156765
4.754e-07,-0.004765946027315676
4.755e-07,0.0008434289726843234
4.756e-07,0.007234053972684324
4.757e-07,0.008452803972684324
4.758e-07,0.007234053972684324
4.759e-07,0.008437178972684324
4.76e-07,0.011234057972684324
4.761e-07,0.011109057972684324
4.762e-07,0.007234053972684324
4.763e-07,0.003218428972684323
4.764e-07,0.003234053972684323
4.765e-07,0.006390303972684324
4.766e-07,0.007234053972684324
4.767e-07,0.003984053972684324
4.768e-07,0.003234053972684323
4.769e-07,0.009218428972684324
4.77e-07,0.015234057972684322
4.771e-07,0.013546557972684324
4.772e-07,0.007234053972684324
4.773e-07,0.0034840539726843233
4.774e-07,0.003234053972684323
4.775e-07,0.0034840539726843233
4.776e-07,0.003234053972684323
4.777e-07,0.003280928972684323
4.778e-07,0.003234053972684323
4.779e-07,0.0029684289726843232
4.78e-07,0.003234053972684323
4.781e-07,0.004921553972684324
4.782e-07,0.007234053972684324
4.783e-07,0.008593428972684324
4.784e-07,0.007234053972684324
4.785e-07,0.0042653039726843235
4.786e-07,0.003234053972684323
4.787e-07,0.005484053972684324
4.788e-07,0.007234053972684324
4.789e-07,0.005593428972684324
4.79e-07,0.003234053972684323
4.791e-07,0.004046553972684324
4.792e-07,0.007234053972684324
4.793e-07,0.009874677972684324
4.794e-07,0.011234057972684324
4.795e-07,0.011796557972684325
4.796e-07,0.011234057972684324
4.797e-07,0.009155928972684324
4.798e-07,0.007234053972684324
4.799e-07,0.006780928972684324
4.8e-07,0.007234053972684324
4.801e-07,0.007484053972684325
4.802e-07,0.007234053972684324
4.803e-07,0.006999678972684324
4.804e-07,0.007234053972684324
4.805e-07,0.007640303972684323
4.806e-07,0.007234053972684324
4.807e-07,0.006530928972684324
4.808e-07,0.007234053972684324
4.809e-07,0.009655927972684324
4.81e-07,0.011234057972684324
4.811e-07,0.009734057972684325
4.812e-07,0.007234053972684324
4.813e-07,0.006437178972684324
4.814e-07,0.007234053972684324
4.815e-07,0.007780928972684323
4.816e-07,0.007234053972684324
4.817e-07,0.005593428972684324
4.818e-07,0.003234053972684323
4.819e-07,0.0008278039726843234
4.82e-07,-0.0007659463324256765
4.821e-07,-3.15713273156765e-05
4.822e-07,0.003234053972684323
4.823e-07,0.007062178972684324
4.824e-07,0.007234053972684324
4.825e-07,0.002921553972684323
4.826e-07,-0.0007659463324256765
4.827e-07,0.0003590539726843234
4.828e-07,0.003234053972684323
4.829e-07,0.0038903039726843236
4.83e-07,0.003234053972684323
4.831e-07,0.0035465539726843233
4.832e-07,0.003234053972684323
4.833e-07,0.0008278039726843234
4.834e-07,-0.0007659463324256765
4.835e-07,0.0009528039726843235
4.836e-07,0.003234053972684323
4.837e-07,0.003265303972684323
4.838e-07,0.003234053972684323
4.839e-07,0.005312178972684324
4.84e-07,0.007234053972684324
4.841e-07,0.006093428972684323
4.842e-07,0.003234053972684323
4.843e-07,0.0010934289726843233
4.844e-07,-0.0007659463324256765
4.845e-07,-0.0031409460273156766
4.846e-07,-0.004765946027315676
4.847e-07,-0.0036253210273156766
4.848e-07,-0.0007659463324256765
4.849e-07,0.0018121789726843235
4.85e-07,0.003234053972684323
4.851e-07,0.0036246789726843234
4.852e-07,0.003234053972684323
4.853e-07,0.0027340539726843235
4.854e-07,0.003234053972684323
4.855e-07,0.0042028039726843235
4.856e-07,0.003234053972684323
4.857e-07,-0.0007346963273156765
4.858e-07,-0.004765946027315676
4.859e-07,-0.005797196027315676
4.86e-07,-0.004765946027315676
4.861e-07,-0.0030784460273156765
4.862e-07,-0.0007659463324256765
4.863e-07,0.0022028039726843234
4.864e-07,0.003234053972684323
4.865e-07,0.0012184289726843234
4.866e-07,-0.0007659463324256765
4.867e-07,0.00029655397268432357
4.868e-07,0.003234053972684323
4.869e-07,0.004609053972684324
4.87e-07,0.003234053972684323
4.871e-07,0.0005153039726843235
4.872e-07,-0.0007659463324256765
4.873e-07,-0.0002971963273156765
4.874e-07,-0.0007659463324256765
4.875e-07,-0.0030784460273156765
4.876e-07,-0.004765946027315676
4.877e-07,-0.0032971960273156767
4.878e-07,-0.0007659463324256765
4.879e-07,-3.15713273156765e-05
4.88e-07,-0.0007659463324256765
4.881e-07,-4.7196327315676516e-05
4.882e-07,0.003234053972684323
4.883e-07,0.006765303972684324
4.884e-07,0.007234053972684324
4.885e-07,0.003421553972684323
4.886e-07,-0.0007659463324256765
4.887e-07,-0.0018909460273156763
4.888e-07,-0.0007659463324256765
4.889e-07,-0.00018782132731567653
4.89e-07,-0.0007659463324256765
4.891e-07,-0.0019065710273156763
4.892e-07,-0.004765946027315676
4.893e-07,-0.008297196027315677
4.894e-07,-0.008765946027315676
4.895e-07,-0.0045003210273156765
4.896e-07,-0.0007659463324256765
4.897e-07,-0.0007503213273156765
4.898e-07,-0.0007659463324256765
4.899e-07,0.0028434289726843236
4.9e-07,0.007234053972684324
4.901e-07,0.007218428972684324
4.902e-07,0.003234053972684323
4.903e-07,-0.0005003213273156765
4.904e-07,-0.0007659463324256765
4.905e-07,0.0006090539726843234
4.906e-07,-0.0007659463324256765
4.907e-07,-0.005687821027315676
4.908e-07,-0.008765946027315676
4.909e-07,-0.005734696027315676
4.91e-07,-0.0007659463324256765
4.911e-07,0.0006715539726843235
4.912e-07,-0.0007659463324256765
4.913e-07,-0.0013284463273156764
4.914e-07,-0.0007659463324256765
4.915e-07,-0.0006253213273156765
4.916e-07,-0.0007659463324256765
4.917e-07,-0.0005628213273156765
4.918e-07,-0.0007659463324256765
4.919e-07,-0.0022971960273156767
4.92e-07,-0.004765946027315676
4.921e-07,-0.006125321027315676
4.922e-07,-0.004765946027315676
4.923e-07,-0.0015628213273156766
4.924e-07,-0.0007659463324256765
4.925e-07,-0.0034534460273156764
4.926e-07,-0.004765946027315676
4.927e-07,-0.0011721963273156764
4.928e-07,0.003234053972684323
4.929e-07,0.003952803972684324
4.93e-07,0.003234053972684323
4.931e-07,0.0037340539726843235
4.932e-07,0.003234053972684323
4.933e-07,-0.0009065713273156765
4.934e-07,-0.004765946027315676
4.935e-07,-0.004094071027315676
4.936e-07,-0.0007659463324256765
4.937e-07,0.0008121789726843236
4.938e-07,-0.0007659463324256765
4.939e-07,-0.003406571027315677
4.94e-07,-0.004765946027315676
4.941e-07,-0.0045159460273156765
4.942e-07,-0.004765946027315676
4.943e-07,-0.005687821027315676
4.944e-07,-0.004765946027315676
4.945e-07,-0.0006721963273156765
4.946e-07,0.003234053972684323
4.947e-07,0.0028903039726843236
4.948e-07,-0.0007659463324256765
4.949e-07,-0.003906571027315677
4.95e-07,-0.004765946027315676
4.951e-07,-0.004406571027315676
4.952e-07,-0.004765946027315676
4.953e-07,-0.0065003210273156765
4.954e-07,-0.008765946027315676
4.955e-07,-0.008765946027315676
4.956e-07,-0.004765946027315676
4.957e-07,0.0010934289726843233
4.958e-07,0.003234053972684323
4.959e-07,-0.0002971963273156765
4.96e-07,-0.004765946027315676
4.961e-07,-0.004765946027315676
4.962e-07,-0.0007659463324256765
4.963e-07,0.0018903039726843236
4.964e-07,-0.0007659463324256765
4.965e-07,-0.0065159460273156765
4.966e-07,-0.008765946027315676
4.967e-07,-0.004922196027315676
4.968e-07,-0.0007659463324256765
4.969e-07,-0.0015471963273156765
4.97e-07,-0.004765946027315676
4.971e-07,-0.0046096960273156766
4.972e-07,-0.0007659463324256765
4.973e-07,0.0027496789726843235
4.974e-07,0.003234053972684323
4.975e-07,0.0012653039726843235
4.976e-07,-0.0007659463324256765
4.977e-07,-0.0012503213273156765
4.978e-07,-0.0007659463324256765
4.979e-07,-0.0006565713273156765
4.98e-07,-0.0007659463324256765
4.981e-07,-0.0006565713273156765
4.982e-07,-0.0007659463324256765
4.983e-07,-0.0011878213273156764
4.984e-07,-0.0007659463324256765
4.985e-07,0.0013121789726843235
4.986e-07,0.003234053972684323
4.987e-07,0.0026715539726843234
4.988e-07,-0.0007659463324256765
4.989e-07,-0.0045628210273156765
4.99e-07,-0.004765946027315676
4.991e-07,-0.0006721963273156765
4.992e-07,0.003234053972684323
4.993e-07,0.0036559289726843234
4.994e-07,0.003234053972684323
4.995e-07,0.004030928972684324
4.996e-07,0.003234053972684323
4.997e-07,-0.0011721963273156764
4.998e-07,-0.004765946027315676
4.999e-07,-0.0033909460273156768
5e-07,-0.0007659463324256765
5.001e-07,-0.0016409463273156766
5.002e-07,-0.004765946027315676
5.003e-07,-0.005953446027315676
5.004e-07,-0.004765946027315676
5.005e-07,-0.0027503210273156766
5.006e-07,-0.0007659463324256765
5.007e-07,0.0014840539726843232
5.008e-07,0.003234053972684323
5.009e-07,0.0037028039726843234
5.01e-07,0.003234053972684323
5.011e-07,0.0017965539726843235
5.012e-07,-0.0007659463324256765
5.013e-07,-0.0036878210273156766
5.014e-07,-0.004765946027315676
5.015e-07,-0.0030628210273156765
5.016e-07,-0.0007659463324256765
5.017e-07,-0.00012532132731567648
5.018e-07,-0.0007659463324256765
5.019e-07,-0.0009534463273156765
5.02e-07,-0.0007659463324256765
5.021e-07,-0.0006253213273156765
5.022e-07,-0.0007659463324256765
5.023e-07,-0.0008128213373156765
5.024e-07,-0.0007659463324256765
5.025e-07,-0.0008284463373156765
5.026e-07,-0.0007659463324256765
5.027e-07,0.0002184286726843234
5.028e-07,0.003234053972684323
5.029e-07,0.006827803972684324
5.03e-07,0.007234053972684324
5.031e-07,0.0030778039726843233
5.032e-07,-0.0007659463324256765
5.033e-07,-0.0009221963273156765
5.034e-07,-0.0007659463324256765
5.035e-07,-0.0031409460273156766
5.036e-07,-0.004765946027315676
5.037e-07,-0.0025159460273156764
5.038e-07,-0.0007659463324256765
5.039e-07,-0.0027971960273156767
5.04e-07,-0.004765946027315676
5.041e-07,-0.0017190713273156765
5.042e-07,0.003234053972684323
5.043e-07,0.004921553972684324
5.044e-07,0.003234053972684323
5.045e-07,0.0019528039726843232
5.046e-07,0.003234053972684323
5.047e-07,0.005734053972684324
5.048e-07,0.007234053972684324
5.049e-07,0.005921553972684324
5.05e-07,0.003234053972684323
5.051e-07,0.0017184289726843234
5.052e-07,0.003234053972684323
5.053e-07,0.0062028039726843235
5.054e-07,0.007234053972684324
5.055e-07,0.0042809289726843235
5.056e-07,-0.0007659463324256765
5.057e-07,-0.0045003210273156765
5.058e-07,-0.004765946027315676
5.059e-07,-0.0025628210273156765
5.06e-07,-0.0007659463324256765
5.061e-07,-0.0004690713273156765
5.062e-07,-0.0007659463324256765
5.063e-07,-0.0004221963273156765
5.064e-07,-0.0007659463324256765
5.065e-07,-0.0035628210273156765
5.066e-07,-0.008765946027315676
5.067e-07,-0.012890942027315676
5.068e-07,-0.012765942027315676
5.069e-07,-0.0074690710273156765
5.07e-07,-0.0007659463324256765
5.071e-07,0.003155928972684323
5.072e-07,0.003234053972684323
5.073e-07,0.0012028039726843234
5.074e-07,-0.0007659463324256765
5.075e-07,-0.0014846963273156765
5.076e-07,-0.0007659463324256765
5.077e-07,0.00015592867268432345
5.078e-07,-0.0007659463324256765
5.079e-07,-0.0035471960273156765
5.08e-07,-0.004765946027315676
5.081e-07,-0.0027815710273156767
5.082e-07,-0.0007659463324256765
5.083e-07,-0.0009065713273156765
5.084e-07,-0.0007659463324256765
5.085e-07,0.0017809289726843235
5.086e-07,0.003234053972684323
5.087e-07,0.0010621789726843237
5.088e-07,-0.0007659463324256765
5.089e-07,0.0010309289726843237
5.09e-07,0.003234053972684323
5.091e-07,0.0017340539726843234
5.092e-07,-0.0007659463324256765
5.093e-07,-0.00010969632731567646
5.094e-07,0.003234053972684323
5.095e-07,0.005140303972684323
5.096e-07,0.003234053972684323
5.097e-07,-0.0010940713273156766
5.098e-07,-0.004765946027315676
5.099e-07,-0.0055628210273156765
5.1e-07,-0.004765946027315676
5.101e-07,-0.004390946027315676
5.102e-07,-0.004765946027315676
5.103e-07,-0.003890946027315677
5.104e-07,-0.0007659463324256765
5.105e-07,0.0038278039726843236
5.106e-07,0.007234053972684324
5.107e-07,0.007062178972684324
5.108e-07,0.003234053972684323
5.109e-07,-0.0018753210273156763
5.11e-07,-0.004765946027315676
5.111e-07,-0.003922196027315677
5.112e-07,-0.0007659463324256765
5.113e-07,0.0021246789726843233
5.114e-07,0.003234053972684323
5.115e-07,0.0029840539726843232
5.116e-07,0.003234053972684323
5.117e-07,0.004093428972684324
5.118e-07,0.003234053972684323
5.119e-07,0.00039030397268432343
5.12e-07,-0.0007659463324256765
5.121e-07,0.0014996789726843232
5.122e-07,0.003234053972684323
5.123e-07,0.0011715539726843234
5.124e-07,-0.0007659463324256765
5.125e-07,0.0009996789726843236
5.126e-07,0.003234053972684323
5.127e-07,0.0019371789726843232
5.128e-07,-0.0007659463324256765
5.129e-07,-0.0012346963273156765
5.13e-07,-0.0007659463324256765
5.131e-07,-0.0020628210273156765
5.132e-07,-0.004765946027315676
5.133e-07,-0.005953446027315676
5.134e-07,-0.004765946027315676
5.135e-07,-0.0022815710273156767
5.136e-07,-0.0007659463324256765
5.137e-07,-0.0008284463373156765
5.138e-07,-0.0007659463324256765
5.139e-07,0.0009059289726843235
5.14e-07,0.003234053972684323
5.141e-07,0.004171553972684323
5.142e-07,0.003234053972684323
5.143e-07,0.0011715539726843234
5.144e-07,-0.0007659463324256765
5.145e-07,-0.0025784460273156765
5.146e-07,-0.004765946027315676
5.147e-07,-0.006250321027315676
5.148e-07,-0.004765946027315676
5.149e-07,1.530367268432354e-05
5.15e-07,0.003234053972684323
5.151e-07,0.0019371789726843232
5.152e-07,-0.0007659463324256765
5.153e-07,-0.0011565713273156766
5.154e-07,-0.0007659463324256765
5.155e-07,-0.0014534463273156765
5.156e-07,-0.0007659463324256765
5.157e-07,0.003265303972684323
5.158e-07,0.007234053972684324
5.159e-07,0.006812178972684324
5.16e-07,0.003234053972684323
5.161e-07,0.00012467867268432353
5.162e-07,-0.0007659463324256765
5.163e-07,-0.0005003213273156765
5.164e-07,-0.0007659463324256765
5.165e-07,-0.0014534463273156765
5.166e-07,-0.0007659463324256765
5.167e-07,0.0017028039726843234
5.168e-07,0.003234053972684323
5.169e-07,0.0017809289726843235
5.17e-07,-0.0007659463324256765
5.171e-07,-0.0015471963273156765
5.172e-07,-0.0007659463324256765
5.173e-07,-0.0002815713273156765
5.174e-07,-0.0007659463324256765
5.175e-07,-0.0012346963273156765
5.176e-07,-0.0007659463324256765
5.177e-07,-4.7196327315676516e-05
5.178e-07,-0.0007659463324256765
5.179e-07,-0.0030159460273156764
5.18e-07,-0.004765946027315676
5.181e-07,-0.0036409460273156766
5.182e-07,-0.0007659463324256765
5.183e-07,0.0008434289726843234
5.184e-07,-0.0007659463324256765
5.185e-07,-0.003953446027315676
5.186e-07,-0.004765946027315676
5.187e-07,-0.0013284463273156764
5.188e-07,0.003234053972684323
5.189e-07,0.004843428972684324
5.19e-07,0.003234053972684323
5.191e-07,0.0005465539726843236
5.192e-07,-0.0007659463324256765
5.193e-07,-0.0006253213273156765
5.194e-07,-0.0007659463324256765
5.195e-07,-0.0014534463273156765
5.196e-07,-0.0007659463324256765
5.197e-07,0.0007809289726843236
5.198e-07,-0.0007659463324256765
5.199e-07,-0.006187821027315676
5.2e-07,-0.008765946027315676
5.201e-07,-0.0036409460273156766
5.202e-07,0.003234053972684323
5.203e-07,0.004030928972684324
5.204e-07,-0.0007659463324256765
5.205e-07,-0.005812821027315676
5.206e-07,-0.008765946027315676
5.207e-07,-0.009578446027315677
5.208e-07,-0.008765946027315676
5.209e-07,-0.0064846960273156765
5.21e-07,-0.004765946027315676
5.211e-07,-0.004672196027315676
5.212e-07,-0.004765946027315676
5.213e-07,-0.0032815710273156767
5.214e-07,-0.0007659463324256765
5.215e-07,0.0016246789726843233
5.216e-07,0.003234053972684323
5.217e-07,0.0028434289726843236
5.218e-07,-0.0007659463324256765
5.219e-07,-0.006344071027315676
5.22e-07,-0.008765946027315676
5.221e-07,-0.0055159460273156765
5.222e-07,-0.0007659463324256765
5.223e-07,0.0006090539726843234
5.224e-07,-0.0007659463324256765
5.225e-07,-0.0015784463273156766
5.226e-07,-0.0007659463324256765
5.227e-07,9.34286726843235e-05
5.228e-07,-0.0007659463324256765
5.229e-07,-0.0028440710273156767
5.23e-07,-0.004765946027315676
5.231e-07,-0.005234696027315676
5.232e-07,-0.004765946027315676
5.233e-07,-0.0045003210273156765
5.234e-07,-0.004765946027315676
5.235e-07,-0.004015946027315676
5.236e-07,-0.0007659463324256765
5.237e-07,0.004046553972684324
5.238e-07,0.007234053972684324
5.239e-07,0.006343428972684324
5.24e-07,0.003234053972684323
5.241e-07,0.0005934289726843234
5.242e-07,-0.0007659463324256765
5.243e-07,-0.0023284460273156767
5.244e-07,-0.004765946027315676
5.245e-07,-0.007359696027315676
5.246e-07,-0.008765946027315676
5.247e-07,-0.007734696027315676
5.248e-07,-0.004765946027315676
5.249e-07,-0.0016409463273156766
5.25e-07,-0.0007659463324256765
5.251e-07,-0.0023909460273156763
5.252e-07,-0.004765946027315676
5.253e-07,-0.0055784460273156766
5.254e-07,-0.004765946027315676
5.255e-07,-0.0038753210273156768
5.256e-07,-0.004765946027315676
5.257e-07,-0.007140946027315676
5.258e-07,-0.008765946027315676
5.259e-07,-0.007719071027315676
5.26e-07,-0.004765946027315676
5.261e-07,-0.0020159460273156764
5.262e-07,-0.0007659463324256765
5.263e-07,-0.0005628213273156765
5.264e-07,-0.0007659463324256765
5.265e-07,-0.0010003213273156765
5.266e-07,-0.0007659463324256765
5.267e-07,-0.0013753213273156764
5.268e-07,-0.004765946027315676
5.269e-07,-0.009015946027315676
5.27e-07,-0.008765946027315676
5.271e-07,-0.0025628210273156765
5.272e-07,0.003234053972684323
5.273e-07,0.0018903039726843236
5.274e-07,-0.004765946027315676
5.275e-07,-0.008703446027315676
5.276e-07,-0.004765946027315676
5.277e-07,0.0037184289726843235
5.278e-07,0.007234053972684324
5.279e-07,0.0009371789726843235
5.28e-07,-0.008765946027315676
5.281e-07,-0.012531572027315677
5.282e-07,-0.008765946027315676
5.283e-07,-0.0028909460273156768
5.284e-07,-0.0007659463324256765
5.285e-07,-0.0026096960273156765
5.286e-07,-0.004765946027315676
5.287e-07,-0.0038596960273156768
5.288e-07,-0.0007659463324256765
5.289e-07,0.0010934289726843233
5.29e-07,-0.0007659463324256765
5.291e-07,-0.004312821027315676
5.292e-07,-0.004765946027315676
5.293e-07,-0.0009065713273156765
5.294e-07,0.003234053972684323
5.295e-07,0.003952803972684324
5.296e-07,0.003234053972684323
5.297e-07,0.0034840539726843233
5.298e-07,0.003234053972684323
5.299e-07,-0.00018782132731567653
5.3e-07,-0.004765946027315676
5.301e-07,-0.006640946027315676
5.302e-07,-0.004765946027315676
5.303e-07,-0.0016409463273156766
5.304e-07,-0.0007659463324256765
5.305e-07,-0.0026409460273156765
5.306e-07,-0.004765946027315676
5.307e-07,-0.004859696027315676
5.308e-07,-0.004765946027315676
5.309e-07,-0.006406571027315676
5.31e-07,-0.008765946027315676
5.311e-07,-0.008437821027315677
5.312e-07,-0.004765946027315676
5.313e-07,4.655367268432346e-05
5.314e-07,0.003234053972684323
5.315e-07,0.0028278039726843235
5.316e-07,-0.0007659463324256765
5.317e-07,-0.004672196027315676
5.318e-07,-0.004765946027315676
5.319e-07,-0.0016096963273156766
5.32e-07,-0.0007659463324256765
5.321e-07,-0.004906571027315676
5.322e-07,-0.008765946027315676
5.323e-07,-0.007640946027315676
5.324e-07,-0.004765946027315676
5.325e-07,-0.005390946027315676
5.326e-07,-0.008765946027315676
5.327e-07,-0.010281571027315676
5.328e-07,-0.008765946027315676
5.329e-07,-0.006078446027315676
5.33e-07,-0.004765946027315676
5.331e-07,-0.005734696027315676
5.332e-07,-0.008765946027315676
5.333e-07,-0.011859692027315676
5.334e-07,-0.012765942027315676
5.335e-07,-0.010765942027315676
5.336e-07,-0.008765946027315676
5.337e-07,-0.0074690710273156765
5.338e-07,-0.004765946027315676
5.339e-07,-0.0009065713273156765
5.34e-07,-0.0007659463324256765
5.341e-07,-0.005797196027315676
5.342e-07,-0.008765946027315676
5.343e-07,-0.004031571027315676
5.344e-07,0.003234053972684323
5.345e-07,0.004374678972684324
5.346e-07,-0.0007659463324256765
5.347e-07,-0.006672196027315676
5.348e-07,-0.008765946027315676
5.349e-07,-0.007156571027315676
5.35e-07,-0.004765946027315676
5.351e-07,-0.004000321027315676
5.352e-07,-0.004765946027315676
5.353e-07,-0.005265946027315676
5.354e-07,-0.004765946027315676
5.355e-07,-0.004219071027315676
5.356e-07,-0.004765946027315676
5.357e-07,-0.0065003210273156765
5.358e-07,-0.008765946027315676
5.359e-07,-0.010015946027315677
5.36e-07,-0.008765946027315676
5.361e-07,-0.005890946027315676
5.362e-07,-0.004765946027315676
5.363e-07,-0.006625321027315676
5.364e-07,-0.008765946027315676
5.365e-07,-0.008906571027315676
5.366e-07,-0.008765946027315676
5.367e-07,-0.010359696027315676
5.368e-07,-0.012765942027315676
5.369e-07,-0.012515942027315676
5.37e-07,-0.008765946027315676
5.371e-07,-0.0046096960273156766
5.372e-07,-0.004765946027315676
5.373e-07,-0.009469071027315677
5.374e-07,-0.012765942027315676
5.375e-07,-0.010047196027315675
5.376e-07,-0.004765946027315676
5.377e-07,-0.0028284460273156767
5.378e-07,-0.004765946027315676
5.379e-07,-0.0074065710273156764
5.38e-07,-0.008765946027315676
5.381e-07,-0.008953446027315676
5.382e-07,-0.008765946027315676
5.383e-07,-0.008640946027315676
5.384e-07,-0.008765946027315676
5.385e-07,-0.009047196027315676
5.386e-07,-0.008765946027315676
5.387e-07,-0.007344071027315676
5.388e-07,-0.004765946027315676
5.389e-07,-0.0020471960273156765
5.39e-07,-0.0007659463324256765
5.391e-07,-0.0030003210273156764
5.392e-07,-0.008765946027315676
5.393e-07,-0.015000322027315676
5.394e-07,-0.016765942027315676
5.395e-07,-0.012750322027315675
5.396e-07,-0.008765946027315676
5.397e-07,-0.009469071027315677
5.398e-07,-0.012765942027315676
5.399e-07,-0.013906572027315676
5.4e-07,-0.012765942027315676
5.401e-07,-0.010859692027315676
5.402e-07,-0.008765946027315676
5.403e-07,-0.006109696027315676
5.404e-07,-0.004765946027315676
5.405e-07,-0.006281571027315676
5.406e-07,-0.008765946027315676
5.407e-07,-0.009781571027315677
5.408e-07,-0.008765946027315676
5.409e-07,-0.006734696027315676
5.41e-07,-0.004765946027315676
5.411e-07,-0.003953446027315676
5.412e-07,-0.004765946027315676
5.413e-07,-0.006937821027315676
5.414e-07,-0.008765946027315676
5.415e-07,-0.009078446027315676
5.416e-07,-0.008765946027315676
5.417e-07,-0.008734696027315676
5.418e-07,-0.008765946027315676
5.419e-07,-0.008515946027315677
5.42e-07,-0.008765946027315676
5.421e-07,-0.009547196027315677
5.422e-07,-0.008765946027315676
5.423e-07,-0.005969071027315676
5.424e-07,-0.004765946027315676
5.425e-07,-0.006937821027315676
5.426e-07,-0.008765946027315676
5.427e-07,-0.008047196027315677
5.428e-07,-0.008765946027315676
5.429e-07,-0.013390942027315677
5.43e-07,-0.016765942027315676
5.431e-07,-0.013937822027315677
5.432e-07,-0.008765946027315676
5.433e-07,-0.007094071027315676
5.434e-07,-0.008765946027315676
5.435e-07,-0.009797196027315677
5.436e-07,-0.008765946027315676
5.437e-07,-0.007578446027315677
5.438e-07,-0.008765946027315676
5.439e-07,-0.011625322027315676
5.44e-07,-0.012765942027315676
5.441e-07,-0.010672196027315676
5.442e-07,-0.008765946027315676
5.443e-07,-0.010125321027315675
5.444e-07,-0.012765942027315676
5.445e-07,-0.012359692027315676
5.446e-07,-0.008765946027315676
5.447e-07,-0.005312821027315676
5.448e-07,-0.004765946027315676
5.449e-07,-0.007047196027315676
5.45e-07,-0.008765946027315676
5.451e-07,-0.007656571027315676
5.452e-07,-0.004765946027315676
5.453e-07,-0.0033284460273156767
5.454e-07,-0.004765946027315676
5.455e-07,-0.008453446027315677
5.456e-07,-0.012765942027315676
5.457e-07,-0.015812822027315678
5.458e-07,-0.016765942027315676
5.459e-07,-0.015281572027315676
5.46e-07,-0.012765942027315676
5.461e-07,-0.010281571027315676
5.462e-07,-0.008765946027315676
5.463e-07,-0.0075003210273156765
5.464e-07,-0.004765946027315676
5.465e-07,-0.0012659463273156765
5.466e-07,-0.0007659463324256765
5.467e-07,-0.004890946027315676
5.468e-07,-0.008765946027315676
5.469e-07,-0.009203446027315676
5.47e-07,-0.008765946027315676
5.471e-07,-0.010687821027315676
5.472e-07,-0.012765942027315676
5.473e-07,-0.011625322027315676
5.474e-07,-0.008765946027315676
5.475e-07,-0.008469071027315677
5.476e-07,-0.012765942027315676
5.477e-07,-0.017562822027315676
5.478e-07,-0.016765942027315676
5.479e-07,-0.009640946027315677
5.48e-07,-0.004765946027315676
5.481e-07,-0.007719071027315676
5.482e-07,-0.012765942027315676
5.483e-07,-0.012453442027315676
5.484e-07,-0.008765946027315676
5.485e-07,-0.0074846960273156765
5.486e-07,-0.008765946027315676
5.487e-07,-0.009375321027315676
5.488e-07,-0.008765946027315676
5.489e-07,-0.008609696027315676
5.49e-07,-0.008765946027315676
5.491e-07,-0.008812821027315676
5.492e-07,-0.008765946027315676
5.493e-07,-0.008781571027315676
5.494e-07,-0.008765946027315676
5.495e-07,-0.008484696027315677
5.496e-07,-0.008765946027315676
5.497e-07,-0.010250321027315676
5.498e-07,-0.012765942027315676
5.499e-07,-0.015140942027315677
5.5e-07,-0.016765942027315676
5.501e-07,-0.015297192027315677
5.502e-07,-0.008765946027315676
5.503e-07,4.655367268432346e-05
5.504e-07,0.003234053972684323
5.505e-07,-0.0023909460273156763
5.506e-07,-0.008765946027315676
5.507e-07,-0.008453446027315677
5.508e-07,-0.004765946027315676
5.509e-07,-0.004734696027315676
5.51e-07,-0.008765946027315676
5.511e-07,-0.012187822027315677
5.512e-07,-0.012765942027315676
5.513e-07,-0.011156572027315676
5.514e-07,-0.008765946027315676
5.515e-07,-0.006265946027315676
5.516e-07,-0.004765946027315676
5.517e-07,-0.0035628210273156765
5.518e-07,-0.0007659463324256765
5.519e-07,0.0026715539726843234
5.52e-07,0.003234053972684323
5.521e-07,-0.0006721963273156765
5.522e-07,-0.004765946027315676
5.523e-07,-0.005406571027315676
5.524e-07,-0.004765946027315676
5.525e-07,-0.006250321027315676
5.526e-07,-0.008765946027315676
5.527e-07,-0.009515946027315677
5.528e-07,-0.008765946027315676
5.529e-07,-0.007344071027315676
5.53e-07,-0.004765946027315676
5.531e-07,-0.0003909463273156765
5.532e-07,0.003234053972684323
5.533e-07,0.0031403039726843234
5.534e-07,-0.0007659463324256765
5.535e-07,-0.005937821027315676
5.536e-07,-0.008765946027315676
5.537e-07,-0.007890946027315677
5.538e-07,-0.004765946027315676
5.539e-07,-0.0020940710273156765
5.54e-07,-0.0007659463324256765
5.541e-07,-0.0005628213273156765
5.542e-07,-0.0007659463324256765
5.543e-07,-0.0018440710273156767
5.544e-07,-0.004765946027315676
5.545e-07,-0.008922196027315676
5.546e-07,-0.012765942027315676
5.547e-07,-0.014015942027315676
5.548e-07,-0.012765942027315676
5.549e-07,-0.010469071027315676
5.55e-07,-0.008765946027315676
5.551e-07,-0.007125321027315676
5.552e-07,-0.004765946027315676
5.553e-07,-0.0008128213373156765
5.554e-07,0.003234053972684323
5.555e-07,0.004046553972684324
5.556e-07,-0.0007659463324256765
5.557e-07,-0.008937821027315676
5.558e-07,-0.012765942027315676
5.559e-07,-0.008265946027315677
5.56e-07,-0.0007659463324256765
5.561e-07,0.002937178972684323
5.562e-07,0.003234053972684323
5.563e-07,0.0024059289726843236
5.564e-07,-0.0007659463324256765
5.565e-07,-0.006359696027315676
5.566e-07,-0.008765946027315676
5.567e-07,-0.004922196027315676
5.568e-07,-0.0007659463324256765
5.569e-07,-0.0019534460273156764
5.57e-07,-0.004765946027315676
5.571e-07,-0.0037659460273156767
5.572e-07,-0.0007659463324256765
5.573e-07,-0.0007815713373156765
5.574e-07,-0.004765946027315676
5.575e-07,-0.009609696027315677
5.576e-07,-0.012765942027315676
5.577e-07,-0.012453442027315676
5.578e-07,-0.008765946027315676
5.579e-07,-0.0035628210273156765
5.58e-07,-0.0007659463324256765
5.581e-07,-0.0019065710273156763
5.582e-07,-0.004765946027315676
5.583e-07,-0.005906571027315676
5.584e-07,-0.004765946027315676
5.585e-07,-0.0026409460273156765
5.586e-07,-0.0007659463324256765
5.587e-07,-0.0001565713273156765
5.588e-07,-0.0007659463324256765
5.589e-07,-0.0017971960273156767
5.59e-07,-0.0007659463324256765
5.591e-07,0.0020465539726843233
5.592e-07,0.003234053972684323
5.593e-07,0.00026530397268432354
5.594e-07,-0.004765946027315676
5.595e-07,-0.008125321027315677
5.596e-07,-0.008765946027315676
5.597e-07,-0.008250321027315677
5.598e-07,-0.008765946027315676
5.599e-07,-0.009562821027315677
5.6e-07,-0.008765946027315676
5.601e-07,-0.005031571027315676
5.602e-07,-0.0007659463324256765
5.603e-07,0.0010465539726843237
5.604e-07,-0.0007659463324256765
5.605e-07,-0.0037971960273156767
5.606e-07,-0.004765946027315676
5.607e-07,-0.002953446027315677
5.608e-07,-0.0007659463324256765
5.609e-07,-0.0005471963273156765
5.61e-07,-0.0007659463324256765
5.611e-07,0.0007184289726843235
5.612e-07,0.003234053972684323
5.613e-07,0.0042653039726843235
5.614e-07,0.003234053972684323
5.615e-07,0.0002184286726843234
5.616e-07,-0.004765946027315676
5.617e-07,-0.009234696027315676
5.618e-07,-0.008765946027315676
5.619e-07,-0.0022971960273156767
5.62e-07,0.003234053972684323
5.621e-07,0.0026871789726843234
5.622e-07,-0.0007659463324256765
5.623e-07,-0.0016721963273156767
5.624e-07,-0.0007659463324256765
5.625e-07,0.0002184286726843234
5.626e-07,0.003234053972684323
5.627e-07,0.008702803972684324
5.628e-07,0.011234057972684324
5.629e-07,0.0073121789726843245
5.63e-07,0.003234053972684323
5.631e-07,0.004374678972684324
5.632e-07,0.007234053972684324
5.633e-07,0.006296553972684324
5.634e-07,0.003234053972684323
5.635e-07,0.0022184289726843234
5.636e-07,0.003234053972684323
5.637e-07,0.0036403039726843234
5.638e-07,0.003234053972684323
5.639e-07,0.003171553972684323
5.64e-07,0.003234053972684323
5.641e-07,0.0031403039726843234
5.642e-07,0.003234053972684323
5.643e-07,0.0036403039726843234
5.644e-07,0.003234053972684323
5.645e-07,0.0014215539726843236
5.646e-07,-0.0007659463324256765
5.647e-07,-0.0015628213273156766
5.648e-07,-0.0007659463324256765
5.649e-07,0.0009528039726843235
5.65e-07,0.003234053972684323
5.651e-07,0.004671553972684324
5.652e-07,0.003234053972684323
5.653e-07,-0.0001409463273156765
5.654e-07,-0.0007659463324256765
5.655e-07,0.0025778039726843233
5.656e-07,0.003234053972684323
5.657e-07,-0.0025159460273156764
5.658e-07,-0.008765946027315676
5.659e-07,-0.008578446027315676
5.66e-07,-0.004765946027315676
5.661e-07,-0.0022034460273156766
5.662e-07,-0.0007659463324256765
5.663e-07,0.002905928972684323
5.664e-07,0.007234053972684324
5.665e-07,0.008812178972684324
5.666e-07,0.007234053972684324
5.667e-07,0.004484053972684324
5.668e-07,0.003234053972684323
5.669e-07,0.004390303972684324
5.67e-07,0.007234053972684324
5.671e-07,0.009671557972684324
5.672e-07,0.011234057972684324
5.673e-07,0.010671557972684324
5.674e-07,0.007234053972684324
5.675e-07,0.0019528039726843232
5.676e-07,-0.0007659463324256765
5.677e-07,0.0010153039726843237
5.678e-07,0.003234053972684323
5.679e-07,0.0022496789726843235
5.68e-07,-0.0007659463324256765
5.681e-07,-0.0019690710273156764
5.682e-07,-0.0007659463324256765
5.683e-07,0.0006559289726843235
5.684e-07,-0.0007659463324256765
5.685e-07,-0.0029690710273156764
5.686e-07,-0.0007659463324256765
5.687e-07,0.006515303972684324
5.688e-07,0.011234057972684324
5.689e-07,0.008171553972684324
5.69e-07,0.003234053972684323
5.691e-07,0.0036246789726843234
5.692e-07,0.007234053972684324
5.693e-07,0.0072809289726843245
5.694e-07,0.003234053972684323
5.695e-07,-0.0006409463273156765
5.696e-07,-0.0007659463324256765
5.697e-07,0.0026715539726843234
5.698e-07,0.007234053972684324
5.699e-07,0.009390307972684324
5.7e-07,0.007234053972684324
5.701e-07,0.0024840539726843232
5.702e-07,-0.0007659463324256765
5.703e-07,-0.0007815713373156765
5.704e-07,-0.0007659463324256765
5.705e-07,-0.0028753210273156768
5.706e-07,-0.004765946027315676
5.707e-07,-0.0034690710273156764
5.708e-07,-0.0007659463324256765
5.709e-07,0.0012028039726843234
5.71e-07,0.003234053972684323
5.711e-07,0.0062653039726843236
5.712e-07,0.007234053972684324
5.713e-07,0.0038746789726843236
5.714e-07,-0.0007659463324256765
5.715e-07,-0.0024846960273156764
5.716e-07,-0.0007659463324256765
5.717e-07,0.0018278039726843235
5.718e-07,0.003234053972684323
5.719e-07,0.003374678972684323
5.72e-07,0.003234053972684323
5.721e-07,0.003374678972684323
5.722e-07,0.003234053972684323
5.723e-07,0.001968428972684323
5.724e-07,-0.0007659463324256765
5.725e-07,-0.0025159460273156764
5.726e-07,-0.0007659463324256765
5.727e-07,0.003984053972684324
5.728e-07,0.007234053972684324
5.729e-07,0.005905928972684324
5.73e-07,0.003234053972684323
5.731e-07,0.0036246789726843234
5.732e-07,0.007234053972684324
5.733e-07,0.010452807972684323
5.734e-07,0.011234057972684324
5.735e-07,0.008734053972684324
5.736e-07,0.003234053972684323
5.737e-07,-0.0027659460273156767
5.738e-07,-0.004765946027315676
5.739e-07,-0.0020159460273156764
5.74e-07,-0.0007659463324256765
5.741e-07,-0.0035315710273156765
5.742e-07,-0.004765946027315676
5.743e-07,0.0005778039726843236
5.744e-07,0.007234053972684324
5.745e-07,0.008890303972684324
5.746e-07,0.007234053972684324
5.747e-07,0.006780928972684324
5.748e-07,0.007234053972684324
5.749e-07,0.005655928972684324
5.75e-07,0.003234053972684323
5.751e-07,0.002452803972684323
5.752e-07,0.003234053972684323
5.753e-07,0.0037184289726843235
5.754e-07,0.003234053972684323
5.755e-07,0.0017184289726843234
5.756e-07,-0.0007659463324256765
5.757e-07,-0.0023596960273156763
5.758e-07,-0.0007659463324256765
5.759e-07,0.003952803972684324
5.76e-07,0.007234053972684324
5.761e-07,0.0061715539726843235
5.762e-07,0.003234053972684323
5.763e-07,0.0022653039726843235
5.764e-07,0.003234053972684323
5.765e-07,0.0038278039726843236
5.766e-07,0.003234053972684323
5.767e-07,0.0027028039726843234
5.768e-07,0.003234053972684323
5.769e-07,0.004984053972684324
5.77e-07,0.007234053972684324
5.771e-07,0.008296553972684324
5.772e-07,0.007234053972684324
5.773e-07,0.004624678972684324
5.774e-07,0.003234053972684323
5.775e-07,0.004515303972684324
5.776e-07,0.007234053972684324
5.777e-07,0.008515303972684324
5.778e-07,0.007234053972684324
5.779e-07,0.0036403039726843234
5.78e-07,-0.0007659463324256765
5.781e-07,-0.004031571027315676
5.782e-07,-0.004765946027315676
5.783e-07,-0.0026253210273156765
5.784e-07,-0.0007659463324256765
5.785e-07,-0.0004690713273156765
5.786e-07,-0.0007659463324256765
5.787e-07,-0.0002971963273156765
5.788e-07,-0.0007659463324256765
5.789e-07,-0.0020159460273156764
5.79e-07,-0.0007659463324256765
5.791e-07,0.005093428972684324
5.792e-07,0.011234057972684324
5.793e-07,0.012827807972684324
5.794e-07,0.011234057972684324
5.795e-07,0.009234053972684324
5.796e-07,0.007234053972684324
5.797e-07,0.004405928972684324
5.798e-07,0.003234053972684323
5.799e-07,0.004968428972684324
5.8e-07,0.007234053972684324
5.801e-07,0.0073903039726843246
5.802e-07,0.007234053972684324
5.803e-07,0.007999678972684323
5.804e-07,0.007234053972684324
5.805e-07,0.003374678972684323
5.806e-07,-0.0007659463324256765
5.807e-07,-0.0018284460273156767
5.808e-07,-0.0007659463324256765
5.809e-07,-0.0002659463273156765
5.81e-07,-0.0007659463324256765
5.811e-07,-6.282132731567653e-05
5.812e-07,0.003234053972684323
5.813e-07,0.007140303972684324
5.814e-07,0.007234053972684324
5.815e-07,0.0018746789726843236
5.816e-07,-0.004765946027315676
5.817e-07,-0.007015946027315676
5.818e-07,-0.004765946027315676
5.819e-07,-0.0015315713273156765
5.82e-07,-0.0007659463324256765
5.821e-07,-0.0025159460273156764
5.822e-07,-0.004765946027315676
5.823e-07,-0.0045315710273156765
5.824e-07,-0.0007659463324256765
5.825e-07,0.004671553972684324
5.826e-07,0.007234053972684324
5.827e-07,0.005484053972684324
5.828e-07,0.003234053972684323
5.829e-07,0.0030934289726843233
5.83e-07,0.003234053972684323
5.831e-07,0.0012653039726843235
5.832e-07,-0.0007659463324256765
5.833e-07,0.00028092897268432355
5.834e-07,0.003234053972684323
5.835e-07,0.004655928972684324
5.836e-07,0.003234053972684323
5.837e-07,0.0006090539726843234
5.838e-07,-0.0007659463324256765
5.839e-07,0.0005309289726843236
5.84e-07,0.003234053972684323
