-4.85e-08,0.00020270553712045615
-4.84e-08,-0.0005472945174135438
-4.83e-08,-0.0009535445628795438
-4.82e-08,-0.0005472945174135438
-4.81e-08,-0.0001722944628795438
-4.8e-08,-0.0005472945174135438
-4.79e-08,-0.0008597945628795439
-4.78e-08,-0.0005472945174135438
-4.77e-08,9.333053712045616e-05
-4.76e-08,-0.0005472945174135438
-4.75e-08,-0.002844169662879544
-4.74e-08,-0.004547294662879543
-4.73e-08,-0.0035472946628795437
-4.72e-08,-0.0005472945174135438
-4.71e-08,0.0023120803371204563
-4.7e-08,0.0034527053371204565
-4.69e-08,0.0032808303371204563
-4.68e-08,0.0034527053371204565
-4.67e-08,0.0032027053371204563
-4.66e-08,-0.0005472945174135438
-4.65e-08,-0.006625419662879543
-4.64e-08,-0.008547294662879543
-4.63e-08,-0.002906669662879544
-4.62e-08,0.0034527053371204565
-4.61e-08,0.0034683303371204565
-4.6e-08,-0.0005472945174135438
-4.59e-08,-0.0013441695628795438
-4.58e-08,0.0034527053371204565
-4.57e-08,0.009671452337120457
-4.56e-08,0.011452702337120457
-4.55e-08,0.007562080337120457
-4.54e-08,0.0034527053371204565
-4.53e-08,0.0028277053371204564
-4.52e-08,0.0034527053371204565
-4.51e-08,0.0016558303371204562
-4.5e-08,-0.0005472945174135438
-4.49e-08,0.0004995803371204562
-4.48e-08,0.0034527053371204565
-4.47e-08,0.004780830337120456
-4.46e-08,0.0034527053371204565
-4.45e-08,0.001296455337120456
-4.44e-08,-0.0005472945174135438
-4.43e-08,-0.0012972945628795438
-4.42e-08,-0.0005472945174135438
-4.41e-08,0.001483955337120456
-4.4e-08,0.0034527053371204565
-4.39e-08,0.005046455337120457
-4.38e-08,0.007452705337120457
-4.37e-08,0.009437080337120457
-4.36e-08,0.007452705337120457
-4.35e-08,0.0008902053371204561
-4.34e-08,-0.004547294662879543
-4.33e-08,-0.004109794662879544
-4.32e-08,-0.0005472945174135438
-4.31e-08,0.0008433303371204561
-4.3e-08,-0.0005472945174135438
-4.29e-08,-0.0016722946628795437
-4.28e-08,-0.0005472945174135438
-4.27e-08,0.0021870803371204562
-4.26e-08,0.0034527053371204565
-4.25e-08,0.002093330337120456
-4.24e-08,-0.0005472945174135438
-4.23e-08,-0.0026722946628795438
-4.22e-08,-0.004547294662879543
-4.21e-08,-0.0058910446628795445
-4.2e-08,-0.004547294662879543
-4.19e-08,0.0008433303371204561
-4.18e-08,0.007452705337120457
-4.17e-08,0.010374582337120457
-4.16e-08,0.007452705337120457
-4.15e-08,0.0016089553371204561
-4.14e-08,-0.0005472945174135438
-4.13e-08,0.0022808303371204563
-4.12e-08,0.0034527053371204565
-4.11e-08,-0.0009847945628795437
-4.1e-08,-0.004547294662879543
-4.09e-08,-0.0015004195628795438
-4.08e-08,0.0034527053371204565
-4.07e-08,0.0032652053371204563
-4.06e-08,-0.0005472945174135438
-4.05e-08,-0.0020629196628795437
-4.04e-08,-0.0005472945174135438
-4.03e-08,0.0007183303371204562
-4.02e-08,-0.0005472945174135438
-4.01e-08,-0.003234794662879544
-4e-08,-0.004547294662879543
-3.99e-08,-0.0030160446628795436
-3.98e-08,-0.0005472945174135438
-3.97e-08,0.00032770553712045615
-3.96e-08,-0.0005472945174135438
-3.95e-08,-0.0011879195628795437
-3.94e-08,-0.0005472945174135438
-3.93e-08,0.00032770553712045615
-3.92e-08,-0.0005472945174135438
-3.91e-08,-0.0030160446628795436
-3.9e-08,-0.004547294662879543
-3.89e-08,-0.0030941696628795437
-3.88e-08,-0.0005472945174135438
-3.87e-08,0.0002808305371204562
-3.86e-08,-0.0005472945174135438
-3.85e-08,-0.0010316695628795438
-3.84e-08,-0.0005472945174135438
-3.83e-08,0.0010308303371204563
-3.82e-08,0.0034527053371204565
-3.81e-08,0.005077705337120457
-3.8e-08,0.0034527053371204565
-3.79e-08,-0.0013285445628795438
-3.78e-08,-0.004547294662879543
-3.77e-08,-0.002359794662879544
-3.76e-08,0.0034527053371204565
-3.75e-08,0.007780830337120457
-3.74e-08,0.007452705337120457
-3.73e-08,0.0032808303371204563
-3.72e-08,-0.0005472945174135438
-3.71e-08,-0.0015004195628795438
-3.7e-08,-0.0005472945174135438
-3.69e-08,4.645553712045623e-05
-3.68e-08,-0.0005472945174135438
-3.67e-08,-0.0011722945628795437
-3.66e-08,-0.0005472945174135438
-3.65e-08,0.0004683303371204562
-3.64e-08,-0.0005472945174135438
-3.63e-08,-0.003281669662879544
-3.62e-08,-0.004547294662879543
-3.61e-08,-0.002312919662879544
-3.6e-08,-0.0005472945174135438
-3.59e-08,-0.002281669662879544
-3.58e-08,-0.004547294662879543
-3.57e-08,-0.003344169662879544
-3.56e-08,-0.0005472945174135438
-3.55e-08,0.0013589553371204561
-3.54e-08,0.0034527053371204565
-3.53e-08,0.006452705337120456
-3.52e-08,0.007452705337120457
-3.51e-08,0.003937080337120456
-3.5e-08,-0.0005472945174135438
-3.49e-08,-0.0010004195628795438
-3.48e-08,0.0034527053371204565
-3.47e-08,0.008108955337120456
-3.46e-08,0.007452705337120457
-3.45e-08,0.0009839553371204562
-3.44e-08,-0.004547294662879543
-3.43e-08,-0.003984794662879544
-3.42e-08,-0.0005472945174135438
-3.41e-08,0.0007495803371204562
-3.4e-08,-0.0005472945174135438
-3.39e-08,-0.0013285445628795438
-3.38e-08,-0.0005472945174135438
-3.37e-08,0.00023395553712045618
-3.36e-08,-0.0005472945174135438
-3.35e-08,-0.0016566696628795437
-3.34e-08,-0.0005472945174135438
-3.33e-08,0.0027964553371204563
-3.32e-08,0.0034527053371204565
-3.31e-08,-0.0007035445628795438
-3.3e-08,-0.004547294662879543
-3.29e-08,-0.003391044662879544
-3.28e-08,-0.0005472945174135438
-3.27e-08,-0.00034416956287954383
-3.26e-08,-0.0005472945174135438
-3.25e-08,0.0027183303371204563
-3.24e-08,0.007452705337120457
-3.23e-08,0.009249580337120457
-3.22e-08,0.007452705337120457
-3.21e-08,0.003718330337120456
-3.2e-08,-0.0005472945174135438
-3.19e-08,-0.0039535446628795445
-3.18e-08,-0.004547294662879543
-3.17e-08,-0.0015316695628795438
-3.16e-08,0.0034527053371204565
-3.15e-08,0.007202705337120457
-3.14e-08,0.007452705337120457
-3.13e-08,0.0050152053371204566
-3.12e-08,0.0034527053371204565
-3.11e-08,0.004093330337120456
-3.1e-08,0.0034527053371204565
-3.09e-08,-0.0006566695628795438
-3.08e-08,-0.004547294662879543
-3.07e-08,-0.004109794662879544
-3.06e-08,-0.0005472945174135438
-3.05e-08,0.002405830337120456
-3.04e-08,0.0034527053371204565
-3.03e-08,0.003749580337120456
-3.02e-08,0.0034527053371204565
-3.01e-08,0.002077705337120456
-3e-08,-0.0005472945174135438
-2.99e-08,-0.003234794662879544
-2.98e-08,-0.004547294662879543
-2.97e-08,-0.003328544662879544
-2.96e-08,-0.0005472945174135438
-2.95e-08,0.002030830337120456
-2.94e-08,0.0034527053371204565
-2.93e-08,0.003765205337120456
-2.92e-08,0.0034527053371204565
-2.91e-08,0.003124580337120456
-2.9e-08,0.0034527053371204565
-2.89e-08,0.004093330337120456
-2.88e-08,0.0034527053371204565
-2.87e-08,0.0011558303371204562
-2.86e-08,-0.0005472945174135438
-2.85e-08,-0.0005160445128795439
-2.84e-08,-0.0005472945174135438
-2.83e-08,-0.0013441695628795438
-2.82e-08,-0.0005472945174135438
-2.81e-08,0.0034527053371204565
-2.8e-08,0.007452705337120457
-2.79e-08,0.007280830337120457
-2.78e-08,0.0034527053371204565
-2.77e-08,-0.00028166956287954383
-2.76e-08,-0.0005472945174135438
-2.75e-08,0.002030830337120456
-2.74e-08,0.0034527053371204565
-2.73e-08,0.0016245803371204562
-2.72e-08,-0.0005472945174135438
-2.71e-08,-0.0006879195628795438
-2.7e-08,-0.0005472945174135438
-2.69e-08,-0.002391044662879544
-2.68e-08,-0.004547294662879543
-2.67e-08,-0.0035941696628795437
-2.66e-08,-0.0005472945174135438
-2.65e-08,0.0012027053371204562
-2.64e-08,-0.0005472945174135438
-2.63e-08,-0.0047816696628795435
-2.62e-08,-0.008547294662879543
-2.61e-08,-0.008469169662879543
-2.6e-08,-0.004547294662879543
-2.59e-08,0.0006714553371204562
-2.58e-08,0.0034527053371204565
-2.57e-08,0.002390205337120456
-2.56e-08,-0.0005472945174135438
-2.55e-08,-0.0020160446628795436
-2.54e-08,-0.0005472945174135438
-2.53e-08,0.0022964553371204563
-2.52e-08,0.0034527053371204565
-2.51e-08,0.0016558303371204562
-2.5e-08,-0.0005472945174135438
-2.49e-08,-7.854446287954383e-05
-2.48e-08,0.0034527053371204565
-2.47e-08,0.007140205337120457
-2.46e-08,0.007452705337120457
-2.45e-08,0.003780830337120456
-2.44e-08,-0.0005472945174135438
-2.43e-08,-0.0020629196628795437
-2.42e-08,-0.0005472945174135438
-2.41e-08,0.0018902053371204564
-2.4e-08,0.0034527053371204565
-2.39e-08,0.003718330337120456
-2.38e-08,0.0034527053371204565
-2.37e-08,0.0032027053371204563
-2.36e-08,0.0034527053371204565
-2.35e-08,0.003780830337120456
-2.34e-08,0.0034527053371204565
-2.33e-08,0.001999580337120456
-2.32e-08,-0.0005472945174135438
-2.31e-08,-0.003187919662879544
-2.3e-08,-0.004547294662879543
-2.29e-08,-0.004359794662879544
-2.28e-08,-0.004547294662879543
-2.27e-08,-0.005328544662879544
-2.26e-08,-0.004547294662879543
-2.25e-08,-0.0006410445228795438
-2.24e-08,0.0034527053371204565
-2.23e-08,0.004640205337120456
-2.22e-08,0.0034527053371204565
-2.21e-08,0.0017027053371204562
-2.2e-08,-0.0005472945174135438
-2.19e-08,-0.003328544662879544
-2.18e-08,-0.004547294662879543
-2.17e-08,-0.002906669662879544
-2.16e-08,-0.0005472945174135438
-2.15e-08,0.00023395553712045618
-2.14e-08,-0.0005472945174135438
-2.13e-08,-0.0010316695628795438
-2.12e-08,-0.0005472945174135438
-2.11e-08,0.00010895553712045617
-2.1e-08,-0.0005472945174135438
-2.09e-08,-0.0017191696628795438
-2.08e-08,-0.0005472945174135438
-2.07e-08,0.003765205337120456
-2.06e-08,0.007452705337120457
-2.05e-08,0.006733955337120456
-2.04e-08,0.0034527053371204565
-2.03e-08,0.0007652053371204563
-2.02e-08,-0.0005472945174135438
-2.01e-08,-0.0012347945628795438
-2e-08,-0.0005472945174135438
-1.99e-08,0.0017808303371204563
-1.98e-08,0.0034527053371204565
-1.97e-08,0.002515205337120456
-1.96e-08,-0.0005472945174135438
-1.95e-08,-0.0030004196628795436
-1.94e-08,-0.004547294662879543
-1.93e-08,-0.004641044662879543
-1.92e-08,-0.004547294662879543
-1.91e-08,-0.003453544662879544
-1.9e-08,-0.0005472945174135438
-1.89e-08,0.004843330337120456
-1.88e-08,0.011452702337120457
-1.87e-08,0.017483952337120457
-1.86e-08,0.023452702337120455
-1.85e-08,0.027327702337120455
-1.84e-08,0.027452702337120456
-1.83e-08,0.021937082337120457
-1.82e-08,0.015452702337120455
-1.81e-08,0.010624582337120457
-1.8e-08,0.007452705337120457
-1.79e-08,0.002890205337120456
-1.78e-08,-0.004547294662879543
-1.77e-08,-0.010859797662879544
-1.76e-08,-0.012547297662879544
-1.75e-08,-0.007750419662879544
-1.74e-08,-0.004547294662879543
-1.73e-08,-0.004594169662879543
-1.72e-08,-0.004547294662879543
-1.71e-08,0.003062080337120456
-1.7e-08,0.015452702337120455
-1.69e-08,0.027015202337120455
-1.68e-08,0.03545270233712046
-1.67e-08,0.041358952337120454
-1.66e-08,0.047452702337120456
-1.65e-08,0.051218332337120455
-1.64e-08,0.05145270233712046
-1.63e-08,0.045702702337120454
-1.62e-08,0.039452702337120456
-1.61e-08,0.03357770233712046
-1.6e-08,0.027452702337120456
-1.59e-08,0.019249582337120458
-1.58e-08,0.015452702337120455
-1.57e-08,0.018780832337120457
-1.56e-08,0.023452702337120455
-1.55e-08,0.022171452337120458
-1.54e-08,0.015452702337120455
-1.53e-08,0.008937080337120457
-1.52e-08,0.0034527053371204565
-1.51e-08,-0.0017191696628795438
-1.5e-08,-0.008547294662879543
-1.49e-08,-0.014109797662879543
-1.48e-08,-0.016547297662879542
-1.47e-08,-0.012484797662879544
-1.46e-08,-0.004547294662879543
-1.45e-08,0.004687080337120456
-1.44e-08,0.011452702337120457
-1.43e-08,0.015140202337120455
-1.42e-08,0.015452702337120455
-1.41e-08,0.014546452337120456
-1.4e-08,0.015452702337120455
-1.39e-08,0.018296452337120458
-1.38e-08,0.019452702337120455
-1.37e-08,0.017155832337120456
-1.36e-08,0.015452702337120455
-1.35e-08,0.018108952337120458
-1.34e-08,0.023452702337120455
-1.33e-08,0.027077702337120455
-1.32e-08,0.027452702337120456
-1.31e-08,0.027624582337120458
-1.3e-08,0.031452702337120456
-1.29e-08,0.03840583233712046
-1.28e-08,0.04345270233712046
-1.27e-08,0.04281208233712046
-1.26e-08,0.039452702337120456
-1.25e-08,0.03803083233712046
-1.24e-08,0.039452702337120456
-1.23e-08,0.04034333233712046
-1.22e-08,0.039452702337120456
-1.21e-08,0.03787458233712045
-1.2e-08,0.039452702337120456
-1.19e-08,0.04448395233712046
-1.18e-08,0.05145270233712046
-1.17e-08,0.054374582337120454
-1.16e-08,0.05145270233712046
-1.15e-08,0.04293708233712046
-1.14e-08,0.03545270233712046
-1.13e-08,0.029827702337120458
-1.12e-08,0.023452702337120455
-1.11e-08,0.013187082337120456
-1.1e-08,0.0034527053371204565
-1.09e-08,-0.0017347946628795438
-1.08e-08,-0.004547294662879543
-1.07e-08,-0.009016044662879544
-1.06e-08,-0.016547297662879542
-1.05e-08,-0.022016047662879543
-1.04e-08,-0.024547297662879542
-1.03e-08,-0.023250417662879542
-1.02e-08,-0.024547297662879542
-1.01e-08,-0.028078547662879542
-1e-08,-0.032547297662879546
-9.9e-09,-0.030922297662879544
-9.8e-09,-0.024547297662879542
-9.7e-09,-0.014750417662879543
-9.6e-09,-0.004547294662879543
-9.5e-09,0.005530830337120457
-9.4e-09,0.015452702337120455
-9.3e-09,0.023655832337120458
-9.2e-09,0.031452702337120456
-9.1e-09,0.03549958233712046
-9e-09,0.03545270233712046
-8.9e-09,0.028687082337120456
-8.8e-09,0.019452702337120455
-8.7e-09,0.009108955337120457
-8.6e-09,-0.0005472945174135438
-8.5e-09,-0.009531669662879544
-8.4e-09,-0.016547297662879542
-8.3e-09,-0.018828547662879544
-8.2e-09,-0.016547297662879542
-8.1e-09,-0.010344169662879543
-8e-09,-0.004547294662879543
-7.9e-09,-0.0001097944628795438
-7.8e-09,0.0034527053371204565
-7.7e-09,0.006437080337120456
-7.6e-09,0.007452705337120457
-7.5e-09,0.004077705337120456
-7.4e-09,-0.0005472945174135438
-7.3e-09,-0.004094169662879544
-7.2e-09,-0.004547294662879543
-7.1e-09,-0.006266044662879543
-7e-09,-0.012547297662879544
-6.9e-09,-0.024312917662879543
-6.8e-09,-0.03654729766287954
-6.7e-09,-0.043016047662879545
-6.6e-09,-0.04454729766287954
-6.5e-09,-0.043328547662879545
-6.4e-09,-0.04454729766287954
-6.3e-09,-0.046547297662879544
-6.2e-09,-0.048547297662879546
-6.1e-09,-0.045937917662879545
-6e-09,-0.040547297662879546
-5.9e-09,-0.03228166766287954
-5.8e-09,-0.024547297662879542
-5.7e-09,-0.017328547662879543
-5.6e-09,-0.012547297662879544
-5.5e-09,-0.009187919662879544
-5.4e-09,-0.004547294662879543
-5.3e-09,0.001921455337120456
-5.2e-09,0.007452705337120457
-5.1e-09,0.010062082337120457
-5e-09,0.015452702337120455
-4.9e-09,0.023968332337120455
-4.8e-09,0.031452702337120456
-4.7e-09,0.030718332337120458
-4.6e-09,0.027452702337120456
-4.5e-09,0.024765202337120457
-4.4e-09,0.023452702337120455
-4.3e-09,0.017015202337120457
-4.2e-09,0.007452705337120457
-4.1e-09,-0.0026722946628795438
-4e-09,-0.008547294662879543
-3.9e-09,-0.011953547662879543
-3.8e-09,-0.016547297662879542
-3.7e-09,-0.025250417662879544
-3.6e-09,-0.03654729766287954
-3.5e-09,-0.045687917662879544
-3.4e-09,-0.05254729766287954
-3.3e-09,-0.057641047662879544
-3.2e-09,-0.06454729766287955
-3.1e-09,-0.07010979766287954
-3e-09,-0.07254729766287955
-2.9e-09,-0.06789104766287955
-2.8e-09,-0.06054729766287954
-2.7e-09,-0.054000417662879545
-2.6e-09,-0.05254729766287954
-2.5e-09,-0.05298479766287954
-2.4e-09,-0.05254729766287954
-2.3e-09,-0.048109797662879546
-2.2e-09,-0.04454729766287954
-2.1e-09,-0.043328547662879545
-2e-09,-0.04454729766287954
-1.9e-09,-0.04248479766287954
-1.8e-09,-0.03654729766287954
-1.7e-09,-0.025672297662879543
-1.6e-09,-0.012547297662879544
-1.5e-09,0.0028433303371204564
-1.4e-09,0.019452702337120455
-1.3e-09,0.03487458233712046
-1.2e-09,0.047452702337120456
-1.1e-09,0.054187082337120454
-1e-09,0.05945270233712046
-9e-10,0.06318708233712045
-8e-10,0.06745270233712045
-7e-10,0.06695270233712045
-6e-10,0.06345270233712046
-5e-10,0.05542145233712046
-4e-10,0.047452702337120456
-3e-10,0.039765202337120456
-2e-10,0.03545270233712046
-1e-10,0.032937082337120456
0.0,0.031452702337120456
1e-10,0.029030832337120456
2e-10,0.027452702337120456
3e-10,0.025046452337120457
4e-10,0.019452702337120455
5e-10,0.008530830337120456
6e-10,-0.004547294662879543
7e-10,-0.015484797662879543
8e-10,-0.024547297662879542
9e-10,-0.033172297662879546
1e-09,-0.04454729766287954
1.1e-09,-0.05446916766287954
1.2e-09,-0.06054729766287954
1.3e-09,-0.05792229766287954
1.4e-09,-0.05254729766287954
1.5e-09,-0.046047297662879544
1.6e-09,-0.040547297662879546
1.7e-09,-0.03268791766287955
1.8e-09,-0.024547297662879542
1.9e-09,-0.017422297662879543
2e-09,-0.012547297662879544
2.1e-09,-0.009797294662879543
2.2e-09,-0.008547294662879543
2.3e-09,-0.009766044662879543
2.4e-09,-0.012547297662879544
2.5e-09,-0.014828547662879544
2.6e-09,-0.012547297662879544
2.7e-09,-0.0059535446628795445
2.8e-09,-0.0005472945174135438
2.9e-09,-0.0010160445628795438
3e-09,-0.004547294662879543
3.1e-09,-0.005031669662879544
3.2e-09,-0.0005472945174135438
3.3e-09,0.006140205337120456
3.4e-09,0.011452702337120457
3.5e-09,0.012858952337120456
3.6e-09,0.011452702337120457
3.7e-09,0.009765202337120457
3.8e-09,0.011452702337120457
3.9e-09,0.014921452337120457
4e-09,0.015452702337120455
4.1e-09,0.010062082337120457
4.2e-09,0.0034527053371204565
4.3e-09,0.001077705337120456
4.4e-09,0.0034527053371204565
4.5e-09,0.006546455337120456
4.6e-09,0.007452705337120457
4.7e-09,0.0057339553371204555
4.8e-09,0.0034527053371204565
4.9e-09,0.0021870803371204562
5e-09,0.0034527053371204565
5.1e-09,0.005062080337120457
5.2e-09,0.0034527053371204565
5.3e-09,-0.002266044662879544
5.4e-09,-0.008547294662879543
5.5e-09,-0.012500417662879543
5.6e-09,-0.016547297662879542
5.7e-09,-0.022375417662879545
5.8e-09,-0.028547297662879542
5.9e-09,-0.029547297662879543
6e-09,-0.024547297662879542
6.1e-09,-0.015687917662879546
6.2e-09,-0.008547294662879543
6.3e-09,-0.005719169662879544
6.4e-09,-0.004547294662879543
6.5e-09,-0.003797294662879544
6.6e-09,-0.004547294662879543
6.7e-09,-0.009187919662879544
6.8e-09,-0.012547297662879544
6.9e-09,-0.013969167662879544
7e-09,-0.016547297662879542
7.1e-09,-0.025703547662879543
7.2e-09,-0.03654729766287954
7.3e-09,-0.04406291766287954
7.4e-09,-0.048547297662879546
7.5e-09,-0.053187917662879544
7.6e-09,-0.06054729766287954
7.7e-09,-0.06714104766287955
7.8e-09,-0.07254729766287955
7.9e-09,-0.07412541766287956
8e-09,-0.07654729766287956
8.1e-09,-0.07751604766287955
8.2e-09,-0.07654729766287956
8.3e-09,-0.06832854766287955
8.4e-09,-0.056547297662879546
8.5e-09,-0.04360979766287954
8.6e-09,-0.032547297662879546
8.7e-09,-0.022484797662879544
8.8e-09,-0.012547297662879544
8.9e-09,-0.004562919662879543
9e-09,-0.0005472945174135438
9.1e-09,-0.002312919662879544
9.2e-09,-0.004547294662879543
9.3e-09,-0.005172294662879544
9.4e-09,-0.004547294662879543
9.5e-09,-0.005562919662879544
9.6e-09,-0.004547294662879543
9.7e-09,-0.00021916946287954385
9.8e-09,0.0034527053371204565
9.9e-09,0.0033433303371204564
1e-08,0.0034527053371204565
1.01e-08,0.006296455337120456
1.02e-08,0.007452705337120457
1.03e-08,0.003124580337120456
1.04e-08,-0.0005472945174135438
1.05e-08,0.002921455337120456
1.06e-08,0.011452702337120457
1.07e-08,0.016671452337120456
1.08e-08,0.015452702337120455
1.09e-08,0.008405830337120456
1.1e-08,-0.0005472945174135438
1.11e-08,-0.007484794662879544
1.12e-08,-0.008547294662879543
1.13e-08,-0.005422294662879544
1.14e-08,-0.004547294662879543
1.15e-08,-0.008781669662879544
1.16e-08,-0.012547297662879544
1.17e-08,-0.011156667662879543
1.18e-08,-0.008547294662879543
1.19e-08,-0.010469169662879543
1.2e-08,-0.016547297662879542
1.21e-08,-0.021812917662879544
1.22e-08,-0.024547297662879542
1.23e-08,-0.024781667662879543
1.24e-08,-0.024547297662879542
1.25e-08,-0.023859797662879545
1.26e-08,-0.024547297662879542
1.27e-08,-0.025875417662879544
1.28e-08,-0.028547297662879542
1.29e-08,-0.028687917662879543
1.3e-08,-0.024547297662879542
1.31e-08,-0.014500417662879543
1.32e-08,-0.004547294662879543
1.33e-08,0.001421455337120456
1.34e-08,0.0034527053371204565
1.35e-08,0.0057183303371204555
1.36e-08,0.011452702337120457
1.37e-08,0.019468332337120458
1.38e-08,0.027452702337120456
1.39e-08,0.03203083233712046
1.4e-08,0.03545270233712046
1.41e-08,0.03742145233712046
1.42e-08,0.039452702337120456
1.43e-08,0.03743708233712046
1.44e-08,0.031452702337120456
1.45e-08,0.022249582337120457
1.46e-08,0.015452702337120455
1.47e-08,0.012765202337120456
1.48e-08,0.011452702337120457
1.49e-08,0.008233955337120456
1.5e-08,0.0034527053371204565
1.51e-08,0.0006870803371204562
1.52e-08,-0.0005472945174135438
1.53e-08,-0.00021916946287954385
1.54e-08,-0.0005472945174135438
1.55e-08,0.0007652053371204563
1.56e-08,0.0034527053371204565
1.57e-08,0.007999580337120457
1.58e-08,0.011452702337120457
1.59e-08,0.013312082337120456
1.6e-08,0.015452702337120455
1.61e-08,0.020296452337120456
1.62e-08,0.027452702337120456
1.63e-08,0.03315583233712046
1.64e-08,0.03545270233712046
1.65e-08,0.03357770233712046
1.66e-08,0.031452702337120456
1.67e-08,0.029593332337120457
1.68e-08,0.027452702337120456
1.69e-08,0.022921452337120455
1.7e-08,0.019452702337120455
1.71e-08,0.018577702337120458
1.72e-08,0.019452702337120455
1.73e-08,0.018405832337120457
1.74e-08,0.015452702337120455
1.75e-08,0.011593332337120456
1.76e-08,0.007452705337120457
1.77e-08,0.0023745803371204564
1.78e-08,-0.004547294662879543
1.79e-08,-0.011656667662879544
1.8e-08,-0.016547297662879542
1.81e-08,-0.016969167662879543
1.82e-08,-0.016547297662879542
1.83e-08,-0.016578547662879542
1.84e-08,-0.016547297662879542
1.85e-08,-0.014375417662879543
1.86e-08,-0.012547297662879544
1.87e-08,-0.012750417662879543
1.88e-08,-0.012547297662879544
1.89e-08,-0.009469169662879544
1.9e-08,-0.004547294662879543
1.91e-08,-0.002328544662879544
1.92e-08,-0.004547294662879543
1.93e-08,-0.011312917662879543
1.94e-08,-0.020547297662879542
1.95e-08,-0.029391047662879543
1.96e-08,-0.03654729766287954
1.97e-08,-0.039750417662879546
1.98e-08,-0.040547297662879546
1.99e-08,-0.03739104766287955
2e-08,-0.032547297662879546
2.01e-08,-0.024984797662879542
2.02e-08,-0.016547297662879542
2.03e-08,-0.007594169662879544
2.04e-08,-0.0005472945174135438
2.05e-08,0.004765205337120456
2.06e-08,0.011452702337120457
2.07e-08,0.018437082337120457
2.08e-08,0.023452702337120455
2.09e-08,0.020999582337120456
2.1e-08,0.015452702337120455
2.11e-08,0.009343330337120457
2.12e-08,0.007452705337120457
2.13e-08,0.005296455337120457
2.14e-08,-0.0005472945174135438
2.15e-08,-0.011687917662879544
2.16e-08,-0.020547297662879542
2.17e-08,-0.024234797662879542
2.18e-08,-0.028547297662879542
2.19e-08,-0.038250417662879545
2.2e-08,-0.048547297662879546
2.21e-08,-0.052016047662879546
2.22e-08,-0.05254729766287954
2.23e-08,-0.05496916766287954
2.24e-08,-0.06054729766287954
2.25e-08,-0.06353166766287956
2.26e-08,-0.06454729766287955
2.27e-08,-0.06368791766287955
2.28e-08,-0.06454729766287955
2.29e-08,-0.06506291766287955
2.3e-08,-0.06454729766287955
2.31e-08,-0.05962541766287954
2.32e-08,-0.05254729766287954
2.33e-08,-0.04446916766287955
2.34e-08,-0.03654729766287954
2.35e-08,-0.029187917662879544
2.36e-08,-0.024547297662879542
2.37e-08,-0.023031667662879545
2.38e-08,-0.020547297662879542
2.39e-08,-0.016016047662879545
2.4e-08,-0.012547297662879544
2.41e-08,-0.013937917662879544
2.42e-08,-0.016547297662879542
2.43e-08,-0.016203547662879545
2.44e-08,-0.012547297662879544
2.45e-08,-0.009187919662879544
2.46e-08,-0.008547294662879543
2.47e-08,-0.009266044662879544
2.48e-08,-0.008547294662879543
2.49e-08,-0.004922294662879544
2.5e-08,-0.0005472945174135438
2.51e-08,0.001921455337120456
2.52e-08,0.0034527053371204565
2.53e-08,0.005874580337120456
2.54e-08,0.011452702337120457
2.55e-08,0.016796452337120456
2.56e-08,0.019452702337120455
2.57e-08,0.016296452337120456
2.58e-08,0.011452702337120457
2.59e-08,0.0057339553371204555
2.6e-08,-0.0005472945174135438
2.61e-08,-0.010094169662879543
2.62e-08,-0.020547297662879542
2.63e-08,-0.028437917662879543
2.64e-08,-0.032547297662879546
2.65e-08,-0.03387541766287954
2.66e-08,-0.03654729766287954
2.67e-08,-0.04031291766287955
2.68e-08,-0.04454729766287954
2.69e-08,-0.045125417662879544
2.7e-08,-0.04454729766287954
2.71e-08,-0.042531667662879545
2.72e-08,-0.040547297662879546
2.73e-08,-0.03635979766287954
2.74e-08,-0.032547297662879546
2.75e-08,-0.028625417662879543
2.76e-08,-0.024547297662879542
2.77e-08,-0.018484797662879544
2.78e-08,-0.012547297662879544
2.79e-08,-0.007844169662879544
2.8e-08,-0.004547294662879543
2.81e-08,-6.291946287954382e-05
2.82e-08,0.007452705337120457
2.83e-08,0.016608952337120456
2.84e-08,0.023452702337120455
2.85e-08,0.025733952337120457
2.86e-08,0.027452702337120456
2.87e-08,0.032187082337120455
2.88e-08,0.039452702337120456
2.89e-08,0.04492145233712046
2.9e-08,0.047452702337120456
2.91e-08,0.04721833233712046
2.92e-08,0.047452702337120456
2.93e-08,0.04857770233712046
2.94e-08,0.05145270233712046
2.95e-08,0.05467145233712046
2.96e-08,0.05945270233712046
2.97e-08,0.06284333233712044
2.98e-08,0.06345270233712046
2.99e-08,0.05814020233712046
3e-08,0.05145270233712046
3.01e-08,0.04598395233712046
3.02e-08,0.04345270233712046
3.03e-08,0.039437082337120455
3.04e-08,0.031452702337120456
3.05e-08,0.019296452337120455
3.06e-08,0.007452705337120457
3.07e-08,0.0008745803371204561
3.08e-08,-0.0005472945174135438
3.09e-08,-0.0002347944628795438
3.1e-08,-0.004547294662879543
3.11e-08,-0.011891047662879543
3.12e-08,-0.016547297662879542
3.13e-08,-0.013266047662879544
3.14e-08,-0.008547294662879543
3.15e-08,-0.008047294662879545
3.16e-08,-0.012547297662879544
3.17e-08,-0.016156667662879546
3.18e-08,-0.016547297662879542
3.19e-08,-0.014453547662879544
3.2e-08,-0.012547297662879544
3.21e-08,-0.010859797662879544
3.22e-08,-0.008547294662879543
3.23e-08,-0.004516044662879543
3.24e-08,-0.0005472945174135438
3.25e-08,-7.854446287954383e-05
3.26e-08,-0.004547294662879543
3.27e-08,-0.010531669662879543
3.28e-08,-0.012547297662879544
3.29e-08,-0.007734794662879544
3.3e-08,-0.0005472945174135438
3.31e-08,0.0036245803371204558
3.32e-08,0.0034527053371204565
3.33e-08,0.0022495803371204563
3.34e-08,0.0034527053371204565
3.35e-08,0.007390205337120457
3.36e-08,0.011452702337120457
3.37e-08,0.013733952337120457
3.38e-08,0.015452702337120455
3.39e-08,0.017468332337120456
3.4e-08,0.019452702337120455
3.41e-08,0.018733952337120458
3.42e-08,0.015452702337120455
3.43e-08,0.011749582337120456
3.44e-08,0.011452702337120457
3.45e-08,0.013921452337120457
3.46e-08,0.015452702337120455
3.47e-08,0.013327702337120457
3.48e-08,0.011452702337120457
3.49e-08,0.012890202337120456
3.5e-08,0.015452702337120455
3.51e-08,0.013843332337120456
3.52e-08,0.007452705337120457
3.53e-08,-0.00012541946287954382
3.54e-08,-0.004547294662879543
3.55e-08,-0.004922294662879544
3.56e-08,-0.004547294662879543
3.57e-08,-0.0059066696628795445
3.58e-08,-0.008547294662879543
3.59e-08,-0.009453544662879544
3.6e-08,-0.008547294662879543
3.61e-08,-0.007375419662879544
3.62e-08,-0.008547294662879543
3.63e-08,-0.011094167662879543
3.64e-08,-0.012547297662879544
3.65e-08,-0.011078547662879544
3.66e-08,-0.008547294662879543
3.67e-08,-0.007781669662879544
3.68e-08,-0.008547294662879543
3.69e-08,-0.009172294662879544
3.7e-08,-0.008547294662879543
3.71e-08,-0.007781669662879544
3.72e-08,-0.008547294662879543
3.73e-08,-0.011687917662879544
3.74e-08,-0.016547297662879542
3.75e-08,-0.021187917662879543
3.76e-08,-0.024547297662879542
3.77e-08,-0.025281667662879544
3.78e-08,-0.024547297662879542
3.79e-08,-0.021234797662879543
3.8e-08,-0.016547297662879542
3.81e-08,-0.011156667662879543
3.82e-08,-0.008547294662879543
3.83e-08,-0.008578544662879543
3.84e-08,-0.008547294662879543
3.85e-08,-0.004437919662879544
3.86e-08,0.0034527053371204565
3.87e-08,0.011249582337120456
3.88e-08,0.015452702337120455
3.89e-08,0.015312082337120458
3.9e-08,0.015452702337120455
3.91e-08,0.017405832337120456
3.92e-08,0.019452702337120455
3.93e-08,0.017999582337120457
3.94e-08,0.015452702337120455
3.95e-08,0.014452702337120456
3.96e-08,0.015452702337120455
3.97e-08,0.015874582337120458
3.98e-08,0.015452702337120455
3.99e-08,0.014108952337120456
4e-08,0.011452702337120457
4.01e-08,0.008327705337120456
4.02e-08,0.007452705337120457
4.03e-08,0.009702702337120457
4.04e-08,0.011452702337120457
4.05e-08,0.010233952337120456
4.06e-08,0.007452705337120457
4.07e-08,0.006562080337120456
4.08e-08,0.007452705337120457
4.09e-08,0.008468330337120456
4.1e-08,0.007452705337120457
4.11e-08,0.006108955337120456
4.12e-08,0.007452705337120457
4.13e-08,0.012093332337120457
4.14e-08,0.015452702337120455
4.15e-08,0.015421452337120455
4.16e-08,0.015452702337120455
4.17e-08,0.019265202337120455
4.18e-08,0.023452702337120455
4.19e-08,0.023296452337120455
4.2e-08,0.019452702337120455
4.21e-08,0.017093332337120456
4.22e-08,0.019452702337120455
4.23e-08,0.025765202337120457
4.24e-08,0.031452702337120456
4.25e-08,0.034155832337120454
4.26e-08,0.03545270233712046
4.27e-08,0.037327702337120454
4.28e-08,0.039452702337120456
4.29e-08,0.039687082337120455
4.3e-08,0.039452702337120456
4.31e-08,0.04121833233712046
4.32e-08,0.047452702337120456
4.33e-08,0.05409333233712046
4.34e-08,0.055452702337120456
4.35e-08,0.048187082337120456
4.36e-08,0.039452702337120456
4.37e-08,0.03439020233712046
4.38e-08,0.031452702337120456
4.39e-08,0.026952702337120455
4.4e-08,0.023452702337120455
4.41e-08,0.024515202337120456
4.42e-08,0.027452702337120456
4.43e-08,0.027265202337120455
4.44e-08,0.023452702337120455
4.45e-08,0.018827702337120458
4.46e-08,0.015452702337120455
4.47e-08,0.014483952337120456
4.48e-08,0.015452702337120455
4.49e-08,0.016593332337120455
4.5e-08,0.015452702337120455
4.51e-08,0.010702702337120456
4.52e-08,0.0034527053371204565
4.53e-08,-0.002703544662879544
4.54e-08,-0.004547294662879543
4.55e-08,-0.0017660446628795438
4.56e-08,-0.0005472945174135438
4.57e-08,-0.002734794662879544
4.58e-08,-0.004547294662879543
4.59e-08,-0.0020472946628795436
4.6e-08,-0.0005472945174135438
4.61e-08,-0.002734794662879544
4.62e-08,-0.004547294662879543
4.63e-08,4.645553712045623e-05
4.64e-08,0.007452705337120457
4.65e-08,0.011530832337120456
4.66e-08,0.011452702337120457
4.67e-08,0.011671452337120457
4.68e-08,0.015452702337120455
4.69e-08,0.021187082337120456
4.7e-08,0.023452702337120455
4.71e-08,0.019827702337120456
4.72e-08,0.015452702337120455
4.73e-08,0.015655832337120458
4.74e-08,0.019452702337120455
4.75e-08,0.023187082337120458
4.76e-08,0.027452702337120456
4.77e-08,0.032374582337120456
4.78e-08,0.03545270233712046
4.79e-08,0.03357770233712046
4.8e-08,0.031452702337120456
4.81e-08,0.03142145233712046
4.82e-08,0.031452702337120456
4.83e-08,0.02765583233712046
4.84e-08,0.023452702337120455
4.85e-08,0.020140202337120456
4.86e-08,0.015452702337120455
4.87e-08,0.0068433303371204564
4.88e-08,-0.0005472945174135438
4.89e-08,-0.0018285446628795439
4.9e-08,-0.0005472945174135438
4.91e-08,-0.0012347945628795438
4.92e-08,-0.004547294662879543
4.93e-08,-0.007875419662879544
4.94e-08,-0.012547297662879544
4.95e-08,-0.017766047662879543
4.96e-08,-0.020547297662879542
4.97e-08,-0.017359797662879543
4.98e-08,-0.012547297662879544
4.99e-08,-0.009687919662879543
5e-08,-0.008547294662879543
5.01e-08,-0.007531669662879544
5.02e-08,-0.008547294662879543
5.03e-08,-0.011672297662879543
5.04e-08,-0.012547297662879544
5.05e-08,-0.008516044662879543
5.06e-08,-0.004547294662879543
5.07e-08,-0.005500419662879544
5.08e-08,-0.008547294662879543
5.09e-08,-0.009484794662879544
5.1e-08,-0.008547294662879543
5.11e-08,-0.008172294662879543
5.12e-08,-0.008547294662879543
5.13e-08,-0.007500419662879544
5.14e-08,-0.004547294662879543
5.15e-08,-0.002250419662879544
5.16e-08,-0.004547294662879543
5.17e-08,-0.010234794662879543
5.18e-08,-0.012547297662879544
5.19e-08,-0.007250419662879544
5.2e-08,-0.0005472945174135438
5.21e-08,0.0008589553371204561
5.22e-08,-0.0005472945174135438
5.23e-08,0.00034333053712045617
5.24e-08,0.0034527053371204565
5.25e-08,0.005530830337120457
5.26e-08,0.007452705337120457
5.27e-08,0.008937080337120457
5.28e-08,0.007452705337120457
5.29e-08,0.0009527053371204562
5.3e-08,-0.004547294662879543
5.31e-08,-0.005391044662879544
5.32e-08,-0.004547294662879543
5.33e-08,-0.006219169662879543
5.34e-08,-0.008547294662879543
5.35e-08,-0.009391044662879544
5.36e-08,-0.012547297662879544
5.37e-08,-0.019234797662879544
5.38e-08,-0.024547297662879542
5.39e-08,-0.023109797662879544
5.4e-08,-0.020547297662879542
5.41e-08,-0.020562917662879543
5.42e-08,-0.020547297662879542
5.43e-08,-0.015422297662879543
5.44e-08,-0.008547294662879543
5.45e-08,-0.004953544662879544
5.46e-08,-0.004547294662879543
5.47e-08,-0.0035941696628795437
5.48e-08,-0.0005472945174135438
5.49e-08,0.002499580337120456
5.5e-08,0.0034527053371204565
5.51e-08,0.0005308303371204563
5.52e-08,-0.004547294662879543
5.53e-08,-0.008734794662879544
5.54e-08,-0.008547294662879543
5.55e-08,-0.004500419662879543
5.56e-08,-0.0005472945174135438
5.57e-08,0.00032770553712045615
5.58e-08,-0.0005472945174135438
5.59e-08,-0.0007504195628795439
5.6e-08,-0.0005472945174135438
5.61e-08,-0.0017347946628795438
5.62e-08,-0.004547294662879543
5.63e-08,-0.007297294662879544
5.64e-08,-0.008547294662879543
5.65e-08,-0.007500419662879544
5.66e-08,-0.004547294662879543
5.67e-08,-0.001422294562879544
5.68e-08,-0.0005472945174135438
5.69e-08,-0.002453544662879544
5.7e-08,-0.004547294662879543
5.71e-08,-0.005062919662879544
5.72e-08,-0.004547294662879543
5.73e-08,-0.004453544662879543
5.74e-08,-0.004547294662879543
5.75e-08,-0.004250419662879544
5.76e-08,-0.004547294662879543
5.77e-08,-0.007266044662879544
5.78e-08,-0.012547297662879544
5.79e-08,-0.017812917662879544
5.8e-08,-0.020547297662879542
5.81e-08,-0.018359797662879544
5.82e-08,-0.012547297662879544
5.83e-08,-0.006406669662879543
5.84e-08,-0.004547294662879543
5.85e-08,-0.006906669662879544
5.86e-08,-0.008547294662879543
5.87e-08,-0.006469169662879543
5.88e-08,-0.004547294662879543
5.89e-08,-0.006266044662879543
5.9e-08,-0.008547294662879543
5.91e-08,-0.007406669662879544
5.92e-08,-0.004547294662879543
5.93e-08,-0.003891044662879544
5.94e-08,-0.004547294662879543
5.95e-08,-0.004516044662879543
5.96e-08,-0.004547294662879543
5.97e-08,-0.005281669662879544
5.98e-08,-0.004547294662879543
5.99e-08,-0.0019379196628795438
6e-08,-0.0005472945174135438
6.01e-08,-0.003703544662879544
6.02e-08,-0.008547294662879543
6.03e-08,-0.010766047662879544
6.04e-08,-0.008547294662879543
6.05e-08,-0.005016044662879544
6.06e-08,-0.004547294662879543
6.07e-08,-0.009281669662879544
6.08e-08,-0.016547297662879542
6.09e-08,-0.022156667662879544
6.1e-08,-0.024547297662879542
6.11e-08,-0.024312917662879543
6.12e-08,-0.024547297662879542
6.13e-08,-0.025031667662879543
6.14e-08,-0.024547297662879542
6.15e-08,-0.022156667662879544
6.16e-08,-0.020547297662879542
6.17e-08,-0.020703547662879542
6.18e-08,-0.020547297662879542
6.19e-08,-0.017187917662879543
6.2e-08,-0.012547297662879544
6.21e-08,-0.010625417662879543
6.22e-08,-0.012547297662879544
6.23e-08,-0.016781667662879543
6.24e-08,-0.020547297662879542
6.25e-08,-0.021812917662879544
6.26e-08,-0.020547297662879542
6.27e-08,-0.017969167662879544
6.28e-08,-0.016547297662879542
6.29e-08,-0.016484797662879542
6.3e-08,-0.016547297662879542
6.31e-08,-0.014969167662879543
6.32e-08,-0.012547297662879544
6.33e-08,-0.010219169662879543
6.34e-08,-0.008547294662879543
6.35e-08,-0.0068441696628795436
6.36e-08,-0.004547294662879543
6.37e-08,-0.0021566696628795437
6.38e-08,-0.0005472945174135438
6.39e-08,-0.0004379195628795438
6.4e-08,-0.0005472945174135438
6.41e-08,-0.0005004195128795438
6.42e-08,-0.0005472945174135438
6.43e-08,-0.0010941695628795438
6.44e-08,-0.0005472945174135438
6.45e-08,0.001483955337120456
6.46e-08,0.0034527053371204565
6.47e-08,0.002671455337120456
6.48e-08,-0.0005472945174135438
6.49e-08,-0.003828544662879544
6.5e-08,-0.004547294662879543
6.51e-08,-0.0026097946628795437
6.52e-08,-0.0005472945174135438
6.53e-08,-0.0011097945628795439
6.54e-08,-0.004547294662879543
6.55e-08,-0.008016044662879545
6.56e-08,-0.008547294662879543
6.57e-08,-0.0059222946628795445
6.58e-08,-0.004547294662879543
6.59e-08,-0.006297294662879543
6.6e-08,-0.008547294662879543
6.61e-08,-0.007437919662879544
6.62e-08,-0.004547294662879543
6.63e-08,-0.0021566696628795437
6.64e-08,-0.0005472945174135438
6.65e-08,0.0017027053371204562
6.66e-08,0.0034527053371204565
6.67e-08,0.0036089553371204557
6.68e-08,0.0034527053371204565
6.69e-08,0.004765205337120456
6.7e-08,0.007452705337120457
6.71e-08,0.010015202337120457
6.72e-08,0.011452702337120457
6.73e-08,0.011483952337120457
6.74e-08,0.011452702337120457
6.75e-08,0.011624582337120456
6.76e-08,0.011452702337120457
6.77e-08,0.010765202337120456
6.78e-08,0.011452702337120457
6.79e-08,0.013874582337120456
6.8e-08,0.015452702337120455
6.81e-08,0.013999582337120457
6.82e-08,0.011452702337120457
6.83e-08,0.010718332337120457
6.84e-08,0.011452702337120457
6.85e-08,0.011812082337120456
6.86e-08,0.011452702337120457
6.87e-08,0.011312082337120456
6.88e-08,0.011452702337120457
6.89e-08,0.012546452337120456
6.9e-08,0.015452702337120455
6.91e-08,0.019108952337120455
6.92e-08,0.019452702337120455
6.93e-08,0.015312082337120458
6.94e-08,0.011452702337120457
6.95e-08,0.012327702337120456
6.96e-08,0.015452702337120455
6.97e-08,0.017483952337120457
6.98e-08,0.019452702337120455
6.99e-08,0.022437082337120457
7e-08,0.023452702337120455
7.01e-08,0.020733952337120456
7.02e-08,0.019452702337120455
7.03e-08,0.023155832337120458
7.04e-08,0.027452702337120456
7.05e-08,0.026827702337120455
7.06e-08,0.023452702337120455
7.07e-08,0.020999582337120456
7.08e-08,0.019452702337120455
7.09e-08,0.017062082337120456
7.1e-08,0.015452702337120455
7.11e-08,0.016765202337120456
7.12e-08,0.019452702337120455
7.13e-08,0.020780832337120456
7.14e-08,0.019452702337120455
7.15e-08,0.016968332337120456
7.16e-08,0.015452702337120455
7.17e-08,0.015702702337120455
7.18e-08,0.015452702337120455
7.19e-08,0.014499582337120457
7.2e-08,0.015452702337120455
7.21e-08,0.019702702337120456
7.22e-08,0.023452702337120455
7.23e-08,0.022874582337120457
7.24e-08,0.019452702337120455
7.25e-08,0.017624582337120456
7.26e-08,0.019452702337120455
7.27e-08,0.022608952337120458
7.28e-08,0.023452702337120455
7.29e-08,0.021155832337120456
7.3e-08,0.019452702337120455
7.31e-08,0.020890202337120457
7.32e-08,0.023452702337120455
7.33e-08,0.022999582337120458
7.34e-08,0.019452702337120455
7.35e-08,0.015952702337120456
7.36e-08,0.015452702337120455
7.37e-08,0.017687082337120456
7.38e-08,0.019452702337120455
7.39e-08,0.018280832337120457
7.4e-08,0.015452702337120455
7.41e-08,0.013062082337120457
7.42e-08,0.011452702337120457
7.43e-08,0.010499582337120457
7.44e-08,0.011452702337120457
7.45e-08,0.014124582337120457
7.46e-08,0.015452702337120455
7.47e-08,0.012640202337120456
7.48e-08,0.007452705337120457
7.49e-08,0.003702705337120456
7.5e-08,0.0034527053371204565
7.51e-08,0.004765205337120456
7.52e-08,0.0034527053371204565
7.53e-08,-0.0010316695628795438
7.54e-08,-0.004547294662879543
7.55e-08,-0.003437919662879544
7.56e-08,-0.0005472945174135438
7.57e-08,-0.0004691695128795438
7.58e-08,-0.004547294662879543
7.59e-08,-0.008625419662879543
7.6e-08,-0.008547294662879543
7.61e-08,-0.004016044662879544
7.62e-08,-0.0005472945174135438
7.63e-08,-0.0015785446628795439
7.64e-08,-0.004547294662879543
7.65e-08,-0.005281669662879544
7.66e-08,-0.004547294662879543
7.67e-08,-0.004609794662879543
7.68e-08,-0.004547294662879543
7.69e-08,-0.0026097946628795437
7.7e-08,-0.0005472945174135438
7.71e-08,-0.0005941695228795438
7.72e-08,-0.0005472945174135438
7.73e-08,0.00020270553712045615
7.74e-08,-0.0005472945174135438
7.75e-08,-0.003734794662879544
7.76e-08,-0.004547294662879543
7.77e-08,-0.001437919562879544
7.78e-08,-0.0005472945174135438
7.79e-08,-0.007250419662879544
7.8e-08,-0.016547297662879542
7.81e-08,-0.021000417662879543
7.82e-08,-0.020547297662879542
7.83e-08,-0.018609797662879544
7.84e-08,-0.016547297662879542
7.85e-08,-0.013906667662879544
7.86e-08,-0.012547297662879544
7.87e-08,-0.013875417662879544
7.88e-08,-0.016547297662879542
7.89e-08,-0.018687917662879545
7.9e-08,-0.020547297662879542
7.91e-08,-0.022734797662879544
7.92e-08,-0.024547297662879542
7.93e-08,-0.025078547662879543
7.94e-08,-0.024547297662879542
7.95e-08,-0.024016047662879545
7.96e-08,-0.024547297662879542
7.97e-08,-0.026156667662879544
7.98e-08,-0.028547297662879542
7.99e-08,-0.030578547662879544
8e-08,-0.032547297662879546
8.01e-08,-0.033219167662879544
8.02e-08,-0.032547297662879546
8.03e-08,-0.030219167662879545
8.04e-08,-0.028547297662879542
8.05e-08,-0.028297297662879542
8.06e-08,-0.028547297662879542
8.07e-08,-0.026297297662879544
8.08e-08,-0.020547297662879542
8.09e-08,-0.013125417662879543
8.1e-08,-0.008547294662879543
8.11e-08,-0.009484794662879544
8.12e-08,-0.012547297662879544
8.13e-08,-0.014922297662879544
8.14e-08,-0.016547297662879542
8.15e-08,-0.018156667662879544
8.16e-08,-0.016547297662879542
8.17e-08,-0.011609797662879543
8.18e-08,-0.008547294662879543
8.19e-08,-0.011687917662879544
8.2e-08,-0.016547297662879542
8.21e-08,-0.017828547662879543
8.22e-08,-0.016547297662879542
8.23e-08,-0.016953547662879542
8.24e-08,-0.020547297662879542
8.25e-08,-0.024281667662879543
8.26e-08,-0.024547297662879542
8.27e-08,-0.021594167662879544
8.28e-08,-0.020547297662879542
8.29e-08,-0.02309416766287954
8.3e-08,-0.024547297662879542
8.31e-08,-0.020734797662879542
8.32e-08,-0.016547297662879542
8.33e-08,-0.017203547662879543
8.34e-08,-0.020547297662879542
8.35e-08,-0.021562917662879544
8.36e-08,-0.020547297662879542
8.37e-08,-0.020016047662879545
8.38e-08,-0.020547297662879542
8.39e-08,-0.019797297662879545
8.4e-08,-0.016547297662879542
8.41e-08,-0.012578547662879544
8.42e-08,-0.012547297662879544
8.43e-08,-0.016078547662879545
8.44e-08,-0.016547297662879542
8.45e-08,-0.010297294662879543
8.46e-08,-0.004547294662879543
8.47e-08,-0.005500419662879544
8.48e-08,-0.008547294662879543
8.49e-08,-0.006453544662879543
8.5e-08,-0.0005472945174135438
8.51e-08,0.0032183303371204563
8.52e-08,0.0034527053371204565
8.53e-08,0.002624580337120456
8.54e-08,0.0034527053371204565
8.55e-08,0.005468330337120457
8.56e-08,0.007452705337120457
8.57e-08,0.007796455337120457
8.58e-08,0.007452705337120457
8.59e-08,0.007093330337120457
8.6e-08,0.007452705337120457
8.61e-08,0.006515205337120456
8.62e-08,0.0034527053371204565
8.63e-08,-0.00021916946287954385
8.64e-08,-0.0005472945174135438
8.65e-08,0.002640205337120456
8.66e-08,0.0034527053371204565
8.67e-08,-0.0018129196628795439
8.68e-08,-0.008547294662879543
8.69e-08,-0.010312919662879543
8.7e-08,-0.008547294662879543
8.71e-08,-0.006406669662879543
8.72e-08,-0.004547294662879543
8.73e-08,-0.0016879196628795438
8.74e-08,-0.0005472945174135438
8.75e-08,-0.002422294662879544
8.76e-08,-0.004547294662879543
8.77e-08,-0.003406669662879544
8.78e-08,-0.0005472945174135438
8.79e-08,0.0018589553371204564
8.8e-08,0.0034527053371204565
8.81e-08,0.005437080337120457
8.82e-08,0.007452705337120457
8.83e-08,0.008312080337120456
8.84e-08,0.007452705337120457
8.85e-08,0.006374580337120456
8.86e-08,0.007452705337120457
8.87e-08,0.011265202337120457
8.88e-08,0.015452702337120455
8.89e-08,0.017843332337120456
8.9e-08,0.019452702337120455
8.91e-08,0.021593332337120456
8.92e-08,0.023452702337120455
8.93e-08,0.022671452337120458
8.94e-08,0.019452702337120455
8.95e-08,0.01599958233712046
8.96e-08,0.015452702337120455
8.97e-08,0.018468332337120457
8.98e-08,0.023452702337120455
8.99e-08,0.026843332337120458
9e-08,0.027452702337120456
9.01e-08,0.025593332337120456
9.02e-08,0.023452702337120455
9.03e-08,0.021343332337120456
9.04e-08,0.019452702337120455
9.05e-08,0.016296452337120456
9.06e-08,0.011452702337120457
9.07e-08,0.007062080337120457
9.08e-08,0.007452705337120457
9.09e-08,0.011593332337120456
9.1e-08,0.011452702337120457
9.11e-08,0.0034683303371204565
9.12e-08,-0.004547294662879543
9.13e-08,-0.004406669662879544
9.14e-08,-0.0005472945174135438
9.15e-08,0.0006245803371204561
9.16e-08,-0.0005472945174135438
9.17e-08,-0.0002347944628795438
9.18e-08,-0.0005472945174135438
9.19e-08,-0.004031669662879544
9.2e-08,-0.008547294662879543
9.21e-08,-0.008781669662879544
9.22e-08,-0.004547294662879543
9.23e-08,0.0011245803371204561
9.24e-08,0.0034527053371204565
9.25e-08,0.0018120803371204563
9.26e-08,-0.0005472945174135438
9.27e-08,0.0002495805371204562
9.28e-08,0.0034527053371204565
9.29e-08,0.006296455337120456
9.3e-08,0.007452705337120457
9.31e-08,0.008358955337120456
9.32e-08,0.011452702337120457
9.33e-08,0.016093332337120455
9.34e-08,0.019452702337120455
9.35e-08,0.018671452337120458
9.36e-08,0.015452702337120455
9.37e-08,0.012515202337120456
9.38e-08,0.011452702337120457
9.39e-08,0.011124582337120457
9.4e-08,0.011452702337120457
9.41e-08,0.011671452337120457
9.42e-08,0.011452702337120457
9.43e-08,0.010937082337120457
9.44e-08,0.011452702337120457
9.45e-08,0.012483952337120456
9.46e-08,0.011452702337120457
9.47e-08,0.006437080337120456
9.48e-08,-0.0005472945174135438
9.49e-08,-0.005078544662879544
9.5e-08,-0.004547294662879543
9.51e-08,-6.291946287954382e-05
9.52e-08,0.0034527053371204565
9.53e-08,0.0028120803371204563
9.54e-08,-0.0005472945174135438
9.55e-08,-0.003219169662879544
9.56e-08,-0.004547294662879543
9.57e-08,-0.004937919662879544
9.58e-08,-0.004547294662879543
9.59e-08,-0.003781669662879544
9.6e-08,-0.004547294662879543
9.61e-08,-0.006984794662879544
9.62e-08,-0.008547294662879543
9.63e-08,-0.006906669662879544
9.64e-08,-0.004547294662879543
9.65e-08,-0.0048441696628795435
9.66e-08,-0.008547294662879543
9.67e-08,-0.012297297662879543
9.68e-08,-0.012547297662879544
9.69e-08,-0.007672294662879544
9.7e-08,-0.0005472945174135438
9.71e-08,0.004312080337120456
9.72e-08,0.0034527053371204565
9.73e-08,-0.0013754195628795439
9.74e-08,-0.004547294662879543
9.75e-08,-0.0030785446628795437
9.76e-08,-0.0005472945174135438
9.77e-08,-0.0002660445628795438
9.78e-08,-0.0005472945174135438
9.79e-08,0.001968330337120456
9.8e-08,0.007452705337120457
9.81e-08,0.011546452337120457
9.82e-08,0.011452702337120457
9.83e-08,0.008343330337120456
9.84e-08,0.007452705337120457
9.85e-08,0.009890202337120457
9.86e-08,0.011452702337120457
9.87e-08,0.007077705337120457
9.88e-08,-0.0005472945174135438
9.89e-08,-0.005406669662879544
9.9e-08,-0.004547294662879543
9.91e-08,-0.0008754195628795439
9.92e-08,-0.0005472945174135438
9.93e-08,-0.004703544662879543
9.94e-08,-0.008547294662879543
9.95e-08,-0.007375419662879544
9.96e-08,-0.004547294662879543
9.97e-08,-0.003844169662879544
9.98e-08,-0.004547294662879543
9.99e-08,-0.0031097946628795437
1e-07,-0.0005472945174135438
1.001e-07,0.00032770553712045615
1.002e-07,-0.0005472945174135438
1.003e-07,-0.0013129195628795438
1.004e-07,-0.0005472945174135438
1.005e-07,0.001530830337120456
1.006e-07,0.0034527053371204565
1.007e-07,0.003937080337120456
1.008e-07,0.0034527053371204565
1.009e-07,0.002171455337120456
1.01e-07,-0.0005472945174135438
1.011e-07,-0.0039535446628795445
1.012e-07,-0.004547294662879543
1.013e-07,-0.0008285445628795438
1.014e-07,0.0034527053371204565
1.015e-07,0.004483955337120456
1.016e-07,0.0034527053371204565
1.017e-07,0.003046455337120456
1.018e-07,0.0034527053371204565
1.019e-07,0.002640205337120456
1.02e-07,-0.0005472945174135438
1.021e-07,-0.004047294662879544
1.022e-07,-0.004547294662879543
1.023e-07,-0.0019535446628795436
1.024e-07,-0.0005472945174135438
1.025e-07,-0.0026879196628795438
1.026e-07,-0.004547294662879543
1.027e-07,-0.0018285446628795439
1.028e-07,0.0034527053371204565
1.029e-07,0.005921455337120456
1.03e-07,0.0034527053371204565
1.031e-07,-0.0013597945628795439
1.032e-07,-0.004547294662879543
1.033e-07,-0.0048441696628795435
1.034e-07,-0.004547294662879543
1.035e-07,-0.006094169662879545
1.036e-07,-0.008547294662879543
1.037e-07,-0.008531669662879543
1.038e-07,-0.004547294662879543
1.039e-07,0.0010933303371204561
1.04e-07,0.0034527053371204565
1.041e-07,0.0004839553371204562
1.042e-07,-0.004547294662879543
1.043e-07,-0.007656669662879544
1.044e-07,-0.008547294662879543
1.045e-07,-0.008891044662879544
1.046e-07,-0.008547294662879543
1.047e-07,-0.0067660446628795435
1.048e-07,-0.004547294662879543
1.049e-07,-0.003781669662879544
1.05e-07,-0.004547294662879543
1.051e-07,-0.006297294662879543
1.052e-07,-0.008547294662879543
1.053e-07,-0.010844167662879543
1.054e-07,-0.012547297662879544
1.055e-07,-0.013078547662879544
1.056e-07,-0.012547297662879544
1.057e-07,-0.011766047662879543
1.058e-07,-0.012547297662879544
1.059e-07,-0.014797297662879544
1.06e-07,-0.016547297662879542
1.061e-07,-0.016312917662879543
1.062e-07,-0.016547297662879542
1.063e-07,-0.017578547662879543
1.064e-07,-0.016547297662879542
1.065e-07,-0.011906667662879544
1.066e-07,-0.008547294662879543
1.067e-07,-0.010062919662879543
1.068e-07,-0.012547297662879544
1.069e-07,-0.011484797662879543
1.07e-07,-0.008547294662879543
1.071e-07,-0.007734794662879544
1.072e-07,-0.008547294662879543
1.073e-07,-0.008719169662879543
1.074e-07,-0.008547294662879543
1.075e-07,-0.009969169662879543
1.076e-07,-0.012547297662879544
1.077e-07,-0.014844167662879543
1.078e-07,-0.016547297662879542
1.079e-07,-0.01629729766287954
1.08e-07,-0.012547297662879544
1.081e-07,-0.0067816696628795435
1.082e-07,-0.004547294662879543
1.083e-07,-0.008234794662879543
1.084e-07,-0.012547297662879544
1.085e-07,-0.012062917662879544
1.086e-07,-0.008547294662879543
1.087e-07,-0.007141044662879544
1.088e-07,-0.008547294662879543
1.089e-07,-0.010844167662879543
1.09e-07,-0.012547297662879544
1.091e-07,-0.013359797662879543
1.092e-07,-0.012547297662879544
1.093e-07,-0.011031667662879543
1.094e-07,-0.012547297662879544
1.095e-07,-0.017406667662879544
1.096e-07,-0.020547297662879542
1.097e-07,-0.018781667662879545
1.098e-07,-0.016547297662879542
1.099e-07,-0.016953547662879542
1.1e-07,-0.016547297662879542
1.101e-07,-0.011937917662879544
1.102e-07,-0.008547294662879543
1.103e-07,-0.011359797662879543
1.104e-07,-0.016547297662879542
1.105e-07,-0.017953547662879543
1.106e-07,-0.016547297662879542
1.107e-07,-0.015156667662879543
1.108e-07,-0.012547297662879544
1.109e-07,-0.007875419662879544
1.11e-07,-0.004547294662879543
1.111e-07,-0.005781669662879544
1.112e-07,-0.008547294662879543
1.113e-07,-0.009187919662879544
1.114e-07,-0.008547294662879543
1.115e-07,-0.009625419662879543
1.116e-07,-0.012547297662879544
1.117e-07,-0.015391047662879543
1.118e-07,-0.016547297662879542
1.119e-07,-0.015297297662879543
1.12e-07,-0.012547297662879544
1.121e-07,-0.009531669662879544
1.122e-07,-0.008547294662879543
1.123e-07,-0.009859794662879543
1.124e-07,-0.012547297662879544
1.125e-07,-0.013969167662879544
1.126e-07,-0.012547297662879544
1.127e-07,-0.008437919662879543
1.128e-07,-0.004547294662879543
1.129e-07,-0.002391044662879544
1.13e-07,-0.0005472945174135438
1.131e-07,0.0018433303371204563
1.132e-07,0.0034527053371204565
1.133e-07,0.0021870803371204562
1.134e-07,-0.0005472945174135438
1.135e-07,-0.0020316696628795436
1.136e-07,-0.0005472945174135438
1.137e-07,0.002124580337120456
1.138e-07,0.0034527053371204565
1.139e-07,0.001937080337120456
1.14e-07,-0.0005472945174135438
1.141e-07,-0.0015785446628795439
1.142e-07,-0.0005472945174135438
1.143e-07,0.0005933303371204561
1.144e-07,-0.0005472945174135438
1.145e-07,-0.003281669662879544
1.146e-07,-0.004547294662879543
1.147e-07,-0.0025785446628795437
1.148e-07,-0.0005472945174135438
1.149e-07,-0.0015004195628795438
1.15e-07,-0.004547294662879543
1.151e-07,-0.006109794662879545
1.152e-07,-0.004547294662879543
1.153e-07,-0.0006254195228795438
1.154e-07,0.0034527053371204565
1.155e-07,0.006233955337120456
1.156e-07,0.007452705337120457
1.157e-07,0.006640205337120456
1.158e-07,0.0034527053371204565
1.159e-07,-0.0013910445628795439
1.16e-07,-0.004547294662879543
1.161e-07,-0.003703544662879544
1.162e-07,-0.0005472945174135438
1.163e-07,0.002030830337120456
1.164e-07,0.0034527053371204565
1.165e-07,0.004202705337120456
1.166e-07,0.0034527053371204565
1.167e-07,0.0012027053371204562
1.168e-07,-0.0005472945174135438
1.169e-07,-0.0005004195128795438
1.17e-07,-0.0005472945174135438
1.171e-07,-0.001406669562879544
1.172e-07,-0.0005472945174135438
1.173e-07,0.0035308303371204565
1.174e-07,0.007452705337120457
1.175e-07,0.007062080337120457
1.176e-07,0.0034527053371204565
1.177e-07,0.00032770553712045615
1.178e-07,-0.0005472945174135438
1.179e-07,0.0008120803371204561
1.18e-07,0.0034527053371204565
1.181e-07,0.005171455337120457
1.182e-07,0.0034527053371204565
1.183e-07,-0.0012035445628795437
1.184e-07,-0.004547294662879543
1.185e-07,-0.0026097946628795437
1.186e-07,0.0034527053371204565
1.187e-07,0.008437080337120456
1.188e-07,0.007452705337120457
1.189e-07,0.001921455337120456
1.19e-07,-0.0005472945174135438
1.191e-07,0.0034370803371204565
1.192e-07,0.007452705337120457
1.193e-07,0.005093330337120457
1.194e-07,-0.0005472945174135438
1.195e-07,-0.0026254196628795437
1.196e-07,-0.0005472945174135438
1.197e-07,0.002093330337120456
1.198e-07,0.0034527053371204565
1.199e-07,0.003890205337120456
1.2e-07,0.0034527053371204565
1.201e-07,0.0028589553371204564
1.202e-07,0.0034527053371204565
1.203e-07,0.005546455337120457
1.204e-07,0.007452705337120457
1.205e-07,0.006983955337120457
1.206e-07,0.0034527053371204565
1.207e-07,-0.0005316695128795439
1.208e-07,-0.0005472945174135438
1.209e-07,0.004093330337120456
1.21e-07,0.007452705337120457
1.211e-07,0.005937080337120456
1.212e-07,0.0034527053371204565
1.213e-07,0.004655830337120456
1.214e-07,0.007452705337120457
1.215e-07,0.008093330337120456
1.216e-07,0.007452705337120457
1.217e-07,0.008608955337120456
1.218e-07,0.011452702337120457
1.219e-07,0.012890202337120456
1.22e-07,0.011452702337120457
1.221e-07,0.008562080337120456
1.222e-07,0.007452705337120457
1.223e-07,0.009312080337120457
1.224e-07,0.011452702337120457
1.225e-07,0.010749582337120457
1.226e-07,0.007452705337120457
1.227e-07,0.005374580337120457
1.228e-07,0.007452705337120457
1.229e-07,0.012499582337120457
1.23e-07,0.015452702337120455
1.231e-07,0.013874582337120456
1.232e-07,0.011452702337120457
1.233e-07,0.012390202337120456
1.234e-07,0.015452702337120455
1.235e-07,0.016812082337120456
1.236e-07,0.015452702337120455
1.237e-07,0.013015202337120457
1.238e-07,0.011452702337120457
1.239e-07,0.010999582337120457
1.24e-07,0.011452702337120457
1.241e-07,0.012827702337120456
1.242e-07,0.015452702337120455
1.243e-07,0.018483952337120458
1.244e-07,0.019452702337120455
1.245e-07,0.016343332337120455
1.246e-07,0.011452702337120457
1.247e-07,0.008108955337120456
1.248e-07,0.007452705337120457
1.249e-07,0.008843330337120456
1.25e-07,0.011452702337120457
1.251e-07,0.013280832337120456
1.252e-07,0.011452702337120457
1.253e-07,0.006608955337120456
1.254e-07,0.0034527053371204565
1.255e-07,0.005140205337120457
1.256e-07,0.007452705337120457
1.257e-07,0.006577705337120456
1.258e-07,0.0034527053371204565
1.259e-07,0.0032027053371204563
1.26e-07,0.007452705337120457
1.261e-07,0.013218332337120456
1.262e-07,0.015452702337120455
1.263e-07,0.013233952337120457
1.264e-07,0.011452702337120457
1.265e-07,0.014171452337120456
1.266e-07,0.019452702337120455
1.267e-07,0.021718332337120456
1.268e-07,0.019452702337120455
1.269e-07,0.014827702337120456
1.27e-07,0.011452702337120457
1.271e-07,0.010593332337120457
1.272e-07,0.011452702337120457
1.273e-07,0.012202702337120456
1.274e-07,0.011452702337120457
1.275e-07,0.010421452337120456
1.276e-07,0.011452702337120457
1.277e-07,0.014405832337120457
1.278e-07,0.015452702337120455
1.279e-07,0.013218332337120456
1.28e-07,0.011452702337120457
1.281e-07,0.013077702337120457
1.282e-07,0.015452702337120455
1.283e-07,0.014562082337120457
1.284e-07,0.011452702337120457
1.285e-07,0.009999582337120456
1.286e-07,0.011452702337120457
1.287e-07,0.013062082337120457
1.288e-07,0.011452702337120457
1.289e-07,0.006702705337120456
1.29e-07,0.0034527053371204565
1.291e-07,0.005640205337120455
1.292e-07,0.011452702337120457
1.293e-07,0.015765202337120456
1.294e-07,0.015452702337120455
1.295e-07,0.011374582337120456
1.296e-07,0.007452705337120457
1.297e-07,0.005312080337120457
1.298e-07,0.0034527053371204565
1.299e-07,0.0008433303371204561
1.3e-07,-0.0005472945174135438
1.301e-07,0.0011402053371204562
1.302e-07,0.0034527053371204565
1.303e-07,0.002952705337120456
1.304e-07,-0.0005472945174135438
1.305e-07,-0.003812919662879544
1.306e-07,-0.004547294662879543
1.307e-07,-0.002406669662879544
1.308e-07,-0.0005472945174135438
1.309e-07,-0.0003129195628795438
1.31e-07,-0.0005472945174135438
1.311e-07,7.770553712045615e-05
1.312e-07,-0.0005472945174135438
1.313e-07,-0.0031722946628795438
1.314e-07,-0.004547294662879543
1.315e-07,-0.001469169562879544
1.316e-07,0.0034527053371204565
1.317e-07,0.006218330337120456
1.318e-07,0.007452705337120457
1.319e-07,0.008171455337120456
1.32e-07,0.007452705337120457
1.321e-07,0.004718330337120456
1.322e-07,0.0034527053371204565
1.323e-07,0.004515205337120456
1.324e-07,0.0034527053371204565
1.325e-07,-0.0026722946628795438
1.326e-07,-0.008547294662879543
1.327e-07,-0.008375419662879543
1.328e-07,-0.004547294662879543
1.329e-07,-0.0016722946628795437
1.33e-07,-0.0005472945174135438
1.331e-07,0.00031208053712045614
1.332e-07,-0.0005472945174135438
1.333e-07,-0.003297294662879544
1.334e-07,-0.004547294662879543
1.335e-07,-0.002281669662879544
1.336e-07,-0.0005472945174135438
1.337e-07,-0.002297294662879544
1.338e-07,-0.004547294662879543
1.339e-07,-0.003359794662879544
1.34e-07,-0.0005472945174135438
1.341e-07,0.00034333053712045617
1.342e-07,-0.0005472945174135438
1.343e-07,-0.0010629195628795438
1.344e-07,-0.0005472945174135438
1.345e-07,0.0008120803371204561
1.346e-07,0.0034527053371204565
1.347e-07,0.006499580337120456
1.348e-07,0.007452705337120457
1.349e-07,0.004343330337120456
1.35e-07,-0.0005472945174135438
1.351e-07,-0.004047294662879544
1.352e-07,-0.004547294662879543
1.353e-07,-0.0025629196628795437
1.354e-07,-0.0005472945174135438
1.355e-07,0.00015583053712045622
1.356e-07,-0.0005472945174135438
1.357e-07,-0.0020785446628795437
1.358e-07,-0.004547294662879543
1.359e-07,-0.006141044662879545
1.36e-07,-0.004547294662879543
1.361e-07,0.0011714553371204562
1.362e-07,0.007452705337120457
1.363e-07,0.009765202337120457
1.364e-07,0.007452705337120457
1.365e-07,0.003765205337120456
1.366e-07,0.0034527053371204565
1.367e-07,0.006437080337120456
1.368e-07,0.007452705337120457
1.369e-07,0.0036402053371204558
1.37e-07,-0.0005472945174135438
1.371e-07,1.52055371204562e-05
1.372e-07,0.0034527053371204565
1.373e-07,0.0049839553371204565
1.374e-07,0.0034527053371204565
1.375e-07,0.0021870803371204562
1.376e-07,0.0034527053371204565
1.377e-07,0.007358955337120457
1.378e-07,0.011452702337120457
1.379e-07,0.013140202337120457
1.38e-07,0.011452702337120457
1.381e-07,0.008421455337120456
1.382e-07,0.007452705337120457
1.383e-07,0.009390205337120457
1.384e-07,0.011452702337120457
1.385e-07,0.011499582337120456
1.386e-07,0.011452702337120457
1.387e-07,0.013280832337120456
1.388e-07,0.015452702337120455
1.389e-07,0.015765202337120456
1.39e-07,0.015452702337120455
1.391e-07,0.015796452337120456
1.392e-07,0.015452702337120455
1.393e-07,0.013218332337120456
1.394e-07,0.011452702337120457
1.395e-07,0.012593332337120457
1.396e-07,0.015452702337120455
1.397e-07,0.016968332337120456
1.398e-07,0.015452702337120455
1.399e-07,0.012577702337120456
1.4e-07,0.011452702337120457
1.401e-07,0.013312082337120456
1.402e-07,0.015452702337120455
1.403e-07,0.015655832337120458
1.404e-07,0.015452702337120455
1.405e-07,0.017046452337120457
1.406e-07,0.019452702337120455
1.407e-07,0.020374582337120455
1.408e-07,0.019452702337120455
1.409e-07,0.017624582337120456
1.41e-07,0.015452702337120455
1.411e-07,0.013155832337120456
1.412e-07,0.011452702337120457
1.413e-07,0.011749582337120456
1.414e-07,0.015452702337120455
1.415e-07,0.021030832337120456
1.416e-07,0.023452702337120455
1.417e-07,0.021249582337120456
1.418e-07,0.019452702337120455
1.419e-07,0.020655832337120456
1.42e-07,0.019452702337120455
1.421e-07,0.012624582337120457
1.422e-07,0.007452705337120457
1.423e-07,0.011108952337120457
1.424e-07,0.019452702337120455
1.425e-07,0.024077702337120456
1.426e-07,0.023452702337120455
1.427e-07,0.021187082337120456
1.428e-07,0.019452702337120455
1.429e-07,0.017765202337120457
1.43e-07,0.015452702337120455
1.431e-07,0.013155832337120456
1.432e-07,0.011452702337120457
1.433e-07,0.012030832337120457
1.434e-07,0.015452702337120455
1.435e-07,0.019312082337120458
1.436e-07,0.019452702337120455
1.437e-07,0.016249582337120455
1.438e-07,0.015452702337120455
1.439e-07,0.020812082337120456
1.44e-07,0.027452702337120456
1.441e-07,0.028280832337120455
1.442e-07,0.023452702337120455
1.443e-07,0.017780832337120456
1.444e-07,0.015452702337120455
1.445e-07,0.016812082337120456
1.446e-07,0.019452702337120455
1.447e-07,0.020702702337120456
1.448e-07,0.019452702337120455
1.449e-07,0.016968332337120456
1.45e-07,0.015452702337120455
1.451e-07,0.016546452337120456
1.452e-07,0.019452702337120455
1.453e-07,0.022374582337120457
1.454e-07,0.023452702337120455
1.455e-07,0.022015202337120458
1.456e-07,0.019452702337120455
1.457e-07,0.017999582337120457
1.458e-07,0.019452702337120455
1.459e-07,0.022515202337120458
1.46e-07,0.023452702337120455
1.461e-07,0.020171452337120456
1.462e-07,0.015452702337120455
1.463e-07,0.013593332337120456
1.464e-07,0.015452702337120455
1.465e-07,0.018655832337120457
1.466e-07,0.019452702337120455
1.467e-07,0.017390202337120457
1.468e-07,0.015452702337120455
1.469e-07,0.016343332337120455
1.47e-07,0.019452702337120455
1.471e-07,0.022327702337120458
1.472e-07,0.023452702337120455
1.473e-07,0.023374582337120458
1.474e-07,0.023452702337120455
1.475e-07,0.022937082337120458
1.476e-07,0.019452702337120455
1.477e-07,0.013874582337120456
1.478e-07,0.011452702337120457
1.479e-07,0.015093332337120458
1.48e-07,0.019452702337120455
1.481e-07,0.019937082337120455
1.482e-07,0.019452702337120455
1.483e-07,0.022562082337120457
1.484e-07,0.027452702337120456
1.485e-07,0.029218332337120456
1.486e-07,0.027452702337120456
1.487e-07,0.024827702337120457
1.488e-07,0.023452702337120455
1.489e-07,0.023155832337120458
1.49e-07,0.023452702337120455
1.491e-07,0.022671452337120458
1.492e-07,0.019452702337120455
1.493e-07,0.015546452337120455
1.494e-07,0.015452702337120455
1.495e-07,0.020093332337120455
1.496e-07,0.023452702337120455
1.497e-07,0.021780832337120457
1.498e-07,0.019452702337120455
1.499e-07,0.020983952337120457
1.5e-07,0.023452702337120455
1.501e-07,0.022468332337120457
1.502e-07,0.019452702337120455
1.503e-07,0.018499582337120457
1.504e-07,0.019452702337120455
1.505e-07,0.019046452337120455
1.506e-07,0.015452702337120455
1.507e-07,0.011327702337120457
1.508e-07,0.011452702337120457
1.509e-07,0.017374582337120456
1.51e-07,0.023452702337120455
1.511e-07,0.024733952337120457
1.512e-07,0.023452702337120455
1.513e-07,0.023358952337120455
1.514e-07,0.023452702337120455
1.515e-07,0.021390202337120457
1.516e-07,0.019452702337120455
1.517e-07,0.019577702337120455
1.518e-07,0.019452702337120455
1.519e-07,0.017046452337120457
1.52e-07,0.015452702337120455
1.521e-07,0.017218332337120456
1.522e-07,0.019452702337120455
1.523e-07,0.018702702337120458
1.524e-07,0.015452702337120455
1.525e-07,0.013702702337120457
1.526e-07,0.015452702337120455
1.527e-07,0.018827702337120458
1.528e-07,0.019452702337120455
1.529e-07,0.016546452337120456
1.53e-07,0.015452702337120455
1.531e-07,0.019280832337120458
1.532e-07,0.023452702337120455
1.533e-07,0.022718332337120457
1.534e-07,0.019452702337120455
1.535e-07,0.017530832337120456
1.536e-07,0.015452702337120455
1.537e-07,0.011077702337120457
1.538e-07,0.007452705337120457
1.539e-07,0.008312080337120456
1.54e-07,0.011452702337120457
1.541e-07,0.013765202337120457
1.542e-07,0.015452702337120455
1.543e-07,0.017905832337120457
1.544e-07,0.019452702337120455
1.545e-07,0.018249582337120457
1.546e-07,0.015452702337120455
1.547e-07,0.013077702337120457
1.548e-07,0.011452702337120457
1.549e-07,0.010530832337120457
1.55e-07,0.011452702337120457
1.551e-07,0.014030832337120457
1.552e-07,0.015452702337120455
1.553e-07,0.013921452337120457
1.554e-07,0.011452702337120457
1.555e-07,0.010749582337120457
1.556e-07,0.011452702337120457
1.557e-07,0.011999582337120457
1.558e-07,0.011452702337120457
1.559e-07,0.010890202337120456
1.56e-07,0.011452702337120457
1.561e-07,0.012421452337120456
1.562e-07,0.011452702337120457
1.563e-07,0.008390205337120456
1.564e-07,0.007452705337120457
1.565e-07,0.010999582337120457
1.566e-07,0.015452702337120455
1.567e-07,0.016546452337120456
1.568e-07,0.015452702337120455
1.569e-07,0.014015202337120457
1.57e-07,0.011452702337120457
1.571e-07,0.0057964553371204555
1.572e-07,-0.0005472945174135438
1.573e-07,-0.0031566696628795438
1.574e-07,-0.0005472945174135438
1.575e-07,0.004796455337120456
1.576e-07,0.007452705337120457
1.577e-07,0.004796455337120456
1.578e-07,-0.0005472945174135438
1.579e-07,-0.0039222946628795444
1.58e-07,-0.004547294662879543
1.581e-07,-0.0030785446628795437
1.582e-07,-0.0005472945174135438
1.583e-07,0.0023433303371204564
1.584e-07,0.0034527053371204565
1.585e-07,0.0016870803371204562
1.586e-07,-0.0005472945174135438
1.587e-07,-0.0010160445628795438
1.588e-07,-0.0005472945174135438
1.589e-07,-0.0005160445128795439
1.59e-07,-0.0005472945174135438
1.591e-07,-0.00021916946287954385
1.592e-07,-0.0005472945174135438
1.593e-07,-0.002406669662879544
1.594e-07,-0.004547294662879543
1.595e-07,-0.005031669662879544
1.596e-07,-0.004547294662879543
1.597e-07,-0.004344169662879544
1.598e-07,-0.004547294662879543
1.599e-07,-0.004609794662879543
1.6e-07,-0.004547294662879543
1.601e-07,-0.0036097946628795437
1.602e-07,-0.0005472945174135438
1.603e-07,0.0032808303371204563
1.604e-07,0.0034527053371204565
1.605e-07,-0.0020629196628795437
1.606e-07,-0.008547294662879543
1.607e-07,-0.010609797662879544
1.608e-07,-0.008547294662879543
1.609e-07,-0.005797294662879544
1.61e-07,-0.004547294662879543
1.611e-07,-0.004391044662879544
1.612e-07,-0.004547294662879543
1.613e-07,-0.004578544662879543
1.614e-07,-0.004547294662879543
1.615e-07,-0.004453544662879543
1.616e-07,-0.004547294662879543
1.617e-07,-0.004609794662879543
1.618e-07,-0.004547294662879543
1.619e-07,-0.004609794662879543
1.62e-07,-0.004547294662879543
1.621e-07,-0.004453544662879543
1.622e-07,-0.004547294662879543
1.623e-07,-0.004641044662879543
1.624e-07,-0.004547294662879543
1.625e-07,-0.004375419662879544
1.626e-07,-0.004547294662879543
1.627e-07,-0.0059535446628795445
1.628e-07,-0.008547294662879543
1.629e-07,-0.010297294662879543
1.63e-07,-0.008547294662879543
1.631e-07,-0.0036097946628795437
1.632e-07,-0.0005472945174135438
1.633e-07,-0.0030316696628795436
1.634e-07,-0.008547294662879543
1.635e-07,-0.012219167662879544
1.636e-07,-0.012547297662879544
1.637e-07,-0.010750417662879543
1.638e-07,-0.008547294662879543
1.639e-07,-0.006437919662879543
1.64e-07,-0.004547294662879543
1.641e-07,-0.0034847946628795436
1.642e-07,-0.004547294662879543
1.643e-07,-0.007187919662879544
1.644e-07,-0.008547294662879543
1.645e-07,-0.007719169662879544
1.646e-07,-0.008547294662879543
1.647e-07,-0.011969167662879544
1.648e-07,-0.012547297662879544
1.649e-07,-0.0067035446628795434
1.65e-07,-0.0005472945174135438
1.651e-07,-0.00048479451287954383
1.652e-07,-0.004547294662879543
1.653e-07,-0.006453544662879543
1.654e-07,-0.004547294662879543
1.655e-07,-0.0016566696628795437
1.656e-07,-0.0005472945174135438
1.657e-07,-0.0011410445628795437
1.658e-07,-0.0005472945174135438
1.659e-07,0.001921455337120456
1.66e-07,0.0034527053371204565
1.661e-07,0.0018277053371204563
1.662e-07,-0.0005472945174135438
1.663e-07,-0.0009066695628795439
1.664e-07,-0.0005472945174135438
1.665e-07,-0.0019691696628795436
1.666e-07,-0.004547294662879543
1.667e-07,-0.0048285446628795435
1.668e-07,-0.0005472945174135438
1.669e-07,0.005671455337120455
1.67e-07,0.007452705337120457
1.671e-07,0.003108955337120456
1.672e-07,-0.0005472945174135438
1.673e-07,0.0012808303371204563
1.674e-07,0.0034527053371204565
1.675e-07,0.0002808305371204562
1.676e-07,-0.004547294662879543
1.677e-07,-0.004656669662879543
1.678e-07,-0.0005472945174135438
1.679e-07,0.002874580337120456
1.68e-07,0.0034527053371204565
1.681e-07,0.002890205337120456
1.682e-07,0.0034527053371204565
1.683e-07,0.004640205337120456
1.684e-07,0.0034527053371204565
1.685e-07,-0.0011410445628795437
1.686e-07,-0.004547294662879543
1.687e-07,-0.003391044662879544
1.688e-07,-0.0005472945174135438
1.689e-07,-4.194628795438143e-07
1.69e-07,-0.0005472945174135438
1.691e-07,-1.6044462879543828e-05
1.692e-07,-0.0005472945174135438
1.693e-07,-0.004094169662879544
1.694e-07,-0.008547294662879543
1.695e-07,-0.009891044662879543
1.696e-07,-0.008547294662879543
1.697e-07,-0.006437919662879543
1.698e-07,-0.004547294662879543
1.699e-07,-0.002469169662879544
1.7e-07,-0.0005472945174135438
1.701e-07,0.0011245803371204561
1.702e-07,0.0034527053371204565
1.703e-07,0.005280830337120457
1.704e-07,0.0034527053371204565
1.705e-07,-0.0018285446628795439
1.706e-07,-0.004547294662879543
1.707e-07,-0.0021879196628795438
1.708e-07,-0.0005472945174135438
1.709e-07,-0.004281669662879544
1.71e-07,-0.008547294662879543
1.711e-07,-0.0067504196628795435
1.712e-07,-0.0005472945174135438
1.713e-07,0.003702705337120456
1.714e-07,0.0034527053371204565
1.715e-07,0.0010308303371204563
1.716e-07,-0.0005472945174135438
1.717e-07,-0.0005629195128795438
1.718e-07,-0.0005472945174135438
1.719e-07,-0.0031410446628795437
1.72e-07,-0.008547294662879543
1.721e-07,-0.013234797662879544
1.722e-07,-0.012547297662879544
1.723e-07,-0.006297294662879543
1.724e-07,-0.0005472945174135438
1.725e-07,-0.0004691695128795438
1.726e-07,-0.004547294662879543
1.727e-07,-0.008000419662879545
1.728e-07,-0.008547294662879543
1.729e-07,-0.007828544662879544
1.73e-07,-0.008547294662879543
1.731e-07,-0.010984797662879544
1.732e-07,-0.012547297662879544
1.733e-07,-0.012234797662879543
1.734e-07,-0.012547297662879544
1.735e-07,-0.014750417662879543
1.736e-07,-0.016547297662879542
1.737e-07,-0.015016047662879544
1.738e-07,-0.012547297662879544
1.739e-07,-0.012859797662879544
1.74e-07,-0.016547297662879542
1.741e-07,-0.019328547662879544
1.742e-07,-0.016547297662879542
1.743e-07,-0.009109794662879544
1.744e-07,-0.004547294662879543
1.745e-07,-0.007437919662879544
1.746e-07,-0.012547297662879544
1.747e-07,-0.013750417662879544
1.748e-07,-0.012547297662879544
1.749e-07,-0.013703547662879543
1.75e-07,-0.016547297662879542
1.751e-07,-0.017766047662879543
1.752e-07,-0.016547297662879542
1.753e-07,-0.014422297662879544
1.754e-07,-0.012547297662879544
1.755e-07,-0.011609797662879543
1.756e-07,-0.012547297662879544
1.757e-07,-0.015891047662879545
1.758e-07,-0.020547297662879542
1.759e-07,-0.024266047662879542
1.76e-07,-0.024547297662879542
1.761e-07,-0.020937917662879543
1.762e-07,-0.016547297662879542
1.763e-07,-0.014812917662879543
1.764e-07,-0.016547297662879542
1.765e-07,-0.020406667662879543
1.766e-07,-0.024547297662879542
1.767e-07,-0.027406667662879542
1.768e-07,-0.028547297662879542
1.769e-07,-0.027328547662879545
1.77e-07,-0.024547297662879542
1.771e-07,-0.021531667662879544
1.772e-07,-0.020547297662879542
1.773e-07,-0.022156667662879544
1.774e-07,-0.024547297662879542
1.775e-07,-0.025187917662879544
1.776e-07,-0.024547297662879542
1.777e-07,-0.023156667662879542
1.778e-07,-0.020547297662879542
1.779e-07,-0.017484797662879543
1.78e-07,-0.016547297662879542
1.781e-07,-0.018875417662879545
1.782e-07,-0.020547297662879542
1.783e-07,-0.018875417662879545
1.784e-07,-0.016547297662879542
1.785e-07,-0.017484797662879543
1.786e-07,-0.020547297662879542
1.787e-07,-0.023078547662879544
1.788e-07,-0.024547297662879542
1.789e-07,-0.025344167662879544
1.79e-07,-0.024547297662879542
1.791e-07,-0.021969167662879544
1.792e-07,-0.020547297662879542
1.793e-07,-0.022141047662879543
1.794e-07,-0.024547297662879542
1.795e-07,-0.025031667662879543
1.796e-07,-0.024547297662879542
1.797e-07,-0.024672297662879542
1.798e-07,-0.024547297662879542
1.799e-07,-0.023672297662879545
1.8e-07,-0.024547297662879542
1.801e-07,-0.027594167662879542
1.802e-07,-0.028547297662879542
1.803e-07,-0.025578547662879543
1.804e-07,-0.024547297662879542
1.805e-07,-0.028641047662879542
1.806e-07,-0.032547297662879546
1.807e-07,-0.030125417662879544
1.808e-07,-0.024547297662879542
1.809e-07,-0.022297297662879544
1.81e-07,-0.024547297662879542
1.811e-07,-0.026562917662879545
1.812e-07,-0.024547297662879542
1.813e-07,-0.019578547662879545
1.814e-07,-0.016547297662879542
1.815e-07,-0.019062917662879545
1.816e-07,-0.024547297662879542
1.817e-07,-0.027344167662879542
1.818e-07,-0.024547297662879542
1.819e-07,-0.019094167662879545
1.82e-07,-0.016547297662879542
1.821e-07,-0.019562917662879542
1.822e-07,-0.024547297662879542
1.823e-07,-0.026562917662879545
1.824e-07,-0.024547297662879542
1.825e-07,-0.021406667662879544
1.826e-07,-0.020547297662879542
1.827e-07,-0.022297297662879544
1.828e-07,-0.024547297662879542
1.829e-07,-0.025203547662879543
1.83e-07,-0.024547297662879542
1.831e-07,-0.024047297662879545
1.832e-07,-0.024547297662879542
1.833e-07,-0.025078547662879543
1.834e-07,-0.024547297662879542
1.835e-07,-0.022719167662879545
1.836e-07,-0.020547297662879542
1.837e-07,-0.019656667662879542
1.838e-07,-0.020547297662879542
1.839e-07,-0.022687917662879545
1.84e-07,-0.024547297662879542
1.841e-07,-0.025234797662879543
1.842e-07,-0.024547297662879542
1.843e-07,-0.023734797662879545
1.844e-07,-0.024547297662879542
1.845e-07,-0.026812917662879545
1.846e-07,-0.028547297662879542
1.847e-07,-0.028328547662879542
1.848e-07,-0.028547297662879542
1.849e-07,-0.030453547662879544
1.85e-07,-0.032547297662879546
1.851e-07,-0.031797297662879545
1.852e-07,-0.028547297662879542
1.853e-07,-0.024312917662879543
1.854e-07,-0.020547297662879542
1.855e-07,-0.017687917662879544
1.856e-07,-0.016547297662879542
1.857e-07,-0.017891047662879543
1.858e-07,-0.020547297662879542
1.859e-07,-0.023156667662879542
1.86e-07,-0.024547297662879542
1.861e-07,-0.023937917662879542
1.862e-07,-0.020547297662879542
1.863e-07,-0.016766047662879542
1.864e-07,-0.016547297662879542
1.865e-07,-0.020953547662879542
1.866e-07,-0.024547297662879542
1.867e-07,-0.023281667662879542
1.868e-07,-0.020547297662879542
1.869e-07,-0.021172297662879543
1.87e-07,-0.024547297662879542
1.871e-07,-0.027328547662879545
1.872e-07,-0.028547297662879542
1.873e-07,-0.028812917662879543
1.874e-07,-0.028547297662879542
1.875e-07,-0.02700041766287954
1.876e-07,-0.024547297662879542
1.877e-07,-0.023016047662879544
1.878e-07,-0.024547297662879542
1.879e-07,-0.028000417662879543
1.88e-07,-0.028547297662879542
1.881e-07,-0.024234797662879542
1.882e-07,-0.020547297662879542
1.883e-07,-0.022844167662879545
1.884e-07,-0.028547297662879542
1.885e-07,-0.03214104766287954
1.886e-07,-0.032547297662879546
1.887e-07,-0.031172297662879545
1.888e-07,-0.028547297662879542
1.889e-07,-0.025250417662879544
1.89e-07,-0.024547297662879542
1.891e-07,-0.027047297662879544
1.892e-07,-0.028547297662879542
1.893e-07,-0.026391047662879544
1.894e-07,-0.024547297662879542
1.895e-07,-0.026219167662879544
1.896e-07,-0.028547297662879542
1.897e-07,-0.027562917662879542
1.898e-07,-0.024547297662879542
1.899e-07,-0.023344167662879542
1.9e-07,-0.024547297662879542
1.901e-07,-0.025656667662879544
1.902e-07,-0.024547297662879542
1.903e-07,-0.022047297662879543
1.904e-07,-0.020547297662879542
1.905e-07,-0.021828547662879543
1.906e-07,-0.024547297662879542
1.907e-07,-0.025906667662879544
1.908e-07,-0.024547297662879542
1.909e-07,-0.022844167662879545
1.91e-07,-0.024547297662879542
1.911e-07,-0.029500417662879544
1.912e-07,-0.032547297662879546
1.913e-07,-0.029750417662879544
1.914e-07,-0.024547297662879542
1.915e-07,-0.022453547662879544
1.916e-07,-0.024547297662879542
1.917e-07,-0.027516047662879545
1.918e-07,-0.028547297662879542
1.919e-07,-0.02703166766287954
1.92e-07,-0.024547297662879542
1.921e-07,-0.023234797662879544
1.922e-07,-0.024547297662879542
1.923e-07,-0.027344167662879542
1.924e-07,-0.028547297662879542
1.925e-07,-0.026859797662879544
1.926e-07,-0.024547297662879542
1.927e-07,-0.023891047662879545
1.928e-07,-0.024547297662879542
1.929e-07,-0.024859797662879542
1.93e-07,-0.024547297662879542
1.931e-07,-0.024312917662879543
1.932e-07,-0.024547297662879542
1.933e-07,-0.024687917662879543
1.934e-07,-0.024547297662879542
1.935e-07,-0.024359797662879542
1.936e-07,-0.024547297662879542
1.937e-07,-0.024937917662879543
1.938e-07,-0.024547297662879542
1.939e-07,-0.022719167662879545
1.94e-07,-0.020547297662879542
1.941e-07,-0.019812917662879542
1.942e-07,-0.020547297662879542
1.943e-07,-0.022172297662879543
1.944e-07,-0.024547297662879542
1.945e-07,-0.026141047662879544
1.946e-07,-0.024547297662879542
1.947e-07,-0.020687917662879543
1.948e-07,-0.020547297662879542
1.949e-07,-0.025641047662879543
1.95e-07,-0.028547297662879542
1.951e-07,-0.023578547662879545
1.952e-07,-0.016547297662879542
1.953e-07,-0.014844167662879543
1.954e-07,-0.016547297662879542
1.955e-07,-0.016937917662879543
1.956e-07,-0.016547297662879542
1.957e-07,-0.018328547662879544
1.958e-07,-0.020547297662879542
1.959e-07,-0.020766047662879542
1.96e-07,-0.020547297662879542
1.961e-07,-0.022078547662879543
1.962e-07,-0.024547297662879542
1.963e-07,-0.025422297662879543
1.964e-07,-0.024547297662879542
1.965e-07,-0.022609797662879544
1.966e-07,-0.020547297662879542
1.967e-07,-0.018516047662879544
1.968e-07,-0.016547297662879542
1.969e-07,-0.014500417662879543
1.97e-07,-0.012547297662879544
1.971e-07,-0.011672297662879543
1.972e-07,-0.012547297662879544
1.973e-07,-0.015937917662879546
1.974e-07,-0.020547297662879542
1.975e-07,-0.024125417662879543
1.976e-07,-0.024547297662879542
1.977e-07,-0.021187917662879543
1.978e-07,-0.016547297662879542
1.979e-07,-0.014156667662879544
1.98e-07,-0.016547297662879542
1.981e-07,-0.021750417662879544
1.982e-07,-0.024547297662879542
1.983e-07,-0.021516047662879543
1.984e-07,-0.016547297662879542
1.985e-07,-0.013719167662879544
1.986e-07,-0.012547297662879544
1.987e-07,-0.011672297662879543
1.988e-07,-0.012547297662879544
1.989e-07,-0.015672297662879545
1.99e-07,-0.016547297662879542
1.991e-07,-0.012594167662879543
1.992e-07,-0.008547294662879543
1.993e-07,-0.009344169662879544
1.994e-07,-0.012547297662879544
1.995e-07,-0.013734797662879543
1.996e-07,-0.012547297662879544
1.997e-07,-0.011672297662879543
1.998e-07,-0.012547297662879544
1.999e-07,-0.013500417662879544
2e-07,-0.012547297662879544
2.001e-07,-0.009969169662879543
2.002e-07,-0.008547294662879543
2.003e-07,-0.010125419662879543
2.004e-07,-0.012547297662879544
2.005e-07,-0.012141047662879543
2.006e-07,-0.008547294662879543
2.007e-07,-0.0048597946628795435
2.008e-07,-0.004547294662879543
2.009e-07,-0.008141044662879543
2.01e-07,-0.012547297662879544
2.011e-07,-0.014219167662879544
2.012e-07,-0.012547297662879544
2.013e-07,-0.009781669662879543
2.014e-07,-0.008547294662879543
2.015e-07,-0.008797294662879544
2.016e-07,-0.008547294662879543
2.017e-07,-0.006578544662879543
2.018e-07,-0.004547294662879543
2.019e-07,-0.005016044662879544
2.02e-07,-0.008547294662879543
2.021e-07,-0.012422297662879543
2.022e-07,-0.012547297662879544
2.023e-07,-0.008453544662879543
2.024e-07,-0.004547294662879543
2.025e-07,-0.004000419662879544
2.026e-07,-0.004547294662879543
2.027e-07,-0.0039222946628795444
2.028e-07,-0.004547294662879543
2.029e-07,-0.008531669662879543
2.03e-07,-0.012547297662879544
2.031e-07,-0.012172297662879543
2.032e-07,-0.008547294662879543
2.033e-07,-0.005500419662879544
2.034e-07,-0.004547294662879543
2.035e-07,-0.004578544662879543
2.036e-07,-0.004547294662879543
2.037e-07,-0.004391044662879544
2.038e-07,-0.004547294662879543
2.039e-07,-0.0058754196628795444
2.04e-07,-0.008547294662879543
2.041e-07,-0.010516044662879543
2.042e-07,-0.008547294662879543
2.043e-07,-0.003281669662879544
2.044e-07,-0.0005472945174135438
2.045e-07,-0.003750419662879544
2.046e-07,-0.008547294662879543
2.047e-07,-0.009734794662879543
2.048e-07,-0.008547294662879543
2.049e-07,-0.008219169662879543
2.05e-07,-0.008547294662879543
2.051e-07,-0.007172294662879544
2.052e-07,-0.004547294662879543
2.053e-07,-0.003203544662879544
2.054e-07,-0.004547294662879543
2.055e-07,-0.007453544662879544
2.056e-07,-0.008547294662879543
2.057e-07,-0.006547294662879543
2.058e-07,-0.004547294662879543
2.059e-07,-0.0047816696628795435
2.06e-07,-0.004547294662879543
2.061e-07,-0.002953544662879544
2.062e-07,-0.004547294662879543
2.063e-07,-0.011266047662879544
2.064e-07,-0.016547297662879542
2.065e-07,-0.014328547662879543
2.066e-07,-0.008547294662879543
2.067e-07,-0.006156669662879545
2.068e-07,-0.008547294662879543
2.069e-07,-0.010734797662879544
2.07e-07,-0.008547294662879543
2.071e-07,-0.004078544662879544
2.072e-07,-0.004547294662879543
2.073e-07,-0.011469167662879544
2.074e-07,-0.016547297662879542
2.075e-07,-0.012469167662879543
2.076e-07,-0.004547294662879543
2.077e-07,-0.0016722946628795437
2.078e-07,-0.004547294662879543
2.079e-07,-0.007891044662879544
2.08e-07,-0.008547294662879543
2.081e-07,-0.006953544662879544
2.082e-07,-0.004547294662879543
2.083e-07,-0.002266044662879544
2.084e-07,-0.0005472945174135438
2.085e-07,9.333053712045616e-05
2.086e-07,-0.0005472945174135438
2.087e-07,-0.0025629196628795437
2.088e-07,-0.004547294662879543
2.089e-07,-0.005156669662879544
2.09e-07,-0.004547294662879543
2.091e-07,-0.004047294662879544
2.092e-07,-0.004547294662879543
2.093e-07,-0.005344169662879544
2.094e-07,-0.004547294662879543
2.095e-07,-0.0019222946628795437
2.096e-07,-0.0005472945174135438
2.097e-07,-0.0021410446628795437
2.098e-07,-0.004547294662879543
2.099e-07,-0.005016044662879544
2.1e-07,-0.004547294662879543
2.101e-07,-0.004687919662879543
2.102e-07,-0.004547294662879543
2.103e-07,-0.002766044662879544
2.104e-07,-0.0005472945174135438
2.105e-07,0.00015583053712045622
2.106e-07,-0.0005472945174135438
2.107e-07,-0.0013129195628795438
2.108e-07,-0.0005472945174135438
2.109e-07,0.0006558303371204562
2.11e-07,-0.0005472945174135438
2.111e-07,-0.003906669662879544
2.112e-07,-0.004547294662879543
2.113e-07,-0.0013285445628795438
2.114e-07,-0.0005472945174135438
2.115e-07,-0.006297294662879543
2.116e-07,-0.012547297662879544
2.117e-07,-0.011203547662879544
2.118e-07,-0.004547294662879543
2.119e-07,0.00031208053712045614
2.12e-07,-0.0005472945174135438
2.121e-07,-0.004922294662879544
2.122e-07,-0.008547294662879543
2.123e-07,-0.008156669662879543
2.124e-07,-0.004547294662879543
2.125e-07,-3.166946287954384e-05
2.126e-07,0.0034527053371204565
2.127e-07,0.004608955337120456
2.128e-07,0.0034527053371204565
2.129e-07,0.0007183303371204562
2.13e-07,-0.0005472945174135438
2.131e-07,0.0009995803371204562
2.132e-07,0.0034527053371204565
2.133e-07,0.0033745803371204564
2.134e-07,-0.0005472945174135438
2.135e-07,-0.0059847946628795445
2.136e-07,-0.008547294662879543
2.137e-07,-0.006625419662879543
2.138e-07,-0.004547294662879543
2.139e-07,-0.0047504196628795434
2.14e-07,-0.004547294662879543
2.141e-07,-0.0007972945628795438
2.142e-07,0.0034527053371204565
2.143e-07,0.004468330337120456
2.144e-07,0.0034527053371204565
2.145e-07,0.0032964553371204563
2.146e-07,0.0034527053371204565
2.147e-07,0.001937080337120456
2.148e-07,-0.0005472945174135438
2.149e-07,-0.0017816696628795438
2.15e-07,-0.0005472945174135438
2.151e-07,0.001952705337120456
2.152e-07,0.0034527053371204565
2.153e-07,0.0032808303371204563
2.154e-07,0.0034527053371204565
2.155e-07,0.005437080337120457
2.156e-07,0.007452705337120457
2.157e-07,0.006812080337120456
2.158e-07,0.0034527053371204565
2.159e-07,0.00010895553712045617
2.16e-07,-0.0005472945174135438
2.161e-07,0.001546455337120456
2.162e-07,0.0034527053371204565
2.163e-07,0.0034839553371204565
2.164e-07,0.0034527053371204565
2.165e-07,0.005280830337120457
2.166e-07,0.007452705337120457
2.167e-07,0.007921455337120457
2.168e-07,0.007452705337120457
2.169e-07,0.007483955337120457
2.17e-07,0.007452705337120457
2.171e-07,0.005874580337120456
2.172e-07,0.0034527053371204565
2.173e-07,0.002124580337120456
2.174e-07,0.0034527053371204565
2.175e-07,0.006405830337120456
2.176e-07,0.007452705337120457
2.177e-07,0.005374580337120457
2.178e-07,0.0034527053371204565
2.179e-07,0.003921455337120456
2.18e-07,0.0034527053371204565
2.181e-07,0.0004995803371204562
2.182e-07,-0.0005472945174135438
2.183e-07,0.0034839553371204565
2.184e-07,0.007452705337120457
2.185e-07,0.006468330337120456
2.186e-07,0.0034527053371204565
2.187e-07,0.003999580337120456
2.188e-07,0.007452705337120457
2.189e-07,0.009171455337120457
2.19e-07,0.007452705337120457
2.191e-07,0.004437080337120456
2.192e-07,0.0034527053371204565
2.193e-07,0.006249580337120456
2.194e-07,0.011452702337120457
2.195e-07,0.014562082337120457
2.196e-07,0.011452702337120457
2.197e-07,0.003718330337120456
2.198e-07,-0.0005472945174135438
2.199e-07,0.002671455337120456
2.2e-07,0.007452705337120457
2.201e-07,0.008108955337120456
2.202e-07,0.007452705337120457
2.203e-07,0.009530832337120456
2.204e-07,0.011452702337120457
2.205e-07,0.008765205337120456
2.206e-07,0.0034527053371204565
2.207e-07,0.001312080337120456
2.208e-07,0.0034527053371204565
2.209e-07,0.0068277053371204564
2.21e-07,0.007452705337120457
2.211e-07,0.005077705337120457
2.212e-07,0.0034527053371204565
2.213e-07,0.006155830337120456
2.214e-07,0.011452702337120457
2.215e-07,0.015218332337120458
2.216e-07,0.015452702337120455
2.217e-07,0.013233952337120457
2.218e-07,0.011452702337120457
2.219e-07,0.011140202337120457
2.22e-07,0.011452702337120457
2.221e-07,0.011327702337120457
2.222e-07,0.011452702337120457
2.223e-07,0.012030832337120457
2.224e-07,0.011452702337120457
2.225e-07,0.009046455337120457
2.226e-07,0.007452705337120457
2.227e-07,0.009249580337120457
2.228e-07,0.011452702337120457
2.229e-07,0.011640202337120457
2.23e-07,0.011452702337120457
2.231e-07,0.012280832337120457
2.232e-07,0.011452702337120457
2.233e-07,0.009062080337120457
2.234e-07,0.011452702337120457
2.235e-07,0.020577702337120456
2.236e-07,0.027452702337120456
2.237e-07,0.023843332337120455
2.238e-07,0.015452702337120455
2.239e-07,0.011140202337120457
2.24e-07,0.011452702337120457
2.241e-07,0.011890202337120457
2.242e-07,0.011452702337120457
2.243e-07,0.011499582337120456
2.244e-07,0.011452702337120457
2.245e-07,0.010921452337120456
2.246e-07,0.011452702337120457
2.247e-07,0.014062082337120457
2.248e-07,0.015452702337120455
2.249e-07,0.013874582337120456
2.25e-07,0.011452702337120457
2.251e-07,0.010780832337120457
2.252e-07,0.011452702337120457
2.253e-07,0.012593332337120457
2.254e-07,0.015452702337120455
2.255e-07,0.020108952337120456
2.256e-07,0.023452702337120455
2.257e-07,0.021515202337120457
2.258e-07,0.015452702337120455
2.259e-07,0.009593332337120456
2.26e-07,0.007452705337120457
2.261e-07,0.009312080337120457
2.262e-07,0.011452702337120457
2.263e-07,0.010905832337120457
2.264e-07,0.007452705337120457
2.265e-07,0.005327705337120457
2.266e-07,0.007452705337120457
2.267e-07,0.013858952337120457
2.268e-07,0.019452702337120455
2.269e-07,0.020843332337120456
2.27e-07,0.019452702337120455
2.271e-07,0.019452702337120455
2.272e-07,0.023452702337120455
2.273e-07,0.028905832337120456
2.274e-07,0.031452702337120456
2.275e-07,0.028374582337120455
2.276e-07,0.023452702337120455
2.277e-07,0.020187082337120455
2.278e-07,0.019452702337120455
2.279e-07,0.019327702337120455
2.28e-07,0.019452702337120455
2.281e-07,0.020015202337120456
2.282e-07,0.019452702337120455
2.283e-07,0.017280832337120456
2.284e-07,0.015452702337120455
2.285e-07,0.015483952337120455
2.286e-07,0.015452702337120455
2.287e-07,0.014608952337120456
2.288e-07,0.015452702337120455
2.289e-07,0.019530832337120458
2.29e-07,0.023452702337120455
2.291e-07,0.023249582337120458
2.292e-07,0.019452702337120455
2.293e-07,0.015046452337120457
2.294e-07,0.011452702337120457
2.295e-07,0.008858955337120457
2.296e-07,0.007452705337120457
2.297e-07,0.008374580337120456
2.298e-07,0.011452702337120457
2.299e-07,0.015843332337120458
2.3e-07,0.019452702337120455
2.301e-07,0.020562082337120455
2.302e-07,0.019452702337120455
2.303e-07,0.017374582337120456
2.304e-07,0.015452702337120455
2.305e-07,0.014718332337120457
2.306e-07,0.015452702337120455
2.307e-07,0.016374582337120455
2.308e-07,0.015452702337120455
2.309e-07,0.011796452337120457
2.31e-07,0.007452705337120457
2.311e-07,0.006655830337120456
2.312e-07,0.011452702337120457
2.313e-07,0.019374582337120458
2.314e-07,0.023452702337120455
2.315e-07,0.020483952337120456
2.316e-07,0.015452702337120455
2.317e-07,0.013999582337120457
2.318e-07,0.015452702337120455
2.319e-07,0.016124582337120455
2.32e-07,0.015452702337120455
2.321e-07,0.015155832337120458
2.322e-07,0.015452702337120455
2.323e-07,0.015437082337120458
2.324e-07,0.015452702337120455
2.325e-07,0.015718332337120458
2.326e-07,0.015452702337120455
2.327e-07,0.014890202337120457
2.328e-07,0.015452702337120455
2.329e-07,0.017608952337120457
2.33e-07,0.019452702337120455
2.331e-07,0.018718332337120457
2.332e-07,0.015452702337120455
2.333e-07,0.012108952337120456
2.334e-07,0.011452702337120457
2.335e-07,0.013562082337120456
2.336e-07,0.015452702337120455
2.337e-07,0.015390202337120455
2.338e-07,0.015452702337120455
2.339e-07,0.017437082337120456
2.34e-07,0.019452702337120455
2.341e-07,0.018562082337120457
2.342e-07,0.015452702337120455
2.343e-07,0.012608952337120456
2.344e-07,0.011452702337120457
2.345e-07,0.011530832337120456
2.346e-07,0.011452702337120457
2.347e-07,0.011140202337120457
2.348e-07,0.011452702337120457
2.349e-07,0.012327702337120456
2.35e-07,0.011452702337120457
2.351e-07,0.008733955337120456
2.352e-07,0.007452705337120457
2.353e-07,0.010655832337120457
2.354e-07,0.015452702337120455
2.355e-07,0.017312082337120456
2.356e-07,0.015452702337120455
2.357e-07,0.012437082337120457
2.358e-07,0.011452702337120457
2.359e-07,0.013202702337120457
2.36e-07,0.015452702337120455
2.361e-07,0.016108952337120456
2.362e-07,0.015452702337120455
2.363e-07,0.014093332337120457
2.364e-07,0.011452702337120457
2.365e-07,0.008046455337120456
2.366e-07,0.007452705337120457
2.367e-07,0.011468332337120456
2.368e-07,0.015452702337120455
2.369e-07,0.015921452337120456
2.37e-07,0.015452702337120455
2.371e-07,0.016327702337120456
2.372e-07,0.015452702337120455
2.373e-07,0.010890202337120456
2.374e-07,0.007452705337120457
2.375e-07,0.010187082337120457
2.376e-07,0.015452702337120455
2.377e-07,0.017312082337120456
2.378e-07,0.015452702337120455
2.379e-07,0.012921452337120456
2.38e-07,0.011452702337120457
2.381e-07,0.011937082337120456
2.382e-07,0.015452702337120455
2.383e-07,0.020749582337120456
2.384e-07,0.023452702337120455
2.385e-07,0.020640202337120456
2.386e-07,0.015452702337120455
2.387e-07,0.012093332337120457
2.388e-07,0.011452702337120457
2.389e-07,0.011874582337120456
2.39e-07,0.011452702337120457
2.391e-07,0.010702702337120456
2.392e-07,0.011452702337120457
2.393e-07,0.013921452337120457
2.394e-07,0.015452702337120455
2.395e-07,0.015108952337120455
2.396e-07,0.015452702337120455
2.397e-07,0.018015202337120458
2.398e-07,0.019452702337120455
2.399e-07,0.016343332337120455
2.4e-07,0.011452702337120457
2.401e-07,0.009483952337120457
2.402e-07,0.011452702337120457
2.403e-07,0.014374582337120457
2.404e-07,0.015452702337120455
2.405e-07,0.013999582337120457
2.406e-07,0.011452702337120457
2.407e-07,0.010358952337120456
2.408e-07,0.011452702337120457
2.409e-07,0.012921452337120456
2.41e-07,0.011452702337120457
2.411e-07,0.0069370803371204565
2.412e-07,0.0034527053371204565
2.413e-07,0.005358955337120457
2.414e-07,0.011452702337120457
2.415e-07,0.017437082337120456
2.416e-07,0.019452702337120455
2.417e-07,0.016655832337120455
2.418e-07,0.011452702337120457
2.419e-07,0.007530830337120457
2.42e-07,0.007452705337120457
2.421e-07,0.011233952337120457
2.422e-07,0.015452702337120455
2.423e-07,0.016921452337120457
2.424e-07,0.015452702337120455
2.425e-07,0.012874582337120457
2.426e-07,0.011452702337120457
2.427e-07,0.012437082337120457
2.428e-07,0.015452702337120455
2.429e-07,0.018608952337120458
2.43e-07,0.019452702337120455
2.431e-07,0.017374582337120456
2.432e-07,0.015452702337120455
2.433e-07,0.015437082337120458
2.434e-07,0.015452702337120455
2.435e-07,0.013702702337120457
2.436e-07,0.011452702337120457
2.437e-07,0.010921452337120456
2.438e-07,0.011452702337120457
2.439e-07,0.011624582337120456
2.44e-07,0.011452702337120457
2.441e-07,0.012593332337120457
2.442e-07,0.015452702337120455
2.443e-07,0.018562082337120457
2.444e-07,0.019452702337120455
2.445e-07,0.017530832337120456
2.446e-07,0.015452702337120455
2.447e-07,0.015280832337120458
2.448e-07,0.015452702337120455
2.449e-07,0.013812082337120456
2.45e-07,0.011452702337120457
2.451e-07,0.010671452337120456
2.452e-07,0.011452702337120457
2.453e-07,0.013046452337120457
2.454e-07,0.015452702337120455
2.455e-07,0.018265202337120458
2.456e-07,0.019452702337120455
2.457e-07,0.017921452337120457
2.458e-07,0.015452702337120455
2.459e-07,0.014577702337120456
2.46e-07,0.015452702337120455
2.461e-07,0.016280832337120455
2.462e-07,0.015452702337120455
2.463e-07,0.013155832337120456
2.464e-07,0.011452702337120457
2.465e-07,0.012327702337120456
2.466e-07,0.015452702337120455
2.467e-07,0.018655832337120457
2.468e-07,0.019452702337120455
2.469e-07,0.017608952337120457
2.47e-07,0.015452702337120455
2.471e-07,0.014968332337120457
2.472e-07,0.015452702337120455
2.473e-07,0.015640202337120455
2.474e-07,0.015452702337120455
2.475e-07,0.015483952337120455
2.476e-07,0.015452702337120455
2.477e-07,0.015202702337120455
2.478e-07,0.015452702337120455
2.479e-07,0.017140202337120457
2.48e-07,0.019452702337120455
2.481e-07,0.020655832337120456
2.482e-07,0.019452702337120455
2.483e-07,0.016671452337120456
2.484e-07,0.015452702337120455
2.485e-07,0.017077702337120457
2.486e-07,0.019452702337120455
2.487e-07,0.020015202337120456
2.488e-07,0.019452702337120455
2.489e-07,0.019358952337120455
2.49e-07,0.019452702337120455
2.491e-07,0.018171452337120458
2.492e-07,0.015452702337120455
2.493e-07,0.012765202337120456
2.494e-07,0.011452702337120457
2.495e-07,0.012499582337120457
2.496e-07,0.015452702337120455
2.497e-07,0.018640202337120458
2.498e-07,0.019452702337120455
2.499e-07,0.017593332337120456
2.5e-07,0.015452702337120455
2.501e-07,0.015062082337120456
2.502e-07,0.015452702337120455
2.503e-07,0.015327702337120455
2.504e-07,0.015452702337120455
2.505e-07,0.017062082337120456
2.506e-07,0.019452702337120455
2.507e-07,0.020421452337120456
2.508e-07,0.019452702337120455
2.509e-07,0.017515202337120457
2.51e-07,0.015452702337120455
2.511e-07,0.014437082337120457
2.512e-07,0.015452702337120455
2.513e-07,0.016858952337120457
2.514e-07,0.015452702337120455
2.515e-07,0.011562082337120456
2.516e-07,0.011452702337120457
2.517e-07,0.017749582337120456
2.518e-07,0.023452702337120455
2.519e-07,0.021671452337120457
2.52e-07,0.015452702337120455
2.521e-07,0.010718332337120457
2.522e-07,0.007452705337120457
2.523e-07,0.004202705337120456
2.524e-07,0.0034527053371204565
2.525e-07,0.007421455337120457
2.526e-07,0.011452702337120457
2.527e-07,0.011968332337120456
2.528e-07,0.011452702337120457
2.529e-07,0.013562082337120456
2.53e-07,0.015452702337120455
2.531e-07,0.014046452337120456
2.532e-07,0.011452702337120457
2.533e-07,0.010796452337120456
2.534e-07,0.011452702337120457
2.535e-07,0.012124582337120457
2.536e-07,0.015452702337120455
2.537e-07,0.021202702337120457
2.538e-07,0.023452702337120455
2.539e-07,0.018374582337120457
2.54e-07,0.011452702337120457
2.541e-07,0.008437080337120456
2.542e-07,0.007452705337120457
2.543e-07,0.005249580337120457
2.544e-07,0.0034527053371204565
2.545e-07,0.005968330337120456
2.546e-07,0.011452702337120457
2.547e-07,0.015640202337120455
2.548e-07,0.015452702337120455
2.549e-07,0.012562082337120457
2.55e-07,0.011452702337120457
2.551e-07,0.013780832337120456
2.552e-07,0.015452702337120455
2.553e-07,0.013280832337120456
2.554e-07,0.011452702337120457
2.555e-07,0.013312082337120456
2.556e-07,0.015452702337120455
2.557e-07,0.013827702337120457
2.558e-07,0.011452702337120457
2.559e-07,0.011702702337120457
2.56e-07,0.011452702337120457
2.561e-07,0.007624580337120457
2.562e-07,0.0034527053371204565
2.563e-07,0.003874580337120456
2.564e-07,0.007452705337120457
2.565e-07,0.010343332337120457
2.566e-07,0.011452702337120457
2.567e-07,0.011702702337120457
2.568e-07,0.011452702337120457
2.569e-07,0.011030832337120457
2.57e-07,0.011452702337120457
2.571e-07,0.012280832337120457
2.572e-07,0.011452702337120457
2.573e-07,0.007780830337120457
2.574e-07,0.0034527053371204565
2.575e-07,0.001562080337120456
2.576e-07,0.0034527053371204565
2.577e-07,0.0068277053371204564
2.578e-07,0.007452705337120457
2.579e-07,0.0049527053371204565
2.58e-07,0.0034527053371204565
2.581e-07,0.005593330337120455
2.582e-07,0.007452705337120457
2.583e-07,0.0048902053371204564
2.584e-07,-0.0005472945174135438
2.585e-07,-0.003234794662879544
2.586e-07,-0.0005472945174135438
2.587e-07,0.004827705337120456
2.588e-07,0.007452705337120457
2.589e-07,0.005483955337120457
2.59e-07,0.0034527053371204565
2.591e-07,0.005155830337120457
2.592e-07,0.007452705337120457
2.593e-07,0.006327705337120456
2.594e-07,0.0034527053371204565
2.595e-07,0.0016558303371204562
2.596e-07,-0.0005472945174135438
2.597e-07,-0.004031669662879544
2.598e-07,-0.004547294662879543
2.599e-07,0.0009214553371204562
2.6e-07,0.007452705337120457
2.601e-07,0.009358955337120457
2.602e-07,0.007452705337120457
2.603e-07,0.005202705337120457
2.604e-07,0.0034527053371204565
2.605e-07,0.0012339553371204562
2.606e-07,-0.0005472945174135438
2.607e-07,-0.0007660445628795438
2.608e-07,-0.0005472945174135438
2.609e-07,-0.0006566695628795438
2.61e-07,-0.0005472945174135438
2.611e-07,9.333053712045616e-05
2.612e-07,-0.0005472945174135438
2.613e-07,-0.002844169662879544
2.614e-07,-0.004547294662879543
2.615e-07,-0.002234794662879544
2.616e-07,0.0034527053371204565
2.617e-07,0.009062080337120457
2.618e-07,0.011452702337120457
2.619e-07,0.008905830337120457
2.62e-07,0.0034527053371204565
2.621e-07,-0.0010160445628795438
2.622e-07,-0.0005472945174135438
2.623e-07,0.004124580337120456
2.624e-07,0.007452705337120457
2.625e-07,0.005062080337120457
2.626e-07,-0.0005472945174135438
2.627e-07,-0.004469169662879543
2.628e-07,-0.004547294662879543
2.629e-07,-0.0021410446628795437
2.63e-07,-0.0005472945174135438
2.631e-07,-0.0004535445128795438
2.632e-07,-0.0005472945174135438
2.633e-07,-1.6044462879543828e-05
2.634e-07,-0.0005472945174135438
2.635e-07,-0.002937919662879544
2.636e-07,-0.004547294662879543
2.637e-07,-0.0030629196628795437
2.638e-07,-0.0005472945174135438
2.639e-07,0.00015583053712045622
2.64e-07,-0.0005472945174135438
2.641e-07,-0.0007972945628795438
2.642e-07,-0.0005472945174135438
2.643e-07,-0.0015629196628795439
2.644e-07,-0.004547294662879543
2.645e-07,-0.007875419662879544
2.646e-07,-0.008547294662879543
2.647e-07,-0.005250419662879544
2.648e-07,-0.0005472945174135438
2.649e-07,0.0016558303371204562
2.65e-07,-0.0005472945174135438
2.651e-07,-0.005203544662879544
2.652e-07,-0.008547294662879543
2.653e-07,-0.008844169662879544
2.654e-07,-0.008547294662879543
2.655e-07,-0.009125419662879544
2.656e-07,-0.008547294662879543
2.657e-07,-0.004937919662879544
2.658e-07,-0.0005472945174135438
2.659e-07,0.0008745803371204561
2.66e-07,-0.0005472945174135438
2.661e-07,-0.002719169662879544
2.662e-07,-0.004547294662879543
2.663e-07,-0.006391044662879543
2.664e-07,-0.008547294662879543
2.665e-07,-0.010828547662879544
2.666e-07,-0.012547297662879544
2.667e-07,-0.013078547662879544
2.668e-07,-0.012547297662879544
2.669e-07,-0.010875417662879543
2.67e-07,-0.008547294662879543
2.671e-07,-0.005859794662879544
2.672e-07,-0.004547294662879543
2.673e-07,-0.005609794662879544
2.674e-07,-0.008547294662879543
2.675e-07,-0.011344167662879543
2.676e-07,-0.012547297662879544
2.677e-07,-0.011391047662879543
2.678e-07,-0.008547294662879543
2.679e-07,-0.005781669662879544
2.68e-07,-0.004547294662879543
2.681e-07,-0.004734794662879543
2.682e-07,-0.004547294662879543
2.683e-07,-0.002875419662879544
2.684e-07,-0.0005472945174135438
2.685e-07,-0.0005941695228795438
2.686e-07,-0.004547294662879543
2.687e-07,-0.010297294662879543
2.688e-07,-0.012547297662879544
2.689e-07,-0.009172294662879544
2.69e-07,-0.004547294662879543
2.691e-07,-0.004219169662879544
2.692e-07,-0.008547294662879543
2.693e-07,-0.012797297662879544
2.694e-07,-0.012547297662879544
2.695e-07,-0.008000419662879545
2.696e-07,-0.004547294662879543
2.697e-07,-0.005500419662879544
2.698e-07,-0.008547294662879543
2.699e-07,-0.009672294662879543
2.7e-07,-0.008547294662879543
2.701e-07,-0.007672294662879544
2.702e-07,-0.008547294662879543
2.703e-07,-0.009562919662879544
2.704e-07,-0.008547294662879543
2.705e-07,-0.005828544662879544
2.706e-07,-0.004547294662879543
2.707e-07,-0.006391044662879543
2.708e-07,-0.008547294662879543
2.709e-07,-0.007656669662879544
2.71e-07,-0.004547294662879543
2.711e-07,-0.0030004196628795436
2.712e-07,-0.004547294662879543
2.713e-07,-0.007437919662879544
2.714e-07,-0.008547294662879543
2.715e-07,-0.0067347946628795435
2.716e-07,-0.004547294662879543
2.717e-07,-0.005078544662879544
2.718e-07,-0.008547294662879543
2.719e-07,-0.011969167662879544
2.72e-07,-0.012547297662879544
2.721e-07,-0.009344169662879544
2.722e-07,-0.004547294662879543
2.723e-07,-0.0010160445628795438
2.724e-07,-0.0005472945174135438
2.725e-07,-0.002703544662879544
2.726e-07,-0.004547294662879543
2.727e-07,-0.0048441696628795435
2.728e-07,-0.004547294662879543
2.729e-07,-0.004687919662879543
2.73e-07,-0.004547294662879543
2.731e-07,-0.004047294662879544
2.732e-07,-0.004547294662879543
2.733e-07,-0.007750419662879544
2.734e-07,-0.012547297662879544
2.735e-07,-0.015078547662879544
2.736e-07,-0.012547297662879544
2.737e-07,-0.0067816696628795435
2.738e-07,-0.004547294662879543
2.739e-07,-0.008406669662879543
2.74e-07,-0.012547297662879544
2.741e-07,-0.011516047662879543
2.742e-07,-0.008547294662879543
2.743e-07,-0.009156669662879544
2.744e-07,-0.012547297662879544
2.745e-07,-0.014203547662879543
2.746e-07,-0.012547297662879544
2.747e-07,-0.009766044662879543
2.748e-07,-0.008547294662879543
2.749e-07,-0.009891044662879543
2.75e-07,-0.012547297662879544
2.751e-07,-0.014937917662879543
2.752e-07,-0.016547297662879542
2.753e-07,-0.017187917662879543
2.754e-07,-0.016547297662879542
2.755e-07,-0.014391047662879543
2.756e-07,-0.012547297662879544
2.757e-07,-0.013187917662879543
2.758e-07,-0.016547297662879542
2.759e-07,-0.019984797662879545
2.76e-07,-0.020547297662879542
2.761e-07,-0.016953547662879542
2.762e-07,-0.012547297662879544
2.763e-07,-0.010797297662879544
2.764e-07,-0.012547297662879544
2.765e-07,-0.015500417662879544
2.766e-07,-0.016547297662879542
2.767e-07,-0.014844167662879543
2.768e-07,-0.012547297662879544
2.769e-07,-0.010844167662879543
2.77e-07,-0.008547294662879543
2.771e-07,-0.005516044662879544
2.772e-07,-0.004547294662879543
2.773e-07,-0.007984794662879545
2.774e-07,-0.012547297662879544
2.775e-07,-0.014109797662879543
2.776e-07,-0.012547297662879544
2.777e-07,-0.010219169662879543
2.778e-07,-0.008547294662879543
2.779e-07,-0.007969169662879545
2.78e-07,-0.008547294662879543
2.781e-07,-0.010250419662879543
2.782e-07,-0.012547297662879544
2.783e-07,-0.013734797662879543
2.784e-07,-0.012547297662879544
2.785e-07,-0.009578544662879543
2.786e-07,-0.008547294662879543
2.787e-07,-0.010703547662879544
2.788e-07,-0.012547297662879544
2.789e-07,-0.011016047662879544
2.79e-07,-0.008547294662879543
2.791e-07,-0.008203544662879543
2.792e-07,-0.008547294662879543
2.793e-07,-0.007156669662879544
2.794e-07,-0.004547294662879543
2.795e-07,-0.0035941696628795437
2.796e-07,-0.004547294662879543
2.797e-07,-0.006469169662879543
2.798e-07,-0.008547294662879543
2.799e-07,-0.010766047662879544
2.8e-07,-0.012547297662879544
2.801e-07,-0.014125417662879544
2.802e-07,-0.016547297662879542
2.803e-07,-0.018312917662879544
2.804e-07,-0.016547297662879542
2.805e-07,-0.011203547662879544
2.806e-07,-0.008547294662879543
2.807e-07,-0.011906667662879544
2.808e-07,-0.016547297662879542
2.809e-07,-0.016234797662879545
2.81e-07,-0.012547297662879544
2.811e-07,-0.009875419662879543
2.812e-07,-0.008547294662879543
2.813e-07,-0.007656669662879544
2.814e-07,-0.008547294662879543
2.815e-07,-0.011609797662879543
2.816e-07,-0.012547297662879544
2.817e-07,-0.009797294662879543
2.818e-07,-0.008547294662879543
2.819e-07,-0.012359797662879543
2.82e-07,-0.016547297662879542
2.821e-07,-0.015891047662879545
2.822e-07,-0.012547297662879544
2.823e-07,-0.011281667662879543
2.824e-07,-0.012547297662879544
2.825e-07,-0.013344167662879543
2.826e-07,-0.012547297662879544
2.827e-07,-0.011531667662879544
2.828e-07,-0.012547297662879544
2.829e-07,-0.015172297662879544
2.83e-07,-0.016547297662879542
2.831e-07,-0.014703547662879544
2.832e-07,-0.012547297662879544
2.833e-07,-0.012453547662879543
2.834e-07,-0.012547297662879544
2.835e-07,-0.010672297662879544
2.836e-07,-0.008547294662879543
2.837e-07,-0.008391044662879543
2.838e-07,-0.008547294662879543
2.839e-07,-0.006937919662879544
2.84e-07,-0.004547294662879543
2.841e-07,-0.004719169662879543
2.842e-07,-0.008547294662879543
2.843e-07,-0.013953547662879543
2.844e-07,-0.016547297662879542
2.845e-07,-0.014906667662879543
2.846e-07,-0.012547297662879544
2.847e-07,-0.012297297662879543
2.848e-07,-0.012547297662879544
2.849e-07,-0.010594167662879543
2.85e-07,-0.008547294662879543
2.851e-07,-0.009297294662879544
2.852e-07,-0.012547297662879544
2.853e-07,-0.015531667662879544
2.854e-07,-0.016547297662879542
2.855e-07,-0.015391047662879543
2.856e-07,-0.012547297662879544
2.857e-07,-0.008562919662879543
2.858e-07,-0.004547294662879543
2.859e-07,-0.002437919662879544
2.86e-07,-0.004547294662879543
2.861e-07,-0.010625417662879543
2.862e-07,-0.016547297662879542
2.863e-07,-0.018328547662879544
2.864e-07,-0.016547297662879542
2.865e-07,-0.013203547662879544
2.866e-07,-0.008547294662879543
2.867e-07,-0.003297294662879544
2.868e-07,-0.0005472945174135438
2.869e-07,-0.0019691696628795436
2.87e-07,-0.004547294662879543
2.871e-07,-0.0059847946628795445
2.872e-07,-0.008547294662879543
2.873e-07,-0.013594167662879544
2.874e-07,-0.016547297662879542
2.875e-07,-0.013781667662879544
2.876e-07,-0.008547294662879543
2.877e-07,-0.005672294662879544
2.878e-07,-0.004547294662879543
2.879e-07,-0.003406669662879544
2.88e-07,-0.004547294662879543
2.881e-07,-0.009031669662879544
2.882e-07,-0.012547297662879544
2.883e-07,-0.012266047662879543
2.884e-07,-0.012547297662879544
2.885e-07,-0.015734797662879545
2.886e-07,-0.016547297662879542
2.887e-07,-0.010797297662879544
2.888e-07,-0.004547294662879543
2.889e-07,-0.004562919662879543
2.89e-07,-0.008547294662879543
2.891e-07,-0.010422294662879543
2.892e-07,-0.008547294662879543
2.893e-07,-0.005828544662879544
2.894e-07,-0.004547294662879543
2.895e-07,-0.0047660446628795435
2.896e-07,-0.004547294662879543
2.897e-07,-0.0048597946628795435
2.898e-07,-0.008547294662879543
2.899e-07,-0.015734797662879545
2.9e-07,-0.020547297662879542
2.901e-07,-0.018187917662879544
2.902e-07,-0.012547297662879544
2.903e-07,-0.010078544662879543
2.904e-07,-0.012547297662879544
2.905e-07,-0.015937917662879546
2.906e-07,-0.016547297662879542
2.907e-07,-0.014141047662879543
2.908e-07,-0.012547297662879544
2.909e-07,-0.014031667662879544
2.91e-07,-0.016547297662879542
2.911e-07,-0.016172297662879545
2.912e-07,-0.012547297662879544
2.913e-07,-0.008891044662879544
2.914e-07,-0.008547294662879543
2.915e-07,-0.012047297662879543
2.916e-07,-0.016547297662879542
2.917e-07,-0.018312917662879544
2.918e-07,-0.016547297662879542
2.919e-07,-0.012453547662879543
2.92e-07,-0.008547294662879543
2.921e-07,-0.007000419662879544
2.922e-07,-0.008547294662879543
2.923e-07,-0.011672297662879543
2.924e-07,-0.012547297662879544
2.925e-07,-0.009391044662879544
2.926e-07,-0.004547294662879543
2.927e-07,-0.002234794662879544
2.928e-07,-0.004547294662879543
2.929e-07,-0.009672294662879543
2.93e-07,-0.012547297662879544
2.931e-07,-0.011969167662879544
2.932e-07,-0.012547297662879544
2.933e-07,-0.015859797662879545
2.934e-07,-0.016547297662879542
2.935e-07,-0.010703547662879544
2.936e-07,-0.004547294662879543
2.937e-07,-0.004734794662879543
2.938e-07,-0.008547294662879543
2.939e-07,-0.009891044662879543
2.94e-07,-0.008547294662879543
2.941e-07,-0.007828544662879544
2.942e-07,-0.008547294662879543
2.943e-07,-0.009016044662879544
2.944e-07,-0.008547294662879543
2.945e-07,-0.007984794662879545
2.946e-07,-0.008547294662879543
2.947e-07,-0.010453544662879543
2.948e-07,-0.012547297662879544
2.949e-07,-0.012281667662879544
2.95e-07,-0.008547294662879543
2.951e-07,-0.0031254196628795437
2.952e-07,-0.0005472945174135438
2.953e-07,-0.002328544662879544
2.954e-07,-0.004547294662879543
2.955e-07,-0.004453544662879543
2.956e-07,-0.004547294662879543
2.957e-07,-0.007062919662879544
2.958e-07,-0.008547294662879543
2.959e-07,-0.005406669662879544
2.96e-07,-0.0005472945174135438
2.961e-07,0.0011089553371204561
2.962e-07,-0.0005472945174135438
2.963e-07,-0.002937919662879544
2.964e-07,-0.004547294662879543
2.965e-07,-0.005172294662879544
2.966e-07,-0.004547294662879543
2.967e-07,-0.0026722946628795438
2.968e-07,-0.0005472945174135438
2.969e-07,0.0003902055371204562
2.97e-07,-0.0005472945174135438
2.971e-07,-0.002859794662879544
2.972e-07,-0.004547294662879543
2.973e-07,-0.004609794662879543
2.974e-07,-0.004547294662879543
2.975e-07,-0.004953544662879544
2.976e-07,-0.004547294662879543
2.977e-07,-0.002391044662879544
2.978e-07,-0.0005472945174135438
2.979e-07,-0.001422294562879544
2.98e-07,-0.004547294662879543
2.981e-07,-0.006312919662879543
2.982e-07,-0.004547294662879543
2.983e-07,-4.7294462879543856e-05
2.984e-07,0.0034527053371204565
2.985e-07,0.0028433303371204564
2.986e-07,-0.0005472945174135438
2.987e-07,-0.0026410446628795437
2.988e-07,-0.0005472945174135438
2.989e-07,0.004483955337120456
2.99e-07,0.007452705337120457
2.991e-07,0.0049995803371204565
2.992e-07,-0.0005472945174135438
2.993e-07,-0.004531669662879543
2.994e-07,-0.004547294662879543
2.995e-07,-0.0011566695628795437
2.996e-07,0.0034527053371204565
2.997e-07,0.006983955337120457
2.998e-07,0.007452705337120457
2.999e-07,0.005312080337120457
3e-07,0.0034527053371204565
3.001e-07,0.0033277053371204564
3.002e-07,0.0034527053371204565
3.003e-07,0.001983955337120456
3.004e-07,-0.0005472945174135438
3.005e-07,-0.0009379195628795438
3.006e-07,0.0034527053371204565
3.007e-07,0.009921452337120457
3.008e-07,0.011452702337120457
3.009e-07,0.005546455337120457
3.01e-07,-0.0005472945174135438
3.011e-07,-0.00021916946287954385
3.012e-07,0.0034527053371204565
3.013e-07,0.004515205337120456
3.014e-07,0.0034527053371204565
3.015e-07,0.0033745803371204564
3.016e-07,0.0034527053371204565
3.017e-07,0.0016714553371204562
3.018e-07,-0.0005472945174135438
3.019e-07,-0.0007816695628795438
3.02e-07,-0.0005472945174135438
3.021e-07,-0.0009222945628795438
3.022e-07,-0.0005472945174135438
3.023e-07,0.0018433303371204563
3.024e-07,0.0034527053371204565
3.025e-07,0.003046455337120456
3.026e-07,0.0034527053371204565
3.027e-07,0.006327705337120456
3.028e-07,0.007452705337120457
3.029e-07,0.004671455337120456
3.03e-07,0.0034527053371204565
3.031e-07,0.007483955337120457
3.032e-07,0.011452702337120457
3.033e-07,0.010093332337120457
3.034e-07,0.007452705337120457
3.035e-07,0.008608955337120456
3.036e-07,0.011452702337120457
3.037e-07,0.010765202337120456
3.038e-07,0.007452705337120457
3.039e-07,0.0057183303371204555
3.04e-07,0.007452705337120457
3.041e-07,0.010546452337120456
3.042e-07,0.011452702337120457
3.043e-07,0.008343330337120456
3.044e-07,0.0034527053371204565
3.045e-07,0.0002495805371204562
3.046e-07,-0.0005472945174135438
3.047e-07,0.0006714553371204562
3.048e-07,0.0034527053371204565
3.049e-07,0.0068745803371204565
3.05e-07,0.007452705337120457
3.051e-07,0.004858955337120456
3.052e-07,0.0034527053371204565
3.053e-07,0.0057808303371204555
3.054e-07,0.007452705337120457
3.055e-07,0.005327705337120457
3.056e-07,0.0034527053371204565
3.057e-07,0.006343330337120456
3.058e-07,0.011452702337120457
3.059e-07,0.013280832337120456
3.06e-07,0.011452702337120457
3.061e-07,0.008827705337120456
3.062e-07,0.007452705337120457
3.063e-07,0.007218330337120457
3.064e-07,0.007452705337120457
3.065e-07,0.007562080337120457
3.066e-07,0.007452705337120457
3.067e-07,0.007233955337120457
3.068e-07,0.007452705337120457
3.069e-07,0.007765205337120457
3.07e-07,0.007452705337120457
3.071e-07,0.007030830337120457
3.072e-07,0.007452705337120457
3.073e-07,0.008421455337120456
3.074e-07,0.007452705337120457
3.075e-07,0.0034839553371204565
3.076e-07,-0.0005472945174135438
3.077e-07,-0.0006097945228795438
3.078e-07,0.0034527053371204565
3.079e-07,0.008718330337120456
3.08e-07,0.011452702337120457
3.081e-07,0.010327702337120456
3.082e-07,0.007452705337120457
3.083e-07,0.005046455337120457
3.084e-07,0.0034527053371204565
3.085e-07,0.002546455337120456
3.086e-07,0.0034527053371204565
3.087e-07,0.006108955337120456
3.088e-07,0.007452705337120457
3.089e-07,0.0057339553371204555
3.09e-07,0.0034527053371204565
3.091e-07,0.0032964553371204563
3.092e-07,0.0034527053371204565
3.093e-07,0.001937080337120456
3.094e-07,-0.0005472945174135438
3.095e-07,-0.0006566695628795438
3.096e-07,0.0034527053371204565
3.097e-07,0.009358955337120457
3.098e-07,0.011452702337120457
3.099e-07,0.008780830337120456
3.1e-07,0.007452705337120457
3.101e-07,0.010483952337120456
3.102e-07,0.011452702337120457
3.103e-07,0.005562080337120455
3.104e-07,-0.0005472945174135438
3.105e-07,0.0009527053371204562
3.106e-07,0.007452705337120457
3.107e-07,0.011390202337120457
3.108e-07,0.011452702337120457
3.109e-07,0.010874582337120457
3.11e-07,0.011452702337120457
3.111e-07,0.012062082337120457
3.112e-07,0.011452702337120457
3.113e-07,0.008452705337120456
3.114e-07,0.0034527053371204565
3.115e-07,-0.0008285445628795438
3.116e-07,-0.0005472945174135438
3.117e-07,0.004030830337120456
3.118e-07,0.007452705337120457
3.119e-07,0.006249580337120456
3.12e-07,0.0034527053371204565
3.121e-07,0.0031714553371204562
3.122e-07,0.0034527053371204565
3.123e-07,0.0018433303371204563
3.124e-07,-0.0005472945174135438
3.125e-07,-0.0009066695628795439
3.126e-07,-0.0005472945174135438
3.127e-07,-0.0008597945628795439
3.128e-07,-0.0005472945174135438
3.129e-07,0.002593330337120456
3.13e-07,0.007452705337120457
3.131e-07,0.011046452337120457
3.132e-07,0.011452702337120457
3.133e-07,0.009218330337120457
3.134e-07,0.007452705337120457
3.135e-07,0.007452705337120457
3.136e-07,0.007452705337120457
3.137e-07,0.005640205337120455
3.138e-07,0.0034527053371204565
3.139e-07,0.0027808303371204563
3.14e-07,0.0034527053371204565
3.141e-07,0.003921455337120456
3.142e-07,0.0034527053371204565
3.143e-07,0.003999580337120456
3.144e-07,0.007452705337120457
3.145e-07,0.011843332337120456
3.146e-07,0.011452702337120457
3.147e-07,0.004827705337120456
3.148e-07,-0.0005472945174135438
3.149e-07,0.001562080337120456
3.15e-07,0.007452705337120457
3.151e-07,0.009858952337120457
3.152e-07,0.007452705337120457
3.153e-07,0.004249580337120456
3.154e-07,0.0034527053371204565
3.155e-07,0.004312080337120456
3.156e-07,0.0034527053371204565
3.157e-07,0.0006714553371204562
3.158e-07,-0.0005472945174135438
3.159e-07,0.0027495803371204563
3.16e-07,0.007452705337120457
3.161e-07,0.009124580337120457
3.162e-07,0.007452705337120457
3.163e-07,0.006093330337120456
3.164e-07,0.007452705337120457
3.165e-07,0.010421452337120456
3.166e-07,0.011452702337120457
3.167e-07,0.009327705337120457
3.168e-07,0.007452705337120457
3.169e-07,0.008608955337120456
3.17e-07,0.011452702337120457
3.171e-07,0.012499582337120457
3.172e-07,0.011452702337120457
3.173e-07,0.010358952337120456
3.174e-07,0.011452702337120457
3.175e-07,0.013108952337120457
3.176e-07,0.011452702337120457
3.177e-07,0.006202705337120456
3.178e-07,0.0034527053371204565
3.179e-07,0.006030830337120456
3.18e-07,0.007452705337120457
3.181e-07,0.0033589553371204564
3.182e-07,-0.0005472945174135438
3.183e-07,0.0023277053371204563
3.184e-07,0.007452705337120457
3.185e-07,0.007749580337120457
3.186e-07,0.0034527053371204565
3.187e-07,0.001046455337120456
3.188e-07,0.0034527053371204565
3.189e-07,0.008374580337120456
3.19e-07,0.011452702337120457
3.191e-07,0.010437082337120457
3.192e-07,0.007452705337120457
3.193e-07,0.0068902053371204565
3.194e-07,0.011452702337120457
3.195e-07,0.016890202337120457
3.196e-07,0.015452702337120455
3.197e-07,0.006265205337120456
3.198e-07,-0.0005472945174135438
3.199e-07,0.002093330337120456
3.2e-07,0.007452705337120457
3.201e-07,0.007155830337120457
3.202e-07,0.0034527053371204565
3.203e-07,0.0036245803371204558
3.204e-07,0.007452705337120457
3.205e-07,0.010546452337120456
3.206e-07,0.011452702337120457
3.207e-07,0.011499582337120456
3.208e-07,0.011452702337120457
3.209e-07,0.011358952337120457
3.21e-07,0.011452702337120457
3.211e-07,0.011546452337120457
3.212e-07,0.011452702337120457
3.213e-07,0.010358952337120456
3.214e-07,0.007452705337120457
3.215e-07,0.003968330337120456
3.216e-07,0.0034527053371204565
3.217e-07,0.007374580337120457
3.218e-07,0.011452702337120457
3.219e-07,0.012249582337120457
3.22e-07,0.011452702337120457
3.221e-07,0.011546452337120457
3.222e-07,0.011452702337120457
3.223e-07,0.009530832337120456
3.224e-07,0.007452705337120457
3.225e-07,0.008265205337120456
3.226e-07,0.011452702337120457
3.227e-07,0.013390202337120457
3.228e-07,0.011452702337120457
3.229e-07,0.006655830337120456
3.23e-07,0.0034527053371204565
3.231e-07,0.005687080337120455
3.232e-07,0.011452702337120457
3.233e-07,0.015874582337120458
3.234e-07,0.015452702337120455
3.235e-07,0.011062082337120457
3.236e-07,0.007452705337120457
3.237e-07,0.007999580337120457
3.238e-07,0.011452702337120457
3.239e-07,0.014593332337120457
3.24e-07,0.015452702337120455
3.241e-07,0.014093332337120457
3.242e-07,0.011452702337120457
3.243e-07,0.008593330337120456
3.244e-07,0.007452705337120457
3.245e-07,0.008937080337120457
3.246e-07,0.011452702337120457
3.247e-07,0.013687082337120456
3.248e-07,0.015452702337120455
3.249e-07,0.016530832337120455
3.25e-07,0.015452702337120455
3.251e-07,0.011640202337120457
3.252e-07,0.007452705337120457
3.253e-07,0.005983955337120456
3.254e-07,0.007452705337120457
3.255e-07,0.010921452337120456
3.256e-07,0.015452702337120455
3.257e-07,0.019202702337120455
3.258e-07,0.019452702337120455
3.259e-07,0.015593332337120458
3.26e-07,0.011452702337120457
3.261e-07,0.010374582337120457
3.262e-07,0.011452702337120457
3.263e-07,0.011905832337120456
3.264e-07,0.011452702337120457
3.265e-07,0.011062082337120457
3.266e-07,0.011452702337120457
3.267e-07,0.012030832337120457
3.268e-07,0.011452702337120457
3.269e-07,0.009608952337120457
3.27e-07,0.007452705337120457
3.271e-07,0.0057964553371204555
3.272e-07,0.0034527053371204565
3.273e-07,0.001483955337120456
3.274e-07,0.0034527053371204565
3.275e-07,0.010249582337120457
3.276e-07,0.015452702337120455
3.277e-07,0.014421452337120456
3.278e-07,0.011452702337120457
3.279e-07,0.011280832337120456
3.28e-07,0.011452702337120457
3.281e-07,0.008983955337120457
3.282e-07,0.007452705337120457
3.283e-07,0.009812082337120456
3.284e-07,0.011452702337120457
3.285e-07,0.007937080337120457
3.286e-07,0.0034527053371204565
3.287e-07,0.003858955337120456
3.288e-07,0.007452705337120457
3.289e-07,0.010249582337120457
3.29e-07,0.011452702337120457
3.291e-07,0.012171452337120456
3.292e-07,0.011452702337120457
3.293e-07,0.008827705337120456
3.294e-07,0.007452705337120457
3.295e-07,0.009374580337120457
3.296e-07,0.011452702337120457
3.297e-07,0.011312082337120456
3.298e-07,0.011452702337120457
3.299e-07,0.012765202337120456
3.3e-07,0.011452702337120457
3.301e-07,0.006171455337120456
3.302e-07,0.0034527053371204565
3.303e-07,0.008343330337120456
3.304e-07,0.015452702337120455
3.305e-07,0.016702702337120456
3.306e-07,0.011452702337120457
3.307e-07,0.005312080337120457
3.308e-07,0.0034527053371204565
3.309e-07,0.005858955337120456
3.31e-07,0.007452705337120457
3.311e-07,0.006546455337120456
3.312e-07,0.007452705337120457
3.313e-07,0.012327702337120456
3.314e-07,0.015452702337120455
3.315e-07,0.012077702337120457
3.316e-07,0.007452705337120457
3.317e-07,0.008171455337120456
3.318e-07,0.011452702337120457
3.319e-07,0.011155832337120456
3.32e-07,0.007452705337120457
3.321e-07,0.004218330337120456
3.322e-07,0.0034527053371204565
3.323e-07,0.0048745803371204564
3.324e-07,0.007452705337120457
3.325e-07,0.010249582337120457
3.326e-07,0.011452702337120457
3.327e-07,0.010249582337120457
3.328e-07,0.007452705337120457
3.329e-07,0.004671455337120456
3.33e-07,0.0034527053371204565
3.331e-07,0.004671455337120456
3.332e-07,0.007452705337120457
3.333e-07,0.010312082337120457
3.334e-07,0.011452702337120457
3.335e-07,0.010155832337120457
3.336e-07,0.007452705337120457
3.337e-07,0.0049839553371204565
3.338e-07,0.0034527053371204565
3.339e-07,0.003983955337120456
3.34e-07,0.007452705337120457
3.341e-07,0.012593332337120457
3.342e-07,0.015452702337120455
3.343e-07,0.013780832337120456
3.344e-07,0.011452702337120457
3.345e-07,0.011296452337120457
3.346e-07,0.011452702337120457
3.347e-07,0.009390205337120457
3.348e-07,0.007452705337120457
3.349e-07,0.007765205337120457
3.35e-07,0.007452705337120457
3.351e-07,0.003843330337120456
3.352e-07,-0.0005472945174135438
3.353e-07,-0.0017035446628795438
3.354e-07,-0.0005472945174135438
3.355e-07,0.0012183303371204562
3.356e-07,0.0034527053371204565
3.357e-07,0.007358955337120457
3.358e-07,0.011452702337120457
3.359e-07,0.013249582337120456
3.36e-07,0.011452702337120457
3.361e-07,0.007155830337120457
3.362e-07,0.0034527053371204565
3.363e-07,0.002530830337120456
3.364e-07,0.0034527053371204565
3.365e-07,0.0049370803371204565
3.366e-07,0.007452705337120457
3.367e-07,0.010640202337120456
3.368e-07,0.011452702337120457
3.369e-07,0.008968330337120457
3.37e-07,0.007452705337120457
3.371e-07,0.009624582337120456
3.372e-07,0.011452702337120457
3.373e-07,0.009405830337120457
3.374e-07,0.007452705337120457
3.375e-07,0.009218330337120457
3.376e-07,0.011452702337120457
3.377e-07,0.009999582337120456
3.378e-07,0.007452705337120457
3.379e-07,0.007171455337120457
3.38e-07,0.007452705337120457
3.381e-07,0.005608955337120455
3.382e-07,0.0034527053371204565
3.383e-07,0.004265205337120456
3.384e-07,0.007452705337120457
3.385e-07,0.009437080337120457
3.386e-07,0.007452705337120457
3.387e-07,0.002655830337120456
3.388e-07,-0.0005472945174135438
3.389e-07,0.0007339553371204562
3.39e-07,0.0034527053371204565
3.391e-07,0.004202705337120456
3.392e-07,0.0034527053371204565
3.393e-07,0.0034370803371204565
3.394e-07,0.0034527053371204565
3.395e-07,0.0027495803371204563
3.396e-07,0.0034527053371204565
3.397e-07,0.006343330337120456
3.398e-07,0.007452705337120457
3.399e-07,0.0049683303371204565
3.4e-07,0.0034527053371204565
3.401e-07,0.0057183303371204555
3.402e-07,0.007452705337120457
3.403e-07,0.004265205337120456
3.404e-07,-0.0005472945174135438
3.405e-07,-0.0009379195628795438
3.406e-07,0.0034527053371204565
3.407e-07,0.007827705337120457
3.408e-07,0.007452705337120457
3.409e-07,0.002890205337120456
3.41e-07,-0.0005472945174135438
3.411e-07,0.0006558303371204562
3.412e-07,0.0034527053371204565
3.413e-07,0.003968330337120456
3.414e-07,0.0034527053371204565
3.415e-07,0.0048902053371204564
3.416e-07,0.007452705337120457
3.417e-07,0.008312080337120456
3.418e-07,0.007452705337120457
3.419e-07,0.005874580337120456
3.42e-07,0.0034527053371204565
3.421e-07,0.0005308303371204563
3.422e-07,-0.0005472945174135438
3.423e-07,0.001312080337120456
3.424e-07,0.0034527053371204565
3.425e-07,0.003765205337120456
3.426e-07,0.0034527053371204565
3.427e-07,0.003921455337120456
3.428e-07,0.0034527053371204565
3.429e-07,0.001062080337120456
3.43e-07,-0.0005472945174135438
3.431e-07,0.0009995803371204562
3.432e-07,0.0034527053371204565
3.433e-07,0.003999580337120456
3.434e-07,0.0034527053371204565
3.435e-07,0.0035308303371204565
3.436e-07,0.0034527053371204565
3.437e-07,0.0017808303371204563
3.438e-07,-0.0005472945174135438
3.439e-07,-0.001406669562879544
3.44e-07,-0.0005472945174135438
3.441e-07,0.001437080337120456
3.442e-07,0.0034527053371204565
3.443e-07,0.004343330337120456
3.444e-07,0.0034527053371204565
3.445e-07,0.0011558303371204562
3.446e-07,-0.0005472945174135438
3.447e-07,0.0002652055371204562
3.448e-07,0.0034527053371204565
3.449e-07,0.0069370803371204565
3.45e-07,0.007452705337120457
3.451e-07,0.003874580337120456
3.452e-07,-0.0005472945174135438
3.453e-07,-0.0030785446628795437
3.454e-07,-0.004547294662879543
3.455e-07,-0.004531669662879543
3.456e-07,-0.0005472945174135438
3.457e-07,0.007140205337120457
3.458e-07,0.011452702337120457
3.459e-07,0.007140205337120457
3.46e-07,-0.0005472945174135438
3.461e-07,-0.0036410446628795438
3.462e-07,-0.0005472945174135438
3.463e-07,0.004515205337120456
3.464e-07,0.007452705337120457
3.465e-07,0.006655830337120456
3.466e-07,0.0034527053371204565
3.467e-07,-0.0005941695228795438
3.468e-07,-0.004547294662879543
3.469e-07,-0.007469169662879544
3.47e-07,-0.008547294662879543
3.471e-07,-0.006906669662879544
3.472e-07,-0.004547294662879543
3.473e-07,-0.0026410446628795437
3.474e-07,-0.0005472945174135438
3.475e-07,0.0022183303371204562
3.476e-07,0.0034527053371204565
3.477e-07,0.0017183303371204562
3.478e-07,-0.0005472945174135438
3.479e-07,-0.0010004195628795438
3.48e-07,-0.0005472945174135438
3.481e-07,-0.0008441695628795438
3.482e-07,-0.0005472945174135438
3.483e-07,0.0005777053371204561
3.484e-07,-0.0005472945174135438
3.485e-07,-0.005094169662879544
3.486e-07,-0.008547294662879543
3.487e-07,-0.007094169662879544
3.488e-07,-0.004547294662879543
3.489e-07,-0.004391044662879544
3.49e-07,-0.004547294662879543
3.491e-07,-0.002234794662879544
3.492e-07,-0.0005472945174135438
3.493e-07,-0.002312919662879544
3.494e-07,-0.004547294662879543
3.495e-07,-0.003328544662879544
3.496e-07,-0.0005472945174135438
3.497e-07,0.00032770553712045615
3.498e-07,-0.0005472945174135438
3.499e-07,-0.0010785445628795438
3.5e-07,-0.0005472945174135438
3.501e-07,-6.291946287954382e-05
3.502e-07,-0.0005472945174135438
3.503e-07,-0.0013910445628795439
3.504e-07,-0.0005472945174135438
3.505e-07,0.002093330337120456
3.506e-07,0.0034527053371204565
3.507e-07,0.001546455337120456
3.508e-07,-0.0005472945174135438
3.509e-07,-0.0005160445128795439
3.51e-07,-0.0005472945174135438
3.511e-07,-0.002781669662879544
3.512e-07,-0.004547294662879543
3.513e-07,-0.002953544662879544
3.514e-07,-0.0005472945174135438
3.515e-07,-0.0011254195628795439
3.516e-07,-0.004547294662879543
3.517e-07,-0.007578544662879544
3.518e-07,-0.008547294662879543
3.519e-07,-0.007172294662879544
3.52e-07,-0.004547294662879543
3.521e-07,-0.0019535446628795436
3.522e-07,-0.0005472945174135438
3.523e-07,-0.0005472945174135438
3.524e-07,-0.0005472945174135438
3.525e-07,-0.0001722944628795438
3.526e-07,-0.0005472945174135438
3.527e-07,-0.002453544662879544
3.528e-07,-0.004547294662879543
3.529e-07,-0.006187919662879543
3.53e-07,-0.008547294662879543
3.531e-07,-0.011578547662879543
3.532e-07,-0.012547297662879544
3.533e-07,-0.009187919662879544
3.534e-07,-0.004547294662879543
3.535e-07,-0.0026410446628795437
3.536e-07,-0.004547294662879543
3.537e-07,-0.007578544662879544
3.538e-07,-0.008547294662879543
3.539e-07,-0.006625419662879543
3.54e-07,-0.004547294662879543
3.541e-07,-0.004281669662879544
3.542e-07,-0.004547294662879543
3.543e-07,-0.004219169662879544
3.544e-07,-0.004547294662879543
3.545e-07,-0.0067035446628795434
3.546e-07,-0.008547294662879543
3.547e-07,-0.007406669662879544
3.548e-07,-0.004547294662879543
3.549e-07,-0.0031097946628795437
3.55e-07,-0.004547294662879543
3.551e-07,-0.007547294662879544
3.552e-07,-0.008547294662879543
3.553e-07,-0.006469169662879543
3.554e-07,-0.004547294662879543
3.555e-07,-0.0047816696628795435
3.556e-07,-0.004547294662879543
3.557e-07,-0.002891044662879544
3.558e-07,-0.004547294662879543
3.559e-07,-0.011500417662879544
3.56e-07,-0.016547297662879542
3.561e-07,-0.013844167662879544
3.562e-07,-0.008547294662879543
3.563e-07,-0.007406669662879544
3.564e-07,-0.008547294662879543
3.565e-07,-0.007219169662879544
3.566e-07,-0.004547294662879543
3.567e-07,-0.0048129196628795435
3.568e-07,-0.008547294662879543
3.569e-07,-0.013078547662879544
3.57e-07,-0.016547297662879542
3.571e-07,-0.017797297662879543
3.572e-07,-0.016547297662879542
3.573e-07,-0.013891047662879543
3.574e-07,-0.012547297662879544
3.575e-07,-0.013016047662879544
3.576e-07,-0.012547297662879544
3.577e-07,-0.009859794662879543
3.578e-07,-0.008547294662879543
3.579e-07,-0.010562917662879543
3.58e-07,-0.012547297662879544
3.581e-07,-0.012109797662879543
3.582e-07,-0.012547297662879544
3.583e-07,-0.016687917662879543
3.584e-07,-0.020547297662879542
3.585e-07,-0.018750417662879545
3.586e-07,-0.012547297662879544
3.587e-07,-0.007750419662879544
3.588e-07,-0.008547294662879543
3.589e-07,-0.013359797662879543
3.59e-07,-0.016547297662879542
3.591e-07,-0.015031667662879543
3.592e-07,-0.012547297662879544
3.593e-07,-0.013328547662879543
3.594e-07,-0.016547297662879542
3.595e-07,-0.018125417662879544
3.596e-07,-0.016547297662879542
3.597e-07,-0.013750417662879544
3.598e-07,-0.012547297662879544
3.599e-07,-0.012937917662879543
3.6e-07,-0.012547297662879544
3.601e-07,-0.010375419662879543
3.602e-07,-0.008547294662879543
3.603e-07,-0.009672294662879543
3.604e-07,-0.012547297662879544
3.605e-07,-0.014047297662879543
3.606e-07,-0.012547297662879544
3.607e-07,-0.010687917662879543
3.608e-07,-0.012547297662879544
3.609e-07,-0.017891047662879543
3.61e-07,-0.020547297662879542
3.611e-07,-0.017016047662879542
3.612e-07,-0.012547297662879544
3.613e-07,-0.013156667662879543
3.614e-07,-0.016547297662879542
3.615e-07,-0.017672297662879543
3.616e-07,-0.016547297662879542
3.617e-07,-0.015875417662879546
3.618e-07,-0.016547297662879542
3.619e-07,-0.017891047662879543
3.62e-07,-0.020547297662879542
3.621e-07,-0.024687917662879543
3.622e-07,-0.028547297662879542
3.623e-07,-0.028766047662879542
3.624e-07,-0.024547297662879542
3.625e-07,-0.017578547662879543
3.626e-07,-0.012547297662879544
3.627e-07,-0.012641047662879544
3.628e-07,-0.016547297662879542
3.629e-07,-0.020234797662879542
3.63e-07,-0.020547297662879542
3.631e-07,-0.018109797662879543
3.632e-07,-0.016547297662879542
3.633e-07,-0.018109797662879543
3.634e-07,-0.020547297662879542
3.635e-07,-0.021406667662879544
3.636e-07,-0.020547297662879542
3.637e-07,-0.019969167662879542
3.638e-07,-0.020547297662879542
3.639e-07,-0.021031667662879543
3.64e-07,-0.020547297662879542
3.641e-07,-0.019625417662879542
3.642e-07,-0.020547297662879542
3.643e-07,-0.024203547662879542
3.644e-07,-0.028547297662879542
3.645e-07,-0.030047297662879544
3.646e-07,-0.028547297662879542
3.647e-07,-0.024859797662879542
3.648e-07,-0.020547297662879542
3.649e-07,-0.017172297662879542
3.65e-07,-0.016547297662879542
3.651e-07,-0.018641047662879544
3.652e-07,-0.020547297662879542
3.653e-07,-0.019516047662879545
3.654e-07,-0.016547297662879542
3.655e-07,-0.014984797662879544
3.656e-07,-0.016547297662879542
3.657e-07,-0.020828547662879542
3.658e-07,-0.024547297662879542
3.659e-07,-0.024687917662879543
3.66e-07,-0.020547297662879542
3.661e-07,-0.014859797662879544
3.662e-07,-0.012547297662879544
3.663e-07,-0.015469167662879544
3.664e-07,-0.020547297662879542
3.665e-07,-0.023812917662879542
3.666e-07,-0.024547297662879542
3.667e-07,-0.024328547662879542
3.668e-07,-0.024547297662879542
3.669e-07,-0.023891047662879545
3.67e-07,-0.020547297662879542
3.671e-07,-0.015375417662879544
3.672e-07,-0.012547297662879544
3.673e-07,-0.015047297662879544
3.674e-07,-0.020547297662879542
3.675e-07,-0.024156667662879543
3.676e-07,-0.024547297662879542
3.677e-07,-0.022750417662879545
3.678e-07,-0.020547297662879542
3.679e-07,-0.019312917662879542
3.68e-07,-0.020547297662879542
3.681e-07,-0.022406667662879545
3.682e-07,-0.020547297662879542
3.683e-07,-0.013906667662879544
3.684e-07,-0.008547294662879543
3.685e-07,-0.009250419662879544
3.686e-07,-0.012547297662879544
3.687e-07,-0.013656667662879544
3.688e-07,-0.012547297662879544
3.689e-07,-0.012359797662879543
3.69e-07,-0.012547297662879544
3.691e-07,-0.012266047662879543
3.692e-07,-0.012547297662879544
3.693e-07,-0.014719167662879543
3.694e-07,-0.016547297662879542
3.695e-07,-0.016406667662879543
3.696e-07,-0.016547297662879542
3.697e-07,-0.018469167662879545
3.698e-07,-0.020547297662879542
3.699e-07,-0.020625417662879543
3.7e-07,-0.020547297662879542
3.701e-07,-0.021250417662879544
3.702e-07,-0.020547297662879542
3.703e-07,-0.016469167662879543
3.704e-07,-0.012547297662879544
3.705e-07,-0.011844167662879544
3.706e-07,-0.012547297662879544
3.707e-07,-0.012375417662879543
3.708e-07,-0.012547297662879544
3.709e-07,-0.014687917662879543
3.71e-07,-0.016547297662879542
3.711e-07,-0.015406667662879544
3.712e-07,-0.012547297662879544
3.713e-07,-0.011250417662879543
3.714e-07,-0.012547297662879544
3.715e-07,-0.015016047662879544
3.716e-07,-0.016547297662879542
3.717e-07,-0.015578547662879543
3.718e-07,-0.012547297662879544
3.719e-07,-0.009406669662879544
3.72e-07,-0.008547294662879543
3.721e-07,-0.010391044662879543
3.722e-07,-0.012547297662879544
3.723e-07,-0.013031667662879543
3.724e-07,-0.012547297662879544
3.725e-07,-0.012500417662879543
3.726e-07,-0.012547297662879544
3.727e-07,-0.012078547662879543
3.728e-07,-0.012547297662879544
3.729e-07,-0.013750417662879544
3.73e-07,-0.012547297662879544
3.731e-07,-0.008844169662879544
3.732e-07,-0.008547294662879543
3.733e-07,-0.013578547662879543
3.734e-07,-0.016547297662879542
3.735e-07,-0.011656667662879544
3.736e-07,-0.004547294662879543
3.737e-07,-0.003734794662879544
3.738e-07,-0.008547294662879543
3.739e-07,-0.012625417662879543
3.74e-07,-0.012547297662879544
3.741e-07,-0.010062919662879543
3.742e-07,-0.008547294662879543
3.743e-07,-0.009719169662879543
3.744e-07,-0.012547297662879544
3.745e-07,-0.014078547662879543
3.746e-07,-0.012547297662879544
3.747e-07,-0.009422294662879544
3.748e-07,-0.008547294662879543
3.749e-07,-0.010766047662879544
3.75e-07,-0.012547297662879544
3.751e-07,-0.011172297662879544
3.752e-07,-0.008547294662879543
3.753e-07,-0.007828544662879544
3.754e-07,-0.008547294662879543
3.755e-07,-0.008844169662879544
3.756e-07,-0.008547294662879543
3.757e-07,-0.009578544662879543
3.758e-07,-0.012547297662879544
3.759e-07,-0.015672297662879545
3.76e-07,-0.016547297662879542
3.761e-07,-0.014469167662879543
3.762e-07,-0.012547297662879544
3.763e-07,-0.013422297662879543
3.764e-07,-0.016547297662879542
3.765e-07,-0.018156667662879544
3.766e-07,-0.016547297662879542
3.767e-07,-0.012297297662879543
3.768e-07,-0.008547294662879543
3.769e-07,-0.007344169662879544
3.77e-07,-0.008547294662879543
3.771e-07,-0.009828544662879543
3.772e-07,-0.008547294662879543
3.773e-07,-0.005500419662879544
3.774e-07,-0.004547294662879543
3.775e-07,-0.007062919662879544
3.776e-07,-0.008547294662879543
3.777e-07,-0.006453544662879543
3.778e-07,-0.004547294662879543
3.779e-07,-0.006516044662879543
3.78e-07,-0.008547294662879543
3.781e-07,-0.006984794662879544
3.782e-07,-0.004547294662879543
3.783e-07,-0.005469169662879544
3.784e-07,-0.008547294662879543
3.785e-07,-0.009750419662879543
3.786e-07,-0.008547294662879543
3.787e-07,-0.008297294662879543
3.788e-07,-0.012547297662879544
3.789e-07,-0.019125417662879545
3.79e-07,-0.020547297662879542
3.791e-07,-0.013187917662879543
3.792e-07,-0.004547294662879543
3.793e-07,-0.0021879196628795438
3.794e-07,-0.004547294662879543
3.795e-07,-0.0067191696628795435
3.796e-07,-0.008547294662879543
3.797e-07,-0.012297297662879543
3.798e-07,-0.016547297662879542
3.799e-07,-0.017109797662879542
3.8e-07,-0.012547297662879544
3.801e-07,-0.006453544662879543
3.802e-07,-0.004547294662879543
3.803e-07,-0.008359794662879543
3.804e-07,-0.012547297662879544
3.805e-07,-0.011766047662879543
3.806e-07,-0.008547294662879543
3.807e-07,-0.008422294662879543
3.808e-07,-0.012547297662879544
3.809e-07,-0.016687917662879543
3.81e-07,-0.016547297662879542
3.811e-07,-0.011344167662879543
3.812e-07,-0.004547294662879543
3.813e-07,-0.0013441695628795438
3.814e-07,-0.004547294662879543
3.815e-07,-0.010859797662879544
3.816e-07,-0.012547297662879544
3.817e-07,-0.007891044662879544
3.818e-07,-0.004547294662879543
3.819e-07,-0.007891044662879544
3.82e-07,-0.012547297662879544
3.821e-07,-0.011844167662879544
3.822e-07,-0.008547294662879543
3.823e-07,-0.008922294662879544
3.824e-07,-0.012547297662879544
3.825e-07,-0.014219167662879544
3.826e-07,-0.012547297662879544
3.827e-07,-0.008734794662879544
3.828e-07,-0.004547294662879543
3.829e-07,-0.002437919662879544
3.83e-07,-0.004547294662879543
3.831e-07,-0.009672294662879543
3.832e-07,-0.012547297662879544
3.833e-07,-0.009891044662879543
3.834e-07,-0.004547294662879543
3.835e-07,-0.0021097946628795437
3.836e-07,-0.004547294662879543
3.837e-07,-0.009516044662879544
3.838e-07,-0.012547297662879544
3.839e-07,-0.011578547662879543
3.84e-07,-0.008547294662879543
3.841e-07,-0.006984794662879544
3.842e-07,-0.008547294662879543
3.843e-07,-0.011375417662879543
3.844e-07,-0.012547297662879544
3.845e-07,-0.010750417662879543
3.846e-07,-0.008547294662879543
3.847e-07,-0.008844169662879544
3.848e-07,-0.012547297662879544
3.849e-07,-0.016453547662879542
3.85e-07,-0.016547297662879542
3.851e-07,-0.011344167662879543
3.852e-07,-0.004547294662879543
3.853e-07,-0.0005472945174135438
3.854e-07,-0.0005472945174135438
3.855e-07,-0.0026722946628795438
3.856e-07,-0.004547294662879543
3.857e-07,-0.005234794662879544
3.858e-07,-0.004547294662879543
3.859e-07,-0.003766044662879544
3.86e-07,-0.004547294662879543
3.861e-07,-0.006062919662879545
3.862e-07,-0.004547294662879543
3.863e-07,0.0003902055371204562
3.864e-07,0.0034527053371204565
3.865e-07,0.0006558303371204562
3.866e-07,-0.004547294662879543
3.867e-07,-0.006656669662879543
3.868e-07,-0.004547294662879543
3.869e-07,-0.001422294562879544
3.87e-07,-0.0005472945174135438
3.871e-07,-0.0012816695628795438
3.872e-07,-0.0005472945174135438
3.873e-07,0.0011558303371204562
3.874e-07,-0.0005472945174135438
3.875e-07,-0.007109794662879544
3.876e-07,-0.012547297662879544
3.877e-07,-0.009672294662879543
3.878e-07,-0.0005472945174135438
3.879e-07,0.006093330337120456
3.88e-07,0.0034527053371204565
3.881e-07,-0.006219169662879543
3.882e-07,-0.012547297662879544
3.883e-07,-0.008859794662879544
3.884e-07,-0.0005472945174135438
3.885e-07,0.004046455337120456
3.886e-07,0.0034527053371204565
3.887e-07,0.0012027053371204562
3.888e-07,-0.0005472945174135438
3.889e-07,-0.0025629196628795437
3.89e-07,-0.004547294662879543
3.891e-07,-0.005156669662879544
3.892e-07,-0.004547294662879543
3.893e-07,-0.002859794662879544
3.894e-07,-0.0005472945174135438
3.895e-07,0.0008745803371204561
3.896e-07,-0.0005472945174135438
3.897e-07,-0.003734794662879544
3.898e-07,-0.004547294662879543
3.899e-07,-0.0008441695628795438
3.9e-07,0.0034527053371204565
3.901e-07,0.004280830337120456
3.902e-07,0.0034527053371204565
3.903e-07,0.0034527053371204565
3.904e-07,0.0034527053371204565
3.905e-07,0.001452705337120456
3.906e-07,-0.0005472945174135438
3.907e-07,-0.0006722945628795438
3.908e-07,-0.0005472945174135438
3.909e-07,-0.002234794662879544
3.91e-07,-0.004547294662879543
3.911e-07,-0.005047294662879544
3.912e-07,-0.004547294662879543
3.913e-07,-0.004156669662879544
3.914e-07,-0.004547294662879543
3.915e-07,-0.0047504196628795434
3.916e-07,-0.004547294662879543
3.917e-07,-0.003328544662879544
3.918e-07,-0.0005472945174135438
3.919e-07,0.003671455337120456
3.92e-07,0.007452705337120457
3.921e-07,0.008577705337120456
3.922e-07,0.007452705337120457
3.923e-07,0.004327705337120456
3.924e-07,-0.0005472945174135438
3.925e-07,-0.005000419662879544
3.926e-07,-0.004547294662879543
3.927e-07,0.0009058303371204562
3.928e-07,0.0034527053371204565
3.929e-07,-0.0006410445228795438
3.93e-07,-0.004547294662879543
3.931e-07,-0.001641044662879544
3.932e-07,0.0034527053371204565
3.933e-07,0.004499580337120456
3.934e-07,0.0034527053371204565
3.935e-07,0.0057339553371204555
3.936e-07,0.011452702337120457
3.937e-07,0.014702702337120456
3.938e-07,0.011452702337120457
3.939e-07,0.003843330337120456
3.94e-07,-0.0005472945174135438
3.941e-07,0.001327705337120456
3.942e-07,0.0034527053371204565
3.943e-07,0.0002808305371204562
3.944e-07,-0.004547294662879543
3.945e-07,-0.0036410446628795438
3.946e-07,0.0034527053371204565
3.947e-07,0.010624582337120457
3.948e-07,0.011452702337120457
3.949e-07,0.006718330337120456
3.95e-07,0.0034527053371204565
3.951e-07,0.005374580337120457
3.952e-07,0.007452705337120457
3.953e-07,0.004374580337120456
3.954e-07,-0.0005472945174135438
3.955e-07,-0.0009066695628795439
3.956e-07,0.0034527053371204565
3.957e-07,0.007437080337120457
3.958e-07,0.007452705337120457
3.959e-07,0.004733955337120456
3.96e-07,0.0034527053371204565
3.961e-07,0.005577705337120455
3.962e-07,0.007452705337120457
3.963e-07,0.005890205337120456
3.964e-07,0.0034527053371204565
3.965e-07,0.0031714553371204562
3.966e-07,0.0034527053371204565
3.967e-07,0.002640205337120456
3.968e-07,0.0034527053371204565
3.969e-07,0.007858955337120457
3.97e-07,0.011452702337120457
3.971e-07,0.009374580337120457
3.972e-07,0.0034527053371204565
3.973e-07,-0.0007816695628795438
3.974e-07,-0.0005472945174135438
3.975e-07,0.0033745803371204564
3.976e-07,0.007452705337120457
3.977e-07,0.008921455337120457
3.978e-07,0.007452705337120457
3.979e-07,0.004812080337120456
3.98e-07,0.0034527053371204565
3.981e-07,0.004515205337120456
3.982e-07,0.007452705337120457
3.983e-07,0.010562082337120457
3.984e-07,0.011452702337120457
3.985e-07,0.009593332337120456
3.986e-07,0.007452705337120457
3.987e-07,0.005952705337120456
3.988e-07,0.0034527053371204565
3.989e-07,4.645553712045623e-05
3.99e-07,-0.0005472945174135438
3.991e-07,0.004499580337120456
3.992e-07,0.011452702337120457
3.993e-07,0.014312082337120457
3.994e-07,0.011452702337120457
3.995e-07,0.006171455337120456
3.996e-07,0.0034527053371204565
3.997e-07,0.0049058303371204565
3.998e-07,0.007452705337120457
3.999e-07,0.007968330337120457
4e-07,0.007452705337120457
4.001e-07,0.007530830337120457
4.002e-07,0.007452705337120457
4.003e-07,0.005687080337120455
4.004e-07,0.0034527053371204565
4.005e-07,0.003046455337120456
4.006e-07,0.0034527053371204565
4.007e-07,0.003671455337120456
4.008e-07,0.0034527053371204565
4.009e-07,0.0034839553371204565
4.01e-07,0.0034527053371204565
4.011e-07,0.0031714553371204562
4.012e-07,0.0034527053371204565
4.013e-07,0.006093330337120456
4.014e-07,0.011452702337120457
4.015e-07,0.017202702337120457
4.016e-07,0.019452702337120455
4.017e-07,0.015437082337120458
4.018e-07,0.007452705337120457
4.019e-07,0.0006714553371204562
4.02e-07,-0.0005472945174135438
4.021e-07,0.0034370803371204565
4.022e-07,0.007452705337120457
4.023e-07,0.008108955337120456
4.024e-07,0.007452705337120457
4.025e-07,0.008765205337120456
4.026e-07,0.011452702337120457
4.027e-07,0.012718332337120457
4.028e-07,0.011452702337120457
4.029e-07,0.009077705337120457
4.03e-07,0.007452705337120457
4.031e-07,0.007062080337120457
4.032e-07,0.007452705337120457
4.033e-07,0.007702705337120457
4.034e-07,0.007452705337120457
4.035e-07,0.007296455337120457
4.036e-07,0.007452705337120457
4.037e-07,0.007640205337120457
4.038e-07,0.007452705337120457
4.039e-07,0.007296455337120457
4.04e-07,0.007452705337120457
4.041e-07,0.008874580337120457
4.042e-07,0.011452702337120457
4.043e-07,0.013218332337120456
4.044e-07,0.011452702337120457
4.045e-07,0.006530830337120456
4.046e-07,0.0034527053371204565
4.047e-07,0.005890205337120456
4.048e-07,0.011452702337120457
4.049e-07,0.015358952337120455
4.05e-07,0.015452702337120455
4.051e-07,0.013202702337120457
4.052e-07,0.011452702337120457
4.053e-07,0.010327702337120456
4.054e-07,0.007452705337120457
4.055e-07,0.0034370803371204565
4.056e-07,0.0034527053371204565
4.057e-07,0.009640202337120457
4.058e-07,0.015452702337120455
4.059e-07,0.014812082337120457
4.06e-07,0.011452702337120457
4.061e-07,0.010812082337120457
4.062e-07,0.011452702337120457
4.063e-07,0.009921452337120457
4.064e-07,0.007452705337120457
4.065e-07,0.0069370803371204565
4.066e-07,0.007452705337120457
4.067e-07,0.006327705337120456
4.068e-07,0.0034527053371204565
4.069e-07,0.001562080337120456
4.07e-07,0.0034527053371204565
4.071e-07,0.008483955337120456
4.072e-07,0.011452702337120457
4.073e-07,0.009968332337120456
4.074e-07,0.007452705337120457
4.075e-07,0.007515205337120457
4.076e-07,0.007452705337120457
4.077e-07,0.003983955337120456
4.078e-07,-0.0005472945174135438
4.079e-07,-0.0010472945628795438
4.08e-07,0.0034527053371204565
4.081e-07,0.010155832337120457
4.082e-07,0.015452702337120455
4.083e-07,0.017249582337120456
4.084e-07,0.015452702337120455
4.085e-07,0.011437082337120456
4.086e-07,0.007452705337120457
4.087e-07,0.004780830337120456
4.088e-07,0.0034527053371204565
4.089e-07,0.004062080337120456
4.09e-07,0.007452705337120457
4.091e-07,0.012483952337120456
4.092e-07,0.015452702337120455
4.093e-07,0.014296452337120456
4.094e-07,0.011452702337120457
4.095e-07,0.010437082337120457
4.096e-07,0.011452702337120457
4.097e-07,0.012218332337120457
4.098e-07,0.011452702337120457
4.099e-07,0.010343332337120457
4.1e-07,0.011452702337120457
4.101e-07,0.014468332337120457
4.102e-07,0.015452702337120455
4.103e-07,0.012093332337120457
4.104e-07,0.007452705337120457
4.105e-07,0.006030830337120456
4.106e-07,0.007452705337120457
4.107e-07,0.009483952337120457
4.108e-07,0.011452702337120457
4.109e-07,0.013858952337120457
4.11e-07,0.015452702337120455
4.111e-07,0.015437082337120458
4.112e-07,0.015452702337120455
4.113e-07,0.016171452337120456
4.114e-07,0.015452702337120455
4.115e-07,0.012671452337120456
4.116e-07,0.011452702337120457
4.117e-07,0.013499582337120456
4.118e-07,0.015452702337120455
4.119e-07,0.013937082337120456
4.12e-07,0.011452702337120457
4.121e-07,0.012155832337120457
4.122e-07,0.015452702337120455
4.123e-07,0.017515202337120457
4.124e-07,0.015452702337120455
4.125e-07,0.010671452337120456
4.126e-07,0.007452705337120457
4.127e-07,0.008499580337120456
4.128e-07,0.011452702337120457
4.129e-07,0.013437082337120456
4.13e-07,0.015452702337120455
4.131e-07,0.018327702337120458
4.132e-07,0.019452702337120455
4.133e-07,0.017171452337120457
4.134e-07,0.015452702337120455
4.135e-07,0.016343332337120455
4.136e-07,0.015452702337120455
4.137e-07,0.009546452337120457
4.138e-07,0.0034527053371204565
4.139e-07,0.0032495803371204563
4.14e-07,0.007452705337120457
4.141e-07,0.010983952337120457
4.142e-07,0.011452702337120457
4.143e-07,0.010874582337120457
4.144e-07,0.011452702337120457
4.145e-07,0.013733952337120457
4.146e-07,0.015452702337120455
4.147e-07,0.014593332337120457
4.148e-07,0.011452702337120457
4.149e-07,0.008499580337120456
4.15e-07,0.007452705337120457
4.151e-07,0.008671455337120456
4.152e-07,0.011452702337120457
4.153e-07,0.014421452337120456
4.154e-07,0.015452702337120455
4.155e-07,0.014733952337120456
4.156e-07,0.015452702337120455
4.157e-07,0.018265202337120458
4.158e-07,0.019452702337120455
4.159e-07,0.016921452337120457
4.16e-07,0.015452702337120455
4.161e-07,0.017780832337120456
4.162e-07,0.019452702337120455
4.163e-07,0.016140202337120456
4.164e-07,0.011452702337120457
4.165e-07,0.010437082337120457
4.166e-07,0.011452702337120457
4.167e-07,0.010515202337120456
4.168e-07,0.007452705337120457
4.169e-07,0.0068277053371204564
4.17e-07,0.011452702337120457
4.171e-07,0.019140202337120455
4.172e-07,0.023452702337120455
4.173e-07,0.020812082337120456
4.174e-07,0.015452702337120455
4.175e-07,0.013296452337120457
4.176e-07,0.015452702337120455
4.177e-07,0.017405832337120456
4.178e-07,0.015452702337120455
4.179e-07,0.010499582337120457
4.18e-07,0.007452705337120457
4.181e-07,0.008952705337120457
4.182e-07,0.011452702337120457
4.183e-07,0.010968332337120457
4.184e-07,0.007452705337120457
4.185e-07,0.005468330337120457
4.186e-07,0.007452705337120457
4.187e-07,0.012249582337120457
4.188e-07,0.015452702337120455
4.189e-07,0.015483952337120455
4.19e-07,0.015452702337120455
4.191e-07,0.017671452337120457
4.192e-07,0.019452702337120455
4.193e-07,0.017640202337120457
4.194e-07,0.015452702337120455
4.195e-07,0.015499582337120458
4.196e-07,0.015452702337120455
4.197e-07,0.012890202337120456
4.198e-07,0.011452702337120457
4.199e-07,0.013624582337120456
4.2e-07,0.015452702337120455
4.201e-07,0.012702702337120456
4.202e-07,0.007452705337120457
4.203e-07,0.005218330337120457
4.204e-07,0.007452705337120457
4.205e-07,0.011202702337120457
4.206e-07,0.011452702337120457
4.207e-07,0.008562080337120456
4.208e-07,0.007452705337120457
4.209e-07,0.011296452337120457
4.21e-07,0.015452702337120455
4.211e-07,0.014843332337120457
4.212e-07,0.011452702337120457
4.213e-07,0.011062082337120457
4.214e-07,0.015452702337120455
4.215e-07,0.020983952337120457
4.216e-07,0.023452702337120455
4.217e-07,0.020827702337120457
4.218e-07,0.015452702337120455
4.219e-07,0.011312082337120456
4.22e-07,0.011452702337120457
4.221e-07,0.014296452337120456
4.222e-07,0.015452702337120455
4.223e-07,0.013233952337120457
4.224e-07,0.011452702337120457
4.225e-07,0.012968332337120457
4.226e-07,0.015452702337120455
4.227e-07,0.015030832337120457
4.228e-07,0.011452702337120457
4.229e-07,0.008187080337120456
4.23e-07,0.007452705337120457
4.231e-07,0.008327705337120456
4.232e-07,0.007452705337120457
4.233e-07,0.004593330337120456
4.234e-07,0.0034527053371204565
4.235e-07,0.007030830337120457
4.236e-07,0.011452702337120457
4.237e-07,0.012702702337120456
4.238e-07,0.011452702337120457
4.239e-07,0.010983952337120457
4.24e-07,0.011452702337120457
4.241e-07,0.011405832337120456
4.242e-07,0.011452702337120457
4.243e-07,0.012780832337120457
4.244e-07,0.015452702337120455
4.245e-07,0.017937082337120457
4.246e-07,0.019452702337120455
4.247e-07,0.018780832337120457
4.248e-07,0.015452702337120455
4.249e-07,0.010593332337120457
4.25e-07,0.007452705337120457
4.251e-07,0.007327705337120457
4.252e-07,0.007452705337120457
4.253e-07,0.006530830337120456
4.254e-07,0.007452705337120457
4.255e-07,0.011983952337120457
4.256e-07,0.015452702337120455
4.257e-07,0.014296452337120456
4.258e-07,0.011452702337120457
4.259e-07,0.011062082337120457
4.26e-07,0.011452702337120457
4.261e-07,0.009655832337120456
4.262e-07,0.007452705337120457
4.263e-07,0.008202705337120456
4.264e-07,0.011452702337120457
4.265e-07,0.014327702337120456
4.266e-07,0.015452702337120455
4.267e-07,0.014421452337120456
4.268e-07,0.011452702337120457
4.269e-07,0.008171455337120456
4.27e-07,0.007452705337120457
4.271e-07,0.009718332337120456
4.272e-07,0.011452702337120457
4.273e-07,0.010155832337120457
4.274e-07,0.007452705337120457
4.275e-07,0.006421455337120456
4.276e-07,0.007452705337120457
4.277e-07,0.008374580337120456
4.278e-07,0.007452705337120457
4.279e-07,0.006108955337120456
4.28e-07,0.007452705337120457
4.281e-07,0.011921452337120457
4.282e-07,0.015452702337120455
4.283e-07,0.013608952337120457
4.284e-07,0.007452705337120457
4.285e-07,0.001483955337120456
4.286e-07,-0.0005472945174135438
4.287e-07,0.0013745803371204561
4.288e-07,0.0034527053371204565
4.289e-07,0.003702705337120456
4.29e-07,0.0034527053371204565
4.291e-07,0.004077705337120456
4.292e-07,0.0034527053371204565
4.293e-07,0.0008120803371204561
4.294e-07,-0.0005472945174135438
4.295e-07,0.002671455337120456
4.296e-07,0.007452705337120457
4.297e-07,0.009140205337120457
4.298e-07,0.007452705337120457
4.299e-07,0.0048902053371204564
4.3e-07,0.0034527053371204565
4.301e-07,0.0032964553371204563
4.302e-07,0.0034527053371204565
4.303e-07,0.0035464553371204566
4.304e-07,0.0034527053371204565
4.305e-07,0.0035308303371204565
4.306e-07,0.0034527053371204565
4.307e-07,0.003155830337120456
4.308e-07,0.0034527053371204565
4.309e-07,0.005155830337120457
4.31e-07,0.007452705337120457
4.311e-07,0.009530832337120456
4.312e-07,0.011452702337120457
4.313e-07,0.012562082337120457
4.314e-07,0.011452702337120457
4.315e-07,0.007483955337120457
4.316e-07,0.0034527053371204565
4.317e-07,0.002124580337120456
4.318e-07,0.0034527053371204565
4.319e-07,0.005640205337120455
4.32e-07,0.007452705337120457
4.321e-07,0.008249580337120456
4.322e-07,0.007452705337120457
4.323e-07,0.005358955337120457
4.324e-07,0.0034527053371204565
4.325e-07,0.003140205337120456
4.326e-07,0.0034527053371204565
4.327e-07,0.0035464553371204566
4.328e-07,0.0034527053371204565
4.329e-07,0.0036089553371204557
4.33e-07,0.0034527053371204565
4.331e-07,0.003124580337120456
4.332e-07,0.0034527053371204565
4.333e-07,0.005312080337120457
4.334e-07,0.007452705337120457
4.335e-07,0.008124580337120456
4.336e-07,0.007452705337120457
4.337e-07,0.006671455337120456
4.338e-07,0.007452705337120457
4.339e-07,0.009608952337120457
4.34e-07,0.011452702337120457
4.341e-07,0.010733952337120456
4.342e-07,0.007452705337120457
4.343e-07,0.002983955337120456
4.344e-07,-0.0005472945174135438
4.345e-07,-0.0017191696628795438
4.346e-07,-0.0005472945174135438
4.347e-07,0.0018745803371204564
4.348e-07,0.0034527053371204565
4.349e-07,0.0035933303371204566
4.35e-07,0.0034527053371204565
4.351e-07,0.003968330337120456
4.352e-07,0.0034527053371204565
4.353e-07,0.0012339553371204562
4.354e-07,-0.0005472945174135438
4.355e-07,-0.0004379195628795438
4.356e-07,-0.0005472945174135438
4.357e-07,-0.0017347946628795438
4.358e-07,-0.0005472945174135438
4.359e-07,0.004265205337120456
4.36e-07,0.007452705337120457
4.361e-07,0.004702705337120456
4.362e-07,-0.0005472945174135438
4.363e-07,-0.002453544662879544
4.364e-07,-0.0005472945174135438
4.365e-07,0.0012183303371204562
4.366e-07,-0.0005472945174135438
4.367e-07,-0.004125419662879544
4.368e-07,-0.004547294662879543
4.369e-07,-0.00015666946287954384
4.37e-07,0.0034527053371204565
4.371e-07,0.002108955337120456
4.372e-07,-0.0005472945174135438
4.373e-07,0.00043708053712045625
4.374e-07,0.0034527053371204565
4.375e-07,0.004390205337120456
4.376e-07,0.0034527053371204565
4.377e-07,0.002999580337120456
4.378e-07,0.0034527053371204565
4.379e-07,0.002655830337120456
4.38e-07,-0.0005472945174135438
4.381e-07,-0.004281669662879544
4.382e-07,-0.004547294662879543
4.383e-07,-0.00029729456287954384
4.384e-07,0.0034527053371204565
4.385e-07,0.002577705337120456
4.386e-07,-0.0005472945174135438
4.387e-07,-0.0015160445628795438
4.388e-07,-0.0005472945174135438
4.389e-07,-6.291946287954382e-05
4.39e-07,-0.0005472945174135438
4.391e-07,-0.0007660445628795438
4.392e-07,-0.0005472945174135438
4.393e-07,-0.0004691695128795438
4.394e-07,-0.0005472945174135438
4.395e-07,-0.0005472945174135438
4.396e-07,-0.0005472945174135438
4.397e-07,-0.0005472945174135438
4.398e-07,-0.0005472945174135438
4.399e-07,-0.0005472945174135438
4.4e-07,-0.0005472945174135438
4.401e-07,-0.0005472945174135438
4.402e-07,-0.0005472945174135438
4.403e-07,-0.0006097945228795438
4.404e-07,-0.0005472945174135438
4.405e-07,-0.0003910445628795438
4.406e-07,-0.0005472945174135438
4.407e-07,-0.0007347945628795439
4.408e-07,-0.0005472945174135438
4.409e-07,-6.291946287954382e-05
4.41e-07,-0.0005472945174135438
4.411e-07,-0.0025785446628795437
4.412e-07,-0.004547294662879543
4.413e-07,-0.003906669662879544
4.414e-07,-0.0005472945174135438
4.415e-07,0.003937080337120456
4.416e-07,0.007452705337120457
4.417e-07,0.007546455337120457
4.418e-07,0.0034527053371204565
4.419e-07,-0.002453544662879544
4.42e-07,-0.004547294662879543
4.421e-07,-0.0008441695628795438
4.422e-07,0.0034527053371204565
4.423e-07,0.002999580337120456
4.424e-07,-0.0005472945174135438
4.425e-07,-0.003203544662879544
4.426e-07,-0.004547294662879543
4.427e-07,-0.005266044662879544
4.428e-07,-0.004547294662879543
4.429e-07,-0.0017347946628795438
4.43e-07,-0.0005472945174135438
4.431e-07,-0.002703544662879544
4.432e-07,-0.004547294662879543
4.433e-07,-0.002797294662879544
4.434e-07,-0.0005472945174135438
4.435e-07,-0.0006722945628795438
4.436e-07,-0.0005472945174135438
4.437e-07,0.002015205337120456
4.438e-07,0.0034527053371204565
4.439e-07,0.0009839553371204562
4.44e-07,-0.0005472945174135438
4.441e-07,0.001952705337120456
4.442e-07,0.0034527053371204565
4.443e-07,-0.0003910445628795438
4.444e-07,-0.004547294662879543
4.445e-07,-0.0035629196628795437
4.446e-07,-0.0005472945174135438
4.447e-07,-0.0011097945628795439
4.448e-07,-0.004547294662879543
4.449e-07,-0.006141044662879545
4.45e-07,-0.004547294662879543
4.451e-07,-0.0017504196628795438
4.452e-07,-0.0005472945174135438
4.453e-07,-0.0018910446628795437
4.454e-07,-0.004547294662879543
4.455e-07,-0.0059066696628795445
4.456e-07,-0.004547294662879543
4.457e-07,-0.0016722946628795437
4.458e-07,-0.0005472945174135438
4.459e-07,-0.002375419662879544
4.46e-07,-0.004547294662879543
4.461e-07,-0.0047972946628795435
4.462e-07,-0.004547294662879543
4.463e-07,-0.005078544662879544
4.464e-07,-0.004547294662879543
4.465e-07,-0.0018910446628795437
4.466e-07,-0.0005472945174135438
4.467e-07,-0.002844169662879544
4.468e-07,-0.004547294662879543
4.469e-07,-0.0025472946628795437
4.47e-07,-0.0005472945174135438
4.471e-07,-0.002234794662879544
4.472e-07,-0.004547294662879543
4.473e-07,-0.004297294662879544
4.474e-07,-0.004547294662879543
4.475e-07,-0.008375419662879543
4.476e-07,-0.012547297662879544
4.477e-07,-0.012125417662879544
4.478e-07,-0.008547294662879543
4.479e-07,-0.005437919662879544
4.48e-07,-0.004547294662879543
4.481e-07,-0.004625419662879543
4.482e-07,-0.004547294662879543
4.483e-07,-0.004172294662879544
4.484e-07,-0.004547294662879543
4.485e-07,-0.005391044662879544
4.486e-07,-0.004547294662879543
4.487e-07,-0.001875419662879544
4.488e-07,-0.0005472945174135438
4.489e-07,-0.0026254196628795437
4.49e-07,-0.004547294662879543
4.491e-07,-0.0031722946628795438
4.492e-07,-0.0005472945174135438
4.493e-07,-0.0009379195628795438
4.494e-07,-0.004547294662879543
4.495e-07,-0.008125419662879543
4.496e-07,-0.008547294662879543
4.497e-07,-0.0060160446628795446
4.498e-07,-0.004547294662879543
4.499e-07,-0.006281669662879543
4.5e-07,-0.008547294662879543
4.501e-07,-0.008625419662879543
4.502e-07,-0.008547294662879543
4.503e-07,-0.009578544662879543
4.504e-07,-0.008547294662879543
4.505e-07,-0.003734794662879544
4.506e-07,-0.0005472945174135438
4.507e-07,-0.0035785446628795437
4.508e-07,-0.008547294662879543
4.509e-07,-0.009750419662879543
4.51e-07,-0.008547294662879543
4.511e-07,-0.008297294662879543
4.512e-07,-0.008547294662879543
4.513e-07,-0.007953544662879545
4.514e-07,-0.008547294662879543
4.515e-07,-0.011203547662879544
4.516e-07,-0.012547297662879544
4.517e-07,-0.009406669662879544
4.518e-07,-0.004547294662879543
4.519e-07,-0.0026097946628795437
4.52e-07,-0.004547294662879543
4.521e-07,-0.007672294662879544
4.522e-07,-0.008547294662879543
4.523e-07,-0.006687919662879543
4.524e-07,-0.004547294662879543
4.525e-07,-0.005094169662879544
4.526e-07,-0.008547294662879543
4.527e-07,-0.012141047662879543
4.528e-07,-0.012547297662879544
4.529e-07,-0.009969169662879543
4.53e-07,-0.008547294662879543
4.531e-07,-0.010359794662879543
4.532e-07,-0.012547297662879544
4.533e-07,-0.011453547662879543
4.534e-07,-0.008547294662879543
4.535e-07,-0.007344169662879544
4.536e-07,-0.008547294662879543
4.537e-07,-0.010531669662879543
4.538e-07,-0.012547297662879544
4.539e-07,-0.013734797662879543
4.54e-07,-0.012547297662879544
4.541e-07,-0.009625419662879543
4.542e-07,-0.008547294662879543
4.543e-07,-0.010719167662879543
4.544e-07,-0.012547297662879544
4.545e-07,-0.011109797662879544
4.546e-07,-0.008547294662879543
4.547e-07,-0.008937919662879544
4.548e-07,-0.012547297662879544
4.549e-07,-0.016125417662879546
4.55e-07,-0.016547297662879542
4.551e-07,-0.014078547662879543
4.552e-07,-0.012547297662879544
4.553e-07,-0.014187917662879544
4.554e-07,-0.016547297662879542
4.555e-07,-0.016937917662879543
4.556e-07,-0.016547297662879542
4.557e-07,-0.016891047662879542
4.558e-07,-0.016547297662879542
4.559e-07,-0.014141047662879543
4.56e-07,-0.012547297662879544
4.561e-07,-0.015031667662879543
4.562e-07,-0.020547297662879542
4.563e-07,-0.024687917662879543
4.564e-07,-0.024547297662879542
4.565e-07,-0.020453547662879542
4.566e-07,-0.016547297662879542
4.567e-07,-0.015516047662879543
4.568e-07,-0.016547297662879542
4.569e-07,-0.017125417662879543
4.57e-07,-0.016547297662879542
4.571e-07,-0.015969167662879546
4.572e-07,-0.016547297662879542
4.573e-07,-0.017328547662879543
4.574e-07,-0.016547297662879542
4.575e-07,-0.014141047662879543
4.576e-07,-0.012547297662879544
4.577e-07,-0.013891047662879543
4.578e-07,-0.016547297662879542
4.579e-07,-0.017578547662879543
4.58e-07,-0.016547297662879542
4.581e-07,-0.014547297662879544
4.582e-07,-0.012547297662879544
4.583e-07,-0.011359797662879543
4.584e-07,-0.012547297662879544
4.585e-07,-0.015500417662879544
4.586e-07,-0.016547297662879542
4.587e-07,-0.014344167662879543
4.588e-07,-0.012547297662879544
4.589e-07,-0.013234797662879544
4.59e-07,-0.012547297662879544
4.591e-07,-0.008156669662879543
4.592e-07,-0.004547294662879543
4.593e-07,-0.006953544662879544
4.594e-07,-0.012547297662879544
4.595e-07,-0.015969167662879546
4.596e-07,-0.016547297662879542
4.597e-07,-0.016516047662879542
4.598e-07,-0.016547297662879542
4.599e-07,-0.016203547662879545
4.6e-07,-0.016547297662879542
4.601e-07,-0.017359797662879543
4.602e-07,-0.016547297662879542
4.603e-07,-0.013594167662879544
4.604e-07,-0.012547297662879544
4.605e-07,-0.014734797662879544
4.606e-07,-0.016547297662879542
4.607e-07,-0.014781667662879543
4.608e-07,-0.012547297662879544
4.609e-07,-0.013641047662879543
4.61e-07,-0.016547297662879542
4.611e-07,-0.016672297662879542
4.612e-07,-0.012547297662879544
4.613e-07,-0.007109794662879544
4.614e-07,-0.004547294662879543
4.615e-07,-0.006219169662879543
4.616e-07,-0.008547294662879543
4.617e-07,-0.008734794662879544
4.618e-07,-0.008547294662879543
4.619e-07,-0.010437919662879543
4.62e-07,-0.012547297662879544
4.621e-07,-0.012734797662879544
4.622e-07,-0.012547297662879544
4.623e-07,-0.013344167662879543
4.624e-07,-0.012547297662879544
4.625e-07,-0.008312919662879543
4.626e-07,-0.004547294662879543
4.627e-07,-0.005187919662879544
4.628e-07,-0.008547294662879543
4.629e-07,-0.011172297662879544
4.63e-07,-0.012547297662879544
4.631e-07,-0.013328547662879543
4.632e-07,-0.012547297662879544
4.633e-07,-0.009969169662879543
4.634e-07,-0.008547294662879543
4.635e-07,-0.010297294662879543
4.636e-07,-0.012547297662879544
4.637e-07,-0.012781667662879543
4.638e-07,-0.012547297662879544
4.639e-07,-0.013109797662879544
4.64e-07,-0.012547297662879544
4.641e-07,-0.009828544662879543
4.642e-07,-0.008547294662879543
4.643e-07,-0.011547297662879543
4.644e-07,-0.016547297662879542
4.645e-07,-0.018531667662879545
4.646e-07,-0.016547297662879542
4.647e-07,-0.013297297662879544
4.648e-07,-0.012547297662879544
4.649e-07,-0.013672297662879543
4.65e-07,-0.012547297662879544
4.651e-07,-0.006891044662879544
4.652e-07,-0.0005472945174135438
4.653e-07,0.0004995803371204562
4.654e-07,-0.004547294662879543
4.655e-07,-0.011000417662879543
4.656e-07,-0.012547297662879544
4.657e-07,-0.008594169662879543
4.658e-07,-0.004547294662879543
4.659e-07,-0.005172294662879544
4.66e-07,-0.008547294662879543
4.661e-07,-0.010016044662879543
4.662e-07,-0.008547294662879543
4.663e-07,-0.007109794662879544
4.664e-07,-0.008547294662879543
4.665e-07,-0.011625417662879544
4.666e-07,-0.012547297662879544
4.667e-07,-0.009125419662879544
4.668e-07,-0.004547294662879543
4.669e-07,-0.002953544662879544
4.67e-07,-0.004547294662879543
4.671e-07,-0.006859794662879544
4.672e-07,-0.008547294662879543
4.673e-07,-0.009250419662879544
4.674e-07,-0.008547294662879543
4.675e-07,-0.006437919662879543
4.676e-07,-0.004547294662879543
4.677e-07,-0.004141044662879544
4.678e-07,-0.004547294662879543
4.679e-07,-0.004719169662879543
4.68e-07,-0.004547294662879543
4.681e-07,-0.004453544662879543
4.682e-07,-0.004547294662879543
4.683e-07,-0.004672294662879543
4.684e-07,-0.004547294662879543
4.685e-07,-0.004312919662879544
4.686e-07,-0.004547294662879543
4.687e-07,-0.004953544662879544
4.688e-07,-0.004547294662879543
4.689e-07,-0.0036566696628795438
4.69e-07,-0.004547294662879543
4.691e-07,-0.007469169662879544
4.692e-07,-0.008547294662879543
4.693e-07,-0.005109794662879544
4.694e-07,-0.0005472945174135438
4.695e-07,0.0008120803371204561
4.696e-07,-0.0005472945174135438
4.697e-07,-0.002391044662879544
4.698e-07,-0.004547294662879543
4.699e-07,-0.007187919662879544
4.7e-07,-0.008547294662879543
4.701e-07,-0.007062919662879544
4.702e-07,-0.004547294662879543
4.703e-07,-0.0035785446628795437
4.704e-07,-0.004547294662879543
4.705e-07,-0.005516044662879544
4.706e-07,-0.004547294662879543
4.707e-07,-0.0019066696628795437
4.708e-07,-0.0005472945174135438
4.709e-07,-0.0020629196628795437
4.71e-07,-0.004547294662879543
4.711e-07,-0.005344169662879544
4.712e-07,-0.004547294662879543
4.713e-07,-0.004047294662879544
4.714e-07,-0.004547294662879543
4.715e-07,-0.005016044662879544
4.716e-07,-0.004547294662879543
4.717e-07,-0.002797294662879544
4.718e-07,-0.0005472945174135438
4.719e-07,0.0006558303371204562
4.72e-07,-0.0005472945174135438
4.721e-07,-0.003250419662879544
4.722e-07,-0.004547294662879543
4.723e-07,-0.002797294662879544
4.724e-07,-0.0005472945174135438
4.725e-07,-0.00018791946287954382
4.726e-07,-0.0005472945174135438
4.727e-07,-0.00021916946287954385
4.728e-07,-0.0005472945174135438
4.729e-07,-0.0018285446628795439
4.73e-07,-0.0005472945174135438
4.731e-07,0.004421455337120456
4.732e-07,0.007452705337120457
4.733e-07,0.004265205337120456
4.734e-07,-0.0005472945174135438
4.735e-07,-0.0017191696628795438
4.736e-07,-0.0005472945174135438
4.737e-07,-0.0005941695228795438
4.738e-07,-0.0005472945174135438
4.739e-07,0.001546455337120456
4.74e-07,0.0034527053371204565
4.741e-07,0.0022183303371204562
4.742e-07,-0.0005472945174135438
4.743e-07,-0.002469169662879544
4.744e-07,-0.004547294662879543
4.745e-07,-0.007328544662879544
4.746e-07,-0.008547294662879543
4.747e-07,-0.006531669662879543
4.748e-07,-0.004547294662879543
4.749e-07,-0.004641044662879543
4.75e-07,-0.004547294662879543
4.751e-07,-0.0021410446628795437
4.752e-07,-0.0005472945174135438
4.753e-07,-0.002297294662879544
4.754e-07,-0.004547294662879543
4.755e-07,-0.003359794662879544
4.756e-07,-0.0005472945174135438
4.757e-07,0.0004214555371204561
4.758e-07,-0.0005472945174135438
4.759e-07,-0.0021879196628795438
4.76e-07,-0.004547294662879543
4.761e-07,-0.006453544662879543
4.762e-07,-0.004547294662879543
4.763e-07,0.0018745803371204564
4.764e-07,0.007452705337120457
4.765e-07,0.007358955337120457
4.766e-07,0.0034527053371204565
4.767e-07,0.00017145553712045612
4.768e-07,-0.0005472945174135438
4.769e-07,-0.0003285445628795438
4.77e-07,-0.0005472945174135438
4.771e-07,-0.0010629195628795438
4.772e-07,-0.0005472945174135438
4.773e-07,0.0012808303371204563
4.774e-07,0.0034527053371204565
4.775e-07,0.0033589553371204564
4.776e-07,-0.0005472945174135438
4.777e-07,-0.0059222946628795445
4.778e-07,-0.008547294662879543
4.779e-07,-0.006547294662879543
4.78e-07,-0.004547294662879543
4.781e-07,-0.0059535446628795445
4.782e-07,-0.008547294662879543
4.783e-07,-0.007969169662879545
4.784e-07,-0.004547294662879543
4.785e-07,-0.0004691695128795438
4.786e-07,0.0034527053371204565
4.787e-07,0.006796455337120456
4.788e-07,0.007452705337120457
4.789e-07,0.003999580337120456
4.79e-07,-0.0005472945174135438
4.791e-07,-0.003328544662879544
4.792e-07,-0.004547294662879543
4.793e-07,-0.005141044662879544
4.794e-07,-0.004547294662879543
4.795e-07,-0.002234794662879544
4.796e-07,-0.0005472945174135438
4.797e-07,-0.0005785445128795438
4.798e-07,-0.0005472945174135438
4.799e-07,0.001530830337120456
4.8e-07,0.0034527053371204565
4.801e-07,0.0034839553371204565
4.802e-07,0.0034527053371204565
4.803e-07,0.005233955337120457
4.804e-07,0.007452705337120457
4.805e-07,0.007718330337120457
4.806e-07,0.007452705337120457
4.807e-07,0.007718330337120457
4.808e-07,0.007452705337120457
4.809e-07,0.005312080337120457
4.81e-07,0.0034527053371204565
4.811e-07,0.0033277053371204564
4.812e-07,0.0034527053371204565
4.813e-07,0.0017808303371204563
4.814e-07,-0.0005472945174135438
4.815e-07,-0.0012816695628795438
4.816e-07,-0.0005472945174135438
4.817e-07,9.333053712045616e-05
4.818e-07,-0.0005472945174135438
4.819e-07,-0.002234794662879544
4.82e-07,-0.004547294662879543
4.821e-07,-0.005687919662879544
4.822e-07,-0.004547294662879543
4.823e-07,-0.0016722946628795437
4.824e-07,-0.0005472945174135438
4.825e-07,-0.002312919662879544
4.826e-07,-0.004547294662879543
4.827e-07,-0.003812919662879544
4.828e-07,-0.0005472945174135438
4.829e-07,0.002515205337120456
4.83e-07,0.0034527053371204565
4.831e-07,0.002905830337120456
4.832e-07,0.0034527053371204565
4.833e-07,0.005671455337120455
4.834e-07,0.007452705337120457
4.835e-07,0.006343330337120456
4.836e-07,0.0034527053371204565
4.837e-07,0.0008433303371204561
4.838e-07,-0.0005472945174135438
4.839e-07,-0.0011566695628795437
4.84e-07,-0.0005472945174135438
4.841e-07,0.0013902053371204562
4.842e-07,0.0034527053371204565
4.843e-07,0.004358955337120456
4.844e-07,0.0034527053371204565
4.845e-07,0.001515205337120456
4.846e-07,-0.0005472945174135438
4.847e-07,-0.002344169662879544
4.848e-07,-0.004547294662879543
4.849e-07,-0.006172294662879543
4.85e-07,-0.004547294662879543
4.851e-07,0.0012808303371204563
4.852e-07,0.007452705337120457
4.853e-07,0.009437080337120457
4.854e-07,0.007452705337120457
4.855e-07,0.003671455337120456
4.856e-07,-0.0005472945174135438
4.857e-07,-0.003969169662879544
4.858e-07,-0.004547294662879543
4.859e-07,-0.0021097946628795437
4.86e-07,-0.0005472945174135438
4.861e-07,-0.002297294662879544
4.862e-07,-0.004547294662879543
4.863e-07,-0.0035316696628795437
4.864e-07,-0.0005472945174135438
4.865e-07,0.001937080337120456
4.866e-07,0.0034527053371204565
4.867e-07,0.004343330337120456
4.868e-07,0.0034527053371204565
4.869e-07,0.0005933303371204561
4.87e-07,-0.0005472945174135438
4.871e-07,0.0017027053371204562
4.872e-07,0.0034527053371204565
4.873e-07,0.0017027053371204562
4.874e-07,-0.0005472945174135438
4.875e-07,-0.0003910445628795438
4.876e-07,-0.0005472945174135438
4.877e-07,-0.0031722946628795438
4.878e-07,-0.004547294662879543
4.879e-07,-0.0011566695628795437
4.88e-07,0.0034527053371204565
4.881e-07,0.004640205337120456
4.882e-07,0.0034527053371204565
4.883e-07,0.002983955337120456
4.884e-07,0.0034527053371204565
4.885e-07,0.002562080337120456
4.886e-07,-0.0005472945174135438
4.887e-07,-0.0039535446628795445
4.888e-07,-0.004547294662879543
4.889e-07,-0.0020629196628795437
4.89e-07,-0.0005472945174135438
4.891e-07,-0.002391044662879544
4.892e-07,-0.004547294662879543
4.893e-07,-0.003344169662879544
4.894e-07,-0.0005472945174135438
4.895e-07,0.00034333053712045617
4.896e-07,-0.0005472945174135438
4.897e-07,-0.0010160445628795438
4.898e-07,-0.0005472945174135438
4.899e-07,-0.0001722944628795438
4.9e-07,-0.0005472945174135438
4.901e-07,-0.0020472946628795436
4.902e-07,-0.004547294662879543
4.903e-07,-0.007094169662879544
4.904e-07,-0.008547294662879543
4.905e-07,-0.007578544662879544
4.906e-07,-0.004547294662879543
4.907e-07,-0.0011254195628795439
4.908e-07,-0.0005472945174135438
4.909e-07,-0.0026722946628795438
4.91e-07,-0.004547294662879543
4.911e-07,-0.003391044662879544
4.912e-07,-0.0005472945174135438
4.913e-07,0.0007183303371204562
4.914e-07,-0.0005472945174135438
4.915e-07,-0.0011722945628795437
4.916e-07,0.0034527053371204565
4.917e-07,0.011671452337120457
4.918e-07,0.015452702337120455
4.919e-07,0.009437080337120457
4.92e-07,-0.0005472945174135438
4.921e-07,-0.005734794662879544
4.922e-07,-0.004547294662879543
4.923e-07,-0.0015941696628795439
4.924e-07,-0.0005472945174135438
4.925e-07,-0.0010004195628795438
4.926e-07,-0.0005472945174135438
4.927e-07,0.0027339553371204563
4.928e-07,0.007452705337120457
4.929e-07,0.009999582337120456
4.93e-07,0.007452705337120457
4.931e-07,0.0008589553371204561
4.932e-07,-0.004547294662879543
4.933e-07,-0.0047660446628795435
4.934e-07,-0.0005472945174135438
4.935e-07,0.004499580337120456
4.936e-07,0.007452705337120457
4.937e-07,0.007030830337120457
4.938e-07,0.0034527053371204565
4.939e-07,-0.0013754195628795439
4.94e-07,-0.004547294662879543
4.941e-07,-0.0036410446628795438
4.942e-07,-0.0005472945174135438
4.943e-07,0.0022808303371204563
4.944e-07,0.0034527053371204565
4.945e-07,0.0033745803371204564
4.946e-07,0.0034527053371204565
4.947e-07,0.004812080337120456
4.948e-07,0.007452705337120457
4.949e-07,0.010187082337120457
4.95e-07,0.011452702337120457
4.951e-07,0.010108952337120457
4.952e-07,0.007452705337120457
4.953e-07,0.004765205337120456
4.954e-07,0.0034527053371204565
4.955e-07,0.0033902053371204564
4.956e-07,0.0034527053371204565
4.957e-07,0.003155830337120456
4.958e-07,0.0034527053371204565
4.959e-07,0.004374580337120456
4.96e-07,0.0034527053371204565
4.961e-07,0.0006402053371204561
4.962e-07,-0.0005472945174135438
4.963e-07,0.0018745803371204564
4.964e-07,0.0034527053371204565
4.965e-07,0.0012339553371204562
4.966e-07,-0.0005472945174135438
4.967e-07,0.002499580337120456
4.968e-07,0.007452705337120457
4.969e-07,0.009187080337120457
4.97e-07,0.007452705337120457
4.971e-07,0.005062080337120457
4.972e-07,0.0034527053371204565
4.973e-07,0.0017183303371204562
4.974e-07,-0.0005472945174135438
4.975e-07,-0.0018910446628795437
4.976e-07,-0.0005472945174135438
4.977e-07,0.003687080337120456
4.978e-07,0.007452705337120457
4.979e-07,0.007218330337120457
4.98e-07,0.0034527053371204565
4.981e-07,-0.00028166956287954383
4.982e-07,-0.0005472945174135438
4.983e-07,0.003140205337120456
4.984e-07,0.007452705337120457
4.985e-07,0.008983955337120457
4.986e-07,0.007452705337120457
4.987e-07,0.003921455337120456
4.988e-07,-0.0005472945174135438
4.989e-07,-0.004281669662879544
4.99e-07,-0.004547294662879543
4.991e-07,-0.0004535445128795438
4.992e-07,0.0034527053371204565
4.993e-07,0.004077705337120456
4.994e-07,0.0034527053371204565
4.995e-07,0.003921455337120456
4.996e-07,0.0034527053371204565
4.997e-07,0.0006870803371204562
4.998e-07,-0.0005472945174135438
4.999e-07,0.0028433303371204564
5e-07,0.007452705337120457
5.001e-07,0.008702705337120456
5.002e-07,0.007452705337120457
5.003e-07,0.005858955337120456
5.004e-07,0.0034527053371204565
5.005e-07,-0.0007504195628795439
5.006e-07,-0.004547294662879543
5.007e-07,-0.004359794662879544
5.008e-07,-0.0005472945174135438
5.009e-07,0.004327705337120456
5.01e-07,0.007452705337120457
5.011e-07,0.007108955337120457
5.012e-07,0.0034527053371204565
5.013e-07,-0.0005472945174135438
5.014e-07,-0.0005472945174135438
5.015e-07,0.003890205337120456
5.016e-07,0.007452705337120457
5.017e-07,0.006265205337120456
5.018e-07,0.0034527053371204565
5.019e-07,0.002874580337120456
5.02e-07,0.0034527053371204565
5.021e-07,0.0022495803371204563
5.022e-07,-0.0005472945174135438
5.023e-07,-0.001859794662879544
5.024e-07,-0.0005472945174135438
5.025e-07,0.002093330337120456
5.026e-07,0.0034527053371204565
5.027e-07,0.003140205337120456
5.028e-07,0.0034527053371204565
5.029e-07,0.0057652053371204555
5.03e-07,0.007452705337120457
5.031e-07,0.006093330337120456
5.032e-07,0.0034527053371204565
5.033e-07,0.002515205337120456
5.034e-07,0.0034527053371204565
5.035e-07,0.004108955337120456
5.036e-07,0.0034527053371204565
5.037e-07,0.002655830337120456
5.038e-07,0.0034527053371204565
5.039e-07,0.005921455337120456
5.04e-07,0.007452705337120457
5.041e-07,0.006249580337120456
5.042e-07,0.0034527053371204565
5.043e-07,0.002108955337120456
5.044e-07,0.0034527053371204565
5.045e-07,0.006108955337120456
5.046e-07,0.007452705337120457
5.047e-07,0.006999580337120457
5.048e-07,0.007452705337120457
5.049e-07,0.009843332337120456
5.05e-07,0.011452702337120457
5.051e-07,0.009843332337120456
5.052e-07,0.007452705337120457
5.053e-07,0.006999580337120457
5.054e-07,0.007452705337120457
5.055e-07,0.006108955337120456
5.056e-07,0.0034527053371204565
5.057e-07,0.0021870803371204562
5.058e-07,0.0034527053371204565
5.059e-07,0.006093330337120456
5.06e-07,0.007452705337120457
5.061e-07,0.006171455337120456
5.062e-07,0.0034527053371204565
5.063e-07,0.002030830337120456
5.064e-07,0.0034527053371204565
5.065e-07,0.006343330337120456
5.066e-07,0.007452705337120457
5.067e-07,0.005546455337120457
5.068e-07,0.0034527053371204565
5.069e-07,0.0032183303371204563
5.07e-07,0.0034527053371204565
5.071e-07,0.001937080337120456
5.072e-07,-0.0005472945174135438
5.073e-07,-0.0015004195628795438
5.074e-07,-0.0005472945174135438
5.075e-07,0.0006245803371204561
5.076e-07,-0.0005472945174135438
5.077e-07,-0.003266044662879544
5.078e-07,-0.004547294662879543
5.079e-07,-0.002469169662879544
5.08e-07,-0.0005472945174135438
5.081e-07,-0.0008441695628795438
5.082e-07,-0.0005472945174135438
5.083e-07,0.0032808303371204563
5.084e-07,0.007452705337120457
5.085e-07,0.008108955337120456
5.086e-07,0.007452705337120457
5.087e-07,0.007796455337120457
5.088e-07,0.007452705337120457
5.089e-07,0.004671455337120456
5.09e-07,0.0034527053371204565
5.091e-07,0.005874580337120456
5.092e-07,0.007452705337120457
5.093e-07,0.004155830337120456
5.094e-07,-0.0005472945174135438
5.095e-07,-0.0017347946628795438
5.096e-07,-0.0005472945174135438
5.097e-07,-6.291946287954382e-05
5.098e-07,-0.0005472945174135438
5.099e-07,0.0004995803371204562
5.1e-07,0.0034527053371204565
5.101e-07,0.006546455337120456
5.102e-07,0.007452705337120457
5.103e-07,0.0057027053371204554
5.104e-07,0.0034527053371204565
5.105e-07,0.002890205337120456
5.106e-07,0.0034527053371204565
5.107e-07,0.003702705337120456
5.108e-07,0.0034527053371204565
5.109e-07,0.0035308303371204565
5.11e-07,0.0034527053371204565
5.111e-07,0.003140205337120456
5.112e-07,0.0034527053371204565
5.113e-07,0.005233955337120457
5.114e-07,0.007452705337120457
5.115e-07,0.009233955337120457
5.116e-07,0.011452702337120457
5.117e-07,0.014155832337120457
5.118e-07,0.015452702337120455
5.119e-07,0.013640202337120457
5.12e-07,0.011452702337120457
5.121e-07,0.010046452337120457
5.122e-07,0.007452705337120457
5.123e-07,0.0035464553371204566
5.124e-07,0.0034527053371204565
5.125e-07,0.008593330337120456
5.126e-07,0.011452702337120457
5.127e-07,0.006562080337120456
5.128e-07,-0.0005472945174135438
5.129e-07,-0.0012035445628795437
5.13e-07,0.0034527053371204565
5.131e-07,0.007390205337120457
5.132e-07,0.007452705337120457
5.133e-07,0.005233955337120457
5.134e-07,0.0034527053371204565
5.135e-07,0.004077705337120456
5.136e-07,0.007452705337120457
5.137e-07,0.011077702337120457
5.138e-07,0.011452702337120457
5.139e-07,0.007827705337120457
5.14e-07,0.0034527053371204565
5.141e-07,0.001921455337120456
5.142e-07,0.0034527053371204565
5.143e-07,0.0050152053371204566
5.144e-07,0.0034527053371204565
5.145e-07,-3.166946287954384e-05
5.146e-07,-0.0005472945174135438
5.147e-07,0.004577705337120456
5.148e-07,0.011452702337120457
5.149e-07,0.014312082337120457
5.15e-07,0.011452702337120457
5.151e-07,0.006108955337120456
5.152e-07,0.0034527053371204565
5.153e-07,0.003952705337120456
5.154e-07,0.0034527053371204565
5.155e-07,0.0003745805371204562
5.156e-07,-0.0005472945174135438
5.157e-07,0.003749580337120456
5.158e-07,0.007452705337120457
5.159e-07,0.0048745803371204564
5.16e-07,-0.0005472945174135438
5.161e-07,-0.0021410446628795437
5.162e-07,-0.0005472945174135438
5.163e-07,0.001312080337120456
5.164e-07,0.0034527053371204565
5.165e-07,0.006437080337120456
5.166e-07,0.007452705337120457
5.167e-07,0.005046455337120457
5.168e-07,0.0034527053371204565
5.169e-07,0.005530830337120457
5.17e-07,0.007452705337120457
5.171e-07,0.005858955337120456
5.172e-07,0.0034527053371204565
5.173e-07,0.0033277053371204564
5.174e-07,0.0034527053371204565
5.175e-07,0.001312080337120456
5.176e-07,-0.0005472945174135438
5.177e-07,0.0018745803371204564
5.178e-07,0.007452705337120457
5.179e-07,0.011671452337120457
5.18e-07,0.011452702337120457
5.181e-07,0.007437080337120457
5.182e-07,0.0034527053371204565
5.183e-07,0.002421455337120456
5.184e-07,0.0034527053371204565
5.185e-07,0.004062080337120456
5.186e-07,0.0034527053371204565
5.187e-07,0.0027652053371204563
5.188e-07,0.0034527053371204565
5.189e-07,0.005437080337120457
5.19e-07,0.007452705337120457
5.191e-07,0.008374580337120456
5.192e-07,0.007452705337120457
5.193e-07,0.005374580337120457
5.194e-07,0.0034527053371204565
5.195e-07,0.0018745803371204564
5.196e-07,-0.0005472945174135438
5.197e-07,-0.0025160446628795436
5.198e-07,-0.0005472945174135438
5.199e-07,0.006030830337120456
5.2e-07,0.011452702337120457
5.201e-07,0.011093332337120457
5.202e-07,0.007452705337120457
5.203e-07,0.0058433303371204556
5.204e-07,0.007452705337120457
5.205e-07,0.008937080337120457
5.206e-07,0.007452705337120457
5.207e-07,0.004202705337120456
5.208e-07,0.0034527053371204565
5.209e-07,0.007046455337120457
5.21e-07,0.011452702337120457
5.211e-07,0.011702702337120457
5.212e-07,0.007452705337120457
5.213e-07,0.003155830337120456
5.214e-07,0.0034527053371204565
5.215e-07,0.008093330337120456
5.216e-07,0.011452702337120457
5.217e-07,0.010249582337120457
5.218e-07,0.007452705337120457
5.219e-07,0.0068902053371204565
5.22e-07,0.007452705337120457
5.221e-07,0.006046455337120456
5.222e-07,0.0034527053371204565
5.223e-07,0.0034839553371204565
5.224e-07,0.007452705337120457
5.225e-07,0.012874582337120457
5.226e-07,0.015452702337120455
5.227e-07,0.012671452337120456
5.228e-07,0.007452705337120457
5.229e-07,0.003937080337120456
5.23e-07,0.0034527053371204565
5.231e-07,0.005062080337120457
5.232e-07,0.007452705337120457
5.233e-07,0.008921455337120457
5.234e-07,0.007452705337120457
5.235e-07,0.003124580337120456
5.236e-07,-0.0005472945174135438
5.237e-07,-6.291946287954382e-05
5.238e-07,0.0034527053371204565
5.239e-07,0.0068277053371204564
5.24e-07,0.007452705337120457
5.241e-07,0.005530830337120457
5.242e-07,0.0034527053371204565
5.243e-07,0.003030830337120456
5.244e-07,0.0034527053371204565
5.245e-07,0.0034995803371204565
5.246e-07,0.0034527053371204565
5.247e-07,0.003858955337120456
5.248e-07,0.0034527053371204565
5.249e-07,0.002405830337120456
5.25e-07,0.0034527053371204565
5.251e-07,0.0068277053371204564
5.252e-07,0.007452705337120457
5.253e-07,0.002999580337120456
5.254e-07,-0.0005472945174135438
5.255e-07,0.002046455337120456
5.256e-07,0.007452705337120457
5.257e-07,0.009437080337120457
5.258e-07,0.007452705337120457
5.259e-07,0.0048745803371204564
5.26e-07,0.0034527053371204565
5.261e-07,0.002093330337120456
5.262e-07,-0.0005472945174135438
5.263e-07,-0.0035472946628795437
5.264e-07,-0.004547294662879543
5.265e-07,-0.001641044662879544
5.266e-07,0.0034527053371204565
5.267e-07,0.007202705337120457
5.268e-07,0.007452705337120457
5.269e-07,0.005265205337120457
5.27e-07,0.0034527053371204565
5.271e-07,0.0033745803371204564
5.272e-07,0.0034527053371204565
5.273e-07,0.0018902053371204564
5.274e-07,-0.0005472945174135438
5.275e-07,-0.0017191696628795438
5.276e-07,-0.0005472945174135438
5.277e-07,0.001921455337120456
5.278e-07,0.0034527053371204565
5.279e-07,0.0035933303371204566
5.28e-07,0.0034527053371204565
5.281e-07,0.003858955337120456
5.282e-07,0.0034527053371204565
5.283e-07,0.0012652053371204563
5.284e-07,-0.0005472945174135438
5.285e-07,0.00043708053712045625
5.286e-07,0.0034527053371204565
5.287e-07,0.006093330337120456
5.288e-07,0.007452705337120457
5.289e-07,0.007015205337120457
5.29e-07,0.0034527053371204565
5.291e-07,-0.0020472946628795436
5.292e-07,-0.004547294662879543
5.293e-07,-0.002328544662879544
5.294e-07,-0.0005472945174135438
5.295e-07,-0.0016722946628795437
5.296e-07,-0.0005472945174135438
5.297e-07,0.006202705337120456
5.298e-07,0.011452702337120457
5.299e-07,0.007921455337120457
5.3e-07,-0.0005472945174135438
5.301e-07,-0.005391044662879544
5.302e-07,-0.004547294662879543
5.303e-07,-0.0007504195628795439
5.304e-07,0.0034527053371204565
5.305e-07,0.006608955337120456
5.306e-07,0.007452705337120457
5.307e-07,0.005593330337120455
5.308e-07,0.0034527053371204565
5.309e-07,0.002890205337120456
5.31e-07,0.0034527053371204565
5.311e-07,0.003874580337120456
5.312e-07,0.0034527053371204565
5.313e-07,0.0018745803371204564
5.314e-07,-0.0005472945174135438
5.315e-07,-0.0030941696628795437
5.316e-07,-0.004547294662879543
5.317e-07,-0.0035004196628795436
5.318e-07,-0.0005472945174135438
5.319e-07,0.002499580337120456
5.32e-07,0.0034527053371204565
5.321e-07,0.0018277053371204563
5.322e-07,-0.0005472945174135438
5.323e-07,-0.0012972945628795438
5.324e-07,-0.0005472945174135438
5.325e-07,0.0001245805371204562
5.326e-07,-0.0005472945174135438
5.327e-07,-0.0025160446628795436
5.328e-07,-0.004547294662879543
5.329e-07,-0.004453544662879543
5.33e-07,-0.0005472945174135438
5.331e-07,0.005280830337120457
5.332e-07,0.007452705337120457
5.333e-07,0.003702705337120456
5.334e-07,-0.0005472945174135438
5.335e-07,-0.0010160445628795438
5.336e-07,-0.0005472945174135438
5.337e-07,-0.0026722946628795438
5.338e-07,-0.004547294662879543
5.339e-07,-0.002781669662879544
5.34e-07,-0.0005472945174135438
5.341e-07,-0.0017660446628795438
5.342e-07,-0.004547294662879543
5.343e-07,-0.005094169662879544
5.344e-07,-0.004547294662879543
5.345e-07,-0.004625419662879543
5.346e-07,-0.004547294662879543
5.347e-07,-0.0026254196628795437
5.348e-07,-0.0005472945174135438
5.349e-07,-0.00014104446287954383
5.35e-07,-0.0005472945174135438
5.351e-07,-0.0005160445128795439
5.352e-07,-0.0005472945174135438
5.353e-07,-0.0010941695628795438
5.354e-07,-0.0005472945174135438
5.355e-07,0.001562080337120456
5.356e-07,0.0034527053371204565
5.357e-07,0.002562080337120456
5.358e-07,-0.0005472945174135438
5.359e-07,-0.0035160446628795436
5.36e-07,-0.004547294662879543
5.361e-07,-0.004125419662879544
5.362e-07,-0.004547294662879543
5.363e-07,-0.006531669662879543
5.364e-07,-0.008547294662879543
5.365e-07,-0.007844169662879544
5.366e-07,-0.004547294662879543
5.367e-07,-0.0010316695628795438
5.368e-07,-0.0005472945174135438
5.369e-07,-0.002937919662879544
5.37e-07,-0.004547294662879543
5.371e-07,-0.0030941696628795437
5.372e-07,-0.0005472945174135438
5.373e-07,4.645553712045623e-05
5.374e-07,-0.0005472945174135438
5.375e-07,-0.0008285445628795438
5.376e-07,-0.0005472945174135438
5.377e-07,-0.0015316695628795438
5.378e-07,-0.004547294662879543
5.379e-07,-0.007687919662879544
5.38e-07,-0.008547294662879543
5.381e-07,-0.007344169662879544
5.382e-07,-0.008547294662879543
5.383e-07,-0.013312917662879543
5.384e-07,-0.016547297662879542
5.385e-07,-0.012625417662879543
5.386e-07,-0.004547294662879543
5.387e-07,0.0017495803371204563
5.388e-07,0.0034527053371204565
5.389e-07,0.0018433303371204563
5.39e-07,-0.0005472945174135438
5.391e-07,-0.002844169662879544
5.392e-07,-0.004547294662879543
5.393e-07,-0.005516044662879544
5.394e-07,-0.004547294662879543
5.395e-07,-0.0021254196628795437
5.396e-07,-0.0005472945174135438
5.397e-07,-0.0020004196628795436
5.398e-07,-0.004547294662879543
5.399e-07,-0.006250419662879543
5.4e-07,-0.008547294662879543
5.401e-07,-0.011516047662879543
5.402e-07,-0.012547297662879544
5.403e-07,-0.009984794662879543
5.404e-07,-0.008547294662879543
5.405e-07,-0.010703547662879544
5.406e-07,-0.012547297662879544
5.407e-07,-0.009562919662879544
5.408e-07,-0.004547294662879543
5.409e-07,-0.0017347946628795438
5.41e-07,-0.0005472945174135438
5.411e-07,0.0013745803371204561
5.412e-07,0.0034527053371204565
5.413e-07,0.0028120803371204563
5.414e-07,-0.0005472945174135438
5.415e-07,-0.005000419662879544
5.416e-07,-0.008547294662879543
5.417e-07,-0.009797294662879543
5.418e-07,-0.008547294662879543
5.419e-07,-0.006031669662879545
5.42e-07,-0.004547294662879543
5.421e-07,-0.004687919662879543
5.422e-07,-0.004547294662879543
5.423e-07,-0.0025785446628795437
5.424e-07,-0.0005472945174135438
5.425e-07,-7.854446287954383e-05
5.426e-07,-0.0005472945174135438
5.427e-07,-0.0015629196628795439
5.428e-07,-0.004547294662879543
5.429e-07,-0.009562919662879544
5.43e-07,-0.012547297662879544
5.431e-07,-0.010031669662879543
5.432e-07,-0.004547294662879543
5.433e-07,-0.0007191695628795438
5.434e-07,-0.0005472945174135438
5.435e-07,-0.0026410446628795437
5.436e-07,-0.004547294662879543
5.437e-07,-0.004953544662879544
5.438e-07,-0.004547294662879543
5.439e-07,-0.004344169662879544
5.44e-07,-0.004547294662879543
5.441e-07,-0.004687919662879543
5.442e-07,-0.004547294662879543
5.443e-07,-0.004406669662879544
5.444e-07,-0.004547294662879543
5.445e-07,-0.004687919662879543
5.446e-07,-0.004547294662879543
5.447e-07,-0.004219169662879544
5.448e-07,-0.004547294662879543
5.449e-07,-0.005187919662879544
5.45e-07,-0.004547294662879543
5.451e-07,-0.002219169662879544
5.452e-07,-0.0005472945174135438
5.453e-07,-0.001875419662879544
5.454e-07,-0.004547294662879543
5.455e-07,-0.005734794662879544
5.456e-07,-0.004547294662879543
5.457e-07,-0.002234794662879544
5.458e-07,-0.0005472945174135438
5.459e-07,-0.0011097945628795439
5.46e-07,-0.004547294662879543
5.461e-07,-0.009562919662879544
5.462e-07,-0.012547297662879544
5.463e-07,-0.011406667662879543
5.464e-07,-0.008547294662879543
5.465e-07,-0.006234794662879543
5.466e-07,-0.004547294662879543
5.467e-07,-0.003297294662879544
5.468e-07,-0.004547294662879543
5.469e-07,-0.008734794662879544
5.47e-07,-0.012547297662879544
5.471e-07,-0.012031667662879544
5.472e-07,-0.008547294662879543
5.473e-07,-0.005406669662879544
5.474e-07,-0.004547294662879543
5.475e-07,-0.005016044662879544
5.476e-07,-0.004547294662879543
5.477e-07,-0.002469169662879544
5.478e-07,-0.0005472945174135438
5.479e-07,-0.00015666946287954384
5.48e-07,-0.0005472945174135438
5.481e-07,-0.0006722945628795438
5.482e-07,-0.0005472945174135438
5.483e-07,-0.0017972946628795439
5.484e-07,-0.004547294662879543
5.485e-07,-0.006516044662879543
5.486e-07,-0.004547294662879543
5.487e-07,0.0007183303371204562
5.488e-07,0.0034527053371204565
5.489e-07,0.0002495805371204562
5.49e-07,-0.004547294662879543
5.491e-07,-0.005734794662879544
5.492e-07,-0.004547294662879543
5.493e-07,-0.004344169662879544
5.494e-07,-0.004547294662879543
5.495e-07,-0.0030004196628795436
5.496e-07,-0.0005472945174135438
5.497e-07,0.00031208053712045614
5.498e-07,-0.0005472945174135438
5.499e-07,-0.0021722946628795438
5.5e-07,-0.004547294662879543
5.501e-07,-0.007172294662879544
5.502e-07,-0.008547294662879543
5.503e-07,-0.008344169662879543
5.504e-07,-0.008547294662879543
5.505e-07,-0.009422294662879544
5.506e-07,-0.008547294662879543
5.507e-07,-0.004469169662879543
5.508e-07,-0.0005472945174135438
5.509e-07,-0.0007191695628795438
5.51e-07,-0.004547294662879543
5.511e-07,-0.008078544662879545
5.512e-07,-0.008547294662879543
5.513e-07,-0.006359794662879543
5.514e-07,-0.004547294662879543
5.515e-07,-0.005547294662879544
5.516e-07,-0.008547294662879543
5.517e-07,-0.010312919662879543
5.518e-07,-0.008547294662879543
5.519e-07,-0.004062919662879544
5.52e-07,-0.0005472945174135438
5.521e-07,-0.0008597945628795439
5.522e-07,-0.004547294662879543
5.523e-07,-0.008234794662879543
5.524e-07,-0.008547294662879543
5.525e-07,-0.0058910446628795445
5.526e-07,-0.004547294662879543
5.527e-07,-0.006516044662879543
5.528e-07,-0.008547294662879543
5.529e-07,-0.007078544662879544
5.53e-07,-0.004547294662879543
5.531e-07,-0.0039222946628795444
5.532e-07,-0.004547294662879543
5.533e-07,-0.004344169662879544
5.534e-07,-0.004547294662879543
5.535e-07,-0.005719169662879544
5.536e-07,-0.004547294662879543
5.537e-07,0.001062080337120456
5.538e-07,0.007452705337120457
5.539e-07,0.009390205337120457
5.54e-07,0.007452705337120457
5.541e-07,0.003765205337120456
5.542e-07,-0.0005472945174135438
5.543e-07,-0.004359794662879544
5.544e-07,-0.004547294662879543
5.545e-07,-0.0013754195628795439
5.546e-07,-0.0005472945174135438
5.547e-07,-0.0048597946628795435
5.548e-07,-0.008547294662879543
5.549e-07,-0.0059847946628795445
5.55e-07,-0.0005472945174135438
5.551e-07,0.001546455337120456
5.552e-07,-0.0005472945174135438
5.553e-07,-0.003203544662879544
5.554e-07,-0.004547294662879543
5.555e-07,-0.0047972946628795435
5.556e-07,-0.004547294662879543
5.557e-07,-0.005156669662879544
5.558e-07,-0.008547294662879543
5.559e-07,-0.012781667662879543
5.56e-07,-0.012547297662879544
5.561e-07,-0.006234794662879543
5.562e-07,-0.0005472945174135438
5.563e-07,-0.0010160445628795438
5.564e-07,-0.004547294662879543
5.565e-07,-0.005609794662879544
5.566e-07,-0.004547294662879543
5.567e-07,-0.004297294662879544
5.568e-07,-0.004547294662879543
5.569e-07,-0.004047294662879544
5.57e-07,-0.004547294662879543
5.571e-07,-0.007234794662879544
5.572e-07,-0.008547294662879543
5.573e-07,-0.006453544662879543
5.574e-07,-0.004547294662879543
5.575e-07,-0.004969169662879544
5.576e-07,-0.004547294662879543
5.577e-07,-0.001437919562879544
5.578e-07,-0.0005472945174135438
5.579e-07,-0.005812919662879544
5.58e-07,-0.012547297662879544
5.581e-07,-0.013547297662879543
5.582e-07,-0.008547294662879543
5.583e-07,-0.0026254196628795437
5.584e-07,-0.0005472945174135438
5.585e-07,-0.002469169662879544
5.586e-07,-0.004547294662879543
5.587e-07,-0.004562919662879543
5.588e-07,-0.004547294662879543
5.589e-07,-0.006453544662879543
5.59e-07,-0.008547294662879543
5.591e-07,-0.007719169662879544
5.592e-07,-0.004547294662879543
5.593e-07,-0.002703544662879544
5.594e-07,-0.004547294662879543
5.595e-07,-0.008062919662879545
5.596e-07,-0.008547294662879543
5.597e-07,-0.004391044662879544
5.598e-07,-0.0005472945174135438
5.599e-07,-0.001484794562879544
5.6e-07,-0.004547294662879543
5.601e-07,-0.005437919662879544
5.602e-07,-0.004547294662879543
5.603e-07,-0.004453544662879543
5.604e-07,-0.004547294662879543
5.605e-07,-0.003891044662879544
5.606e-07,-0.004547294662879543
5.607e-07,-0.007141044662879544
5.608e-07,-0.008547294662879543
5.609e-07,-0.006531669662879543
5.61e-07,-0.004547294662879543
5.611e-07,-0.0058754196628795444
5.612e-07,-0.008547294662879543
5.613e-07,-0.008297294662879543
5.614e-07,-0.004547294662879543
5.615e-07,0.00010895553712045617
5.616e-07,0.0034527053371204565
5.617e-07,0.0035152053371204565
5.618e-07,-0.0005472945174135438
5.619e-07,-0.006406669662879543
5.62e-07,-0.008547294662879543
5.621e-07,-0.005734794662879544
5.622e-07,-0.004547294662879543
5.623e-07,-0.008672294662879543
5.624e-07,-0.012547297662879544
5.625e-07,-0.009922294662879543
5.626e-07,-0.004547294662879543
5.627e-07,-0.0017504196628795438
5.628e-07,-0.0005472945174135438
5.629e-07,0.001952705337120456
5.63e-07,0.0034527053371204565
5.631e-07,0.0013745803371204561
5.632e-07,-0.0005472945174135438
5.633e-07,0.0009995803371204562
5.634e-07,0.0034527053371204565
5.635e-07,0.002593330337120456
5.636e-07,-0.0005472945174135438
5.637e-07,-0.003234794662879544
5.638e-07,-0.004547294662879543
5.639e-07,-0.005078544662879544
5.64e-07,-0.004547294662879543
5.641e-07,-0.0025472946628795437
5.642e-07,-0.0005472945174135438
5.643e-07,7.770553712045615e-05
5.644e-07,-0.0005472945174135438
5.645e-07,-0.0021254196628795437
5.646e-07,-0.004547294662879543
5.647e-07,-0.007109794662879544
5.648e-07,-0.008547294662879543
5.649e-07,-0.007500419662879544
5.65e-07,-0.004547294662879543
5.651e-07,-0.002406669662879544
5.652e-07,-0.004547294662879543
5.653e-07,-0.009844169662879543
5.654e-07,-0.012547297662879544
5.655e-07,-0.009172294662879544
5.656e-07,-0.004547294662879543
5.657e-07,-0.0036254196628795437
5.658e-07,-0.004547294662879543
5.659e-07,-0.003281669662879544
5.66e-07,-0.0005472945174135438
5.661e-07,0.0005308303371204563
5.662e-07,-0.0005472945174135438
5.663e-07,-0.002234794662879544
5.664e-07,-0.004547294662879543
5.665e-07,-0.007234794662879544
5.666e-07,-0.008547294662879543
5.667e-07,-0.007219169662879544
5.668e-07,-0.004547294662879543
5.669e-07,-0.0011879195628795437
5.67e-07,0.0034527053371204565
5.671e-07,0.008655830337120456
5.672e-07,0.011452702337120457
5.673e-07,0.008905830337120457
5.674e-07,0.0034527053371204565
5.675e-07,-0.0006722945628795438
5.676e-07,-0.0005472945174135438
5.677e-07,0.0022027053371204562
5.678e-07,0.0034527053371204565
5.679e-07,0.00043708053712045625
5.68e-07,-0.004547294662879543
5.681e-07,-0.007703544662879544
5.682e-07,-0.008547294662879543
5.683e-07,-0.007344169662879544
5.684e-07,-0.004547294662879543
5.685e-07,-0.0010160445628795438
5.686e-07,-0.0005472945174135438
5.687e-07,-0.003453544662879544
5.688e-07,-0.004547294662879543
5.689e-07,-0.0006254195228795438
5.69e-07,0.0034527053371204565
5.691e-07,0.002530830337120456
5.692e-07,-0.0005472945174135438
5.693e-07,-0.001484794562879544
5.694e-07,-0.0005472945174135438
5.695e-07,-0.00034416956287954383
5.696e-07,-0.0005472945174135438
5.697e-07,-0.00020354446287954383
5.698e-07,-0.0005472945174135438
5.699e-07,-0.0035785446628795437
5.7e-07,-0.008547294662879543
5.701e-07,-0.011344167662879543
5.702e-07,-0.008547294662879543
5.703e-07,-0.0012504195628795438
5.704e-07,0.0034527053371204565
5.705e-07,0.0011089553371204561
5.706e-07,-0.004547294662879543
5.707e-07,-0.006953544662879544
5.708e-07,-0.004547294662879543
5.709e-07,-0.0010004195628795438
5.71e-07,-0.0005472945174135438
5.711e-07,-0.0030785446628795437
5.712e-07,-0.004547294662879543
5.713e-07,-0.0026566696628795437
5.714e-07,-0.0005472945174135438
5.715e-07,-0.0016566696628795437
5.716e-07,-0.004547294662879543
5.717e-07,-0.005625419662879544
5.718e-07,-0.004547294662879543
5.719e-07,-0.002703544662879544
5.72e-07,-0.0005472945174135438
5.721e-07,0.001937080337120456
5.722e-07,0.0034527053371204565
5.723e-07,0.002483955337120456
5.724e-07,-0.0005472945174135438
5.725e-07,-0.003719169662879544
5.726e-07,-0.004547294662879543
5.727e-07,-0.0026097946628795437
5.728e-07,-0.0005472945174135438
5.729e-07,-0.00037541956287954386
5.73e-07,-0.0005472945174135438
5.731e-07,-0.00012541946287954382
5.732e-07,-0.0005472945174135438
5.733e-07,-0.002797294662879544
5.734e-07,-0.004547294662879543
5.735e-07,-0.003266044662879544
5.736e-07,-0.0005472945174135438
5.737e-07,-0.0003129195628795438
5.738e-07,-0.004547294662879543
5.739e-07,-0.010375419662879543
5.74e-07,-0.012547297662879544
5.741e-07,-0.008859794662879544
5.742e-07,-0.004547294662879543
5.743e-07,-0.0035941696628795437
5.744e-07,-0.004547294662879543
5.745e-07,-0.003359794662879544
5.746e-07,-0.0005472945174135438
5.747e-07,0.0007339553371204562
5.748e-07,-0.0005472945174135438
5.749e-07,-0.0020941696628795437
5.75e-07,-0.0005472945174135438
5.751e-07,0.003796455337120456
5.752e-07,0.007452705337120457
5.753e-07,0.006671455337120456
5.754e-07,0.0034527053371204565
5.755e-07,0.0008120803371204561
5.756e-07,-0.0005472945174135438
5.757e-07,-0.0020785446628795437
5.758e-07,-0.004547294662879543
5.759e-07,-0.006859794662879544
5.76e-07,-0.008547294662879543
5.761e-07,-0.009016044662879544
5.762e-07,-0.008547294662879543
5.763e-07,-0.006859794662879544
5.764e-07,-0.004547294662879543
5.765e-07,-0.0011097945628795439
5.766e-07,0.0034527053371204565
5.767e-07,0.007218330337120457
5.768e-07,0.007452705337120457
5.769e-07,0.0035152053371204565
5.77e-07,-0.0005472945174135438
5.771e-07,-0.0015629196628795439
5.772e-07,-0.0005472945174135438
5.773e-07,-0.0011566695628795437
5.774e-07,-0.004547294662879543
5.775e-07,-0.008203544662879543
5.776e-07,-0.008547294662879543
5.777e-07,-0.004641044662879543
5.778e-07,-0.0005472945174135438
5.779e-07,0.0006402053371204561
5.78e-07,-0.0005472945174135438
5.781e-07,-0.0011879195628795437
5.782e-07,-0.0005472945174135438
5.783e-07,-0.0001097944628795438
5.784e-07,-0.0005472945174135438
5.785e-07,-0.0011566695628795437
5.786e-07,-0.0005472945174135438
5.787e-07,0.001499580337120456
5.788e-07,0.0034527053371204565
5.789e-07,0.0028277053371204564
5.79e-07,-0.0005472945174135438
5.791e-07,-0.005078544662879544
5.792e-07,-0.008547294662879543
5.793e-07,-0.008609794662879543
5.794e-07,-0.004547294662879543
5.795e-07,0.0012808303371204563
5.796e-07,0.0034527053371204565
5.797e-07,6.208053712045613e-05
5.798e-07,-0.004547294662879543
5.799e-07,-0.005672294662879544
5.8e-07,-0.004547294662879543
5.801e-07,-0.004109794662879544
5.802e-07,-0.004547294662879543
5.803e-07,-0.0036254196628795437
5.804e-07,-0.0005472945174135438
5.805e-07,0.0027027053371204562
5.806e-07,0.0034527053371204565
5.807e-07,0.0013745803371204561
5.808e-07,-0.0005472945174135438
5.809e-07,-0.0003910445628795438
5.81e-07,-0.0005472945174135438
5.811e-07,-0.002906669662879544
5.812e-07,-0.004547294662879543
5.813e-07,-0.002781669662879544
5.814e-07,-0.0005472945174135438
