4.33371e-05,-0.0010927157313067068
4.33372e-05,-0.0006552157313067068
4.33373e-05,-0.00014740273130670663
4.33374e-05,-0.0006552157313067068
4.33375e-05,-0.0020145902313067066
4.33376e-05,-0.0026552152645037065
4.33377e-05,-0.0016708402313067067
4.33378e-05,-0.0006552157313067068
4.33379e-05,-0.0012255277313067067
4.3338e-05,-0.0026552152645037065
4.33381e-05,-0.0031474027313067067
4.33382e-05,-0.0026552152645037065
4.33383e-05,-0.0018114652313067068
4.33384e-05,-0.0006552157313067068
4.33385e-05,0.0006729102686932934
4.33386e-05,0.0013447852686932936
4.33387e-05,0.0010557222686932931
4.33388e-05,0.0013447852686932936
4.33389e-05,0.002657285268693293
4.3339e-05,0.0033447852686932936
4.33391e-05,0.001751035268693293
4.33392e-05,-0.0006552157313067068
4.33393e-05,-0.0020614652313067066
4.33394e-05,-0.0026552152645037065
4.33395e-05,-0.0030614652313067066
4.33396e-05,-0.0026552152645037065
4.33397e-05,-0.0011786527313067067
4.33398e-05,-0.0006552157313067068
4.33399e-05,-0.0018739652313067069
4.334e-05,-0.0026552152645037065
4.33401e-05,-0.0009833407313067067
4.33402e-05,0.0013447852686932936
4.33403e-05,0.0019775972686932935
4.33404e-05,0.0013447852686932936
4.33405e-05,0.0010557222686932931
4.33406e-05,0.0013447852686932936
4.33407e-05,0.001352597268693293
4.33408e-05,0.0013447852686932936
4.33409e-05,0.001477597268693293
4.3341e-05,0.0013447852686932936
4.33411e-05,0.0008604102686932931
4.33412e-05,0.0013447852686932936
4.33413e-05,0.0028838472686932935
4.33414e-05,0.0033447852686932936
4.33415e-05,0.001461972268693293
4.33416e-05,-0.0006552157313067068
4.33417e-05,-0.0010380277313067068
4.33418e-05,-0.0006552157313067068
4.33419e-05,-0.0008192777313067068
4.3342e-05,-0.0006552157313067068
4.33421e-05,0.0011025972686932932
4.33422e-05,0.0033447852686932936
4.33423e-05,0.003610410268693293
4.33424e-05,0.0013447852686932936
4.33425e-05,-0.0016239657313067068
4.33426e-05,-0.0026552152645037065
4.33427e-05,-0.0008974027313067067
4.33428e-05,0.0013447852686932936
4.33429e-05,0.001430722268693293
4.3343e-05,-0.0006552157313067068
4.33431e-05,-0.0026630277643067066
4.33432e-05,-0.0026552152645037065
4.33433e-05,-0.0006552157313067068
4.33434e-05,0.0013447852686932936
4.33435e-05,0.0019072852686932932
4.33436e-05,0.0013447852686932936
4.33437e-05,0.0009307222686932935
4.33438e-05,0.0013447852686932936
4.33439e-05,0.0018525972686932934
4.3344e-05,0.0013447852686932936
4.33441e-05,-6.7777313067065095e-06
4.33442e-05,-0.0006552157313067068
4.33443e-05,0.00011822226869329317
4.33444e-05,0.0013447852686932936
4.33445e-05,0.001626035268693293
4.33446e-05,0.0013447852686932936
4.33447e-05,0.0018057222686932934
4.33448e-05,0.0033447852686932936
4.33449e-05,0.004446347268693293
4.3345e-05,0.0033447852686932936
4.33451e-05,7.134726869329313e-05
4.33452e-05,-0.0026552152645037065
4.33453e-05,-0.0026083402613067065
4.33454e-05,-0.0006552157313067068
4.33455e-05,0.0009463472686932935
4.33456e-05,0.0013447852686932936
4.33457e-05,0.0012119722686932933
4.33458e-05,0.0013447852686932936
4.33459e-05,0.0016025972686932932
4.3346e-05,0.0013447852686932936
4.33461e-05,0.0003525972686932934
4.33462e-05,-0.0006552157313067068
4.33463e-05,-0.0008974027313067067
4.33464e-05,-0.0006552157313067068
4.33465e-05,-0.0006161527313067066
4.33466e-05,-0.0006552157313067068
4.33467e-05,-0.0005692777313067066
4.33468e-05,-0.0006552157313067068
4.33469e-05,-0.0008739657313067068
4.3347e-05,-0.0006552157313067068
4.33471e-05,0.00037603526869329313
4.33472e-05,0.0013447852686932936
4.33473e-05,0.000993222268693293
4.33474e-05,-0.0006552157313067068
4.33475e-05,-0.002413027731306707
4.33476e-05,-0.0026552152645037065
4.33477e-05,-0.0009442777313067067
4.33478e-05,0.0013447852686932936
4.33479e-05,0.0023291602686932936
4.3348e-05,0.0013447852686932936
4.33481e-05,-0.0007958407313067067
4.33482e-05,-0.0026552152645037065
4.33483e-05,-0.003248965231306707
4.33484e-05,-0.0026552152645037065
4.33485e-05,-0.0015224027313067068
4.33486e-05,-0.0006552157313067068
4.33487e-05,-2.2402731306706523e-05
4.33488e-05,0.0013447852686932936
4.33489e-05,0.0030479102686932933
4.3349e-05,0.0033447852686932936
4.33491e-05,0.001415097268693293
4.33492e-05,-0.0006552157313067068
4.33493e-05,-0.0010145907313067067
4.33494e-05,-0.0006552157313067068
4.33495e-05,-0.0013349027313067066
4.33496e-05,-0.0026552152645037065
4.33497e-05,-0.0031708402313067067
4.33498e-05,-0.0026552152645037065
4.33499e-05,-0.0017020902313067067
4.335e-05,-0.0006552157313067068
4.33501e-05,0.0004229102686932932
4.33502e-05,0.0013447852686932936
4.33503e-05,0.0017588472686932933
4.33504e-05,0.0013447852686932936
4.33505e-05,0.00025103526869329346
4.33506e-05,-0.0006552157313067068
4.33507e-05,-0.0012567777313067068
4.33508e-05,-0.0026552152645037065
4.33509e-05,-0.004569277731306706
4.3351e-05,-0.004655215731306707
4.33511e-05,-0.0017645902313067068
4.33512e-05,0.0013447852686932936
4.33513e-05,0.0020166602686932933
4.33514e-05,0.0013447852686932936
4.33515e-05,0.001797910268693293
4.33516e-05,0.0033447852686932936
4.33517e-05,0.004102597268693294
4.33518e-05,0.0033447852686932936
4.33519e-05,0.001399472268693293
4.3352e-05,-0.0006552157313067068
4.33521e-05,-0.0017567777313067068
4.33522e-05,-0.0006552157313067068
4.33523e-05,0.0019072852686932932
4.33524e-05,0.0033447852686932936
4.33525e-05,0.002415097268693293
4.33526e-05,0.0013447852686932936
4.33527e-05,0.0015713472686932932
4.33528e-05,0.0013447852686932936
4.33529e-05,-0.0007411527313067067
4.3353e-05,-0.0026552152645037065
4.33531e-05,-0.0021239652313067067
4.33532e-05,-0.0006552157313067068
4.33533e-05,-0.0008661527313067066
4.33534e-05,-0.0026552152645037065
4.33535e-05,-0.003702090731306707
4.33536e-05,-0.0026552152645037065
4.33537e-05,-0.0002255277313067067
4.33538e-05,0.0013447852686932936
4.33539e-05,0.0008213472686932934
4.3354e-05,-0.0006552157313067068
4.33541e-05,-0.0012645907313067067
4.33542e-05,-0.0006552157313067068
4.33543e-05,-9.271473130670685e-05
4.33544e-05,-0.0006552157313067068
4.33545e-05,-0.0019755277313067065
4.33546e-05,-0.0026552152645037065
4.33547e-05,-0.0019755277313067065
4.33548e-05,-0.0006552157313067068
4.33549e-05,-3.0214731306706794e-05
4.3355e-05,-0.0006552157313067068
4.33551e-05,-0.0013895907313067066
4.33552e-05,-0.0006552157313067068
4.33553e-05,0.0011338472686932932
4.33554e-05,0.0013447852686932936
4.33555e-05,-0.0009677157313067067
4.33556e-05,-0.0026552152645037065
4.33557e-05,-0.0012177157313067067
4.33558e-05,0.0013447852686932936
4.33559e-05,0.0020479102686932933
4.3356e-05,0.0013447852686932936
4.33561e-05,0.0011025972686932932
4.33562e-05,0.0013447852686932936
4.33563e-05,0.0008135352686932931
4.33564e-05,-0.0006552157313067068
4.33565e-05,-0.0016083407313067068
4.33566e-05,-0.0006552157313067068
4.33567e-05,0.001719785268693293
4.33568e-05,0.0033447852686932936
4.33569e-05,0.0026963472686932933
4.3357e-05,0.0013447852686932936
4.33571e-05,0.0015244722686932931
4.33572e-05,0.0033447852686932936
4.33573e-05,0.004579160268693293
4.33574e-05,0.0033447852686932936
4.33575e-05,-6.7777313067065095e-06
4.33576e-05,-0.0026552152645037065
4.33577e-05,-0.0025380277313067066
4.33578e-05,-0.0006552157313067068
4.33579e-05,0.0008760352686932931
4.3358e-05,0.0013447852686932936
4.33581e-05,0.0013760352686932936
4.33582e-05,0.0013447852686932936
4.33583e-05,0.0012432222686932933
4.33584e-05,0.0013447852686932936
4.33585e-05,0.0016182222686932932
4.33586e-05,0.0013447852686932936
4.33587e-05,0.00022759726869329326
4.33588e-05,-0.0006552157313067068
4.33589e-05,-0.0007333407313067067
4.3359e-05,-0.0006552157313067068
4.33591e-05,-0.0008661527313067066
4.33592e-05,-0.0006552157313067068
4.33593e-05,0.0005322852686932933
4.33594e-05,0.0013447852686932936
4.33595e-05,0.0006885352686932934
4.33596e-05,-0.0006552157313067068
4.33597e-05,-0.0011708407313067066
4.33598e-05,-0.0006552157313067068
4.33599e-05,0.00030572226869329333
4.336e-05,0.0013447852686932936
4.33601e-05,0.002352597268693293
4.33602e-05,0.0033447852686932936
4.33603e-05,0.0038057222686932934
4.33604e-05,0.0033447852686932936
4.33605e-05,0.0020635352686932933
4.33606e-05,0.0013447852686932936
4.33607e-05,0.0015479102686932929
4.33608e-05,0.0013447852686932936
4.33609e-05,-6.7777313067065095e-06
4.3361e-05,-0.0006552157313067068
4.33611e-05,0.0004619722686932935
4.33612e-05,0.0013447852686932936
4.33613e-05,0.0003447852686932931
4.33614e-05,-0.0006552157313067068
4.33615e-05,0.0002900972686932933
4.33616e-05,0.0013447852686932936
4.33617e-05,0.0005713472686932931
4.33618e-05,-0.0006552157313067068
4.33619e-05,-0.0006474027313067066
4.3362e-05,-0.0006552157313067068
4.33621e-05,-0.0019286527313067067
4.33622e-05,-0.0026552152645037065
4.33623e-05,-0.0010536527313067068
4.33624e-05,0.0013447852686932936
4.33625e-05,0.0020244722686932936
4.33626e-05,0.0013447852686932936
4.33627e-05,0.0003838472686932934
4.33628e-05,-0.0006552157313067068
4.33629e-05,-0.0019520902313067067
4.3363e-05,-0.0026552152645037065
4.33631e-05,-0.0024833402313067065
4.33632e-05,-0.0026552152645037065
4.33633e-05,-0.004295840731306707
4.33634e-05,-0.006655215731306707
4.33635e-05,-0.007780215731306707
4.33636e-05,-0.006655215731306707
4.33637e-05,-0.004069277731306707
4.33638e-05,-0.0026552152645037065
4.33639e-05,-0.003428652731306707
4.3364e-05,-0.004655215731306707
4.33641e-05,-0.004709902731306706
4.33642e-05,-0.004655215731306707
4.33643e-05,-0.005694277731306707
4.33644e-05,-0.006655215731306707
4.33645e-05,-0.005936465731306706
4.33646e-05,-0.004655215731306707
4.33647e-05,-0.004280215731306707
4.33648e-05,-0.004655215731306707
4.33649e-05,-0.004663027731306706
4.3365e-05,-0.004655215731306707
4.33651e-05,-0.0048505277313067065
4.33652e-05,-0.004655215731306707
4.33653e-05,-0.0030614652313067066
4.33654e-05,-0.0006552157313067068
4.33655e-05,0.0016494722686932932
4.33656e-05,0.0033447852686932936
4.33657e-05,0.004016660268693293
4.33658e-05,0.0033447852686932936
4.33659e-05,0.0018291602686932931
4.3366e-05,0.0013447852686932936
4.33661e-05,0.0029150972686932935
4.33662e-05,0.005344785268693293
4.33663e-05,0.006860410268693294
4.33664e-05,0.007344785268693293
4.33665e-05,0.0074072872686932936
4.33666e-05,0.007344785268693293
4.33667e-05,0.007243222268693294
4.33668e-05,0.007344785268693293
4.33669e-05,0.008149477268693294
4.3367e-05,0.009344787268693294
4.33671e-05,0.010399477268693294
4.33672e-05,0.011344787268693294
4.33673e-05,0.012266657268693294
4.33674e-05,0.013344787268693294
4.33675e-05,0.014860407268693292
4.33676e-05,0.017344787268693294
4.33677e-05,0.019508847268693293
4.33678e-05,0.019344787268693292
4.33679e-05,0.016149477268693292
4.3368e-05,0.013344787268693294
4.33681e-05,0.013438537268693294
4.33682e-05,0.015344787268693292
4.33683e-05,0.016157287268693293
4.33684e-05,0.015344787268693292
4.33685e-05,0.014055727268693294
4.33686e-05,0.013344787268693294
4.33687e-05,0.013243227268693293
4.33688e-05,0.013344787268693294
4.33689e-05,0.013391657268693295
4.3369e-05,0.013344787268693294
4.33691e-05,0.013336977268693293
4.33692e-05,0.013344787268693294
4.33693e-05,0.013188537268693293
4.33694e-05,0.013344787268693294
4.33695e-05,0.013633847268693294
4.33696e-05,0.013344787268693294
4.33697e-05,0.012172907268693293
4.33698e-05,0.011344787268693294
4.33699e-05,0.011383847268693294
4.337e-05,0.011344787268693294
4.33701e-05,0.009797907268693293
4.33702e-05,0.007344785268693293
4.33703e-05,0.005579160268693293
4.33704e-05,0.005344785268693293
4.33705e-05,0.006227597268693293
4.33706e-05,0.007344785268693293
4.33707e-05,0.007305722268693294
4.33708e-05,0.005344785268693293
4.33709e-05,0.002446347268693293
4.3371e-05,0.0013447852686932936
4.33711e-05,0.0026182222686932932
4.33712e-05,0.0033447852686932936
4.33713e-05,0.000993222268693293
4.33714e-05,-0.0026552152645037065
4.33715e-05,-0.004694277731306706
4.33716e-05,-0.004655215731306707
4.33717e-05,-0.004288027731306707
4.33718e-05,-0.004655215731306707
4.33719e-05,-0.005616152731306707
4.3372e-05,-0.006655215731306707
4.33721e-05,-0.007600527731306706
4.33722e-05,-0.008655215731306707
4.33723e-05,-0.010264590731306707
4.33724e-05,-0.012655212731306707
4.33725e-05,-0.015123962731306707
4.33726e-05,-0.016655212731306705
4.33727e-05,-0.016889592731306705
4.33728e-05,-0.016655212731306705
4.33729e-05,-0.016592712731306705
4.3373e-05,-0.016655212731306705
4.33731e-05,-0.016444282731306707
4.33732e-05,-0.016655212731306705
4.33733e-05,-0.018038032731306705
4.33734e-05,-0.020655212731306705
4.33735e-05,-0.023256782731306706
4.33736e-05,-0.024655212731306705
4.33737e-05,-0.024131782731306707
4.33738e-05,-0.022655212731306707
4.33739e-05,-0.021194282731306708
4.3374e-05,-0.020655212731306705
4.33741e-05,-0.020608342731306708
4.33742e-05,-0.020655212731306705
4.33743e-05,-0.020467712731306705
4.33744e-05,-0.020655212731306705
4.33745e-05,-0.020975532731306708
4.33746e-05,-0.020655212731306705
4.33747e-05,-0.019006782731306706
4.33748e-05,-0.016655212731306705
4.33749e-05,-0.014952092731306706
4.3375e-05,-0.014655212731306707
4.33751e-05,-0.015006782731306706
4.33752e-05,-0.014655212731306707
4.33753e-05,-0.013311462731306707
4.33754e-05,-0.012655212731306707
4.33755e-05,-0.013639592731306707
4.33756e-05,-0.014655212731306707
4.33757e-05,-0.013506782731306706
4.33758e-05,-0.010655215731306707
4.33759e-05,-0.007538027731306707
4.3376e-05,-0.004655215731306707
4.33761e-05,-0.0026161527613067065
4.33762e-05,-0.0026552152645037065
4.33763e-05,-0.004498965731306707
4.33764e-05,-0.004655215731306707
4.33765e-05,-0.0016864652313067067
4.33766e-05,0.0013447852686932936
4.33767e-05,0.0011416602686932934
4.33768e-05,-0.0006552157313067068
4.33769e-05,-0.0013349027313067066
4.3377e-05,-0.0006552157313067068
4.33771e-05,-0.0002958397313067066
4.33772e-05,-0.0006552157313067068
4.33773e-05,-0.00041302773130670687
4.33774e-05,0.0013447852686932936
4.33775e-05,0.0039619722686932935
4.33776e-05,0.005344785268693293
4.33777e-05,0.004602597268693293
4.33778e-05,0.0033447852686932936
4.33779e-05,0.003704160268693293
4.3378e-05,0.005344785268693293
4.33781e-05,0.006719785268693294
4.33782e-05,0.007344785268693293
4.33783e-05,0.007915097268693293
4.33784e-05,0.009344787268693294
4.33785e-05,0.011446347268693294
4.33786e-05,0.013344787268693294
4.33787e-05,0.013899477268693294
4.33788e-05,0.013344787268693294
4.33789e-05,0.012227597268693293
4.3379e-05,0.011344787268693294
4.33791e-05,0.010915097268693294
4.33792e-05,0.011344787268693294
4.33793e-05,0.012391657268693294
4.33794e-05,0.013344787268693294
4.33795e-05,0.013641657268693295
4.33796e-05,0.013344787268693294
4.33797e-05,0.013024477268693293
4.33798e-05,0.013344787268693294
4.33799e-05,0.013868227268693294
4.338e-05,0.013344787268693294
4.33801e-05,0.012266657268693294
4.33802e-05,0.013344787268693294
4.33803e-05,0.016946347268693294
4.33804e-05,0.019344787268693292
4.33805e-05,0.017297907268693295
4.33806e-05,0.013344787268693294
4.33807e-05,0.011672907268693293
4.33808e-05,0.013344787268693294
4.33809e-05,0.015407287268693292
4.3381e-05,0.015344787268693292
4.33811e-05,0.013032287268693293
4.33812e-05,0.011344787268693294
4.33813e-05,0.011883847268693293
4.33814e-05,0.013344787268693294
4.33815e-05,0.012704157268693294
4.33816e-05,0.009344787268693294
4.33817e-05,0.005274472268693294
4.33818e-05,0.0033447852686932936
4.33819e-05,0.004032285268693293
4.3382e-05,0.005344785268693293
4.33821e-05,0.005063535268693293
4.33822e-05,0.0033447852686932936
4.33823e-05,0.001797910268693293
4.33824e-05,0.0013447852686932936
4.33825e-05,0.0010791602686932933
4.33826e-05,-0.0006552157313067068
4.33827e-05,-0.0038895907313067067
4.33828e-05,-0.006655215731306707
4.33829e-05,-0.007256777731306707
4.3383e-05,-0.006655215731306707
4.33831e-05,-0.006381777731306706
4.33832e-05,-0.006655215731306707
4.33833e-05,-0.006670840731306707
4.33834e-05,-0.006655215731306707
4.33835e-05,-0.007272402731306707
4.33836e-05,-0.008655215731306707
4.33837e-05,-0.010014590731306706
4.33838e-05,-0.010655215731306707
4.33839e-05,-0.010436465731306707
4.3384e-05,-0.010655215731306707
4.33841e-05,-0.011709902731306707
4.33842e-05,-0.012655212731306707
4.33843e-05,-0.012577090731306707
4.33844e-05,-0.012655212731306707
4.33845e-05,-0.013209902731306707
4.33846e-05,-0.012655212731306707
4.33847e-05,-0.009709902731306706
4.33848e-05,-0.006655215731306707
4.33849e-05,-0.005873965731306706
4.3385e-05,-0.006655215731306707
4.33851e-05,-0.007538027731306707
4.33852e-05,-0.008655215731306707
4.33853e-05,-0.010280215731306707
4.33854e-05,-0.010655215731306707
4.33855e-05,-0.008834902731306707
4.33856e-05,-0.006655215731306707
4.33857e-05,-0.0061552157313067065
4.33858e-05,-0.006655215731306707
4.33859e-05,-0.006756777731306706
4.3386e-05,-0.006655215731306707
4.33861e-05,-0.007264590731306707
4.33862e-05,-0.008655215731306707
4.33863e-05,-0.009522402731306705
4.33864e-05,-0.008655215731306707
4.33865e-05,-0.006373965731306707
4.33866e-05,-0.004655215731306707
4.33867e-05,-0.004514590731306707
4.33868e-05,-0.004655215731306707
4.33869e-05,-0.003748965731306707
4.3387e-05,-0.0026552152645037065
4.33871e-05,-0.0030536527313067066
4.33872e-05,-0.004655215731306707
4.33873e-05,-0.005717715731306706
4.33874e-05,-0.004655215731306707
4.33875e-05,-0.0022177152313067067
4.33876e-05,-0.0006552157313067068
4.33877e-05,-0.0013427157313067068
4.33878e-05,-0.0026552152645037065
4.33879e-05,-0.002842715231306707
4.3388e-05,-0.0026552152645037065
4.33881e-05,-0.003420840231306707
4.33882e-05,-0.004655215731306707
4.33883e-05,-0.005006777731306707
4.33884e-05,-0.004655215731306707
4.33885e-05,-0.003983340731306706
4.33886e-05,-0.0026552152645037065
4.33887e-05,-0.0004989657313067067
4.33888e-05,0.0013447852686932936
4.33889e-05,0.0017744722686932933
4.3389e-05,0.0013447852686932936
4.33891e-05,0.0010557222686932931
4.33892e-05,0.0013447852686932936
4.33893e-05,0.0016182222686932932
4.33894e-05,0.0013447852686932936
4.33895e-05,0.0002822852686932935
4.33896e-05,-0.0006552157313067068
4.33897e-05,-0.0009286527313067067
4.33898e-05,-0.0006552157313067068
4.33899e-05,-5.365273130670655e-05
4.339e-05,0.0013447852686932936
4.33901e-05,0.0030244722686932936
4.33902e-05,0.0033447852686932936
4.33903e-05,0.001446347268693293
4.33904e-05,-0.0006552157313067068
4.33905e-05,-0.0012099027313067067
4.33906e-05,-0.0006552157313067068
4.33907e-05,-0.0009677157313067067
4.33908e-05,-0.0026552152645037065
4.33909e-05,-0.004428652731306707
4.3391e-05,-0.004655215731306707
4.33911e-05,-0.003381777731306707
4.33912e-05,-0.0026552152645037065
4.33913e-05,-0.004084902731306707
4.33914e-05,-0.006655215731306707
4.33915e-05,-0.007827090731306708
4.33916e-05,-0.006655215731306707
4.33917e-05,-0.004194277731306707
4.33918e-05,-0.0026552152645037065
4.33919e-05,-0.0036161527313067067
4.3392e-05,-0.006655215731306707
4.33921e-05,-0.009780215731306708
4.33922e-05,-0.010655215731306707
4.33923e-05,-0.008858340731306705
4.33924e-05,-0.006655215731306707
4.33925e-05,-0.005983340731306706
4.33926e-05,-0.006655215731306707
4.33927e-05,-0.007569277731306706
4.33928e-05,-0.008655215731306707
4.33929e-05,-0.009905215731306706
4.3393e-05,-0.010655215731306707
4.33931e-05,-0.009928652731306706
4.33932e-05,-0.008655215731306707
4.33933e-05,-0.007592715731306707
4.33934e-05,-0.006655215731306707
4.33935e-05,-0.005467715731306707
4.33936e-05,-0.004655215731306707
4.33937e-05,-0.004545840731306707
4.33938e-05,-0.004655215731306707
4.33939e-05,-0.004084902731306707
4.3394e-05,-0.0026552152645037065
4.33941e-05,-0.0012489657313067067
4.33942e-05,-0.0006552157313067068
4.33943e-05,-0.0009677157313067067
4.33944e-05,-0.0006552157313067068
4.33945e-05,0.0005088472686932931
4.33946e-05,0.0013447852686932936
4.33947e-05,0.0005479102686932933
4.33948e-05,-0.0006552157313067068
4.33949e-05,-0.0010067777313067067
4.3395e-05,-0.0006552157313067068
4.33951e-05,-0.0011317777313067066
4.33952e-05,-0.0026552152645037065
4.33953e-05,-0.004327090731306707
4.33954e-05,-0.004655215731306707
4.33955e-05,-0.0035458402313067066
4.33956e-05,-0.0026552152645037065
4.33957e-05,-0.003303652731306707
4.33958e-05,-0.004655215731306707
4.33959e-05,-0.005592715731306707
4.3396e-05,-0.006655215731306707
4.33961e-05,-0.008100527731306706
4.33962e-05,-0.008655215731306707
4.33963e-05,-0.007491152731306707
4.33964e-05,-0.006655215731306707
4.33965e-05,-0.007545840731306707
4.33966e-05,-0.008655215731306707
4.33967e-05,-0.008030215731306706
4.33968e-05,-0.006655215731306707
4.33969e-05,-0.006225527731306707
4.3397e-05,-0.006655215731306707
4.33971e-05,-0.0067880277313067065
4.33972e-05,-0.006655215731306707
4.33973e-05,-0.006670840731306707
4.33974e-05,-0.006655215731306707
4.33975e-05,-0.006381777731306706
4.33976e-05,-0.006655215731306707
4.33977e-05,-0.007256777731306707
4.33978e-05,-0.006655215731306707
4.33979e-05,-0.004373965731306707
4.3398e-05,-0.0026552152645037065
4.33981e-05,-0.0027489652613067067
4.33982e-05,-0.0026552152645037065
4.33983e-05,-0.0007020907313067066
4.33984e-05,0.0013447852686932936
4.33985e-05,0.0011260352686932934
4.33986e-05,-0.0006552157313067068
4.33987e-05,-0.0015692777313067068
4.33988e-05,-0.0006552157313067068
4.33989e-05,0.0009072852686932932
4.3399e-05,0.0013447852686932936
4.33991e-05,0.0008213472686932934
4.33992e-05,0.0013447852686932936
4.33993e-05,0.0042041602686932935
4.33994e-05,0.007344785268693293
4.33995e-05,0.008227597268693293
4.33996e-05,0.007344785268693293
4.33997e-05,0.006704160268693294
4.33998e-05,0.007344785268693293
4.33999e-05,0.008977597268693294
4.34e-05,0.011344787268693294
4.34001e-05,0.013204157268693294
4.34002e-05,0.013344787268693294
4.34003e-05,0.011305727268693293
4.34004e-05,0.009344787268693294
4.34005e-05,0.009383847268693294
4.34006e-05,0.011344787268693294
4.34007e-05,0.013329157268693295
4.34008e-05,0.013344787268693294
4.34009e-05,0.011336977268693293
4.3401e-05,0.009344787268693294
4.34011e-05,0.008977597268693294
4.34012e-05,0.009344787268693294
4.34013e-05,0.009907287268693294
4.34014e-05,0.011344787268693294
4.34015e-05,0.014352597268693295
4.34016e-05,0.017344787268693294
4.34017e-05,0.018243227268693294
4.34018e-05,0.017344787268693294
4.34019e-05,0.016532287268693293
4.3402e-05,0.017344787268693294
4.34021e-05,0.018993227268693295
4.34022e-05,0.019344787268693292
4.34023e-05,0.017360407268693295
4.34024e-05,0.015344787268693292
4.34025e-05,0.015399477268693295
4.34026e-05,0.017344787268693294
4.34027e-05,0.018993227268693295
4.34028e-05,0.019344787268693292
4.34029e-05,0.019016657268693293
4.3403e-05,0.019344787268693292
4.34031e-05,0.019969787268693293
4.34032e-05,0.019344787268693292
4.34033e-05,0.016477597268693293
4.34034e-05,0.013344787268693294
4.34035e-05,0.012274477268693294
4.34036e-05,0.013344787268693294
4.34037e-05,0.014821347268693292
4.34038e-05,0.015344787268693292
4.34039e-05,0.014657287268693295
4.3404e-05,0.013344787268693294
4.34041e-05,0.012157287268693293
4.34042e-05,0.011344787268693294
4.34043e-05,0.011102597268693294
4.34044e-05,0.011344787268693294
4.34045e-05,0.011641657268693293
4.34046e-05,0.011344787268693294
4.34047e-05,0.010219787268693293
4.34048e-05,0.009344787268693294
4.34049e-05,0.009743227268693293
4.3405e-05,0.011344787268693294
4.34051e-05,0.012493227268693294
4.34052e-05,0.011344787268693294
4.34053e-05,0.008016657268693293
4.34054e-05,0.005344785268693293
4.34055e-05,0.005063535268693293
4.34056e-05,0.005344785268693293
4.34057e-05,0.004430722268693293
4.34058e-05,0.0033447852686932936
4.34059e-05,0.003938535268693293
4.3406e-05,0.005344785268693293
4.34061e-05,0.005844785268693293
4.34062e-05,0.005344785268693293
4.34063e-05,0.005055722268693294
4.34064e-05,0.005344785268693293
4.34065e-05,0.005688535268693293
4.34066e-05,0.005344785268693293
4.34067e-05,0.004227597268693293
4.34068e-05,0.0033447852686932936
4.34069e-05,0.0032666602686932935
4.3407e-05,0.0033447852686932936
4.34071e-05,0.0031025972686932937
4.34072e-05,0.0033447852686932936
4.34073e-05,0.004602597268693293
4.34074e-05,0.005344785268693293
4.34075e-05,0.004532285268693293
4.34076e-05,0.0033447852686932936
4.34077e-05,0.003258847268693293
4.34078e-05,0.0033447852686932936
4.34079e-05,0.0029854102686932933
4.3408e-05,0.0033447852686932936
4.34081e-05,0.005352597268693294
4.34082e-05,0.007344785268693293
4.34083e-05,0.007657287268693294
4.34084e-05,0.007344785268693293
4.34085e-05,0.007977597268693293
4.34086e-05,0.009344787268693294
4.34087e-05,0.009969787268693294
4.34088e-05,0.009344787268693294
4.34089e-05,0.008071347268693293
4.3409e-05,0.007344785268693293
4.34091e-05,0.007383847268693294
4.34092e-05,0.007344785268693293
4.34093e-05,0.006915097268693294
4.34094e-05,0.007344785268693293
4.34095e-05,0.009305727268693293
4.34096e-05,0.011344787268693294
4.34097e-05,0.011774477268693294
4.34098e-05,0.011344787268693294
4.34099e-05,0.011290097268693294
4.341e-05,0.011344787268693294
4.34101e-05,0.010579157268693294
4.34102e-05,0.009344787268693294
4.34103e-05,0.008243227268693294
4.34104e-05,0.007344785268693293
4.34105e-05,0.006719785268693294
4.34106e-05,0.007344785268693293
4.34107e-05,0.009415097268693294
4.34108e-05,0.011344787268693294
4.34109e-05,0.011696347268693293
4.3411e-05,0.011344787268693294
4.34111e-05,0.010852597268693294
4.34112e-05,0.009344787268693294
4.34113e-05,0.006594785268693294
4.34114e-05,0.005344785268693293
4.34115e-05,0.006594785268693294
4.34116e-05,0.007344785268693293
4.34117e-05,0.005329160268693293
4.34118e-05,0.0033447852686932936
4.34119e-05,0.004055722268693294
4.3412e-05,0.005344785268693293
4.34121e-05,0.004133847268693294
4.34122e-05,0.0013447852686932936
4.34123e-05,4.00972686932931e-05
4.34124e-05,0.0013447852686932936
4.34125e-05,0.003258847268693293
4.34126e-05,0.0033447852686932936
4.34127e-05,0.0011729102686932934
4.34128e-05,-0.0006552157313067068
4.34129e-05,-0.0006005277313067066
4.3413e-05,-0.0006552157313067068
4.34131e-05,-0.0030927152313067066
4.34132e-05,-0.006655215731306707
4.34133e-05,-0.008639590731306707
4.34134e-05,-0.008655215731306707
4.34135e-05,-0.007811465731306707
4.34136e-05,-0.006655215731306707
4.34137e-05,-0.005280215731306707
4.34138e-05,-0.004655215731306707
4.34139e-05,-0.005366152731306707
4.3414e-05,-0.006655215731306707
4.34141e-05,-0.008217715731306707
4.34142e-05,-0.010655215731306707
4.34143e-05,-0.013491152731306707
4.34144e-05,-0.014655212731306707
4.34145e-05,-0.012936462731306707
4.34146e-05,-0.010655215731306707
4.34147e-05,-0.010577090731306707
4.34148e-05,-0.012655212731306707
4.34149e-05,-0.014514592731306706
4.3415e-05,-0.014655212731306707
4.34151e-05,-0.012944282731306708
4.34152e-05,-0.010655215731306707
4.34153e-05,-0.009530215731306708
4.34154e-05,-0.010655215731306707
4.34155e-05,-0.013202092731306707
4.34156e-05,-0.014655212731306707
4.34157e-05,-0.013866152731306708
4.34158e-05,-0.012655212731306707
4.34159e-05,-0.013077092731306706
4.3416e-05,-0.014655212731306707
4.34161e-05,-0.015428652731306707
4.34162e-05,-0.014655212731306707
4.34163e-05,-0.012717712731306707
4.34164e-05,-0.010655215731306707
4.34165e-05,-0.009584902731306705
4.34166e-05,-0.010655215731306707
4.34167e-05,-0.013155212731306707
4.34168e-05,-0.014655212731306707
4.34169e-05,-0.013405212731306706
4.3417e-05,-0.010655215731306707
4.34171e-05,-0.008795840731306707
4.34172e-05,-0.008655215731306707
4.34173e-05,-0.009256777731306707
4.34174e-05,-0.008655215731306707
4.34175e-05,-0.006663027731306706
4.34176e-05,-0.004655215731306707
4.34177e-05,-0.004655215731306707
4.34178e-05,-0.006655215731306707
4.34179e-05,-0.009264590731306706
4.3418e-05,-0.010655215731306707
4.34181e-05,-0.010725527731306706
4.34182e-05,-0.010655215731306707
4.34183e-05,-0.011405215731306706
4.34184e-05,-0.012655212731306707
4.34185e-05,-0.012741152731306707
4.34186e-05,-0.010655215731306707
4.34187e-05,-0.007623965731306707
4.34188e-05,-0.006655215731306707
4.34189e-05,-0.008561465731306707
4.3419e-05,-0.010655215731306707
4.34191e-05,-0.010272402731306706
4.34192e-05,-0.008655215731306707
4.34193e-05,-0.008608340731306707
4.34194e-05,-0.010655215731306707
4.34195e-05,-0.012725532731306707
4.34196e-05,-0.012655212731306707
4.34197e-05,-0.010022402731306706
4.34198e-05,-0.006655215731306707
4.34199e-05,-0.004663027731306706
4.342e-05,-0.004655215731306707
4.34201e-05,-0.005788027731306707
4.34202e-05,-0.006655215731306707
4.34203e-05,-0.0068192777313067065
4.34204e-05,-0.006655215731306707
4.34205e-05,-0.006639590731306707
4.34206e-05,-0.006655215731306707
4.34207e-05,-0.006647402731306706
4.34208e-05,-0.006655215731306707
4.34209e-05,-0.006858340731306707
4.3421e-05,-0.006655215731306707
4.34211e-05,-0.005702090731306706
4.34212e-05,-0.004655215731306707
4.34213e-05,-0.004342715731306707
4.34214e-05,-0.004655215731306707
4.34215e-05,-0.005420840731306707
4.34216e-05,-0.006655215731306707
4.34217e-05,-0.008022402731306708
4.34218e-05,-0.008655215731306707
4.34219e-05,-0.007998965731306706
4.3422e-05,-0.006655215731306707
4.34221e-05,-0.005944277731306707
4.34222e-05,-0.006655215731306707
4.34223e-05,-0.007670840731306707
4.34224e-05,-0.006655215731306707
4.34225e-05,-0.003780215731306707
4.34226e-05,-0.0026552152645037065
4.34227e-05,-0.005381777731306707
4.34228e-05,-0.008655215731306707
4.34229e-05,-0.008780215731306707
4.3423e-05,-0.006655215731306707
4.34231e-05,-0.005616152731306707
4.34232e-05,-0.006655215731306707
4.34233e-05,-0.008178652731306708
4.34234e-05,-0.008655215731306707
4.34235e-05,-0.007764590731306707
4.34236e-05,-0.006655215731306707
4.34237e-05,-0.0061864657313067065
4.34238e-05,-0.006655215731306707
4.34239e-05,-0.0070614657313067064
4.3424e-05,-0.006655215731306707
4.34241e-05,-0.005506777731306707
4.34242e-05,-0.004655215731306707
4.34243e-05,-0.004092715731306706
4.34244e-05,-0.0026552152645037065
4.34245e-05,-0.00014740273130670663
4.34246e-05,0.0013447852686932936
4.34247e-05,0.0004619722686932935
4.34248e-05,-0.0006552157313067068
4.34249e-05,-6.7777313067065095e-06
4.3425e-05,0.0013447852686932936
4.34251e-05,0.001508847268693293
4.34252e-05,0.0013447852686932936
4.34253e-05,0.0021416602686932934
4.34254e-05,0.0033447852686932936
4.34255e-05,0.003610410268693293
4.34256e-05,0.0033447852686932936
4.34257e-05,0.003336972268693293
4.34258e-05,0.0033447852686932936
4.34259e-05,0.0031025972686932937
4.3426e-05,0.0033447852686932936
4.34261e-05,0.004430722268693293
4.34262e-05,0.005344785268693293
4.34263e-05,0.005376035268693293
4.34264e-05,0.005344785268693293
4.34265e-05,0.0061416602686932935
4.34266e-05,0.007344785268693293
4.34267e-05,0.007821347268693293
4.34268e-05,0.007344785268693293
4.34269e-05,0.006751035268693294
4.3427e-05,0.007344785268693293
4.34271e-05,0.008782287268693293
4.34272e-05,0.009344787268693294
4.34273e-05,0.008251037268693293
4.34274e-05,0.007344785268693293
4.34275e-05,0.008071347268693293
4.34276e-05,0.009344787268693294
4.34277e-05,0.009071347268693294
4.34278e-05,0.007344785268693293
4.34279e-05,0.0062197852686932936
4.3428e-05,0.007344785268693293
4.34281e-05,0.009938537268693294
4.34282e-05,0.011344787268693294
4.34283e-05,0.009969787268693294
4.34284e-05,0.007344785268693293
4.34285e-05,0.006180722268693293
4.34286e-05,0.007344785268693293
4.34287e-05,0.009188537268693293
4.34288e-05,0.009344787268693294
4.34289e-05,0.007829157268693293
4.3429e-05,0.007344785268693293
4.34291e-05,0.009321347268693294
4.34292e-05,0.011344787268693294
4.34293e-05,0.010907287268693293
4.34294e-05,0.009344787268693294
4.34295e-05,0.008985407268693294
4.34296e-05,0.009344787268693294
4.34297e-05,0.009141657268693293
4.34298e-05,0.009344787268693294
4.34299e-05,0.010594787268693293
4.343e-05,0.011344787268693294
4.34301e-05,0.010297907268693294
4.34302e-05,0.009344787268693294
4.34303e-05,0.010102597268693293
4.34304e-05,0.011344787268693294
4.34305e-05,0.011016657268693292
4.34306e-05,0.009344787268693294
4.34307e-05,0.007829157268693293
4.34308e-05,0.007344785268693293
4.34309e-05,0.007461977268693293
4.3431e-05,0.007344785268693293
4.34311e-05,0.007063535268693293
4.34312e-05,0.007344785268693293
4.34313e-05,0.008532287268693293
4.34314e-05,0.009344787268693294
4.34315e-05,0.008696347268693293
4.34316e-05,0.007344785268693293
4.34317e-05,0.006782285268693294
4.34318e-05,0.007344785268693293
4.34319e-05,0.008415097268693293
4.3432e-05,0.009344787268693294
4.34321e-05,0.009665097268693293
4.34322e-05,0.009344787268693294
4.34323e-05,0.008415097268693293
4.34324e-05,0.007344785268693293
4.34325e-05,0.006751035268693294
4.34326e-05,0.007344785268693293
4.34327e-05,0.008672907268693294
4.34328e-05,0.009344787268693294
4.34329e-05,0.008493227268693294
4.3433e-05,0.007344785268693293
4.34331e-05,0.007055722268693294
4.34332e-05,0.007344785268693293
4.34333e-05,0.0068369722686932935
4.34334e-05,0.005344785268693293
4.34335e-05,0.0038213472686932934
4.34336e-05,0.0033447852686932936
4.34337e-05,0.004133847268693294
4.34338e-05,0.005344785268693293
4.34339e-05,0.005383847268693294
4.3434e-05,0.0033447852686932936
4.34341e-05,0.00041509726869329343
4.34342e-05,-0.0006552157313067068
4.34343e-05,0.0011416602686932934
4.34344e-05,0.0033447852686932936
4.34345e-05,0.0032666602686932935
4.34346e-05,0.0013447852686932936
4.34347e-05,-0.00037396473130670667
4.34348e-05,-0.0006552157313067068
4.34349e-05,-0.0003036527313067068
4.3435e-05,-0.0006552157313067068
4.34351e-05,-0.0019208402313067067
4.34352e-05,-0.0026552152645037065
4.34353e-05,-0.002420840231306707
4.34354e-05,-0.0026552152645037065
4.34355e-05,-0.004647402731306706
4.34356e-05,-0.006655215731306707
4.34357e-05,-0.006944277731306707
4.34358e-05,-0.006655215731306707
4.34359e-05,-0.007428652731306707
4.3436e-05,-0.008655215731306707
4.34361e-05,-0.009381777731306707
4.34362e-05,-0.010655215731306707
4.34363e-05,-0.012983342731306706
4.34364e-05,-0.014655212731306707
4.34365e-05,-0.014014592731306707
4.34366e-05,-0.012655212731306707
4.34367e-05,-0.012311465731306707
4.34368e-05,-0.012655212731306707
4.34369e-05,-0.012623965731306707
4.3437e-05,-0.012655212731306707
4.34371e-05,-0.013475532731306706
4.34372e-05,-0.014655212731306707
4.34373e-05,-0.015061462731306707
4.34374e-05,-0.014655212731306707
4.34375e-05,-0.014288032731306707
4.34376e-05,-0.014655212731306707
4.34377e-05,-0.015670842731306707
4.34378e-05,-0.016655212731306705
4.34379e-05,-0.016459902731306708
4.3438e-05,-0.014655212731306707
4.34381e-05,-0.012506777731306706
4.34382e-05,-0.012655212731306707
4.34383e-05,-0.015155212731306707
4.34384e-05,-0.016655212731306705
4.34385e-05,-0.014936462731306707
4.34386e-05,-0.012655212731306707
4.34387e-05,-0.012889592731306706
4.34388e-05,-0.014655212731306707
4.34389e-05,-0.014858342731306706
4.3439e-05,-0.012655212731306707
4.34391e-05,-0.009842715731306706
4.34392e-05,-0.008655215731306707
4.34393e-05,-0.009498965731306708
4.34394e-05,-0.010655215731306707
4.34395e-05,-0.010819277731306707
4.34396e-05,-0.010655215731306707
4.34397e-05,-0.010967715731306707
4.34398e-05,-0.010655215731306707
4.34399e-05,-0.008772402731306706
4.344e-05,-0.006655215731306707
4.34401e-05,-0.006116152731306707
4.34402e-05,-0.006655215731306707
4.34403e-05,-0.006873965731306707
4.34404e-05,-0.006655215731306707
4.34405e-05,-0.006538027731306706
4.34406e-05,-0.006655215731306707
4.34407e-05,-0.006756777731306706
4.34408e-05,-0.006655215731306707
4.34409e-05,-0.0061239657313067065
4.3441e-05,-0.004655215731306707
4.34411e-05,-0.0024677152313067065
4.34412e-05,-0.0006552157313067068
4.34413e-05,-0.0001552147313067069
4.34414e-05,-0.0006552157313067068
4.34415e-05,-0.0015849027313067066
4.34416e-05,-0.0026552152645037065
4.34417e-05,-0.0039130277313067065
4.34418e-05,-0.004655215731306707
4.34419e-05,-0.0041395907313067064
4.3442e-05,-0.0026552152645037065
4.34421e-05,-0.0006786527313067067
4.34422e-05,0.0013447852686932936
4.34423e-05,0.0024541602686932937
4.34424e-05,0.0013447852686932936
4.34425e-05,-0.0013114657313067068
4.34426e-05,-0.0026552152645037065
4.34427e-05,-0.0004989657313067067
4.34428e-05,0.0033447852686932936
4.34429e-05,0.005633847268693292
4.3443e-05,0.005344785268693293
4.34431e-05,0.0038213472686932934
4.34432e-05,0.0033447852686932936
4.34433e-05,0.004782285268693293
4.34434e-05,0.007344785268693293
4.34435e-05,0.009126037268693293
4.34436e-05,0.009344787268693294
4.34437e-05,0.008149477268693294
4.34438e-05,0.007344785268693293
4.34439e-05,0.007297910268693293
4.3444e-05,0.007344785268693293
4.34441e-05,0.006477597268693293
4.34442e-05,0.005344785268693293
4.34443e-05,0.004461972268693293
4.34444e-05,0.0033447852686932936
4.34445e-05,0.0018213472686932934
4.34446e-05,0.0013447852686932936
4.34447e-05,0.002516660268693293
4.34448e-05,0.0033447852686932936
4.34449e-05,0.0024541602686932937
4.3445e-05,0.0013447852686932936
4.34451e-05,0.0019932222686932935
4.34452e-05,0.0033447852686932936
4.34453e-05,0.0032197852686932935
4.34454e-05,0.0013447852686932936
4.34455e-05,-0.0009755277313067067
4.34456e-05,-0.0026552152645037065
4.34457e-05,-0.0027333402613067066
4.34458e-05,-0.0006552157313067068
4.34459e-05,0.0023135352686932936
4.3446e-05,0.0033447852686932936
4.34461e-05,0.001336972268693293
4.34462e-05,-0.0006552157313067068
4.34463e-05,-0.0001552147313067069
4.34464e-05,0.0013447852686932936
4.34465e-05,0.0012119722686932933
4.34466e-05,-0.0006552157313067068
4.34467e-05,-0.002780215231306707
4.34468e-05,-0.004655215731306707
4.34469e-05,-0.006178652731306707
4.3447e-05,-0.006655215731306707
4.34471e-05,-0.0051708407313067065
4.34472e-05,-0.0026552152645037065
4.34473e-05,-0.00023333973130670654
4.34474e-05,0.0013447852686932936
4.34475e-05,0.0019072852686932932
4.34476e-05,0.0013447852686932936
4.34477e-05,0.00013384726869329318
4.34478e-05,-0.0006552157313067068
4.34479e-05,-0.0006708407313067068
4.3448e-05,-0.0006552157313067068
4.34481e-05,-0.0010770907313067068
4.34482e-05,-0.0006552157313067068
4.34483e-05,0.0012510352686932935
4.34484e-05,0.0033447852686932936
4.34485e-05,0.003993222268693294
4.34486e-05,0.0033447852686932936
4.34487e-05,0.0023760352686932936
4.34488e-05,0.0013447852686932936
4.34489e-05,0.00021978526869329343
4.3449e-05,-0.0006552157313067068
4.34491e-05,-0.00039740273130670686
4.34492e-05,0.0013447852686932936
4.34493e-05,0.0037900972686932934
4.34494e-05,0.005344785268693293
4.34495e-05,0.005407285268693293
4.34496e-05,0.005344785268693293
4.34497e-05,0.006290097268693293
4.34498e-05,0.007344785268693293
4.34499e-05,0.006977597268693294
4.345e-05,0.005344785268693293
4.34501e-05,0.003751035268693293
4.34502e-05,0.0033447852686932936
4.34503e-05,0.004110410268693293
4.34504e-05,0.005344785268693293
4.34505e-05,0.006430722268693293
4.34506e-05,0.007344785268693293
4.34507e-05,0.008329157268693294
4.34508e-05,0.009344787268693294
4.34509e-05,0.009844787268693294
4.3451e-05,0.009344787268693294
4.34511e-05,0.008141657268693293
4.34512e-05,0.007344785268693293
4.34513e-05,0.007282285268693293
4.34514e-05,0.007344785268693293
4.34515e-05,0.007071347268693294
4.34516e-05,0.007344785268693293
4.34517e-05,0.009047907268693292
4.34518e-05,0.011344787268693294
4.34519e-05,0.012376037268693293
4.3452e-05,0.011344787268693294
4.34521e-05,0.009024477268693293
4.34522e-05,0.007344785268693293
4.34523e-05,0.007524477268693293
4.34524e-05,0.009344787268693294
4.34525e-05,0.011110407268693293
4.34526e-05,0.011344787268693294
4.34527e-05,0.010126037268693293
4.34528e-05,0.009344787268693294
4.34529e-05,0.009649477268693293
4.3453e-05,0.009344787268693294
4.34531e-05,0.007321347268693294
4.34532e-05,0.005344785268693293
4.34533e-05,0.005594785268693293
4.34534e-05,0.007344785268693293
4.34535e-05,0.008696347268693293
4.34536e-05,0.009344787268693294
4.34537e-05,0.009657287268693294
4.34538e-05,0.009344787268693294
4.34539e-05,0.008172907268693293
4.3454e-05,0.007344785268693293
4.34541e-05,0.007321347268693294
4.34542e-05,0.007344785268693293
4.34543e-05,0.006391660268693294
4.34544e-05,0.005344785268693293
4.34545e-05,0.005094785268693293
4.34546e-05,0.005344785268693293
4.34547e-05,0.0048994722686932935
4.34548e-05,0.0033447852686932936
4.34549e-05,0.0012197852686932934
4.3455e-05,-0.0006552157313067068
4.34551e-05,-0.0013739657313067068
4.34552e-05,-0.0006552157313067068
4.34553e-05,0.0008213472686932934
4.34554e-05,0.0013447852686932936
4.34555e-05,0.00040728526869329316
4.34556e-05,-0.0006552157313067068
4.34557e-05,-0.0006786527313067067
4.34558e-05,-0.0006552157313067068
4.34559e-05,-0.0015380277313067068
4.3456e-05,-0.0026552152645037065
4.34561e-05,-0.002889590231306707
4.34562e-05,-0.0026552152645037065
4.34563e-05,-0.002772402731306707
4.34564e-05,-0.0026552152645037065
4.34565e-05,-0.0017333402313067067
4.34566e-05,-0.0006552157313067068
4.34567e-05,-0.0003895897313067067
4.34568e-05,-0.0006552157313067068
4.34569e-05,-0.0013036527313067068
4.3457e-05,-0.0026552152645037065
4.34571e-05,-0.0048192777313067064
4.34572e-05,-0.006655215731306707
4.34573e-05,-0.0070614657313067064
4.34574e-05,-0.006655215731306707
4.34575e-05,-0.006420840731306707
4.34576e-05,-0.006655215731306707
4.34577e-05,-0.006748965731306707
4.34578e-05,-0.006655215731306707
4.34579e-05,-0.006030215731306706
4.3458e-05,-0.004655215731306707
4.34581e-05,-0.0030224027313067066
4.34582e-05,-0.0026552152645037065
4.34583e-05,-0.0038661527313067065
4.34584e-05,-0.004655215731306707
4.34585e-05,-0.003780215731306707
4.34586e-05,-0.0026552152645037065
4.34587e-05,-0.0032020902313067067
4.34588e-05,-0.004655215731306707
4.34589e-05,-0.005288027731306707
4.3459e-05,-0.004655215731306707
4.34591e-05,-0.0036161527313067067
4.34592e-05,-0.0026552152645037065
4.34593e-05,-0.0021786527313067067
4.34594e-05,-0.0026552152645037065
4.34595e-05,-0.0038739657313067066
4.34596e-05,-0.004655215731306707
4.34597e-05,-0.004569277731306706
4.34598e-05,-0.004655215731306707
4.34599e-05,-0.005616152731306707
4.346e-05,-0.006655215731306707
4.34601e-05,-0.006373965731306707
4.34602e-05,-0.004655215731306707
4.34603e-05,-0.002866152731306707
4.34604e-05,-0.0026552152645037065
4.34605e-05,-0.0039052157313067067
4.34606e-05,-0.004655215731306707
4.34607e-05,-0.003780215731306707
4.34608e-05,-0.0026552152645037065
4.34609e-05,-0.0030614652313067066
4.3461e-05,-0.004655215731306707
4.34611e-05,-0.005538027731306707
4.34612e-05,-0.004655215731306707
4.34613e-05,-0.0030145902313067066
4.34614e-05,-0.0026552152645037065
4.34615e-05,-0.0039286527313067065
4.34616e-05,-0.004655215731306707
4.34617e-05,-0.0030692777313067066
4.34618e-05,-0.0006552157313067068
4.34619e-05,0.00014166026869329336
4.3462e-05,-0.0006552157313067068
4.34621e-05,-0.0017489652313067068
4.34622e-05,-0.0026552152645037065
4.34623e-05,-0.003256777731306707
4.34624e-05,-0.0026552152645037065
4.34625e-05,-0.0010536527313067068
4.34626e-05,-0.0006552157313067068
4.34627e-05,-0.0020692777313067066
4.34628e-05,-0.0026552152645037065
4.34629e-05,-0.0006708407313067068
4.3463e-05,0.0013447852686932936
4.34631e-05,0.0007979102686932935
4.34632e-05,-0.0006552157313067068
4.34633e-05,-0.00036615273130670683
4.34634e-05,0.0013447852686932936
4.34635e-05,0.002579160268693293
4.34636e-05,0.0033447852686932936
4.34637e-05,0.003860410268693293
4.34638e-05,0.0033447852686932936
4.34639e-05,0.001290097268693293
4.3464e-05,-0.0006552157313067068
4.34641e-05,-0.0011161527313067066
4.34642e-05,-0.0006552157313067068
4.34643e-05,-0.00045209073130670664
4.34644e-05,-0.0006552157313067068
4.34645e-05,-0.00026458973130670657
4.34646e-05,0.0013447852686932936
4.34647e-05,0.003211972268693293
4.34648e-05,0.0033447852686932936
4.34649e-05,0.0013291602686932935
4.3465e-05,-0.0006552157313067068
4.34651e-05,-0.00045209073130670664
4.34652e-05,0.0013447852686932936
4.34653e-05,0.0023135352686932936
4.34654e-05,0.0013447852686932936
4.34655e-05,-0.0004208397313067067
4.34656e-05,-0.0006552157313067068
4.34657e-05,0.0012510352686932935
4.34658e-05,0.0033447852686932936
4.34659e-05,0.003336972268693293
4.3466e-05,0.0013447852686932936
4.34661e-05,-0.0006161527313067066
4.34662e-05,-0.0006552157313067068
4.34663e-05,0.0007432222686932933
4.34664e-05,0.0013447852686932936
4.34665e-05,0.00022759726869329326
4.34666e-05,-0.0006552157313067068
4.34667e-05,0.00021197226869329325
4.34668e-05,0.0013447852686932936
4.34669e-05,0.0007432222686932933
4.3467e-05,-0.0006552157313067068
4.34671e-05,-0.0010849027313067068
4.34672e-05,-0.0006552157313067068
4.34673e-05,-0.0005380277313067065
4.34674e-05,-0.0006552157313067068
4.34675e-05,-0.0005849027313067066
4.34676e-05,-0.0006552157313067068
4.34677e-05,-0.0014599027313067067
4.34678e-05,-0.0026552152645037065
4.34679e-05,-0.0038036527313067064
4.3468e-05,-0.004655215731306707
4.34681e-05,-0.004983340731306707
4.34682e-05,-0.004655215731306707
4.34683e-05,-0.003670840731306707
4.34684e-05,-0.0026552152645037065
4.34685e-05,-0.0027489652613067067
4.34686e-05,-0.004655215731306707
4.34687e-05,-0.007420840731306707
4.34688e-05,-0.008655215731306707
4.34689e-05,-0.0070927157313067065
4.3469e-05,-0.004655215731306707
4.34691e-05,-0.003780215731306707
4.34692e-05,-0.004655215731306707
4.34693e-05,-0.005952090731306706
4.34694e-05,-0.006655215731306707
4.34695e-05,-0.006709902731306706
4.34696e-05,-0.006655215731306707
4.34697e-05,-0.006686465731306707
4.34698e-05,-0.006655215731306707
4.34699e-05,-0.006569277731306707
4.347e-05,-0.006655215731306707
4.34701e-05,-0.006944277731306707
4.34702e-05,-0.006655215731306707
4.34703e-05,-0.005506777731306707
4.34704e-05,-0.004655215731306707
4.34705e-05,-0.005194277731306707
4.34706e-05,-0.006655215731306707
4.34707e-05,-0.007873965731306706
4.34708e-05,-0.008655215731306707
4.34709e-05,-0.009006777731306707
4.3471e-05,-0.008655215731306707
4.34711e-05,-0.007491152731306707
4.34712e-05,-0.006655215731306707
4.34713e-05,-0.0061552157313067065
4.34714e-05,-0.004655215731306707
4.34715e-05,-0.0020224027313067066
4.34716e-05,-0.0006552157313067068
4.34717e-05,-0.0022567777313067068
4.34718e-05,-0.004655215731306707
4.34719e-05,-0.0048192777313067064
4.3472e-05,-0.0026552152645037065
4.34721e-05,-0.0006161527313067066
4.34722e-05,-0.0006552157313067068
4.34723e-05,-0.0027255277613067066
4.34724e-05,-0.004655215731306707
4.34725e-05,-0.004616152731306706
4.34726e-05,-0.0026552152645037065
4.34727e-05,-0.00017865273130670666
4.34728e-05,0.0013447852686932936
4.34729e-05,0.001610410268693293
4.3473e-05,0.0013447852686932936
4.34731e-05,0.0006885352686932934
4.34732e-05,-0.0006552157313067068
4.34733e-05,-0.002288027731306707
4.34734e-05,-0.0026552152645037065
4.34735e-05,-0.0009208407313067066
4.34736e-05,0.0013447852686932936
4.34737e-05,0.0021572852686932934
4.34738e-05,0.0013447852686932936
4.34739e-05,0.0005713472686932931
4.3474e-05,0.0013447852686932936
4.34741e-05,0.0031025972686932937
4.34742e-05,0.0033447852686932936
4.34743e-05,0.0017119722686932933
4.34744e-05,0.0013447852686932936
4.34745e-05,0.0041416602686932934
4.34746e-05,0.007344785268693293
4.34747e-05,0.007313535268693293
4.34748e-05,0.005344785268693293
4.34749e-05,0.004493222268693293
4.3475e-05,0.005344785268693293
4.34751e-05,0.006493222268693293
4.34752e-05,0.007344785268693293
4.34753e-05,0.007243222268693294
4.34754e-05,0.005344785268693293
4.34755e-05,0.0023760352686932936
4.34756e-05,0.0013447852686932936
4.34757e-05,0.003797910268693293
4.34758e-05,0.007344785268693293
4.34759e-05,0.008665097268693293
4.3476e-05,0.007344785268693293
4.34761e-05,0.005516660268693293
4.34762e-05,0.005344785268693293
4.34763e-05,0.006657285268693294
4.34764e-05,0.007344785268693293
4.34765e-05,0.005844785268693293
4.34766e-05,0.0033447852686932936
4.34767e-05,0.0021494722686932937
4.34768e-05,0.0033447852686932936
4.34769e-05,0.0057432222686932925
4.3477e-05,0.007344785268693293
4.34771e-05,0.006977597268693294
4.34772e-05,0.005344785268693293
4.34773e-05,0.003844785268693293
4.34774e-05,0.0033447852686932936
4.34775e-05,0.003501035268693293
4.34776e-05,0.0033447852686932936
4.34777e-05,0.002508847268693293
4.34778e-05,0.0013447852686932936
4.34779e-05,0.0007822852686932935
4.3478e-05,0.0013447852686932936
4.34781e-05,0.002657285268693293
4.34782e-05,0.0033447852686932936
4.34783e-05,0.0031416602686932934
4.34784e-05,0.0033447852686932936
4.34785e-05,0.004532285268693293
4.34786e-05,0.005344785268693293
4.34787e-05,0.004571347268693293
4.34788e-05,0.0033447852686932936
4.34789e-05,0.0030322852686932933
4.3479e-05,0.0033447852686932936
4.34791e-05,0.0028994722686932935
4.34792e-05,0.0013447852686932936
4.34793e-05,0.00021978526869329343
4.34794e-05,0.0013447852686932936
4.34795e-05,0.004211972268693293
4.34796e-05,0.005344785268693293
4.34797e-05,0.0032666602686932935
4.34798e-05,0.0013447852686932936
4.34799e-05,0.002735410268693293
4.348e-05,0.005344785268693293
4.34801e-05,0.006016660268693293
4.34802e-05,0.005344785268693293
4.34803e-05,0.005266660268693293
4.34804e-05,0.005344785268693293
4.34805e-05,0.004407285268693294
4.34806e-05,0.0033447852686932936
4.34807e-05,0.003719785268693293
4.34808e-05,0.005344785268693293
4.34809e-05,0.006860410268693294
4.3481e-05,0.007344785268693293
4.34811e-05,0.007024472268693294
4.34812e-05,0.007344785268693293
4.34813e-05,0.008610407268693294
4.34814e-05,0.009344787268693294
4.34815e-05,0.008391657268693294
4.34816e-05,0.007344785268693293
4.34817e-05,0.007383847268693294
4.34818e-05,0.007344785268693293
4.34819e-05,0.006071347268693293
4.3482e-05,0.005344785268693293
4.34821e-05,0.006461972268693293
4.34822e-05,0.007344785268693293
4.34823e-05,0.006266660268693294
4.34824e-05,0.005344785268693293
4.34825e-05,0.006383847268693293
4.34826e-05,0.007344785268693293
4.34827e-05,0.006329160268693294
4.34828e-05,0.005344785268693293
4.34829e-05,0.006376035268693294
4.3483e-05,0.007344785268693293
4.34831e-05,0.005782285268693293
4.34832e-05,0.0033447852686932936
4.34833e-05,0.0026338472686932932
4.34834e-05,0.0033447852686932936
4.34835e-05,0.004110410268693293
4.34836e-05,0.005344785268693293
4.34837e-05,0.007055722268693294
4.34838e-05,0.007344785268693293
4.34839e-05,0.005211972268693294
4.3484e-05,0.0033447852686932936
4.34841e-05,0.003461972268693293
4.34842e-05,0.0033447852686932936
4.34843e-05,0.0012197852686932934
4.34844e-05,-0.0006552157313067068
4.34845e-05,-6.7777313067065095e-06
4.34846e-05,0.0013447852686932936
4.34847e-05,0.0008525972686932934
4.34848e-05,-0.0006552157313067068
4.34849e-05,-0.0006161527313067066
4.3485e-05,0.0013447852686932936
4.34851e-05,0.0033291602686932936
4.34852e-05,0.0033447852686932936
4.34853e-05,0.0012979102686932935
4.34854e-05,-0.0006552157313067068
4.34855e-05,-0.0009833407313067067
4.34856e-05,-0.0006552157313067068
4.34857e-05,-0.0013583407313067068
4.34858e-05,-0.0026552152645037065
4.34859e-05,-0.0031708402313067067
4.3486e-05,-0.0026552152645037065
4.34861e-05,-0.0016786527313067067
4.34862e-05,-0.0006552157313067068
4.34863e-05,8.847268693293504e-06
4.34864e-05,-0.0006552157313067068
4.34865e-05,-0.0026708402613067066
4.34866e-05,-0.004655215731306707
4.34867e-05,-0.005209902731306707
4.34868e-05,-0.004655215731306707
4.34869e-05,-0.0037255277313067068
4.3487e-05,-0.0026552152645037065
4.34871e-05,-0.0014989657313067067
4.34872e-05,-0.0006552157313067068
4.34873e-05,-0.00048334073130670667
4.34874e-05,-0.0006552157313067068
4.34875e-05,-0.0007411527313067067
4.34876e-05,-0.0006552157313067068
4.34877e-05,-0.0010927157313067068
4.34878e-05,-0.0026552152645037065
4.34879e-05,-0.004569277731306706
4.3488e-05,-0.004655215731306707
4.34881e-05,-0.0024520902313067065
4.34882e-05,-0.0006552157313067068
4.34883e-05,-0.0013349027313067066
4.34884e-05,-0.0026552152645037065
4.34885e-05,-0.0022255277313067067
4.34886e-05,-0.0006552157313067068
4.34887e-05,-6.146473130670682e-05
4.34888e-05,-0.0006552157313067068
4.34889e-05,-0.0016161527313067066
4.3489e-05,-0.0026552152645037065
4.34891e-05,-0.0038270907313067066
4.34892e-05,-0.004655215731306707
4.34893e-05,-0.004733340731306707
4.34894e-05,-0.004655215731306707
4.34895e-05,-0.004663027731306706
4.34896e-05,-0.004655215731306707
4.34897e-05,-0.003952090731306706
4.34898e-05,-0.0026552152645037065
4.34899e-05,-0.0012645907313067067
4.349e-05,-0.0006552157313067068
4.34901e-05,-0.0007802157313067067
4.34902e-05,-0.0006552157313067068
4.34903e-05,0.0002979102686932935
4.34904e-05,0.0013447852686932936
4.34905e-05,0.0015479102686932929
4.34906e-05,0.0013447852686932936
4.34907e-05,0.001274472268693293
4.34908e-05,0.0013447852686932936
4.34909e-05,0.0011885352686932934
4.3491e-05,0.0013447852686932936
4.34911e-05,0.0022510352686932935
4.34912e-05,0.0033447852686932936
4.34913e-05,0.0036963472686932933
4.34914e-05,0.0033447852686932936
4.34915e-05,0.0025010352686932937
4.34916e-05,0.0013447852686932936
4.34917e-05,0.0005166602686932933
4.34918e-05,0.0013447852686932936
4.34919e-05,0.0037432222686932934
4.3492e-05,0.005344785268693293
4.34921e-05,0.004610410268693293
4.34922e-05,0.0033447852686932936
4.34923e-05,0.0032197852686932935
4.34924e-05,0.0033447852686932936
4.34925e-05,0.002415097268693293
4.34926e-05,0.0013447852686932936
4.34927e-05,0.001751035268693293
4.34928e-05,0.0033447852686932936
4.34929e-05,0.004258847268693293
4.3493e-05,0.0033447852686932936
4.34931e-05,0.0015479102686932929
4.34932e-05,0.0013447852686932936
4.34933e-05,0.003493222268693293
4.34934e-05,0.005344785268693293
4.34935e-05,0.004805722268693293
4.34936e-05,0.0033447852686932936
4.34937e-05,0.0030244722686932936
4.34938e-05,0.0033447852686932936
4.34939e-05,0.0026338472686932932
4.3494e-05,0.0013447852686932936
4.34941e-05,0.001352597268693293
4.34942e-05,0.0033447852686932936
4.34943e-05,0.006047910268693293
4.34944e-05,0.007344785268693293
4.34945e-05,0.006016660268693293
4.34946e-05,0.0033447852686932936
4.34947e-05,0.001430722268693293
4.34948e-05,0.0013447852686932936
4.34949e-05,0.0024697852686932937
4.3495e-05,0.0033447852686932936
4.34951e-05,0.003383847268693293
4.34952e-05,0.0033447852686932936
4.34953e-05,0.0036025972686932932
4.34954e-05,0.0033447852686932936
4.34955e-05,0.0021104102686932934
4.34956e-05,0.0013447852686932936
4.34957e-05,0.0021885352686932934
4.34958e-05,0.0033447852686932936
4.34959e-05,0.003415097268693293
4.3496e-05,0.0033447852686932936
4.34961e-05,0.0037432222686932934
4.34962e-05,0.0033447852686932936
4.34963e-05,0.0012197852686932934
4.34964e-05,-0.0006552157313067068
4.34965e-05,-0.0002255277313067067
4.34966e-05,0.0013447852686932936
4.34967e-05,0.0020088472686932935
4.34968e-05,0.0013447852686932936
4.34969e-05,0.00026666026869329347
4.3497e-05,-0.0006552157313067068
4.34971e-05,-0.0010927157313067068
4.34972e-05,-0.0006552157313067068
4.34973e-05,0.000993222268693293
4.34974e-05,0.0033447852686932936
4.34975e-05,0.005165097268693294
4.34976e-05,0.005344785268693293
4.34977e-05,0.0036025972686932932
4.34978e-05,0.0013447852686932936
4.34979e-05,-9.271473130670685e-05
4.3498e-05,-0.0006552157313067068
4.34981e-05,-0.0008349027313067068
4.34982e-05,-0.0006552157313067068
4.34983e-05,0.0001494722686932932
4.34984e-05,0.0013447852686932936
4.34985e-05,0.0024854102686932937
4.34986e-05,0.0033447852686932936
4.34987e-05,0.0036650972686932933
4.34988e-05,0.0033447852686932936
4.34989e-05,0.0023447852686932936
4.3499e-05,0.0013447852686932936
4.34991e-05,0.0009385352686932932
4.34992e-05,0.0013447852686932936
4.34993e-05,0.001782285268693293
4.34994e-05,0.0013447852686932936
4.34995e-05,-0.00038177773130670684
4.34996e-05,-0.0026552152645037065
4.34997e-05,-0.003780215731306707
4.34998e-05,-0.0026552152645037065
4.34999e-05,-5.365273130670655e-05
4.35e-05,0.0013447852686932936
4.35001e-05,0.0004541602686932932
4.35002e-05,-0.0006552157313067068
4.35003e-05,-3.0214731306706794e-05
4.35004e-05,0.0013447852686932936
4.35005e-05,0.0012197852686932934
4.35006e-05,-0.0006552157313067068
4.35007e-05,-0.0024989652313067066
4.35008e-05,-0.0026552152645037065
4.35009e-05,-0.0014520907313067067
4.3501e-05,-0.0006552157313067068
4.35011e-05,-0.0013739657313067068
4.35012e-05,-0.0026552152645037065
4.35013e-05,-0.0025849027613067065
4.35014e-05,-0.0006552157313067068
4.35015e-05,0.001415097268693293
4.35016e-05,0.0013447852686932936
4.35017e-05,-0.0009052157313067066
4.35018e-05,-0.0026552152645037065
4.35019e-05,-0.0020614652313067066
4.3502e-05,-0.0006552157313067068
4.35021e-05,-0.0008895907313067068
4.35022e-05,-0.0026552152645037065
4.35023e-05,-0.003733340731306707
4.35024e-05,-0.0026552152645037065
4.35025e-05,-0.0001552147313067069
4.35026e-05,0.0013447852686932936
4.35027e-05,0.0006963472686932932
4.35028e-05,-0.0006552157313067068
4.35029e-05,-0.0009520907313067067
4.3503e-05,-0.0006552157313067068
4.35031e-05,-0.0007333407313067067
4.35032e-05,-0.0006552157313067068
4.35033e-05,0.0003135352686932931
4.35034e-05,0.0013447852686932936
4.35035e-05,0.001383847268693293
4.35036e-05,0.0013447852686932936
4.35037e-05,0.002211972268693293
4.35038e-05,0.0033447852686932936
4.35039e-05,0.003688535268693293
4.3504e-05,0.0033447852686932936
4.35041e-05,0.002657285268693293
4.35042e-05,0.0013447852686932936
4.35043e-05,-0.00028802773130670676
4.35044e-05,-0.0006552157313067068
4.35045e-05,0.0010791602686932933
4.35046e-05,0.0033447852686932936
4.35047e-05,0.004610410268693293
4.35048e-05,0.005344785268693293
4.35049e-05,0.006336972268693293
4.3505e-05,0.007344785268693293
4.35051e-05,0.007086972268693294
4.35052e-05,0.005344785268693293
4.35053e-05,0.0033604102686932936
4.35054e-05,0.0033447852686932936
4.35055e-05,0.004954160268693293
4.35056e-05,0.005344785268693293
4.35057e-05,0.0030713472686932936
4.35058e-05,0.0013447852686932936
4.35059e-05,0.0028525972686932934
4.3506e-05,0.005344785268693293
4.35061e-05,0.005336972268693294
4.35062e-05,0.0033447852686932936
4.35063e-05,0.001782285268693293
4.35064e-05,0.0013447852686932936
4.35065e-05,0.0012197852686932934
4.35066e-05,0.0013447852686932936
4.35067e-05,0.0016650972686932932
4.35068e-05,0.0013447852686932936
4.35069e-05,0.00013384726869329318
4.3507e-05,-0.0006552157313067068
4.35071e-05,-0.0004599027313067069
4.35072e-05,-0.0006552157313067068
4.35073e-05,-0.0018974027313067067
4.35074e-05,-0.0026552152645037065
4.35075e-05,-0.0017333402313067067
4.35076e-05,-0.0006552157313067068
4.35077e-05,-0.0011864657313067066
4.35078e-05,-0.0026552152645037065
4.35079e-05,-0.003256777731306707
4.3508e-05,-0.0026552152645037065
4.35081e-05,-0.0020614652313067066
4.35082e-05,-0.0026552152645037065
4.35083e-05,-0.004092715731306706
4.35084e-05,-0.004655215731306707
4.35085e-05,-0.003655215731306707
4.35086e-05,-0.0026552152645037065
4.35087e-05,-0.003288027731306707
4.35088e-05,-0.004655215731306707
4.35089e-05,-0.005100527731306707
4.3509e-05,-0.004655215731306707
4.35091e-05,-0.004389590731306707
4.35092e-05,-0.004655215731306707
4.35093e-05,-0.005373965731306707
4.35094e-05,-0.006655215731306707
4.35095e-05,-0.008139590731306707
4.35096e-05,-0.008655215731306707
4.35097e-05,-0.0077724027313067065
4.35098e-05,-0.006655215731306707
4.35099e-05,-0.006389590731306707
4.351e-05,-0.006655215731306707
4.35101e-05,-0.006780215731306707
4.35102e-05,-0.006655215731306707
4.35103e-05,-0.0071083407313067065
4.35104e-05,-0.008655215731306707
4.35105e-05,-0.010381777731306708
4.35106e-05,-0.010655215731306707
4.35107e-05,-0.009295840731306706
4.35108e-05,-0.008655215731306707
4.35109e-05,-0.010334902731306706
4.3511e-05,-0.012655212731306707
4.35111e-05,-0.012850532731306707
4.35112e-05,-0.010655215731306707
4.35113e-05,-0.007944277731306706
4.35114e-05,-0.006655215731306707
4.35115e-05,-0.0072020907313067066
4.35116e-05,-0.008655215731306707
4.35117e-05,-0.009983340731306706
4.35118e-05,-0.010655215731306707
4.35119e-05,-0.011280215731306706
4.3512e-05,-0.012655212731306707
4.35121e-05,-0.013780212731306706
4.35122e-05,-0.012655212731306707
4.35123e-05,-0.009186465731306707
4.35124e-05,-0.006655215731306707
4.35125e-05,-0.007631777731306706
4.35126e-05,-0.010655215731306707
4.35127e-05,-0.012100527731306706
4.35128e-05,-0.010655215731306707
4.35129e-05,-0.007998965731306706
4.3513e-05,-0.006655215731306707
4.35131e-05,-0.007452090731306707
4.35132e-05,-0.008655215731306707
4.35133e-05,-0.008428652731306708
4.35134e-05,-0.006655215731306707
4.35135e-05,-0.005420840731306707
4.35136e-05,-0.006655215731306707
4.35137e-05,-0.009459902731306707
4.35138e-05,-0.010655215731306707
4.35139e-05,-0.008889590731306705
4.3514e-05,-0.006655215731306707
4.35141e-05,-0.006741152731306706
4.35142e-05,-0.008655215731306707
4.35143e-05,-0.009225527731306707
4.35144e-05,-0.006655215731306707
4.35145e-05,-0.0030614652313067066
4.35146e-05,-0.0026552152645037065
4.35147e-05,-0.006069277731306707
4.35148e-05,-0.008655215731306707
4.35149e-05,-0.006694277731306706
4.3515e-05,-0.0026552152645037065
4.35151e-05,-0.0016864652313067067
4.35152e-05,-0.004655215731306707
4.35153e-05,-0.0078036527313067065
4.35154e-05,-0.006655215731306707
4.35155e-05,-0.0017880277313067068
4.35156e-05,0.0013447852686932936
4.35157e-05,-0.0008505277313067066
4.35158e-05,-0.004655215731306707
4.35159e-05,-0.005623965731306707
4.3516e-05,-0.004655215731306707
4.35161e-05,-0.005092715731306707
4.35162e-05,-0.006655215731306707
4.35163e-05,-0.007225527731306707
4.35164e-05,-0.006655215731306707
4.35165e-05,-0.006350527731306706
4.35166e-05,-0.006655215731306707
4.35167e-05,-0.006842715731306707
4.35168e-05,-0.006655215731306707
4.35169e-05,-0.006311465731306707
4.3517e-05,-0.006655215731306707
4.35171e-05,-0.008256777731306706
4.35172e-05,-0.010655215731306707
4.35173e-05,-0.012006777731306706
4.35174e-05,-0.010655215731306707
4.35175e-05,-0.0071708407313067065
4.35176e-05,-0.004655215731306707
4.35177e-05,-0.005069277731306707
4.35178e-05,-0.006655215731306707
4.35179e-05,-0.007147402731306707
4.3518e-05,-0.006655215731306707
4.35181e-05,-0.006975527731306707
4.35182e-05,-0.008655215731306707
4.35183e-05,-0.010413027731306708
4.35184e-05,-0.010655215731306707
4.35185e-05,-0.009428652731306707
4.35186e-05,-0.008655215731306707
4.35187e-05,-0.009459902731306707
4.35188e-05,-0.010655215731306707
4.35189e-05,-0.010264590731306707
4.3519e-05,-0.008655215731306707
4.35191e-05,-0.0071864657313067066
4.35192e-05,-0.006655215731306707
4.35193e-05,-0.006725527731306706
4.35194e-05,-0.006655215731306707
4.35195e-05,-0.006498965731306707
4.35196e-05,-0.006655215731306707
4.35197e-05,-0.0070927157313067065
4.35198e-05,-0.006655215731306707
4.35199e-05,-0.005225527731306707
4.352e-05,-0.004655215731306707
4.35201e-05,-0.006311465731306707
4.35202e-05,-0.008655215731306707
4.35203e-05,-0.009420840731306706
4.35204e-05,-0.008655215731306707
4.35205e-05,-0.007491152731306707
4.35206e-05,-0.006655215731306707
4.35207e-05,-0.005709902731306707
4.35208e-05,-0.004655215731306707
4.35209e-05,-0.0035927152313067067
4.3521e-05,-0.0026552152645037065
4.35211e-05,-0.0022489652313067068
4.35212e-05,-0.0026552152645037065
4.35213e-05,-0.003295840231306707
4.35214e-05,-0.0026552152645037065
4.35215e-05,-0.0006083407313067068
4.35216e-05,0.0013447852686932936
4.35217e-05,0.0011885352686932934
4.35218e-05,-0.0006552157313067068
4.35219e-05,-0.0024599027313067065
4.3522e-05,-0.0026552152645037065
4.35221e-05,-0.0014989657313067067
4.35222e-05,-0.0006552157313067068
4.35223e-05,-0.0012567777313067068
4.35224e-05,-0.0026552152645037065
4.35225e-05,-0.003272402731306707
4.35226e-05,-0.0026552152645037065
4.35227e-05,-0.0014833407313067067
4.35228e-05,-0.0006552157313067068
4.35229e-05,-0.0004208397313067067
4.3523e-05,-0.0006552157313067068
4.35231e-05,-0.0004286527313067069
4.35232e-05,0.0013447852686932936
4.35233e-05,0.003579160268693293
4.35234e-05,0.0033447852686932936
4.35235e-05,-5.365273130670655e-05
4.35236e-05,-0.0026552152645037065
4.35237e-05,-0.0014520907313067067
4.35238e-05,0.0013447852686932936
4.35239e-05,0.0022197852686932935
4.3524e-05,0.0013447852686932936
4.35241e-05,0.0009307222686932935
4.35242e-05,0.0013447852686932936
4.35243e-05,0.0015713472686932932
4.35244e-05,0.0013447852686932936
4.35245e-05,0.0011963472686932933
4.35246e-05,0.0013447852686932936
4.35247e-05,0.0019854102686932933
4.35248e-05,0.0033447852686932936
4.35249e-05,0.0048213472686932934
4.3525e-05,0.005344785268693293
4.35251e-05,0.004422910268693294
4.35252e-05,0.0033447852686932936
4.35253e-05,0.0030635352686932934
4.35254e-05,0.0033447852686932936
4.35255e-05,0.003415097268693293
4.35256e-05,0.0033447852686932936
4.35257e-05,0.0034541602686932937
4.35258e-05,0.0033447852686932936
4.35259e-05,0.002540097268693293
4.3526e-05,0.0013447852686932936
4.35261e-05,0.0007900972686932933
4.35262e-05,0.0013447852686932936
4.35263e-05,0.0030713472686932936
4.35264e-05,0.005344785268693293
4.35265e-05,0.007086972268693294
4.35266e-05,0.007344785268693293
4.35267e-05,0.0061729102686932935
4.35268e-05,0.005344785268693293
4.35269e-05,0.005469785268693293
4.3527e-05,0.005344785268693293
4.35271e-05,0.0041416602686932934
4.35272e-05,0.0033447852686932936
4.35273e-05,0.004180722268693293
4.35274e-05,0.005344785268693293
4.35275e-05,0.004938535268693293
4.35276e-05,0.0033447852686932936
4.35277e-05,0.0024697852686932937
4.35278e-05,0.0033447852686932936
4.35279e-05,0.005461972268693294
4.3528e-05,0.007344785268693293
4.35281e-05,0.007829157268693293
4.35282e-05,0.007344785268693293
4.35283e-05,0.006485410268693294
4.35284e-05,0.005344785268693293
4.35285e-05,0.003985410268693293
4.35286e-05,0.0033447852686932936
4.35287e-05,0.003563535268693293
4.35288e-05,0.0033447852686932936
4.35289e-05,0.0020947852686932934
4.3529e-05,0.0013447852686932936
4.35291e-05,0.002735410268693293
4.35292e-05,0.005344785268693293
4.35293e-05,0.006735410268693294
4.35294e-05,0.005344785268693293
4.35295e-05,0.002461972268693293
4.35296e-05,0.0013447852686932936
4.35297e-05,0.0032197852686932935
4.35298e-05,0.005344785268693293
4.35299e-05,0.004993222268693294
4.353e-05,0.0033447852686932936
4.35301e-05,0.0027744722686932934
4.35302e-05,0.0033447852686932936
4.35303e-05,0.003610410268693293
4.35304e-05,0.0033447852686932936
4.35305e-05,0.003227597268693293
4.35306e-05,0.0033447852686932936
4.35307e-05,0.0033760352686932936
4.35308e-05,0.0033447852686932936
4.35309e-05,0.0033447852686932936
4.3531e-05,0.0033447852686932936
4.35311e-05,0.003305722268693293
4.35312e-05,0.0033447852686932936
4.35313e-05,0.003415097268693293
4.35314e-05,0.0033447852686932936
4.35315e-05,0.003211972268693293
4.35316e-05,0.0033447852686932936
4.35317e-05,0.003657285268693293
4.35318e-05,0.0033447852686932936
4.35319e-05,0.0021885352686932934
4.3532e-05,0.0013447852686932936
4.35321e-05,0.0018760352686932932
4.35322e-05,0.0033447852686932936
4.35323e-05,0.004688535268693293
4.35324e-05,0.005344785268693293
4.35325e-05,0.005383847268693294
4.35326e-05,0.005344785268693293
4.35327e-05,0.004891660268693293
4.35328e-05,0.0033447852686932936
4.35329e-05,0.001352597268693293
4.3533e-05,0.0013447852686932936
4.35331e-05,0.003751035268693293
4.35332e-05,0.005344785268693293
4.35333e-05,0.003735410268693293
4.35334e-05,0.0013447852686932936
4.35335e-05,0.001415097268693293
4.35336e-05,0.0033447852686932936
4.35337e-05,0.004336972268693293
4.35338e-05,0.0033447852686932936
4.35339e-05,0.0017744722686932933
4.3534e-05,0.0013447852686932936
4.35341e-05,0.0023291602686932936
4.35342e-05,0.0033447852686932936
4.35343e-05,0.0029854102686932933
4.35344e-05,0.0013447852686932936
4.35345e-05,0.00033697226869329336
4.35346e-05,0.0013447852686932936
4.35347e-05,0.0037900972686932934
4.35348e-05,0.005344785268693293
4.35349e-05,0.004711972268693293
4.3535e-05,0.0033447852686932936
4.35351e-05,0.0034541602686932937
4.35352e-05,0.005344785268693293
4.35353e-05,0.007251035268693293
4.35354e-05,0.007344785268693293
4.35355e-05,0.005391660268693293
4.35356e-05,0.0033447852686932936
4.35357e-05,0.0027432222686932933
4.35358e-05,0.0033447852686932936
4.35359e-05,0.004196347268693293
4.3536e-05,0.005344785268693293
4.35361e-05,0.006743222268693293
4.35362e-05,0.007344785268693293
4.35363e-05,0.006407285268693294
4.35364e-05,0.005344785268693293
4.35365e-05,0.005297910268693293
4.35366e-05,0.005344785268693293
4.35367e-05,0.004391660268693294
4.35368e-05,0.0033447852686932936
4.35369e-05,0.0031885352686932935
4.3537e-05,0.0033447852686932936
4.35371e-05,0.0031025972686932937
4.35372e-05,0.0033447852686932936
4.35373e-05,0.004579160268693293
4.35374e-05,0.005344785268693293
4.35375e-05,0.004461972268693293
4.35376e-05,0.0033447852686932936
4.35377e-05,0.0032979102686932936
4.35378e-05,0.0033447852686932936
4.35379e-05,0.0023760352686932936
4.3538e-05,0.0013447852686932936
4.35381e-05,0.001305722268693293
4.35382e-05,0.0013447852686932936
4.35383e-05,0.0003525972686932934
4.35384e-05,-0.0006552157313067068
4.35385e-05,-0.00014740273130670663
4.35386e-05,0.0013447852686932936
4.35387e-05,0.002610410268693293
4.35388e-05,0.0033447852686932936
4.35389e-05,0.003211972268693293
4.3539e-05,0.0013447852686932936
4.35391e-05,-0.0016161527313067066
4.35392e-05,-0.0026552152645037065
4.35393e-05,-0.0006395907313067068
4.35394e-05,0.0013447852686932936
4.35395e-05,0.0006963472686932932
4.35396e-05,-0.0006552157313067068
4.35397e-05,-0.0001161527313067066
4.35398e-05,0.0013447852686932936
4.35399e-05,0.0011807222686932932
4.354e-05,-0.0006552157313067068
4.35401e-05,-0.002389590231306707
4.35402e-05,-0.0026552152645037065
4.35403e-05,-0.0016708402313067067
4.35404e-05,-0.0006552157313067068
4.35405e-05,-0.0004989657313067067
4.35406e-05,-0.0006552157313067068
4.35407e-05,-0.0010302157313067067
4.35408e-05,-0.0026552152645037065
4.35409e-05,-0.005420840731306707
4.3541e-05,-0.006655215731306707
4.35411e-05,-0.004780215731306707
4.35412e-05,-0.0026552152645037065
4.35413e-05,-0.0030614652313067066
4.35414e-05,-0.004655215731306707
4.35415e-05,-0.005030215731306707
4.35416e-05,-0.004655215731306707
4.35417e-05,-0.004741152731306706
4.35418e-05,-0.004655215731306707
4.35419e-05,-0.0035302152313067066
4.3542e-05,-0.0026552152645037065
4.35421e-05,-0.003319277731306707
4.35422e-05,-0.004655215731306707
4.35423e-05,-0.005139590731306707
4.35424e-05,-0.004655215731306707
4.35425e-05,-0.0042489657313067065
4.35426e-05,-0.004655215731306707
4.35427e-05,-0.005256777731306707
4.35428e-05,-0.004655215731306707
4.35429e-05,-0.0025458402313067066
4.3543e-05,-0.0006552157313067068
4.35431e-05,-0.0007880277313067068
4.35432e-05,-0.0026552152645037065
4.35433e-05,-0.004381777731306707
4.35434e-05,-0.004655215731306707
4.35435e-05,-0.0036474027313067067
4.35436e-05,-0.0026552152645037065
4.35437e-05,-0.0024833402313067065
4.35438e-05,-0.0026552152645037065
4.35439e-05,-0.0021161527313067066
4.3544e-05,-0.0006552157313067068
4.35441e-05,0.0008525972686932934
4.35442e-05,0.0013447852686932936
4.35443e-05,0.0005479102686932933
4.35444e-05,-0.0006552157313067068
4.35445e-05,-0.0012177157313067067
4.35446e-05,-0.0006552157313067068
4.35447e-05,0.0004697852686932932
4.35448e-05,0.0013447852686932936
4.35449e-05,0.0015010352686932937
4.3545e-05,0.0013447852686932936
4.35451e-05,0.001290097268693293
4.35452e-05,0.0013447852686932936
4.35453e-05,0.001305722268693293
4.35454e-05,0.0013447852686932936
4.35455e-05,0.0014385352686932936
4.35456e-05,0.0013447852686932936
4.35457e-05,0.0010557222686932931
4.35458e-05,0.0013447852686932936
4.35459e-05,0.002516660268693293
4.3546e-05,0.0033447852686932936
4.35461e-05,0.0027432222686932933
4.35462e-05,0.0013447852686932936
4.35463e-05,0.00015728526869329337
4.35464e-05,-0.0006552157313067068
4.35465e-05,-0.0006864657313067069
4.35466e-05,0.0013447852686932936
4.35467e-05,0.005086972268693294
4.35468e-05,0.007344785268693293
4.35469e-05,0.005993222268693293
4.3547e-05,0.0033447852686932936
4.35471e-05,0.0019854102686932933
4.35472e-05,0.0013447852686932936
4.35473e-05,0.00015728526869329337
4.35474e-05,-0.0006552157313067068
4.35475e-05,0.0006650972686932932
4.35476e-05,0.0033447852686932936
4.35477e-05,0.005243222268693294
4.35478e-05,0.005344785268693293
4.35479e-05,0.0042510352686932935
4.3548e-05,0.0033447852686932936
4.35481e-05,0.0037432222686932934
4.35482e-05,0.005344785268693293
4.35483e-05,0.006876035268693294
4.35484e-05,0.007344785268693293
4.35485e-05,0.006461972268693293
4.35486e-05,0.005344785268693293
4.35487e-05,0.0048994722686932935
4.35488e-05,0.005344785268693293
4.35489e-05,0.005797910268693293
4.3549e-05,0.005344785268693293
4.35491e-05,0.004071347268693294
4.35492e-05,0.0033447852686932936
4.35493e-05,0.004016660268693293
4.35494e-05,0.005344785268693293
4.35495e-05,0.005938535268693293
4.35496e-05,0.005344785268693293
4.35497e-05,0.004180722268693293
4.35498e-05,0.0033447852686932936
4.35499e-05,0.0031807222686932937
4.355e-05,0.0033447852686932936
4.35501e-05,0.003430722268693293
4.35502e-05,0.0033447852686932936
4.35503e-05,0.0032666602686932935
4.35504e-05,0.0033447852686932936
4.35505e-05,0.003383847268693293
4.35506e-05,0.0033447852686932936
4.35507e-05,0.0032666602686932935
4.35508e-05,0.0033447852686932936
4.35509e-05,0.003493222268693293
4.3551e-05,0.0033447852686932936
4.35511e-05,0.002602597268693293
4.35512e-05,0.0013447852686932936
4.35513e-05,7.134726869329313e-05
4.35514e-05,-0.0006552157313067068
4.35515e-05,-0.0006552157313067068
4.35516e-05,-0.0006552157313067068
4.35517e-05,-0.00037396473130670667
4.35518e-05,0.0013447852686932936
4.35519e-05,0.004282285268693294
4.3552e-05,0.005344785268693293
4.35521e-05,0.003321347268693293
4.35522e-05,0.0013447852686932936
4.35523e-05,0.0020322852686932933
4.35524e-05,0.0033447852686932936
4.35525e-05,0.0026338472686932932
4.35526e-05,0.0013447852686932936
4.35527e-05,0.002274472268693293
4.35528e-05,0.005344785268693293
4.35529e-05,0.007688537268693294
4.3553e-05,0.007344785268693293
4.35531e-05,0.004907285268693293
4.35532e-05,0.0033447852686932936
4.35533e-05,0.004133847268693294
4.35534e-05,0.005344785268693293
4.35535e-05,0.004790097268693293
4.35536e-05,0.0033447852686932936
4.35537e-05,0.002907285268693293
4.35538e-05,0.0033447852686932936
4.35539e-05,0.003493222268693293
4.3554e-05,0.0033447852686932936
4.35541e-05,0.0038682222686932935
4.35542e-05,0.005344785268693293
4.35543e-05,0.006891660268693294
4.35544e-05,0.007344785268693293
4.35545e-05,0.006305722268693293
4.35546e-05,0.005344785268693293
4.35547e-05,0.005336972268693294
4.35548e-05,0.005344785268693293
4.35549e-05,0.004305722268693293
4.3555e-05,0.0033447852686932936
4.35551e-05,0.003415097268693293
4.35552e-05,0.0033447852686932936
4.35553e-05,0.002211972268693293
4.35554e-05,0.0013447852686932936
4.35555e-05,0.0021494722686932937
4.35556e-05,0.0033447852686932936
4.35557e-05,0.003501035268693293
4.35558e-05,0.0033447852686932936
4.35559e-05,0.004102597268693294
4.3556e-05,0.005344785268693293
4.35561e-05,0.005844785268693293
4.35562e-05,0.005344785268693293
4.35563e-05,0.004336972268693293
4.35564e-05,0.0033447852686932936
4.35565e-05,0.002352597268693293
4.35566e-05,0.0013447852686932936
4.35567e-05,0.0007510352686932935
4.35568e-05,0.0013447852686932936
4.35569e-05,0.003227597268693293
4.3557e-05,0.005344785268693293
4.35571e-05,0.006102597268693293
4.35572e-05,0.005344785268693293
4.35573e-05,0.003969785268693293
4.35574e-05,0.0033447852686932936
4.35575e-05,0.003532285268693293
4.35576e-05,0.0033447852686932936
4.35577e-05,0.001641660268693293
4.35578e-05,-0.0006552157313067068
4.35579e-05,-0.0022489652313067068
4.3558e-05,-0.0026552152645037065
4.35581e-05,-0.0019911527313067065
4.35582e-05,-0.0006552157313067068
4.35583e-05,0.0008525972686932934
4.35584e-05,0.0013447852686932936
4.35585e-05,8.847268693293504e-06
4.35586e-05,-0.0026552152645037065
4.35587e-05,-0.004780215731306707
4.35588e-05,-0.004655215731306707
4.35589e-05,-0.002413027731306707
4.3559e-05,-0.0006552157313067068
4.35591e-05,-0.0012177157313067067
4.35592e-05,-0.0026552152645037065
4.35593e-05,-0.0030692777313067066
4.35594e-05,-0.0026552152645037065
4.35595e-05,-0.0025380277313067066
4.35596e-05,-0.0026552152645037065
4.35597e-05,-0.0025302152313067066
4.35598e-05,-0.0026552152645037065
4.35599e-05,-0.0036942777313067067
4.356e-05,-0.004655215731306707
4.35601e-05,-0.004811465731306707
4.35602e-05,-0.004655215731306707
4.35603e-05,-0.004709902731306706
4.35604e-05,-0.004655215731306707
4.35605e-05,-0.004342715731306707
4.35606e-05,-0.004655215731306707
4.35607e-05,-0.006373965731306707
4.35608e-05,-0.008655215731306707
4.35609e-05,-0.009623965731306708
4.3561e-05,-0.008655215731306707
4.35611e-05,-0.006381777731306706
4.35612e-05,-0.004655215731306707
4.35613e-05,-0.0048192777313067064
4.35614e-05,-0.006655215731306707
4.35615e-05,-0.008506777731306706
4.35616e-05,-0.008655215731306707
4.35617e-05,-0.006811465731306707
4.35618e-05,-0.004655215731306707
4.35619e-05,-0.003998965731306706
4.3562e-05,-0.004655215731306707
4.35621e-05,-0.005788027731306707
4.35622e-05,-0.006655215731306707
4.35623e-05,-0.007030215731306706
4.35624e-05,-0.006655215731306707
4.35625e-05,-0.006053652731306707
4.35626e-05,-0.006655215731306707
4.35627e-05,-0.008819277731306707
4.35628e-05,-0.010655215731306707
4.35629e-05,-0.010342715731306707
4.3563e-05,-0.008655215731306707
4.35631e-05,-0.007178652731306707
4.35632e-05,-0.006655215731306707
4.35633e-05,-0.006663027731306706
4.35634e-05,-0.006655215731306707
4.35635e-05,-0.006623965731306707
4.35636e-05,-0.006655215731306707
4.35637e-05,-0.006733340731306707
4.35638e-05,-0.006655215731306707
4.35639e-05,-0.006530215731306707
4.3564e-05,-0.006655215731306707
4.35641e-05,-0.007459902731306707
4.35642e-05,-0.008655215731306707
4.35643e-05,-0.009334902731306707
4.35644e-05,-0.008655215731306707
4.35645e-05,-0.007100527731306707
4.35646e-05,-0.006655215731306707
4.35647e-05,-0.007827090731306708
4.35648e-05,-0.008655215731306707
4.35649e-05,-0.007702090731306707
4.3565e-05,-0.006655215731306707
4.35651e-05,-0.007436465731306707
4.35652e-05,-0.008655215731306707
4.35653e-05,-0.008225527731306706
4.35654e-05,-0.006655215731306707
4.35655e-05,-0.005405215731306707
4.35656e-05,-0.004655215731306707
4.35657e-05,-0.004663027731306706
4.35658e-05,-0.006655215731306707
4.35659e-05,-0.010342715731306707
4.3566e-05,-0.012655212731306707
4.35661e-05,-0.010952090731306707
4.35662e-05,-0.006655215731306707
4.35663e-05,-0.0031786527313067067
4.35664e-05,-0.0026552152645037065
4.35665e-05,-0.0041239657313067064
4.35666e-05,-0.004655215731306707
4.35667e-05,-0.003350527731306707
4.35668e-05,-0.0026552152645037065
4.35669e-05,-0.004366152731306707
4.3567e-05,-0.006655215731306707
4.35671e-05,-0.006725527731306706
4.35672e-05,-0.004655215731306707
4.35673e-05,-0.002819277731306707
4.35674e-05,-0.0026552152645037065
4.35675e-05,-0.003288027731306707
4.35676e-05,-0.0026552152645037065
4.35677e-05,-0.0003895897313067067
4.35678e-05,0.0013447852686932936
4.35679e-05,0.0007432222686932933
4.3568e-05,-0.0006552157313067068
4.35681e-05,-0.0009755277313067067
4.35682e-05,-0.0006552157313067068
4.35683e-05,-0.0013349027313067066
4.35684e-05,-0.0026552152645037065
4.35685e-05,-0.003280215231306707
4.35686e-05,-0.0026552152645037065
4.35687e-05,-0.0014599027313067067
4.35688e-05,-0.0006552157313067068
4.35689e-05,-0.0005458407313067067
4.3569e-05,-0.0006552157313067068
4.35691e-05,-0.0005145907313067067
4.35692e-05,-0.0006552157313067068
4.35693e-05,-0.0016083407313067068
4.35694e-05,-0.0026552152645037065
4.35695e-05,-0.0029286527313067065
4.35696e-05,-0.0026552152645037065
4.35697e-05,-0.0020927152313067066
4.35698e-05,-0.0006552157313067068
4.35699e-05,0.0012119722686932933
4.357e-05,0.0013447852686932936
4.35701e-05,-0.0009442777313067067
4.35702e-05,-0.0026552152645037065
4.35703e-05,-0.0018114652313067068
4.35704e-05,-0.0006552157313067068
4.35705e-05,-0.0014599027313067067
4.35706e-05,-0.0026552152645037065
4.35707e-05,-0.0019520902313067067
4.35708e-05,-0.0006552157313067068
4.35709e-05,-0.0009911527313067067
4.3571e-05,-0.0026552152645037065
4.35711e-05,-0.0035224027313067066
4.35712e-05,-0.0026552152645037065
4.35713e-05,-0.0005849027313067066
4.35714e-05,0.0013447852686932936
4.35715e-05,0.0024229102686932937
4.35716e-05,0.0033447852686932936
4.35717e-05,0.004079160268693293
4.35718e-05,0.0033447852686932936
4.35719e-05,0.0008291602686932931
4.3572e-05,-0.0006552157313067068
4.35721e-05,0.0003291602686932931
4.35722e-05,0.0013447852686932936
4.35723e-05,0.00026666026869329347
4.35724e-05,-0.0006552157313067068
4.35725e-05,0.0009697852686932932
4.35726e-05,0.0033447852686932936
4.35727e-05,0.003336972268693293
4.35728e-05,0.0013447852686932936
4.35729e-05,-0.0003349027313067068
4.3573e-05,-0.0006552157313067068
4.35731e-05,9.478526869329332e-05
4.35732e-05,0.0013447852686932936
4.35733e-05,0.0021416602686932934
4.35734e-05,0.0013447852686932936
4.35735e-05,-0.0008349027313067068
4.35736e-05,-0.0026552152645037065
4.35737e-05,-0.002420840231306707
4.35738e-05,-0.0006552157313067068
4.35739e-05,0.0010322852686932933
4.3574e-05,0.0013447852686932936
4.35741e-05,0.0008213472686932934
4.35742e-05,0.0013447852686932936
4.35743e-05,0.003446347268693293
4.35744e-05,0.005344785268693293
4.35745e-05,0.005102597268693294
4.35746e-05,0.0033447852686932936
4.35747e-05,0.001782285268693293
4.35748e-05,0.0013447852686932936
4.35749e-05,0.001430722268693293
4.3575e-05,0.0013447852686932936
4.35751e-05,0.0011104102686932934
4.35752e-05,0.0013447852686932936
4.35753e-05,0.0023291602686932936
4.35754e-05,0.0033447852686932936
4.35755e-05,0.003610410268693293
4.35756e-05,0.0033447852686932936
4.35757e-05,0.0032510352686932935
4.35758e-05,0.0033447852686932936
4.35759e-05,0.0033447852686932936
4.3576e-05,0.0033447852686932936
4.35761e-05,0.003430722268693293
4.35762e-05,0.0033447852686932936
4.35763e-05,0.0031025972686932937
4.35764e-05,0.0033447852686932936
4.35765e-05,0.004344785268693294
4.35766e-05,0.005344785268693293
4.35767e-05,0.005610410268693293
4.35768e-05,0.005344785268693293
4.35769e-05,0.0051416602686932935
4.3577e-05,0.005344785268693293
4.35771e-05,0.005508847268693294
4.35772e-05,0.005344785268693293
4.35773e-05,0.005055722268693294
4.35774e-05,0.005344785268693293
4.35775e-05,0.006336972268693293
4.35776e-05,0.007344785268693293
4.35777e-05,0.007102597268693294
4.35778e-05,0.005344785268693293
4.35779e-05,0.003352597268693293
4.3578e-05,0.0033447852686932936
4.35781e-05,0.005579160268693293
4.35782e-05,0.007344785268693293
4.35783e-05,0.006696347268693293
4.35784e-05,0.005344785268693293
4.35785e-05,0.005243222268693294
4.35786e-05,0.005344785268693293
4.35787e-05,0.0042666602686932936
4.35788e-05,0.0033447852686932936
4.35789e-05,0.004086972268693294
4.3579e-05,0.005344785268693293
4.35791e-05,0.005461972268693294
4.35792e-05,0.005344785268693293
4.35793e-05,0.006274472268693293
4.35794e-05,0.007344785268693293
4.35795e-05,0.0069697852686932925
4.35796e-05,0.005344785268693293
4.35797e-05,0.003321347268693293
4.35798e-05,0.0013447852686932936
4.35799e-05,0.00026666026869329347
4.358e-05,0.0013447852686932936
4.35801e-05,0.004547910268693293
4.35802e-05,0.007344785268693293
4.35803e-05,0.007305722268693294
4.35804e-05,0.005344785268693293
4.35805e-05,0.003610410268693293
4.35806e-05,0.0033447852686932936
4.35807e-05,0.0042510352686932935
4.35808e-05,0.005344785268693293
4.35809e-05,0.005305722268693294
4.3581e-05,0.0033447852686932936
4.35811e-05,-6.146473130670682e-05
4.35812e-05,-0.0026552152645037065
4.35813e-05,-0.0026474027643067066
4.35814e-05,-0.0006552157313067068
4.35815e-05,0.001751035268693293
4.35816e-05,0.0033447852686932936
4.35817e-05,0.003797910268693293
4.35818e-05,0.0033447852686932936
4.35819e-05,0.002352597268693293
4.3582e-05,0.0013447852686932936
4.35821e-05,0.0004385352686932932
4.35822e-05,-0.0006552157313067068
4.35823e-05,-0.0018895902313067067
4.35824e-05,-0.0026552152645037065
4.35825e-05,-0.0022567777313067068
4.35826e-05,-0.0006552157313067068
4.35827e-05,0.0011260352686932934
4.35828e-05,0.0013447852686932936
4.35829e-05,1.6660268693293248e-05
4.3583e-05,-0.0006552157313067068
4.35831e-05,0.0004619722686932935
4.35832e-05,0.0013447852686932936
4.35833e-05,0.0003135352686932931
4.35834e-05,-0.0006552157313067068
4.35835e-05,0.0001494722686932932
4.35836e-05,0.0013447852686932936
4.35837e-05,0.0007354102686932935
4.35838e-05,-0.0006552157313067068
4.35839e-05,-0.0009833407313067067
4.3584e-05,-0.0006552157313067068
4.35841e-05,-0.0011474027313067067
4.35842e-05,-0.0026552152645037065
4.35843e-05,-0.004061465731306706
4.35844e-05,-0.004655215731306707
4.35845e-05,-0.004061465731306706
4.35846e-05,-0.0026552152645037065
4.35847e-05,-0.0011786527313067067
4.35848e-05,-0.0006552157313067068
4.35849e-05,-0.0009052157313067066
4.3585e-05,-0.0006552157313067068
4.35851e-05,0.0005322852686932933
4.35852e-05,0.0013447852686932936
4.35853e-05,0.0005557222686932931
4.35854e-05,-0.0006552157313067068
4.35855e-05,-0.0010067777313067067
4.35856e-05,-0.0006552157313067068
4.35857e-05,-0.0006161527313067066
4.35858e-05,-0.0006552157313067068
4.35859e-05,-0.0004286527313067069
4.3586e-05,-0.0006552157313067068
4.35861e-05,-0.0017411527313067067
4.35862e-05,-0.0026552152645037065
4.35863e-05,-0.0026474027643067066
4.35864e-05,-0.0026552152645037065
4.35865e-05,-0.0030927152313067066
4.35866e-05,-0.0026552152645037065
4.35867e-05,-0.0005849027313067066
4.35868e-05,0.0013447852686932936
4.35869e-05,0.0010869722686932932
4.3587e-05,-0.0006552157313067068
4.35871e-05,-0.0021005277313067066
4.35872e-05,-0.0026552152645037065
4.35873e-05,-0.0027020902613067066
4.35874e-05,-0.0026552152645037065
4.35875e-05,-0.002569277761306707
4.35876e-05,-0.0026552152645037065
4.35877e-05,-0.0027489652613067067
4.35878e-05,-0.0026552152645037065
4.35879e-05,-0.0019364652313067067
4.3588e-05,-0.0006552157313067068
4.35881e-05,0.0006729102686932934
4.35882e-05,0.0013447852686932936
4.35883e-05,0.0011885352686932934
4.35884e-05,0.0013447852686932936
4.35885e-05,0.0022979102686932935
4.35886e-05,0.0033447852686932936
4.35887e-05,0.0030557222686932936
4.35888e-05,0.0013447852686932936
4.35889e-05,-0.0010067777313067067
4.3589e-05,-0.0026552152645037065
4.35891e-05,-0.0030458402313067066
4.35892e-05,-0.0026552152645037065
4.35893e-05,-0.0018505277313067068
4.35894e-05,-0.0006552157313067068
4.35895e-05,0.0007666602686932935
4.35896e-05,0.0013447852686932936
4.35897e-05,0.0004932222686932935
4.35898e-05,-0.0006552157313067068
4.35899e-05,-0.0008974027313067067
4.359e-05,-0.0006552157313067068
4.35901e-05,-0.0006942777313067067
4.35902e-05,-0.0006552157313067068
4.35903e-05,-0.0004442777313067069
4.35904e-05,-0.0006552157313067068
4.35905e-05,-0.0017411527313067067
4.35906e-05,-0.0026552152645037065
4.35907e-05,-0.0021474027313067067
4.35908e-05,-0.0006552157313067068
4.35909e-05,0.00025103526869329346
4.3591e-05,-0.0006552157313067068
4.35911e-05,-0.0029364652313067065
4.35912e-05,-0.004655215731306707
4.35913e-05,-0.0042645907313067066
4.35914e-05,-0.0026552152645037065
4.35915e-05,-0.0012880277313067068
4.35916e-05,-0.0006552157313067068
4.35917e-05,-0.0004989657313067067
4.35918e-05,-0.0006552157313067068
4.35919e-05,-0.0009833407313067067
4.3592e-05,-0.0006552157313067068
4.35921e-05,0.0004697852686932932
4.35922e-05,0.0013447852686932936
4.35923e-05,0.0007822852686932935
4.35924e-05,-0.0006552157313067068
4.35925e-05,-0.0019833402313067065
4.35926e-05,-0.0026552152645037065
4.35927e-05,-0.002780215231306707
4.35928e-05,-0.0026552152645037065
4.35929e-05,-0.0025302152313067066
4.3593e-05,-0.0026552152645037065
4.35931e-05,-0.002827090231306707
4.35932e-05,-0.0026552152645037065
4.35933e-05,-0.0018192777313067068
4.35934e-05,-0.0006552157313067068
4.35935e-05,-5.365273130670655e-05
4.35936e-05,-0.0006552157313067068
4.35937e-05,-0.0020302152313067066
4.35938e-05,-0.0026552152645037065
4.35939e-05,-0.0018583402313067069
4.3594e-05,-0.0006552157313067068
4.35941e-05,-0.0008114657313067067
4.35942e-05,-0.0026552152645037065
4.35943e-05,-0.004655215731306707
4.35944e-05,-0.004655215731306707
4.35945e-05,-0.002428652731306707
4.35946e-05,-0.0006552157313067068
4.35947e-05,-0.0012489657313067067
4.35948e-05,-0.0026552152645037065
4.35949e-05,-0.0029052152313067065
4.3595e-05,-0.0026552152645037065
4.35951e-05,-0.0029442777313067065
4.35952e-05,-0.0026552152645037065
4.35953e-05,-0.0011395907313067066
4.35954e-05,-0.0006552157313067068
4.35955e-05,-0.0026708402613067066
4.35956e-05,-0.004655215731306707
4.35957e-05,-0.0041708407313067065
4.35958e-05,-0.0026552152645037065
4.35959e-05,-0.002295840231306707
4.3596e-05,-0.0026552152645037065
4.35961e-05,-0.0021317777313067067
4.35962e-05,-0.0006552157313067068
4.35963e-05,0.0001650972686932932
4.35964e-05,-0.0006552157313067068
4.35965e-05,-0.002303652731306707
4.35966e-05,-0.0026552152645037065
4.35967e-05,-0.0012645907313067067
4.35968e-05,-0.0006552157313067068
4.35969e-05,-0.0024911527313067065
4.3597e-05,-0.004655215731306707
4.35971e-05,-0.004483340731306707
4.35972e-05,-0.0026552152645037065
4.35973e-05,-0.0012880277313067068
4.35974e-05,-0.0006552157313067068
4.35975e-05,0.00021197226869329325
4.35976e-05,0.0013447852686932936
4.35977e-05,0.0018760352686932932
4.35978e-05,0.0013447852686932936
4.35979e-05,-0.00036615273130670683
4.3598e-05,-0.0026552152645037065
4.35981e-05,-0.004444277731306707
4.35982e-05,-0.004655215731306707
4.35983e-05,-0.0030145902313067066
4.35984e-05,-0.0006552157313067068
4.35985e-05,0.0010869722686932932
4.35986e-05,0.0013447852686932936
4.35987e-05,0.00040728526869329316
4.35988e-05,-0.0006552157313067068
4.35989e-05,-0.0010067777313067067
4.3599e-05,-0.0006552157313067068
4.35991e-05,8.697226869329314e-05
4.35992e-05,0.0013447852686932936
4.35993e-05,0.0026650972686932933
4.35994e-05,0.0033447852686932936
4.35995e-05,0.002641660268693293
4.35996e-05,0.0013447852686932936
4.35997e-05,0.0002900972686932933
4.35998e-05,-0.0006552157313067068
4.35999e-05,-0.0017645902313067068
4.36e-05,-0.0026552152645037065
4.36001e-05,-0.002842715231306707
4.36002e-05,-0.0026552152645037065
4.36003e-05,-0.0021005277313067066
4.36004e-05,-0.0006552157313067068
4.36005e-05,0.001688535268693293
4.36006e-05,0.0033447852686932936
4.36007e-05,0.0029697852686932933
4.36008e-05,0.0013447852686932936
4.36009e-05,-6.146473130670682e-05
4.3601e-05,-0.0006552157313067068
4.36011e-05,-0.0008036527313067068
4.36012e-05,-0.0006552157313067068
4.36013e-05,-0.00045209073130670664
4.36014e-05,-0.0006552157313067068
4.36015e-05,-0.0011005277313067066
4.36016e-05,-0.0006552157313067068
4.36017e-05,0.0007432222686932933
4.36018e-05,0.0013447852686932936
4.36019e-05,0.00026666026869329347
4.3602e-05,-0.0006552157313067068
4.36021e-05,0.00013384726869329318
4.36022e-05,0.0013447852686932936
4.36023e-05,0.0009385352686932932
4.36024e-05,-0.0006552157313067068
4.36025e-05,-0.0020067777313067066
4.36026e-05,-0.0026552152645037065
4.36027e-05,-0.0029286527313067065
4.36028e-05,-0.0026552152645037065
4.36029e-05,-0.0016942777313067067
4.3603e-05,-0.0006552157313067068
4.36031e-05,-0.0002802147313067066
4.36032e-05,-0.0006552157313067068
4.36033e-05,-0.0015145907313067067
4.36034e-05,-0.0026552152645037065
4.36035e-05,-0.003741152731306707
4.36036e-05,-0.004655215731306707
4.36037e-05,-0.005038027731306707
4.36038e-05,-0.004655215731306707
4.36039e-05,-0.0036161527313067067
4.3604e-05,-0.0026552152645037065
4.36041e-05,-0.0019052152313067067
4.36042e-05,-0.0006552157313067068
4.36043e-05,0.0009385352686932932
4.36044e-05,0.0013447852686932936
4.36045e-05,-0.0004208397313067067
4.36046e-05,-0.0026552152645037065
4.36047e-05,-0.003373965231306707
4.36048e-05,-0.0026552152645037065
4.36049e-05,-0.0021239652313067067
4.3605e-05,-0.0026552152645037065
4.36051e-05,-0.0038505277313067065
4.36052e-05,-0.004655215731306707
4.36053e-05,-0.0041864657313067065
4.36054e-05,-0.0026552152645037065
4.36055e-05,-0.0010614657313067067
4.36056e-05,-0.0006552157313067068
4.36057e-05,-0.0015458407313067067
4.36058e-05,-0.0026552152645037065
4.36059e-05,-0.0029833402313067066
4.3606e-05,-0.0026552152645037065
4.36061e-05,-0.002413027731306707
4.36062e-05,-0.0026552152645037065
4.36063e-05,-0.0029755277313067065
4.36064e-05,-0.0026552152645037065
4.36065e-05,-0.0016239657313067068
4.36066e-05,-0.0006552157313067068
4.36067e-05,-0.0004911527313067065
4.36068e-05,-0.0006552157313067068
4.36069e-05,-0.0006630277313067067
4.3607e-05,-0.0006552157313067068
4.36071e-05,-0.0008349027313067068
4.36072e-05,-0.0006552157313067068
4.36073e-05,-0.00021771473130670653
4.36074e-05,-0.0006552157313067068
4.36075e-05,-0.0026161527613067065
4.36076e-05,-0.004655215731306707
4.36077e-05,-0.004733340731306707
4.36078e-05,-0.0026552152645037065
4.36079e-05,2.4472268693293085e-05
4.3608e-05,0.0013447852686932936
4.36081e-05,0.0006885352686932934
4.36082e-05,-0.0006552157313067068
4.36083e-05,-0.0011942777313067067
4.36084e-05,-0.0006552157313067068
4.36085e-05,-9.271473130670685e-05
4.36086e-05,-0.0006552157313067068
4.36087e-05,-0.0020536527313067066
4.36088e-05,-0.0026552152645037065
4.36089e-05,-0.0017411527313067067
4.3609e-05,-0.0006552157313067068
4.36091e-05,-0.0005067777313067065
4.36092e-05,-0.0006552157313067068
4.36093e-05,7.134726869329313e-05
4.36094e-05,0.0013447852686932936
4.36095e-05,0.0018604102686932932
4.36096e-05,0.0013447852686932936
4.36097e-05,0.0007041602686932934
4.36098e-05,0.0013447852686932936
4.36099e-05,0.002891660268693293
4.361e-05,0.0033447852686932936
4.36101e-05,0.0015010352686932937
4.36102e-05,-0.0006552157313067068
4.36103e-05,-0.0011708407313067066
4.36104e-05,-0.0006552157313067068
4.36105e-05,-0.0006083407313067068
4.36106e-05,-0.0006552157313067068
4.36107e-05,0.00021197226869329325
4.36108e-05,0.0013447852686932936
4.36109e-05,0.0016807222686932933
4.3611e-05,0.0013447852686932936
4.36111e-05,0.0006963472686932932
4.36112e-05,-0.0006552157313067068
4.36113e-05,-0.002366152731306707
4.36114e-05,-0.0026552152645037065
4.36115e-05,-0.0007724027313067068
4.36116e-05,0.0013447852686932936
4.36117e-05,0.0017744722686932933
4.36118e-05,0.0013447852686932936
4.36119e-05,0.0012979102686932935
4.3612e-05,0.0013447852686932936
4.36121e-05,0.0005010352686932932
4.36122e-05,-0.0006552157313067068
4.36123e-05,-0.0010145907313067067
4.36124e-05,-0.0006552157313067068
4.36125e-05,-0.0003505277313067068
4.36126e-05,-0.0006552157313067068
4.36127e-05,-0.0016083407313067068
4.36128e-05,-0.0026552152645037065
4.36129e-05,-0.0031239652313067067
4.3613e-05,-0.0026552152645037065
4.36131e-05,-0.0010927157313067068
4.36132e-05,0.0013447852686932936
4.36133e-05,0.0034072852686932937
4.36134e-05,0.0033447852686932936
4.36135e-05,0.0006338472686932932
4.36136e-05,-0.0026552152645037065
4.36137e-05,-0.004373965731306707
4.36138e-05,-0.004655215731306707
4.36139e-05,-0.004631777731306706
4.3614e-05,-0.004655215731306707
4.36141e-05,-0.004061465731306706
4.36142e-05,-0.0026552152645037065
4.36143e-05,-0.0006786527313067067
4.36144e-05,0.0013447852686932936
4.36145e-05,0.002336972268693293
4.36146e-05,0.0013447852686932936
4.36147e-05,-0.0011395907313067066
4.36148e-05,-0.0026552152645037065
4.36149e-05,-0.0019755277313067065
4.3615e-05,-0.0006552157313067068
4.36151e-05,-0.0008974027313067067
4.36152e-05,-0.0026552152645037065
4.36153e-05,-0.004334902731306707
4.36154e-05,-0.004655215731306707
4.36155e-05,-0.003702090731306707
4.36156e-05,-0.0026552152645037065
4.36157e-05,-0.0018192777313067068
4.36158e-05,-0.0006552157313067068
4.36159e-05,0.0008525972686932934
4.3616e-05,0.0013447852686932936
4.36161e-05,-0.00026458973130670657
4.36162e-05,-0.0026552152645037065
4.36163e-05,-0.0036474027313067067
4.36164e-05,-0.0026552152645037065
4.36165e-05,-0.0010536527313067068
4.36166e-05,-0.0006552157313067068
4.36167e-05,-0.0017802152313067068
4.36168e-05,-0.0026552152645037065
4.36169e-05,-0.0019130277313067067
4.3617e-05,-0.0006552157313067068
4.36171e-05,-0.0003036527313067068
4.36172e-05,-0.0006552157313067068
4.36173e-05,-0.0008349027313067068
4.36174e-05,-0.0006552157313067068
4.36175e-05,-0.0006239657313067068
4.36176e-05,-0.0006552157313067068
4.36177e-05,-0.0001395897313067069
4.36178e-05,0.0013447852686932936
4.36179e-05,0.0025010352686932937
4.3618e-05,0.0013447852686932936
4.36181e-05,-0.0021161527313067066
4.36182e-05,-0.004655215731306707
4.36183e-05,-0.0036161527313067067
4.36184e-05,-0.0006552157313067068
4.36185e-05,0.0007510352686932935
4.36186e-05,-0.0006552157313067068
4.36187e-05,-0.002756777731306707
4.36188e-05,-0.0026552152645037065
4.36189e-05,0.0002900972686932933
4.3619e-05,0.0033447852686932936
4.36191e-05,0.0036650972686932933
4.36192e-05,0.0013447852686932936
4.36193e-05,-0.0009442777313067067
4.36194e-05,-0.0006552157313067068
4.36195e-05,0.0017432222686932933
4.36196e-05,0.0033447852686932936
4.36197e-05,0.002555722268693293
4.36198e-05,0.0013447852686932936
4.36199e-05,0.0018213472686932934
4.362e-05,0.0033447852686932936
4.36201e-05,0.0038916602686932932
4.36202e-05,0.0033447852686932936
4.36203e-05,0.0029150972686932935
4.36204e-05,0.0033447852686932936
4.36205e-05,0.0038213472686932934
4.36206e-05,0.0033447852686932936
4.36207e-05,0.0019463472686932935
4.36208e-05,0.0013447852686932936
4.36209e-05,0.0023760352686932936
4.3621e-05,0.0033447852686932936
4.36211e-05,0.0027275972686932933
4.36212e-05,0.0013447852686932936
4.36213e-05,0.0009072852686932932
4.36214e-05,0.0013447852686932936
4.36215e-05,0.0015869722686932932
4.36216e-05,0.0013447852686932936
4.36217e-05,0.001626035268693293
4.36218e-05,0.0033447852686932936
4.36219e-05,0.005961972268693293
4.3622e-05,0.007344785268693293
4.36221e-05,0.005977597268693293
4.36222e-05,0.0033447852686932936
4.36223e-05,0.001626035268693293
4.36224e-05,0.0013447852686932936
4.36225e-05,0.0019619722686932935
4.36226e-05,0.0033447852686932936
4.36227e-05,0.004985410268693293
4.36228e-05,0.005344785268693293
4.36229e-05,0.004047910268693293
4.3623e-05,0.0033447852686932936
4.36231e-05,0.004493222268693293
4.36232e-05,0.005344785268693293
4.36233e-05,0.004274472268693293
4.36234e-05,0.0033447852686932936
4.36235e-05,0.004305722268693293
4.36236e-05,0.005344785268693293
4.36237e-05,0.004415097268693293
4.36238e-05,0.0033447852686932936
4.36239e-05,0.004110410268693293
4.3624e-05,0.005344785268693293
4.36241e-05,0.0048213472686932934
4.36242e-05,0.0033447852686932936
4.36243e-05,0.0028213472686932934
4.36244e-05,0.0033447852686932936
4.36245e-05,0.003735410268693293
4.36246e-05,0.0033447852686932936
4.36247e-05,0.002415097268693293
4.36248e-05,0.0013447852686932936
4.36249e-05,0.0008213472686932934
4.3625e-05,0.0013447852686932936
4.36251e-05,0.002626035268693293
4.36252e-05,0.0033447852686932936
4.36253e-05,0.0031416602686932934
4.36254e-05,0.0033447852686932936
4.36255e-05,0.004532285268693293
4.36256e-05,0.005344785268693293
4.36257e-05,0.004532285268693293
4.36258e-05,0.0033447852686932936
4.36259e-05,0.0031416602686932934
4.3626e-05,0.0033447852686932936
4.36261e-05,0.002555722268693293
4.36262e-05,0.0013447852686932936
4.36263e-05,0.0008760352686932931
4.36264e-05,0.0013447852686932936
4.36265e-05,0.002321347268693293
4.36266e-05,0.0033447852686932936
4.36267e-05,0.0038916602686932932
4.36268e-05,0.0033447852686932936
4.36269e-05,0.0015400972686932931
4.3627e-05,-0.0006552157313067068
4.36271e-05,-0.0016239657313067068
4.36272e-05,-0.0006552157313067068
4.36273e-05,0.001704160268693293
4.36274e-05,0.0033447852686932936
4.36275e-05,0.0029385352686932932
4.36276e-05,0.0013447852686932936
4.36277e-05,0.0004619722686932935
4.36278e-05,0.0013447852686932936
4.36279e-05,0.0034697852686932937
4.3628e-05,0.005344785268693293
4.36281e-05,0.005829160268693293
4.36282e-05,0.005344785268693293
4.36283e-05,0.004407285268693294
4.36284e-05,0.0033447852686932936
4.36285e-05,0.0021416602686932934
4.36286e-05,0.0013447852686932936
4.36287e-05,0.0012432222686932933
4.36288e-05,0.0013447852686932936
4.36289e-05,0.0011885352686932934
4.3629e-05,0.0013447852686932936
4.36291e-05,0.002290097268693293
4.36292e-05,0.0033447852686932936
4.36293e-05,0.003657285268693293
4.36294e-05,0.0033447852686932936
4.36295e-05,0.002657285268693293
4.36296e-05,0.0013447852686932936
4.36297e-05,-0.0002255277313067067
4.36298e-05,-0.0006552157313067068
4.36299e-05,0.0004697852686932932
4.363e-05,0.0013447852686932936
4.36301e-05,0.0005479102686932933
4.36302e-05,-0.0006552157313067068
4.36303e-05,-0.00034271473130670664
4.36304e-05,0.0013447852686932936
4.36305e-05,0.0029307222686932935
4.36306e-05,0.0033447852686932936
4.36307e-05,0.002610410268693293
4.36308e-05,0.0013447852686932936
4.36309e-05,0.00013384726869329318
4.3631e-05,-0.0006552157313067068
4.36311e-05,-0.0009208407313067066
4.36312e-05,-0.0006552157313067068
4.36313e-05,0.0001885352686932934
4.36314e-05,0.0013447852686932936
4.36315e-05,0.002415097268693293
4.36316e-05,0.0033447852686932936
4.36317e-05,0.0037744722686932934
4.36318e-05,0.0033447852686932936
4.36319e-05,0.0021729102686932934
4.3632e-05,0.0013447852686932936
4.36321e-05,0.001274472268693293
4.36322e-05,0.0013447852686932936
4.36323e-05,0.0005557222686932931
4.36324e-05,-0.0006552157313067068
4.36325e-05,-0.0012255277313067067
4.36326e-05,-0.0006552157313067068
4.36327e-05,0.0005400972686932931
4.36328e-05,0.0013447852686932936
4.36329e-05,0.0009385352686932932
4.3633e-05,-0.0006552157313067068
4.36331e-05,-0.002311465231306707
4.36332e-05,-0.0026552152645037065
4.36333e-05,-0.0015380277313067068
4.36334e-05,-0.0006552157313067068
4.36335e-05,-0.0012880277313067068
4.36336e-05,-0.0026552152645037065
4.36337e-05,-0.003256777731306707
4.36338e-05,-0.0026552152645037065
4.36339e-05,-0.0014755277313067067
4.3634e-05,-0.0006552157313067068
4.36341e-05,-0.00039740273130670686
4.36342e-05,-0.0006552157313067068
4.36343e-05,-0.0013817777313067066
4.36344e-05,-0.0026552152645037065
4.36345e-05,-0.004116152731306707
4.36346e-05,-0.004655215731306707
4.36347e-05,-0.003288027731306707
4.36348e-05,-0.0006552157313067068
4.36349e-05,0.0018213472686932934
4.3635e-05,0.0033447852686932936
4.36351e-05,0.003211972268693293
4.36352e-05,0.0013447852686932936
4.36353e-05,-0.0013817777313067066
4.36354e-05,-0.0026552152645037065
4.36355e-05,-0.0017567777313067068
4.36356e-05,-0.0006552157313067068
4.36357e-05,-0.0013270907313067068
4.36358e-05,-0.0026552152645037065
4.36359e-05,-0.0029911527313067066
4.3636e-05,-0.0026552152645037065
4.36361e-05,-0.0025927152613067065
4.36362e-05,-0.0026552152645037065
4.36363e-05,-0.002342715231306707
4.36364e-05,-0.0026552152645037065
4.36365e-05,-0.003936465731306706
4.36366e-05,-0.004655215731306707
4.36367e-05,-0.0037724027313067064
4.36368e-05,-0.0026552152645037065
4.36369e-05,-0.0026161527613067065
4.3637e-05,-0.0026552152645037065
4.36371e-05,-0.0016708402313067067
4.36372e-05,-0.0006552157313067068
4.36373e-05,-0.0011161527313067066
4.36374e-05,-0.0026552152645037065
4.36375e-05,-0.004006777731306707
4.36376e-05,-0.004655215731306707
4.36377e-05,-0.004811465731306707
4.36378e-05,-0.004655215731306707
4.36379e-05,-0.0039755277313067066
4.3638e-05,-0.0026552152645037065
4.36381e-05,-0.0011942777313067067
4.36382e-05,-0.0006552157313067068
4.36383e-05,-0.0014755277313067067
4.36384e-05,-0.0026552152645037065
4.36385e-05,-0.0030849027313067066
4.36386e-05,-0.0026552152645037065
4.36387e-05,-0.002288027731306707
4.36388e-05,-0.0026552152645037065
4.36389e-05,-0.003256777731306707
4.3639e-05,-0.0026552152645037065
4.36391e-05,-0.0010614657313067067
4.36392e-05,-0.0006552157313067068
4.36393e-05,-0.0026161527613067065
4.36394e-05,-0.004655215731306707
4.36395e-05,-0.004342715731306707
4.36396e-05,-0.0026552152645037065
4.36397e-05,-0.0019755277313067065
4.36398e-05,-0.0026552152645037065
4.36399e-05,-0.003733340731306707
4.364e-05,-0.004655215731306707
4.36401e-05,-0.005147402731306707
4.36402e-05,-0.004655215731306707
4.36403e-05,-0.003264590231306707
4.36404e-05,-0.0026552152645037065
4.36405e-05,-0.0035145902313067066
4.36406e-05,-0.004655215731306707
4.36407e-05,-0.0048192777313067064
4.36408e-05,-0.004655215731306707
4.36409e-05,-0.004842715731306707
4.3641e-05,-0.004655215731306707
4.36411e-05,-0.0030536527313067066
4.36412e-05,-0.0006552157313067068
4.36413e-05,0.0009385352686932932
4.36414e-05,0.0013447852686932936
4.36415e-05,0.0006182222686932932
4.36416e-05,-0.0006552157313067068
4.36417e-05,-0.0020224027313067066
4.36418e-05,-0.0026552152645037065
4.36419e-05,-0.002569277761306707
4.3642e-05,-0.0026552152645037065
4.36421e-05,-0.0035692777313067066
4.36422e-05,-0.004655215731306707
4.36423e-05,-0.0049442777313067066
4.36424e-05,-0.004655215731306707
4.36425e-05,-0.0039755277313067066
4.36426e-05,-0.0026552152645037065
4.36427e-05,-0.0010224027313067068
4.36428e-05,-0.0006552157313067068
4.36429e-05,-0.0019208402313067067
4.3643e-05,-0.0026552152645037065
4.36431e-05,-0.0015849027313067066
4.36432e-05,-0.0006552157313067068
4.36433e-05,-0.0020849027313067066
4.36434e-05,-0.004655215731306707
4.36435e-05,-0.005764590731306706
4.36436e-05,-0.004655215731306707
4.36437e-05,-0.002428652731306707
4.36438e-05,-0.0006552157313067068
4.36439e-05,-0.0001395897313067069
4.3644e-05,-0.0006552157313067068
4.36441e-05,-0.0016317777313067067
4.36442e-05,-0.0026552152645037065
4.36443e-05,-0.0031786527313067067
4.36444e-05,-0.0026552152645037065
4.36445e-05,-0.0013583407313067068
4.36446e-05,-0.0006552157313067068
4.36447e-05,-0.0015302157313067067
4.36448e-05,-0.0026552152645037065
4.36449e-05,-0.002389590231306707
4.3645e-05,-0.0006552157313067068
4.36451e-05,0.0010869722686932932
4.36452e-05,0.0013447852686932936
4.36453e-05,-0.0003349027313067068
4.36454e-05,-0.0026552152645037065
4.36455e-05,-0.0041864657313067065
4.36456e-05,-0.004655215731306707
4.36457e-05,-0.004163027731306707
4.36458e-05,-0.0026552152645037065
4.36459e-05,-0.0008583407313067068
4.3646e-05,-0.0006552157313067068
4.36461e-05,-0.0022020902313067067
4.36462e-05,-0.0026552152645037065
4.36463e-05,-0.0005067777313067065
4.36464e-05,0.0013447852686932936
4.36465e-05,0.00010259726869329315
4.36466e-05,-0.0026552152645037065
4.36467e-05,-0.003764590731306707
4.36468e-05,-0.0026552152645037065
4.36469e-05,-0.0011708407313067066
4.3647e-05,-0.0006552157313067068
4.36471e-05,-0.0008895907313067068
4.36472e-05,-0.0006552157313067068
4.36473e-05,0.00037603526869329313
4.36474e-05,0.0013447852686932936
4.36475e-05,0.0009385352686932932
4.36476e-05,-0.0006552157313067068
4.36477e-05,-0.0021474027313067067
4.36478e-05,-0.0026552152645037065
4.36479e-05,-0.0024911527313067065
4.3648e-05,-0.0026552152645037065
4.36481e-05,-0.0036083402313067067
4.36482e-05,-0.004655215731306707
4.36483e-05,-0.004459902731306707
4.36484e-05,-0.0026552152645037065
4.36485e-05,-0.00017865273130670666
4.36486e-05,0.0013447852686932936
4.36487e-05,0.0010010352686932933
4.36488e-05,-0.0006552157313067068
4.36489e-05,-0.0022645902313067068
4.3649e-05,-0.0026552152645037065
4.36491e-05,-0.0021786527313067067
4.36492e-05,-0.0026552152645037065
4.36493e-05,-0.0042489657313067065
4.36494e-05,-0.004655215731306707
4.36495e-05,-0.0026552152645037065
4.36496e-05,-0.0006552157313067068
4.36497e-05,-0.0005849027313067066
4.36498e-05,-0.0006552157313067068
4.36499e-05,0.001274472268693293
4.365e-05,0.0033447852686932936
4.36501e-05,0.0030166602686932933
4.36502e-05,0.0013447852686932936
4.36503e-05,0.0001650972686932932
4.36504e-05,-0.0006552157313067068
4.36505e-05,-0.0015224027313067068
4.36506e-05,-0.0006552157313067068
4.36507e-05,0.002508847268693293
4.36508e-05,0.005344785268693293
4.36509e-05,0.005204160268693293
4.3651e-05,0.0033447852686932936
4.36511e-05,0.0019697852686932932
4.36512e-05,0.0013447852686932936
4.36513e-05,0.0005010352686932932
4.36514e-05,-0.0006552157313067068
4.36515e-05,-0.0012020907313067067
4.36516e-05,-0.0006552157313067068
4.36517e-05,0.0005713472686932931
4.36518e-05,0.0013447852686932936
4.36519e-05,0.0013291602686932935
4.3652e-05,0.0013447852686932936
4.36521e-05,0.0022510352686932935
4.36522e-05,0.0033447852686932936
4.36523e-05,0.0036182222686932932
4.36524e-05,0.0033447852686932936
4.36525e-05,0.0031885352686932935
4.36526e-05,0.0033447852686932936
4.36527e-05,0.003383847268693293
4.36528e-05,0.0033447852686932936
4.36529e-05,0.0032354102686932935
4.3653e-05,0.0033447852686932936
4.36531e-05,0.003461972268693293
4.36532e-05,0.0033447852686932936
4.36533e-05,0.0030947852686932934
4.36534e-05,0.0033447852686932936
4.36535e-05,0.003829160268693293
4.36536e-05,0.0033447852686932936
4.36537e-05,0.0013447852686932936
4.36538e-05,-0.0006552157313067068
4.36539e-05,-0.0006552157313067068
4.3654e-05,0.0013447852686932936
4.36541e-05,0.003383847268693293
4.36542e-05,0.0033447852686932936
4.36543e-05,0.0012119722686932933
4.36544e-05,-0.0006552157313067068
4.36545e-05,-0.0003114647313067066
4.36546e-05,0.0013447852686932936
4.36547e-05,0.0021885352686932934
4.36548e-05,0.0013447852686932936
4.36549e-05,-0.0001395897313067069
4.3655e-05,-0.0006552157313067068
4.36551e-05,0.00021197226869329325
4.36552e-05,0.0013447852686932936
4.36553e-05,0.0016338472686932932
4.36554e-05,0.0013447852686932936
4.36555e-05,0.0012510352686932935
4.36556e-05,0.0013447852686932936
4.36557e-05,0.001290097268693293
4.36558e-05,0.0013447852686932936
4.36559e-05,0.0015869722686932932
4.3656e-05,0.0013447852686932936
4.36561e-05,0.0002979102686932935
4.36562e-05,-0.0006552157313067068
4.36563e-05,-0.0002958397313067066
4.36564e-05,0.0013447852686932936
4.36565e-05,0.0030244722686932936
4.36566e-05,0.0033447852686932936
4.36567e-05,0.0021885352686932934
4.36568e-05,0.0013447852686932936
4.36569e-05,0.0019775972686932935
4.3657e-05,0.0033447852686932936
4.36571e-05,0.003860410268693293
4.36572e-05,0.0033447852686932936
4.36573e-05,0.002336972268693293
4.36574e-05,0.0013447852686932936
4.36575e-05,0.0003291602686932931
4.36576e-05,-0.0006552157313067068
4.36577e-05,-0.0010927157313067068
4.36578e-05,-0.0006552157313067068
4.36579e-05,0.0005088472686932931
4.3658e-05,0.0013447852686932936
4.36581e-05,0.0013760352686932936
4.36582e-05,0.0013447852686932936
4.36583e-05,0.0021338472686932937
4.36584e-05,0.0033447852686932936
4.36585e-05,0.0039307222686932935
4.36586e-05,0.0033447852686932936
4.36587e-05,0.0020322852686932933
4.36588e-05,0.0013447852686932936
4.36589e-05,0.0014385352686932936
4.3659e-05,0.0013447852686932936
4.36591e-05,0.0007510352686932935
4.36592e-05,0.0013447852686932936
4.36593e-05,0.003688535268693293
4.36594e-05,0.005344785268693293
4.36595e-05,0.004079160268693293
4.36596e-05,0.0013447852686932936
4.36597e-05,-0.0003349027313067068
4.36598e-05,-0.0006552157313067068
4.36599e-05,-0.0006786527313067067
4.366e-05,-0.0006552157313067068
4.36601e-05,2.4472268693293085e-05
4.36602e-05,0.0013447852686932936
4.36603e-05,0.0026807222686932933
4.36604e-05,0.0033447852686932936
4.36605e-05,0.0028838472686932935
4.36606e-05,0.0013447852686932936
4.36607e-05,-0.00025677773130670673
4.36608e-05,-0.0006552157313067068
4.36609e-05,0.0002822852686932935
4.3661e-05,0.0013447852686932936
4.36611e-05,0.0015400972686932931
4.36612e-05,0.0013447852686932936
4.36613e-05,0.0018525972686932934
4.36614e-05,0.0033447852686932936
4.36615e-05,0.004415097268693293
4.36616e-05,0.0033447852686932936
4.36617e-05,0.0005557222686932931
4.36618e-05,-0.0006552157313067068
4.36619e-05,0.0012197852686932934
4.3662e-05,0.0033447852686932936
4.36621e-05,0.0029307222686932935
4.36622e-05,0.0013447852686932936
4.36623e-05,0.0010166602686932933
4.36624e-05,0.0013447852686932936
4.36625e-05,0.0006572852686932934
4.36626e-05,-0.0006552157313067068
4.36627e-05,-0.0006083407313067068
4.36628e-05,0.0013447852686932936
4.36629e-05,0.004008847268693294
4.3663e-05,0.005344785268693293
4.36631e-05,0.004547910268693293
4.36632e-05,0.0033447852686932936
4.36633e-05,0.0030791602686932934
4.36634e-05,0.0033447852686932936
4.36635e-05,0.0032197852686932935
4.36636e-05,0.0033447852686932936
4.36637e-05,0.004376035268693294
4.36638e-05,0.005344785268693293
4.36639e-05,0.004407285268693294
4.3664e-05,0.0013447852686932936
4.36641e-05,-0.0019208402313067067
4.36642e-05,-0.0026552152645037065
4.36643e-05,2.4472268693293085e-05
4.36644e-05,0.0033447852686932936
4.36645e-05,0.004961972268693294
4.36646e-05,0.005344785268693293
4.36647e-05,0.0056807222686932925
4.36648e-05,0.005344785268693293
4.36649e-05,0.003461972268693293
4.3665e-05,0.0013447852686932936
4.36651e-05,0.0011729102686932934
4.36652e-05,0.0033447852686932936
4.36653e-05,0.006032285268693293
4.36654e-05,0.007344785268693293
4.36655e-05,0.006571347268693293
4.36656e-05,0.005344785268693293
4.36657e-05,0.005047910268693293
4.36658e-05,0.005344785268693293
4.36659e-05,0.0048682222686932935
4.3666e-05,0.0033447852686932936
4.36661e-05,0.0017900972686932934
4.36662e-05,0.0013447852686932936
4.36663e-05,0.0021807222686932937
4.36664e-05,0.0033447852686932936
4.36665e-05,0.0038213472686932934
4.36666e-05,0.0033447852686932936
4.36667e-05,0.0028525972686932934
4.36668e-05,0.0033447852686932936
4.36669e-05,0.004586972268693293
4.3667e-05,0.005344785268693293
4.36671e-05,0.004696347268693293
4.36672e-05,0.0033447852686932936
4.36673e-05,0.002657285268693293
4.36674e-05,0.0033447852686932936
4.36675e-05,0.0042197852686932935
4.36676e-05,0.0033447852686932936
4.36677e-05,0.0007900972686932933
4.36678e-05,-0.0006552157313067068
4.36679e-05,0.0008604102686932931
4.3668e-05,0.0033447852686932936
4.36681e-05,0.004133847268693294
4.36682e-05,0.0033447852686932936
4.36683e-05,0.0028525972686932934
4.36684e-05,0.0033447852686932936
4.36685e-05,0.0038213472686932934
4.36686e-05,0.0033447852686932936
4.36687e-05,0.0020791602686932933
4.36688e-05,0.0013447852686932936
4.36689e-05,0.0019854102686932933
4.3669e-05,0.0033447852686932936
4.36691e-05,0.003969785268693293
4.36692e-05,0.0033447852686932936
4.36693e-05,0.0021025972686932936
4.36694e-05,0.0013447852686932936
4.36695e-05,0.0013447852686932936
4.36696e-05,0.0013447852686932936
4.36697e-05,0.0010322852686932933
4.36698e-05,0.0013447852686932936
4.36699e-05,0.002610410268693293
4.367e-05,0.0033447852686932936
4.36701e-05,0.0024541602686932937
4.36702e-05,0.0013447852686932936
4.36703e-05,0.0013447852686932936
4.36704e-05,0.0013447852686932936
4.36705e-05,0.0002979102686932935
4.36706e-05,-0.0006552157313067068
4.36707e-05,-5.365273130670655e-05
4.36708e-05,0.0013447852686932936
4.36709e-05,0.0019307222686932935
4.3671e-05,0.0013447852686932936
4.36711e-05,0.0007744722686932933
4.36712e-05,0.0013447852686932936
4.36713e-05,0.0027432222686932933
4.36714e-05,0.0033447852686932936
4.36715e-05,0.002352597268693293
4.36716e-05,0.0013447852686932936
4.36717e-05,0.0018291602686932931
4.36718e-05,0.0033447852686932936
4.36719e-05,0.004094785268693293
4.3672e-05,0.0033447852686932936
4.36721e-05,0.0018682222686932934
4.36722e-05,0.0013447852686932936
4.36723e-05,0.0017744722686932933
4.36724e-05,0.0013447852686932936
4.36725e-05,-0.0002958397313067066
4.36726e-05,-0.0006552157313067068
4.36727e-05,0.0016182222686932932
4.36728e-05,0.0033447852686932936
4.36729e-05,0.0019229102686932932
4.3673e-05,-0.0006552157313067068
4.36731e-05,-0.0008427157313067068
4.36732e-05,0.0013447852686932936
4.36733e-05,0.003274472268693293
4.36734e-05,0.0033447852686932936
4.36735e-05,0.002547910268693293
4.36736e-05,0.0033447852686932936
4.36737e-05,0.005883847268693293
4.36738e-05,0.007344785268693293
4.36739e-05,0.005219785268693293
4.3674e-05,0.0013447852686932936
4.36741e-05,-0.0009286527313067067
4.36742e-05,-0.0006552157313067068
4.36743e-05,0.0006025972686932932
4.36744e-05,0.0013447852686932936
4.36745e-05,0.001383847268693293
4.36746e-05,0.0013447852686932936
4.36747e-05,0.0020322852686932933
4.36748e-05,0.0033447852686932936
4.36749e-05,0.004211972268693293
4.3675e-05,0.0033447852686932936
4.36751e-05,0.0010322852686932933
4.36752e-05,-0.0006552157313067068
4.36753e-05,-0.0002255277313067067
4.36754e-05,0.0013447852686932936
4.36755e-05,0.002516660268693293
4.36756e-05,0.0033447852686932936
4.36757e-05,0.003938535268693293
4.36758e-05,0.0033447852686932936
4.36759e-05,0.001610410268693293
4.3676e-05,0.0013447852686932936
4.36761e-05,0.0036182222686932932
4.36762e-05,0.005344785268693293
4.36763e-05,0.003860410268693293
4.36764e-05,0.0013447852686932936
4.36765e-05,0.0006650972686932932
4.36766e-05,0.0013447852686932936
4.36767e-05,0.0014697852686932937
4.36768e-05,0.0013447852686932936
4.36769e-05,0.0021104102686932934
4.3677e-05,0.0033447852686932936
4.36771e-05,0.003766660268693293
4.36772e-05,0.0033447852686932936
4.36773e-05,0.002524472268693293
4.36774e-05,0.0013447852686932936
4.36775e-05,9.478526869329332e-05
4.36776e-05,-0.0006552157313067068
4.36777e-05,-0.0006786527313067067
4.36778e-05,-0.0006552157313067068
4.36779e-05,-0.0008895907313067068
4.3678e-05,-0.0006552157313067068
4.36781e-05,0.0008994722686932934
4.36782e-05,0.0033447852686932936
4.36783e-05,0.005274472268693294
4.36784e-05,0.005344785268693293
4.36785e-05,0.003524472268693293
4.36786e-05,0.0013447852686932936
4.36787e-05,2.4472268693293085e-05
4.36788e-05,-0.0006552157313067068
4.36789e-05,-0.0011083407313067068
4.3679e-05,-0.0006552157313067068
4.36791e-05,0.0011885352686932934
4.36792e-05,0.0033447852686932936
4.36793e-05,0.004602597268693293
4.36794e-05,0.005344785268693293
4.36795e-05,0.005852597268693293
4.36796e-05,0.005344785268693293
4.36797e-05,0.003274472268693293
4.36798e-05,0.0013447852686932936
4.36799e-05,0.0008838472686932934
4.368e-05,0.0013447852686932936
4.36801e-05,0.0013916602686932936
4.36802e-05,0.0013447852686932936
4.36803e-05,0.0015400972686932931
4.36804e-05,0.0013447852686932936
4.36805e-05,0.00032134726869329335
4.36806e-05,-0.0006552157313067068
4.36807e-05,-0.0007020907313067066
4.36808e-05,-0.0006552157313067068
4.36809e-05,-0.0014208407313067066
4.3681e-05,-0.0026552152645037065
4.36811e-05,-0.0031083402313067067
4.36812e-05,-0.0026552152645037065
4.36813e-05,-0.0015927157313067068
4.36814e-05,-0.0006552157313067068
4.36815e-05,-0.00028802773130670676
4.36816e-05,-0.0006552157313067068
4.36817e-05,-0.0011708407313067066
4.36818e-05,-0.0006552157313067068
4.36819e-05,0.0011885352686932934
4.3682e-05,0.0033447852686932936
4.36821e-05,0.0041416602686932934
4.36822e-05,0.0033447852686932936
4.36823e-05,0.0014072852686932936
4.36824e-05,-0.0006552157313067068
4.36825e-05,-0.0021708402313067067
4.36826e-05,-0.0026552152645037065
4.36827e-05,-0.0024442777313067065
4.36828e-05,-0.0026552152645037065
4.36829e-05,-0.0032177152313067068
4.3683e-05,-0.0026552152645037065
4.36831e-05,-0.0003270897313067066
4.36832e-05,0.0013447852686932936
4.36833e-05,0.0006963472686932932
4.36834e-05,-0.0006552157313067068
4.36835e-05,-0.0008505277313067066
4.36836e-05,-0.0006552157313067068
4.36837e-05,-0.0011630277313067067
4.36838e-05,-0.0006552157313067068
4.36839e-05,0.0016650972686932932
4.3684e-05,0.0033447852686932936
4.36841e-05,0.0019307222686932935
4.36842e-05,-0.0006552157313067068
4.36843e-05,-0.0020145902313067066
4.36844e-05,-0.0026552152645037065
4.36845e-05,-0.003811465731306707
4.36846e-05,-0.004655215731306707
4.36847e-05,-0.003967715731306706
4.36848e-05,-0.0026552152645037065
4.36849e-05,-0.0022020902313067067
4.3685e-05,-0.0026552152645037065
4.36851e-05,-0.0029520902313067065
4.36852e-05,-0.0026552152645037065
4.36853e-05,-0.0021864652313067067
4.36854e-05,-0.0026552152645037065
4.36855e-05,-0.004006777731306707
4.36856e-05,-0.004655215731306707
4.36857e-05,-0.003733340731306707
4.36858e-05,-0.0026552152645037065
4.36859e-05,-0.0026552152645037065
4.3686e-05,-0.0026552152645037065
4.36861e-05,-0.0016161527313067066
4.36862e-05,-0.0006552157313067068
4.36863e-05,-0.0012645907313067067
4.36864e-05,-0.0026552152645037065
4.36865e-05,-0.0032177152313067068
4.36866e-05,-0.0026552152645037065
4.36867e-05,-0.0021395902313067067
4.36868e-05,-0.0026552152645037065
4.36869e-05,-0.0039755277313067066
4.3687e-05,-0.004655215731306707
4.36871e-05,-0.0038974027313067065
4.36872e-05,-0.0026552152645037065
4.36873e-05,-0.0022567777313067068
4.36874e-05,-0.0026552152645037065
4.36875e-05,-0.0029052152313067065
4.36876e-05,-0.0026552152645037065
4.36877e-05,-0.002420840231306707
4.36878e-05,-0.0026552152645037065
4.36879e-05,-0.0035302152313067066
4.3688e-05,-0.004655215731306707
4.36881e-05,-0.0051864657313067065
4.36882e-05,-0.004655215731306707
4.36883e-05,-0.003381777731306707
4.36884e-05,-0.0026552152645037065
4.36885e-05,-0.003288027731306707
4.36886e-05,-0.004655215731306707
4.36887e-05,-0.005342715731306707
4.36888e-05,-0.004655215731306707
4.36889e-05,-0.0027489652613067067
4.3689e-05,-0.0006552157313067068
4.36891e-05,0.00026666026869329347
4.36892e-05,-0.0006552157313067068
4.36893e-05,-0.0030067777313067066
4.36894e-05,-0.004655215731306707
4.36895e-05,-0.004288027731306707
4.36896e-05,-0.0026552152645037065
4.36897e-05,-0.0012567777313067068
4.36898e-05,-0.0006552157313067068
4.36899e-05,-0.0010380277313067068
4.369e-05,-0.0026552152645037065
4.36901e-05,-0.005069277731306707
4.36902e-05,-0.006655215731306707
4.36903e-05,-0.006163027731306707
4.36904e-05,-0.004655215731306707
4.36905e-05,-0.0034833402313067066
4.36906e-05,-0.0026552152645037065
4.36907e-05,-0.0016005277313067066
4.36908e-05,-0.0006552157313067068
4.36909e-05,-0.00039740273130670686
4.3691e-05,-0.0006552157313067068
4.36911e-05,-0.0013270907313067068
4.36912e-05,-0.0026552152645037065
4.36913e-05,-0.004327090731306707
4.36914e-05,-0.004655215731306707
4.36915e-05,-0.002897402731306707
4.36916e-05,-0.0006552157313067068
4.36917e-05,5.572226869329311e-05
4.36918e-05,-0.0006552157313067068
4.36919e-05,-0.0017489652313067068
4.3692e-05,-0.0026552152645037065
4.36921e-05,-0.0031395902313067067
4.36922e-05,-0.0026552152645037065
4.36923e-05,-0.0014052157313067066
4.36924e-05,-0.0006552157313067068
4.36925e-05,-0.0013895907313067066
4.36926e-05,-0.0026552152645037065
4.36927e-05,-0.0031161527313067067
4.36928e-05,-0.0026552152645037065
4.36929e-05,-0.0021786527313067067
4.3693e-05,-0.0026552152645037065
4.36931e-05,-0.0038895907313067067
4.36932e-05,-0.004655215731306707
4.36933e-05,-0.004061465731306706
4.36934e-05,-0.0026552152645037065
4.36935e-05,-0.0013895907313067066
4.36936e-05,-0.0006552157313067068
4.36937e-05,-0.0003895897313067067
4.36938e-05,-0.0006552157313067068
4.36939e-05,-0.0016161527313067066
4.3694e-05,-0.0026552152645037065
4.36941e-05,-0.0030536527313067066
4.36942e-05,-0.0026552152645037065
4.36943e-05,-0.0017333402313067067
4.36944e-05,-0.0006552157313067068
4.36945e-05,-3.802773130670654e-05
4.36946e-05,-0.0006552157313067068
4.36947e-05,-0.0021005277313067066
4.36948e-05,-0.0026552152645037065
4.36949e-05,-0.0016083407313067068
4.3695e-05,-0.0006552157313067068
4.36951e-05,-0.0009599027313067067
4.36952e-05,-0.0006552157313067068
4.36953e-05,0.001383847268693293
4.36954e-05,0.0033447852686932936
4.36955e-05,0.0029619722686932935
4.36956e-05,0.0013447852686932936
4.36957e-05,0.00025103526869329346
4.36958e-05,-0.0006552157313067068
4.36959e-05,-0.0024911527313067065
4.3696e-05,-0.004655215731306707
4.36961e-05,-0.005514590731306707
4.36962e-05,-0.004655215731306707
4.36963e-05,-0.0026239652613067065
4.36964e-05,-0.0006552157313067068
4.36965e-05,0.0006494722686932932
4.36966e-05,0.0013447852686932936
4.36967e-05,0.001610410268693293
4.36968e-05,0.0013447852686932936
4.36969e-05,0.00041509726869329343
4.3697e-05,-0.0006552157313067068
4.36971e-05,-0.0011317777313067066
4.36972e-05,-0.0006552157313067068
4.36973e-05,-0.00016302773130670665
4.36974e-05,-0.0006552157313067068
4.36975e-05,-0.0020614652313067066
4.36976e-05,-0.0026552152645037065
4.36977e-05,-0.0011474027313067067
4.36978e-05,0.0013447852686932936
4.36979e-05,0.0025010352686932937
4.3698e-05,0.0013447852686932936
4.36981e-05,-0.0011005277313067066
4.36982e-05,-0.0026552152645037065
4.36983e-05,-0.0021474027313067067
4.36984e-05,-0.0006552157313067068
4.36985e-05,3.228526869329326e-05
4.36986e-05,-0.0006552157313067068
4.36987e-05,-0.0019052152313067067
4.36988e-05,-0.0026552152645037065
4.36989e-05,-0.0022567777313067068
4.3699e-05,-0.0006552157313067068
4.36991e-05,0.0011416602686932934
4.36992e-05,0.0013447852686932936
4.36993e-05,-0.0001395897313067069
4.36994e-05,-0.0006552157313067068
4.36995e-05,0.0007354102686932935
4.36996e-05,0.0013447852686932936
4.36997e-05,-0.0006239657313067068
4.36998e-05,-0.0026552152645037065
4.36999e-05,-0.0021239652313067067
4.37e-05,-0.0006552157313067068
4.37001e-05,-0.0010536527313067068
4.37002e-05,-0.0026552152645037065
4.37003e-05,-0.002780215231306707
4.37004e-05,-0.0006552157313067068
4.37005e-05,0.0021572852686932934
4.37006e-05,0.0033447852686932936
4.37007e-05,0.0019072852686932932
4.37008e-05,-0.0006552157313067068
4.37009e-05,-0.0024442777313067065
4.3701e-05,-0.0026552152645037065
4.37011e-05,-0.0018114652313067068
4.37012e-05,-0.0006552157313067068
4.37013e-05,0.0004619722686932935
4.37014e-05,0.0013447852686932936
4.37015e-05,0.0011650972686932932
4.37016e-05,-0.0006552157313067068
4.37017e-05,-0.003373965231306707
4.37018e-05,-0.004655215731306707
4.37019e-05,-0.0030927152313067066
4.3702e-05,-0.0006552157313067068
4.37021e-05,0.00018072226869329322
4.37022e-05,-0.0006552157313067068
4.37023e-05,-0.0018661527313067069
4.37024e-05,-0.0026552152645037065
4.37025e-05,-0.0029755277313067065
4.37026e-05,-0.0026552152645037065
4.37027e-05,-0.0016161527313067066
4.37028e-05,-0.0006552157313067068
4.37029e-05,-0.00039740273130670686
4.3703e-05,-0.0006552157313067068
4.37031e-05,-0.0013427157313067068
4.37032e-05,-0.0026552152645037065
4.37033e-05,-0.0041395907313067064
4.37034e-05,-0.004655215731306707
4.37035e-05,-0.003248965231306707
4.37036e-05,-0.0006552157313067068
4.37037e-05,0.0012979102686932935
4.37038e-05,0.0013447852686932936
4.37039e-05,8.847268693293504e-06
4.3704e-05,-0.0006552157313067068
4.37041e-05,0.0002979102686932935
4.37042e-05,0.0013447852686932936
4.37043e-05,0.0007588472686932933
4.37044e-05,-0.0006552157313067068
4.37045e-05,-0.0012880277313067068
4.37046e-05,-0.0006552157313067068
4.37047e-05,0.0004541602686932932
4.37048e-05,0.0013447852686932936
4.37049e-05,0.0016650972686932932
4.3705e-05,0.0013447852686932936
4.37051e-05,0.00048541026869329323
4.37052e-05,-0.0006552157313067068
4.37053e-05,-0.0013661527313067066
4.37054e-05,-0.0006552157313067068
4.37055e-05,0.000993222268693293
4.37056e-05,0.0013447852686932936
4.37057e-05,-0.00017865273130670666
4.37058e-05,-0.0006552157313067068
4.37059e-05,0.001493222268693293
4.3706e-05,0.0033447852686932936
4.37061e-05,0.0020479102686932933
4.37062e-05,-0.0006552157313067068
4.37063e-05,-0.0015692777313067068
4.37064e-05,-0.0006552157313067068
4.37065e-05,-5.365273130670655e-05
4.37066e-05,-0.0006552157313067068
4.37067e-05,-0.0013974027313067067
4.37068e-05,-0.0006552157313067068
4.37069e-05,0.0016025972686932932
4.3707e-05,0.0033447852686932936
4.37071e-05,0.002891660268693293
4.37072e-05,0.0013447852686932936
4.37073e-05,0.0002900972686932933
4.37074e-05,-0.0006552157313067068
4.37075e-05,-0.0020536527313067066
4.37076e-05,-0.0026552152645037065
4.37077e-05,-0.0016708402313067067
4.37078e-05,-0.0006552157313067068
4.37079e-05,-0.0007177157313067067
4.3708e-05,-0.0006552157313067068
4.37081e-05,0.0010166602686932933
4.37082e-05,0.0033447852686932936
4.37083e-05,0.0038213472686932934
4.37084e-05,0.0013447852686932936
4.37085e-05,-0.0020927152313067066
4.37086e-05,-0.0026552152645037065
4.37087e-05,0.0005010352686932932
4.37088e-05,0.0033447852686932936
4.37089e-05,0.0023447852686932936
4.3709e-05,-0.0006552157313067068
4.37091e-05,-0.0018661527313067069
4.37092e-05,-0.0006552157313067068
4.37093e-05,0.0009072852686932932
4.37094e-05,0.0013447852686932936
4.37095e-05,0.0011104102686932934
4.37096e-05,0.0013447852686932936
4.37097e-05,0.0023604102686932936
4.37098e-05,0.0033447852686932936
4.37099e-05,0.0029463472686932935
4.371e-05,0.0013447852686932936
4.37101e-05,-0.0003192777313067068
4.37102e-05,-0.0006552157313067068
4.37103e-05,0.0002979102686932935
4.37104e-05,0.0013447852686932936
4.37105e-05,0.0015400972686932931
4.37106e-05,0.0013447852686932936
4.37107e-05,0.0009619722686932935
4.37108e-05,-0.0006552157313067068
4.37109e-05,-0.003303652731306707
4.3711e-05,-0.004655215731306707
4.37111e-05,-0.0030067777313067066
4.37112e-05,-0.0006552157313067068
4.37113e-05,-0.00012396473130670688
4.37114e-05,-0.0006552157313067068
4.37115e-05,-0.00019427773130670668
4.37116e-05,0.0013447852686932936
4.37117e-05,0.0027588472686932933
4.37118e-05,0.0033447852686932936
4.37119e-05,0.0028682222686932934
4.3712e-05,0.0013447852686932936
4.37121e-05,-0.0009677157313067067
4.37122e-05,-0.0026552152645037065
4.37123e-05,-0.002561465261306707
4.37124e-05,-0.0006552157313067068
4.37125e-05,0.0018604102686932932
4.37126e-05,0.0033447852686932936
4.37127e-05,0.0029229102686932932
4.37128e-05,0.0013447852686932936
4.37129e-05,-6.927773130670657e-05
4.3713e-05,-0.0006552157313067068
4.37131e-05,-0.0006395907313067068
4.37132e-05,-0.0006552157313067068
4.37133e-05,-0.0008114657313067067
4.37134e-05,-0.0006552157313067068
4.37135e-05,0.00020416026869329341
4.37136e-05,0.0013447852686932936
4.37137e-05,0.0019307222686932935
4.37138e-05,0.0013447852686932936
4.37139e-05,0.00010259726869329315
4.3714e-05,-0.0006552157313067068
4.37141e-05,-9.271473130670685e-05
4.37142e-05,0.0013447852686932936
4.37143e-05,0.0026650972686932933
4.37144e-05,0.0033447852686932936
4.37145e-05,0.003383847268693293
4.37146e-05,0.0033447852686932936
4.37147e-05,0.003305722268693293
4.37148e-05,0.0033447852686932936
4.37149e-05,0.003305722268693293
4.3715e-05,0.0033447852686932936
4.37151e-05,0.0033135352686932936
4.37152e-05,0.0033447852686932936
4.37153e-05,0.0028525972686932934
4.37154e-05,0.0013447852686932936
4.37155e-05,-0.0004989657313067067
4.37156e-05,-0.0006552157313067068
4.37157e-05,0.0009854102686932932
4.37158e-05,0.0013447852686932936
4.37159e-05,-0.0009364657313067066
4.3716e-05,-0.0026552152645037065
4.37161e-05,-0.0010302157313067067
4.37162e-05,0.0013447852686932936
4.37163e-05,0.0011729102686932934
4.37164e-05,-0.0006552157313067068
4.37165e-05,-0.0012958407313067067
4.37166e-05,-0.0006552157313067068
4.37167e-05,-0.00026458973130670657
4.37168e-05,-0.0006552157313067068
4.37169e-05,-0.0010458407313067067
4.3717e-05,-0.0006552157313067068
4.37171e-05,0.0004541602686932932
4.37172e-05,0.0013447852686932936
4.37173e-05,0.001415097268693293
4.37174e-05,0.0013447852686932936
4.37175e-05,0.0015479102686932929
4.37176e-05,0.0013447852686932936
4.37177e-05,0.0001494722686932932
4.37178e-05,-0.0006552157313067068
4.37179e-05,2.4472268693293085e-05
4.3718e-05,0.0013447852686932936
4.37181e-05,0.0017744722686932933
4.37182e-05,0.0013447852686932936
4.37183e-05,0.0005400972686932931
4.37184e-05,-0.0006552157313067068
4.37185e-05,-0.0020614652313067066
4.37186e-05,-0.0026552152645037065
4.37187e-05,-0.0018114652313067068
4.37188e-05,-0.0006552157313067068
4.37189e-05,-0.00034271473130670664
4.3719e-05,-0.0006552157313067068
4.37191e-05,-0.0007880277313067068
4.37192e-05,-0.0006552157313067068
4.37193e-05,-0.0005458407313067067
4.37194e-05,-0.0006552157313067068
4.37195e-05,-0.0007724027313067068
4.37196e-05,-0.0006552157313067068
4.37197e-05,-0.0004599027313067069
4.37198e-05,-0.0006552157313067068
4.37199e-05,-0.0010927157313067068
4.372e-05,-0.0006552157313067068
4.37201e-05,0.0007119722686932933
4.37202e-05,0.0013447852686932936
4.37203e-05,0.00026666026869329347
4.37204e-05,-0.0006552157313067068
4.37205e-05,0.0001650972686932932
4.37206e-05,0.0013447852686932936
4.37207e-05,0.0009307222686932935
4.37208e-05,-0.0006552157313067068
4.37209e-05,-0.0018974027313067067
4.3721e-05,-0.0026552152645037065
4.37211e-05,-0.0030614652313067066
4.37212e-05,-0.0026552152645037065
4.37213e-05,-0.0008895907313067068
4.37214e-05,0.0013447852686932936
4.37215e-05,0.0028525972686932934
4.37216e-05,0.0033447852686932936
4.37217e-05,0.0032197852686932935
4.37218e-05,0.0033447852686932936
4.37219e-05,0.0036182222686932932
4.3722e-05,0.0033447852686932936
4.37221e-05,0.0021182222686932936
4.37222e-05,0.0013447852686932936
4.37223e-05,0.0014697852686932937
4.37224e-05,0.0013447852686932936
4.37225e-05,0.0001729102686932934
4.37226e-05,-0.0006552157313067068
4.37227e-05,0.00018072226869329322
4.37228e-05,0.0013447852686932936
4.37229e-05,0.0010166602686932933
4.3723e-05,-0.0006552157313067068
4.37231e-05,-0.0016552152313067067
4.37232e-05,-0.0006552157313067068
4.37233e-05,0.0017744722686932933
4.37234e-05,0.0033447852686932936
4.37235e-05,0.0027432222686932933
4.37236e-05,0.0013447852686932936
4.37237e-05,0.0008604102686932931
4.37238e-05,0.0013447852686932936
4.37239e-05,0.0015869722686932932
4.3724e-05,0.0013447852686932936
4.37241e-05,0.0011104102686932934
4.37242e-05,0.0013447852686932936
4.37243e-05,0.0016494722686932932
4.37244e-05,0.0013447852686932936
4.37245e-05,0.0003291602686932931
4.37246e-05,-0.0006552157313067068
4.37247e-05,-0.0007880277313067068
4.37248e-05,-0.0006552157313067068
4.37249e-05,-0.0007645907313067067
4.3725e-05,-0.0006552157313067068
4.37251e-05,0.00022759726869329326
4.37252e-05,0.0013447852686932936
4.37253e-05,0.002243222268693293
4.37254e-05,0.0033447852686932936
4.37255e-05,0.004696347268693293
4.37256e-05,0.005344785268693293
4.37257e-05,0.004024472268693294
4.37258e-05,0.0013447852686932936
4.37259e-05,-0.0008427157313067068
4.3726e-05,-0.0006552157313067068
4.37261e-05,0.0015557222686932931
4.37262e-05,0.0033447852686932936
4.37263e-05,0.0028994722686932935
4.37264e-05,0.0013447852686932936
4.37265e-05,0.0007275972686932933
4.37266e-05,0.0013447852686932936
4.37267e-05,0.0019385352686932932
4.37268e-05,0.0013447852686932936
4.37269e-05,-4.583973130670681e-05
4.3727e-05,-0.0006552157313067068
4.37271e-05,0.00024322226869329328
4.37272e-05,0.0013447852686932936
4.37273e-05,0.0014229102686932936
4.37274e-05,0.0013447852686932936
4.37275e-05,0.0017432222686932933
4.37276e-05,0.0013447852686932936
4.37277e-05,-0.00026458973130670657
4.37278e-05,-0.0006552157313067068
4.37279e-05,0.0014697852686932937
4.3728e-05,0.0033447852686932936
4.37281e-05,0.0020635352686932933
4.37282e-05,-0.0006552157313067068
4.37283e-05,-0.0016317777313067067
4.37284e-05,-0.0006552157313067068
4.37285e-05,0.0006572852686932934
4.37286e-05,0.0013447852686932936
4.37287e-05,0.0010713472686932931
4.37288e-05,-0.0006552157313067068
4.37289e-05,-0.002819277731306707
4.3729e-05,-0.0026552152645037065
4.37291e-05,0.0005479102686932933
4.37292e-05,0.0033447852686932936
4.37293e-05,0.0030166602686932933
4.37294e-05,0.0013447852686932936
4.37295e-05,0.0008916602686932932
4.37296e-05,0.0013447852686932936
4.37297e-05,0.0007510352686932935
4.37298e-05,-0.0006552157313067068
4.37299e-05,-0.0013583407313067068
4.373e-05,-0.0006552157313067068
4.37301e-05,0.0006494722686932932
4.37302e-05,0.0013447852686932936
4.37303e-05,0.0007666602686932935
4.37304e-05,-0.0006552157313067068
4.37305e-05,-0.0019052152313067067
4.37306e-05,-0.0026552152645037065
4.37307e-05,-0.002889590231306707
4.37308e-05,-0.0026552152645037065
4.37309e-05,-0.0018427152313067068
4.3731e-05,-0.0006552157313067068
4.37311e-05,0.0005244722686932931
4.37312e-05,0.0013447852686932936
4.37313e-05,0.0015322852686932929
4.37314e-05,0.0013447852686932936
4.37315e-05,0.0006650972686932932
4.37316e-05,-0.0006552157313067068
4.37317e-05,-0.0022177152313067067
4.37318e-05,-0.0026552152645037065
4.37319e-05,-0.0016474027313067067
4.3732e-05,-0.0006552157313067068
4.37321e-05,-0.0011474027313067067
4.37322e-05,-0.0026552152645037065
4.37323e-05,-0.003428652731306707
4.37324e-05,-0.0026552152645037065
4.37325e-05,-0.0011005277313067066
4.37326e-05,-0.0006552157313067068
4.37327e-05,-0.0018036527313067068
4.37328e-05,-0.0026552152645037065
4.37329e-05,-0.0018974027313067067
4.3733e-05,-0.0006552157313067068
4.37331e-05,-0.0004286527313067069
4.37332e-05,-0.0006552157313067068
4.37333e-05,-0.0004599027313067069
4.37334e-05,-0.0006552157313067068
4.37335e-05,-0.002342715231306707
4.37336e-05,-0.004655215731306707
4.37337e-05,-0.005678652731306707
4.37338e-05,-0.004655215731306707
4.37339e-05,-0.002373965231306707
4.3734e-05,-0.0006552157313067068
4.37341e-05,-0.0003505277313067068
4.37342e-05,-0.0006552157313067068
4.37343e-05,-0.0006395907313067068
4.37344e-05,-0.0006552157313067068
4.37345e-05,-0.0014911527313067067
4.37346e-05,-0.0026552152645037065
4.37347e-05,-0.0031630277313067067
4.37348e-05,-0.0026552152645037065
4.37349e-05,-0.0016552152313067067
4.3735e-05,-0.0006552157313067068
4.37351e-05,-0.0002958397313067066
4.37352e-05,-0.0006552157313067068
4.37353e-05,-0.0016239657313067068
4.37354e-05,-0.0026552152645037065
4.37355e-05,-0.0031005277313067067
4.37356e-05,-0.0026552152645037065
4.37357e-05,-0.0019520902313067067
4.37358e-05,-0.0026552152645037065
4.37359e-05,-0.004936465731306707
4.3736e-05,-0.006655215731306707
4.37361e-05,-0.0060927157313067064
4.37362e-05,-0.004655215731306707
4.37363e-05,-0.003702090731306707
4.37364e-05,-0.0026552152645037065
4.37365e-05,-0.0005536527313067066
4.37366e-05,0.0013447852686932936
4.37367e-05,0.0011650972686932932
4.37368e-05,-0.0006552157313067068
4.37369e-05,-0.002405215231306707
4.3737e-05,-0.0026552152645037065
4.37371e-05,-0.0016864652313067067
4.37372e-05,-0.0006552157313067068
4.37373e-05,-0.0005302157313067067
4.37374e-05,-0.0006552157313067068
4.37375e-05,-0.0005145907313067067
4.37376e-05,-0.0006552157313067068
4.37377e-05,-0.0016239657313067068
4.37378e-05,-0.0026552152645037065
4.37379e-05,-0.002811465231306707
4.3738e-05,-0.0026552152645037065
4.37381e-05,-0.002780215231306707
4.37382e-05,-0.0026552152645037065
4.37383e-05,-0.0016708402313067067
4.37384e-05,-0.0006552157313067068
4.37385e-05,-0.0004989657313067067
4.37386e-05,-0.0006552157313067068
4.37387e-05,-0.0006083407313067068
4.37388e-05,-0.0006552157313067068
4.37389e-05,-0.0009833407313067067
4.3739e-05,-0.0006552157313067068
4.37391e-05,0.0005479102686932933
4.37392e-05,0.0013447852686932936
4.37393e-05,0.00013384726869329318
4.37394e-05,-0.0026552152645037065
4.37395e-05,-0.004967715731306707
4.37396e-05,-0.004655215731306707
4.37397e-05,-0.0021708402313067067
4.37398e-05,-0.0006552157313067068
4.37399e-05,-0.0016630277313067067
4.374e-05,-0.0026552152645037065
4.37401e-05,-0.0016005277313067066
4.37402e-05,-0.0006552157313067068
4.37403e-05,-0.0021864652313067067
4.37404e-05,-0.004655215731306707
4.37405e-05,-0.005288027731306707
4.37406e-05,-0.004655215731306707
4.37407e-05,-0.004459902731306707
4.37408e-05,-0.004655215731306707
4.37409e-05,-0.004053652731306707
4.3741e-05,-0.0026552152645037065
4.37411e-05,-0.0013114657313067068
4.37412e-05,-0.0006552157313067068
4.37413e-05,-0.0005927157313067068
4.37414e-05,-0.0006552157313067068
4.37415e-05,-0.0005849027313067066
4.37416e-05,-0.0006552157313067068
4.37417e-05,-0.0014442777313067067
4.37418e-05,-0.0026552152645037065
4.37419e-05,-0.003366152731306707
4.3742e-05,-0.0026552152645037065
4.37421e-05,-0.0006552157313067068
4.37422e-05,0.0013447852686932936
4.37423e-05,0.0020166602686932933
4.37424e-05,0.0013447852686932936
4.37425e-05,0.0001650972686932932
4.37426e-05,-0.0006552157313067068
4.37427e-05,-0.0008895907313067068
4.37428e-05,-0.0006552157313067068
4.37429e-05,-0.0004755277313067065
4.3743e-05,-0.0006552157313067068
4.37431e-05,-0.0010145907313067067
4.37432e-05,-0.0006552157313067068
4.37433e-05,0.0005244722686932931
4.37434e-05,0.0013447852686932936
4.37435e-05,0.0007432222686932933
4.37436e-05,-0.0006552157313067068
4.37437e-05,-0.0018192777313067068
4.37438e-05,-0.0026552152645037065
4.37439e-05,-0.0031005277313067067
4.3744e-05,-0.0026552152645037065
4.37441e-05,-0.0013661527313067066
4.37442e-05,-0.0006552157313067068
4.37443e-05,-0.0014286527313067067
4.37444e-05,-0.0026552152645037065
4.37445e-05,-0.0024755277313067065
4.37446e-05,-0.0006552157313067068
4.37447e-05,0.0012979102686932935
4.37448e-05,0.0013447852686932936
4.37449e-05,-0.0007333407313067067
4.3745e-05,-0.0026552152645037065
4.37451e-05,-0.0024520902313067065
4.37452e-05,-0.0006552157313067068
4.37453e-05,0.0008369722686932934
4.37454e-05,0.0013447852686932936
4.37455e-05,0.0013291602686932935
4.37456e-05,0.0013447852686932936
4.37457e-05,0.0013291602686932935
4.37458e-05,0.0013447852686932936
4.37459e-05,0.0008682222686932934
4.3746e-05,-0.0006552157313067068
4.37461e-05,-0.0025302152313067066
4.37462e-05,-0.0026552152645037065
4.37463e-05,-0.0005067777313067065
4.37464e-05,0.0013447852686932936
4.37465e-05,0.0009229102686932932
4.37466e-05,-0.0006552157313067068
4.37467e-05,-0.0011474027313067067
4.37468e-05,-0.0006552157313067068
4.37469e-05,-0.00037396473130670667
4.3747e-05,-0.0006552157313067068
4.37471e-05,-0.00039740273130670686
4.37472e-05,0.0013447852686932936
4.37473e-05,0.003860410268693293
4.37474e-05,0.005344785268693293
4.37475e-05,0.004688535268693293
4.37476e-05,0.0033447852686932936
4.37477e-05,0.0029385352686932932
4.37478e-05,0.0033447852686932936
4.37479e-05,0.0029932222686932936
4.3748e-05,0.0013447852686932936
4.37481e-05,-0.00048334073130670667
4.37482e-05,-0.0006552157313067068
4.37483e-05,0.0012588472686932929
4.37484e-05,0.0033447852686932936
4.37485e-05,0.003860410268693293
4.37486e-05,0.0033447852686932936
4.37487e-05,0.0031338472686932937
4.37488e-05,0.0033447852686932936
4.37489e-05,0.0033760352686932936
4.3749e-05,0.0033447852686932936
4.37491e-05,0.0034385352686932937
4.37492e-05,0.0033447852686932936
4.37493e-05,0.0025010352686932937
4.37494e-05,0.0013447852686932936
4.37495e-05,0.0007744722686932933
4.37496e-05,0.0013447852686932936
4.37497e-05,0.002688535268693293
4.37498e-05,0.0033447852686932936
4.37499e-05,0.002516660268693293
4.375e-05,0.0013447852686932936
4.37501e-05,0.0010947852686932933
4.37502e-05,0.0013447852686932936
4.37503e-05,0.0018525972686932934
4.37504e-05,0.0033447852686932936
4.37505e-05,0.005352597268693294
4.37506e-05,0.005344785268693293
4.37507e-05,0.002258847268693293
4.37508e-05,-0.0006552157313067068
4.37509e-05,-6.7777313067065095e-06
4.3751e-05,0.0033447852686932936
4.37511e-05,0.005860410268693293
4.37512e-05,0.005344785268693293
4.37513e-05,0.0027744722686932934
4.37514e-05,0.0013447852686932936
4.37515e-05,0.002321347268693293
4.37516e-05,0.0033447852686932936
4.37517e-05,0.002477597268693293
4.37518e-05,0.0013447852686932936
4.37519e-05,0.0020244722686932936
4.3752e-05,0.0033447852686932936
4.37521e-05,0.0034541602686932937
4.37522e-05,0.0033447852686932936
4.37523e-05,0.004383847268693293
4.37524e-05,0.005344785268693293
4.37525e-05,0.004688535268693293
4.37526e-05,0.0033447852686932936
4.37527e-05,0.0028369722686932934
4.37528e-05,0.0033447852686932936
4.37529e-05,0.0037432222686932934
4.3753e-05,0.0033447852686932936
4.37531e-05,0.002672910268693293
4.37532e-05,0.0033447852686932936
4.37533e-05,0.005055722268693294
4.37534e-05,0.005344785268693293
4.37535e-05,0.0031338472686932937
4.37536e-05,0.0013447852686932936
4.37537e-05,0.002211972268693293
4.37538e-05,0.0033447852686932936
4.37539e-05,0.0019385352686932932
4.3754e-05,-0.0006552157313067068
4.37541e-05,-0.0014286527313067067
4.37542e-05,-0.0006552157313067068
4.37543e-05,0.0003682222686932934
4.37544e-05,0.0013447852686932936
4.37545e-05,0.002602597268693293
4.37546e-05,0.0033447852686932936
4.37547e-05,0.0031807222686932937
4.37548e-05,0.0033447852686932936
4.37549e-05,0.0048994722686932935
4.3755e-05,0.007344785268693293
4.37551e-05,0.008508847268693293
4.37552e-05,0.007344785268693293
4.37553e-05,0.004110410268693293
4.37554e-05,0.0013447852686932936
4.37555e-05,0.0006572852686932934
4.37556e-05,0.0013447852686932936
4.37557e-05,0.0017900972686932934
4.37558e-05,0.0013447852686932936
4.37559e-05,0.0003838472686932934
4.3756e-05,-0.0006552157313067068
4.37561e-05,-0.0011864657313067066
4.37562e-05,-0.0006552157313067068
4.37563e-05,0.0012510352686932935
4.37564e-05,0.0033447852686932936
4.37565e-05,0.004211972268693293
4.37566e-05,0.0033447852686932936
4.37567e-05,0.0012197852686932934
4.37568e-05,-0.0006552157313067068
4.37569e-05,-0.0012099027313067067
4.3757e-05,-0.0006552157313067068
4.37571e-05,0.0003135352686932931
4.37572e-05,0.0013447852686932936
4.37573e-05,0.0019619722686932935
4.37574e-05,0.0013447852686932936
4.37575e-05,-0.0001864647313067065
4.37576e-05,-0.0006552157313067068
4.37577e-05,0.0005947852686932933
4.37578e-05,0.0013447852686932936
4.37579e-05,0.0001885352686932934
4.3758e-05,-0.0006552157313067068
4.37581e-05,0.0008916602686932932
4.37582e-05,0.0033447852686932936
4.37583e-05,0.0036494722686932933
4.37584e-05,0.0013447852686932936
4.37585e-05,-0.0014989657313067067
4.37586e-05,-0.0026552152645037065
4.37587e-05,-0.0017802152313067068
4.37588e-05,-0.0006552157313067068
4.37589e-05,-0.0005614657313067067
4.3759e-05,-0.0006552157313067068
4.37591e-05,0.00021197226869329325
4.37592e-05,0.0013447852686932936
4.37593e-05,0.0016025972686932932
4.37594e-05,0.0013447852686932936
4.37595e-05,0.001415097268693293
4.37596e-05,0.0013447852686932936
4.37597e-05,0.00043072226869329345
4.37598e-05,-0.0006552157313067068
4.37599e-05,-0.0010067777313067067
4.376e-05,-0.0006552157313067068
4.37601e-05,0.00010259726869329315
4.37602e-05,0.0013447852686932936
4.37603e-05,0.0027744722686932934
4.37604e-05,0.0033447852686932936
4.37605e-05,0.002461972268693293
4.37606e-05,0.0013447852686932936
4.37607e-05,0.0010010352686932933
4.37608e-05,0.0013447852686932936
4.37609e-05,0.0014697852686932937
4.3761e-05,0.0013447852686932936
4.37611e-05,0.0012510352686932935
4.37612e-05,0.0013447852686932936
4.37613e-05,0.0009307222686932935
4.37614e-05,-0.0006552157313067068
4.37615e-05,-0.0030145902313067066
4.37616e-05,-0.004655215731306707
4.37617e-05,-0.0042177157313067065
4.37618e-05,-0.0026552152645037065
4.37619e-05,-0.0012958407313067067
4.3762e-05,-0.0006552157313067068
4.37621e-05,-0.00039740273130670686
4.37622e-05,-0.0006552157313067068
4.37623e-05,-0.0010692777313067068
4.37624e-05,-0.0006552157313067068
4.37625e-05,0.0006729102686932934
4.37626e-05,0.0013447852686932936
4.37627e-05,0.0003135352686932931
4.37628e-05,-0.0006552157313067068
4.37629e-05,-9.271473130670685e-05
4.3763e-05,0.0013447852686932936
4.37631e-05,0.0019619722686932935
4.37632e-05,0.0013447852686932936
4.37633e-05,0.00021978526869329343
4.37634e-05,-0.0006552157313067068
4.37635e-05,-0.0014208407313067066
4.37636e-05,-0.0026552152645037065
4.37637e-05,-0.0036786527313067067
4.37638e-05,-0.0026552152645037065
4.37639e-05,0.0006650972686932932
4.3764e-05,0.0033447852686932936
4.37641e-05,0.0030010352686932933
4.37642e-05,0.0013447852686932936
4.37643e-05,0.0008838472686932934
4.37644e-05,0.0013447852686932936
4.37645e-05,0.0009072852686932932
4.37646e-05,-0.0006552157313067068
4.37647e-05,-0.0022255277313067067
4.37648e-05,-0.0026552152645037065
4.37649e-05,-0.0019286527313067067
4.3765e-05,-0.0006552157313067068
4.37651e-05,0.0004932222686932935
4.37652e-05,0.0013447852686932936
4.37653e-05,0.001797910268693293
4.37654e-05,0.0013447852686932936
4.37655e-05,-0.0003895897313067067
4.37656e-05,-0.0026552152645037065
4.37657e-05,-0.004280215731306707
4.37658e-05,-0.004655215731306707
4.37659e-05,-0.0038192777313067064
4.3766e-05,-0.0026552152645037065
4.37661e-05,-0.0015536527313067068
4.37662e-05,-0.0006552157313067068
4.37663e-05,-0.0001161527313067066
4.37664e-05,-0.0006552157313067068
4.37665e-05,-0.0020536527313067066
4.37666e-05,-0.0026552152645037065
4.37667e-05,-0.0012020907313067067
4.37668e-05,0.0013447852686932936
4.37669e-05,0.0030244722686932936
4.3767e-05,0.0033447852686932936
4.37671e-05,0.002532285268693293
4.37672e-05,0.0013447852686932936
4.37673e-05,0.0001650972686932932
4.37674e-05,-0.0006552157313067068
4.37675e-05,-0.0009911527313067067
4.37676e-05,-0.0006552157313067068
4.37677e-05,-0.0002802147313067066
4.37678e-05,-0.0006552157313067068
4.37679e-05,-0.0013974027313067067
4.3768e-05,-0.0006552157313067068
4.37681e-05,0.0018838472686932934
4.37682e-05,0.0033447852686932936
4.37683e-05,0.0013291602686932935
4.37684e-05,-0.0026552152645037065
4.37685e-05,-0.005100527731306707
4.37686e-05,-0.004655215731306707
4.37687e-05,-0.002405215231306707
4.37688e-05,-0.0006552157313067068
4.37689e-05,-0.00039740273130670686
4.3769e-05,-0.0006552157313067068
4.37691e-05,-7.708973130670684e-05
4.37692e-05,0.0013447852686932936
4.37693e-05,0.002688535268693293
4.37694e-05,0.0033447852686932936
4.37695e-05,0.0029150972686932935
4.37696e-05,0.0013447852686932936
4.37697e-05,-0.0010145907313067067
4.37698e-05,-0.0026552152645037065
4.37699e-05,-0.0024442777313067065
4.377e-05,-0.0006552157313067068
4.37701e-05,0.0011807222686932932
4.37702e-05,0.0013447852686932936
4.37703e-05,-3.0214731306706794e-05
4.37704e-05,-0.0006552157313067068
4.37705e-05,0.0004932222686932935
4.37706e-05,0.0013447852686932936
4.37707e-05,0.0003838472686932934
4.37708e-05,-0.0006552157313067068
4.37709e-05,0.00010259726869329315
4.3771e-05,0.0013447852686932936
4.37711e-05,0.0008604102686932931
4.37712e-05,-0.0006552157313067068
4.37713e-05,-0.0012880277313067068
4.37714e-05,-0.0006552157313067068
4.37715e-05,0.0004541602686932932
4.37716e-05,0.0013447852686932936
4.37717e-05,0.0015635352686932929
4.37718e-05,0.0013447852686932936
4.37719e-05,0.0006104102686932933
4.3772e-05,-0.0006552157313067068
4.37721e-05,-0.0016239657313067068
4.37722e-05,-0.0006552157313067068
4.37723e-05,0.001610410268693293
4.37724e-05,0.0013447852686932936
4.37725e-05,-0.002827090231306707
4.37726e-05,-0.006655215731306707
4.37727e-05,-0.0059286527313067066
4.37728e-05,-0.0026552152645037065
4.37729e-05,-0.0007567777313067067
4.3773e-05,-0.0006552157313067068
4.37731e-05,-0.0002255277313067067
4.37732e-05,0.0013447852686932936
4.37733e-05,0.002876035268693293
4.37734e-05,0.0033447852686932936
4.37735e-05,0.0020635352686932933
4.37736e-05,-0.0006552157313067068
4.37737e-05,-0.0035614652313067066
4.37738e-05,-0.004655215731306707
4.37739e-05,-0.0037255277313067068
4.3774e-05,-0.0026552152645037065
4.37741e-05,-0.0026552152645037065
4.37742e-05,-0.0026552152645037065
4.37743e-05,-0.0015614657313067068
4.37744e-05,-0.0006552157313067068
4.37745e-05,-0.0012724027313067068
4.37746e-05,-0.0026552152645037065
4.37747e-05,-0.0030927152313067066
4.37748e-05,-0.0026552152645037065
4.37749e-05,-0.002342715231306707
4.3775e-05,-0.0026552152645037065
4.37751e-05,-0.0030536527313067066
4.37752e-05,-0.0026552152645037065
4.37753e-05,-0.0014989657313067067
4.37754e-05,-0.0006552157313067068
4.37755e-05,-0.0007020907313067066
4.37756e-05,-0.0006552157313067068
4.37757e-05,0.0003291602686932931
4.37758e-05,0.0013447852686932936
4.37759e-05,0.0009385352686932932
4.3776e-05,-0.0006552157313067068
4.37761e-05,-0.0021708402313067067
4.37762e-05,-0.0026552152645037065
4.37763e-05,-0.0020380277313067066
4.37764e-05,-0.0006552157313067068
4.37765e-05,0.0007432222686932933
4.37766e-05,0.0013447852686932936
4.37767e-05,0.0011650972686932932
4.37768e-05,0.0013447852686932936
4.37769e-05,0.0018916602686932932
4.3777e-05,0.0013447852686932936
4.37771e-05,-0.0009599027313067067
4.37772e-05,-0.0026552152645037065
4.37773e-05,-0.0020849027313067066
4.37774e-05,-0.0006552157313067068
4.37775e-05,-0.0003192777313067068
4.37776e-05,-0.0006552157313067068
4.37777e-05,-0.0005145907313067067
4.37778e-05,-0.0006552157313067068
4.37779e-05,-0.0022567777313067068
4.3778e-05,-0.004655215731306707
4.37781e-05,-0.005764590731306706
4.37782e-05,-0.004655215731306707
4.37783e-05,-0.0017333402313067067
4.37784e-05,0.0013447852686932936
4.37785e-05,0.002610410268693293
4.37786e-05,0.0013447852686932936
4.37787e-05,-0.0012802157313067067
4.37788e-05,-0.0026552152645037065
4.37789e-05,-0.0018114652313067068
4.3779e-05,-0.0006552157313067068
4.37791e-05,-0.0011630277313067067
4.37792e-05,-0.0026552152645037065
4.37793e-05,-0.003342715231306707
4.37794e-05,-0.0026552152645037065
4.37795e-05,-0.0013974027313067067
4.37796e-05,-0.0006552157313067068
4.37797e-05,-0.0005380277313067065
4.37798e-05,-0.0006552157313067068
4.37799e-05,-0.0006239657313067068
4.378e-05,-0.0006552157313067068
4.37801e-05,-0.0009599027313067067
4.37802e-05,-0.0006552157313067068
4.37803e-05,0.0005010352686932932
4.37804e-05,0.0013447852686932936
4.37805e-05,0.0011338472686932932
4.37806e-05,0.0013447852686932936
4.37807e-05,0.0021104102686932934
4.37808e-05,0.0013447852686932936
4.37809e-05,-0.0019052152313067067
4.3781e-05,-0.004655215731306707
4.37811e-05,-0.003741152731306707
4.37812e-05,-0.0006552157313067068
4.37813e-05,0.0009385352686932932
4.37814e-05,-0.0006552157313067068
4.37815e-05,-0.0036474027313067067
4.37816e-05,-0.004655215731306707
4.37817e-05,-0.0021864652313067067
4.37818e-05,0.0013447852686932936
4.37819e-05,0.0031494722686932937
4.3782e-05,0.0033447852686932936
4.37821e-05,0.0028057222686932934
4.37822e-05,0.0013447852686932936
4.37823e-05,-0.0012567777313067068
4.37824e-05,-0.0026552152645037065
4.37825e-05,-0.0016708402313067067
4.37826e-05,-0.0006552157313067068
4.37827e-05,-0.0015849027313067066
4.37828e-05,-0.0026552152645037065
4.37829e-05,-0.0018427152313067068
4.3783e-05,-0.0006552157313067068
4.37831e-05,-0.0011083407313067068
4.37832e-05,-0.0026552152645037065
4.37833e-05,-0.0032099027313067068
4.37834e-05,-0.0026552152645037065
4.37835e-05,-0.0017020902313067067
4.37836e-05,-0.0006552157313067068
4.37837e-05,0.0005010352686932932
4.37838e-05,0.0013447852686932936
4.37839e-05,0.001493222268693293
4.3784e-05,0.0013447852686932936
4.37841e-05,0.0012275972686932933
4.37842e-05,0.0013447852686932936
4.37843e-05,0.0013916602686932936
4.37844e-05,0.0013447852686932936
4.37845e-05,0.0011182222686932932
4.37846e-05,0.0013447852686932936
4.37847e-05,0.0016650972686932932
4.37848e-05,0.0013447852686932936
4.37849e-05,0.00013384726869329318
4.3785e-05,-0.0006552157313067068
4.37851e-05,-0.0004286527313067069
4.37852e-05,-0.0006552157313067068
4.37853e-05,-0.0024599027313067065
4.37854e-05,-0.004655215731306707
4.37855e-05,-0.005295840731306707
4.37856e-05,-0.004655215731306707
4.37857e-05,-0.0036239652313067067
4.37858e-05,-0.0026552152645037065
4.37859e-05,-0.0015380277313067068
4.3786e-05,-0.0006552157313067068
4.37861e-05,-0.00039740273130670686
4.37862e-05,-0.0006552157313067068
4.37863e-05,-0.0009364657313067066
4.37864e-05,-0.0006552157313067068
4.37865e-05,-0.00024896473130670655
4.37866e-05,-0.0006552157313067068
4.37867e-05,-0.0020536527313067066
4.37868e-05,-0.0026552152645037065
4.37869e-05,-0.0016552152313067067
4.3787e-05,-0.0006552157313067068
4.37871e-05,-0.0012645907313067067
4.37872e-05,-0.0026552152645037065
4.37873e-05,-0.0030692777313067066
4.37874e-05,-0.0026552152645037065
4.37875e-05,-0.0024520902313067065
4.37876e-05,-0.0026552152645037065
4.37877e-05,-0.002772402731306707
4.37878e-05,-0.0026552152645037065
4.37879e-05,-0.0020692777313067066
4.3788e-05,-0.0006552157313067068
4.37881e-05,0.0010166602686932933
4.37882e-05,0.0013447852686932936
4.37883e-05,-0.0004208397313067067
4.37884e-05,-0.0026552152645037065
4.37885e-05,-0.0035224027313067066
4.37886e-05,-0.0026552152645037065
4.37887e-05,-0.0012880277313067068
4.37888e-05,-0.0006552157313067068
4.37889e-05,-0.0008192777313067068
4.3789e-05,-0.0006552157313067068
4.37891e-05,-7.708973130670684e-05
4.37892e-05,-0.0006552157313067068
4.37893e-05,-0.002897402731306707
4.37894e-05,-0.004655215731306707
4.37895e-05,-0.004014590731306706
4.37896e-05,-0.0026552152645037065
4.37897e-05,-0.0025302152313067066
4.37898e-05,-0.0026552152645037065
4.37899e-05,-0.0016552152313067067
4.379e-05,-0.0006552157313067068
4.37901e-05,-0.0007567777313067067
4.37902e-05,-0.0006552157313067068
4.37903e-05,0.0006572852686932934
4.37904e-05,0.0013447852686932936
4.37905e-05,-0.0003036527313067068
4.37906e-05,-0.0026552152645037065
4.37907e-05,-0.003444277731306707
4.37908e-05,-0.0026552152645037065
4.37909e-05,-0.0016083407313067068
4.3791e-05,-0.0006552157313067068
4.37911e-05,0.0003525972686932934
4.37912e-05,0.0013447852686932936
4.37913e-05,0.001688535268693293
4.37914e-05,0.0013447852686932936
4.37915e-05,0.00044634726869329346
4.37916e-05,-0.0006552157313067068
4.37917e-05,-0.0017020902313067067
4.37918e-05,-0.0026552152645037065
4.37919e-05,-0.0036161527313067067
4.3792e-05,-0.004655215731306707
4.37921e-05,-0.005241152731306707
4.37922e-05,-0.004655215731306707
4.37923e-05,-0.0027333402613067066
4.37924e-05,-0.0006552157313067068
4.37925e-05,0.0007119722686932933
4.37926e-05,0.0013447852686932936
4.37927e-05,0.0016025972686932932
4.37928e-05,0.0013447852686932936
4.37929e-05,-9.271473130670685e-05
4.3793e-05,-0.0026552152645037065
4.37931e-05,-0.0049442777313067066
4.37932e-05,-0.004655215731306707
4.37933e-05,-0.0016083407313067068
4.37934e-05,0.0013447852686932936
4.37935e-05,0.0019229102686932932
4.37936e-05,0.0013447852686932936
4.37937e-05,0.0013604102686932936
4.37938e-05,0.0013447852686932936
4.37939e-05,-0.00021771473130670653
4.3794e-05,-0.0026552152645037065
4.37941e-05,-0.0038349027313067064
4.37942e-05,-0.0026552152645037065
4.37943e-05,-0.00014740273130670663
4.37944e-05,0.0013447852686932936
4.37945e-05,0.0007275972686932933
4.37946e-05,-0.0006552157313067068
4.37947e-05,-0.0009911527313067067
4.37948e-05,-0.0006552157313067068
4.37949e-05,-0.0006395907313067068
4.3795e-05,-0.0006552157313067068
4.37951e-05,0.00011041026869329333
4.37952e-05,0.0013447852686932936
4.37953e-05,0.0022979102686932935
4.37954e-05,0.0033447852686932936
4.37955e-05,0.004102597268693294
4.37956e-05,0.0033447852686932936
4.37957e-05,0.0009697852686932932
4.37958e-05,-0.0006552157313067068
4.37959e-05,2.4472268693293085e-05
4.3796e-05,0.0013447852686932936
4.37961e-05,0.001024472268693293
4.37962e-05,-0.0006552157313067068
4.37963e-05,-0.0016474027313067067
4.37964e-05,-0.0006552157313067068
4.37965e-05,0.001657285268693293
4.37966e-05,0.0033447852686932936
4.37967e-05,0.003532285268693293
4.37968e-05,0.0033447852686932936
4.37969e-05,0.003532285268693293
4.3797e-05,0.0033447852686932936
4.37971e-05,0.001657285268693293
4.37972e-05,-0.0006552157313067068
4.37973e-05,-0.0016474027313067067
4.37974e-05,-0.0006552157313067068
4.37975e-05,0.000993222268693293
4.37976e-05,0.0013447852686932936
4.37977e-05,7.134726869329313e-05
4.37978e-05,-0.0006552157313067068
4.37979e-05,0.0008838472686932934
4.3798e-05,0.0033447852686932936
4.37981e-05,0.004297910268693294
4.37982e-05,0.0033447852686932936
4.37983e-05,0.001383847268693293
4.37984e-05,-0.0006552157313067068
4.37985e-05,-0.0021864652313067067
4.37986e-05,-0.0026552152645037065
4.37987e-05,-0.0018114652313067068
4.37988e-05,-0.0006552157313067068
4.37989e-05,-0.00017865273130670666
4.3799e-05,-0.0006552157313067068
4.37991e-05,-0.0011864657313067066
4.37992e-05,-0.0006552157313067068
4.37993e-05,0.0012979102686932935
4.37994e-05,0.0033447852686932936
4.37995e-05,0.004055722268693294
4.37996e-05,0.0033447852686932936
4.37997e-05,0.0020557222686932936
4.37998e-05,0.0013447852686932936
4.37999e-05,0.001274472268693293
4.38e-05,0.0013447852686932936
4.38001e-05,0.0011650972686932932
4.38002e-05,0.0013447852686932936
4.38003e-05,0.0022197852686932935
4.38004e-05,0.0033447852686932936
4.38005e-05,0.003797910268693293
4.38006e-05,0.0033447852686932936
4.38007e-05,0.002305722268693293
4.38008e-05,0.0013447852686932936
4.38009e-05,0.0005400972686932931
4.3801e-05,-0.0006552157313067068
4.38011e-05,-0.0015458407313067067
4.38012e-05,-0.0006552157313067068
4.38013e-05,0.0019854102686932933
4.38014e-05,0.0033447852686932936
4.38015e-05,0.001626035268693293
4.38016e-05,-0.0006552157313067068
4.38017e-05,-1.458973130670678e-05
4.38018e-05,0.0033447852686932936
4.38019e-05,0.006532285268693294
4.3802e-05,0.007344785268693293
4.38021e-05,0.005618222268693294
4.38022e-05,0.0033447852686932936
4.38023e-05,0.0018994722686932934
4.38024e-05,0.0013447852686932936
4.38025e-05,0.0011182222686932932
4.38026e-05,0.0013447852686932936
4.38027e-05,0.002243222268693293
4.38028e-05,0.0033447852686932936
4.38029e-05,0.003688535268693293
4.3803e-05,0.0033447852686932936
4.38031e-05,0.0030791602686932934
4.38032e-05,0.0033447852686932936
4.38033e-05,0.0037744722686932934
4.38034e-05,0.0033447852686932936
4.38035e-05,0.001477597268693293
4.38036e-05,-0.0006552157313067068
4.38037e-05,-0.0014599027313067067
4.38038e-05,-0.0006552157313067068
4.38039e-05,0.0012197852686932934
4.3804e-05,0.0033447852686932936
4.38041e-05,0.004493222268693293
4.38042e-05,0.0033447852686932936
4.38043e-05,0.0005713472686932931
4.38044e-05,-0.0006552157313067068
4.38045e-05,0.0012197852686932934
4.38046e-05,0.0033447852686932936
4.38047e-05,0.0029150972686932935
4.38048e-05,0.0013447852686932936
4.38049e-05,0.0009072852686932932
4.3805e-05,0.0013447852686932936
4.38051e-05,0.0012979102686932935
4.38052e-05,0.0013447852686932936
4.38053e-05,0.002352597268693293
4.38054e-05,0.0033447852686932936
4.38055e-05,0.0028838472686932935
4.38056e-05,0.0013447852686932936
4.38057e-05,-3.0214731306706794e-05
4.38058e-05,-0.0006552157313067068
4.38059e-05,-0.0006942777313067067
4.3806e-05,-0.0006552157313067068
4.38061e-05,-0.0006942777313067067
4.38062e-05,-0.0006552157313067068
4.38063e-05,-3.0214731306706794e-05
4.38064e-05,0.0013447852686932936
4.38065e-05,0.0028838472686932935
4.38066e-05,0.0033447852686932936
4.38067e-05,0.0023135352686932936
4.38068e-05,0.0013447852686932936
4.38069e-05,0.001305722268693293
4.3807e-05,0.0013447852686932936
4.38071e-05,0.0008604102686932931
4.38072e-05,0.0013447852686932936
4.38073e-05,0.0030947852686932934
4.38074e-05,0.0033447852686932936
4.38075e-05,0.00041509726869329343
4.38076e-05,-0.0026552152645037065
4.38077e-05,-0.002569277761306707
4.38078e-05,-0.0006552157313067068
4.38079e-05,0.0006260352686932934
4.3808e-05,0.0013447852686932936
4.38081e-05,0.0025010352686932937
4.38082e-05,0.0033447852686932936
4.38083e-05,0.0026494722686932932
4.38084e-05,0.0013447852686932936
4.38085e-05,0.0009385352686932932
4.38086e-05,0.0013447852686932936
4.38087e-05,0.0015244722686932931
4.38088e-05,0.0013447852686932936
4.38089e-05,0.0006650972686932932
4.3809e-05,-0.0006552157313067068
4.38091e-05,-0.0017411527313067067
4.38092e-05,-0.0006552157313067068
4.38093e-05,0.0022979102686932935
4.38094e-05,0.0033447852686932936
4.38095e-05,0.0005400972686932931
4.38096e-05,-0.0026552152645037065
4.38097e-05,-0.0025849027613067065
4.38098e-05,-0.0006552157313067068
4.38099e-05,-6.7777313067065095e-06
4.381e-05,-0.0006552157313067068
4.38101e-05,-0.0009286527313067067
4.38102e-05,-0.0006552157313067068
4.38103e-05,-0.0006005277313067066
4.38104e-05,-0.0006552157313067068
4.38105e-05,-0.0004989657313067067
4.38106e-05,-0.0006552157313067068
4.38107e-05,-0.0016083407313067068
4.38108e-05,-0.0026552152645037065
4.38109e-05,-0.0030145902313067066
4.3811e-05,-0.0026552152645037065
4.38111e-05,-0.0018192777313067068
4.38112e-05,-0.0006552157313067068
4.38113e-05,0.0001650972686932932
4.38114e-05,-0.0006552157313067068
4.38115e-05,-0.0030614652313067066
4.38116e-05,-0.004655215731306707
4.38117e-05,-0.0038974027313067065
4.38118e-05,-0.0026552152645037065
4.38119e-05,-0.0025849027613067065
4.3812e-05,-0.0026552152645037065
4.38121e-05,-0.0015849027313067066
4.38122e-05,-0.0006552157313067068
4.38123e-05,-0.0013895907313067066
4.38124e-05,-0.0026552152645037065
4.38125e-05,-0.0024755277313067065
4.38126e-05,-0.0006552157313067068
4.38127e-05,0.0011025972686932932
4.38128e-05,0.0013447852686932936
4.38129e-05,0.00013384726869329318
4.3813e-05,-0.0006552157313067068
4.38131e-05,-0.0004208397313067067
4.38132e-05,-0.0006552157313067068
4.38133e-05,-0.0026083402613067065
4.38134e-05,-0.004655215731306707
4.38135e-05,-0.004569277731306706
4.38136e-05,-0.0026552152645037065
4.38137e-05,-0.0008739657313067068
4.38138e-05,-0.0006552157313067068
4.38139e-05,-0.0017020902313067067
4.3814e-05,-0.0026552152645037065
4.38141e-05,-0.0026786527613067066
4.38142e-05,-0.0026552152645037065
4.38143e-05,-0.0029755277313067065
4.38144e-05,-0.0026552152645037065
4.38145e-05,-0.0012880277313067068
4.38146e-05,-0.0006552157313067068
4.38147e-05,-0.0017880277313067068
4.38148e-05,-0.0026552152645037065
4.38149e-05,-0.0012489657313067067
4.3815e-05,0.0013447852686932936
4.38151e-05,0.0024229102686932937
4.38152e-05,0.0013447852686932936
4.38153e-05,-0.00045209073130670664
4.38154e-05,-0.0006552157313067068
4.38155e-05,0.0007354102686932935
4.38156e-05,0.0013447852686932936
4.38157e-05,-0.00041302773130670687
4.38158e-05,-0.0026552152645037065
4.38159e-05,-0.0031786527313067067
4.3816e-05,-0.0026552152645037065
4.38161e-05,-0.0026161527613067065
4.38162e-05,-0.0026552152645037065
4.38163e-05,-0.0017333402313067067
4.38164e-05,-0.0006552157313067068
4.38165e-05,-0.0004755277313067065
4.38166e-05,-0.0006552157313067068
4.38167e-05,-0.0005067777313067065
4.38168e-05,-0.0006552157313067068
4.38169e-05,-0.0016942777313067067
4.3817e-05,-0.0026552152645037065
4.38171e-05,-0.002772402731306707
4.38172e-05,-0.0026552152645037065
4.38173e-05,-0.002897402731306707
4.38174e-05,-0.0026552152645037065
4.38175e-05,-0.0014286527313067067
4.38176e-05,-0.0006552157313067068
4.38177e-05,-0.0013583407313067068
4.38178e-05,-0.0026552152645037065
4.38179e-05,-0.0030536527313067066
4.3818e-05,-0.0026552152645037065
4.38181e-05,-0.002413027731306707
4.38182e-05,-0.0026552152645037065
4.38183e-05,-0.0024520902313067065
4.38184e-05,-0.0006552157313067068
4.38185e-05,0.0020557222686932936
4.38186e-05,0.0033447852686932936
4.38187e-05,0.0017432222686932933
4.38188e-05,-0.0006552157313067068
4.38189e-05,-0.0014520907313067067
4.3819e-05,-0.0006552157313067068
4.38191e-05,-9.271473130670685e-05
4.38192e-05,-0.0006552157313067068
4.38193e-05,-0.0018505277313067068
4.38194e-05,-0.0026552152645037065
4.38195e-05,-0.002780215231306707
4.38196e-05,-0.0026552152645037065
4.38197e-05,-0.0026552152645037065
4.38198e-05,-0.0026552152645037065
4.38199e-05,-0.0019833402313067065
4.382e-05,-0.0006552157313067068
4.38201e-05,0.00021197226869329325
4.38202e-05,-0.0006552157313067068
4.38203e-05,-0.0030145902313067066
4.38204e-05,-0.004655215731306707
4.38205e-05,-0.004061465731306706
4.38206e-05,-0.0026552152645037065
4.38207e-05,-0.0022567777313067068
4.38208e-05,-0.0026552152645037065
4.38209e-05,-0.0027411527613067066
4.3821e-05,-0.0026552152645037065
4.38211e-05,-0.002788027731306707
4.38212e-05,-0.0026552152645037065
4.38213e-05,-0.0017255277313067067
4.38214e-05,-0.0006552157313067068
4.38215e-05,-0.00034271473130670664
4.38216e-05,-0.0006552157313067068
4.38217e-05,-0.0009755277313067067
4.38218e-05,-0.0006552157313067068
4.38219e-05,-0.00021771473130670653
4.3822e-05,-0.0006552157313067068
4.38221e-05,-0.0020536527313067066
4.38222e-05,-0.0026552152645037065
4.38223e-05,-0.0016239657313067068
4.38224e-05,-0.0006552157313067068
4.38225e-05,-0.0013427157313067068
4.38226e-05,-0.0026552152645037065
4.38227e-05,-0.0029755277313067065
4.38228e-05,-0.0026552152645037065
4.38229e-05,-0.0026239652613067065
4.3823e-05,-0.0026552152645037065
4.38231e-05,-0.0018974027313067067
4.38232e-05,-0.0006552157313067068
4.38233e-05,-6.146473130670682e-05
4.38234e-05,-0.0006552157313067068
4.38235e-05,-0.0019052152313067067
4.38236e-05,-0.0026552152645037065
4.38237e-05,-0.0020614652313067066
4.38238e-05,-0.0006552157313067068
4.38239e-05,0.00018072226869329322
4.3824e-05,-0.0006552157313067068
4.38241e-05,-0.002413027731306707
4.38242e-05,-0.0026552152645037065
4.38243e-05,-0.0005849027313067066
4.38244e-05,0.0013447852686932936
4.38245e-05,0.001383847268693293
4.38246e-05,0.0013447852686932936
4.38247e-05,0.002586972268693293
4.38248e-05,0.0033447852686932936
4.38249e-05,0.001579160268693293
4.3825e-05,-0.0006552157313067068
4.38251e-05,-0.0006083407313067068
4.38252e-05,0.0013447852686932936
4.38253e-05,0.0024229102686932937
4.38254e-05,0.0013447852686932936
4.38255e-05,-0.0010927157313067068
4.38256e-05,-0.0026552152645037065
4.38257e-05,-0.0021161527313067066
4.38258e-05,-0.0006552157313067068
4.38259e-05,1.6660268693293248e-05
4.3826e-05,-0.0006552157313067068
4.38261e-05,-0.0018192777313067068
4.38262e-05,-0.0026552152645037065
4.38263e-05,-0.002897402731306707
4.38264e-05,-0.0026552152645037065
4.38265e-05,-0.0018895902313067067
4.38266e-05,-0.0006552157313067068
4.38267e-05,0.0006885352686932934
4.38268e-05,0.0013447852686932936
4.38269e-05,0.0007197852686932934
4.3827e-05,-0.0006552157313067068
4.38271e-05,-0.0019677152313067065
4.38272e-05,-0.0026552152645037065
4.38273e-05,-0.002764590231306707
4.38274e-05,-0.0026552152645037065
4.38275e-05,-0.0021005277313067066
4.38276e-05,-0.0006552157313067068
4.38277e-05,0.0010557222686932931
4.38278e-05,0.0013447852686932936
4.38279e-05,-0.0004755277313067065
4.3828e-05,-0.0026552152645037065
4.38281e-05,-0.002780215231306707
4.38282e-05,-0.0006552157313067068
4.38283e-05,0.0015479102686932929
4.38284e-05,0.0013447852686932936
4.38285e-05,-0.0011708407313067066
4.38286e-05,-0.0026552152645037065
4.38287e-05,-0.0011005277313067066
4.38288e-05,0.0013447852686932936
4.38289e-05,0.0019150972686932935
4.3829e-05,0.0013447852686932936
4.38291e-05,0.0012979102686932935
4.38292e-05,0.0013447852686932936
4.38293e-05,0.0003994722686932934
4.38294e-05,-0.0006552157313067068
4.38295e-05,-0.0007255277313067067
4.38296e-05,-0.0006552157313067068
4.38297e-05,-0.0015302157313067067
4.38298e-05,-0.0026552152645037065
4.38299e-05,-0.0024599027313067065
4.383e-05,-0.0006552157313067068
4.38301e-05,0.0018057222686932934
4.38302e-05,0.0033447852686932936
4.38303e-05,0.0030166602686932933
4.38304e-05,0.0013447852686932936
4.38305e-05,-0.00026458973130670657
4.38306e-05,-0.0006552157313067068
4.38307e-05,0.00022759726869329326
4.38308e-05,0.0013447852686932936
4.38309e-05,0.001672910268693293
4.3831e-05,0.0013447852686932936
4.38311e-05,0.0009150972686932934
4.38312e-05,0.0013447852686932936
4.38313e-05,0.002461972268693293
4.38314e-05,0.0033447852686932936
4.38315e-05,0.003383847268693293
4.38316e-05,0.0033447852686932936
4.38317e-05,0.0031260352686932934
4.38318e-05,0.0013447852686932936
4.38319e-05,-0.0021786527313067067
4.3832e-05,-0.004655215731306707
4.38321e-05,-0.004084902731306707
4.38322e-05,-0.0026552152645037065
4.38323e-05,-0.0025380277313067066
4.38324e-05,-0.0026552152645037065
4.38325e-05,-0.0009599027313067067
4.38326e-05,0.0013447852686932936
4.38327e-05,0.0021260352686932934
4.38328e-05,0.0013447852686932936
4.38329e-05,0.00022759726869329326
4.3833e-05,-0.0006552157313067068
4.38331e-05,-0.0011708407313067066
4.38332e-05,-0.0006552157313067068
4.38333e-05,0.0006650972686932932
4.38334e-05,0.0013447852686932936
4.38335e-05,0.0004932222686932935
4.38336e-05,-0.0006552157313067068
4.38337e-05,-0.0008661527313067066
4.38338e-05,-0.0006552157313067068
4.38339e-05,-0.0007333407313067067
4.3834e-05,-0.0006552157313067068
4.38341e-05,0.00026666026869329347
4.38342e-05,0.0013447852686932936
4.38343e-05,0.001610410268693293
4.38344e-05,0.0013447852686932936
4.38345e-05,0.0012510352686932935
4.38346e-05,0.0013447852686932936
4.38347e-05,0.001274472268693293
4.38348e-05,0.0013447852686932936
4.38349e-05,0.0015479102686932929
4.3835e-05,0.0013447852686932936
4.38351e-05,0.0008213472686932934
4.38352e-05,0.0013447852686932936
4.38353e-05,0.0029697852686932933
4.38354e-05,0.0033447852686932936
4.38355e-05,0.0012666602686932935
4.38356e-05,-0.0006552157313067068
4.38357e-05,-6.146473130670682e-05
4.38358e-05,0.0013447852686932936
4.38359e-05,0.001430722268693293
4.3836e-05,0.0013447852686932936
4.38361e-05,0.0024697852686932937
4.38362e-05,0.0033447852686932936
4.38363e-05,0.002336972268693293
4.38364e-05,0.0013447852686932936
4.38365e-05,0.0021729102686932934
4.38366e-05,0.0033447852686932936
4.38367e-05,0.0027744722686932934
4.38368e-05,0.0013447852686932936
4.38369e-05,0.0003838472686932934
4.3837e-05,-0.0006552157313067068
4.38371e-05,-0.0021786527313067067
4.38372e-05,-0.0026552152645037065
4.38373e-05,-0.0008192777313067068
4.38374e-05,0.0013447852686932936
4.38375e-05,0.0018213472686932934
4.38376e-05,0.0013447852686932936
4.38377e-05,0.0013291602686932935
4.38378e-05,0.0013447852686932936
4.38379e-05,0.0009072852686932932
4.3838e-05,0.0013447852686932936
4.38381e-05,0.0029463472686932935
4.38382e-05,0.0033447852686932936
4.38383e-05,0.0011807222686932932
4.38384e-05,-0.0006552157313067068
4.38385e-05,0.00010259726869329315
4.38386e-05,0.0013447852686932936
4.38387e-05,0.0006260352686932934
4.38388e-05,-0.0006552157313067068
4.38389e-05,-0.0001395897313067069
4.3839e-05,0.0013447852686932936
4.38391e-05,0.0018135352686932931
4.38392e-05,0.0013447852686932936
4.38393e-05,0.0010791602686932933
4.38394e-05,0.0013447852686932936
4.38395e-05,0.0015713472686932932
4.38396e-05,0.0013447852686932936
4.38397e-05,0.0009775972686932935
4.38398e-05,0.0013447852686932936
4.38399e-05,0.0021260352686932934
4.384e-05,0.0013447852686932936
4.38401e-05,-0.0012177157313067067
4.38402e-05,-0.0026552152645037065
4.38403e-05,-0.0009286527313067067
4.38404e-05,0.0013447852686932936
4.38405e-05,0.001626035268693293
4.38406e-05,0.0013447852686932936
4.38407e-05,0.002860410268693293
4.38408e-05,0.005344785268693293
4.38409e-05,0.006251035268693294
4.3841e-05,0.005344785268693293
4.38411e-05,0.0039150972686932935
4.38412e-05,0.0033447852686932936
4.38413e-05,0.0034229102686932937
4.38414e-05,0.0033447852686932936
4.38415e-05,0.002430722268693293
4.38416e-05,0.0013447852686932936
4.38417e-05,0.0009854102686932932
4.38418e-05,0.0013447852686932936
4.38419e-05,0.001688535268693293
4.3842e-05,0.0013447852686932936
4.38421e-05,0.0008604102686932931
4.38422e-05,0.0013447852686932936
4.38423e-05,0.0027744722686932934
4.38424e-05,0.0033447852686932936
4.38425e-05,0.0021885352686932934
4.38426e-05,0.0013447852686932936
4.38427e-05,0.0022979102686932935
4.38428e-05,0.0033447852686932936
4.38429e-05,0.002610410268693293
4.3843e-05,0.0013447852686932936
4.38431e-05,0.0011885352686932934
4.38432e-05,0.0013447852686932936
4.38433e-05,0.0004932222686932935
4.38434e-05,-0.0006552157313067068
4.38435e-05,-0.00041302773130670687
4.38436e-05,0.0013447852686932936
4.38437e-05,0.0031025972686932937
4.38438e-05,0.0033447852686932936
4.38439e-05,0.0021338472686932937
4.3844e-05,0.0013447852686932936
4.38441e-05,0.0021338472686932937
4.38442e-05,0.0033447852686932936
4.38443e-05,0.0031338472686932937
4.38444e-05,0.0013447852686932936
4.38445e-05,-0.00045209073130670664
4.38446e-05,-0.0006552157313067068
4.38447e-05,0.0005791602686932933
4.38448e-05,0.0013447852686932936
4.38449e-05,0.0009541602686932932
4.3845e-05,0.0013447852686932936
4.38451e-05,0.003532285268693293
4.38452e-05,0.005344785268693293
4.38453e-05,0.004688535268693293
4.38454e-05,0.0033447852686932936
4.38455e-05,0.0032979102686932936
4.38456e-05,0.0033447852686932936
4.38457e-05,0.001626035268693293
4.38458e-05,-0.0006552157313067068
4.38459e-05,-0.0013974027313067067
4.3846e-05,-0.0006552157313067068
4.38461e-05,0.0004229102686932932
4.38462e-05,0.0013447852686932936
4.38463e-05,0.0023760352686932936
4.38464e-05,0.0033447852686932936
4.38465e-05,0.003766660268693293
4.38466e-05,0.0033447852686932936
4.38467e-05,0.0022666602686932935
4.38468e-05,0.0013447852686932936
4.38469e-05,0.0011104102686932934
4.3847e-05,0.0013447852686932936
4.38471e-05,0.001461972268693293
4.38472e-05,0.0013447852686932936
4.38473e-05,0.0012197852686932934
4.38474e-05,0.0013447852686932936
4.38475e-05,0.0015010352686932937
4.38476e-05,0.0013447852686932936
4.38477e-05,0.0010557222686932931
4.38478e-05,0.0013447852686932936
4.38479e-05,0.002383847268693293
4.3848e-05,0.0033447852686932936
4.38481e-05,0.0030166602686932933
4.38482e-05,0.0013447852686932936
4.38483e-05,-0.0004208397313067067
4.38484e-05,-0.0006552157313067068
4.38485e-05,0.0006572852686932934
4.38486e-05,0.0013447852686932936
4.38487e-05,0.0003447852686932931
4.38488e-05,-0.0006552157313067068
4.38489e-05,6.353526869329329e-05
4.3849e-05,0.0013447852686932936
4.38491e-05,0.001610410268693293
4.38492e-05,0.0013447852686932936
4.38493e-05,0.0019463472686932935
4.38494e-05,0.0033447852686932936
4.38495e-05,0.004055722268693294
4.38496e-05,0.0033447852686932936
4.38497e-05,0.0018604102686932932
4.38498e-05,0.0013447852686932936
4.38499e-05,0.002274472268693293
4.385e-05,0.0033447852686932936
4.38501e-05,0.0028682222686932934
4.38502e-05,0.0013447852686932936
4.38503e-05,0.0005244722686932931
4.38504e-05,0.0013447852686932936
4.38505e-05,0.0029619722686932935
4.38506e-05,0.0033447852686932936
4.38507e-05,0.001735410268693293
4.38508e-05,-0.0006552157313067068
4.38509e-05,-0.0016239657313067068
4.3851e-05,-0.0006552157313067068
4.38511e-05,0.0014072852686932936
4.38512e-05,0.0033447852686932936
4.38513e-05,0.004586972268693293
4.38514e-05,0.005344785268693293
4.38515e-05,0.006079160268693293
4.38516e-05,0.007344785268693293
4.38517e-05,0.008219787268693293
4.38518e-05,0.007344785268693293
4.38519e-05,0.004282285268693294
4.3852e-05,0.0013447852686932936
4.38521e-05,0.0004385352686932932
4.38522e-05,0.0013447852686932936
4.38523e-05,0.002547910268693293
4.38524e-05,0.0033447852686932936
4.38525e-05,0.003688535268693293
4.38526e-05,0.0033447852686932936
4.38527e-05,0.002352597268693293
4.38528e-05,0.0013447852686932936
4.38529e-05,0.0011025972686932932
4.3853e-05,0.0013447852686932936
4.38531e-05,0.0015166602686932937
4.38532e-05,0.0013447852686932936
4.38533e-05,0.0011025972686932932
4.38534e-05,0.0013447852686932936
4.38535e-05,0.0022510352686932935
4.38536e-05,0.0033447852686932936
4.38537e-05,0.0038525972686932934
4.38538e-05,0.0033447852686932936
4.38539e-05,0.0021416602686932934
4.3854e-05,0.0013447852686932936
4.38541e-05,0.001305722268693293
4.38542e-05,0.0013447852686932936
4.38543e-05,0.0010010352686932933
4.38544e-05,0.0013447852686932936
4.38545e-05,0.002657285268693293
4.38546e-05,0.0033447852686932936
4.38547e-05,0.002368222268693293
4.38548e-05,0.0013447852686932936
4.38549e-05,0.0015400972686932931
4.3855e-05,0.0013447852686932936
4.38551e-05,-0.0006161527313067066
4.38552e-05,-0.0026552152645037065
4.38553e-05,-0.0024833402313067065
4.38554e-05,-0.0006552157313067068
4.38555e-05,0.0008994722686932934
4.38556e-05,0.0013447852686932936
4.38557e-05,0.0012197852686932934
4.38558e-05,0.0013447852686932936
4.38559e-05,0.0016494722686932932
4.3856e-05,0.0013447852686932936
4.38561e-05,0.0001885352686932934
4.38562e-05,-0.0006552157313067068
4.38563e-05,-0.0005692777313067066
4.38564e-05,-0.0006552157313067068
4.38565e-05,-0.0017411527313067067
4.38566e-05,-0.0026552152645037065
4.38567e-05,-0.0020536527313067066
4.38568e-05,-0.0006552157313067068
4.38569e-05,-3.0214731306706794e-05
4.3857e-05,-0.0006552157313067068
4.38571e-05,-0.0013427157313067068
4.38572e-05,-0.0006552157313067068
4.38573e-05,0.0009775972686932935
4.38574e-05,0.0013447852686932936
4.38575e-05,-0.0006474027313067066
4.38576e-05,-0.0026552152645037065
4.38577e-05,-0.002373965231306707
4.38578e-05,-0.0006552157313067068
4.38579e-05,0.00013384726869329318
4.3858e-05,-0.0006552157313067068
4.38581e-05,-0.0019442777313067067
4.38582e-05,-0.0026552152645037065
4.38583e-05,-0.0026708402613067066
4.38584e-05,-0.0026552152645037065
4.38585e-05,-0.002881777731306707
4.38586e-05,-0.0026552152645037065
4.38587e-05,-0.0015849027313067066
4.38588e-05,-0.0006552157313067068
4.38589e-05,-0.0006708407313067068
4.3859e-05,-0.0006552157313067068
4.38591e-05,-0.00014740273130670663
4.38592e-05,-0.0006552157313067068
4.38593e-05,-0.002866152731306707
4.38594e-05,-0.004655215731306707
4.38595e-05,-0.0041239657313067064
4.38596e-05,-0.0026552152645037065
4.38597e-05,-0.002288027731306707
4.38598e-05,-0.0026552152645037065
4.38599e-05,-0.0021786527313067067
4.386e-05,-0.0006552157313067068
4.38601e-05,0.0008447852686932931
4.38602e-05,0.0013447852686932936
4.38603e-05,0.0006182222686932932
4.38604e-05,-0.0006552157313067068
4.38605e-05,-0.0018583402313067069
4.38606e-05,-0.0026552152645037065
4.38607e-05,-0.0030380277313067066
4.38608e-05,-0.0026552152645037065
4.38609e-05,-0.0015380277313067068
4.3861e-05,-0.0006552157313067068
4.38611e-05,-0.0005614657313067067
4.38612e-05,-0.0006552157313067068
4.38613e-05,-0.0004286527313067069
4.38614e-05,-0.0006552157313067068
4.38615e-05,-0.0018349027313067068
4.38616e-05,-0.0026552152645037065
4.38617e-05,-0.0019755277313067065
4.38618e-05,-0.0006552157313067068
4.38619e-05,0.00025103526869329346
4.3862e-05,0.0013447852686932936
4.38621e-05,0.0023760352686932936
4.38622e-05,0.0013447852686932936
4.38623e-05,-0.0021786527313067067
4.38624e-05,-0.004655215731306707
4.38625e-05,-0.003397402731306707
4.38626e-05,-0.0006552157313067068
4.38627e-05,0.00021978526869329343
4.38628e-05,-0.0006552157313067068
4.38629e-05,-0.0011864657313067066
4.3863e-05,-0.0006552157313067068
4.38631e-05,-0.0001161527313067066
4.38632e-05,-0.0006552157313067068
4.38633e-05,-0.0019677152313067065
4.38634e-05,-0.0026552152645037065
4.38635e-05,-0.0019286527313067067
4.38636e-05,-0.0006552157313067068
4.38637e-05,-0.00025677773130670673
4.38638e-05,-0.0006552157313067068
4.38639e-05,-0.0008739657313067068
4.3864e-05,-0.0006552157313067068
4.38641e-05,-0.0004286527313067069
4.38642e-05,-0.0006552157313067068
4.38643e-05,-0.0014833407313067067
4.38644e-05,-0.0026552152645037065
4.38645e-05,-0.003295840231306707
4.38646e-05,-0.0026552152645037065
4.38647e-05,-0.0007724027313067068
4.38648e-05,0.0013447852686932936
4.38649e-05,0.0022197852686932935
4.3865e-05,0.0013447852686932936
4.38651e-05,-0.00034271473130670664
4.38652e-05,-0.0006552157313067068
4.38653e-05,0.0006338472686932932
4.38654e-05,0.0013447852686932936
4.38655e-05,-0.00025677773130670673
4.38656e-05,-0.0026552152645037065
4.38657e-05,-0.0035380277313067066
4.38658e-05,-0.0026552152645037065
4.38659e-05,-0.0017880277313067068
4.3866e-05,-0.0026552152645037065
4.38661e-05,-0.004420840731306707
4.38662e-05,-0.004655215731306707
4.38663e-05,-0.002436465231306707
4.38664e-05,-0.0006552157313067068
4.38665e-05,-0.0014130277313067067
4.38666e-05,-0.0026552152645037065
4.38667e-05,-0.0019755277313067065
4.38668e-05,-0.0006552157313067068
4.38669e-05,-0.0006630277313067067
4.3867e-05,-0.0006552157313067068
4.38671e-05,0.0005869722686932932
4.38672e-05,0.0013447852686932936
4.38673e-05,-0.00034271473130670664
4.38674e-05,-0.0026552152645037065
4.38675e-05,-0.003256777731306707
4.38676e-05,-0.0026552152645037065
4.38677e-05,-0.002420840231306707
4.38678e-05,-0.0026552152645037065
4.38679e-05,-0.0026942777613067066
4.3868e-05,-0.0026552152645037065
4.38681e-05,-0.002756777731306707
4.38682e-05,-0.0026552152645037065
4.38683e-05,-0.0018192777313067068
4.38684e-05,-0.0006552157313067068
4.38685e-05,-3.0214731306706794e-05
4.38686e-05,-0.0006552157313067068
4.38687e-05,-0.0020302152313067066
4.38688e-05,-0.0026552152645037065
4.38689e-05,-0.0018427152313067068
4.3869e-05,-0.0006552157313067068
4.38691e-05,-0.00036615273130670683
4.38692e-05,-0.0006552157313067068
4.38693e-05,-0.00023333973130670654
4.38694e-05,0.0013447852686932936
4.38695e-05,0.0030166602686932933
4.38696e-05,0.0033447852686932936
4.38697e-05,0.001672910268693293
4.38698e-05,-0.0006552157313067068
4.38699e-05,-0.0017724027313067068
4.387e-05,-0.0006552157313067068
4.38701e-05,0.0017432222686932933
4.38702e-05,0.0033447852686932936
4.38703e-05,0.002829160268693293
4.38704e-05,0.0013447852686932936
4.38705e-05,0.0001650972686932932
4.38706e-05,-0.0006552157313067068
4.38707e-05,-0.0011786527313067067
4.38708e-05,-0.0006552157313067068
4.38709e-05,0.0009385352686932932
4.3871e-05,0.0013447852686932936
4.38711e-05,-0.0006942777313067067
4.38712e-05,-0.0026552152645037065
4.38713e-05,-0.0022099027313067067
4.38714e-05,-0.0006552157313067068
4.38715e-05,0.0003291602686932931
4.38716e-05,0.0013447852686932936
4.38717e-05,0.0029385352686932932
4.38718e-05,0.0033447852686932936
4.38719e-05,0.0008838472686932934
4.3872e-05,-0.0026552152645037065
4.38721e-05,-0.004163027731306707
4.38722e-05,-0.0026552152645037065
4.38723e-05,7.91602686932933e-05
4.38724e-05,0.0013447852686932936
4.38725e-05,0.00037603526869329313
4.38726e-05,-0.0006552157313067068
4.38727e-05,4.00972686932931e-05
4.38728e-05,0.0013447852686932936
4.38729e-05,0.0011416602686932934
4.3873e-05,-0.0006552157313067068
4.38731e-05,-0.002366152731306707
4.38732e-05,-0.0026552152645037065
4.38733e-05,-0.0016708402313067067
4.38734e-05,-0.0006552157313067068
4.38735e-05,-0.00038177773130670684
4.38736e-05,-0.0006552157313067068
4.38737e-05,-0.0006395907313067068
4.38738e-05,-0.0006552157313067068
4.38739e-05,-0.0008895907313067068
4.3874e-05,-0.0006552157313067068
4.38741e-05,0.0004385352686932932
4.38742e-05,0.0013447852686932936
4.38743e-05,0.0017432222686932933
4.38744e-05,0.0033447852686932936
4.38745e-05,0.0061729102686932935
4.38746e-05,0.007344785268693293
4.38747e-05,0.004704160268693293
4.38748e-05,0.0013447852686932936
4.38749e-05,0.0004385352686932932
4.3875e-05,0.0013447852686932936
4.38751e-05,0.0016650972686932932
4.38752e-05,0.0013447852686932936
4.38753e-05,0.001305722268693293
4.38754e-05,0.0013447852686932936
4.38755e-05,0.0006025972686932932
4.38756e-05,-0.0006552157313067068
4.38757e-05,-0.0012567777313067068
4.38758e-05,-0.0006552157313067068
4.38759e-05,0.0006650972686932932
4.3876e-05,0.0013447852686932936
4.38761e-05,0.0006104102686932933
4.38762e-05,-0.0006552157313067068
4.38763e-05,-0.0010770907313067068
4.38764e-05,-0.0006552157313067068
4.38765e-05,-0.0002255277313067067
4.38766e-05,-0.0006552157313067068
4.38767e-05,-0.0017645902313067068
4.38768e-05,-0.0026552152645037065
4.38769e-05,-0.002334902731306707
4.3877e-05,-0.0006552157313067068
4.38771e-05,0.001657285268693293
4.38772e-05,0.0033447852686932936
4.38773e-05,0.0037275972686932933
4.38774e-05,0.0033447852686932936
4.38775e-05,0.0025010352686932937
4.38776e-05,0.0013447852686932936
4.38777e-05,-6.7777313067065095e-06
4.38778e-05,-0.0006552157313067068
4.38779e-05,-7.708973130670684e-05
4.3878e-05,0.0013447852686932936
4.38781e-05,0.0021338472686932937
4.38782e-05,0.0013447852686932936
4.38783e-05,-0.0003114647313067066
4.38784e-05,-0.0006552157313067068
4.38785e-05,0.0007744722686932933
4.38786e-05,0.0013447852686932936
4.38787e-05,-0.0005692777313067066
4.38788e-05,-0.0026552152645037065
4.38789e-05,-0.002366152731306707
4.3879e-05,-0.0006552157313067068
4.38791e-05,1.6660268693293248e-05
4.38792e-05,-0.0006552157313067068
4.38793e-05,-0.0011161527313067066
4.38794e-05,-0.0006552157313067068
4.38795e-05,-6.927773130670657e-05
4.38796e-05,-0.0006552157313067068
4.38797e-05,-0.0026474027643067066
4.38798e-05,-0.004655215731306707
4.38799e-05,-0.004702090731306707
4.388e-05,-0.0026552152645037065
4.38801e-05,-1.458973130670678e-05
4.38802e-05,0.0013447852686932936
4.38803e-05,0.0008057222686932933
4.38804e-05,-0.0006552157313067068
4.38805e-05,-0.0014599027313067067
4.38806e-05,-0.0006552157313067068
4.38807e-05,0.0008760352686932931
4.38808e-05,0.0013447852686932936
4.38809e-05,0.0001885352686932934
4.3881e-05,-0.0006552157313067068
4.38811e-05,9.478526869329332e-05
4.38812e-05,0.0013447852686932936
4.38813e-05,0.0011338472686932932
4.38814e-05,-0.0006552157313067068
4.38815e-05,-0.002413027731306707
4.38816e-05,-0.0026552152645037065
4.38817e-05,-0.0015380277313067068
4.38818e-05,-0.0006552157313067068
4.38819e-05,-0.0007020907313067066
4.3882e-05,-0.0006552157313067068
4.38821e-05,0.00040728526869329316
4.38822e-05,0.0013447852686932936
4.38823e-05,0.0007119722686932933
4.38824e-05,-0.0006552157313067068
4.38825e-05,-0.0011708407313067066
4.38826e-05,-0.0006552157313067068
4.38827e-05,0.0001885352686932934
4.38828e-05,0.0013447852686932936
4.38829e-05,0.0021807222686932937
4.3883e-05,0.0013447852686932936
4.38831e-05,-0.0011474027313067067
4.38832e-05,-0.0026552152645037065
4.38833e-05,-0.0017333402313067067
4.38834e-05,-0.0006552157313067068
4.38835e-05,-0.0014520907313067067
4.38836e-05,-0.0026552152645037065
4.38837e-05,-0.0021005277313067066
4.38838e-05,-0.0006552157313067068
4.38839e-05,-0.0002255277313067067
4.3884e-05,-0.0006552157313067068
4.38841e-05,-0.0007802157313067067
4.38842e-05,-0.0006552157313067068
4.38843e-05,-0.0007489657313067067
4.38844e-05,-0.0006552157313067068
4.38845e-05,-0.0003036527313067068
4.38846e-05,-0.0006552157313067068
4.38847e-05,-0.0019755277313067065
4.38848e-05,-0.0026552152645037065
4.38849e-05,-0.0017333402313067067
4.3885e-05,-0.0006552157313067068
4.38851e-05,-0.0006552157313067068
4.38852e-05,-0.0006552157313067068
4.38853e-05,0.00041509726869329343
4.38854e-05,0.0013447852686932936
4.38855e-05,0.0006885352686932934
4.38856e-05,-0.0006552157313067068
4.38857e-05,-0.0011317777313067066
4.38858e-05,-0.0006552157313067068
4.38859e-05,-0.00036615273130670683
4.3886e-05,-0.0006552157313067068
4.38861e-05,-0.0010536527313067068
4.38862e-05,-0.0006552157313067068
4.38863e-05,0.0005635352686932933
4.38864e-05,0.0013447852686932936
4.38865e-05,0.0006963472686932932
4.38866e-05,-0.0006552157313067068
4.38867e-05,-0.0017333402313067067
4.38868e-05,-0.0026552152645037065
4.38869e-05,-0.003334902731306707
4.3887e-05,-0.0026552152645037065
4.38871e-05,-0.00037396473130670667
4.38872e-05,0.0013447852686932936
4.38873e-05,0.0008135352686932931
4.38874e-05,-0.0006552157313067068
4.38875e-05,-0.0010692777313067068
4.38876e-05,-0.0006552157313067068
4.38877e-05,-0.0005302157313067067
4.38878e-05,-0.0006552157313067068
4.38879e-05,-0.0005692777313067066
4.3888e-05,-0.0006552157313067068
4.38881e-05,-0.0010302157313067067
4.38882e-05,-0.0006552157313067068
4.38883e-05,0.0006338472686932932
4.38884e-05,0.0013447852686932936
4.38885e-05,0.0004229102686932932
4.38886e-05,-0.0006552157313067068
4.38887e-05,-0.00025677773130670673
4.38888e-05,0.0013447852686932936
4.38889e-05,0.0022197852686932935
4.3889e-05,0.0013447852686932936
4.38891e-05,-0.0008192777313067068
4.38892e-05,-0.0026552152645037065
4.38893e-05,-0.0031005277313067067
4.38894e-05,-0.0026552152645037065
4.38895e-05,-0.002366152731306707
4.38896e-05,-0.0026552152645037065
4.38897e-05,-0.0029052152313067065
4.38898e-05,-0.0026552152645037065
4.38899e-05,-0.0017880277313067068
4.389e-05,-0.0006552157313067068
4.38901e-05,-2.2402731306706523e-05
4.38902e-05,-0.0006552157313067068
4.38903e-05,-0.0020692777313067066
4.38904e-05,-0.0026552152645037065
4.38905e-05,-0.0017333402313067067
4.38906e-05,-0.0006552157313067068
4.38907e-05,-0.0010145907313067067
4.38908e-05,-0.0026552152645037065
4.38909e-05,-0.003702090731306707
4.3891e-05,-0.0026552152645037065
4.38911e-05,-0.00010052773130670659
4.38912e-05,0.0013447852686932936
4.38913e-05,0.0004697852686932932
4.38914e-05,-0.0006552157313067068
4.38915e-05,-3.0214731306706794e-05
4.38916e-05,0.0013447852686932936
4.38917e-05,0.0016182222686932932
4.38918e-05,0.0013447852686932936
4.38919e-05,0.0014697852686932937
4.3892e-05,0.0013447852686932936
4.38921e-05,0.00011041026869329333
4.38922e-05,-0.0006552157313067068
4.38923e-05,0.0001885352686932934
4.38924e-05,0.0013447852686932936
4.38925e-05,0.001415097268693293
4.38926e-05,0.0013447852686932936
4.38927e-05,0.0017744722686932933
4.38928e-05,0.0013447852686932936
4.38929e-05,-0.0008192777313067068
4.3893e-05,-0.0026552152645037065
4.38931e-05,-0.0021708402313067067
4.38932e-05,-0.0006552157313067068
4.38933e-05,-0.0002099027313067067
4.38934e-05,-0.0006552157313067068
4.38935e-05,-0.0008192777313067068
4.38936e-05,-0.0006552157313067068
4.38937e-05,-0.0006708407313067068
4.38938e-05,-0.0006552157313067068
4.38939e-05,-0.0003505277313067068
4.3894e-05,-0.0006552157313067068
4.38941e-05,-0.0018192777313067068
4.38942e-05,-0.0026552152645037065
4.38943e-05,-0.0025302152313067066
4.38944e-05,-0.0026552152645037065
4.38945e-05,-0.003366152731306707
4.38946e-05,-0.0026552152645037065
4.38947e-05,0.0005244722686932931
4.38948e-05,0.0033447852686932936
4.38949e-05,0.0030869722686932936
4.3895e-05,0.0013447852686932936
4.38951e-05,0.00026666026869329347
4.38952e-05,-0.0006552157313067068
4.38953e-05,-0.0022489652313067068
4.38954e-05,-0.0026552152645037065
4.38955e-05,-0.0007177157313067067
4.38956e-05,0.0013447852686932936
4.38957e-05,0.001008847268693293
4.38958e-05,-0.0006552157313067068
4.38959e-05,-0.0012724027313067068
4.3896e-05,-0.0006552157313067068
4.38961e-05,-0.0001395897313067069
4.38962e-05,-0.0006552157313067068
4.38963e-05,-0.0018114652313067068
4.38964e-05,-0.0026552152645037065
4.38965e-05,-0.002295840231306707
4.38966e-05,-0.0006552157313067068
4.38967e-05,0.0011025972686932932
4.38968e-05,0.0013447852686932936
4.38969e-05,0.00012603526869329335
4.3897e-05,-0.0006552157313067068
4.38971e-05,0.00021197226869329325
4.38972e-05,0.0013447852686932936
4.38973e-05,0.0008838472686932934
4.38974e-05,-0.0006552157313067068
4.38975e-05,-0.0015536527313067068
4.38976e-05,-0.0006552157313067068
4.38977e-05,0.001446347268693293
4.38978e-05,0.0033447852686932936
4.38979e-05,0.0039307222686932935
4.3898e-05,0.0033447852686932936
4.38981e-05,0.0018057222686932934
4.38982e-05,-0.0006552157313067068
4.38983e-05,-0.003405215231306707
4.38984e-05,-0.004655215731306707
4.38985e-05,-0.0032333402313067068
4.38986e-05,-0.0006552157313067068
4.38987e-05,0.0009854102686932932
4.38988e-05,0.0013447852686932936
4.38989e-05,0.0012432222686932933
4.3899e-05,0.0013447852686932936
4.38991e-05,0.0015557222686932931
4.38992e-05,0.0013447852686932936
4.38993e-05,0.0004697852686932932
4.38994e-05,-0.0006552157313067068
4.38995e-05,-0.0017255277313067067
4.38996e-05,-0.0026552152645037065
4.38997e-05,-0.0032099027313067068
4.38998e-05,-0.0026552152645037065
4.38999e-05,-0.0007020907313067066
4.39e-05,0.0013447852686932936
4.39001e-05,0.0020479102686932933
4.39002e-05,0.0013447852686932936
4.39003e-05,0.00013384726869329318
4.39004e-05,-0.0006552157313067068
4.39005e-05,-0.0008114657313067067
4.39006e-05,-0.0006552157313067068
4.39007e-05,-0.0006395907313067068
4.39008e-05,-0.0006552157313067068
4.39009e-05,-0.0005927157313067068
4.3901e-05,-0.0006552157313067068
4.39011e-05,-0.0007958407313067067
4.39012e-05,-0.0006552157313067068
4.39013e-05,-0.00028802773130670676
4.39014e-05,-0.0006552157313067068
4.39015e-05,-0.0019286527313067067
4.39016e-05,-0.0026552152645037065
4.39017e-05,-0.0013739657313067068
4.39018e-05,0.0013447852686932936
4.39019e-05,0.003415097268693293
4.3902e-05,0.0033447852686932936
4.39021e-05,0.0012979102686932935
4.39022e-05,-0.0006552157313067068
4.39023e-05,-0.0011395907313067066
4.39024e-05,-0.0006552157313067068
4.39025e-05,-0.0004442777313067069
4.39026e-05,-0.0006552157313067068
4.39027e-05,-0.0007802157313067067
4.39028e-05,-0.0006552157313067068
4.39029e-05,-0.0005536527313067066
4.3903e-05,-0.0006552157313067068
4.39031e-05,-0.0007724027313067068
4.39032e-05,-0.0006552157313067068
4.39033e-05,-0.0004208397313067067
4.39034e-05,-0.0006552157313067068
4.39035e-05,-0.0011786527313067067
4.39036e-05,-0.0006552157313067068
4.39037e-05,0.0009697852686932932
4.39038e-05,0.0013447852686932936
4.39039e-05,-0.0007333407313067067
4.3904e-05,-0.0026552152645037065
4.39041e-05,-0.0020927152313067066
4.39042e-05,-0.0006552157313067068
4.39043e-05,-0.0005302157313067067
4.39044e-05,-0.0006552157313067068
4.39045e-05,0.00041509726869329343
4.39046e-05,0.0013447852686932936
4.39047e-05,0.0005635352686932933
4.39048e-05,-0.0006552157313067068
4.39049e-05,-0.0007333407313067067
4.3905e-05,-0.0006552157313067068
4.39051e-05,-0.0015770907313067068
4.39052e-05,-0.0026552152645037065
4.39053e-05,-0.002288027731306707
4.39054e-05,-0.0006552157313067068
4.39055e-05,0.0008604102686932931
4.39056e-05,0.0013447852686932936
4.39057e-05,0.0011338472686932932
4.39058e-05,0.0013447852686932936
4.39059e-05,0.0023760352686932936
4.3906e-05,0.0033447852686932936
4.39061e-05,0.0029463472686932935
4.39062e-05,0.0013447852686932936
4.39063e-05,-0.0003270897313067066
4.39064e-05,-0.0006552157313067068
4.39065e-05,0.0003447852686932931
4.39066e-05,0.0013447852686932936
4.39067e-05,0.001461972268693293
4.39068e-05,0.0013447852686932936
4.39069e-05,0.0015400972686932931
4.3907e-05,0.0013447852686932936
4.39071e-05,0.00021978526869329343
4.39072e-05,-0.0006552157313067068
4.39073e-05,-5.365273130670655e-05
4.39074e-05,0.0013447852686932936
4.39075e-05,0.0019385352686932932
4.39076e-05,0.0013447852686932936
4.39077e-05,0.00018072226869329322
4.39078e-05,-0.0006552157313067068
4.39079e-05,-0.0008583407313067068
4.3908e-05,-0.0006552157313067068
4.39081e-05,-0.0005614657313067067
4.39082e-05,-0.0006552157313067068
4.39083e-05,-0.0007099027313067067
4.39084e-05,-0.0006552157313067068
4.39085e-05,-0.0005224027313067065
4.39086e-05,-0.0006552157313067068
4.39087e-05,-0.0012645907313067067
4.39088e-05,-0.0026552152645037065
4.39089e-05,-0.0041708407313067065
4.3909e-05,-0.004655215731306707
4.39091e-05,-0.003248965231306707
4.39092e-05,-0.0006552157313067068
4.39093e-05,0.0018213472686932934
4.39094e-05,0.0033447852686932936
4.39095e-05,0.003688535268693293
4.39096e-05,0.0033447852686932936
4.39097e-05,0.002493222268693293
4.39098e-05,0.0013447852686932936
4.39099e-05,7.91602686932933e-05
4.391e-05,-0.0006552157313067068
4.39101e-05,-0.0007958407313067067
4.39102e-05,-0.0006552157313067068
4.39103e-05,-0.0007020907313067066
4.39104e-05,-0.0006552157313067068
4.39105e-05,-2.2402731306706523e-05
4.39106e-05,0.0013447852686932936
4.39107e-05,0.0023604102686932936
4.39108e-05,0.0013447852686932936
4.39109e-05,-0.0013427157313067068
4.3911e-05,-0.0026552152645037065
4.39111e-05,-0.0014130277313067067
4.39112e-05,-0.0006552157313067068
4.39113e-05,-0.0026161527613067065
4.39114e-05,-0.004655215731306707
4.39115e-05,-0.0034677152313067065
4.39116e-05,-0.0006552157313067068
4.39117e-05,0.0004541602686932932
4.39118e-05,-0.0006552157313067068
4.39119e-05,-0.0020302152313067066
4.3912e-05,-0.0026552152645037065
4.39121e-05,-0.0022567777313067068
4.39122e-05,-0.0006552157313067068
4.39123e-05,0.0011963472686932933
4.39124e-05,0.0013447852686932936
4.39125e-05,-0.0003349027313067068
4.39126e-05,-0.0006552157313067068
4.39127e-05,0.001579160268693293
4.39128e-05,0.0033447852686932936
4.39129e-05,0.0018604102686932932
4.3913e-05,-0.0006552157313067068
4.39131e-05,-0.0012255277313067067
4.39132e-05,-0.0006552157313067068
4.39133e-05,-0.0012255277313067067
4.39134e-05,-0.0026552152645037065
4.39135e-05,-0.0032020902313067067
4.39136e-05,-0.0026552152645037065
4.39137e-05,-0.0016708402313067067
4.39138e-05,-0.0006552157313067068
4.39139e-05,0.00041509726869329343
4.3914e-05,0.0013447852686932936
4.39141e-05,0.001735410268693293
4.39142e-05,0.0013447852686932936
4.39143e-05,0.00026666026869329347
4.39144e-05,-0.0006552157313067068
4.39145e-05,-0.0008583407313067068
4.39146e-05,-0.0006552157313067068
4.39147e-05,-0.0006161527313067066
4.39148e-05,-0.0006552157313067068
4.39149e-05,-0.0005458407313067067
4.3915e-05,-0.0006552157313067068
4.39151e-05,-0.0010067777313067067
4.39152e-05,-0.0006552157313067068
4.39153e-05,0.0006260352686932934
4.39154e-05,0.0013447852686932936
4.39155e-05,0.0009697852686932932
4.39156e-05,0.0013447852686932936
4.39157e-05,0.0029775972686932935
4.39158e-05,0.0033447852686932936
4.39159e-05,0.0005088472686932931
4.3916e-05,-0.0026552152645037065
4.39161e-05,-0.002780215231306707
4.39162e-05,-0.0006552157313067068
4.39163e-05,0.0009854102686932932
4.39164e-05,0.0013447852686932936
4.39165e-05,0.0008525972686932934
4.39166e-05,-0.0006552157313067068
4.39167e-05,-0.0025145902313067066
4.39168e-05,-0.0026552152645037065
4.39169e-05,-0.0004442777313067069
4.3917e-05,0.0013447852686932936
4.39171e-05,0.0007354102686932935
4.39172e-05,-0.0006552157313067068
4.39173e-05,-0.0003505277313067068
4.39174e-05,0.0013447852686932936
4.39175e-05,0.0022979102686932935
4.39176e-05,0.0013447852686932936
4.39177e-05,-0.00043646573130670663
4.39178e-05,-0.0006552157313067068
4.39179e-05,0.0012979102686932935
4.3918e-05,0.0033447852686932936
4.39181e-05,0.003657285268693293
4.39182e-05,0.0033447852686932936
4.39183e-05,0.003579160268693293
4.39184e-05,0.0033447852686932936
4.39185e-05,0.0013135352686932935
4.39186e-05,-0.0006552157313067068
4.39187e-05,-0.00037396473130670667
4.39188e-05,0.0013447852686932936
4.39189e-05,0.002657285268693293
4.3919e-05,0.0033447852686932936
4.39191e-05,0.0032510352686932935
4.39192e-05,0.0013447852686932936
4.39193e-05,-0.0017411527313067067
4.39194e-05,-0.0026552152645037065
4.39195e-05,0.00022759726869329326
4.39196e-05,0.0033447852686932936
4.39197e-05,0.003258847268693293
4.39198e-05,0.0013447852686932936
4.39199e-05,0.0006104102686932933
4.392e-05,0.0013447852686932936
4.39201e-05,0.0018525972686932934
4.39202e-05,0.0013447852686932936
4.39203e-05,0.0007979102686932935
4.39204e-05,0.0013447852686932936
4.39205e-05,0.002735410268693293
4.39206e-05,0.0033447852686932936
4.39207e-05,0.002274472268693293
4.39208e-05,0.0013447852686932936
4.39209e-05,0.0021025972686932936
4.3921e-05,0.0033447852686932936
4.39211e-05,0.003461972268693293
4.39212e-05,0.0033447852686932936
4.39213e-05,0.0037432222686932934
4.39214e-05,0.0033447852686932936
4.39215e-05,0.0011807222686932932
4.39216e-05,-0.0006552157313067068
4.39217e-05,-0.00017083973130670692
4.39218e-05,0.0013447852686932936
4.39219e-05,0.0017900972686932934
4.3922e-05,0.0013447852686932936
4.39221e-05,0.0012119722686932933
4.39222e-05,0.0013447852686932936
4.39223e-05,0.001290097268693293
4.39224e-05,0.0013447852686932936
4.39225e-05,0.0016650972686932932
4.39226e-05,0.0013447852686932936
4.39227e-05,0.00013384726869329318
4.39228e-05,-0.0006552157313067068
4.39229e-05,-6.7777313067065095e-06
4.3923e-05,0.0013447852686932936
4.39231e-05,0.0019072852686932932
4.39232e-05,0.0013447852686932936
4.39233e-05,0.0006963472686932932
4.39234e-05,0.0013447852686932936
4.39235e-05,0.0029307222686932935
4.39236e-05,0.0033447852686932936
4.39237e-05,0.0015400972686932931
4.39238e-05,-0.0006552157313067068
4.39239e-05,-0.0012099027313067067
4.3924e-05,-0.0006552157313067068
4.39241e-05,-0.00048334073130670667
4.39242e-05,-0.0006552157313067068
4.39243e-05,-3.0214731306706794e-05
4.39244e-05,0.0013447852686932936
4.39245e-05,0.0026494722686932932
4.39246e-05,0.0033447852686932936
4.39247e-05,0.0030166602686932933
4.39248e-05,0.0013447852686932936
4.39249e-05,-0.0006161527313067066
4.3925e-05,-0.0006552157313067068
4.39251e-05,0.0015557222686932931
4.39252e-05,0.0033447852686932936
4.39253e-05,0.0026963472686932933
4.39254e-05,0.0013447852686932936
4.39255e-05,0.001657285268693293
4.39256e-05,0.0033447852686932936
4.39257e-05,0.0042510352686932935
4.39258e-05,0.0033447852686932936
4.39259e-05,0.001672910268693293
4.3926e-05,0.0013447852686932936
4.39261e-05,0.002579160268693293
4.39262e-05,0.0033447852686932936
4.39263e-05,0.0023447852686932936
4.39264e-05,0.0013447852686932936
4.39265e-05,0.0021025972686932936
4.39266e-05,0.0033447852686932936
4.39267e-05,0.0029697852686932933
4.39268e-05,0.0013447852686932936
4.39269e-05,0.0004697852686932932
4.3927e-05,0.0013447852686932936
4.39271e-05,0.002907285268693293
4.39272e-05,0.0033447852686932936
4.39273e-05,0.0022197852686932935
4.39274e-05,0.0013447852686932936
4.39275e-05,0.0020947852686932934
4.39276e-05,0.0033447852686932936
4.39277e-05,0.0031729102686932934
4.39278e-05,0.0013447852686932936
4.39279e-05,-0.00045209073130670664
4.3928e-05,-0.0006552157313067068
4.39281e-05,0.0005791602686932933
4.39282e-05,0.0013447852686932936
4.39283e-05,0.001024472268693293
4.39284e-05,0.0013447852686932936
4.39285e-05,0.003383847268693293
4.39286e-05,0.005344785268693293
4.39287e-05,0.005047910268693293
4.39288e-05,0.0033447852686932936
4.39289e-05,0.0024697852686932937
4.3929e-05,0.0033447852686932936
4.39291e-05,0.004376035268693294
4.39292e-05,0.0033447852686932936
4.39293e-05,0.0005479102686932933
4.39294e-05,-0.0006552157313067068
4.39295e-05,0.001305722268693293
4.39296e-05,0.0033447852686932936
4.39297e-05,0.0026650972686932933
4.39298e-05,0.0013447852686932936
4.39299e-05,0.002571347268693293
4.393e-05,0.005344785268693293
4.39301e-05,0.006493222268693293
4.39302e-05,0.005344785268693293
4.39303e-05,0.0031885352686932935
4.39304e-05,0.0013447852686932936
4.39305e-05,0.0005791602686932933
4.39306e-05,0.0013447852686932936
4.39307e-05,0.0028369722686932934
4.39308e-05,0.0033447852686932936
4.39309e-05,0.0022979102686932935
4.3931e-05,0.0013447852686932936
4.39311e-05,0.0019307222686932935
4.39312e-05,0.0033447852686932936
4.39313e-05,0.004016660268693293
4.39314e-05,0.0033447852686932936
4.39315e-05,0.0020713472686932936
4.39316e-05,0.0013447852686932936
4.39317e-05,0.0013447852686932936
4.39318e-05,0.0013447852686932936
4.39319e-05,0.0010322852686932933
4.3932e-05,0.0013447852686932936
4.39321e-05,0.002579160268693293
4.39322e-05,0.0033447852686932936
4.39323e-05,0.002563535268693293
4.39324e-05,0.0013447852686932936
4.39325e-05,0.0011025972686932932
4.39326e-05,0.0013447852686932936
4.39327e-05,0.0007510352686932935
4.39328e-05,-0.0006552157313067068
4.39329e-05,-0.0015302157313067067
4.3933e-05,-0.0006552157313067068
4.39331e-05,0.0016494722686932932
4.39332e-05,0.0033447852686932936
4.39333e-05,0.002907285268693293
4.39334e-05,0.0013447852686932936
4.39335e-05,0.00010259726869329315
4.39336e-05,-0.0006552157313067068
4.39337e-05,-0.0011395907313067066
4.39338e-05,-0.0006552157313067068
4.39339e-05,0.0007822852686932935
4.3934e-05,0.0013447852686932936
4.39341e-05,-0.0003114647313067066
4.39342e-05,-0.0026552152645037065
4.39343e-05,-0.003459902731306707
4.39344e-05,-0.0026552152645037065
4.39345e-05,-0.0013739657313067068
4.39346e-05,-0.0006552157313067068
4.39347e-05,-0.0005380277313067065
4.39348e-05,-0.0006552157313067068
4.39349e-05,-0.0007489657313067067
4.3935e-05,-0.0006552157313067068
4.39351e-05,-0.0005067777313067065
4.39352e-05,-0.0006552157313067068
4.39353e-05,-0.0009286527313067067
4.39354e-05,-0.0006552157313067068
4.39355e-05,-0.0001395897313067069
4.39356e-05,-0.0006552157313067068
4.39357e-05,-0.0022567777313067068
4.39358e-05,-0.0026552152645037065
4.39359e-05,-0.0006239657313067068
4.3936e-05,0.0013447852686932936
4.39361e-05,0.0008994722686932934
4.39362e-05,-0.0006552157313067068
4.39363e-05,-0.0010614657313067067
4.39364e-05,-0.0006552157313067068
4.39365e-05,-0.0006942777313067067
4.39366e-05,-0.0006552157313067068
4.39367e-05,0.0002744722686932933
4.39368e-05,0.0013447852686932936
4.39369e-05,0.0015244722686932931
4.3937e-05,0.0013447852686932936
4.39371e-05,0.001383847268693293
4.39372e-05,0.0013447852686932936
4.39373e-05,0.0005791602686932933
4.39374e-05,-0.0006552157313067068
4.39375e-05,-0.0013349027313067066
4.39376e-05,-0.0006552157313067068
4.39377e-05,0.0007900972686932933
4.39378e-05,0.0013447852686932936
4.39379e-05,0.00037603526869329313
4.3938e-05,-0.0006552157313067068
4.39381e-05,-0.00017865273130670666
4.39382e-05,0.0013447852686932936
4.39383e-05,0.0021416602686932934
4.39384e-05,0.0013447852686932936
4.39385e-05,-0.00021771473130670653
4.39386e-05,-0.0006552157313067068
4.39387e-05,0.0004541602686932932
4.39388e-05,0.0013447852686932936
4.39389e-05,0.0005869722686932932
4.3939e-05,-0.0006552157313067068
4.39391e-05,-0.0008974027313067067
4.39392e-05,-0.0006552157313067068
4.39393e-05,-0.0008583407313067068
4.39394e-05,-0.0006552157313067068
4.39395e-05,0.0005791602686932933
4.39396e-05,0.0013447852686932936
4.39397e-05,0.0005166602686932933
4.39398e-05,-0.0006552157313067068
4.39399e-05,-0.0007411527313067067
4.394e-05,-0.0006552157313067068
4.39401e-05,-0.0015302157313067067
4.39402e-05,-0.0026552152645037065
4.39403e-05,-0.002373965231306707
4.39404e-05,-0.0006552157313067068
4.39405e-05,0.0015713472686932932
4.39406e-05,0.0033447852686932936
4.39407e-05,0.004047910268693293
4.39408e-05,0.0033447852686932936
4.39409e-05,0.0018604102686932932
4.3941e-05,0.0013447852686932936
4.39411e-05,0.0022822852686932935
4.39412e-05,0.0033447852686932936
4.39413e-05,0.0033135352686932936
4.39414e-05,0.0033447852686932936
4.39415e-05,0.004258847268693293
4.39416e-05,0.005344785268693293
4.39417e-05,0.004938535268693293
4.39418e-05,0.0033447852686932936
4.39419e-05,0.0018604102686932932
4.3942e-05,0.0013447852686932936
4.39421e-05,0.001461972268693293
4.39422e-05,0.0013447852686932936
4.39423e-05,0.0005400972686932931
4.39424e-05,-0.0006552157313067068
4.39425e-05,-0.0012177157313067067
4.39426e-05,-0.0006552157313067068
4.39427e-05,0.0006572852686932934
4.39428e-05,0.0013447852686932936
4.39429e-05,0.0011416602686932934
4.3943e-05,0.0013447852686932936
4.39431e-05,0.002532285268693293
4.39432e-05,0.0033447852686932936
4.39433e-05,0.0025010352686932937
4.39434e-05,0.0013447852686932936
4.39435e-05,0.0011885352686932934
4.39436e-05,0.0013447852686932936
4.39437e-05,0.0005010352686932932
4.39438e-05,-0.0006552157313067068
4.39439e-05,-0.0010067777313067067
4.3944e-05,-0.0006552157313067068
4.39441e-05,-0.0004286527313067069
4.39442e-05,-0.0006552157313067068
4.39443e-05,-0.0008270907313067068
4.39444e-05,-0.0006552157313067068
4.39445e-05,-0.00034271473130670664
4.39446e-05,-0.0006552157313067068
4.39447e-05,-0.0017333402313067067
4.39448e-05,-0.0026552152645037065
4.39449e-05,-0.0022255277313067067
4.3945e-05,-0.0006552157313067068
4.39451e-05,0.0008604102686932931
4.39452e-05,0.0013447852686932936
4.39453e-05,0.0005791602686932933
4.39454e-05,-0.0006552157313067068
4.39455e-05,-0.0013036527313067068
4.39456e-05,-0.0006552157313067068
4.39457e-05,0.0006729102686932934
4.39458e-05,0.0013447852686932936
4.39459e-05,0.0005479102686932933
4.3946e-05,-0.0006552157313067068
4.39461e-05,-0.0010692777313067068
4.39462e-05,-0.0006552157313067068
4.39463e-05,-0.0003036527313067068
4.39464e-05,-0.0006552157313067068
4.39465e-05,-0.0016161527313067066
4.39466e-05,-0.0026552152645037065
4.39467e-05,-0.0031395902313067067
4.39468e-05,-0.0026552152645037065
4.39469e-05,-0.0014599027313067067
4.3947e-05,-0.0006552157313067068
4.39471e-05,-0.0005927157313067068
4.39472e-05,-0.0006552157313067068
4.39473e-05,-0.0004286527313067069
4.39474e-05,-0.0006552157313067068
4.39475e-05,-0.0017724027313067068
4.39476e-05,-0.0026552152645037065
4.39477e-05,-0.0021239652313067067
4.39478e-05,-0.0006552157313067068
4.39479e-05,0.0005791602686932933
4.3948e-05,0.0013447852686932936
4.39481e-05,0.001657285268693293
4.39482e-05,0.0013447852686932936
4.39483e-05,0.0002979102686932935
4.39484e-05,-0.0006552157313067068
4.39485e-05,-0.0008583407313067068
4.39486e-05,-0.0006552157313067068
4.39487e-05,-0.0006864657313067069
4.39488e-05,-0.0006552157313067068
4.39489e-05,-0.0004989657313067067
4.3949e-05,-0.0006552157313067068
4.39491e-05,-0.0010692777313067068
4.39492e-05,-0.0006552157313067068
4.39493e-05,0.0007432222686932933
4.39494e-05,0.0013447852686932936
4.39495e-05,-0.0001864647313067065
4.39496e-05,-0.0026552152645037065
4.39497e-05,-0.003733340731306707
4.39498e-05,-0.0026552152645037065
4.39499e-05,-0.0008895907313067068
4.395e-05,-0.0006552157313067068
4.39501e-05,-0.0020614652313067066
4.39502e-05,-0.0026552152645037065
4.39503e-05,-0.0008739657313067068
4.39504e-05,0.0013447852686932936
4.39505e-05,0.001336972268693293
4.39506e-05,-0.0006552157313067068
4.39507e-05,-0.0024520902313067065
4.39508e-05,-0.0026552152645037065
4.39509e-05,-0.0016552152313067067
4.3951e-05,-0.0006552157313067068
4.39511e-05,-0.0004442777313067069
4.39512e-05,-0.0006552157313067068
4.39513e-05,-0.0007802157313067067
4.39514e-05,-0.0006552157313067068
4.39515e-05,-0.0005927157313067068
4.39516e-05,-0.0006552157313067068
4.39517e-05,-0.0006630277313067067
4.39518e-05,-0.0006552157313067068
4.39519e-05,-0.0011786527313067067
4.3952e-05,-0.0026552152645037065
4.39521e-05,-0.004373965731306707
4.39522e-05,-0.004655215731306707
4.39523e-05,-0.002811465231306707
4.39524e-05,-0.0006552157313067068
4.39525e-05,-6.146473130670682e-05
4.39526e-05,-0.0006552157313067068
4.39527e-05,-0.0009599027313067067
4.39528e-05,-0.0006552157313067068
4.39529e-05,-0.0004208397313067067
4.3953e-05,-0.0006552157313067068
4.39531e-05,-0.0014755277313067067
4.39532e-05,-0.0026552152645037065
4.39533e-05,-0.003420840231306707
4.39534e-05,-0.0026552152645037065
4.39535e-05,-0.0004599027313067069
4.39536e-05,0.0013447852686932936
4.39537e-05,0.0011338472686932932
4.39538e-05,-0.0006552157313067068
4.39539e-05,-0.002373965231306707
4.3954e-05,-0.0026552152645037065
4.39541e-05,-0.0016474027313067067
4.39542e-05,-0.0006552157313067068
4.39543e-05,-0.0005302157313067067
4.39544e-05,-0.0006552157313067068
4.39545e-05,-0.0005458407313067067
4.39546e-05,-0.0006552157313067068
4.39547e-05,-0.0015458407313067067
4.39548e-05,-0.0026552152645037065
4.39549e-05,-0.0030067777313067066
4.3955e-05,-0.0026552152645037065
4.39551e-05,-0.002373965231306707
4.39552e-05,-0.0026552152645037065
4.39553e-05,-0.0030302152313067066
4.39554e-05,-0.0026552152645037065
4.39555e-05,-0.0014286527313067067
4.39556e-05,-0.0006552157313067068
4.39557e-05,-0.0013036527313067068
4.39558e-05,-0.0026552152645037065
4.39559e-05,-0.003288027731306707
4.3956e-05,-0.0026552152645037065
4.39561e-05,-0.0014520907313067067
4.39562e-05,-0.0006552157313067068
4.39563e-05,-0.0006474027313067066
4.39564e-05,-0.0006552157313067068
4.39565e-05,-0.0004286527313067069
4.39566e-05,-0.0006552157313067068
4.39567e-05,-0.0017802152313067068
4.39568e-05,-0.0026552152645037065
4.39569e-05,-0.002569277761306707
4.3957e-05,-0.0026552152645037065
4.39571e-05,-0.003811465731306707
4.39572e-05,-0.004655215731306707
4.39573e-05,-0.0038974027313067065
4.39574e-05,-0.0026552152645037065
4.39575e-05,-0.002350527731306707
4.39576e-05,-0.0026552152645037065
4.39577e-05,-0.0025927152613067065
4.39578e-05,-0.0026552152645037065
4.39579e-05,-0.0035380277313067066
4.3958e-05,-0.004655215731306707
4.39581e-05,-0.005006777731306707
4.39582e-05,-0.004655215731306707
4.39583e-05,-0.0039286527313067065
4.39584e-05,-0.0026552152645037065
4.39585e-05,-0.0011474027313067067
4.39586e-05,-0.0006552157313067068
4.39587e-05,-0.0016395907313067066
4.39588e-05,-0.0026552152645037065
4.39589e-05,-0.0026552152645037065
4.3959e-05,-0.0026552152645037065
4.39591e-05,-0.0036474027313067067
4.39592e-05,-0.004655215731306707
4.39593e-05,-0.004209902731306707
4.39594e-05,-0.0026552152645037065
4.39595e-05,-0.0013036527313067068
4.39596e-05,-0.0006552157313067068
4.39597e-05,-0.0005770907313067068
4.39598e-05,-0.0006552157313067068
4.39599e-05,-0.0006786527313067067
4.396e-05,-0.0006552157313067068
4.39601e-05,-0.0006942777313067067
4.39602e-05,-0.0006552157313067068
4.39603e-05,-0.0010536527313067068
4.39604e-05,-0.0026552152645037065
4.39605e-05,-0.004733340731306707
4.39606e-05,-0.004655215731306707
4.39607e-05,-0.0015067777313067068
4.39608e-05,0.0013447852686932936
4.39609e-05,0.001024472268693293
4.3961e-05,-0.0006552157313067068
4.39611e-05,-0.0010302157313067067
4.39612e-05,-0.0006552157313067068
4.39613e-05,-0.0008974027313067067
4.39614e-05,-0.0006552157313067068
4.39615e-05,0.0007979102686932935
4.39616e-05,0.0013447852686932936
4.39617e-05,-0.0006552157313067068
4.39618e-05,-0.0026552152645037065
4.39619e-05,-0.0021786527313067067
4.3962e-05,-0.0006552157313067068
4.39621e-05,-0.0003036527313067068
4.39622e-05,-0.0006552157313067068
4.39623e-05,-0.0005067777313067065
4.39624e-05,-0.0006552157313067068
4.39625e-05,-0.0018270902313067068
4.39626e-05,-0.0026552152645037065
4.39627e-05,-0.0018427152313067068
4.39628e-05,-0.0006552157313067068
4.39629e-05,-0.0005614657313067067
4.3963e-05,-0.0006552157313067068
4.39631e-05,0.0001729102686932934
4.39632e-05,0.0013447852686932936
4.39633e-05,0.0016807222686932933
4.39634e-05,0.0013447852686932936
4.39635e-05,0.0007354102686932935
4.39636e-05,-0.0006552157313067068
4.39637e-05,-0.0029989652313067066
4.39638e-05,-0.004655215731306707
4.39639e-05,-0.004280215731306707
4.3964e-05,-0.0026552152645037065
4.39641e-05,-0.0007880277313067068
4.39642e-05,0.0013447852686932936
4.39643e-05,0.003290097268693293
4.39644e-05,0.0033447852686932936
4.39645e-05,0.0006104102686932933
4.39646e-05,-0.0026552152645037065
4.39647e-05,-0.0038036527313067064
4.39648e-05,-0.0026552152645037065
4.39649e-05,-0.0010849027313067068
4.3965e-05,-0.0006552157313067068
4.39651e-05,-0.0015849027313067066
4.39652e-05,-0.0026552152645037065
4.39653e-05,-0.0029130277313067065
4.39654e-05,-0.0026552152645037065
4.39655e-05,-0.0024989652313067066
4.39656e-05,-0.0026552152645037065
4.39657e-05,-0.0027020902613067066
4.39658e-05,-0.0026552152645037065
4.39659e-05,-0.0026708402613067066
4.3966e-05,-0.0026552152645037065
4.39661e-05,-0.0025380277313067066
4.39662e-05,-0.0026552152645037065
4.39663e-05,-0.002866152731306707
4.39664e-05,-0.0026552152645037065
4.39665e-05,-0.0017020902313067067
4.39666e-05,-0.0006552157313067068
4.39667e-05,-0.00036615273130670683
4.39668e-05,-0.0006552157313067068
4.39669e-05,-0.0008974027313067067
4.3967e-05,-0.0006552157313067068
