-4.41e-08,0.0030430274302818182
-4.4e-08,-0.0015819728697181814
-4.39e-08,-0.004956972569718181
-4.38e-08,-0.0054882225697181816
-4.37e-08,-0.004956972569718181
-4.36e-08,-0.004035097569718182
-4.35e-08,-0.0009569728748281814
-4.34e-08,0.004246152430281818
-4.33e-08,0.007043027430281819
-4.32e-08,0.003980527430281818
-4.31e-08,-0.0009569728748281814
-4.3e-08,-0.0024725975697181815
-4.29e-08,-0.0009569728748281814
-4.28e-08,8.990243028181863e-05
-4.27e-08,-0.0009569728748281814
-4.26e-08,-0.0032382225697181813
-4.25e-08,-0.004956972569718181
-4.24e-08,-0.005222597569718181
-4.23e-08,-0.004956972569718181
-4.22e-08,-0.0038319725697181814
-4.21e-08,-0.0009569728748281814
-4.2e-08,0.0028086524302818184
-4.19e-08,0.0030430274302818182
-4.18e-08,-0.0014413478697181815
-4.17e-08,-0.004956972569718181
-4.16e-08,-0.0025194725697181815
-4.15e-08,0.0030430274302818182
-4.14e-08,0.005527402430281819
-4.13e-08,0.0030430274302818182
-4.12e-08,-0.0007225978697181814
-4.11e-08,-0.0009569728748281814
-4.1e-08,0.0020899024302818187
-4.09e-08,0.0030430274302818182
-4.08e-08,-0.0008475978697181814
-4.07e-08,-0.004956972569718181
-4.06e-08,-0.0033475975697181814
-4.05e-08,0.0030430274302818182
-4.04e-08,0.007918027430281818
-4.03e-08,0.007043027430281819
-4.02e-08,0.0019492774302818185
-4.01e-08,-0.0009569728748281814
-4e-08,0.0008711524302818187
-3.99e-08,0.0030430274302818182
-3.98e-08,0.0015274024302818186
-3.97e-08,-0.0009569728748281814
-3.96e-08,-0.0008788478697181815
-3.95e-08,-0.0009569728748281814
-3.94e-08,-0.004550722569718182
-3.93e-08,-0.008956972569718181
-3.92e-08,-0.008863222569718181
-3.91e-08,-0.004956972569718181
-3.9e-08,-0.00037884786971818145
-3.89e-08,0.0030430274302818182
-3.88e-08,0.0043399024302818185
-3.87e-08,0.0030430274302818182
-3.86e-08,0.00013677743028181867
-3.85e-08,-0.0009569728748281814
-3.84e-08,0.0010430274302818186
-3.83e-08,0.0030430274302818182
-3.82e-08,0.0009180274302818185
-3.81e-08,-0.004956972569718181
-3.8e-08,-0.010785097569718181
-3.79e-08,-0.012956968569718182
-3.78e-08,-0.010003847569718182
-3.77e-08,-0.004956972569718181
-3.76e-08,-0.0011913478697181813
-3.75e-08,-0.0009569728748281814
-3.74e-08,-0.0031444725697181816
-3.73e-08,-0.004956972569718181
-3.72e-08,-0.004081972569718182
-3.71e-08,-0.0009569728748281814
-3.7e-08,0.0021992774302818188
-3.69e-08,0.0030430274302818182
-3.68e-08,0.0011992774302818188
-3.67e-08,-0.0009569728748281814
-3.66e-08,-0.0016600978697181813
-3.65e-08,-0.0009569728748281814
-3.64e-08,-0.0003007228697181814
-3.63e-08,-0.0009569728748281814
-3.62e-08,-0.0019100978697181815
-3.61e-08,-0.0009569728748281814
-3.6e-08,0.0016992774302818188
-3.59e-08,0.0030430274302818182
-3.58e-08,0.0013555274302818185
-3.57e-08,-0.0009569728748281814
-3.56e-08,-0.0004569728697181814
-3.55e-08,0.0030430274302818182
-3.54e-08,0.005386777430281819
-3.53e-08,0.0030430274302818182
-3.52e-08,-0.0026288475697181816
-3.51e-08,-0.004956972569718181
-3.5e-08,-0.0009882228797181815
-3.49e-08,0.0030430274302818182
-3.48e-08,0.0009024024302818185
-3.47e-08,-0.004956972569718181
-3.46e-08,-0.008331972569718182
-3.45e-08,-0.008956972569718181
-3.44e-08,-0.008144472569718182
-3.43e-08,-0.004956972569718181
-3.42e-08,0.0005899024302818186
-3.41e-08,0.0030430274302818182
-3.4e-08,0.0004492774302818185
-3.39e-08,-0.0009569728748281814
-3.38e-08,0.0031836524302818183
-3.37e-08,0.007043027430281819
-3.36e-08,0.004433652430281819
-3.35e-08,-0.0009569728748281814
-3.34e-08,-0.0028319725697181814
-3.33e-08,-0.0009569728748281814
-3.32e-08,0.0011992774302818188
-3.31e-08,0.0030430274302818182
-3.3e-08,0.0053711524302818186
-3.29e-08,0.007043027430281819
-3.28e-08,0.006074277430281818
-3.27e-08,0.0030430274302818182
-3.26e-08,8.990243028181863e-05
-3.25e-08,-0.0009569728748281814
-3.24e-08,0.0004336524302818185
-3.23e-08,0.0030430274302818182
-3.22e-08,0.004480527430281819
-3.21e-08,0.0030430274302818182
-3.2e-08,-3.847869718181444e-06
-3.19e-08,-0.0009569728748281814
-3.18e-08,0.0013711524302818185
-3.17e-08,0.0030430274302818182
-3.16e-08,0.0013711524302818185
-3.15e-08,-0.0009569728748281814
-3.14e-08,-8.19728697181814e-05
-3.13e-08,0.0030430274302818182
-3.12e-08,0.004574277430281819
-3.11e-08,0.0030430274302818182
-3.1e-08,0.00026177743028181857
-3.09e-08,-0.0009569728748281814
-3.08e-08,0.00048052743028181855
-3.07e-08,0.0030430274302818182
-3.06e-08,0.004246152430281818
-3.05e-08,0.0030430274302818182
-3.04e-08,0.0006367774302818185
-3.03e-08,-0.0009569728748281814
-3.02e-08,-0.0010350978797181813
-3.01e-08,-0.0009569728748281814
-3e-08,-0.0013163478697181814
-2.99e-08,-0.0009569728748281814
-2.98e-08,0.0010430274302818186
-2.97e-08,0.0030430274302818182
-2.96e-08,0.0033555274302818185
-2.95e-08,0.0030430274302818182
-2.94e-08,0.0031524024302818183
-2.93e-08,0.0030430274302818182
-2.92e-08,0.0013086524302818184
-2.91e-08,-0.0009569728748281814
-2.9e-08,-0.0018319728697181814
-2.89e-08,-0.0009569728748281814
-2.88e-08,0.00021490243028181853
-2.87e-08,-0.0009569728748281814
-2.86e-08,-0.004863222569718181
-2.85e-08,-0.008956972569718181
-2.84e-08,-0.010206972569718182
-2.83e-08,-0.008956972569718181
-2.82e-08,-0.005753847569718182
-2.81e-08,-0.0009569728748281814
-2.8e-08,0.004527402430281819
-2.79e-08,0.007043027430281819
-2.78e-08,0.0042930274302818185
-2.77e-08,-0.0009569728748281814
-2.76e-08,-0.0045194725697181816
-2.75e-08,-0.004956972569718181
-2.74e-08,-0.0032382225697181813
-2.73e-08,-0.0009569728748281814
-2.72e-08,0.0011367774302818187
-2.71e-08,0.0030430274302818182
-2.7e-08,0.004058652430281818
-2.69e-08,0.0030430274302818182
-2.68e-08,0.0004180274302818185
-2.67e-08,-0.0009569728748281814
-2.66e-08,0.0006055274302818187
-2.65e-08,0.0030430274302818182
-2.64e-08,0.0036055274302818187
-2.63e-08,0.0030430274302818182
-2.62e-08,0.0028711524302818185
-2.61e-08,0.0030430274302818182
-2.6e-08,0.0019180274302818185
-2.59e-08,-0.0009569728748281814
-2.58e-08,-0.004035097569718182
-2.57e-08,-0.004956972569718181
-2.56e-08,-0.0030350975697181815
-2.55e-08,-0.0009569728748281814
-2.54e-08,-0.0005663478697181814
-2.53e-08,-0.0009569728748281814
-2.52e-08,-0.0006444728697181815
-2.51e-08,-0.0009569728748281814
-2.5e-08,-0.0028788475697181814
-2.49e-08,-0.004956972569718181
-2.48e-08,-0.004300722569718181
-2.47e-08,-0.0009569728748281814
-2.46e-08,0.0023555274302818185
-2.45e-08,0.0030430274302818182
-2.44e-08,0.0009649024302818185
-2.43e-08,-0.0009569728748281814
-2.42e-08,-1.9472869718181458e-05
-2.41e-08,0.0030430274302818182
-2.4e-08,0.004761777430281819
-2.39e-08,0.0030430274302818182
-2.38e-08,-0.0012694728697181814
-2.37e-08,-0.004956972569718181
-2.36e-08,-0.004941347569718181
-2.35e-08,-0.0009569728748281814
-2.34e-08,0.0034649024302818186
-2.33e-08,0.0030430274302818182
-2.32e-08,-0.0020038475697181815
-2.31e-08,-0.004956972569718181
-2.3e-08,-0.0014569728697181815
-2.29e-08,0.0030430274302818182
-2.28e-08,0.0026524024302818187
-2.27e-08,-0.0009569728748281814
-2.26e-08,-0.0023788475697181814
-2.25e-08,-0.0009569728748281814
-2.24e-08,0.0010586524302818186
-2.23e-08,0.0030430274302818182
-2.22e-08,0.005386777430281819
-2.21e-08,0.007043027430281819
-2.2e-08,0.007043027430281819
-2.19e-08,0.007043027430281819
-2.18e-08,0.007464902430281818
-2.17e-08,0.007043027430281819
-2.16e-08,0.004761777430281819
-2.15e-08,0.0030430274302818182
-2.14e-08,0.0031367774302818183
-2.13e-08,0.0030430274302818182
-2.12e-08,0.0010274024302818186
-2.11e-08,-0.0009569728748281814
-2.1e-08,-0.0008163478697181814
-2.09e-08,-0.0009569728748281814
-2.08e-08,-0.0030350975697181815
-2.07e-08,-0.004956972569718181
-2.06e-08,-0.0037382225697181813
-2.05e-08,-0.0009569728748281814
-2.04e-08,0.0011367774302818187
-2.03e-08,0.0030430274302818182
-2.02e-08,0.005589902430281819
-2.01e-08,0.007043027430281819
-2e-08,0.005652402430281819
-1.99e-08,0.0030430274302818182
-1.98e-08,0.0009180274302818185
-1.97e-08,-0.0009569728748281814
-1.96e-08,-0.0032538475697181813
-1.95e-08,-0.004956972569718181
-1.94e-08,-0.004206972569718181
-1.93e-08,-0.0009569728748281814
-1.92e-08,0.0025586524302818187
-1.91e-08,0.0030430274302818182
-1.9e-08,0.0006211524302818187
-1.89e-08,-0.0009569728748281814
-1.88e-08,0.0009492774302818185
-1.87e-08,0.0030430274302818182
-1.86e-08,0.0018086524302818184
-1.85e-08,-0.0009569728748281814
-1.84e-08,-0.0018163478697181814
-1.83e-08,-0.0009569728748281814
-1.82e-08,0.0004024024302818185
-1.81e-08,0.0030430274302818182
-1.8e-08,0.006496152430281819
-1.79e-08,0.007043027430281819
-1.78e-08,0.002964902430281818
-1.77e-08,-0.0009569728748281814
-1.76e-08,-9.759786971818142e-05
-1.75e-08,0.0030430274302818182
-1.74e-08,0.004183652430281818
-1.73e-08,0.0030430274302818182
-1.72e-08,0.0013867774302818185
-1.71e-08,-0.0009569728748281814
-1.7e-08,-0.0029413475697181815
-1.69e-08,-0.0009569728748281814
-1.68e-08,0.005918027430281818
-1.67e-08,0.011043031430281819
-1.66e-08,0.010058651430281819
-1.65e-08,0.007043027430281819
-1.64e-08,0.006652402430281819
-1.63e-08,0.007043027430281819
-1.62e-08,0.004871152430281819
-1.61e-08,0.0030430274302818182
-1.6e-08,0.005433652430281819
-1.59e-08,0.011043031430281819
-1.58e-08,0.014808651430281818
-1.57e-08,0.015043031430281817
-1.56e-08,0.011761781430281818
-1.55e-08,0.007043027430281819
-1.54e-08,0.0025274024302818186
-1.53e-08,-0.0009569728748281814
-1.52e-08,-0.0030507225697181816
-1.51e-08,-0.004956972569718181
-1.5e-08,-0.006581972569718182
-1.49e-08,-0.008956972569718181
-1.48e-08,-0.009956972569718182
-1.47e-08,-0.008956972569718181
-1.46e-08,-0.0037069725697181813
-1.45e-08,0.0030430274302818182
-1.44e-08,0.009777401430281819
-1.43e-08,0.015043031430281817
-1.42e-08,0.018949281430281815
-1.41e-08,0.023043031430281816
-1.4e-08,0.02673053143028182
-1.39e-08,0.031043031430281816
-1.38e-08,0.03366803143028182
-1.37e-08,0.03504303143028182
-1.36e-08,0.03243365143028182
-1.35e-08,0.02704303143028182
-1.34e-08,0.017730531430281818
-1.33e-08,0.007043027430281819
-1.32e-08,-0.0030194725697181815
-1.31e-08,-0.008956972569718181
-1.3e-08,-0.010019472569718182
-1.29e-08,-0.008956972569718181
-1.28e-08,-0.008206972569718182
-1.27e-08,-0.008956972569718181
-1.26e-08,-0.010175722569718182
-1.25e-08,-0.012956968569718182
-1.24e-08,-0.01751946856971818
-1.23e-08,-0.02495696856971818
-1.22e-08,-0.03128509856971818
-1.21e-08,-0.032956968569718186
-1.2e-08,-0.02856634856971818
-1.19e-08,-0.02495696856971818
-1.18e-08,-0.02491009856971818
-1.17e-08,-0.02495696856971818
-1.16e-08,-0.01958196856971818
-1.15e-08,-0.012956968569718182
-1.14e-08,-0.009753847569718182
-1.13e-08,-0.008956972569718181
-1.12e-08,-0.007019472569718181
-1.11e-08,-0.004956972569718181
-1.1e-08,-0.0037850975697181813
-1.09e-08,-0.0009569728748281814
-1.08e-08,0.004605527430281819
-1.07e-08,0.007043027430281819
-1.06e-08,0.0032930274302818184
-1.05e-08,-0.0009569728748281814
-1.04e-08,0.0009492774302818185
-1.03e-08,0.007043027430281819
-1.02e-08,0.013839901430281819
-1.01e-08,0.023043031430281816
-1e-08,0.034386781430281815
-9.9e-09,0.04304303143028182
-9.8e-09,0.04266803143028182
-9.7e-09,0.039043031430281816
-9.6e-09,0.03608990143028182
-9.5e-09,0.03504303143028182
-9.4e-09,0.03040240143028182
-9.3e-09,0.023043031430281816
-9.2e-09,0.013949281430281818
-9.1e-09,0.007043027430281819
-9e-09,0.0016055274302818187
-8.9e-09,-0.004956972569718181
-8.8e-09,-0.012347598569718182
-8.7e-09,-0.016956968569718178
-8.6e-09,-0.01634759856971818
-8.5e-09,-0.016956968569718178
-8.4e-09,-0.022003848569718182
-8.3e-09,-0.028956968569718182
-8.2e-09,-0.029519468569718182
-8.1e-09,-0.02495696856971818
-8e-09,-0.01975384856971818
-7.9e-09,-0.020956968569718182
-7.8e-09,-0.02631634856971818
-7.7e-09,-0.028956968569718182
-7.6e-09,-0.02280071856971818
-7.5e-09,-0.012956968569718182
-7.4e-09,-0.0055038475697181816
-7.3e-09,-0.0009569728748281814
-7.2e-09,0.0032149024302818184
-7.1e-09,0.007043027430281819
-7e-09,0.008043027430281818
-6.9e-09,0.007043027430281819
-6.8e-09,0.006121152430281818
-6.7e-09,0.007043027430281819
-6.6e-09,0.007996152430281818
-6.5e-09,0.007043027430281819
-6.4e-09,0.003886777430281819
-6.3e-09,0.0030430274302818182
-6.2e-09,0.007621152430281818
-6.1e-09,0.015043031430281817
-6e-09,0.01954303143028182
-5.9e-09,0.01904303143028182
-5.8e-09,0.014761781430281817
-5.7e-09,0.011043031430281819
-5.6e-09,0.00966803143028182
-5.5e-09,0.011043031430281819
-5.4e-09,0.011933651430281819
-5.3e-09,0.011043031430281819
-5.2e-09,0.007168027430281819
-5.1e-09,0.0030430274302818182
-5e-09,-0.0007538478697181815
-4.9e-09,-0.004956972569718181
-4.8e-09,-0.01050384756971818
-4.7e-09,-0.016956968569718178
-4.6e-09,-0.02259759856971818
-4.5e-09,-0.028956968569718182
-4.4e-09,-0.03428509856971818
-4.3e-09,-0.03695696856971818
-4.2e-09,-0.033769468569718186
-4.1e-09,-0.028956968569718182
-4e-09,-0.02442571856971818
-3.9e-09,-0.020956968569718182
-3.8e-09,-0.015566348569718181
-3.7e-09,-0.008956972569718181
-3.6e-09,-0.0033007225697181813
-3.5e-09,-0.0009569728748281814
-3.4e-09,-0.0024413475697181814
-3.3e-09,-0.004956972569718181
-3.2e-09,-0.006269472569718181
-3.1e-09,-0.004956972569718181
-3e-09,-0.0024725975697181815
-2.9e-09,-0.0009569728748281814
-2.8e-09,-0.0008319728697181814
-2.7e-09,-0.0009569728748281814
-2.6e-09,-0.0003475978697181814
-2.5e-09,-0.0009569728748281814
-2.4e-09,-0.0022694725697181813
-2.3e-09,-0.0009569728748281814
-2.2e-09,0.005761777430281819
-2.1e-09,0.015043031430281817
-2e-09,0.022183651430281816
-1.9e-09,0.02704303143028182
-1.8e-09,0.029699281430281818
-1.7e-09,0.031043031430281816
-1.6e-09,0.02830865143028182
-1.5e-09,0.023043031430281816
-1.4e-09,0.01594928143028182
-1.3e-09,0.011043031430281819
-1.2e-09,0.008527402430281819
-1.1e-09,0.007043027430281819
-1e-09,0.003902402430281819
-9e-10,-0.0009569728748281814
-8e-10,-0.0063632225697181815
-7e-10,-0.012956968569718182
-6e-10,-0.01851946856971818
-5e-10,-0.020956968569718182
-4e-10,-0.01733196856971818
-3e-10,-0.012956968569718182
-2e-10,-0.010066347569718182
-1e-10,-0.008956972569718181
0.0,-0.006597597569718182
1e-10,-0.004956972569718181
2e-10,-0.0038319725697181814
3e-10,-0.0009569728748281814
4e-10,0.0062774024302818185
5e-10,0.015043031430281817
6e-10,0.02060553143028182
7e-10,0.023043031430281816
8e-10,0.023168031430281816
9e-10,0.023043031430281816
1e-09,0.022308651430281816
1.1e-09,0.023043031430281816
1.2e-09,0.02376178143028182
1.3e-09,0.023043031430281816
1.4e-09,0.01885553143028182
1.5e-09,0.015043031430281817
1.6e-09,0.012980531430281819
1.7e-09,0.011043031430281819
1.8e-09,0.007058652430281819
1.9e-09,0.0030430274302818182
2e-09,0.0011836524302818187
2.1e-09,-0.0009569728748281814
2.2e-09,-0.004972597569718181
2.3e-09,-0.008956972569718181
2.4e-09,-0.009456972569718182
2.5e-09,-0.008956972569718181
2.6e-09,-0.009050722569718181
2.7e-09,-0.008956972569718181
2.8e-09,-0.006925722569718181
2.9e-09,-0.004956972569718181
3e-09,-0.005003847569718181
3.1e-09,-0.004956972569718181
3.2e-09,-0.0031132225697181816
3.3e-09,-0.0009569728748281814
3.4e-09,-0.0016288478697181815
3.5e-09,-0.004956972569718181
3.6e-09,-0.010097597569718182
3.7e-09,-0.016956968569718178
3.8e-09,-0.023816348569718183
3.9e-09,-0.028956968569718182
4e-09,-0.02880071856971818
4.1e-09,-0.02495696856971818
4.2e-09,-0.01951946856971818
4.3e-09,-0.016956968569718178
4.4e-09,-0.01506634856971818
4.5e-09,-0.008956972569718181
4.6e-09,0.0034336524302818186
4.7e-09,0.015043031430281817
4.8e-09,0.018043031430281818
4.9e-09,0.015043031430281817
5e-09,0.01132428143028182
5.1e-09,0.011043031430281819
5.2e-09,0.01148053143028182
5.3e-09,0.011043031430281819
5.4e-09,0.007621152430281818
5.5e-09,0.0030430274302818182
5.6e-09,-0.0016444728697181813
5.7e-09,-0.004956972569718181
5.8e-09,-0.0063632225697181815
5.9e-09,-0.004956972569718181
6e-09,-0.0017538478697181814
6.1e-09,-0.0009569728748281814
6.2e-09,-0.004581972569718182
6.3e-09,-0.008956972569718181
6.4e-09,-0.01103509856971818
6.5e-09,-0.012956968569718182
6.6e-09,-0.01673821856971818
6.7e-09,-0.020956968569718182
6.8e-09,-0.021941348569718182
6.9e-09,-0.020956968569718182
7e-09,-0.02098821856971818
7.1e-09,-0.02495696856971818
7.2e-09,-0.029144468569718182
7.3e-09,-0.028956968569718182
7.4e-09,-0.02131634856971818
7.5e-09,-0.012956968569718182
7.6e-09,-0.009113222569718181
7.7e-09,-0.008956972569718181
7.8e-09,-0.00797259756971818
7.9e-09,-0.004956972569718181
8e-09,-0.0014725978697181816
8.1e-09,0.0030430274302818182
8.2e-09,0.007746152430281818
8.3e-09,0.011043031430281819
8.4e-09,0.009871151430281819
8.5e-09,0.007043027430281819
8.6e-09,0.0033867774302818185
8.7e-09,-0.0009569728748281814
8.8e-09,-0.006066347569718181
8.9e-09,-0.008956972569718181
9e-09,-0.00841009756971818
9.1e-09,-0.008956972569718181
9.2e-09,-0.01281634856971818
9.3e-09,-0.016956968569718178
9.4e-09,-0.01623821856971818
9.5e-09,-0.012956968569718182
9.6e-09,-0.009206972569718181
9.7e-09,-0.004956972569718181
9.8e-09,0.0014961524302818186
9.9e-09,0.007043027430281819
1e-08,0.008668027430281819
1.01e-08,0.007043027430281819
1.02e-08,0.004746152430281819
1.03e-08,0.0030430274302818182
1.04e-08,0.002214902430281819
1.05e-08,0.0030430274302818182
1.06e-08,0.006058652430281818
1.07e-08,0.011043031430281819
1.08e-08,0.015933651430281817
1.09e-08,0.01904303143028182
1.1e-08,0.01937115143028182
1.11e-08,0.01904303143028182
1.12e-08,0.01905865143028182
1.13e-08,0.01904303143028182
1.14e-08,0.01732428143028182
1.15e-08,0.015043031430281817
1.16e-08,0.012918031430281819
1.17e-08,0.011043031430281819
1.18e-08,0.008746152430281819
1.19e-08,0.007043027430281819
1.2e-08,0.006949277430281819
1.21e-08,0.007043027430281819
1.22e-08,0.006730527430281819
1.23e-08,0.007043027430281819
1.24e-08,0.008230527430281818
1.25e-08,0.007043027430281819
1.26e-08,0.0036680274302818188
1.27e-08,0.0030430274302818182
1.28e-08,0.007746152430281818
1.29e-08,0.011043031430281819
1.3e-08,0.007918027430281818
1.31e-08,0.0030430274302818182
1.32e-08,0.0032305274302818184
1.33e-08,0.007043027430281819
1.34e-08,0.009793031430281818
1.35e-08,0.011043031430281819
1.36e-08,0.012824281430281819
1.37e-08,0.015043031430281817
1.38e-08,0.015683651430281817
1.39e-08,0.015043031430281817
1.4e-08,0.01332428143028182
1.41e-08,0.011043031430281819
1.42e-08,0.008433652430281819
1.43e-08,0.007043027430281819
1.44e-08,0.006980527430281819
1.45e-08,0.007043027430281819
1.46e-08,0.005621152430281819
1.47e-08,0.0030430274302818182
1.48e-08,0.0007774024302818186
1.49e-08,-0.0009569728748281814
1.5e-08,-0.0016600978697181813
1.51e-08,-0.0009569728748281814
1.52e-08,0.0001992774302818185
1.53e-08,-0.0009569728748281814
1.54e-08,-0.004238222569718181
1.55e-08,-0.004956972569718181
1.56e-08,-0.0008788478697181815
1.57e-08,0.0030430274302818182
1.58e-08,0.0012617774302818184
1.59e-08,-0.004956972569718181
1.6e-08,-0.01048822256971818
1.61e-08,-0.012956968569718182
1.62e-08,-0.012956968569718182
1.63e-08,-0.012956968569718182
1.64e-08,-0.01309759856971818
1.65e-08,-0.012956968569718182
1.66e-08,-0.011019468569718182
1.67e-08,-0.008956972569718181
1.68e-08,-0.007066347569718181
1.69e-08,-0.004956972569718181
1.7e-08,-0.0019257228697181815
1.71e-08,-0.0009569728748281814
1.72e-08,-0.0022850975697181813
1.73e-08,-0.0009569728748281814
1.74e-08,0.0053086524302818185
1.75e-08,0.011043031430281819
1.76e-08,0.01144928143028182
1.77e-08,0.011043031430281819
1.78e-08,0.01338678143028182
1.79e-08,0.015043031430281817
1.8e-08,0.011261781430281819
1.81e-08,0.007043027430281819
1.82e-08,0.007449277430281818
1.83e-08,0.011043031430281819
1.84e-08,0.012121151430281819
1.85e-08,0.011043031430281819
1.86e-08,0.009277401430281818
1.87e-08,0.007043027430281819
1.88e-08,0.0032461524302818184
1.89e-08,-0.0009569728748281814
1.9e-08,-0.004550722569718182
1.91e-08,-0.008956972569718181
1.92e-08,-0.013753848569718181
1.93e-08,-0.016956968569718178
1.94e-08,-0.01591009856971818
1.95e-08,-0.012956968569718182
1.96e-08,-0.01023822256971818
1.97e-08,-0.008956972569718181
1.98e-08,-0.0074413475697181816
1.99e-08,-0.004956972569718181
2e-08,-0.0023007225697181813
2.01e-08,-0.0009569728748281814
2.02e-08,-0.0023632225697181814
2.03e-08,-0.004956972569718181
2.04e-08,-0.007503847569718182
2.05e-08,-0.008956972569718181
2.06e-08,-0.01041009756971818
2.07e-08,-0.012956968569718182
2.08e-08,-0.01666009856971818
2.09e-08,-0.020956968569718182
2.1e-08,-0.02391009856971818
2.11e-08,-0.02495696856971818
2.12e-08,-0.023206968569718184
2.13e-08,-0.020956968569718182
2.14e-08,-0.017691348569718178
2.15e-08,-0.012956968569718182
2.16e-08,-0.007222597569718181
2.17e-08,-0.004956972569718181
2.18e-08,-0.0073475975697181815
2.19e-08,-0.008956972569718181
2.2e-08,-0.005722597569718182
2.21e-08,-0.0009569728748281814
2.22e-08,-3.509786971818147e-05
2.23e-08,-0.0009569728748281814
2.24e-08,-0.0010819728697181814
2.25e-08,-0.0009569728748281814
2.26e-08,-0.0027538475697181817
2.27e-08,-0.004956972569718181
2.28e-08,-0.005269472569718181
2.29e-08,-0.004956972569718181
2.3e-08,-0.006144472569718181
2.31e-08,-0.008956972569718181
2.32e-08,-0.01055072256971818
2.33e-08,-0.008956972569718181
2.34e-08,-0.0034413475697181815
2.35e-08,0.0030430274302818182
2.36e-08,0.007043027430281819
2.37e-08,0.007043027430281819
2.38e-08,0.004480527430281819
2.39e-08,0.0030430274302818182
2.4e-08,0.004543027430281819
2.41e-08,0.007043027430281819
2.42e-08,0.008011777430281818
2.43e-08,0.007043027430281819
2.44e-08,0.005074277430281818
2.45e-08,0.0030430274302818182
2.46e-08,0.0018086524302818184
2.47e-08,0.0030430274302818182
2.48e-08,0.007886777430281818
2.49e-08,0.015043031430281817
2.5e-08,0.020949281430281817
2.51e-08,0.023043031430281816
2.52e-08,0.02005865143028182
2.53e-08,0.015043031430281817
2.54e-08,0.01033990143028182
2.55e-08,0.007043027430281819
2.56e-08,0.004543027430281819
2.57e-08,0.0030430274302818182
2.58e-08,0.0028242774302818185
2.59e-08,0.0030430274302818182
2.6e-08,0.0032461524302818184
2.61e-08,0.0030430274302818182
2.62e-08,0.0033242774302818185
2.63e-08,0.0030430274302818182
2.64e-08,0.0030742774302818182
2.65e-08,0.0030430274302818182
2.66e-08,0.0043399024302818185
2.67e-08,0.007043027430281819
2.68e-08,0.010121151430281819
2.69e-08,0.011043031430281819
2.7e-08,0.010918031430281819
2.71e-08,0.015043031430281817
2.72e-08,0.024168031430281817
2.73e-08,0.031043031430281816
2.74e-08,0.028839901430281818
2.75e-08,0.023043031430281816
2.76e-08,0.01973053143028182
2.77e-08,0.01904303143028182
2.78e-08,0.016855531430281817
2.79e-08,0.015043031430281817
2.8e-08,0.015043031430281817
2.81e-08,0.015043031430281817
2.82e-08,0.011746151430281819
2.83e-08,0.007043027430281819
2.84e-08,0.004074277430281818
2.85e-08,0.0030430274302818182
2.86e-08,0.0020742774302818187
2.87e-08,-0.0009569728748281814
2.88e-08,-0.0054882225697181816
2.89e-08,-0.008956972569718181
2.9e-08,-0.009503847569718182
2.91e-08,-0.008956972569718181
2.92e-08,-0.008816347569718181
2.93e-08,-0.008956972569718181
2.94e-08,-0.00822259756971818
2.95e-08,-0.008956972569718181
2.96e-08,-0.012206968569718181
2.97e-08,-0.016956968569718178
2.98e-08,-0.01989446856971818
2.99e-08,-0.020956968569718182
3e-08,-0.01994134856971818
3.01e-08,-0.016956968569718178
3.02e-08,-0.011425718569718182
3.03e-08,-0.004956972569718181
3.04e-08,0.0004180274302818185
3.05e-08,0.0030430274302818182
3.06e-08,0.0022930274302818184
3.07e-08,-0.0009569728748281814
3.08e-08,-0.005191347569718181
3.09e-08,-0.008956972569718181
3.1e-08,-0.01051947256971818
3.11e-08,-0.008956972569718181
3.12e-08,-0.004628847569718181
3.13e-08,-0.0009569728748281814
3.14e-08,0.0010274024302818186
3.15e-08,0.0030430274302818182
3.16e-08,0.006980527430281819
3.17e-08,0.011043031430281819
3.18e-08,0.013168031430281819
3.19e-08,0.015043031430281817
3.2e-08,0.01829303143028182
3.21e-08,0.023043031430281816
3.22e-08,0.02507428143028182
3.23e-08,0.023043031430281816
3.24e-08,0.016980531430281817
3.25e-08,0.011043031430281819
3.26e-08,0.007714902430281818
3.27e-08,0.007043027430281819
3.28e-08,0.006136777430281818
3.29e-08,0.0030430274302818182
3.3e-08,-0.0006913478697181814
3.31e-08,-0.0009569728748281814
3.32e-08,0.0033399024302818185
3.33e-08,0.007043027430281819
3.34e-08,0.0062930274302818185
3.35e-08,0.0030430274302818182
3.36e-08,0.0008711524302818187
3.37e-08,-0.0009569728748281814
3.38e-08,-0.004628847569718181
3.39e-08,-0.008956972569718181
3.4e-08,-0.01047259756971818
3.41e-08,-0.008956972569718181
3.42e-08,-0.0063788475697181815
3.43e-08,-0.004956972569718181
3.44e-08,-0.005910097569718181
3.45e-08,-0.008956972569718181
3.46e-08,-0.011050718569718182
3.47e-08,-0.008956972569718181
3.48e-08,-0.0034569725697181815
3.49e-08,-0.0009569728748281814
3.5e-08,-0.0054413475697181815
3.51e-08,-0.012956968569718182
3.52e-08,-0.01697259856971818
3.53e-08,-0.016956968569718178
3.54e-08,-0.01494134856971818
3.55e-08,-0.012956968569718182
3.56e-08,-0.010613222569718181
3.57e-08,-0.008956972569718181
3.58e-08,-0.0074100975697181815
3.59e-08,-0.004956972569718181
3.6e-08,-0.0009257228697181814
3.61e-08,0.0030430274302818182
3.62e-08,0.0043867774302818185
3.63e-08,0.0030430274302818182
3.64e-08,0.0011524024302818187
3.65e-08,0.0030430274302818182
3.66e-08,0.007949277430281818
3.67e-08,0.011043031430281819
3.68e-08,0.007074277430281819
3.69e-08,-0.0009569728748281814
3.7e-08,-0.0073632225697181815
3.71e-08,-0.008956972569718181
3.72e-08,-0.006878847569718181
3.73e-08,-0.004956972569718181
3.74e-08,-0.0055038475697181816
3.75e-08,-0.008956972569718181
3.76e-08,-0.012347598569718182
3.77e-08,-0.012956968569718182
3.78e-08,-0.009441347569718182
3.79e-08,-0.004956972569718181
3.8e-08,-0.0017694728697181814
3.81e-08,-0.0009569728748281814
3.82e-08,-0.0011444728697181815
3.83e-08,-0.0009569728748281814
3.84e-08,-0.0004100978697181815
3.85e-08,-0.0009569728748281814
3.86e-08,-0.0020350975697181815
3.87e-08,-0.0009569728748281814
3.88e-08,0.0032930274302818184
3.89e-08,0.007043027430281819
3.9e-08,0.007308652430281819
3.91e-08,0.007043027430281819
3.92e-08,0.00904302743028182
3.93e-08,0.011043031430281819
3.94e-08,0.01058990143028182
3.95e-08,0.011043031430281819
3.96e-08,0.013824281430281818
3.97e-08,0.015043031430281817
3.98e-08,0.011058651430281818
3.99e-08,0.007043027430281819
4e-08,0.007652402430281818
4.01e-08,0.011043031430281819
4.02e-08,0.011293031430281819
4.03e-08,0.007043027430281819
4.04e-08,0.0015899024302818187
4.05e-08,-0.0009569728748281814
4.06e-08,-0.00026947286971818146
4.07e-08,-0.0009569728748281814
4.08e-08,-0.005003847569718181
4.09e-08,-0.008956972569718181
4.1e-08,-0.00816009756971818
4.11e-08,-0.004956972569718181
4.12e-08,-0.0025663475697181816
4.13e-08,-0.0009569728748281814
4.14e-08,0.0017305274302818188
4.15e-08,0.0030430274302818182
4.16e-08,0.0013399024302818184
4.17e-08,-0.0009569728748281814
4.18e-08,-0.0012382228697181813
4.19e-08,-0.0009569728748281814
4.2e-08,-0.0015663478697181814
4.21e-08,-0.0009569728748281814
4.22e-08,0.0026524024302818187
4.23e-08,0.007043027430281819
4.24e-08,0.008621152430281819
4.25e-08,0.007043027430281819
4.26e-08,0.004418027430281819
4.27e-08,0.0030430274302818182
4.28e-08,0.0031367774302818183
4.29e-08,0.0030430274302818182
4.3e-08,0.0023555274302818185
4.31e-08,0.0030430274302818182
4.32e-08,0.005543027430281819
4.33e-08,0.007043027430281819
4.34e-08,0.0053555274302818185
4.35e-08,0.0030430274302818182
4.36e-08,0.003761777430281819
4.37e-08,0.007043027430281819
4.38e-08,0.008918027430281819
4.39e-08,0.007043027430281819
4.4e-08,0.0024180274302818185
4.41e-08,-0.0009569728748281814
4.42e-08,-0.00037884786971818145
4.43e-08,0.0030430274302818182
4.44e-08,0.005214902430281818
4.45e-08,0.0030430274302818182
4.46e-08,-0.0020038475697181815
4.47e-08,-0.004956972569718181
4.48e-08,-0.0034257225697181815
4.49e-08,-0.0009569728748281814
4.5e-08,-0.0017225978697181813
4.51e-08,-0.004956972569718181
4.52e-08,-0.006644472569718182
4.53e-08,-0.004956972569718181
4.54e-08,-0.0017225978697181813
4.55e-08,-0.0009569728748281814
4.56e-08,-0.004003847569718182
4.57e-08,-0.008956972569718181
4.58e-08,-0.012160098569718182
4.59e-08,-0.012956968569718182
4.6e-08,-0.011566348569718181
4.61e-08,-0.008956972569718181
4.62e-08,-0.005019472569718181
4.63e-08,-0.0009569728748281814
4.64e-08,0.0019649024302818186
4.65e-08,0.0030430274302818182
4.66e-08,0.0028086524302818184
4.67e-08,0.0030430274302818182
4.68e-08,0.0035742774302818187
4.69e-08,0.0030430274302818182
4.7e-08,0.0005899024302818186
4.71e-08,-0.0009569728748281814
4.72e-08,5.8652430281818605e-05
4.73e-08,0.0030430274302818182
4.74e-08,0.0036055274302818187
4.75e-08,-0.0009569728748281814
4.76e-08,-0.007613222569718182
4.77e-08,-0.008956972569718181
4.78e-08,-0.0035350975697181816
4.79e-08,-0.0009569728748281814
4.8e-08,-0.007660097569718182
4.81e-08,-0.016956968569718178
4.82e-08,-0.01839446856971818
4.83e-08,-0.012956968569718182
4.84e-08,-0.007206972569718181
4.85e-08,-0.004956972569718181
4.86e-08,-0.004644472569718181
4.87e-08,-0.004956972569718181
4.88e-08,-0.005160097569718181
4.89e-08,-0.004956972569718181
4.9e-08,-0.004535097569718182
4.91e-08,-0.004956972569718181
4.92e-08,-0.005722597569718182
4.93e-08,-0.004956972569718181
4.94e-08,-0.0026913475697181817
4.95e-08,-0.0009569728748281814
4.96e-08,-0.0010350978797181813
4.97e-08,-0.0009569728748281814
4.98e-08,0.0010899024302818187
4.99e-08,0.0030430274302818182
5e-08,0.0022305274302818184
5.01e-08,-0.0009569728748281814
5.02e-08,-0.0038788475697181814
5.03e-08,-0.004956972569718181
5.04e-08,-0.0036600975697181812
5.05e-08,-0.0009569728748281814
5.06e-08,0.0026836524302818188
5.07e-08,0.007043027430281819
5.08e-08,0.010636781430281819
5.09e-08,0.011043031430281819
5.1e-08,0.008371152430281819
5.11e-08,0.007043027430281819
5.12e-08,0.009089901430281818
5.13e-08,0.011043031430281819
5.14e-08,0.008308652430281819
5.15e-08,0.0030430274302818182
5.16e-08,0.0004180274302818185
5.17e-08,0.0030430274302818182
5.18e-08,0.008105527430281818
5.19e-08,0.011043031430281819
5.2e-08,0.008746152430281819
5.21e-08,0.0030430274302818182
5.22e-08,-0.0013163478697181814
5.23e-08,-0.0009569728748281814
5.24e-08,0.0025586524302818187
5.25e-08,0.0030430274302818182
5.26e-08,-0.0022069725697181812
5.27e-08,-0.008956972569718181
5.28e-08,-0.011269468569718182
5.29e-08,-0.008956972569718181
5.3e-08,-0.004847597569718181
5.31e-08,-0.0009569728748281814
5.32e-08,0.0020274024302818186
5.33e-08,0.0030430274302818182
5.34e-08,0.0013242774302818184
5.35e-08,-0.0009569728748281814
5.36e-08,-0.0027850975697181813
5.37e-08,-0.004956972569718181
5.38e-08,-0.008691347569718181
5.39e-08,-0.012956968569718182
5.4e-08,-0.01576946856971818
5.41e-08,-0.016956968569718178
5.42e-08,-0.01701946856971818
5.43e-08,-0.016956968569718178
5.44e-08,-0.016566348569718184
5.45e-08,-0.016956968569718178
5.46e-08,-0.01634759856971818
5.47e-08,-0.012956968569718182
5.48e-08,-0.007300722569718181
5.49e-08,-0.004956972569718181
5.5e-08,-0.00847259756971818
5.51e-08,-0.012956968569718182
5.52e-08,-0.012769468569718181
5.53e-08,-0.008956972569718181
5.54e-08,-0.005816347569718182
5.55e-08,-0.004956972569718181
5.56e-08,-0.005097597569718181
5.57e-08,-0.004956972569718181
5.58e-08,-0.004660097569718181
5.59e-08,-0.004956972569718181
5.6e-08,-0.005285097569718181
5.61e-08,-0.004956972569718181
5.62e-08,-0.0031600975697181812
5.63e-08,-0.0009569728748281814
5.64e-08,-0.0001913478697181814
5.65e-08,-0.0009569728748281814
5.66e-08,-0.0008632228697181814
5.67e-08,0.0030430274302818182
5.68e-08,0.010074281430281818
5.69e-08,0.015043031430281817
5.7e-08,0.013277401430281818
5.71e-08,0.007043027430281819
5.72e-08,0.0012305274302818188
5.73e-08,-0.0009569728748281814
5.74e-08,0.00015240243028181847
5.75e-08,0.0030430274302818182
5.76e-08,0.005871152430281819
5.77e-08,0.007043027430281819
5.78e-08,0.006683652430281819
5.79e-08,0.007043027430281819
5.8e-08,0.008089902430281818
5.81e-08,0.007043027430281819
5.82e-08,0.0027617774302818184
5.83e-08,-0.0009569728748281814
5.84e-08,-0.0004569728697181814
5.85e-08,0.0030430274302818182
5.86e-08,0.005105527430281818
5.87e-08,0.0030430274302818182
5.88e-08,-0.0015350978697181814
5.89e-08,-0.004956972569718181
5.9e-08,-0.005206972569718181
5.91e-08,-0.004956972569718181
5.92e-08,-0.0054882225697181816
5.93e-08,-0.004956972569718181
5.94e-08,-0.0013163478697181814
5.95e-08,0.0030430274302818182
5.96e-08,0.004464902430281819
5.97e-08,0.0030430274302818182
5.98e-08,0.0017617774302818184
5.99e-08,0.0030430274302818182
6e-08,0.004824277430281819
6.01e-08,0.0030430274302818182
6.02e-08,-0.0032694725697181813
6.03e-08,-0.008956972569718181
6.04e-08,-0.008878847569718181
6.05e-08,-0.004956972569718181
6.06e-08,-0.0025507225697181815
6.07e-08,-0.004956972569718181
6.08e-08,-0.008941347569718181
6.09e-08,-0.008956972569718181
6.1e-08,-0.0030507225697181816
6.11e-08,0.0030430274302818182
6.12e-08,0.004480527430281819
6.13e-08,0.0030430274302818182
6.14e-08,0.0026992774302818188
6.15e-08,0.0030430274302818182
6.16e-08,0.0015899024302818187
6.17e-08,-0.0009569728748281814
6.18e-08,-0.0019569725697181815
6.19e-08,-0.0009569728748281814
6.2e-08,0.0009180274302818185
6.21e-08,0.0030430274302818182
6.22e-08,0.004996152430281818
6.23e-08,0.007043027430281819
6.24e-08,0.009105531430281819
6.25e-08,0.011043031430281819
6.26e-08,0.011761781430281818
6.27e-08,0.011043031430281819
6.28e-08,0.008089902430281818
6.29e-08,0.0030430274302818182
6.3e-08,-0.0025819725697181816
6.31e-08,-0.004956972569718181
6.32e-08,-0.0030819725697181816
6.33e-08,-0.0009569728748281814
6.34e-08,-0.0011132228697181815
6.35e-08,-0.0009569728748281814
6.36e-08,0.0017305274302818188
6.37e-08,0.0030430274302818182
6.38e-08,-0.00017572286971818138
6.39e-08,-0.004956972569718181
6.4e-08,-0.0063632225697181815
6.41e-08,-0.004956972569718181
6.42e-08,-0.004050722569718182
6.43e-08,-0.004956972569718181
6.44e-08,-0.005769472569718182
6.45e-08,-0.004956972569718181
6.46e-08,-0.0026444725697181816
6.47e-08,-0.0009569728748281814
6.48e-08,-0.0018163478697181814
6.49e-08,-0.004956972569718181
6.5e-08,-0.006972597569718181
6.51e-08,-0.004956972569718181
6.52e-08,-3.509786971818147e-05
6.53e-08,0.0030430274302818182
6.54e-08,0.0007305274302818186
6.55e-08,-0.004956972569718181
6.56e-08,-0.00809759756971818
6.57e-08,-0.004956972569718181
6.58e-08,0.0014649024302818186
6.59e-08,0.0030430274302818182
6.6e-08,-0.0028007225697181813
6.61e-08,-0.008956972569718181
6.62e-08,-0.007675722569718182
6.63e-08,-0.0009569728748281814
6.64e-08,0.003871152430281819
6.65e-08,0.0030430274302818182
6.66e-08,-0.00037884786971818145
6.67e-08,-0.0009569728748281814
6.68e-08,0.0028555274302818185
6.69e-08,0.007043027430281819
6.7e-08,0.006839902430281819
6.71e-08,0.0030430274302818182
6.72e-08,-0.0005819728697181814
6.73e-08,-0.0009569728748281814
6.74e-08,0.0010430274302818186
6.75e-08,0.0030430274302818182
6.76e-08,0.0033867774302818185
6.77e-08,0.0030430274302818182
6.78e-08,0.0020117774302818186
6.79e-08,-0.0009569728748281814
6.8e-08,-0.006035097569718181
6.81e-08,-0.008956972569718181
6.82e-08,-0.0073944725697181815
6.83e-08,-0.004956972569718181
6.84e-08,-0.005785097569718182
6.85e-08,-0.008956972569718181
6.86e-08,-0.011113218569718182
6.87e-08,-0.012956968569718182
6.88e-08,-0.01601946856971818
6.89e-08,-0.020956968569718182
6.9e-08,-0.02466009856971818
6.91e-08,-0.02495696856971818
6.92e-08,-0.020160098569718184
6.93e-08,-0.012956968569718182
6.94e-08,-0.005878847569718181
6.95e-08,-0.0009569728748281814
6.96e-08,0.0010586524302818186
6.97e-08,-0.0009569728748281814
6.98e-08,-0.005753847569718182
6.99e-08,-0.008956972569718181
7e-08,-0.00791009756971818
7.01e-08,-0.004956972569718181
7.02e-08,-0.0032069725697181813
7.03e-08,-0.0009569728748281814
7.04e-08,0.0031211524302818183
7.05e-08,0.007043027430281819
7.06e-08,0.008168027430281818
7.07e-08,0.007043027430281819
7.08e-08,0.0053086524302818185
7.09e-08,0.0030430274302818182
7.1e-08,-0.0007382228697181814
7.11e-08,-0.004956972569718181
7.12e-08,-0.006035097569718181
7.13e-08,-0.0009569728748281814
7.14e-08,0.008418027430281819
7.15e-08,0.015043031430281817
7.16e-08,0.013371151430281818
7.17e-08,0.007043027430281819
7.18e-08,0.0025586524302818187
7.19e-08,0.0030430274302818182
7.2e-08,0.005871152430281819
7.21e-08,0.007043027430281819
7.22e-08,0.0043399024302818185
7.23e-08,-0.0009569728748281814
7.24e-08,-0.006160097569718181
7.25e-08,-0.008956972569718181
7.26e-08,-0.009160097569718181
7.27e-08,-0.008956972569718181
7.28e-08,-0.008050722569718182
7.29e-08,-0.004956972569718181
7.3e-08,0.0002774024302818186
7.31e-08,0.0030430274302818182
7.32e-08,0.0004336524302818185
7.33e-08,-0.004956972569718181
7.34e-08,-0.00822259756971818
7.35e-08,-0.008956972569718181
7.36e-08,-0.008831972569718181
7.37e-08,-0.008956972569718181
7.38e-08,-0.00803509756971818
7.39e-08,-0.004956972569718181
7.4e-08,-0.00026947286971818146
7.41e-08,0.0030430274302818182
7.42e-08,0.0035742774302818187
7.43e-08,0.0030430274302818182
7.44e-08,0.0030899024302818183
7.45e-08,0.0030430274302818182
7.46e-08,0.0013086524302818184
7.47e-08,-0.0009569728748281814
7.48e-08,-0.0009257228697181814
7.49e-08,0.0030430274302818182
7.5e-08,0.007683652430281818
7.51e-08,0.007043027430281819
7.52e-08,0.0001836524302818185
7.53e-08,-0.004956972569718181
7.54e-08,-0.0024569725697181815
7.55e-08,0.0030430274302818182
7.56e-08,0.004589902430281819
7.57e-08,0.0030430274302818182
7.58e-08,0.0026211524302818187
7.59e-08,0.0030430274302818182
7.6e-08,0.0015899024302818187
7.61e-08,-0.0009569728748281814
7.62e-08,-0.0028475975697181814
7.63e-08,-0.004956972569718181
7.64e-08,-0.006706972569718182
7.65e-08,-0.004956972569718181
7.66e-08,0.0005430274302818186
7.67e-08,0.0030430274302818182
7.68e-08,-0.0007225978697181814
7.69e-08,-0.004956972569718181
7.7e-08,-0.0038163475697181814
7.71e-08,-0.0009569728748281814
7.72e-08,-0.0007225978697181814
7.73e-08,-0.0009569728748281814
7.74e-08,0.0024180274302818185
7.75e-08,0.007043027430281819
7.76e-08,0.007371152430281818
7.77e-08,0.0030430274302818182
7.78e-08,-0.0015507228697181814
7.79e-08,-0.0009569728748281814
7.8e-08,0.004996152430281818
7.81e-08,0.011043031430281819
7.82e-08,0.011371151430281818
7.83e-08,0.007043027430281819
7.84e-08,0.0019805274302818186
7.85e-08,-0.0009569728748281814
7.86e-08,-0.0026913475697181817
7.87e-08,-0.004956972569718181
7.88e-08,-0.007628847569718182
7.89e-08,-0.008956972569718181
7.9e-08,-0.007535097569718182
7.91e-08,-0.004956972569718181
7.92e-08,-0.0037069725697181813
7.93e-08,-0.004956972569718181
7.94e-08,-0.007066347569718181
7.95e-08,-0.008956972569718181
7.96e-08,-0.009503847569718182
7.97e-08,-0.008956972569718181
7.98e-08,-0.00828509756971818
7.99e-08,-0.008956972569718181
8e-08,-0.010144472569718182
8.01e-08,-0.008956972569718181
8.02e-08,-0.0045038475697181815
8.03e-08,-0.0009569728748281814
8.04e-08,-0.0016132228697181815
8.05e-08,-0.004956972569718181
8.06e-08,-0.0074413475697181816
8.07e-08,-0.008956972569718181
8.08e-08,-0.009878847569718182
8.09e-08,-0.008956972569718181
8.1e-08,-0.005081972569718181
8.11e-08,-0.0009569728748281814
8.12e-08,0.0014024024302818185
8.13e-08,0.0030430274302818182
8.14e-08,0.0053555274302818185
8.15e-08,0.007043027430281819
8.16e-08,0.005886777430281818
8.17e-08,0.0030430274302818182
8.18e-08,0.0013867774302818185
8.19e-08,0.0030430274302818182
8.2e-08,0.007199277430281819
8.21e-08,0.011043031430281819
8.22e-08,0.011074281430281819
8.23e-08,0.007043027430281819
8.24e-08,0.0016836524302818187
8.25e-08,-0.0009569728748281814
8.26e-08,0.0015274024302818186
8.27e-08,0.007043027430281819
8.28e-08,0.011246151430281818
8.29e-08,0.011043031430281819
8.3e-08,0.006746152430281819
8.31e-08,0.0030430274302818182
8.32e-08,0.0034336524302818186
8.33e-08,0.007043027430281819
8.34e-08,0.010136781430281818
8.35e-08,0.011043031430281819
8.36e-08,0.008574277430281819
8.37e-08,0.0030430274302818182
8.38e-08,-0.0031444725697181816
8.39e-08,-0.004956972569718181
8.4e-08,-0.0017538478697181814
8.41e-08,-0.0009569728748281814
8.42e-08,-0.006550722569718182
8.43e-08,-0.012956968569718182
8.44e-08,-0.012831968569718182
8.45e-08,-0.008956972569718181
8.46e-08,-0.005956972569718181
8.47e-08,-0.004956972569718181
8.48e-08,-0.0029569725697181815
8.49e-08,-0.0009569728748281814
8.5e-08,-0.0004257228697181814
8.51e-08,-0.0009569728748281814
8.52e-08,-0.00012884786971818145
8.53e-08,0.0030430274302818182
8.54e-08,0.007480527430281818
8.55e-08,0.011043031430281819
8.56e-08,0.011777401430281819
8.57e-08,0.011043031430281819
8.58e-08,0.01033990143028182
8.59e-08,0.011043031430281819
8.6e-08,0.011777401430281819
8.61e-08,0.011043031430281819
8.62e-08,0.008527402430281819
8.63e-08,0.007043027430281819
8.64e-08,0.007371152430281818
8.65e-08,0.007043027430281819
8.66e-08,0.004574277430281819
8.67e-08,0.0030430274302818182
8.68e-08,0.004964902430281818
8.69e-08,0.007043027430281819
8.7e-08,0.005761777430281819
8.71e-08,0.0030430274302818182
8.72e-08,0.0023399024302818185
8.73e-08,0.0030430274302818182
8.74e-08,0.0030742774302818182
8.75e-08,0.0030430274302818182
8.76e-08,0.0036055274302818187
8.77e-08,0.0030430274302818182
8.78e-08,0.0006211524302818187
8.79e-08,-0.0009569728748281814
8.8e-08,-0.00037884786971818145
8.81e-08,-0.0009569728748281814
8.82e-08,-0.004925722569718181
8.83e-08,-0.008956972569718181
8.84e-08,-0.008550722569718183
8.85e-08,-0.004956972569718181
8.86e-08,-0.0016288478697181815
8.87e-08,-0.0009569728748281814
8.88e-08,-0.0022694725697181813
8.89e-08,-0.004956972569718181
8.9e-08,-0.007519472569718182
8.91e-08,-0.008956972569718181
8.92e-08,-0.007956972569718182
8.93e-08,-0.004956972569718181
8.94e-08,-0.0007069728697181814
8.95e-08,0.0030430274302818182
8.96e-08,0.005418027430281819
8.97e-08,0.007043027430281819
8.98e-08,0.007918027430281818
8.99e-08,0.007043027430281819
9e-08,0.004574277430281819
9.01e-08,0.0030430274302818182
9.02e-08,0.004214902430281818
9.03e-08,0.007043027430281819
9.04e-08,0.008355527430281819
9.05e-08,0.007043027430281819
9.06e-08,0.005152402430281818
9.07e-08,0.007043027430281819
9.08e-08,0.01240240143028182
9.09e-08,0.015043031430281817
9.1e-08,0.01151178143028182
9.11e-08,0.007043027430281819
9.12e-08,0.006574277430281819
9.13e-08,0.007043027430281819
9.14e-08,0.003855527430281819
9.15e-08,-0.0009569728748281814
9.16e-08,-0.0016288478697181815
9.17e-08,0.0030430274302818182
9.18e-08,0.00902740243028182
9.19e-08,0.011043031430281819
9.2e-08,0.008636777430281819
9.21e-08,0.007043027430281819
9.22e-08,0.009136781430281819
9.23e-08,0.011043031430281819
9.24e-08,0.008043027430281818
9.25e-08,0.0030430274302818182
9.26e-08,0.0013555274302818185
9.27e-08,0.0030430274302818182
9.28e-08,0.0043867774302818185
9.29e-08,0.0030430274302818182
9.3e-08,-0.0004725978697181814
9.31e-08,-0.004956972569718181
9.32e-08,-0.007269472569718181
9.33e-08,-0.004956972569718181
9.34e-08,0.0016836524302818187
9.35e-08,0.007043027430281819
9.36e-08,0.007918027430281818
9.37e-08,0.007043027430281819
9.38e-08,0.007261777430281819
9.39e-08,0.007043027430281819
9.4e-08,0.004589902430281819
9.41e-08,0.0030430274302818182
9.42e-08,0.004777402430281819
9.43e-08,0.007043027430281819
9.44e-08,0.005996152430281818
9.45e-08,0.0030430274302818182
9.46e-08,0.0017774024302818184
9.47e-08,0.0030430274302818182
9.48e-08,0.004480527430281819
9.49e-08,0.0030430274302818182
9.5e-08,-0.00022259786971818142
9.51e-08,-0.0009569728748281814
9.52e-08,0.0031055274302818183
9.53e-08,0.007043027430281819
9.54e-08,0.0063399024302818185
9.55e-08,0.0030430274302818182
9.56e-08,0.0018555274302818185
9.57e-08,0.0030430274302818182
9.58e-08,0.004808652430281819
9.59e-08,0.007043027430281819
9.6e-08,0.009652401430281819
9.61e-08,0.011043031430281819
9.62e-08,0.009589901430281818
9.63e-08,0.007043027430281819
9.64e-08,0.005918027430281818
9.65e-08,0.007043027430281819
9.66e-08,0.008418027430281819
9.67e-08,0.007043027430281819
9.68e-08,0.0025899024302818187
9.69e-08,-0.0009569728748281814
9.7e-08,-0.00022259786971818142
9.71e-08,0.0030430274302818182
9.72e-08,0.005839902430281819
9.73e-08,0.007043027430281819
9.74e-08,0.007574277430281818
9.75e-08,0.007043027430281819
9.76e-08,0.005183652430281818
9.77e-08,0.0030430274302818182
9.78e-08,0.0021524024302818187
9.79e-08,0.0030430274302818182
9.8e-08,0.004933652430281818
9.81e-08,0.007043027430281819
9.82e-08,0.008871152430281819
9.83e-08,0.011043031430281819
9.84e-08,0.01252740143028182
9.85e-08,0.011043031430281819
9.86e-08,0.005527402430281819
9.87e-08,-0.0009569728748281814
9.88e-08,-0.004675722569718181
9.89e-08,-0.004956972569718181
9.9e-08,-0.0032382225697181813
9.91e-08,-0.0009569728748281814
9.92e-08,0.0014336524302818185
9.93e-08,0.0030430274302818182
9.94e-08,0.003699277430281819
9.95e-08,0.0030430274302818182
9.96e-08,0.0014492774302818185
9.97e-08,-0.0009569728748281814
9.98e-08,-0.0033944725697181814
9.99e-08,-0.004956972569718181
1e-07,-0.004300722569718181
1.001e-07,-0.0009569728748281814
1.002e-07,0.003839902430281819
1.003e-07,0.007043027430281819
1.004e-07,0.006464902430281819
1.005e-07,0.0030430274302818182
1.006e-07,-0.00016009786971818147
1.007e-07,-0.0009569728748281814
1.008e-07,0.0007617774302818186
1.009e-07,0.0030430274302818182
1.01e-07,0.003808652430281819
1.011e-07,0.0030430274302818182
1.012e-07,0.0022305274302818184
1.013e-07,0.0030430274302818182
1.014e-07,0.0053555274302818185
1.015e-07,0.007043027430281819
1.016e-07,0.006043027430281818
1.017e-07,0.0030430274302818182
1.018e-07,8.990243028181863e-05
1.019e-07,-0.0009569728748281814
1.02e-07,0.00033990243028181864
1.021e-07,0.0030430274302818182
1.022e-07,0.004746152430281819
1.023e-07,0.0030430274302818182
1.024e-07,-0.0015975978697181815
1.025e-07,-0.004956972569718181
1.026e-07,-0.004066347569718182
1.027e-07,-0.0009569728748281814
1.028e-07,0.0005742774302818186
1.029e-07,-0.0009569728748281814
1.03e-07,-0.0036132225697181816
1.031e-07,-0.004956972569718181
1.032e-07,-0.004644472569718181
1.033e-07,-0.004956972569718181
1.034e-07,-0.006925722569718181
1.035e-07,-0.008956972569718181
1.036e-07,-0.008019472569718182
1.037e-07,-0.004956972569718181
1.038e-07,-0.002081972569718181
1.039e-07,-0.0009569728748281814
1.04e-07,-0.0018319728697181814
1.041e-07,-0.004956972569718181
1.042e-07,-0.0074413475697181816
1.043e-07,-0.004956972569718181
1.044e-07,0.0024180274302818185
1.045e-07,0.007043027430281819
1.046e-07,0.004089902430281818
1.047e-07,-0.0009569728748281814
1.048e-07,-0.0010975978697181814
1.049e-07,0.0030430274302818182
1.05e-07,0.0063555274302818186
1.051e-07,0.007043027430281819
1.052e-07,0.006746152430281819
1.053e-07,0.007043027430281819
1.054e-07,0.007293027430281819
1.055e-07,0.007043027430281819
1.056e-07,0.005418027430281819
1.057e-07,0.0030430274302818182
1.058e-07,0.0017617774302818184
1.059e-07,0.0030430274302818182
1.06e-07,0.005839902430281819
1.061e-07,0.007043027430281819
1.062e-07,0.0043399024302818185
1.063e-07,-0.0009569728748281814
1.064e-07,-0.005019472569718181
1.065e-07,-0.004956972569718181
1.066e-07,-0.0010194728797181813
1.067e-07,0.0030430274302818182
1.068e-07,0.0043086524302818185
1.069e-07,0.0030430274302818182
1.07e-07,0.0008711524302818187
1.071e-07,-0.0009569728748281814
1.072e-07,-0.0027069725697181817
1.073e-07,-0.004956972569718181
1.074e-07,-0.006160097569718181
1.075e-07,-0.004956972569718181
1.076e-07,-0.0019882225697181815
1.077e-07,-0.0009569728748281814
1.078e-07,-0.004081972569718182
1.079e-07,-0.008956972569718181
1.08e-07,-0.009988222569718182
1.081e-07,-0.004956972569718181
1.082e-07,0.0030430274302818182
1.083e-07,0.007043027430281819
1.084e-07,0.003933652430281818
1.085e-07,-0.0009569728748281814
1.086e-07,-0.0022538475697181813
1.087e-07,-0.0009569728748281814
1.088e-07,-0.0004100978697181815
1.089e-07,-0.0009569728748281814
1.09e-07,-0.0008632228697181814
1.091e-07,-0.0009569728748281814
1.092e-07,-0.0027069725697181817
1.093e-07,-0.004956972569718181
1.094e-07,-0.004753847569718181
1.095e-07,-0.0009569728748281814
1.096e-07,0.005433652430281819
1.097e-07,0.011043031430281819
1.098e-07,0.012855531430281819
1.099e-07,0.011043031430281819
1.1e-07,0.007121152430281819
1.101e-07,0.0030430274302818182
1.102e-07,-1.9472869718181458e-05
1.103e-07,-0.0009569728748281814
1.104e-07,0.00046490243028181853
1.105e-07,0.0030430274302818182
1.106e-07,0.005152402430281818
1.107e-07,0.007043027430281819
1.108e-07,0.008136777430281818
1.109e-07,0.007043027430281819
1.11e-07,0.004230527430281818
1.111e-07,0.0030430274302818182
1.112e-07,0.004105527430281818
1.113e-07,0.0030430274302818182
1.114e-07,-0.0029257225697181814
1.115e-07,-0.008956972569718181
1.116e-07,-0.009253847569718181
1.117e-07,-0.004956972569718181
1.118e-07,-0.0011132228697181815
1.119e-07,-0.0009569728748281814
1.12e-07,-0.0031444725697181816
1.121e-07,-0.004956972569718181
1.122e-07,-0.005050722569718181
1.123e-07,-0.004956972569718181
1.124e-07,-0.0063632225697181815
1.125e-07,-0.008956972569718181
1.126e-07,-0.01036322256971818
1.127e-07,-0.008956972569718181
1.128e-07,-0.005941347569718181
1.129e-07,-0.004956972569718181
1.13e-07,-0.007035097569718181
1.131e-07,-0.008956972569718181
1.132e-07,-0.008550722569718183
1.133e-07,-0.008956972569718181
1.134e-07,-0.011753848569718181
1.135e-07,-0.012956968569718182
1.136e-07,-0.009050722569718181
1.137e-07,-0.004956972569718181
1.138e-07,-0.005613222569718182
1.139e-07,-0.008956972569718181
1.14e-07,-0.009847597569718182
1.141e-07,-0.008956972569718181
1.142e-07,-0.007738222569718182
1.143e-07,-0.004956972569718181
1.144e-07,-3.509786971818147e-05
1.145e-07,0.0030430274302818182
1.146e-07,0.0024024024302818185
1.147e-07,0.0030430274302818182
1.148e-07,0.007543027430281818
1.149e-07,0.011043031430281819
1.15e-07,0.008261777430281819
1.151e-07,0.0030430274302818182
1.152e-07,0.0010117774302818186
1.153e-07,0.0030430274302818182
1.154e-07,0.004730527430281819
1.155e-07,0.0030430274302818182
1.156e-07,-0.0004569728697181814
1.157e-07,-0.0009569728748281814
1.158e-07,0.0022305274302818184
1.159e-07,0.0030430274302818182
1.16e-07,-0.0013632228697181815
1.161e-07,-0.004956972569718181
1.162e-07,-0.0017069728697181813
1.163e-07,0.0030430274302818182
1.164e-07,0.0027149024302818184
1.165e-07,-0.0009569728748281814
1.166e-07,-0.0022694725697181813
1.167e-07,-0.0009569728748281814
1.168e-07,0.0008086524302818186
1.169e-07,0.0030430274302818182
1.17e-07,0.006824277430281819
1.171e-07,0.011043031430281819
1.172e-07,0.012714901430281818
1.173e-07,0.011043031430281819
1.174e-07,0.006808652430281819
1.175e-07,0.0030430274302818182
1.176e-07,0.0018711524302818185
1.177e-07,0.0030430274302818182
1.178e-07,0.004121152430281818
1.179e-07,0.0030430274302818182
1.18e-07,0.00046490243028181853
1.181e-07,-0.0009569728748281814
1.182e-07,0.0005586524302818186
1.183e-07,0.0030430274302818182
1.184e-07,0.004230527430281818
1.185e-07,0.0030430274302818182
1.186e-07,0.0016992774302818188
1.187e-07,0.0030430274302818182
1.188e-07,0.0063242774302818185
1.189e-07,0.007043027430281819
1.19e-07,0.004027402430281818
1.191e-07,0.0030430274302818182
1.192e-07,0.007214902430281819
1.193e-07,0.011043031430281819
1.194e-07,0.008418027430281819
1.195e-07,0.0030430274302818182
1.196e-07,0.0012149024302818188
1.197e-07,0.0030430274302818182
1.198e-07,0.0043086524302818185
1.199e-07,0.0030430274302818182
1.2e-07,0.0006680274302818185
1.201e-07,-0.0009569728748281814
1.202e-07,-0.0010507228797181814
1.203e-07,-0.0009569728748281814
1.204e-07,-0.0011132228697181815
1.205e-07,-0.0009569728748281814
1.206e-07,0.0008086524302818186
1.207e-07,0.0030430274302818182
1.208e-07,0.003918027430281819
1.209e-07,0.0030430274302818182
1.21e-07,0.0020274024302818186
1.211e-07,0.0030430274302818182
1.212e-07,0.005761777430281819
1.213e-07,0.007043027430281819
1.214e-07,0.005074277430281818
1.215e-07,0.0030430274302818182
1.216e-07,0.002996152430281818
1.217e-07,0.0030430274302818182
1.218e-07,0.0009649024302818185
1.219e-07,-0.0009569728748281814
1.22e-07,0.0003086524302818186
1.221e-07,0.0030430274302818182
1.222e-07,0.0032617774302818184
1.223e-07,-0.0009569728748281814
1.224e-07,-0.006550722569718182
1.225e-07,-0.008956972569718181
1.226e-07,-0.005816347569718182
1.227e-07,-0.0009569728748281814
1.228e-07,0.0020117774302818186
1.229e-07,0.0030430274302818182
1.23e-07,0.004480527430281819
1.231e-07,0.007043027430281819
1.232e-07,0.008621152430281819
1.233e-07,0.007043027430281819
1.234e-07,0.0036367774302818187
1.235e-07,0.0030430274302818182
1.236e-07,0.005886777430281818
1.237e-07,0.007043027430281819
1.238e-07,0.0028555274302818185
1.239e-07,-0.0009569728748281814
1.24e-07,0.0015117774302818186
1.241e-07,0.007043027430281819
1.242e-07,0.009183651430281818
1.243e-07,0.007043027430281819
1.244e-07,0.0033555274302818185
1.245e-07,-0.0009569728748281814
1.246e-07,-0.004706972569718181
1.247e-07,-0.004956972569718181
1.248e-07,-0.0006132228697181814
1.249e-07,0.0030430274302818182
1.25e-07,0.0030586524302818182
1.251e-07,0.0030430274302818182
1.252e-07,0.005605527430281819
1.253e-07,0.007043027430281819
1.254e-07,0.004574277430281819
1.255e-07,0.0030430274302818182
1.256e-07,0.006652402430281819
1.257e-07,0.011043031430281819
1.258e-07,0.009433651430281818
1.259e-07,0.0030430274302818182
1.26e-07,-0.0029100975697181814
1.261e-07,-0.004956972569718181
1.262e-07,-0.0034882225697181815
1.263e-07,-0.0009569728748281814
1.264e-07,0.0011524024302818187
1.265e-07,0.0030430274302818182
1.266e-07,0.0042930274302818185
1.267e-07,0.0030430274302818182
1.268e-07,-0.0010038478797181815
1.269e-07,-0.004956972569718181
1.27e-07,-0.005800722569718182
1.271e-07,-0.004956972569718181
1.272e-07,-0.005785097569718182
1.273e-07,-0.008956972569718181
1.274e-07,-0.011206968569718182
1.275e-07,-0.008956972569718181
1.276e-07,-0.0022069725697181812
1.277e-07,0.0030430274302818182
1.278e-07,0.0017461524302818184
1.279e-07,-0.004956972569718181
1.28e-07,-0.011331968569718182
1.281e-07,-0.012956968569718182
1.282e-07,-0.009488222569718182
1.283e-07,-0.004956972569718181
1.284e-07,-0.0022069725697181812
1.285e-07,-0.0009569728748281814
1.286e-07,-0.00026947286971818146
1.287e-07,-0.0009569728748281814
1.288e-07,-0.0033007225697181813
1.289e-07,-0.004956972569718181
1.29e-07,-0.0036288475697181816
1.291e-07,-0.0009569728748281814
1.292e-07,-3.509786971818147e-05
1.293e-07,-0.0009569728748281814
1.294e-07,-0.0017694728697181814
1.295e-07,-0.0009569728748281814
1.296e-07,0.0011367774302818187
1.297e-07,0.0030430274302818182
1.298e-07,0.0027305274302818184
1.299e-07,-0.0009569728748281814
1.3e-07,-0.005269472569718181
1.301e-07,-0.004956972569718181
1.302e-07,0.00033990243028181864
1.303e-07,0.0030430274302818182
1.304e-07,-0.0008007228697181814
1.305e-07,-0.004956972569718181
1.306e-07,-0.0026913475697181817
1.307e-07,0.0030430274302818182
1.308e-07,0.005214902430281818
1.309e-07,0.0030430274302818182
1.31e-07,0.0010586524302818186
1.311e-07,0.0030430274302818182
1.312e-07,0.006793027430281819
1.313e-07,0.007043027430281819
1.314e-07,0.0014649024302818186
1.315e-07,-0.004956972569718181
1.316e-07,-0.006769472569718182
1.317e-07,-0.004956972569718181
1.318e-07,-0.0037538475697181813
1.319e-07,-0.004956972569718181
1.32e-07,-0.006081972569718181
1.321e-07,-0.004956972569718181
1.322e-07,-0.002097597569718181
1.323e-07,-0.0009569728748281814
1.324e-07,-0.0028632225697181814
1.325e-07,-0.004956972569718181
1.326e-07,-0.0037694725697181813
1.327e-07,-0.0009569728748281814
1.328e-07,0.00023052743028181854
1.329e-07,-0.0009569728748281814
1.33e-07,-0.0030194725697181815
1.331e-07,-0.004956972569718181
1.332e-07,-0.005910097569718181
1.333e-07,-0.004956972569718181
1.334e-07,-0.0014882228697181816
1.335e-07,0.0030430274302818182
1.336e-07,0.006402402430281819
1.337e-07,0.007043027430281819
1.338e-07,0.005043027430281818
1.339e-07,0.0030430274302818182
1.34e-07,0.0026524024302818187
1.341e-07,0.0030430274302818182
1.342e-07,0.0029180274302818185
1.343e-07,0.0030430274302818182
1.344e-07,0.0035430274302818187
1.345e-07,0.0030430274302818182
1.346e-07,0.0007305274302818186
1.347e-07,-0.0009569728748281814
1.348e-07,0.0004024024302818185
1.349e-07,0.0030430274302818182
1.35e-07,0.004168027430281818
1.351e-07,0.0030430274302818182
1.352e-07,0.0009649024302818185
1.353e-07,-0.0009569728748281814
1.354e-07,-0.0017538478697181814
1.355e-07,-0.0009569728748281814
1.356e-07,0.0011524024302818187
1.357e-07,0.0030430274302818182
1.358e-07,0.0035274024302818187
1.359e-07,0.0030430274302818182
1.36e-07,0.0025742774302818187
1.361e-07,0.0030430274302818182
1.362e-07,0.003839902430281819
1.363e-07,0.0030430274302818182
1.364e-07,0.0005742774302818186
1.365e-07,-0.0009569728748281814
1.366e-07,-0.0005975978697181814
1.367e-07,-0.0009569728748281814
1.368e-07,-0.0033632225697181814
1.369e-07,-0.004956972569718181
1.37e-07,-0.0023007225697181813
1.371e-07,0.0030430274302818182
1.372e-07,0.005980527430281818
1.373e-07,0.0030430274302818182
1.374e-07,-0.0029725975697181815
1.375e-07,-0.004956972569718181
1.376e-07,-0.00048822286971818144
1.377e-07,0.0030430274302818182
1.378e-07,-3.509786971818147e-05
1.379e-07,-0.004956972569718181
1.38e-07,-0.004706972569718181
1.381e-07,-0.0009569728748281814
1.382e-07,0.0015274024302818186
1.383e-07,0.0030430274302818182
1.384e-07,0.005605527430281819
1.385e-07,0.007043027430281819
1.386e-07,0.0052461524302818184
1.387e-07,0.0030430274302818182
1.388e-07,0.002980527430281818
1.389e-07,0.0030430274302818182
1.39e-07,0.0011367774302818187
1.391e-07,-0.0009569728748281814
1.392e-07,-0.00026947286971818146
1.393e-07,0.0030430274302818182
1.394e-07,0.0062461524302818185
1.395e-07,0.007043027430281819
1.396e-07,0.0063086524302818185
1.397e-07,0.007043027430281819
1.398e-07,0.009761781430281818
1.399e-07,0.011043031430281819
1.4e-07,0.007871152430281818
1.401e-07,0.0030430274302818182
1.402e-07,0.0010742774302818186
1.403e-07,0.0030430274302818182
1.404e-07,0.006168027430281818
1.405e-07,0.007043027430281819
1.406e-07,0.005199277430281818
1.407e-07,0.0030430274302818182
1.408e-07,0.0027774024302818184
1.409e-07,0.0030430274302818182
1.41e-07,0.0026836524302818188
1.411e-07,0.0030430274302818182
1.412e-07,0.0052461524302818184
1.413e-07,0.007043027430281819
1.414e-07,0.006714902430281819
1.415e-07,0.007043027430281819
1.416e-07,0.009652401430281819
1.417e-07,0.011043031430281819
1.418e-07,0.007855527430281818
1.419e-07,0.0030430274302818182
1.42e-07,0.0004180274302818185
1.421e-07,-0.0009569728748281814
1.422e-07,-0.002066347569718181
1.423e-07,-0.0009569728748281814
1.424e-07,0.003683652430281819
1.425e-07,0.007043027430281819
1.426e-07,0.005683652430281819
1.427e-07,0.0030430274302818182
1.428e-07,0.003918027430281819
1.429e-07,0.007043027430281819
1.43e-07,0.009308651430281818
1.431e-07,0.011043031430281819
1.432e-07,0.012418031430281818
1.433e-07,0.011043031430281819
1.434e-07,0.0062305274302818184
1.435e-07,0.0030430274302818182
1.436e-07,0.004543027430281819
1.437e-07,0.007043027430281819
1.438e-07,0.006089902430281818
1.439e-07,0.0030430274302818182
1.44e-07,0.0027305274302818184
1.441e-07,0.007043027430281819
1.442e-07,0.011980531430281818
1.443e-07,0.011043031430281819
1.444e-07,0.004011777430281818
1.445e-07,-0.0009569728748281814
1.446e-07,0.0019180274302818185
1.447e-07,0.007043027430281819
1.448e-07,0.006918027430281819
1.449e-07,0.0030430274302818182
1.45e-07,0.0013086524302818184
1.451e-07,0.0030430274302818182
1.452e-07,0.005511777430281819
1.453e-07,0.007043027430281819
1.454e-07,0.007480527430281818
1.455e-07,0.007043027430281819
1.456e-07,0.005636777430281819
1.457e-07,0.0030430274302818182
1.458e-07,0.00016802743028181849
1.459e-07,-0.0009569728748281814
1.46e-07,-0.0001913478697181814
1.461e-07,-0.0009569728748281814
1.462e-07,-0.003925722569718182
1.463e-07,-0.004956972569718181
1.464e-07,-0.0003007228697181814
1.465e-07,0.007043027430281819
1.466e-07,0.010418031430281818
1.467e-07,0.007043027430281819
1.468e-07,0.0007930274302818186
1.469e-07,-0.0009569728748281814
1.47e-07,0.0034336524302818186
1.471e-07,0.007043027430281819
1.472e-07,0.0032461524302818184
1.473e-07,-0.004956972569718181
1.474e-07,-0.010050722569718182
1.475e-07,-0.008956972569718181
1.476e-07,-0.004253847569718181
1.477e-07,-0.0009569728748281814
1.478e-07,-0.0003319728697181814
1.479e-07,-0.0009569728748281814
1.48e-07,-0.0008944728697181815
1.481e-07,-0.0009569728748281814
1.482e-07,-0.0025350975697181815
1.483e-07,-0.004956972569718181
1.484e-07,-0.004925722569718181
1.485e-07,-0.0009569728748281814
1.486e-07,0.004496152430281819
1.487e-07,0.007043027430281819
1.488e-07,0.004027402430281818
1.489e-07,-0.0009569728748281814
1.49e-07,-0.0029725975697181815
1.491e-07,-0.0009569728748281814
1.492e-07,0.0022461524302818184
1.493e-07,0.0030430274302818182
1.494e-07,0.00023052743028181854
1.495e-07,-0.004956972569718181
1.496e-07,-0.008894472569718181
1.497e-07,-0.008956972569718181
1.498e-07,-0.005066347569718181
1.499e-07,-0.0009569728748281814
1.5e-07,0.0013086524302818184
1.501e-07,0.0030430274302818182
1.502e-07,0.006449277430281819
1.503e-07,0.011043031430281819
1.504e-07,0.013277401430281818
1.505e-07,0.011043031430281819
1.506e-07,0.004777402430281819
1.507e-07,-0.0009569728748281814
1.508e-07,-0.0029100975697181814
1.509e-07,-0.0009569728748281814
1.51e-07,0.0019336524302818185
1.511e-07,0.0030430274302818182
1.512e-07,0.0017305274302818188
1.513e-07,-0.0009569728748281814
1.514e-07,-0.0033788475697181814
1.515e-07,-0.004956972569718181
1.516e-07,-0.005253847569718181
1.517e-07,-0.004956972569718181
1.518e-07,-0.003644472569718181
1.519e-07,-0.0009569728748281814
1.52e-07,0.002214902430281819
1.521e-07,0.0030430274302818182
1.522e-07,0.0008711524302818187
1.523e-07,-0.0009569728748281814
1.524e-07,-0.0006132228697181814
1.525e-07,-0.0009569728748281814
1.526e-07,-0.0038007225697181814
1.527e-07,-0.004956972569718181
1.528e-07,-0.0014100978697181815
1.529e-07,0.0030430274302818182
1.53e-07,0.0028711524302818185
1.531e-07,-0.0009569728748281814
1.532e-07,-0.004097597569718182
1.533e-07,-0.004956972569718181
1.534e-07,-0.004706972569718181
1.535e-07,-0.004956972569718181
1.536e-07,-0.006300722569718181
1.537e-07,-0.008956972569718181
1.538e-07,-0.010660097569718181
1.539e-07,-0.008956972569718181
1.54e-07,-0.004081972569718182
1.541e-07,-0.0009569728748281814
1.542e-07,-0.0022382225697181813
1.543e-07,-0.004956972569718181
1.544e-07,-0.004550722569718182
1.545e-07,-0.0009569728748281814
1.546e-07,0.0024180274302818185
1.547e-07,0.0030430274302818182
1.548e-07,0.0010742774302818186
1.549e-07,-0.0009569728748281814
1.55e-07,-0.0016444728697181813
1.551e-07,-0.0009569728748281814
1.552e-07,-0.0005194728697181814
1.553e-07,-0.0009569728748281814
1.554e-07,-0.0013788478697181815
1.555e-07,-0.0009569728748281814
1.556e-07,-0.00025384786971818145
1.557e-07,-0.0009569728748281814
1.558e-07,-0.004285097569718181
1.559e-07,-0.008956972569718181
1.56e-07,-0.011269468569718182
1.561e-07,-0.008956972569718181
1.562e-07,-0.0027850975697181813
1.563e-07,0.0030430274302818182
1.564e-07,0.003918027430281819
1.565e-07,-0.0009569728748281814
1.566e-07,-0.0073163475697181814
1.567e-07,-0.008956972569718181
1.568e-07,-0.004753847569718181
1.569e-07,-0.0009569728748281814
1.57e-07,-0.0031444725697181816
1.571e-07,-0.008956972569718181
1.572e-07,-0.011785098569718181
1.573e-07,-0.008956972569718181
1.574e-07,-0.0033788475697181814
1.575e-07,-0.0009569728748281814
1.576e-07,-0.0038944725697181814
1.577e-07,-0.008956972569718181
1.578e-07,-0.011253848569718181
1.579e-07,-0.008956972569718181
1.58e-07,-0.004300722569718181
1.581e-07,-0.0009569728748281814
1.582e-07,-0.00025384786971818145
1.583e-07,-0.0009569728748281814
1.584e-07,-0.0022694725697181813
1.585e-07,-0.004956972569718181
1.586e-07,-0.009253847569718181
1.587e-07,-0.012956968569718182
1.588e-07,-0.01281634856971818
1.589e-07,-0.008956972569718181
1.59e-07,-0.003925722569718182
1.591e-07,-0.0009569728748281814
1.592e-07,-0.0008007228697181814
1.593e-07,-0.0009569728748281814
1.594e-07,-0.0001913478697181814
1.595e-07,-0.0009569728748281814
1.596e-07,-0.003910097569718182
1.597e-07,-0.004956972569718181
1.598e-07,-0.0023475975697181814
1.599e-07,-0.0009569728748281814
1.6e-07,-0.004769472569718181
1.601e-07,-0.008956972569718181
1.602e-07,-0.007253847569718181
1.603e-07,-0.0009569728748281814
1.604e-07,0.003746152430281819
1.605e-07,0.0030430274302818182
1.606e-07,-0.0015819728697181814
1.607e-07,-0.004956972569718181
1.608e-07,-0.005035097569718181
1.609e-07,-0.004956972569718181
1.61e-07,-0.007175722569718181
1.611e-07,-0.008956972569718181
1.612e-07,-0.007269472569718181
1.613e-07,-0.004956972569718181
1.614e-07,-0.005785097569718182
1.615e-07,-0.008956972569718181
1.616e-07,-0.01031634756971818
1.617e-07,-0.008956972569718181
1.618e-07,-0.0064569725697181815
1.619e-07,-0.004956972569718181
1.62e-07,-0.004863222569718181
1.621e-07,-0.004956972569718181
1.622e-07,-0.0036132225697181816
1.623e-07,-0.0009569728748281814
1.624e-07,0.0005899024302818186
1.625e-07,-0.0009569728748281814
1.626e-07,-0.005331972569718181
1.627e-07,-0.008956972569718181
1.628e-07,-0.008706972569718183
1.629e-07,-0.004956972569718181
1.63e-07,-0.0011288478697181815
1.631e-07,-0.0009569728748281814
1.632e-07,-0.004660097569718181
1.633e-07,-0.008956972569718181
1.634e-07,-0.01023822256971818
1.635e-07,-0.008956972569718181
1.636e-07,-0.006816347569718181
1.637e-07,-0.004956972569718181
1.638e-07,-0.0029569725697181815
1.639e-07,-0.0009569728748281814
1.64e-07,0.0008555274302818187
1.641e-07,0.0030430274302818182
1.642e-07,0.004496152430281819
1.643e-07,0.0030430274302818182
1.644e-07,-0.0015663478697181814
1.645e-07,-0.004956972569718181
1.646e-07,-0.004191347569718181
1.647e-07,-0.0009569728748281814
1.648e-07,0.0005742774302818186
1.649e-07,-0.0009569728748281814
1.65e-07,-0.0036132225697181816
1.651e-07,-0.004956972569718181
1.652e-07,-0.0044413475697181815
1.653e-07,-0.004956972569718181
1.654e-07,-0.0073788475697181815
1.655e-07,-0.008956972569718181
1.656e-07,-0.0073163475697181814
1.657e-07,-0.004956972569718181
1.658e-07,-0.0036913475697181813
1.659e-07,-0.0009569728748281814
1.66e-07,0.0043086524302818185
1.661e-07,0.007043027430281819
1.662e-07,0.0026367774302818187
1.663e-07,-0.004956972569718181
1.664e-07,-0.009316347569718181
1.665e-07,-0.008956972569718181
1.666e-07,-0.006597597569718182
1.667e-07,-0.004956972569718181
1.668e-07,-0.004691347569718181
1.669e-07,-0.004956972569718181
1.67e-07,-0.004925722569718181
1.671e-07,-0.004956972569718181
1.672e-07,-0.004988222569718181
1.673e-07,-0.004956972569718181
1.674e-07,-0.004597597569718182
1.675e-07,-0.004956972569718181
1.676e-07,-0.006769472569718182
1.677e-07,-0.008956972569718181
1.678e-07,-0.008863222569718181
1.679e-07,-0.004956972569718181
1.68e-07,0.0007930274302818186
1.681e-07,0.0030430274302818182
1.682e-07,-0.0004725978697181814
1.683e-07,-0.004956972569718181
1.684e-07,-0.005910097569718181
1.685e-07,-0.004956972569718181
1.686e-07,-0.005144472569718181
1.687e-07,-0.004956972569718181
1.688e-07,-0.0025507225697181815
1.689e-07,-0.0009569728748281814
1.69e-07,-0.0026757225697181817
1.691e-07,-0.004956972569718181
1.692e-07,-0.004925722569718181
1.693e-07,-0.004956972569718181
1.694e-07,-0.007097597569718181
1.695e-07,-0.008956972569718181
1.696e-07,-0.006753847569718182
1.697e-07,-0.0009569728748281814
1.698e-07,0.003683652430281819
1.699e-07,0.0030430274302818182
1.7e-07,-0.0018632228697181815
1.701e-07,-0.004956972569718181
1.702e-07,-0.0031288475697181816
1.703e-07,-0.0009569728748281814
1.704e-07,-0.0036288475697181816
1.705e-07,-0.008956972569718181
1.706e-07,-0.011191348569718181
1.707e-07,-0.008956972569718181
1.708e-07,-0.004566347569718182
1.709e-07,-0.0009569728748281814
1.71e-07,0.00035552743028181865
1.711e-07,-0.0009569728748281814
1.712e-07,-0.0035975975697181816
1.713e-07,-0.004956972569718181
1.714e-07,-0.0037382225697181813
1.715e-07,-0.0009569728748281814
1.716e-07,0.0006524024302818185
1.717e-07,-0.0009569728748281814
1.718e-07,-0.005285097569718181
1.719e-07,-0.008956972569718181
1.72e-07,-0.009597597569718182
1.721e-07,-0.008956972569718181
1.722e-07,-0.008706972569718183
1.723e-07,-0.008956972569718181
1.724e-07,-0.007613222569718182
1.725e-07,-0.004956972569718181
1.726e-07,-0.0023788475697181814
1.727e-07,-0.0009569728748281814
1.728e-07,-0.0006913478697181814
1.729e-07,-0.0009569728748281814
1.73e-07,-0.00017572286971818138
1.731e-07,0.0030430274302818182
1.732e-07,0.006746152430281819
1.733e-07,0.007043027430281819
1.734e-07,0.0017149024302818188
1.735e-07,-0.004956972569718181
1.736e-07,-0.007644472569718182
1.737e-07,-0.004956972569718181
1.738e-07,8.990243028181863e-05
1.739e-07,0.0030430274302818182
1.74e-07,0.0020742774302818187
1.741e-07,-0.0009569728748281814
1.742e-07,-0.0034569725697181815
1.743e-07,-0.004956972569718181
1.744e-07,-0.0053632225697181814
1.745e-07,-0.004956972569718181
1.746e-07,-0.0031600975697181812
1.747e-07,-0.0009569728748281814
1.748e-07,-0.00012884786971818145
1.749e-07,-0.0009569728748281814
1.75e-07,-0.0019257228697181815
1.751e-07,-0.0009569728748281814
1.752e-07,0.0027930274302818184
1.753e-07,0.007043027430281819
1.754e-07,0.007839902430281818
1.755e-07,0.0030430274302818182
1.756e-07,-0.004769472569718181
1.757e-07,-0.008956972569718181
1.758e-07,-0.006253847569718181
1.759e-07,-0.0009569728748281814
1.76e-07,0.0019649024302818186
1.761e-07,0.0030430274302818182
1.762e-07,0.004855527430281819
1.763e-07,0.007043027430281819
1.764e-07,0.006543027430281819
1.765e-07,0.0030430274302818182
1.766e-07,-0.0015663478697181814
1.767e-07,-0.004956972569718181
1.768e-07,-0.005972597569718181
1.769e-07,-0.004956972569718181
1.77e-07,-0.003910097569718182
1.771e-07,-0.004956972569718181
1.772e-07,-0.007535097569718182
1.773e-07,-0.008956972569718181
1.774e-07,-0.007285097569718181
1.775e-07,-0.004956972569718181
1.776e-07,-0.004097597569718182
1.777e-07,-0.004956972569718181
1.778e-07,-0.005519472569718182
1.779e-07,-0.004956972569718181
1.78e-07,-0.004300722569718181
1.781e-07,-0.004956972569718181
1.782e-07,-0.005988222569718181
1.783e-07,-0.004956972569718181
1.784e-07,-0.0008788478697181815
1.785e-07,0.0030430274302818182
1.786e-07,0.002964902430281818
1.787e-07,-0.0009569728748281814
1.788e-07,-0.004925722569718181
1.789e-07,-0.004956972569718181
1.79e-07,-0.0009257228697181814
1.791e-07,0.0030430274302818182
1.792e-07,0.003714902430281819
1.793e-07,0.0030430274302818182
1.794e-07,0.0031836524302818183
1.795e-07,0.0030430274302818182
1.796e-07,0.0009649024302818185
1.797e-07,-0.0009569728748281814
1.798e-07,-0.0009100978697181814
1.799e-07,-0.0009569728748281814
1.8e-07,-0.0030350975697181815
1.801e-07,-0.004956972569718181
1.802e-07,-0.0037694725697181813
1.803e-07,-0.0009569728748281814
1.804e-07,0.0004024024302818185
1.805e-07,-0.0009569728748281814
1.806e-07,-0.0034257225697181815
1.807e-07,-0.004956972569718181
1.808e-07,-0.004066347569718182
1.809e-07,-0.0009569728748281814
1.81e-07,0.0023242774302818184
1.811e-07,0.0030430274302818182
1.812e-07,0.0007461524302818186
1.813e-07,-0.0009569728748281814
1.814e-07,-0.0005663478697181814
1.815e-07,-0.0009569728748281814
1.816e-07,-0.0036600975697181812
1.817e-07,-0.004956972569718181
1.818e-07,-0.0024725975697181815
1.819e-07,-0.0009569728748281814
1.82e-07,-0.0043944725697181814
1.821e-07,-0.008956972569718181
1.822e-07,-0.008910097569718181
1.823e-07,-0.004956972569718181
1.824e-07,-0.0016444728697181813
1.825e-07,-0.0009569728748281814
1.826e-07,-0.0014569728697181815
1.827e-07,-0.0009569728748281814
1.828e-07,0.0001836524302818185
1.829e-07,-0.0009569728748281814
1.83e-07,-0.006144472569718181
1.831e-07,-0.012956968569718182
1.832e-07,-0.01698821856971818
1.833e-07,-0.016956968569718178
1.834e-07,-0.013566348569718181
1.835e-07,-0.008956972569718181
1.836e-07,-0.004175722569718181
1.837e-07,-0.0009569728748281814
1.838e-07,2.7402130281818475e-05
1.839e-07,-0.0009569728748281814
1.84e-07,-0.0028788475697181814
1.841e-07,-0.004956972569718181
1.842e-07,-0.005956972569718181
1.843e-07,-0.004956972569718181
1.844e-07,-0.0026757225697181817
1.845e-07,-0.0009569728748281814
1.846e-07,-0.0010819728697181814
1.847e-07,-0.0009569728748281814
1.848e-07,0.0008086524302818186
1.849e-07,0.0030430274302818182
1.85e-07,0.0036055274302818187
1.851e-07,0.0030430274302818182
1.852e-07,0.0018399024302818185
1.853e-07,-0.0009569728748281814
1.854e-07,-0.005581972569718182
1.855e-07,-0.008956972569718181
1.856e-07,-0.009097597569718181
1.857e-07,-0.008956972569718181
1.858e-07,-0.009831972569718182
1.859e-07,-0.008956972569718181
1.86e-07,-0.004331972569718181
1.861e-07,-0.0009569728748281814
1.862e-07,-0.0022694725697181813
1.863e-07,-0.004956972569718181
1.864e-07,-0.004066347569718182
1.865e-07,-0.0009569728748281814
1.866e-07,0.00026177743028181857
1.867e-07,-0.0009569728748281814
1.868e-07,-0.002128847569718181
1.869e-07,-0.0009569728748281814
1.87e-07,0.0016836524302818187
1.871e-07,0.0030430274302818182
1.872e-07,0.0013867774302818185
1.873e-07,-0.0009569728748281814
1.874e-07,-0.0016444728697181813
1.875e-07,-0.0009569728748281814
1.876e-07,-0.0007069728697181814
1.877e-07,-0.0009569728748281814
1.878e-07,-0.0008163478697181814
1.879e-07,-0.0009569728748281814
1.88e-07,-0.0024725975697181815
1.881e-07,-0.004956972569718181
1.882e-07,-0.007113222569718181
1.883e-07,-0.008956972569718181
1.884e-07,-0.008863222569718181
1.885e-07,-0.004956972569718181
1.886e-07,0.0012774024302818184
1.887e-07,0.0030430274302818182
1.888e-07,-0.0015350978697181814
1.889e-07,-0.004956972569718181
1.89e-07,-0.0015819728697181814
1.891e-07,0.0030430274302818182
1.892e-07,0.0022617774302818184
1.893e-07,-0.0009569728748281814
1.894e-07,-0.0006757228697181815
1.895e-07,0.0030430274302818182
1.896e-07,0.004964902430281818
1.897e-07,0.0030430274302818182
1.898e-07,-0.00023822286971818144
1.899e-07,-0.0009569728748281814
1.9e-07,0.0015117774302818186
1.901e-07,0.0030430274302818182
1.902e-07,4.302713028181849e-05
1.903e-07,-0.004956972569718181
1.904e-07,-0.007081972569718181
1.905e-07,-0.004956972569718181
1.906e-07,-0.0005038478697181813
1.907e-07,0.0030430274302818182
1.908e-07,0.004230527430281818
1.909e-07,0.0030430274302818182
1.91e-07,-0.00016009786971818147
1.911e-07,-0.004956972569718181
1.912e-07,-0.009144472569718181
1.913e-07,-0.008956972569718181
1.914e-07,-0.0031757225697181812
1.915e-07,0.0030430274302818182
1.916e-07,0.004777402430281819
1.917e-07,0.0030430274302818182
1.918e-07,0.0008711524302818187
1.919e-07,-0.0009569728748281814
1.92e-07,-0.0031757225697181812
1.921e-07,-0.004956972569718181
1.922e-07,-0.004206972569718181
1.923e-07,-0.0009569728748281814
1.924e-07,0.0025430274302818186
1.925e-07,0.0030430274302818182
1.926e-07,-0.0003319728697181814
1.927e-07,-0.004956972569718181
1.928e-07,-0.006910097569718181
1.929e-07,-0.004956972569718181
1.93e-07,-0.0006132228697181814
1.931e-07,0.0030430274302818182
1.932e-07,0.005027402430281818
1.933e-07,0.007043027430281819
1.934e-07,0.008777402430281819
1.935e-07,0.007043027430281819
1.936e-07,0.0006680274302818185
1.937e-07,-0.004956972569718181
1.938e-07,-0.004816347569718181
1.939e-07,-0.0009569728748281814
1.94e-07,0.0018711524302818185
1.941e-07,0.0030430274302818182
1.942e-07,0.003730527430281819
1.943e-07,0.0030430274302818182
1.944e-07,0.0006211524302818187
1.945e-07,-0.0009569728748281814
1.946e-07,-0.0004413478697181814
1.947e-07,-0.0009569728748281814
1.948e-07,-0.0038163475697181814
1.949e-07,-0.004956972569718181
1.95e-07,-0.0013632228697181815
1.951e-07,0.0030430274302818182
1.952e-07,0.0031055274302818183
1.953e-07,-0.0009569728748281814
1.954e-07,-0.004691347569718181
1.955e-07,-0.004956972569718181
1.956e-07,-0.0023944725697181814
1.957e-07,-0.0009569728748281814
1.958e-07,-0.0016444728697181813
1.959e-07,-0.0009569728748281814
1.96e-07,0.0022461524302818184
1.961e-07,0.0030430274302818182
1.962e-07,-0.0013007228697181814
1.963e-07,-0.004956972569718181
1.964e-07,-0.0022069725697181812
1.965e-07,0.0030430274302818182
1.966e-07,0.0035430274302818187
1.967e-07,-0.0009569728748281814
1.968e-07,-0.005253847569718181
1.969e-07,-0.004956972569718181
1.97e-07,-0.0006444728697181815
1.971e-07,0.0030430274302818182
1.972e-07,0.0024961524302818186
1.973e-07,-0.0009569728748281814
1.974e-07,-0.0037850975697181813
1.975e-07,-0.004956972569718181
1.976e-07,-0.005253847569718181
1.977e-07,-0.004956972569718181
1.978e-07,-0.004285097569718181
1.979e-07,-0.004956972569718181
1.98e-07,-0.006269472569718181
1.981e-07,-0.004956972569718181
1.982e-07,-0.00023822286971818144
1.983e-07,0.0030430274302818182
1.984e-07,0.0005899024302818186
1.985e-07,-0.004956972569718181
1.986e-07,-0.007597597569718182
1.987e-07,-0.004956972569718181
1.988e-07,0.00010552743028181865
1.989e-07,0.0030430274302818182
1.99e-07,0.0009649024302818185
1.991e-07,-0.004956972569718181
1.992e-07,-0.009925722569718182
1.993e-07,-0.008956972569718181
1.994e-07,-0.0031913475697181812
1.995e-07,-0.0009569728748281814
1.996e-07,-0.005331972569718181
1.997e-07,-0.008956972569718181
1.998e-07,-0.005613222569718182
1.999e-07,-0.0009569728748281814
2e-07,-0.0016913478697181813
2.001e-07,-0.004956972569718181
2.002e-07,-0.004363222569718181
2.003e-07,-0.0009569728748281814
2.004e-07,0.00046490243028181853
2.005e-07,-0.0009569728748281814
2.006e-07,-0.0022850975697181813
2.007e-07,-0.0009569728748281814
2.008e-07,0.0020742774302818187
2.009e-07,0.0030430274302818182
2.01e-07,0.0006524024302818185
2.011e-07,-0.0009569728748281814
2.012e-07,0.0008399024302818186
2.013e-07,0.0030430274302818182
2.014e-07,0.0017617774302818184
2.015e-07,-0.0009569728748281814
2.016e-07,-0.0007069728697181814
2.017e-07,0.0030430274302818182
2.018e-07,0.005902402430281818
2.019e-07,0.0030430274302818182
2.02e-07,-0.004378847569718181
2.021e-07,-0.008956972569718181
2.022e-07,-0.006191347569718181
2.023e-07,-0.0009569728748281814
2.024e-07,0.0005742774302818186
2.025e-07,-0.0009569728748281814
2.026e-07,-0.0005038478697181813
2.027e-07,0.0030430274302818182
2.028e-07,0.005730527430281819
2.029e-07,0.0030430274302818182
2.03e-07,-0.004035097569718182
2.031e-07,-0.008956972569718181
2.032e-07,-0.006847597569718181
2.033e-07,-0.0009569728748281814
2.034e-07,0.0028086524302818184
2.035e-07,0.0030430274302818182
2.036e-07,0.0024649024302818186
2.037e-07,0.0030430274302818182
2.038e-07,0.003839902430281819
2.039e-07,0.0030430274302818182
2.04e-07,0.0006680274302818185
2.041e-07,-0.0009569728748281814
2.042e-07,0.00024615243028181855
2.043e-07,0.0030430274302818182
2.044e-07,0.0042617774302818184
2.045e-07,0.0030430274302818182
2.046e-07,0.0007305274302818186
2.047e-07,-0.0009569728748281814
2.048e-07,-0.00025384786971818145
2.049e-07,0.0030430274302818182
2.05e-07,0.006871152430281819
2.051e-07,0.007043027430281819
2.052e-07,0.0027461524302818184
2.053e-07,-0.0009569728748281814
2.054e-07,-0.0001913478697181814
2.055e-07,0.0030430274302818182
2.056e-07,0.005168027430281818
2.057e-07,0.007043027430281819
2.058e-07,0.00966803143028182
2.059e-07,0.011043031430281819
2.06e-07,0.008136777430281818
2.061e-07,0.0030430274302818182
2.062e-07,-0.0013475978697181814
2.063e-07,-0.004956972569718181
2.064e-07,-0.00809759756971818
2.065e-07,-0.008956972569718181
2.066e-07,-0.006628847569718182
2.067e-07,-0.004956972569718181
2.068e-07,-0.005331972569718181
2.069e-07,-0.004956972569718181
2.07e-07,-0.0018632228697181815
2.071e-07,-0.0009569728748281814
2.072e-07,-0.004941347569718181
2.073e-07,-0.008956972569718181
2.074e-07,-0.006863222569718181
2.075e-07,-0.0009569728748281814
2.076e-07,0.003027402430281818
2.077e-07,0.0030430274302818182
2.078e-07,0.0008242774302818186
2.079e-07,-0.0009569728748281814
2.08e-07,-0.0014257228697181815
2.081e-07,-0.0009569728748281814
2.082e-07,0.0004180274302818185
2.083e-07,0.0030430274302818182
2.084e-07,0.006152402430281818
2.085e-07,0.007043027430281819
2.086e-07,0.003761777430281819
2.087e-07,-0.0009569728748281814
2.088e-07,-0.0028632225697181814
2.089e-07,-0.0009569728748281814
2.09e-07,0.0032930274302818184
2.091e-07,0.007043027430281819
2.092e-07,0.008402402430281819
2.093e-07,0.007043027430281819
2.094e-07,0.0043399024302818185
2.095e-07,0.0030430274302818182
2.096e-07,0.0043711524302818185
2.097e-07,0.007043027430281819
2.098e-07,0.009308651430281818
2.099e-07,0.011043031430281819
2.1e-07,0.011964901430281819
2.101e-07,0.011043031430281819
2.102e-07,0.007449277430281818
2.103e-07,0.0030430274302818182
2.104e-07,0.0001992774302818185
2.105e-07,-0.0009569728748281814
2.106e-07,-0.0002069728697181814
2.107e-07,0.0030430274302818182
2.108e-07,0.008011777430281818
2.109e-07,0.011043031430281819
2.11e-07,0.009964901430281819
2.111e-07,0.007043027430281819
2.112e-07,0.005855527430281819
2.113e-07,0.007043027430281819
2.114e-07,0.008121152430281818
2.115e-07,0.007043027430281819
2.116e-07,0.004199277430281818
2.117e-07,0.0030430274302818182
2.118e-07,0.004949277430281818
2.119e-07,0.007043027430281819
2.12e-07,0.006089902430281818
2.121e-07,0.0030430274302818182
2.122e-07,0.0006367774302818185
2.123e-07,-0.0009569728748281814
2.124e-07,-0.0019100978697181815
2.125e-07,-0.0009569728748281814
2.126e-07,0.0020117774302818186
2.127e-07,0.0030430274302818182
2.128e-07,0.0007149024302818185
2.129e-07,-0.0009569728748281814
2.13e-07,0.0011211524302818187
2.131e-07,0.0030430274302818182
2.132e-07,0.0013711524302818185
2.133e-07,-0.0009569728748281814
2.134e-07,0.00010552743028181865
2.135e-07,0.0030430274302818182
2.136e-07,0.004011777430281818
2.137e-07,0.0030430274302818182
2.138e-07,0.0026211524302818187
2.139e-07,0.0030430274302818182
2.14e-07,0.0032930274302818184
2.141e-07,0.0030430274302818182
2.142e-07,0.0020117774302818186
2.143e-07,-0.0009569728748281814
2.144e-07,-0.0035038475697181815
2.145e-07,-0.0009569728748281814
2.146e-07,0.006589902430281819
2.147e-07,0.011043031430281819
2.148e-07,0.007605527430281818
2.149e-07,0.0030430274302818182
2.15e-07,0.004886777430281819
2.151e-07,0.011043031430281819
2.152e-07,0.013980531430281818
2.153e-07,0.011043031430281819
2.154e-07,0.005636777430281819
2.155e-07,0.0030430274302818182
2.156e-07,0.003683652430281819
2.157e-07,0.0030430274302818182
2.158e-07,-0.00026947286971818146
2.159e-07,-0.0009569728748281814
2.16e-07,0.004808652430281819
2.161e-07,0.011043031430281819
2.162e-07,0.011011781430281819
2.163e-07,0.007043027430281819
2.164e-07,0.005511777430281819
2.165e-07,0.007043027430281819
2.166e-07,0.008183652430281818
2.167e-07,0.007043027430281819
2.168e-07,0.004683652430281819
2.169e-07,0.0030430274302818182
2.17e-07,0.003839902430281819
2.171e-07,0.007043027430281819
2.172e-07,0.010355531430281818
2.173e-07,0.011043031430281819
2.174e-07,0.008824277430281819
2.175e-07,0.007043027430281819
2.176e-07,0.008152402430281818
2.177e-07,0.011043031430281819
2.178e-07,0.012480531430281818
2.179e-07,0.011043031430281819
2.18e-07,0.007214902430281819
2.181e-07,0.0030430274302818182
2.182e-07,2.7402130281818475e-05
2.183e-07,-0.0009569728748281814
2.184e-07,0.0005586524302818186
2.185e-07,0.0030430274302818182
2.186e-07,0.005449277430281819
2.187e-07,0.007043027430281819
2.188e-07,0.006714902430281819
2.189e-07,0.0030430274302818182
2.19e-07,-0.0013632228697181815
2.191e-07,-0.0009569728748281814
2.192e-07,0.005699277430281819
2.193e-07,0.011043031430281819
2.194e-07,0.008871152430281819
2.195e-07,0.0030430274302818182
2.196e-07,0.0007930274302818186
2.197e-07,0.0030430274302818182
2.198e-07,0.006027402430281818
2.199e-07,0.007043027430281819
2.2e-07,0.006824277430281819
2.201e-07,0.007043027430281819
2.202e-07,0.008621152430281819
2.203e-07,0.011043031430281819
2.204e-07,0.012261781430281818
2.205e-07,0.011043031430281819
2.206e-07,0.008418027430281819
2.207e-07,0.007043027430281819
2.208e-07,0.008199277430281818
2.209e-07,0.011043031430281819
2.21e-07,0.012652401430281818
2.211e-07,0.011043031430281819
2.212e-07,0.007683652430281818
2.213e-07,0.007043027430281819
2.214e-07,0.009855531430281818
2.215e-07,0.011043031430281819
2.216e-07,0.007371152430281818
2.217e-07,0.0030430274302818182
2.218e-07,0.0034492774302818186
2.219e-07,0.007043027430281819
2.22e-07,0.008746152430281819
2.221e-07,0.007043027430281819
2.222e-07,0.0042617774302818184
2.223e-07,0.0030430274302818182
2.224e-07,0.0043867774302818185
2.225e-07,0.007043027430281819
2.226e-07,0.008699277430281819
2.227e-07,0.007043027430281819
2.228e-07,0.0026680274302818188
2.229e-07,-0.0009569728748281814
2.23e-07,-0.0015819728697181814
2.231e-07,-0.0009569728748281814
2.232e-07,-3.509786971818147e-05
2.233e-07,0.0030430274302818182
2.234e-07,0.008402402430281819
2.235e-07,0.011043031430281819
2.236e-07,0.007652402430281818
2.237e-07,0.0030430274302818182
2.238e-07,0.0022461524302818184
2.239e-07,0.0030430274302818182
2.24e-07,0.0014805274302818186
2.241e-07,-0.0009569728748281814
2.242e-07,-0.0013319728697181814
2.243e-07,-0.0009569728748281814
2.244e-07,-0.0013007228697181814
2.245e-07,-0.0009569728748281814
2.246e-07,0.0016680274302818187
2.247e-07,0.0030430274302818182
2.248e-07,0.0011992774302818188
2.249e-07,-0.0009569728748281814
2.25e-07,0.0001836524302818185
2.251e-07,0.0030430274302818182
2.252e-07,0.005136777430281818
2.253e-07,0.007043027430281819
2.254e-07,0.00954303143028182
2.255e-07,0.011043031430281819
2.256e-07,0.009589901430281818
2.257e-07,0.007043027430281819
2.258e-07,0.006089902430281818
2.259e-07,0.007043027430281819
2.26e-07,0.007933652430281818
2.261e-07,0.007043027430281819
2.262e-07,0.004668027430281819
2.263e-07,0.0030430274302818182
2.264e-07,0.004089902430281818
2.265e-07,0.007043027430281819
2.266e-07,0.009793031430281818
2.267e-07,0.011043031430281819
2.268e-07,0.011043031430281819
2.269e-07,0.011043031430281819
2.27e-07,0.011136781430281819
2.271e-07,0.011043031430281819
2.272e-07,0.00963678143028182
2.273e-07,0.007043027430281819
2.274e-07,0.0042617774302818184
2.275e-07,0.0030430274302818182
2.276e-07,0.0032930274302818184
2.277e-07,0.0030430274302818182
2.278e-07,0.0013399024302818184
2.279e-07,-0.0009569728748281814
2.28e-07,-0.0016132228697181815
2.281e-07,-0.0009569728748281814
2.282e-07,-0.00016009786971818147
2.283e-07,-0.0009569728748281814
2.284e-07,-0.0019882225697181815
2.285e-07,-0.0009569728748281814
2.286e-07,0.0030430274302818182
2.287e-07,0.007043027430281819
2.288e-07,0.008152402430281818
2.289e-07,0.007043027430281819
2.29e-07,0.006183652430281818
2.291e-07,0.007043027430281819
2.292e-07,0.008089902430281818
2.293e-07,0.007043027430281819
2.294e-07,0.004043027430281818
2.295e-07,0.0030430274302818182
2.296e-07,0.0052461524302818184
2.297e-07,0.007043027430281819
2.298e-07,0.005214902430281818
2.299e-07,0.0030430274302818182
2.3e-07,0.0043086524302818185
2.301e-07,0.007043027430281819
2.302e-07,0.006933652430281819
2.303e-07,0.0030430274302818182
2.304e-07,-0.0017538478697181814
2.305e-07,-0.004956972569718181
2.306e-07,-0.005644472569718182
2.307e-07,-0.004956972569718181
2.308e-07,-0.0035350975697181816
2.309e-07,-0.0009569728748281814
2.31e-07,0.0033242774302818185
2.311e-07,0.007043027430281819
2.312e-07,0.008183652430281818
2.313e-07,0.007043027430281819
2.314e-07,0.004246152430281818
2.315e-07,-0.0009569728748281814
2.316e-07,-0.006988222569718181
2.317e-07,-0.008956972569718181
2.318e-07,-0.004175722569718181
2.319e-07,0.0030430274302818182
2.32e-07,0.006902402430281819
2.321e-07,0.007043027430281819
2.322e-07,0.006371152430281819
2.323e-07,0.007043027430281819
2.324e-07,0.008043027430281818
2.325e-07,0.007043027430281819
2.326e-07,0.0032461524302818184
2.327e-07,-0.0009569728748281814
2.328e-07,-0.0035507225697181816
2.329e-07,-0.004956972569718181
2.33e-07,-0.005878847569718181
2.331e-07,-0.004956972569718181
2.332e-07,-0.0008944728697181815
2.333e-07,0.0030430274302818182
2.334e-07,0.004121152430281818
2.335e-07,0.0030430274302818182
2.336e-07,0.0015274024302818186
2.337e-07,-0.0009569728748281814
2.338e-07,-0.004128847569718181
2.339e-07,-0.004956972569718181
2.34e-07,-0.0015663478697181814
2.341e-07,0.0030430274302818182
2.342e-07,0.004699277430281819
2.343e-07,0.0030430274302818182
2.344e-07,0.0005430274302818186
2.345e-07,-0.0009569728748281814
2.346e-07,-0.0010350978797181813
2.347e-07,-0.0009569728748281814
2.348e-07,-0.0010819728697181814
2.349e-07,-0.0009569728748281814
2.35e-07,0.0004180274302818185
2.351e-07,0.0030430274302818182
2.352e-07,0.005683652430281819
2.353e-07,0.007043027430281819
2.354e-07,0.006980527430281819
2.355e-07,0.007043027430281819
2.356e-07,0.007589902430281818
2.357e-07,0.007043027430281819
2.358e-07,0.004589902430281819
2.359e-07,0.0030430274302818182
2.36e-07,0.0035430274302818187
2.361e-07,0.0030430274302818182
2.362e-07,0.00016802743028181849
2.363e-07,-0.0009569728748281814
2.364e-07,0.0027461524302818184
2.365e-07,0.007043027430281819
2.366e-07,0.006652402430281819
2.367e-07,0.0030430274302818182
2.368e-07,0.0011992774302818188
2.369e-07,0.0030430274302818182
2.37e-07,0.006152402430281818
2.371e-07,0.007043027430281819
2.372e-07,0.004089902430281818
2.373e-07,-0.0009569728748281814
2.374e-07,-0.004566347569718182
2.375e-07,-0.004956972569718181
2.376e-07,-0.0028475975697181814
2.377e-07,-0.0009569728748281814
2.378e-07,-0.0004725978697181814
2.379e-07,-0.0009569728748281814
2.38e-07,-0.00011322286971818143
2.381e-07,0.0030430274302818182
2.382e-07,0.006730527430281819
2.383e-07,0.007043027430281819
2.384e-07,0.0031367774302818183
2.385e-07,-0.0009569728748281814
2.386e-07,-0.0009257228697181814
2.387e-07,0.0030430274302818182
2.388e-07,0.006824277430281819
2.389e-07,0.007043027430281819
2.39e-07,0.0042617774302818184
2.391e-07,0.0030430274302818182
2.392e-07,0.005121152430281818
2.393e-07,0.007043027430281819
2.394e-07,0.005605527430281819
2.395e-07,0.0030430274302818182
2.396e-07,0.0026367774302818187
2.397e-07,0.0030430274302818182
2.398e-07,0.0016055274302818187
2.399e-07,-0.0009569728748281814
2.4e-07,-0.0019569725697181815
2.401e-07,-0.0009569728748281814
2.402e-07,0.0010586524302818186
2.403e-07,0.0030430274302818182
2.404e-07,0.004964902430281818
2.405e-07,0.007043027430281819
2.406e-07,0.008308652430281819
2.407e-07,0.007043027430281819
2.408e-07,0.002964902430281818
2.409e-07,-0.0009569728748281814
2.41e-07,-0.0019100978697181815
2.411e-07,-0.0009569728748281814
2.412e-07,-0.0005194728697181814
2.413e-07,-0.0009569728748281814
2.414e-07,-0.0012538478697181814
2.415e-07,-0.0009569728748281814
2.416e-07,0.0003867774302818187
2.417e-07,0.0030430274302818182
2.418e-07,0.0062305274302818184
2.419e-07,0.007043027430281819
2.42e-07,0.003855527430281819
2.421e-07,-0.0009569728748281814
2.422e-07,-0.004144472569718181
2.423e-07,-0.004956972569718181
2.424e-07,-0.0038007225697181814
2.425e-07,-0.0009569728748281814
2.426e-07,0.0024649024302818186
2.427e-07,0.0030430274302818182
2.428e-07,0.0004492774302818185
2.429e-07,-0.0009569728748281814
2.43e-07,0.0013711524302818185
2.431e-07,0.0030430274302818182
2.432e-07,0.0007774024302818186
2.433e-07,-0.0009569728748281814
2.434e-07,0.0022461524302818184
2.435e-07,0.007043027430281819
2.436e-07,0.008230527430281818
2.437e-07,0.007043027430281819
2.438e-07,0.005855527430281819
2.439e-07,0.0030430274302818182
2.44e-07,-0.0022069725697181812
2.441e-07,-0.004956972569718181
2.442e-07,-0.0017850978697181814
2.443e-07,0.0030430274302818182
2.444e-07,0.0043086524302818185
2.445e-07,0.0030430274302818182
2.446e-07,0.0026211524302818187
2.447e-07,0.0030430274302818182
2.448e-07,0.0019336524302818185
2.449e-07,-0.0009569728748281814
2.45e-07,-0.0038007225697181814
2.451e-07,-0.004956972569718181
2.452e-07,-0.0036913475697181813
2.453e-07,-0.0009569728748281814
2.454e-07,0.0007930274302818186
2.455e-07,-0.0009569728748281814
2.456e-07,-0.0054413475697181815
2.457e-07,-0.008956972569718181
2.458e-07,-0.008300722569718182
2.459e-07,-0.004956972569718181
2.46e-07,-0.0019725975697181815
2.461e-07,-0.0009569728748281814
2.462e-07,-0.0009882228797181815
2.463e-07,-0.0009569728748281814
2.464e-07,-0.0008632228697181814
2.465e-07,-0.0009569728748281814
2.466e-07,-0.002066347569718181
2.467e-07,-0.004956972569718181
2.468e-07,-0.0073475975697181815
2.469e-07,-0.004956972569718181
2.47e-07,0.0011367774302818187
2.471e-07,0.0030430274302818182
2.472e-07,-0.0029569725697181815
2.473e-07,-0.008956972569718181
2.474e-07,-0.007035097569718181
2.475e-07,-0.0009569728748281814
2.476e-07,0.0015117774302818186
2.477e-07,-0.0009569728748281814
2.478e-07,-0.004066347569718182
2.479e-07,-0.004956972569718181
2.48e-07,-0.004550722569718182
2.481e-07,-0.004956972569718181
2.482e-07,-0.005956972569718181
2.483e-07,-0.004956972569718181
2.484e-07,-0.0008007228697181814
2.485e-07,0.0030430274302818182
2.486e-07,0.0025430274302818186
2.487e-07,-0.0009569728748281814
2.488e-07,-0.0038475975697181814
2.489e-07,-0.004956972569718181
2.49e-07,-0.005097597569718181
2.491e-07,-0.004956972569718181
2.492e-07,-0.004691347569718181
2.493e-07,-0.004956972569718181
2.494e-07,-0.0054413475697181815
2.495e-07,-0.004956972569718181
2.496e-07,-0.0029569725697181815
2.497e-07,-0.0009569728748281814
2.498e-07,-0.0004569728697181814
2.499e-07,-0.0009569728748281814
2.5e-07,-0.0012069728697181813
2.501e-07,-0.0009569728748281814
2.502e-07,-0.0008007228697181814
2.503e-07,-0.0009569728748281814
2.504e-07,-0.0019257228697181815
2.505e-07,-0.004956972569718181
2.506e-07,-0.008691347569718181
2.507e-07,-0.008956972569718181
2.508e-07,-0.004675722569718181
2.509e-07,-0.0009569728748281814
2.51e-07,-0.0008944728697181815
2.511e-07,-0.0009569728748281814
2.512e-07,0.0028399024302818185
2.513e-07,0.007043027430281819
2.514e-07,0.005839902430281819
2.515e-07,-0.0009569728748281814
2.516e-07,-0.007706972569718182
2.517e-07,-0.008956972569718181
2.518e-07,-0.0037225975697181813
2.519e-07,0.0030430274302818182
2.52e-07,0.006589902430281819
2.521e-07,0.007043027430281819
2.522e-07,0.006714902430281819
2.523e-07,0.007043027430281819
2.524e-07,0.007136777430281819
2.525e-07,0.007043027430281819
2.526e-07,0.006996152430281819
2.527e-07,0.007043027430281819
2.528e-07,0.005980527430281818
2.529e-07,0.0030430274302818182
2.53e-07,-0.0014257228697181815
2.531e-07,-0.004956972569718181
2.532e-07,-0.005566347569718182
2.533e-07,-0.004956972569718181
2.534e-07,-0.0036757225697181812
2.535e-07,-0.0009569728748281814
2.536e-07,0.003746152430281819
2.537e-07,0.007043027430281819
2.538e-07,0.006089902430281818
2.539e-07,0.0030430274302818182
2.54e-07,0.0016367774302818187
2.541e-07,0.0030430274302818182
2.542e-07,0.005527402430281819
2.543e-07,0.007043027430281819
2.544e-07,0.006089902430281818
2.545e-07,0.0030430274302818182
2.546e-07,-0.0012538478697181814
2.547e-07,-0.004956972569718181
2.548e-07,-0.006222597569718181
2.549e-07,-0.004956972569718181
2.55e-07,-0.0012694728697181814
2.551e-07,0.0030430274302818182
2.552e-07,0.005402402430281819
2.553e-07,0.0030430274302818182
2.554e-07,-0.0023319725697181813
2.555e-07,-0.004956972569718181
2.556e-07,-0.0016288478697181815
2.557e-07,0.0030430274302818182
2.558e-07,0.004183652430281818
2.559e-07,0.0030430274302818182
2.56e-07,0.003746152430281819
2.561e-07,0.007043027430281819
2.562e-07,0.009261781430281819
2.563e-07,0.007043027430281819
2.564e-07,0.0015899024302818187
2.565e-07,-0.0009569728748281814
2.566e-07,0.0024180274302818185
2.567e-07,0.007043027430281819
2.568e-07,0.007918027430281818
2.569e-07,0.007043027430281819
2.57e-07,0.007449277430281818
2.571e-07,0.007043027430281819
2.572e-07,0.0031367774302818183
2.573e-07,-0.0009569728748281814
2.574e-07,-0.0006757228697181815
2.575e-07,0.0030430274302818182
2.576e-07,0.0063086524302818185
2.577e-07,0.007043027430281819
2.578e-07,0.005511777430281819
2.579e-07,0.0030430274302818182
2.58e-07,0.0007930274302818186
2.581e-07,-0.0009569728748281814
2.582e-07,-0.0016444728697181813
2.583e-07,-0.0009569728748281814
2.584e-07,0.0010742774302818186
2.585e-07,0.0030430274302818182
2.586e-07,0.003730527430281819
2.587e-07,0.0030430274302818182
2.588e-07,0.0024024024302818185
2.589e-07,0.0030430274302818182
2.59e-07,0.004043027430281818
2.591e-07,0.0030430274302818182
2.592e-07,2.7402130281818475e-05
2.593e-07,-0.0009569728748281814
2.594e-07,0.0024805274302818186
2.595e-07,0.007043027430281819
2.596e-07,0.007511777430281818
2.597e-07,0.0030430274302818182
2.598e-07,-0.0025507225697181815
2.599e-07,-0.004956972569718181
2.6e-07,-0.0031913475697181812
2.601e-07,-0.0009569728748281814
2.602e-07,-0.0006913478697181814
2.603e-07,-0.0009569728748281814
2.604e-07,0.0005742774302818186
2.605e-07,0.0030430274302818182
2.606e-07,0.003855527430281819
2.607e-07,0.0030430274302818182
2.608e-07,0.0024180274302818185
2.609e-07,0.0030430274302818182
2.61e-07,0.003761777430281819
2.611e-07,0.0030430274302818182
2.612e-07,-0.00023822286971818144
2.613e-07,-0.004956972569718181
2.614e-07,-0.00853509756971818
2.615e-07,-0.008956972569718181
2.616e-07,-0.006488222569718182
2.617e-07,-0.004956972569718181
2.618e-07,-0.005285097569718181
2.619e-07,-0.004956972569718181
2.62e-07,-0.0022538475697181813
2.621e-07,-0.0009569728748281814
2.622e-07,-0.0033319725697181814
2.623e-07,-0.004956972569718181
2.624e-07,-0.0015975978697181815
2.625e-07,0.0030430274302818182
2.626e-07,0.004136777430281818
2.627e-07,0.0030430274302818182
2.628e-07,0.0019336524302818185
2.629e-07,-0.0009569728748281814
2.63e-07,-0.006300722569718181
2.631e-07,-0.008956972569718181
2.632e-07,-0.0045194725697181816
2.633e-07,0.0030430274302818182
2.634e-07,0.007293027430281819
2.635e-07,0.007043027430281819
2.636e-07,0.004793027430281819
2.637e-07,0.0030430274302818182
2.638e-07,0.0025430274302818186
2.639e-07,0.0030430274302818182
2.64e-07,0.0035586524302818187
2.641e-07,0.0030430274302818182
2.642e-07,0.0010742774302818186
2.643e-07,-0.0009569728748281814
2.644e-07,-0.0018788478697181815
2.645e-07,-0.0009569728748281814
2.646e-07,0.0012930274302818184
2.647e-07,0.0030430274302818182
2.648e-07,0.0033555274302818185
2.649e-07,0.0030430274302818182
2.65e-07,0.0021367774302818187
2.651e-07,-0.0009569728748281814
2.652e-07,-0.005831972569718182
2.653e-07,-0.008956972569718181
2.654e-07,-0.007503847569718182
2.655e-07,-0.004956972569718181
2.656e-07,-0.004535097569718182
2.657e-07,-0.004956972569718181
2.658e-07,-0.0032850975697181813
2.659e-07,-0.0009569728748281814
2.66e-07,0.0006992774302818185
2.661e-07,0.0030430274302818182
2.662e-07,0.0062774024302818185
2.663e-07,0.007043027430281819
2.664e-07,0.0031367774302818183
2.665e-07,-0.0009569728748281814
2.666e-07,-0.0007538478697181815
2.667e-07,0.0030430274302818182
2.668e-07,0.0052461524302818184
2.669e-07,0.0030430274302818182
2.67e-07,-0.002066347569718181
2.671e-07,-0.004956972569718181
2.672e-07,-0.0035194725697181815
2.673e-07,-0.0009569728748281814
2.674e-07,-0.0013632228697181815
2.675e-07,-0.004956972569718181
2.676e-07,-0.008175722569718182
2.677e-07,-0.008956972569718181
2.678e-07,-0.00809759756971818
2.679e-07,-0.008956972569718181
2.68e-07,-0.011644468569718182
2.681e-07,-0.012956968569718182
2.682e-07,-0.009831972569718182
2.683e-07,-0.004956972569718181
2.684e-07,-0.0018632228697181815
2.685e-07,-0.0009569728748281814
2.686e-07,-0.0007069728697181814
2.687e-07,-0.0009569728748281814
2.688e-07,-0.0026288475697181816
2.689e-07,-0.004956972569718181
2.69e-07,-0.006191347569718181
2.691e-07,-0.004956972569718181
2.692e-07,-0.0023007225697181813
2.693e-07,-0.0009569728748281814
2.694e-07,-0.0024257225697181814
2.695e-07,-0.004956972569718181
2.696e-07,-0.005831972569718182
2.697e-07,-0.004956972569718181
2.698e-07,-0.004050722569718182
2.699e-07,-0.004956972569718181
2.7e-07,-0.006300722569718181
2.701e-07,-0.004956972569718181
2.702e-07,-0.0004725978697181814
2.703e-07,0.0030430274302818182
2.704e-07,0.0020274024302818186
2.705e-07,-0.0009569728748281814
2.706e-07,-0.0017850978697181814
2.707e-07,-0.0009569728748281814
2.708e-07,-0.0007069728697181814
2.709e-07,-0.0009569728748281814
2.71e-07,-0.0016444728697181813
2.711e-07,-0.004956972569718181
2.712e-07,-0.009503847569718182
2.713e-07,-0.008956972569718181
2.714e-07,-0.0007069728697181814
2.715e-07,0.007043027430281819
2.716e-07,0.007043027430281819
2.717e-07,0.0030430274302818182
2.718e-07,0.0016055274302818187
2.719e-07,0.0030430274302818182
2.72e-07,0.0035430274302818187
2.721e-07,0.0030430274302818182
2.722e-07,0.0028555274302818185
2.723e-07,0.0030430274302818182
2.724e-07,0.0016836524302818187
2.725e-07,-0.0009569728748281814
2.726e-07,-0.0034569725697181815
2.727e-07,-0.004956972569718181
2.728e-07,-0.005035097569718181
2.729e-07,-0.004956972569718181
2.73e-07,-0.005988222569718181
2.731e-07,-0.008956972569718181
2.732e-07,-0.011050718569718182
2.733e-07,-0.008956972569718181
2.734e-07,-0.0023788475697181814
2.735e-07,0.0030430274302818182
2.736e-07,0.0026680274302818188
2.737e-07,-0.0009569728748281814
2.738e-07,-0.0026600975697181816
2.739e-07,-0.0009569728748281814
2.74e-07,0.0016992774302818188
2.741e-07,0.0030430274302818182
2.742e-07,0.0009336524302818185
2.743e-07,-0.004956972569718181
2.744e-07,-0.011456968569718182
2.745e-07,-0.012956968569718182
2.746e-07,-0.0073632225697181815
2.747e-07,-0.0009569728748281814
2.748e-07,-0.00014447286971818146
2.749e-07,-0.004956972569718181
2.75e-07,-0.009535097569718182
2.751e-07,-0.008956972569718181
2.752e-07,-0.0030975975697181816
2.753e-07,0.0030430274302818182
2.754e-07,0.004933652430281818
2.755e-07,0.0030430274302818182
2.756e-07,0.00015240243028181847
2.757e-07,-0.0009569728748281814
2.758e-07,-0.0008632228697181814
2.759e-07,-0.0009569728748281814
2.76e-07,-0.0023007225697181813
2.761e-07,-0.004956972569718181
2.762e-07,-0.007753847569718182
2.763e-07,-0.008956972569718181
2.764e-07,-0.008488222569718182
2.765e-07,-0.008956972569718181
2.766e-07,-0.010066347569718182
2.767e-07,-0.008956972569718181
2.768e-07,-0.004316347569718181
2.769e-07,-0.0009569728748281814
2.77e-07,-0.0022538475697181813
2.771e-07,-0.004956972569718181
2.772e-07,-0.004160097569718181
2.773e-07,-0.0009569728748281814
2.774e-07,0.0006367774302818185
2.775e-07,-0.0009569728748281814
2.776e-07,-0.004003847569718182
2.777e-07,-0.004956972569718181
2.778e-07,-0.0031757225697181812
2.779e-07,-0.0009569728748281814
2.78e-07,0.0001992774302818185
2.781e-07,0.0030430274302818182
2.782e-07,0.007261777430281819
2.783e-07,0.007043027430281819
2.784e-07,-0.0008163478697181814
2.785e-07,-0.008956972569718181
2.786e-07,-0.01044134756971818
2.787e-07,-0.008956972569718181
2.788e-07,-0.010003847569718182
2.789e-07,-0.012956968569718182
2.79e-07,-0.012628848569718182
2.791e-07,-0.008956972569718181
2.792e-07,-0.0054257225697181815
2.793e-07,-0.004956972569718181
2.794e-07,-0.006066347569718181
2.795e-07,-0.004956972569718181
2.796e-07,0.0005274024302818186
2.797e-07,0.007043027430281819
2.798e-07,0.008480527430281819
2.799e-07,0.0030430274302818182
2.8e-07,-0.006285097569718181
2.801e-07,-0.012956968569718182
2.802e-07,-0.013160098569718181
2.803e-07,-0.008956972569718181
2.804e-07,-0.004253847569718181
2.805e-07,-0.0009569728748281814
2.806e-07,0.0004492774302818185
2.807e-07,-0.0009569728748281814
2.808e-07,-0.004113222569718182
2.809e-07,-0.004956972569718181
2.81e-07,-0.002128847569718181
2.811e-07,-0.0009569728748281814
2.812e-07,-0.004706972569718181
2.813e-07,-0.008956972569718181
2.814e-07,-0.00847259756971818
2.815e-07,-0.004956972569718181
2.816e-07,-0.0032694725697181813
2.817e-07,-0.004956972569718181
2.818e-07,-0.006628847569718182
2.819e-07,-0.004956972569718181
2.82e-07,-0.0003163478697181814
2.821e-07,0.0030430274302818182
2.822e-07,0.0020274024302818186
2.823e-07,-0.0009569728748281814
2.824e-07,-0.002144472569718181
2.825e-07,-0.0009569728748281814
2.826e-07,7.427743028181862e-05
2.827e-07,-0.0009569728748281814
2.828e-07,-0.0033319725697181814
2.829e-07,-0.004956972569718181
2.83e-07,-0.005019472569718181
2.831e-07,-0.004956972569718181
2.832e-07,-0.005566347569718182
2.833e-07,-0.004956972569718181
2.834e-07,-0.0014257228697181815
2.835e-07,0.0030430274302818182
2.836e-07,0.004855527430281819
2.837e-07,0.0030430274302818182
2.838e-07,-0.0009725978797181814
2.839e-07,-0.004956972569718181
2.84e-07,-0.007581972569718182
2.841e-07,-0.008956972569718181
2.842e-07,-0.009456972569718182
2.843e-07,-0.008956972569718181
2.844e-07,-0.007113222569718181
2.845e-07,-0.004956972569718181
2.846e-07,-0.0029882225697181815
2.847e-07,-0.0009569728748281814
2.848e-07,0.0005430274302818186
2.849e-07,-0.0009569728748281814
2.85e-07,-0.0054413475697181815
2.851e-07,-0.008956972569718181
2.852e-07,-0.00819134756971818
2.853e-07,-0.004956972569718181
2.854e-07,-0.0034725975697181815
2.855e-07,-0.004956972569718181
2.856e-07,-0.006581972569718182
2.857e-07,-0.004956972569718181
2.858e-07,-0.0001913478697181814
2.859e-07,0.0030430274302818182
2.86e-07,0.0009024024302818185
2.861e-07,-0.004956972569718181
2.862e-07,-0.009206972569718181
2.863e-07,-0.008956972569718181
2.864e-07,-0.005081972569718181
2.865e-07,-0.0009569728748281814
2.866e-07,0.0005899024302818186
2.867e-07,-0.0009569728748281814
2.868e-07,-0.0028788475697181814
2.869e-07,-0.0009569728748281814
2.87e-07,0.0043242774302818185
2.871e-07,0.007043027430281819
2.872e-07,0.003839902430281819
2.873e-07,-0.0009569728748281814
2.874e-07,-0.002160097569718181
2.875e-07,-0.0009569728748281814
2.876e-07,-0.0015819728697181814
2.877e-07,-0.004956972569718181
2.878e-07,-0.007238222569718181
2.879e-07,-0.004956972569718181
2.88e-07,0.0014492774302818185
2.881e-07,0.007043027430281819
2.882e-07,0.008168027430281818
2.883e-07,0.007043027430281819
2.884e-07,0.006714902430281819
2.885e-07,0.007043027430281819
2.886e-07,0.005683652430281819
2.887e-07,0.0030430274302818182
2.888e-07,0.0006836524302818185
2.889e-07,-0.0009569728748281814
2.89e-07,-0.0027694725697181817
2.891e-07,-0.004956972569718181
2.892e-07,-0.006066347569718181
2.893e-07,-0.004956972569718181
2.894e-07,-0.0010507228797181814
2.895e-07,0.0030430274302818182
2.896e-07,0.004636777430281819
2.897e-07,0.0030430274302818182
2.898e-07,0.00024615243028181855
2.899e-07,-0.0009569728748281814
2.9e-07,0.0004336524302818185
2.901e-07,0.0030430274302818182
2.902e-07,0.0042617774302818184
2.903e-07,0.0030430274302818182
2.904e-07,0.0005430274302818186
2.905e-07,-0.0009569728748281814
2.906e-07,-0.0007225978697181814
2.907e-07,-0.0009569728748281814
2.908e-07,-0.0027694725697181817
2.909e-07,-0.004956972569718181
2.91e-07,-0.004597597569718182
2.911e-07,-0.0009569728748281814
2.912e-07,0.004136777430281818
2.913e-07,0.007043027430281819
2.914e-07,0.006964902430281819
2.915e-07,0.007043027430281819
2.916e-07,0.008168027430281818
2.917e-07,0.007043027430281819
2.918e-07,0.0019805274302818186
2.919e-07,-0.0009569728748281814
2.92e-07,0.0024180274302818185
2.921e-07,0.007043027430281819
2.922e-07,0.006558652430281819
2.923e-07,0.0030430274302818182
2.924e-07,0.0007461524302818186
2.925e-07,-0.0009569728748281814
2.926e-07,-0.0035350975697181816
2.927e-07,-0.004956972569718181
2.928e-07,-0.0019882225697181815
2.929e-07,0.0030430274302818182
2.93e-07,0.005511777430281819
2.931e-07,0.0030430274302818182
2.932e-07,-0.0022069725697181812
2.933e-07,-0.004956972569718181
2.934e-07,-0.0020038475697181815
2.935e-07,0.0030430274302818182
2.936e-07,0.006027402430281818
2.937e-07,0.007043027430281819
2.938e-07,0.006574277430281819
2.939e-07,0.0030430274302818182
2.94e-07,-0.0028788475697181814
2.941e-07,-0.004956972569718181
2.942e-07,0.00037115243028181867
2.943e-07,0.007043027430281819
2.944e-07,0.007621152430281818
2.945e-07,0.0030430274302818182
2.946e-07,-0.0009725978797181814
2.947e-07,-0.0009569728748281814
2.948e-07,0.0016836524302818187
2.949e-07,0.0030430274302818182
2.95e-07,0.0016211524302818187
2.951e-07,-0.0009569728748281814
2.952e-07,-0.0019257228697181815
2.953e-07,-0.0009569728748281814
2.954e-07,7.427743028181862e-05
2.955e-07,-0.0009569728748281814
2.956e-07,-0.0024569725697181815
2.957e-07,-0.0009569728748281814
2.958e-07,0.003793027430281819
2.959e-07,0.007043027430281819
2.96e-07,0.005668027430281819
2.961e-07,0.0030430274302818182
2.962e-07,0.003761777430281819
2.963e-07,0.007043027430281819
2.964e-07,0.007636777430281818
2.965e-07,0.0030430274302818182
2.966e-07,-0.0034100975697181814
2.967e-07,-0.004956972569718181
2.968e-07,0.0005742774302818186
2.969e-07,0.007043027430281819
2.97e-07,0.007621152430281818
2.971e-07,0.0030430274302818182
2.972e-07,-0.0008944728697181815
2.973e-07,-0.0009569728748281814
2.974e-07,0.0015899024302818187
2.975e-07,0.0030430274302818182
2.976e-07,0.0018555274302818185
2.977e-07,-0.0009569728748281814
2.978e-07,-0.0024725975697181815
2.979e-07,-0.0009569728748281814
2.98e-07,0.0020274024302818186
2.981e-07,0.0030430274302818182
2.982e-07,0.0019492774302818185
2.983e-07,0.0030430274302818182
2.984e-07,0.007808652430281818
2.985e-07,0.011043031430281819
2.986e-07,0.008152402430281818
2.987e-07,0.0030430274302818182
2.988e-07,0.0005742774302818186
2.989e-07,-0.0009569728748281814
2.99e-07,-0.0038163475697181814
2.991e-07,-0.004956972569718181
2.992e-07,-0.0013163478697181814
2.993e-07,0.0030430274302818182
2.994e-07,0.003902402430281819
2.995e-07,0.0030430274302818182
2.996e-07,0.0043086524302818185
2.997e-07,0.007043027430281819
2.998e-07,0.008168027430281818
2.999e-07,0.007043027430281819
3e-07,0.004699277430281819
3.001e-07,0.0030430274302818182
3.002e-07,0.0025742774302818187
3.003e-07,0.0030430274302818182
3.004e-07,0.0034492774302818186
3.005e-07,0.0030430274302818182
3.006e-07,0.0016055274302818187
3.007e-07,-0.0009569728748281814
3.008e-07,-0.0035975975697181816
3.009e-07,-0.004956972569718181
3.01e-07,-0.0035975975697181816
3.011e-07,-0.0009569728748281814
3.012e-07,0.0016055274302818187
3.013e-07,0.0030430274302818182
3.014e-07,0.0035117774302818186
3.015e-07,0.0030430274302818182
3.016e-07,0.0024805274302818186
3.017e-07,0.0030430274302818182
3.018e-07,0.004996152430281818
3.019e-07,0.007043027430281819
3.02e-07,0.007543027430281818
3.021e-07,0.007043027430281819
3.022e-07,0.006496152430281819
3.023e-07,0.007043027430281819
3.024e-07,0.007699277430281818
3.025e-07,0.007043027430281819
3.026e-07,0.004808652430281819
3.027e-07,0.0030430274302818182
3.028e-07,0.0029024024302818185
3.029e-07,0.0030430274302818182
3.03e-07,0.0016836524302818187
3.031e-07,-0.0009569728748281814
3.032e-07,-0.002175722569718181
3.033e-07,-0.0009569728748281814
3.034e-07,0.0017774024302818184
3.035e-07,0.0030430274302818182
3.036e-07,0.0016211524302818187
3.037e-07,-0.0009569728748281814
3.038e-07,-0.0010350978797181813
3.039e-07,0.0030430274302818182
3.04e-07,0.008949277430281819
3.041e-07,0.011043031430281819
3.042e-07,0.007371152430281818
3.043e-07,0.0030430274302818182
3.044e-07,0.0022617774302818184
3.045e-07,0.0030430274302818182
3.046e-07,0.0025274024302818186
3.047e-07,0.0030430274302818182
3.048e-07,0.007043027430281819
3.049e-07,0.011043031430281819
3.05e-07,0.01052740143028182
3.051e-07,0.007043027430281819
3.052e-07,0.0042617774302818184
3.053e-07,0.0030430274302818182
3.054e-07,0.0025274024302818186
3.055e-07,0.0030430274302818182
3.056e-07,0.004918027430281818
3.057e-07,0.007043027430281819
3.058e-07,0.007808652430281818
3.059e-07,0.007043027430281819
3.06e-07,0.005199277430281818
3.061e-07,0.0030430274302818182
3.062e-07,0.0011211524302818187
3.063e-07,-0.0009569728748281814
3.064e-07,-0.002066347569718181
3.065e-07,-0.0009569728748281814
3.066e-07,0.0018711524302818185
3.067e-07,0.0030430274302818182
3.068e-07,0.0011211524302818187
3.069e-07,-0.0009569728748281814
3.07e-07,0.0010430274302818186
3.071e-07,0.007043027430281819
3.072e-07,0.012027401430281819
3.073e-07,0.011043031430281819
3.074e-07,0.0043242774302818185
3.075e-07,-0.0009569728748281814
3.076e-07,-0.00023822286971818144
3.077e-07,0.0030430274302818182
3.078e-07,0.0029180274302818185
3.079e-07,-0.0009569728748281814
3.08e-07,-0.004331972569718181
3.081e-07,-0.004956972569718181
3.082e-07,-0.0032694725697181813
3.083e-07,-0.0009569728748281814
3.084e-07,0.0004180274302818185
3.085e-07,-0.0009569728748281814
3.086e-07,-0.0029725975697181815
3.087e-07,-0.0009569728748281814
3.088e-07,0.004808652430281819
3.089e-07,0.007043027430281819
3.09e-07,0.0016836524302818187
3.091e-07,-0.004956972569718181
3.092e-07,-0.005206972569718181
3.093e-07,-0.0009569728748281814
3.094e-07,0.0012930274302818184
3.095e-07,-0.0009569728748281814
3.096e-07,-0.004363222569718181
3.097e-07,-0.004956972569718181
3.098e-07,-0.0015975978697181815
3.099e-07,0.0030430274302818182
3.1e-07,0.006089902430281818
3.101e-07,0.007043027430281819
3.102e-07,0.007043027430281819
3.103e-07,0.007043027430281819
3.104e-07,0.005855527430281819
3.105e-07,0.0030430274302818182
3.106e-07,-0.00012884786971818145
3.107e-07,-0.0009569728748281814
3.108e-07,0.0009961524302818186
3.109e-07,0.0030430274302818182
3.11e-07,0.0020899024302818187
3.111e-07,-0.0009569728748281814
3.112e-07,-0.0025038475697181815
3.113e-07,-0.0009569728748281814
3.114e-07,0.0022305274302818184
3.115e-07,0.0030430274302818182
3.116e-07,-0.00014447286971818146
3.117e-07,-0.004956972569718181
3.118e-07,-0.007160097569718181
3.119e-07,-0.004956972569718181
3.12e-07,-0.0002069728697181814
3.121e-07,0.0030430274302818182
3.122e-07,0.0033555274302818185
3.123e-07,0.0030430274302818182
3.124e-07,0.0036367774302818187
3.125e-07,0.0030430274302818182
3.126e-07,-0.0006288478697181815
3.127e-07,-0.004956972569718181
3.128e-07,-0.006269472569718181
3.129e-07,-0.004956972569718181
3.13e-07,-0.0030819725697181816
3.131e-07,-0.0009569728748281814
3.132e-07,0.0015274024302818186
3.133e-07,0.0030430274302818182
3.134e-07,0.0030742774302818182
3.135e-07,0.0030430274302818182
3.136e-07,0.0036055274302818187
3.137e-07,0.0030430274302818182
3.138e-07,-0.0003007228697181814
3.139e-07,-0.004956972569718181
3.14e-07,-0.007253847569718181
3.141e-07,-0.004956972569718181
3.142e-07,0.0001836524302818185
3.143e-07,0.0030430274302818182
3.144e-07,0.0014492774302818185
3.145e-07,-0.0009569728748281814
3.146e-07,-1.9472869718181458e-05
3.147e-07,0.0030430274302818182
3.148e-07,0.004418027430281819
3.149e-07,0.0030430274302818182
3.15e-07,0.0005899024302818186
3.151e-07,-0.0009569728748281814
3.152e-07,-0.0012694728697181814
3.153e-07,-0.0009569728748281814
3.154e-07,-0.0007694728697181814
3.155e-07,-0.0009569728748281814
3.156e-07,-0.0010350978797181813
3.157e-07,-0.0009569728748281814
3.158e-07,-0.0008788478697181815
3.159e-07,-0.0009569728748281814
3.16e-07,-0.0008163478697181814
3.161e-07,-0.0009569728748281814
3.162e-07,-0.0012538478697181814
3.163e-07,-0.0009569728748281814
3.164e-07,-0.0003007228697181814
3.165e-07,-0.0009569728748281814
3.166e-07,-0.0022538475697181813
3.167e-07,-0.0009569728748281814
3.168e-07,0.0036367774302818187
3.169e-07,0.007043027430281819
3.17e-07,0.004808652430281819
3.171e-07,-0.0009569728748281814
3.172e-07,-0.004081972569718182
3.173e-07,-0.0009569728748281814
3.174e-07,0.005214902430281818
3.175e-07,0.007043027430281819
3.176e-07,0.0016211524302818187
3.177e-07,-0.004956972569718181
3.178e-07,-0.005535097569718182
3.179e-07,-0.0009569728748281814
3.18e-07,0.0031367774302818183
3.181e-07,0.0030430274302818182
3.182e-07,0.00021490243028181853
3.183e-07,-0.0009569728748281814
3.184e-07,0.0008711524302818187
3.185e-07,0.0030430274302818182
3.186e-07,0.0031992774302818184
3.187e-07,0.0030430274302818182
3.188e-07,0.003918027430281819
3.189e-07,0.0030430274302818182
3.19e-07,-0.0022538475697181813
3.191e-07,-0.008956972569718181
3.192e-07,-0.011550718569718182
3.193e-07,-0.008956972569718181
3.194e-07,-0.0038944725697181814
3.195e-07,-0.0009569728748281814
3.196e-07,-0.0009725978797181814
3.197e-07,-0.0009569728748281814
3.198e-07,0.0012461524302818184
3.199e-07,0.0030430274302818182
3.2e-07,0.0018399024302818185
3.201e-07,-0.0009569728748281814
3.202e-07,-0.0020350975697181815
3.203e-07,-0.0009569728748281814
3.204e-07,-0.00012884786971818145
3.205e-07,-0.0009569728748281814
3.206e-07,-0.002144472569718181
3.207e-07,-0.0009569728748281814
3.208e-07,0.0031992774302818184
3.209e-07,0.007043027430281819
3.21e-07,0.006871152430281819
3.211e-07,0.0030430274302818182
3.212e-07,-0.0007069728697181814
3.213e-07,-0.0009569728748281814
3.214e-07,0.0016992774302818188
3.215e-07,0.0030430274302818182
3.216e-07,0.0009336524302818185
3.217e-07,-0.0009569728748281814
3.218e-07,0.0005586524302818186
3.219e-07,0.0030430274302818182
3.22e-07,0.0032930274302818184
3.221e-07,0.0030430274302818182
3.222e-07,0.004011777430281818
3.223e-07,0.0030430274302818182
3.224e-07,-0.0016600978697181813
3.225e-07,-0.004956972569718181
3.226e-07,-0.0033007225697181813
3.227e-07,-0.0009569728748281814
3.228e-07,-0.0023319725697181813
3.229e-07,-0.004956972569718181
3.23e-07,-0.003956972569718182
3.231e-07,-0.0009569728748281814
3.232e-07,-0.0005663478697181814
3.233e-07,-0.004956972569718181
3.234e-07,-0.010753847569718181
3.235e-07,-0.012956968569718182
3.236e-07,-0.008691347569718181
3.237e-07,-0.0009569728748281814
3.238e-07,0.0052617774302818185
3.239e-07,0.007043027430281819
3.24e-07,0.0052461524302818184
3.241e-07,0.0030430274302818182
3.242e-07,0.0014336524302818185
3.243e-07,-0.0009569728748281814
3.244e-07,-0.004238222569718181
3.245e-07,-0.004956972569718181
3.246e-07,-0.0013163478697181814
3.247e-07,0.0030430274302818182
3.248e-07,0.003980527430281818
3.249e-07,0.0030430274302818182
3.25e-07,0.003027402430281818
3.251e-07,0.0030430274302818182
3.252e-07,0.0013555274302818185
3.253e-07,-0.0009569728748281814
3.254e-07,-0.0015819728697181814
3.255e-07,-0.0009569728748281814
3.256e-07,-0.0006913478697181814
3.257e-07,-0.0009569728748281814
3.258e-07,-0.0011757228697181815
3.259e-07,-0.0009569728748281814
3.26e-07,0.00024615243028181855
3.261e-07,0.0030430274302818182
3.262e-07,0.006371152430281819
3.263e-07,0.007043027430281819
3.264e-07,0.0035899024302818187
3.265e-07,-0.0009569728748281814
3.266e-07,-0.003644472569718181
3.267e-07,-0.004956972569718181
3.268e-07,-0.005722597569718182
3.269e-07,-0.004956972569718181
3.27e-07,-0.0011288478697181815
3.271e-07,0.0030430274302818182
3.272e-07,0.004464902430281819
3.273e-07,0.0030430274302818182
3.274e-07,0.0006680274302818185
3.275e-07,-0.0009569728748281814
3.276e-07,-0.0004569728697181814
3.277e-07,0.0030430274302818182
3.278e-07,0.008027402430281818
3.279e-07,0.011043031430281819
3.28e-07,0.008808652430281819
3.281e-07,0.0030430274302818182
3.282e-07,-0.0025507225697181815
3.283e-07,-0.004956972569718181
3.284e-07,-0.003644472569718181
3.285e-07,-0.0009569728748281814
3.286e-07,0.0004180274302818185
3.287e-07,-0.0009569728748281814
3.288e-07,-0.0037069725697181813
3.289e-07,-0.004956972569718181
3.29e-07,-0.0032069725697181813
3.291e-07,-0.0009569728748281814
3.292e-07,-0.00023822286971818144
3.293e-07,-0.0009569728748281814
3.294e-07,-0.0014257228697181815
3.295e-07,-0.0009569728748281814
3.296e-07,-0.0005350978697181814
3.297e-07,-0.0009569728748281814
3.298e-07,-0.0015194728697181814
3.299e-07,-0.0009569728748281814
3.3e-07,0.0009805274302818186
3.301e-07,0.0030430274302818182
3.302e-07,0.0027305274302818184
3.303e-07,-0.0009569728748281814
3.304e-07,-0.005050722569718181
3.305e-07,-0.004956972569718181
3.306e-07,-0.0002850978697181815
3.307e-07,0.0030430274302818182
3.308e-07,0.00035552743028181865
3.309e-07,-0.004956972569718181
3.31e-07,-0.006081972569718181
3.311e-07,-0.0009569728748281814
3.312e-07,0.005605527430281819
3.313e-07,0.007043027430281819
3.314e-07,0.0016055274302818187
3.315e-07,-0.004956972569718181
3.316e-07,-0.006894472569718181
3.317e-07,-0.004956972569718181
3.318e-07,-0.0035663475697181816
3.319e-07,-0.004956972569718181
3.32e-07,-0.0074257225697181815
3.321e-07,-0.008956972569718181
3.322e-07,-0.00809759756971818
3.323e-07,-0.004956972569718181
3.324e-07,-0.0015038478697181816
3.325e-07,-0.0009569728748281814
3.326e-07,-0.0034257225697181815
3.327e-07,-0.004956972569718181
3.328e-07,-0.0031444725697181816
3.329e-07,-0.0009569728748281814
3.33e-07,-0.0018319728697181814
3.331e-07,-0.004956972569718181
3.332e-07,-0.007488222569718182
3.333e-07,-0.008956972569718181
3.334e-07,-0.009800722569718182
3.335e-07,-0.008956972569718181
3.336e-07,-0.0054100975697181815
3.337e-07,-0.0009569728748281814
3.338e-07,0.0021836524302818188
3.339e-07,0.0030430274302818182
3.34e-07,0.0017461524302818184
3.341e-07,-0.0009569728748281814
3.342e-07,-0.004691347569718181
3.343e-07,-0.008956972569718181
3.344e-07,-0.011378848569718181
3.345e-07,-0.008956972569718181
3.346e-07,-0.0022069725697181812
3.347e-07,0.0030430274302818182
3.348e-07,0.0025274024302818186
3.349e-07,-0.0009569728748281814
3.35e-07,-0.0022069725697181812
3.351e-07,-0.0009569728748281814
3.352e-07,-3.509786971818147e-05
3.353e-07,-0.0009569728748281814
3.354e-07,-0.0029882225697181815
3.355e-07,-0.004956972569718181
3.356e-07,-0.004878847569718181
3.357e-07,-0.0009569728748281814
3.358e-07,0.004902402430281819
3.359e-07,0.007043027430281819
3.36e-07,0.0032930274302818184
3.361e-07,-0.0009569728748281814
3.362e-07,-0.0004100978697181815
3.363e-07,0.0030430274302818182
3.364e-07,0.0043711524302818185
3.365e-07,0.0030430274302818182
3.366e-07,0.0009180274302818185
3.367e-07,-0.0009569728748281814
3.368e-07,-0.002160097569718181
3.369e-07,-0.0009569728748281814
3.37e-07,0.0021836524302818188
3.371e-07,0.0030430274302818182
3.372e-07,-0.00048822286971818144
3.373e-07,-0.004956972569718181
3.374e-07,-0.006160097569718181
3.375e-07,-0.004956972569718181
3.376e-07,-0.004144472569718181
3.377e-07,-0.004956972569718181
3.378e-07,-0.005738222569718182
3.379e-07,-0.004956972569718181
3.38e-07,-0.0026600975697181816
3.381e-07,-0.0009569728748281814
3.382e-07,-0.0007225978697181814
3.383e-07,-0.0009569728748281814
3.384e-07,-0.0006288478697181815
3.385e-07,-0.0009569728748281814
3.386e-07,-0.0029413475697181815
3.387e-07,-0.004956972569718181
3.388e-07,-0.004300722569718181
3.389e-07,-0.0009569728748281814
3.39e-07,0.0023555274302818185
3.391e-07,0.0030430274302818182
3.392e-07,0.0008242774302818186
3.393e-07,-0.0009569728748281814
3.394e-07,8.990243028181863e-05
3.395e-07,0.0030430274302818182
3.396e-07,0.004574277430281819
3.397e-07,0.0030430274302818182
3.398e-07,-0.0010194728797181813
3.399e-07,-0.004956972569718181
3.4e-07,-0.007285097569718181
3.401e-07,-0.008956972569718181
3.402e-07,-0.009831972569718182
3.403e-07,-0.008956972569718181
3.404e-07,-0.006066347569718181
3.405e-07,-0.004956972569718181
3.406e-07,-0.007191347569718181
3.407e-07,-0.008956972569718181
3.408e-07,-0.006081972569718181
3.409e-07,-0.0009569728748281814
3.41e-07,0.0023086524302818184
3.411e-07,0.0030430274302818182
3.412e-07,0.0020742774302818187
3.413e-07,-0.0009569728748281814
3.414e-07,-0.005753847569718182
3.415e-07,-0.008956972569718181
3.416e-07,-0.008081972569718182
3.417e-07,-0.004956972569718181
3.418e-07,-0.0023788475697181814
3.419e-07,-0.0009569728748281814
3.42e-07,0.0005586524302818186
3.421e-07,0.0030430274302818182
3.422e-07,0.004714902430281819
3.423e-07,0.0030430274302818182
3.424e-07,-0.0015975978697181815
3.425e-07,-0.004956972569718181
3.426e-07,-0.003972597569718182
3.427e-07,-0.0009569728748281814
3.428e-07,-0.0008475978697181814
3.429e-07,-0.004956972569718181
3.43e-07,-0.009363222569718182
3.431e-07,-0.008956972569718181
3.432e-07,-0.0028788475697181814
3.433e-07,0.0030430274302818182
3.434e-07,0.0033711524302818185
3.435e-07,-0.0009569728748281814
3.436e-07,-0.004753847569718181
3.437e-07,-0.004956972569718181
3.438e-07,-0.0026288475697181816
3.439e-07,-0.0009569728748281814
3.44e-07,-0.0020194725697181815
3.441e-07,-0.004956972569718181
3.442e-07,-0.006863222569718181
3.443e-07,-0.004956972569718181
3.444e-07,-9.759786971818142e-05
3.445e-07,0.0030430274302818182
3.446e-07,0.0019805274302818186
3.447e-07,-0.0009569728748281814
3.448e-07,-0.0028944725697181814
3.449e-07,-0.004956972569718181
3.45e-07,-0.00781634756971818
3.451e-07,-0.008956972569718181
3.452e-07,-0.005706972569718182
3.453e-07,-0.0009569728748281814
3.454e-07,0.0017617774302818184
3.455e-07,0.0030430274302818182
3.456e-07,0.004808652430281819
3.457e-07,0.007043027430281819
3.458e-07,0.007918027430281818
3.459e-07,0.007043027430281819
3.46e-07,0.004918027430281818
3.461e-07,0.0030430274302818182
3.462e-07,0.0012461524302818184
3.463e-07,-0.0009569728748281814
3.464e-07,-0.0035819725697181816
3.465e-07,-0.004956972569718181
3.466e-07,-0.0036600975697181812
3.467e-07,-0.0009569728748281814
3.468e-07,0.0006211524302818187
3.469e-07,-0.0009569728748281814
3.47e-07,-0.004003847569718182
3.471e-07,-0.004956972569718181
3.472e-07,-0.0026288475697181816
3.473e-07,-0.0009569728748281814
3.474e-07,-0.0026288475697181816
3.475e-07,-0.004956972569718181
3.476e-07,-0.004003847569718182
3.477e-07,-0.0009569728748281814
3.478e-07,0.00048052743028181855
3.479e-07,-0.0009569728748281814
3.48e-07,-0.0034882225697181815
3.481e-07,-0.004956972569718181
3.482e-07,-0.003988222569718182
3.483e-07,-0.0009569728748281814
3.484e-07,0.0021836524302818188
3.485e-07,0.0030430274302818182
3.486e-07,0.0011992774302818188
3.487e-07,-0.0009569728748281814
3.488e-07,-0.0014413478697181815
3.489e-07,-0.0009569728748281814
3.49e-07,-0.0008475978697181814
3.491e-07,-0.0009569728748281814
3.492e-07,-0.0007694728697181814
3.493e-07,-0.0009569728748281814
3.494e-07,-0.0016600978697181813
3.495e-07,-0.0009569728748281814
3.496e-07,0.0015430274302818186
3.497e-07,0.0030430274302818182
3.498e-07,0.0013711524302818185
3.499e-07,-0.0009569728748281814
3.5e-07,-0.0013007228697181814
3.501e-07,-0.0009569728748281814
3.502e-07,-0.0023163475697181813
3.503e-07,-0.004956972569718181
3.504e-07,-0.007035097569718181
3.505e-07,-0.008956972569718181
3.506e-07,-0.010222597569718182
3.507e-07,-0.008956972569718181
3.508e-07,-0.0044725975697181815
3.509e-07,-0.0009569728748281814
3.51e-07,-0.0008007228697181814
3.511e-07,-0.0009569728748281814
3.512e-07,0.0011992774302818188
3.513e-07,0.0030430274302818182
3.514e-07,0.0015899024302818187
3.515e-07,-0.0009569728748281814
3.516e-07,-0.0016288478697181815
3.517e-07,-0.0009569728748281814
3.518e-07,-0.0020350975697181815
3.519e-07,-0.004956972569718181
3.52e-07,-0.006863222569718181
3.521e-07,-0.004956972569718181
3.522e-07,-0.00014447286971818146
3.523e-07,0.0030430274302818182
3.524e-07,0.0010117774302818186
3.525e-07,-0.004956972569718181
3.526e-07,-0.009331972569718181
3.527e-07,-0.008956972569718181
3.528e-07,-0.005550722569718182
3.529e-07,-0.004956972569718181
3.53e-07,-0.009066347569718181
3.531e-07,-0.012956968569718182
3.532e-07,-0.010097597569718182
3.533e-07,-0.0009569728748281814
3.534e-07,0.008230527430281818
3.535e-07,0.011043031430281819
3.536e-07,0.0062461524302818185
3.537e-07,-0.0009569728748281814
3.538e-07,-0.005050722569718181
3.539e-07,-0.004956972569718181
3.54e-07,-0.0028944725697181814
3.541e-07,-0.0009569728748281814
3.542e-07,-0.00025384786971818145
3.543e-07,-0.0009569728748281814
3.544e-07,-0.0020350975697181815
3.545e-07,-0.0009569728748281814
3.546e-07,0.0031211524302818183
3.547e-07,0.007043027430281819
3.548e-07,0.007058652430281819
3.549e-07,0.0030430274302818182
3.55e-07,-0.0022382225697181813
3.551e-07,-0.004956972569718181
3.552e-07,-0.003956972569718182
3.553e-07,-0.0009569728748281814
3.554e-07,0.0007461524302818186
3.555e-07,-0.0009569728748281814
3.556e-07,-0.004206972569718181
3.557e-07,-0.004956972569718181
3.558e-07,-0.0023163475697181813
3.559e-07,-0.0009569728748281814
3.56e-07,-0.004191347569718181
3.561e-07,-0.008956972569718181
3.562e-07,-0.009581972569718182
3.563e-07,-0.004956972569718181
3.564e-07,0.0009492774302818185
3.565e-07,0.0030430274302818182
3.566e-07,-1.9472869718181458e-05
3.567e-07,-0.004956972569718181
3.568e-07,-0.008081972569718182
3.569e-07,-0.008956972569718181
3.57e-07,-0.008988222569718181
3.571e-07,-0.008956972569718181
3.572e-07,-0.007738222569718182
3.573e-07,-0.004956972569718181
3.574e-07,-0.0018788478697181815
3.575e-07,-0.0009569728748281814
3.576e-07,-0.0028007225697181813
3.577e-07,-0.004956972569718181
3.578e-07,-0.005253847569718181
3.579e-07,-0.004956972569718181
3.58e-07,-0.005347597569718181
3.581e-07,-0.004956972569718181
3.582e-07,-0.0027069725697181817
3.583e-07,-0.0009569728748281814
3.584e-07,-0.002160097569718181
3.585e-07,-0.004956972569718181
3.586e-07,-0.006144472569718181
3.587e-07,-0.004956972569718181
3.588e-07,-0.0027538475697181817
3.589e-07,-0.0009569728748281814
3.59e-07,-0.00025384786971818145
3.591e-07,-0.0009569728748281814
3.592e-07,-0.0019882225697181815
3.593e-07,-0.0009569728748281814
3.594e-07,0.0009180274302818185
3.595e-07,-0.0009569728748281814
3.596e-07,-0.006769472569718182
3.597e-07,-0.008956972569718181
3.598e-07,-0.0032694725697181813
3.599e-07,0.0030430274302818182
3.6e-07,0.0016211524302818187
3.601e-07,-0.004956972569718181
3.602e-07,-0.009050722569718181
3.603e-07,-0.008956972569718181
3.604e-07,-0.007097597569718181
3.605e-07,-0.004956972569718181
3.606e-07,-0.0032694725697181813
3.607e-07,-0.004956972569718181
3.608e-07,-0.008831972569718181
3.609e-07,-0.008956972569718181
3.61e-07,-0.0038007225697181814
3.611e-07,-0.0009569728748281814
3.612e-07,-0.005003847569718181
3.613e-07,-0.008956972569718181
3.614e-07,-0.005050722569718181
3.615e-07,0.0030430274302818182
3.616e-07,0.0062617774302818185
3.617e-07,0.0030430274302818182
3.618e-07,-0.0030350975697181815
3.619e-07,-0.008956972569718181
3.62e-07,-0.011847598569718181
3.621e-07,-0.008956972569718181
3.622e-07,-0.0024257225697181814
3.623e-07,-0.0009569728748281814
3.624e-07,-0.0074257225697181815
3.625e-07,-0.012956968569718182
3.626e-07,-0.009425722569718182
3.627e-07,-0.0009569728748281814
3.628e-07,0.003855527430281819
3.629e-07,0.0030430274302818182
3.63e-07,0.0004024024302818185
3.631e-07,-0.0009569728748281814
3.632e-07,-0.002097597569718181
3.633e-07,-0.004956972569718181
3.634e-07,-0.009535097569718182
3.635e-07,-0.012956968569718182
3.636e-07,-0.012300718569718181
3.637e-07,-0.008956972569718181
3.638e-07,-0.006003847569718181
3.639e-07,-0.004956972569718181
3.64e-07,-0.004816347569718181
3.641e-07,-0.004956972569718181
3.642e-07,-0.004894472569718181
3.643e-07,-0.004956972569718181
3.644e-07,-0.005081972569718181
3.645e-07,-0.004956972569718181
3.646e-07,-0.004753847569718181
3.647e-07,-0.004956972569718181
3.648e-07,-0.005519472569718182
3.649e-07,-0.004956972569718181
3.65e-07,-0.0027225975697181817
3.651e-07,-0.0009569728748281814
3.652e-07,-0.0018319728697181814
3.653e-07,-0.004956972569718181
3.654e-07,-0.00803509756971818
3.655e-07,-0.008956972569718181
3.656e-07,-0.0074100975697181815
3.657e-07,-0.004956972569718181
3.658e-07,-0.0028007225697181813
3.659e-07,-0.0009569728748281814
3.66e-07,0.00021490243028181853
3.661e-07,-0.0009569728748281814
3.662e-07,-0.004878847569718181
3.663e-07,-0.008956972569718181
3.664e-07,-0.010191347569718182
3.665e-07,-0.008956972569718181
3.666e-07,-0.006863222569718181
3.667e-07,-0.004956972569718181
3.668e-07,-0.0029725975697181815
3.669e-07,-0.0009569728748281814
3.67e-07,1.177713028181857e-05
3.671e-07,-0.0009569728748281814
3.672e-07,-0.0034100975697181814
3.673e-07,-0.004956972569718181
3.674e-07,-0.0037538475697181813
3.675e-07,-0.0009569728748281814
3.676e-07,0.0006211524302818187
3.677e-07,-0.0009569728748281814
3.678e-07,-0.005160097569718181
3.679e-07,-0.008956972569718181
3.68e-07,-0.010035097569718182
3.681e-07,-0.008956972569718181
3.682e-07,-0.006128847569718181
3.683e-07,-0.0009569728748281814
3.684e-07,0.005027402430281818
3.685e-07,0.007043027430281819
3.686e-07,0.0021992774302818188
3.687e-07,-0.004956972569718181
3.688e-07,-0.008769472569718181
3.689e-07,-0.008956972569718181
3.69e-07,-0.00850384756971818
3.691e-07,-0.008956972569718181
3.692e-07,-0.009488222569718182
3.693e-07,-0.008956972569718181
3.694e-07,-0.007066347569718181
3.695e-07,-0.004956972569718181
3.696e-07,-0.0038632225697181814
3.697e-07,-0.004956972569718181
3.698e-07,-0.007269472569718181
3.699e-07,-0.008956972569718181
3.7e-07,-0.009035097569718181
3.701e-07,-0.008956972569718181
3.702e-07,-0.009410097569718182
3.703e-07,-0.008956972569718181
3.704e-07,-0.006644472569718182
3.705e-07,-0.004956972569718181
3.706e-07,-0.005269472569718181
3.707e-07,-0.004956972569718181
3.708e-07,-0.0023944725697181814
3.709e-07,-0.0009569728748281814
3.71e-07,-0.0030350975697181815
3.711e-07,-0.004956972569718181
3.712e-07,-0.0032694725697181813
3.713e-07,-0.0009569728748281814
3.714e-07,-0.0019882225697181815
3.715e-07,-0.004956972569718181
3.716e-07,-0.006050722569718181
3.717e-07,-0.004956972569718181
3.718e-07,-0.0030350975697181815
3.719e-07,-0.0009569728748281814
3.72e-07,0.0013086524302818184
3.721e-07,0.0030430274302818182
3.722e-07,0.0032305274302818184
3.723e-07,0.0030430274302818182
3.724e-07,0.0031055274302818183
3.725e-07,0.0030430274302818182
3.726e-07,0.0025742774302818187
3.727e-07,0.0030430274302818182
3.728e-07,0.0031992774302818184
3.729e-07,-0.0009569728748281814
3.73e-07,-0.008941347569718181
3.731e-07,-0.012956968569718182
3.732e-07,-0.00809759756971818
3.733e-07,-0.0009569728748281814
3.734e-07,0.0009649024302818185
3.735e-07,-0.0009569728748281814
3.736e-07,-0.0005975978697181814
3.737e-07,0.0030430274302818182
3.738e-07,0.005511777430281819
3.739e-07,0.0030430274302818182
3.74e-07,-0.0034100975697181814
3.741e-07,-0.008956972569718181
3.742e-07,-0.009316347569718181
3.743e-07,-0.004956972569718181
3.744e-07,-0.0006913478697181814
3.745e-07,-0.0009569728748281814
3.746e-07,-0.0044100975697181815
3.747e-07,-0.004956972569718181
3.748e-07,-0.00036322286971818144
3.749e-07,0.0030430274302818182
3.75e-07,0.0001836524302818185
3.751e-07,-0.004956972569718181
3.752e-07,-0.006300722569718181
3.753e-07,-0.004956972569718181
3.754e-07,-0.004847597569718181
3.755e-07,-0.004956972569718181
3.756e-07,-0.0030194725697181815
3.757e-07,-0.0009569728748281814
3.758e-07,-0.0009725978797181814
3.759e-07,-0.0009569728748281814
3.76e-07,8.990243028181863e-05
3.761e-07,-0.0009569728748281814
3.762e-07,-0.005581972569718182
3.763e-07,-0.008956972569718181
3.764e-07,-0.007285097569718181
3.765e-07,-0.004956972569718181
3.766e-07,-0.006175722569718181
3.767e-07,-0.008956972569718181
3.768e-07,-0.009269472569718181
3.769e-07,-0.008956972569718181
3.77e-07,-0.009597597569718182
3.771e-07,-0.008956972569718181
3.772e-07,-0.0038163475697181814
3.773e-07,0.0030430274302818182
3.774e-07,0.006964902430281819
3.775e-07,0.007043027430281819
3.776e-07,0.005089902430281818
3.777e-07,0.0030430274302818182
3.778e-07,0.0019492774302818185
3.779e-07,0.0030430274302818182
3.78e-07,0.004480527430281819
3.781e-07,0.0030430274302818182
3.782e-07,-0.0010038478797181815
3.783e-07,-0.0009569728748281814
3.784e-07,0.005511777430281819
3.785e-07,0.011043031430281819
3.786e-07,0.008871152430281819
3.787e-07,0.0030430274302818182
3.788e-07,7.427743028181862e-05
3.789e-07,-0.0009569728748281814
3.79e-07,-0.0031913475697181812
3.791e-07,-0.004956972569718181
3.792e-07,-0.0033788475697181814
3.793e-07,-0.0009569728748281814
3.794e-07,-0.0006444728697181815
3.795e-07,-0.0009569728748281814
3.796e-07,0.0006367774302818185
3.797e-07,0.0030430274302818182
3.798e-07,0.003980527430281818
3.799e-07,0.0030430274302818182
3.8e-07,0.0011367774302818187
3.801e-07,-0.0009569728748281814
3.802e-07,-0.0030975975697181816
3.803e-07,-0.004956972569718181
3.804e-07,-0.005738222569718182
3.805e-07,-0.004956972569718181
3.806e-07,-0.0028007225697181813
3.807e-07,-0.0009569728748281814
3.808e-07,-0.0003475978697181814
3.809e-07,-0.0009569728748281814
3.81e-07,-0.0012850978697181814
3.811e-07,-0.0009569728748281814
3.812e-07,-0.0005194728697181814
3.813e-07,-0.0009569728748281814
3.814e-07,-0.0018632228697181815
3.815e-07,-0.0009569728748281814
3.816e-07,0.0027149024302818184
3.817e-07,0.007043027430281819
3.818e-07,0.008636777430281819
3.819e-07,0.007043027430281819
3.82e-07,0.0032149024302818184
3.821e-07,-0.0009569728748281814
3.822e-07,-0.004050722569718182
3.823e-07,-0.004956972569718181
3.824e-07,-0.0033319725697181814
3.825e-07,-0.0009569728748281814
3.826e-07,0.00016802743028181849
3.827e-07,-0.0009569728748281814
3.828e-07,-0.0032850975697181813
3.829e-07,-0.004956972569718181
3.83e-07,-0.003925722569718182
3.831e-07,-0.0009569728748281814
3.832e-07,0.0020274024302818186
3.833e-07,0.0030430274302818182
3.834e-07,0.0015274024302818186
3.835e-07,-0.0009569728748281814
3.836e-07,-0.0022382225697181813
3.837e-07,-0.0009569728748281814
3.838e-07,0.0017149024302818188
3.839e-07,0.0030430274302818182
3.84e-07,0.0016680274302818187
3.841e-07,-0.0009569728748281814
3.842e-07,-0.002097597569718181
3.843e-07,-0.0009569728748281814
3.844e-07,0.0005742774302818186
3.845e-07,-0.0009569728748281814
3.846e-07,-0.004597597569718182
3.847e-07,-0.004956972569718181
3.848e-07,0.0007305274302818186
3.849e-07,0.007043027430281819
3.85e-07,0.008418027430281819
3.851e-07,0.007043027430281819
3.852e-07,0.006871152430281819
3.853e-07,0.007043027430281819
3.854e-07,0.004980527430281818
3.855e-07,0.0030430274302818182
3.856e-07,0.0032461524302818184
3.857e-07,0.0030430274302818182
3.858e-07,0.0005586524302818186
3.859e-07,-0.0009569728748281814
3.86e-07,0.0009805274302818186
3.861e-07,0.0030430274302818182
3.862e-07,0.0018399024302818185
3.863e-07,-0.0009569728748281814
3.864e-07,-0.0008632228697181814
3.865e-07,0.0030430274302818182
3.866e-07,0.007199277430281819
3.867e-07,0.007043027430281819
3.868e-07,0.0025586524302818187
3.869e-07,-0.0009569728748281814
3.87e-07,0.00010552743028181865
3.871e-07,0.0030430274302818182
3.872e-07,0.0028242774302818185
3.873e-07,-0.0009569728748281814
3.874e-07,-0.0036600975697181812
3.875e-07,-0.0009569728748281814
3.876e-07,0.0052461524302818184
3.877e-07,0.007043027430281819
3.878e-07,0.0012149024302818188
3.879e-07,-0.004956972569718181
3.88e-07,-0.0044725975697181815
3.881e-07,-0.0009569728748281814
3.882e-07,-0.00016009786971818147
3.883e-07,-0.0009569728748281814
3.884e-07,0.0007305274302818186
3.885e-07,0.0030430274302818182
3.886e-07,0.0022930274302818184
3.887e-07,-0.0009569728748281814
3.888e-07,-0.0027538475697181817
3.889e-07,-0.0009569728748281814
3.89e-07,0.0032617774302818184
3.891e-07,0.007043027430281819
3.892e-07,0.007996152430281818
3.893e-07,0.007043027430281819
3.894e-07,0.0062930274302818185
3.895e-07,0.007043027430281819
3.896e-07,0.007121152430281819
3.897e-07,0.0030430274302818182
3.898e-07,-0.0045038475697181815
3.899e-07,-0.008956972569718181
3.9e-07,-0.006144472569718181
3.901e-07,-0.0009569728748281814
3.902e-07,0.0015274024302818186
3.903e-07,0.0030430274302818182
3.904e-07,0.006136777430281818
3.905e-07,0.007043027430281819
3.906e-07,0.003011777430281818
3.907e-07,-0.0009569728748281814
3.908e-07,0.00026177743028181857
3.909e-07,0.0030430274302818182
3.91e-07,0.0021211524302818187
3.911e-07,-0.0009569728748281814
3.912e-07,-0.0019882225697181815
3.913e-07,-0.0009569728748281814
3.914e-07,0.0006367774302818185
3.915e-07,0.0030430274302818182
3.916e-07,0.006183652430281818
3.917e-07,0.007043027430281819
3.918e-07,0.004699277430281819
3.919e-07,0.0030430274302818182
3.92e-07,0.004746152430281819
3.921e-07,0.007043027430281819
3.922e-07,0.006105527430281818
3.923e-07,0.0030430274302818182
3.924e-07,0.0014649024302818186
3.925e-07,0.0030430274302818182
3.926e-07,0.005996152430281818
3.927e-07,0.007043027430281819
3.928e-07,0.005152402430281818
3.929e-07,0.0030430274302818182
3.93e-07,0.0029492774302818186
3.931e-07,0.0030430274302818182
3.932e-07,0.0022461524302818184
3.933e-07,0.0030430274302818182
3.934e-07,0.006199277430281818
3.935e-07,0.007043027430281819
3.936e-07,0.0028086524302818184
3.937e-07,-0.0009569728748281814
3.938e-07,0.0014492774302818185
3.939e-07,0.007043027430281819
3.94e-07,0.009433651430281818
3.941e-07,0.007043027430281819
3.942e-07,0.0025117774302818186
3.943e-07,-0.0009569728748281814
3.944e-07,-0.0019257228697181815
3.945e-07,-0.0009569728748281814
3.946e-07,0.0011367774302818187
3.947e-07,0.0030430274302818182
3.948e-07,0.003855527430281819
3.949e-07,0.0030430274302818182
3.95e-07,0.0009492774302818185
3.951e-07,-0.0009569728748281814
3.952e-07,-0.00037884786971818145
3.953e-07,0.0030430274302818182
3.954e-07,0.006824277430281819
3.955e-07,0.007043027430281819
3.956e-07,0.0027461524302818184
3.957e-07,-0.0009569728748281814
3.958e-07,-3.847869718181444e-06
3.959e-07,0.0030430274302818182
3.96e-07,0.004168027430281818
3.961e-07,0.0030430274302818182
3.962e-07,0.0013711524302818185
3.963e-07,-0.0009569728748281814
3.964e-07,-0.0038319725697181814
3.965e-07,-0.004956972569718181
3.966e-07,-0.0019725975697181815
3.967e-07,0.0030430274302818182
3.968e-07,0.006636777430281819
3.969e-07,0.007043027430281819
3.97e-07,0.004964902430281818
3.971e-07,0.0030430274302818182
3.972e-07,0.0027305274302818184
3.973e-07,0.0030430274302818182
3.974e-07,0.002980527430281818
3.975e-07,0.0030430274302818182
3.976e-07,0.0034024024302818185
3.977e-07,0.0030430274302818182
3.978e-07,0.0010586524302818186
3.979e-07,-0.0009569728748281814
3.98e-07,-0.0003163478697181814
3.981e-07,0.0030430274302818182
3.982e-07,0.006636777430281819
3.983e-07,0.007043027430281819
3.984e-07,0.0034492774302818186
3.985e-07,-0.0009569728748281814
3.986e-07,-0.0023944725697181814
3.987e-07,-0.0009569728748281814
3.988e-07,0.0014024024302818185
3.989e-07,0.0030430274302818182
3.99e-07,0.003683652430281819
3.991e-07,0.0030430274302818182
3.992e-07,0.0021367774302818187
3.993e-07,0.0030430274302818182
3.994e-07,0.005714902430281819
3.995e-07,0.007043027430281819
3.996e-07,0.005152402430281818
3.997e-07,0.0030430274302818182
3.998e-07,0.003855527430281819
3.999e-07,0.007043027430281819
4e-07,0.008871152430281819
4.001e-07,0.007043027430281819
4.002e-07,0.0027149024302818184
4.003e-07,-0.0009569728748281814
4.004e-07,-0.0017538478697181814
4.005e-07,-0.0009569728748281814
4.006e-07,-0.0005819728697181814
4.007e-07,-0.0009569728748281814
4.008e-07,-0.0002069728697181814
4.009e-07,0.0030430274302818182
4.01e-07,0.007886777430281818
4.011e-07,0.011043031430281819
4.012e-07,0.01037115143028182
4.013e-07,0.007043027430281819
4.014e-07,0.002980527430281818
4.015e-07,-0.0009569728748281814
4.016e-07,-0.004128847569718181
4.017e-07,-0.004956972569718181
4.018e-07,-0.002097597569718181
4.019e-07,0.0030430274302818182
4.02e-07,0.006964902430281819
4.021e-07,0.007043027430281819
4.022e-07,0.0042930274302818185
4.023e-07,0.0030430274302818182
4.024e-07,0.0053399024302818185
4.025e-07,0.007043027430281819
4.026e-07,0.004136777430281818
4.027e-07,-0.0009569728748281814
4.028e-07,-0.003988222569718182
4.029e-07,-0.004956972569718181
4.03e-07,-0.004535097569718182
4.031e-07,-0.0009569728748281814
4.032e-07,0.005074277430281818
4.033e-07,0.007043027430281819
4.034e-07,0.0025274024302818186
4.035e-07,-0.0009569728748281814
4.036e-07,0.0024024024302818185
4.037e-07,0.007043027430281819
4.038e-07,0.0053711524302818186
4.039e-07,-0.0009569728748281814
4.04e-07,-0.005316347569718181
4.041e-07,-0.004956972569718181
4.042e-07,-0.0023163475697181813
4.043e-07,-0.0009569728748281814
4.044e-07,-0.0012538478697181814
4.045e-07,-0.0009569728748281814
4.046e-07,0.0013399024302818184
4.047e-07,0.0030430274302818182
4.048e-07,0.0016055274302818187
4.049e-07,-0.0009569728748281814
4.05e-07,-0.0015194728697181814
4.051e-07,-0.0009569728748281814
4.052e-07,-0.0010350978797181813
4.053e-07,-0.0009569728748281814
4.054e-07,-0.00014447286971818146
4.055e-07,-0.0009569728748281814
4.056e-07,-0.003972597569718182
4.057e-07,-0.004956972569718181
4.058e-07,-0.0011913478697181813
4.059e-07,0.0030430274302818182
4.06e-07,0.003746152430281819
4.061e-07,0.0030430274302818182
4.062e-07,0.0036680274302818188
4.063e-07,0.0030430274302818182
4.064e-07,-0.0010975978697181814
4.065e-07,-0.004956972569718181
4.066e-07,-0.004128847569718181
4.067e-07,-0.0009569728748281814
4.068e-07,0.0010742774302818186
4.069e-07,0.0030430274302818182
4.07e-07,0.005933652430281818
4.071e-07,0.007043027430281819
4.072e-07,0.004777402430281819
4.073e-07,0.0030430274302818182
4.074e-07,0.004886777430281819
4.075e-07,0.007043027430281819
4.076e-07,0.004746152430281819
4.077e-07,-0.0009569728748281814
4.078e-07,-0.005316347569718181
4.079e-07,-0.004956972569718181
4.08e-07,-0.0007069728697181814
4.081e-07,0.0030430274302818182
4.082e-07,0.003839902430281819
4.083e-07,0.0030430274302818182
4.084e-07,0.0029492774302818186
4.085e-07,0.0030430274302818182
4.086e-07,0.0016211524302818187
4.087e-07,-0.0009569728748281814
4.088e-07,-0.0022069725697181812
4.089e-07,-0.0009569728748281814
4.09e-07,0.0016211524302818187
4.091e-07,0.0030430274302818182
4.092e-07,0.0017617774302818184
4.093e-07,-0.0009569728748281814
4.094e-07,-0.0022538475697181813
4.095e-07,-0.0009569728748281814
4.096e-07,0.0016992774302818188
4.097e-07,0.0030430274302818182
4.098e-07,0.0016992774302818188
4.099e-07,-0.0009569728748281814
4.1e-07,-0.0023163475697181813
4.101e-07,-0.0009569728748281814
4.102e-07,0.0019180274302818185
4.103e-07,0.0030430274302818182
4.104e-07,0.0012930274302818184
4.105e-07,-0.0009569728748281814
4.106e-07,-0.0014257228697181815
4.107e-07,-0.0009569728748281814
4.108e-07,-0.0010194728797181813
4.109e-07,-0.0009569728748281814
4.11e-07,0.0007305274302818186
4.111e-07,0.0030430274302818182
4.112e-07,0.003918027430281819
4.113e-07,0.0030430274302818182
4.114e-07,0.0011992774302818188
4.115e-07,-0.0009569728748281814
4.116e-07,-0.002144472569718181
4.117e-07,-0.0009569728748281814
4.118e-07,0.0019336524302818185
4.119e-07,0.0030430274302818182
4.12e-07,0.0010274024302818186
4.121e-07,-0.0009569728748281814
4.122e-07,0.0004492774302818185
4.123e-07,0.0030430274302818182
4.124e-07,0.003714902430281819
4.125e-07,0.0030430274302818182
4.126e-07,0.0029180274302818185
4.127e-07,0.0030430274302818182
4.128e-07,0.0035274024302818187
4.129e-07,0.007043027430281819
4.13e-07,0.012886781430281819
4.131e-07,0.015043031430281817
4.132e-07,0.009621151430281819
4.133e-07,0.0030430274302818182
4.134e-07,0.0014649024302818186
4.135e-07,0.0030430274302818182
4.136e-07,0.0033086524302818185
4.137e-07,0.0030430274302818182
4.138e-07,0.003918027430281819
4.139e-07,0.0030430274302818182
4.14e-07,-0.0012382228697181813
4.141e-07,-0.004956972569718181
4.142e-07,-0.0038163475697181814
4.143e-07,-0.0009569728748281814
4.144e-07,-8.19728697181814e-05
4.145e-07,-0.0009569728748281814
4.146e-07,-0.00016009786971818147
4.147e-07,0.0030430274302818182
4.148e-07,0.006464902430281819
4.149e-07,0.007043027430281819
4.15e-07,0.004668027430281819
4.151e-07,0.0030430274302818182
4.152e-07,0.004433652430281819
4.153e-07,0.007043027430281819
4.154e-07,0.007636777430281818
4.155e-07,0.007043027430281819
4.156e-07,0.007027402430281819
4.157e-07,0.007043027430281819
4.158e-07,0.0053711524302818186
4.159e-07,0.0030430274302818182
4.16e-07,0.0010899024302818187
4.161e-07,-0.0009569728748281814
4.162e-07,-0.0025350975697181815
4.163e-07,-0.0009569728748281814
4.164e-07,0.003980527430281818
4.165e-07,0.007043027430281819
4.166e-07,0.004511777430281819
4.167e-07,-0.0009569728748281814
4.168e-07,-0.004253847569718181
4.169e-07,-0.004956972569718181
4.17e-07,-0.004910097569718181
4.171e-07,-0.004956972569718181
4.172e-07,-0.0038632225697181814
4.173e-07,-0.0009569728748281814
4.174e-07,0.0033242774302818185
4.175e-07,0.007043027430281819
4.176e-07,0.008308652430281819
4.177e-07,0.007043027430281819
4.178e-07,0.003761777430281819
4.179e-07,-0.0009569728748281814
4.18e-07,-0.005081972569718181
4.181e-07,-0.004956972569718181
4.182e-07,-0.0004257228697181814
4.183e-07,0.0030430274302818182
4.184e-07,0.0016836524302818187
4.185e-07,-0.0009569728748281814
4.186e-07,-9.759786971818142e-05
4.187e-07,0.0030430274302818182
4.188e-07,0.004558652430281819
4.189e-07,0.0030430274302818182
4.19e-07,0.0005117774302818186
4.191e-07,-0.0009569728748281814
4.192e-07,-0.0010350978797181813
4.193e-07,-0.0009569728748281814
4.194e-07,-0.0012538478697181814
4.195e-07,-0.0009569728748281814
4.196e-07,0.0009024024302818185
4.197e-07,0.0030430274302818182
4.198e-07,0.003683652430281819
4.199e-07,0.0030430274302818182
4.2e-07,0.0025742774302818187
4.201e-07,0.0030430274302818182
4.202e-07,0.003683652430281819
4.203e-07,0.0030430274302818182
4.204e-07,0.0009649024302818185
4.205e-07,-0.0009569728748281814
4.206e-07,-0.0013319728697181814
4.207e-07,-0.0009569728748281814
4.208e-07,-0.0009882228797181815
4.209e-07,-0.0009569728748281814
4.21e-07,0.0005586524302818186
4.211e-07,0.0030430274302818182
4.212e-07,0.005418027430281819
4.213e-07,0.007043027430281819
4.214e-07,0.006730527430281819
4.215e-07,0.0030430274302818182
4.216e-07,-0.0025350975697181815
4.217e-07,-0.004956972569718181
4.218e-07,-0.0017069728697181813
4.219e-07,0.0030430274302818182
4.22e-07,0.0043555274302818185
4.221e-07,0.0030430274302818182
4.222e-07,0.0023867774302818185
4.223e-07,0.0030430274302818182
4.224e-07,0.0035117774302818186
4.225e-07,0.0030430274302818182
4.226e-07,0.0017617774302818184
4.227e-07,-0.0009569728748281814
4.228e-07,-0.004066347569718182
4.229e-07,-0.004956972569718181
4.23e-07,-0.0028475975697181814
4.231e-07,-0.0009569728748281814
4.232e-07,-0.0011757228697181815
4.233e-07,-0.0009569728748281814
4.234e-07,0.0025274024302818186
4.235e-07,0.007043027430281819
4.236e-07,0.008699277430281819
4.237e-07,0.007043027430281819
4.238e-07,0.0034649024302818186
4.239e-07,-0.0009569728748281814
4.24e-07,-0.004613222569718182
4.241e-07,-0.004956972569718181
4.242e-07,-0.0013007228697181814
4.243e-07,0.0030430274302818182
4.244e-07,0.004480527430281819
4.245e-07,0.0030430274302818182
4.246e-07,0.0017930274302818184
4.247e-07,0.0030430274302818182
4.248e-07,0.006011777430281818
4.249e-07,0.007043027430281819
4.25e-07,0.004027402430281818
4.251e-07,-0.0009569728748281814
4.252e-07,-0.0034257225697181815
4.253e-07,-0.0009569728748281814
4.254e-07,0.0042617774302818184
4.255e-07,0.007043027430281819
4.256e-07,0.0053086524302818185
4.257e-07,0.0030430274302818182
4.258e-07,0.004074277430281818
4.259e-07,0.007043027430281819
4.26e-07,0.008308652430281819
4.261e-07,0.007043027430281819
4.262e-07,0.004902402430281819
4.263e-07,0.0030430274302818182
4.264e-07,0.0011367774302818187
4.265e-07,-0.0009569728748281814
4.266e-07,-0.0020507225697181815
4.267e-07,-0.0009569728748281814
4.268e-07,0.0028086524302818184
4.269e-07,0.007043027430281819
4.27e-07,0.008933652430281819
4.271e-07,0.007043027430281819
4.272e-07,0.0036211524302818187
4.273e-07,0.0030430274302818182
4.274e-07,0.005808652430281819
4.275e-07,0.007043027430281819
4.276e-07,0.0042774024302818184
4.277e-07,0.0030430274302818182
4.278e-07,0.006964902430281819
4.279e-07,0.011043031430281819
4.28e-07,0.008871152430281819
4.281e-07,0.0030430274302818182
4.282e-07,-0.0004725978697181814
4.283e-07,-0.0009569728748281814
4.284e-07,-0.0008632228697181814
4.285e-07,-0.0009569728748281814
4.286e-07,-0.0006913478697181814
4.287e-07,-0.0009569728748281814
4.288e-07,-0.0015507228697181814
4.289e-07,-0.0009569728748281814
4.29e-07,0.0015742774302818187
4.291e-07,0.0030430274302818182
4.292e-07,0.0016836524302818187
4.293e-07,-0.0009569728748281814
4.294e-07,-0.0019725975697181815
4.295e-07,-0.0009569728748281814
4.296e-07,0.0009805274302818186
4.297e-07,0.0030430274302818182
4.298e-07,0.005199277430281818
4.299e-07,0.007043027430281819
4.3e-07,0.007683652430281818
4.301e-07,0.007043027430281819
4.302e-07,0.0052930274302818185
4.303e-07,0.0030430274302818182
4.304e-07,0.0017930274302818184
4.305e-07,0.0030430274302818182
4.306e-07,0.005871152430281819
4.307e-07,0.007043027430281819
4.308e-07,0.004980527430281818
4.309e-07,0.0030430274302818182
4.31e-07,0.004105527430281818
4.311e-07,0.007043027430281819
4.312e-07,0.008402402430281819
4.313e-07,0.007043027430281819
4.314e-07,0.004558652430281819
4.315e-07,0.0030430274302818182
4.316e-07,0.0020742774302818187
4.317e-07,-0.0009569728748281814
4.318e-07,-0.005972597569718181
4.319e-07,-0.008956972569718181
4.32e-07,-0.006222597569718181
4.321e-07,-0.0009569728748281814
4.322e-07,0.0025430274302818186
4.323e-07,0.0030430274302818182
4.324e-07,0.0027305274302818184
4.325e-07,0.0030430274302818182
4.326e-07,0.0035274024302818187
4.327e-07,0.0030430274302818182
4.328e-07,0.0019805274302818186
4.329e-07,0.0030430274302818182
4.33e-07,0.0062305274302818184
4.331e-07,0.007043027430281819
4.332e-07,0.002964902430281818
4.333e-07,-0.0009569728748281814
4.334e-07,-0.0009257228697181814
4.335e-07,-0.0009569728748281814
4.336e-07,-0.003910097569718182
4.337e-07,-0.004956972569718181
4.338e-07,0.00048052743028181855
4.339e-07,0.007043027430281819
4.34e-07,0.007371152430281818
4.341e-07,0.0030430274302818182
4.342e-07,-0.00039447286971818147
4.343e-07,-0.0009569728748281814
4.344e-07,0.0005274024302818186
4.345e-07,0.0030430274302818182
4.346e-07,0.004824277430281819
4.347e-07,0.0030430274302818182
4.348e-07,-0.0029413475697181815
4.349e-07,-0.008956972569718181
4.35e-07,-0.009816347569718182
4.351e-07,-0.004956972569718181
4.352e-07,0.0024180274302818185
4.353e-07,0.007043027430281819
4.354e-07,0.006464902430281819
4.355e-07,0.0030430274302818182
4.356e-07,0.00013677743028181867
4.357e-07,-0.0009569728748281814
4.358e-07,-0.0010663478697181814
4.359e-07,-0.0009569728748281814
4.36e-07,-0.0009100978697181814
4.361e-07,-0.0009569728748281814
4.362e-07,-0.0010663478697181814
4.363e-07,-0.0009569728748281814
4.364e-07,-0.0005663478697181814
4.365e-07,-0.0009569728748281814
4.366e-07,-0.0025350975697181815
4.367e-07,-0.004956972569718181
4.368e-07,-0.0063632225697181815
4.369e-07,-0.004956972569718181
4.37e-07,-0.0008632228697181814
4.371e-07,0.0030430274302818182
4.372e-07,0.004089902430281818
4.373e-07,0.0030430274302818182
4.374e-07,0.0013399024302818184
4.375e-07,-0.0009569728748281814
4.376e-07,-0.0036600975697181812
4.377e-07,-0.004956972569718181
4.378e-07,-0.004300722569718181
4.379e-07,-0.004956972569718181
4.38e-07,-0.007894472569718182
4.381e-07,-0.008956972569718181
4.382e-07,-0.005050722569718181
4.383e-07,-0.0009569728748281814
4.384e-07,-0.00048822286971818144
4.385e-07,-0.0009569728748281814
4.386e-07,0.0011992774302818188
4.387e-07,0.0030430274302818182
4.388e-07,0.0013555274302818185
4.389e-07,-0.0009569728748281814
4.39e-07,-1.9472869718181458e-05
4.391e-07,0.0030430274302818182
4.392e-07,0.0042617774302818184
4.393e-07,0.0030430274302818182
4.394e-07,0.0016992774302818188
4.395e-07,0.0030430274302818182
4.396e-07,0.006152402430281818
4.397e-07,0.007043027430281819
4.398e-07,0.0034649024302818186
4.399e-07,-0.0009569728748281814
4.4e-07,-0.002081972569718181
4.401e-07,-0.0009569728748281814
4.402e-07,-0.0005975978697181814
4.403e-07,-0.0009569728748281814
4.404e-07,-0.0007694728697181814
4.405e-07,-0.0009569728748281814
4.406e-07,-0.0017694728697181814
4.407e-07,-0.0009569728748281814
4.408e-07,0.0021367774302818187
4.409e-07,0.0030430274302818182
4.41e-07,-0.0005663478697181814
4.411e-07,-0.004956972569718181
4.412e-07,-0.005753847569718182
4.413e-07,-0.004956972569718181
4.414e-07,-0.005238222569718181
4.415e-07,-0.004956972569718181
4.416e-07,-0.0015663478697181814
4.417e-07,0.0030430274302818182
4.418e-07,0.005746152430281819
4.419e-07,0.007043027430281819
4.42e-07,0.007902402430281818
4.421e-07,0.007043027430281819
4.422e-07,0.0032149024302818184
4.423e-07,-0.0009569728748281814
4.424e-07,-0.0033163475697181814
4.425e-07,-0.004956972569718181
4.426e-07,-0.006222597569718181
4.427e-07,-0.004956972569718181
4.428e-07,-0.00037884786971818145
4.429e-07,0.0030430274302818182
4.43e-07,0.0020586524302818186
4.431e-07,-0.0009569728748281814
4.432e-07,-0.0010194728797181813
4.433e-07,0.0030430274302818182
4.434e-07,0.007308652430281819
4.435e-07,0.007043027430281819
4.436e-07,0.0021836524302818188
4.437e-07,-0.0009569728748281814
4.438e-07,0.0008086524302818186
4.439e-07,0.0030430274302818182
4.44e-07,0.0004180274302818185
4.441e-07,-0.004956972569718181
4.442e-07,-0.007113222569718181
4.443e-07,-0.004956972569718181
4.444e-07,-0.0016132228697181815
4.445e-07,-0.0009569728748281814
4.446e-07,-0.0029413475697181815
4.447e-07,-0.004956972569718181
4.448e-07,-0.004081972569718182
4.449e-07,-0.0009569728748281814
4.45e-07,0.0019336524302818185
4.451e-07,0.0030430274302818182
4.452e-07,0.0028242774302818185
4.453e-07,0.0030430274302818182
4.454e-07,0.0034649024302818186
4.455e-07,0.0030430274302818182
4.456e-07,0.0010430274302818186
4.457e-07,-0.0009569728748281814
4.458e-07,-0.0014257228697181815
4.459e-07,-0.0009569728748281814
4.46e-07,-0.0016757228697181813
4.461e-07,-0.004956972569718181
4.462e-07,-0.008550722569718183
4.463e-07,-0.008956972569718181
4.464e-07,-0.005019472569718181
4.465e-07,-0.0009569728748281814
4.466e-07,-0.00014447286971818146
4.467e-07,-0.0009569728748281814
4.468e-07,7.427743028181862e-05
4.469e-07,0.0030430274302818182
4.47e-07,0.004714902430281819
4.471e-07,0.0030430274302818182
4.472e-07,-0.0011913478697181813
4.473e-07,-0.004956972569718181
4.474e-07,-0.006050722569718181
4.475e-07,-0.004956972569718181
4.476e-07,-0.003972597569718182
4.477e-07,-0.004956972569718181
4.478e-07,-0.0063788475697181815
4.479e-07,-0.004956972569718181
4.48e-07,-0.00025384786971818145
4.481e-07,0.0030430274302818182
4.482e-07,0.0017617774302818184
4.483e-07,-0.0009569728748281814
4.484e-07,-0.0014257228697181815
4.485e-07,-0.0009569728748281814
4.486e-07,-0.0024725975697181815
4.487e-07,-0.004956972569718181
4.488e-07,-0.005738222569718182
4.489e-07,-0.004956972569718181
4.49e-07,-0.0043944725697181814
4.491e-07,-0.004956972569718181
4.492e-07,-0.0055038475697181816
4.493e-07,-0.004956972569718181
4.494e-07,-0.0028788475697181814
4.495e-07,-0.0009569728748281814
4.496e-07,-0.0006132228697181814
4.497e-07,-0.0009569728748281814
4.498e-07,-0.0009569728748281814
4.499e-07,-0.0009569728748281814
4.5e-07,-0.0012225978697181813
4.501e-07,-0.0009569728748281814
4.502e-07,-0.0002069728697181814
4.503e-07,-0.0009569728748281814
4.504e-07,-0.004535097569718182
4.505e-07,-0.008956972569718181
4.506e-07,-0.009956972569718182
4.507e-07,-0.004956972569718181
4.508e-07,0.0031992774302818184
4.509e-07,0.007043027430281819
4.51e-07,0.0036367774302818187
4.511e-07,-0.0009569728748281814
4.512e-07,-0.0014413478697181815
4.513e-07,-0.0009569728748281814
4.514e-07,-0.004331972569718181
4.515e-07,-0.008956972569718181
4.516e-07,-0.009238222569718181
4.517e-07,-0.004956972569718181
4.518e-07,0.00012115243028181866
4.519e-07,0.0030430274302818182
4.52e-07,0.0026367774302818187
4.521e-07,-0.0009569728748281814
4.522e-07,-0.005831972569718182
4.523e-07,-0.008956972569718181
4.524e-07,-0.00828509756971818
4.525e-07,-0.004956972569718181
4.526e-07,-0.0015975978697181815
4.527e-07,-0.0009569728748281814
4.528e-07,-0.0029882225697181815
4.529e-07,-0.004956972569718181
4.53e-07,-0.005035097569718181
4.531e-07,-0.004956972569718181
4.532e-07,-0.005566347569718182
4.533e-07,-0.004956972569718181
4.534e-07,-0.0012694728697181814
4.535e-07,0.0030430274302818182
4.536e-07,0.0044024024302818186
4.537e-07,0.0030430274302818182
4.538e-07,0.0009024024302818185
4.539e-07,-0.0009569728748281814
4.54e-07,-0.002113222569718181
4.541e-07,-0.0009569728748281814
4.542e-07,0.0020117774302818186
4.543e-07,0.0030430274302818182
4.544e-07,0.0006367774302818185
4.545e-07,-0.0009569728748281814
4.546e-07,8.990243028181863e-05
4.547e-07,-0.0009569728748281814
4.548e-07,-0.006144472569718181
4.549e-07,-0.008956972569718181
4.55e-07,-0.003910097569718182
4.551e-07,0.0030430274302818182
4.552e-07,0.003683652430281819
4.553e-07,-0.0009569728748281814
4.554e-07,-0.004706972569718181
4.555e-07,-0.004956972569718181
4.556e-07,-0.0029725975697181815
4.557e-07,-0.0009569728748281814
4.558e-07,-0.0001913478697181814
4.559e-07,-0.0009569728748281814
4.56e-07,-0.0027382225697181817
4.561e-07,-0.004956972569718181
4.562e-07,-0.006300722569718181
4.563e-07,-0.004956972569718181
4.564e-07,-0.0017225978697181813
4.565e-07,-0.0009569728748281814
4.566e-07,-0.003910097569718182
4.567e-07,-0.004956972569718181
4.568e-07,-0.0008788478697181815
4.569e-07,0.0030430274302818182
4.57e-07,0.0009492774302818185
4.571e-07,-0.004956972569718181
4.572e-07,-0.008769472569718181
4.573e-07,-0.008956972569718181
4.574e-07,-0.00806634756971818
4.575e-07,-0.008956972569718181
4.576e-07,-0.01030072256971818
4.577e-07,-0.008956972569718181
4.578e-07,-0.004175722569718181
4.579e-07,-0.0009569728748281814
4.58e-07,-0.0024100975697181814
4.581e-07,-0.004956972569718181
4.582e-07,-0.003910097569718182
4.583e-07,-0.0009569728748281814
4.584e-07,-0.00012884786971818145
4.585e-07,-0.0009569728748281814
4.586e-07,-0.0013319728697181814
4.587e-07,-0.0009569728748281814
4.588e-07,-0.0009725978797181814
4.589e-07,-0.0009569728748281814
4.59e-07,-0.0005507228697181814
4.591e-07,-0.0009569728748281814
4.592e-07,-0.0027225975697181817
4.593e-07,-0.004956972569718181
4.594e-07,-0.005816347569718182
4.595e-07,-0.004956972569718181
4.596e-07,-0.0029882225697181815
4.597e-07,-0.0009569728748281814
4.598e-07,0.0009024024302818185
4.599e-07,0.0030430274302818182
4.6e-07,0.005418027430281819
4.601e-07,0.007043027430281819
4.602e-07,0.006168027430281818
4.603e-07,0.0030430274302818182
4.604e-07,-0.0012538478697181814
4.605e-07,-0.004956972569718181
4.606e-07,-0.006519472569718182
4.607e-07,-0.004956972569718181
4.608e-07,-0.0018163478697181814
4.609e-07,-0.0009569728748281814
4.61e-07,-0.0031600975697181812
4.611e-07,-0.004956972569718181
4.612e-07,-0.0033632225697181814
4.613e-07,-0.0009569728748281814
4.614e-07,-0.0014882228697181816
4.615e-07,-0.004956972569718181
4.616e-07,-0.007253847569718181
4.617e-07,-0.004956972569718181
4.618e-07,0.00046490243028181853
4.619e-07,0.0030430274302818182
4.62e-07,-0.0003007228697181814
4.621e-07,-0.004956972569718181
4.622e-07,-0.005988222569718181
4.623e-07,-0.004956972569718181
4.624e-07,-0.005019472569718181
4.625e-07,-0.004956972569718181
4.626e-07,-0.0026444725697181816
4.627e-07,-0.0009569728748281814
4.628e-07,-0.0024413475697181814
4.629e-07,-0.004956972569718181
4.63e-07,-0.0054100975697181815
4.631e-07,-0.004956972569718181
4.632e-07,-0.005160097569718181
4.633e-07,-0.004956972569718181
4.634e-07,-0.002066347569718181
4.635e-07,0.0030430274302818182
4.636e-07,0.007089902430281819
4.637e-07,0.007043027430281819
4.638e-07,0.0028867774302818185
4.639e-07,-0.0009569728748281814
4.64e-07,-0.0017225978697181813
4.641e-07,-0.0009569728748281814
4.642e-07,-0.0012225978697181813
4.643e-07,-0.0009569728748281814
4.644e-07,0.0012774024302818184
4.645e-07,0.0030430274302818182
4.646e-07,0.0017930274302818184
4.647e-07,-0.0009569728748281814
4.648e-07,-0.0029257225697181814
4.649e-07,-0.004956972569718181
4.65e-07,-0.007581972569718182
4.651e-07,-0.008956972569718181
4.652e-07,-0.0063788475697181815
4.653e-07,-0.0009569728748281814
4.654e-07,0.0034961524302818186
4.655e-07,0.0030430274302818182
4.656e-07,-0.0016757228697181813
4.657e-07,-0.004956972569718181
4.658e-07,-0.0034257225697181815
4.659e-07,-0.0009569728748281814
4.66e-07,-0.0011600978697181815
4.661e-07,-0.0009569728748281814
4.662e-07,0.0017774024302818184
4.663e-07,0.0030430274302818182
4.664e-07,-0.0008788478697181815
4.665e-07,-0.004956972569718181
4.666e-07,-0.003910097569718182
4.667e-07,-0.0009569728748281814
4.668e-07,-0.0013788478697181815
4.669e-07,-0.004956972569718181
4.67e-07,-0.007894472569718182
4.671e-07,-0.008956972569718181
4.672e-07,-0.008800722569718181
4.673e-07,-0.008956972569718181
4.674e-07,-0.008144472569718182
4.675e-07,-0.004956972569718181
4.676e-07,0.0002930274302818186
4.677e-07,0.0030430274302818182
4.678e-07,0.0012774024302818184
4.679e-07,-0.0009569728748281814
4.68e-07,0.0002774024302818186
4.681e-07,0.0030430274302818182
4.682e-07,0.0036367774302818187
4.683e-07,0.0030430274302818182
4.684e-07,0.003949277430281818
4.685e-07,0.007043027430281819
4.686e-07,0.00896490243028182
4.687e-07,0.007043027430281819
4.688e-07,0.0020899024302818187
4.689e-07,-0.0009569728748281814
4.69e-07,0.0005117774302818186
4.691e-07,0.0030430274302818182
4.692e-07,0.0022617774302818184
4.693e-07,-0.0009569728748281814
4.694e-07,-0.0024882225697181815
4.695e-07,-0.0009569728748281814
4.696e-07,0.0019649024302818186
4.697e-07,0.0030430274302818182
4.698e-07,0.0015274024302818186
4.699e-07,-0.0009569728748281814
4.7e-07,-0.0018319728697181814
4.701e-07,-0.0009569728748281814
4.702e-07,0.0008242774302818186
4.703e-07,0.0030430274302818182
4.704e-07,0.0053242774302818185
4.705e-07,0.007043027430281819
4.706e-07,0.007277402430281819
4.707e-07,0.007043027430281819
4.708e-07,0.007027402430281819
4.709e-07,0.007043027430281819
4.71e-07,0.005714902430281819
4.711e-07,0.0030430274302818182
4.712e-07,-0.0009100978697181814
4.713e-07,-0.004956972569718181
4.714e-07,-0.006941347569718181
4.715e-07,-0.004956972569718181
4.716e-07,0.00021490243028181853
4.717e-07,0.0030430274302818182
4.718e-07,0.0004492774302818185
4.719e-07,-0.004956972569718181
4.72e-07,-0.008175722569718182
4.721e-07,-0.008956972569718181
4.722e-07,-0.007753847569718182
4.723e-07,-0.004956972569718181
4.724e-07,-0.0005194728697181814
4.725e-07,0.0030430274302818182
4.726e-07,0.003886777430281819
4.727e-07,0.0030430274302818182
4.728e-07,0.0035274024302818187
4.729e-07,0.007043027430281819
4.73e-07,0.011089901430281818
4.731e-07,0.011043031430281819
4.732e-07,0.005980527430281818
4.733e-07,0.0030430274302818182
4.734e-07,0.0063242774302818185
4.735e-07,0.011043031430281819
4.736e-07,0.010730531430281819
4.737e-07,0.007043027430281819
4.738e-07,0.0043555274302818185
4.739e-07,0.0030430274302818182
4.74e-07,0.0011211524302818187
4.741e-07,-0.0009569728748281814
4.742e-07,-0.0005194728697181814
4.743e-07,0.0030430274302818182
4.744e-07,0.006902402430281819
4.745e-07,0.007043027430281819
4.746e-07,0.0028555274302818185
4.747e-07,-0.0009569728748281814
4.748e-07,-3.509786971818147e-05
4.749e-07,0.0030430274302818182
4.75e-07,0.0033555274302818185
4.751e-07,-0.0009569728748281814
4.752e-07,-0.006535097569718182
4.753e-07,-0.008956972569718181
4.754e-07,-0.006144472569718181
4.755e-07,-0.0009569728748281814
4.756e-07,0.0035586524302818187
4.757e-07,0.007043027430281819
4.758e-07,0.009824281430281818
4.759e-07,0.011043031430281819
4.76e-07,0.00941803143028182
4.761e-07,0.007043027430281819
4.762e-07,0.005168027430281818
4.763e-07,0.0030430274302818182
4.764e-07,-0.0009100978697181814
4.765e-07,-0.004956972569718181
4.766e-07,-0.006535097569718182
4.767e-07,-0.004956972569718181
4.768e-07,-0.0019413478697181813
4.769e-07,-0.0009569728748281814
4.77e-07,-0.0026600975697181816
4.771e-07,-0.004956972569718181
4.772e-07,-0.005222597569718181
4.773e-07,-0.004956972569718181
4.774e-07,-0.005191347569718181
4.775e-07,-0.004956972569718181
4.776e-07,-0.0029257225697181814
4.777e-07,-0.0009569728748281814
4.778e-07,-0.0007225978697181814
4.779e-07,-0.0009569728748281814
4.78e-07,0.00048052743028181855
4.781e-07,0.0030430274302818182
4.782e-07,0.0043242774302818185
4.783e-07,0.0030430274302818182
4.784e-07,0.0001992774302818185
4.785e-07,-0.0009569728748281814
4.786e-07,0.0006680274302818185
4.787e-07,0.0030430274302818182
4.788e-07,0.003683652430281819
4.789e-07,0.0030430274302818182
4.79e-07,0.0027305274302818184
4.791e-07,0.0030430274302818182
4.792e-07,0.0022461524302818184
4.793e-07,-0.0009569728748281814
4.794e-07,-0.004628847569718181
4.795e-07,-0.004956972569718181
4.796e-07,-0.0008632228697181814
4.797e-07,0.0030430274302818182
4.798e-07,0.0025586524302818187
4.799e-07,-0.0009569728748281814
4.8e-07,-0.0028007225697181813
4.801e-07,-0.0009569728748281814
4.802e-07,0.0023242774302818184
4.803e-07,0.0030430274302818182
4.804e-07,0.0006524024302818185
4.805e-07,-0.0009569728748281814
4.806e-07,0.0007305274302818186
4.807e-07,0.0030430274302818182
4.808e-07,0.0021055274302818187
4.809e-07,-0.0009569728748281814
4.81e-07,-0.0023163475697181813
4.811e-07,-0.0009569728748281814
4.812e-07,0.0015117774302818186
4.813e-07,0.0030430274302818182
4.814e-07,0.0023399024302818185
4.815e-07,-0.0009569728748281814
4.816e-07,-0.0044882225697181815
4.817e-07,-0.004956972569718181
4.818e-07,-0.0013163478697181814
4.819e-07,0.0030430274302818182
4.82e-07,0.004574277430281819
4.821e-07,0.0030430274302818182
4.822e-07,0.0015117774302818186
4.823e-07,0.0030430274302818182
4.824e-07,0.006418027430281819
4.825e-07,0.007043027430281819
4.826e-07,0.002996152430281818
4.827e-07,-0.0009569728748281814
4.828e-07,-0.0005194728697181814
4.829e-07,0.0030430274302818182
4.83e-07,0.004808652430281819
4.831e-07,0.0030430274302818182
4.832e-07,0.00021490243028181853
4.833e-07,-0.0009569728748281814
4.834e-07,-0.0003319728697181814
4.835e-07,-0.0009569728748281814
4.836e-07,-0.0045194725697181816
4.837e-07,-0.008956972569718181
4.838e-07,-0.009644472569718182
4.839e-07,-0.004956972569718181
4.84e-07,0.0024024024302818185
4.841e-07,0.007043027430281819
4.842e-07,0.006449277430281819
4.843e-07,0.0030430274302818182
4.844e-07,0.0003086524302818186
4.845e-07,-0.0009569728748281814
4.846e-07,-0.0024257225697181814
4.847e-07,-0.004956972569718181
4.848e-07,-0.006597597569718182
4.849e-07,-0.004956972569718181
4.85e-07,-0.00039447286971818147
4.851e-07,0.0030430274302818182
4.852e-07,0.0023086524302818184
4.853e-07,-0.0009569728748281814
4.854e-07,-0.0026913475697181817
4.855e-07,-0.0009569728748281814
4.856e-07,0.0021836524302818188
4.857e-07,0.0030430274302818182
4.858e-07,0.0008086524302818186
4.859e-07,-0.0009569728748281814
4.86e-07,-0.0003475978697181814
4.861e-07,-0.0009569728748281814
4.862e-07,-0.005035097569718181
4.863e-07,-0.008956972569718181
4.864e-07,-0.008113222569718182
4.865e-07,-0.004956972569718181
4.866e-07,-0.0027850975697181813
4.867e-07,-0.0009569728748281814
4.868e-07,0.0029492774302818186
4.869e-07,0.007043027430281819
4.87e-07,0.008246152430281819
4.871e-07,0.007043027430281819
4.872e-07,0.005058652430281818
4.873e-07,0.0030430274302818182
4.874e-07,0.0016367774302818187
4.875e-07,0.0030430274302818182
4.876e-07,0.0062774024302818185
4.877e-07,0.007043027430281819
4.878e-07,0.0031211524302818183
4.879e-07,-0.0009569728748281814
4.88e-07,-0.0004725978697181814
4.881e-07,0.0030430274302818182
4.882e-07,0.004824277430281819
4.883e-07,0.0030430274302818182
4.884e-07,0.00013677743028181867
4.885e-07,-0.0009569728748281814
4.886e-07,0.0006367774302818185
4.887e-07,0.0030430274302818182
4.888e-07,0.002996152430281818
4.889e-07,-0.0009569728748281814
4.89e-07,-0.005519472569718182
4.891e-07,-0.004956972569718181
4.892e-07,0.0016680274302818187
4.893e-07,0.007043027430281819
4.894e-07,0.005136777430281818
4.895e-07,-0.0009569728748281814
4.896e-07,-0.004800722569718181
4.897e-07,-0.004956972569718181
4.898e-07,-0.0032694725697181813
4.899e-07,-0.0009569728748281814
4.9e-07,0.0018555274302818185
4.901e-07,0.0030430274302818182
4.902e-07,0.0014336524302818185
4.903e-07,-0.0009569728748281814
4.904e-07,-0.0018007228697181814
4.905e-07,-0.0009569728748281814
4.906e-07,0.0008242774302818186
4.907e-07,0.0030430274302818182
4.908e-07,0.005214902430281818
4.909e-07,0.007043027430281819
4.91e-07,0.006699277430281819
4.911e-07,0.0030430274302818182
4.912e-07,-0.0022538475697181813
4.913e-07,-0.004956972569718181
4.914e-07,-0.0032382225697181813
4.915e-07,-0.0009569728748281814
4.916e-07,-0.0019725975697181815
4.917e-07,-0.004956972569718181
4.918e-07,-0.005144472569718181
4.919e-07,-0.0009569728748281814
4.92e-07,0.004855527430281819
4.921e-07,0.007043027430281819
4.922e-07,0.003777402430281819
4.923e-07,-0.0009569728748281814
4.924e-07,-0.0026288475697181816
4.925e-07,-0.0009569728748281814
4.926e-07,0.0013867774302818185
4.927e-07,0.0030430274302818182
4.928e-07,0.0036367774302818187
4.929e-07,0.0030430274302818182
4.93e-07,0.0011055274302818187
4.931e-07,-0.0009569728748281814
4.932e-07,-0.0016600978697181813
4.933e-07,-0.0009569728748281814
4.934e-07,1.177713028181857e-05
4.935e-07,-0.0009569728748281814
4.936e-07,-0.0036600975697181812
4.937e-07,-0.004956972569718181
4.938e-07,-0.0029725975697181815
4.939e-07,-0.0009569728748281814
4.94e-07,-0.0010350978797181813
4.941e-07,-0.0009569728748281814
4.942e-07,0.0013711524302818185
4.943e-07,0.0030430274302818182
4.944e-07,0.0012930274302818184
4.945e-07,-0.0009569728748281814
4.946e-07,2.7402130281818475e-05
4.947e-07,0.0030430274302818182
4.948e-07,0.0042617774302818184
4.949e-07,0.0030430274302818182
4.95e-07,0.0008086524302818186
4.951e-07,-0.0009569728748281814
4.952e-07,-0.0017382228697181814
4.953e-07,-0.0009569728748281814
4.954e-07,0.00024615243028181855
4.955e-07,-0.0009569728748281814
4.956e-07,-0.004097597569718182
4.957e-07,-0.004956972569718181
4.958e-07,-0.0020038475697181815
4.959e-07,-0.0009569728748281814
4.96e-07,-0.005019472569718181
4.961e-07,-0.008956972569718181
4.962e-07,-0.006628847569718182
4.963e-07,-0.0009569728748281814
4.964e-07,0.0024024024302818185
4.965e-07,0.0030430274302818182
4.966e-07,0.0031524024302818183
4.967e-07,0.0030430274302818182
4.968e-07,0.0013555274302818185
4.969e-07,-0.0009569728748281814
4.97e-07,-0.0019725975697181815
4.971e-07,-0.0009569728748281814
4.972e-07,0.00026177743028181857
4.973e-07,-0.0009569728748281814
4.974e-07,-0.005191347569718181
4.975e-07,-0.008956972569718181
4.976e-07,-0.008488222569718182
4.977e-07,-0.004956972569718181
4.978e-07,-0.0015975978697181815
4.979e-07,-0.0009569728748281814
4.98e-07,-0.0026444725697181816
4.981e-07,-0.004956972569718181
4.982e-07,-0.005925722569718181
4.983e-07,-0.004956972569718181
4.984e-07,-0.0025507225697181815
4.985e-07,-0.0009569728748281814
4.986e-07,-0.0008632228697181814
4.987e-07,-0.0009569728748281814
4.988e-07,-0.0006288478697181815
4.989e-07,-0.0009569728748281814
4.99e-07,-0.0019100978697181815
4.991e-07,-0.0009569728748281814
4.992e-07,0.0030742774302818182
4.993e-07,0.007043027430281819
4.994e-07,0.006808652430281819
4.995e-07,0.0030430274302818182
4.996e-07,-0.0005507228697181814
4.997e-07,-0.0009569728748281814
4.998e-07,0.0013086524302818184
4.999e-07,0.0030430274302818182
5e-07,0.0018711524302818185
5.001e-07,-0.0009569728748281814
5.002e-07,-0.0023319725697181813
5.003e-07,-0.0009569728748281814
5.004e-07,0.0018399024302818185
5.005e-07,0.0030430274302818182
5.006e-07,0.0016211524302818187
5.007e-07,-0.0009569728748281814
5.008e-07,-0.002144472569718181
5.009e-07,-0.0009569728748281814
5.01e-07,0.0014649024302818186
5.011e-07,0.0030430274302818182
5.012e-07,0.0031992774302818184
5.013e-07,0.0030430274302818182
5.014e-07,0.0032774024302818184
5.015e-07,0.0030430274302818182
5.016e-07,0.0013086524302818184
5.017e-07,-0.0009569728748281814
5.018e-07,-0.0018163478697181814
5.019e-07,-0.0009569728748281814
5.02e-07,0.0009649024302818185
5.021e-07,0.0030430274302818182
5.022e-07,0.004089902430281818
5.023e-07,0.0030430274302818182
5.024e-07,0.0004180274302818185
5.025e-07,-0.0009569728748281814
5.026e-07,0.0005742774302818186
5.027e-07,0.0030430274302818182
5.028e-07,0.003855527430281819
5.029e-07,0.0030430274302818182
5.03e-07,0.0014492774302818185
5.031e-07,-0.0009569728748281814
5.032e-07,-0.0036757225697181812
5.033e-07,-0.004956972569718181
5.034e-07,-0.0034100975697181814
5.035e-07,-0.0009569728748281814
5.036e-07,1.177713028181857e-05
5.037e-07,-0.0009569728748281814
5.038e-07,-0.0018632228697181815
5.039e-07,-0.0009569728748281814
5.04e-07,0.0015899024302818187
5.041e-07,0.0030430274302818182
5.042e-07,0.0016367774302818187
5.043e-07,-0.0009569728748281814
5.044e-07,-0.002066347569718181
5.045e-07,-0.0009569728748281814
5.046e-07,0.0011367774302818187
5.047e-07,0.0030430274302818182
5.048e-07,0.003855527430281819
5.049e-07,0.0030430274302818182
5.05e-07,0.0009492774302818185
5.051e-07,-0.0009569728748281814
5.052e-07,-0.0014257228697181815
5.053e-07,-0.0009569728748281814
5.054e-07,-0.0005350978697181814
5.055e-07,-0.0009569728748281814
5.056e-07,-0.0014413478697181815
5.057e-07,-0.0009569728748281814
5.058e-07,0.0010274024302818186
5.059e-07,0.0030430274302818182
5.06e-07,0.0036367774302818187
5.061e-07,0.0030430274302818182
5.062e-07,0.0024961524302818186
5.063e-07,0.0030430274302818182
5.064e-07,0.004652402430281819
5.065e-07,0.007043027430281819
5.066e-07,0.008339902430281819
5.067e-07,0.007043027430281819
5.068e-07,0.002964902430281818
5.069e-07,-0.0009569728748281814
5.07e-07,-0.002081972569718181
5.071e-07,-0.0009569728748281814
5.072e-07,2.7402130281818475e-05
5.073e-07,-0.0009569728748281814
5.074e-07,-0.0032694725697181813
5.075e-07,-0.004956972569718181
5.076e-07,-0.003941347569718182
5.077e-07,-0.0009569728748281814
5.078e-07,0.0021680274302818187
5.079e-07,0.0030430274302818182
5.08e-07,0.0013711524302818185
5.081e-07,-0.0009569728748281814
5.082e-07,-0.0019725975697181815
5.083e-07,-0.0009569728748281814
5.084e-07,0.0011524024302818187
5.085e-07,0.0030430274302818182
5.086e-07,0.003746152430281819
5.087e-07,0.0030430274302818182
5.088e-07,0.0011836524302818187
5.089e-07,-0.0009569728748281814
5.09e-07,-0.0028632225697181814
5.091e-07,-0.004956972569718181
5.092e-07,-0.006269472569718181
5.093e-07,-0.004956972569718181
5.094e-07,-0.0007694728697181814
5.095e-07,0.0030430274302818182
5.096e-07,0.003839902430281819
5.097e-07,0.0030430274302818182
5.098e-07,0.0028086524302818184
5.099e-07,0.0030430274302818182
5.1e-07,0.0018555274302818185
5.101e-07,-0.0009569728748281814
5.102e-07,-0.0038163475697181814
5.103e-07,-0.004956972569718181
5.104e-07,-0.004550722569718182
5.105e-07,-0.004956972569718181
5.106e-07,-0.007035097569718181
5.107e-07,-0.008956972569718181
5.108e-07,-0.00784759756971818
5.109e-07,-0.004956972569718181
5.11e-07,-0.0022538475697181813
5.111e-07,-0.0009569728748281814
5.112e-07,-0.0006288478697181815
5.113e-07,-0.0009569728748281814
5.114e-07,-0.0015038478697181816
5.115e-07,-0.0009569728748281814
5.116e-07,0.0011211524302818187
5.117e-07,0.0030430274302818182
5.118e-07,0.0033711524302818185
5.119e-07,0.0030430274302818182
5.12e-07,0.0019649024302818186
5.121e-07,-0.0009569728748281814
5.122e-07,-0.004769472569718181
5.123e-07,-0.004956972569718181
5.124e-07,0.0007305274302818186
5.125e-07,0.007043027430281819
5.126e-07,0.007808652430281818
5.127e-07,0.0030430274302818182
5.128e-07,-0.0025507225697181815
5.129e-07,-0.004956972569718181
5.13e-07,-0.0034257225697181815
5.131e-07,-0.0009569728748281814
5.132e-07,0.0009180274302818185
5.133e-07,0.0030430274302818182
5.134e-07,0.005761777430281819
5.135e-07,0.007043027430281819
5.136e-07,0.0052617774302818185
5.137e-07,0.0030430274302818182
5.138e-07,0.003714902430281819
5.139e-07,0.007043027430281819
5.14e-07,0.00899615243028182
5.141e-07,0.007043027430281819
5.142e-07,0.0021524024302818187
5.143e-07,-0.0009569728748281814
5.144e-07,0.0003086524302818186
5.145e-07,0.0030430274302818182
5.146e-07,0.0028242774302818185
5.147e-07,-0.0009569728748281814
5.148e-07,-0.004847597569718181
5.149e-07,-0.004956972569718181
5.15e-07,-0.0008944728697181815
5.151e-07,0.0030430274302818182
5.152e-07,0.003918027430281819
5.153e-07,0.0030430274302818182
5.154e-07,0.0019805274302818186
5.155e-07,-0.0009569728748281814
5.156e-07,-0.006081972569718181
5.157e-07,-0.008956972569718181
5.158e-07,-0.005878847569718181
5.159e-07,-0.0009569728748281814
5.16e-07,0.0007149024302818185
5.161e-07,-0.0009569728748281814
5.162e-07,-0.002160097569718181
5.163e-07,-0.0009569728748281814
5.164e-07,0.0014805274302818186
5.165e-07,0.0030430274302818182
5.166e-07,0.0029336524302818186
5.167e-07,0.0030430274302818182
5.168e-07,0.004433652430281819
5.169e-07,0.007043027430281819
5.17e-07,0.007355527430281818
5.171e-07,0.0030430274302818182
5.172e-07,-0.004316347569718181
5.173e-07,-0.008956972569718181
5.174e-07,-0.00856634756971818
5.175e-07,-0.008956972569718181
5.176e-07,-0.013269468569718182
5.177e-07,-0.016956968569718178
5.178e-07,-0.014285098569718182
5.179e-07,-0.008956972569718181
5.18e-07,-0.005878847569718181
5.181e-07,-0.004956972569718181
5.182e-07,-0.0018788478697181815
5.183e-07,0.0030430274302818182
5.184e-07,0.005683652430281819
5.185e-07,0.0030430274302818182
5.186e-07,-0.0037850975697181813
5.187e-07,-0.008956972569718181
5.188e-07,-0.007706972569718182
5.189e-07,-0.0009569728748281814
5.19e-07,0.005543027430281819
5.191e-07,0.007043027430281819
5.192e-07,0.0033399024302818185
5.193e-07,-0.0009569728748281814
5.194e-07,-0.002097597569718181
5.195e-07,-0.0009569728748281814
5.196e-07,-0.0001913478697181814
5.197e-07,-0.0009569728748281814
5.198e-07,-0.0017382228697181814
5.199e-07,-0.0009569728748281814
5.2e-07,0.0011836524302818187
5.201e-07,0.0030430274302818182
5.202e-07,0.0035274024302818187
5.203e-07,0.0030430274302818182
5.204e-07,0.0027461524302818184
5.205e-07,0.0030430274302818182
5.206e-07,0.0031524024302818183
5.207e-07,0.0030430274302818182
5.208e-07,0.0028242774302818185
5.209e-07,0.0030430274302818182
5.21e-07,0.0032930274302818184
5.211e-07,0.0030430274302818182
5.212e-07,0.0015899024302818187
5.213e-07,-0.0009569728748281814
5.214e-07,-0.0034413475697181815
5.215e-07,-0.004956972569718181
5.216e-07,-0.005160097569718181
5.217e-07,-0.004956972569718181
5.218e-07,-0.004925722569718181
5.219e-07,-0.004956972569718181
5.22e-07,-0.0037069725697181813
5.221e-07,-0.0009569728748281814
5.222e-07,0.002214902430281819
5.223e-07,0.0030430274302818182
5.224e-07,8.990243028181863e-05
5.225e-07,-0.004956972569718181
5.226e-07,-0.008753847569718181
5.227e-07,-0.008956972569718181
5.228e-07,-0.005566347569718182
5.229e-07,-0.0009569728748281814
5.23e-07,0.0022461524302818184
5.231e-07,0.0030430274302818182
5.232e-07,0.0015742774302818187
5.233e-07,-0.0009569728748281814
5.234e-07,-0.0033007225697181813
5.235e-07,-0.004956972569718181
5.236e-07,-0.005331972569718181
5.237e-07,-0.004956972569718181
5.238e-07,-0.004597597569718182
5.239e-07,-0.004956972569718181
5.24e-07,-0.005581972569718182
5.241e-07,-0.004956972569718181
5.242e-07,-0.0016132228697181815
5.243e-07,0.0030430274302818182
5.244e-07,0.006418027430281819
5.245e-07,0.007043027430281819
5.246e-07,0.004168027430281818
5.247e-07,-0.0009569728748281814
5.248e-07,-0.005269472569718181
5.249e-07,-0.004956972569718181
5.25e-07,-0.0002069728697181814
5.251e-07,0.0030430274302818182
5.252e-07,0.0004180274302818185
5.253e-07,-0.004956972569718181
5.254e-07,-0.007128847569718181
5.255e-07,-0.004956972569718181
5.256e-07,-0.0006913478697181814
5.257e-07,0.0030430274302818182
5.258e-07,0.004730527430281819
5.259e-07,0.0030430274302818182
5.26e-07,-0.0005663478697181814
5.261e-07,-0.0009569728748281814
5.262e-07,0.0023555274302818185
5.263e-07,0.0030430274302818182
5.264e-07,-0.0016600978697181813
5.265e-07,-0.004956972569718181
5.266e-07,-0.0014413478697181815
5.267e-07,0.0030430274302818182
5.268e-07,0.0010586524302818186
5.269e-07,-0.004956972569718181
5.27e-07,-0.007566347569718182
5.271e-07,-0.004956972569718181
5.272e-07,-0.00025384786971818145
5.273e-07,0.0030430274302818182
5.274e-07,0.003918027430281819
5.275e-07,0.0030430274302818182
5.276e-07,0.0012774024302818184
5.277e-07,-0.0009569728748281814
5.278e-07,-0.0033475975697181814
5.279e-07,-0.004956972569718181
5.28e-07,-0.004050722569718182
5.281e-07,-0.0009569728748281814
5.282e-07,0.0021836524302818188
5.283e-07,0.0030430274302818182
5.284e-07,0.0011367774302818187
5.285e-07,-0.0009569728748281814
5.286e-07,-0.00039447286971818147
5.287e-07,0.0030430274302818182
5.288e-07,0.006636777430281819
5.289e-07,0.007043027430281819
5.29e-07,0.0033711524302818185
5.291e-07,-0.0009569728748281814
5.292e-07,-0.0033632225697181814
5.293e-07,-0.004956972569718181
5.294e-07,-0.006269472569718181
5.295e-07,-0.004956972569718181
5.296e-07,-0.0002850978697181815
5.297e-07,0.0030430274302818182
5.298e-07,0.0016367774302818187
5.299e-07,-0.0009569728748281814
5.3e-07,-8.19728697181814e-05
5.301e-07,0.0030430274302818182
5.302e-07,0.0035274024302818187
5.303e-07,-0.0009569728748281814
5.304e-07,-0.007160097569718181
5.305e-07,-0.008956972569718181
5.306e-07,-0.004925722569718181
5.307e-07,-0.0009569728748281814
5.308e-07,-0.0018319728697181814
5.309e-07,-0.004956972569718181
5.31e-07,-0.004722597569718181
5.311e-07,-0.0009569728748281814
5.312e-07,0.0015899024302818187
5.313e-07,-0.0009569728748281814
5.314e-07,-0.006535097569718182
5.315e-07,-0.008956972569718181
5.316e-07,-0.0054882225697181816
5.317e-07,-0.0009569728748281814
5.318e-07,-0.0010975978697181814
5.319e-07,-0.004956972569718181
5.32e-07,-0.006988222569718181
5.321e-07,-0.004956972569718181
5.322e-07,-0.0014413478697181815
5.323e-07,-0.0009569728748281814
5.324e-07,-0.004597597569718182
5.325e-07,-0.008956972569718181
5.326e-07,-0.009269472569718181
5.327e-07,-0.004956972569718181
5.328e-07,0.0006367774302818185
5.329e-07,0.0030430274302818182
5.33e-07,0.0015117774302818186
5.331e-07,-0.0009569728748281814
5.332e-07,-0.0015975978697181815
5.333e-07,-0.0009569728748281814
5.334e-07,-0.0008319728697181814
5.335e-07,-0.0009569728748281814
5.336e-07,0.0001992774302818185
5.337e-07,0.0030430274302818182
5.338e-07,0.005839902430281819
5.339e-07,0.007043027430281819
5.34e-07,0.005902402430281818
5.341e-07,0.0030430274302818182
5.342e-07,0.00010552743028181865
5.343e-07,-0.0009569728748281814
5.344e-07,-0.0006600978697181815
5.345e-07,-0.0009569728748281814
5.346e-07,-0.002066347569718181
5.347e-07,-0.0009569728748281814
5.348e-07,0.0034961524302818186
5.349e-07,0.007043027430281819
5.35e-07,0.005183652430281818
5.351e-07,-0.0009569728748281814
5.352e-07,-0.006550722569718182
5.353e-07,-0.008956972569718181
5.354e-07,-0.00781634756971818
5.355e-07,-0.004956972569718181
5.356e-07,-0.002128847569718181
5.357e-07,-0.0009569728748281814
5.358e-07,-0.0012069728697181813
5.359e-07,-0.0009569728748281814
5.36e-07,0.0009492774302818185
5.361e-07,0.0030430274302818182
5.362e-07,0.003699277430281819
5.363e-07,0.0030430274302818182
5.364e-07,0.0014649024302818186
5.365e-07,-0.0009569728748281814
5.366e-07,-0.0038788475697181814
5.367e-07,-0.004956972569718181
5.368e-07,-0.0030350975697181815
5.369e-07,-0.0009569728748281814
5.37e-07,-0.0006600978697181815
5.371e-07,-0.0009569728748281814
5.372e-07,-0.0004725978697181814
5.373e-07,-0.0009569728748281814
5.374e-07,-0.0032694725697181813
5.375e-07,-0.004956972569718181
5.376e-07,-0.0025350975697181815
5.377e-07,0.0030430274302818182
5.378e-07,0.007371152430281818
5.379e-07,0.007043027430281819
5.38e-07,0.0024961524302818186
5.381e-07,-0.0009569728748281814
5.382e-07,-0.0001913478697181814
5.383e-07,0.0030430274302818182
5.384e-07,0.004574277430281819
5.385e-07,0.0030430274302818182
5.386e-07,0.0003086524302818186
5.387e-07,-0.0009569728748281814
5.388e-07,-0.0015350978697181814
5.389e-07,-0.004956972569718181
5.39e-07,-0.010613222569718181
5.391e-07,-0.012956968569718182
5.392e-07,-0.007894472569718182
5.393e-07,-0.0009569728748281814
5.394e-07,0.0011992774302818188
5.395e-07,-0.0009569728748281814
5.396e-07,-0.0024100975697181814
5.397e-07,-0.0009569728748281814
5.398e-07,0.0016055274302818187
5.399e-07,0.0030430274302818182
5.4e-07,0.0018867774302818185
5.401e-07,-0.0009569728748281814
5.402e-07,-0.003910097569718182
5.403e-07,-0.004956972569718181
5.404e-07,-0.004550722569718182
5.405e-07,-0.004956972569718181
5.406e-07,-0.006816347569718181
5.407e-07,-0.008956972569718181
5.408e-07,-0.009441347569718182
5.409e-07,-0.008956972569718181
5.41e-07,-0.008691347569718181
5.411e-07,-0.008956972569718181
5.412e-07,-0.00806634756971818
5.413e-07,-0.004956972569718181
5.414e-07,-0.0002069728697181814
5.415e-07,0.0030430274302818182
5.416e-07,0.0023242774302818184
5.417e-07,-0.0009569728748281814
5.418e-07,-0.004925722569718181
5.419e-07,-0.008956972569718181
5.42e-07,-0.011472598569718181
5.421e-07,-0.008956972569718181
5.422e-07,-0.0016600978697181813
5.423e-07,0.0030430274302818182
5.424e-07,0.0004336524302818185
5.425e-07,-0.004956972569718181
5.426e-07,-0.006488222569718182
5.427e-07,-0.004956972569718181
5.428e-07,-0.004191347569718181
5.429e-07,-0.004956972569718181
5.43e-07,-0.004566347569718182
5.431e-07,-0.0009569728748281814
5.432e-07,0.004199277430281818
5.433e-07,0.007043027430281819
5.434e-07,0.005589902430281819
5.435e-07,0.0030430274302818182
5.436e-07,0.0015430274302818186
5.437e-07,-0.0009569728748281814
5.438e-07,-0.005956972569718181
5.439e-07,-0.008956972569718181
5.44e-07,-0.006050722569718181
5.441e-07,-0.0009569728748281814
5.442e-07,0.0009336524302818185
5.443e-07,-0.0009569728748281814
5.444e-07,-0.0034413475697181815
5.445e-07,-0.004956972569718181
5.446e-07,-0.005347597569718181
5.447e-07,-0.004956972569718181
5.448e-07,-0.0034725975697181815
5.449e-07,-0.0009569728748281814
5.45e-07,0.0016055274302818187
5.451e-07,0.0030430274302818182
5.452e-07,0.0020586524302818186
5.453e-07,-0.0009569728748281814
5.454e-07,-0.003988222569718182
5.455e-07,-0.004956972569718181
5.456e-07,-0.004285097569718181
5.457e-07,-0.004956972569718181
5.458e-07,-0.007660097569718182
5.459e-07,-0.008956972569718181
5.46e-07,-0.005706972569718182
5.461e-07,-0.0009569728748281814
5.462e-07,0.0008711524302818187
5.463e-07,-0.0009569728748281814
5.464e-07,-0.0038007225697181814
5.465e-07,-0.004956972569718181
5.466e-07,-0.0035975975697181816
5.467e-07,-0.0009569728748281814
5.468e-07,0.0014649024302818186
5.469e-07,0.0030430274302818182
5.47e-07,0.0026367774302818187
5.471e-07,-0.0009569728748281814
5.472e-07,-0.0063944725697181815
5.473e-07,-0.008956972569718181
5.474e-07,-0.005738222569718182
5.475e-07,-0.0009569728748281814
5.476e-07,0.0005742774302818186
5.477e-07,-0.0009569728748281814
5.478e-07,-0.002144472569718181
5.479e-07,-0.0009569728748281814
5.48e-07,0.0016680274302818187
5.481e-07,0.0030430274302818182
5.482e-07,0.0026055274302818187
5.483e-07,0.0030430274302818182
5.484e-07,0.004480527430281819
5.485e-07,0.0030430274302818182
5.486e-07,-0.0023163475697181813
5.487e-07,-0.004956972569718181
5.488e-07,-0.0009257228697181814
5.489e-07,0.0030430274302818182
5.49e-07,0.0004024024302818185
5.491e-07,-0.004956972569718181
5.492e-07,-0.0054257225697181815
5.493e-07,-0.0009569728748281814
5.494e-07,0.0031211524302818183
5.495e-07,0.0030430274302818182
5.496e-07,0.0003242774302818186
5.497e-07,-0.0009569728748281814
5.498e-07,0.0008086524302818186
5.499e-07,0.0030430274302818182
5.5e-07,0.0021992774302818188
5.501e-07,-0.0009569728748281814
5.502e-07,-0.0027850975697181813
5.503e-07,-0.0009569728748281814
5.504e-07,0.0024024024302818185
5.505e-07,0.0030430274302818182
5.506e-07,-0.00048822286971818144
5.507e-07,-0.004956972569718181
5.508e-07,-0.006175722569718181
5.509e-07,-0.004956972569718181
5.51e-07,-0.004128847569718181
5.511e-07,-0.004956972569718181
5.512e-07,-0.005800722569718182
5.513e-07,-0.004956972569718181
5.514e-07,-0.0015507228697181814
5.515e-07,0.0030430274302818182
5.516e-07,0.006480527430281819
5.517e-07,0.007043027430281819
5.518e-07,0.004089902430281818
5.519e-07,-0.0009569728748281814
5.52e-07,-0.005097597569718181
5.521e-07,-0.004956972569718181
5.522e-07,-0.0005975978697181814
5.523e-07,0.0030430274302818182
5.524e-07,0.0021836524302818188
5.525e-07,-0.0009569728748281814
5.526e-07,-0.0022538475697181813
5.527e-07,-0.0009569728748281814
5.528e-07,0.0012149024302818188
5.529e-07,0.0030430274302818182
5.53e-07,0.003933652430281818
5.531e-07,0.0030430274302818182
5.532e-07,0.0006211524302818187
5.533e-07,-0.0009569728748281814
5.534e-07,-0.0007069728697181814
5.535e-07,-0.0009569728748281814
5.536e-07,-0.0030819725697181816
5.537e-07,-0.004956972569718181
5.538e-07,-0.003910097569718182
5.539e-07,-0.0009569728748281814
5.54e-07,0.0015274024302818186
5.541e-07,0.0030430274302818182
5.542e-07,0.003902402430281819
5.543e-07,0.0030430274302818182
5.544e-07,0.0005586524302818186
5.545e-07,-0.0009569728748281814
5.546e-07,-0.0005194728697181814
5.547e-07,-0.0009569728748281814
5.548e-07,-0.0037069725697181813
5.549e-07,-0.004956972569718181
5.55e-07,-0.0015350978697181814
5.551e-07,0.0030430274302818182
5.552e-07,0.0043867774302818185
5.553e-07,0.0030430274302818182
5.554e-07,0.0013086524302818184
5.555e-07,-0.0009569728748281814
5.556e-07,-0.003910097569718182
5.557e-07,-0.004956972569718181
5.558e-07,-0.0018944728697181815
5.559e-07,0.0030430274302818182
5.56e-07,0.0053555274302818185
5.561e-07,0.0030430274302818182
5.562e-07,-0.0018632228697181815
5.563e-07,-0.004956972569718181
5.564e-07,-0.0038788475697181814
5.565e-07,-0.0009569728748281814
5.566e-07,0.0004180274302818185
5.567e-07,-0.0009569728748281814
5.568e-07,-0.0024882225697181815
5.569e-07,-0.0009569728748281814
5.57e-07,0.0026367774302818187
5.571e-07,0.0030430274302818182
5.572e-07,-0.0015507228697181814
5.573e-07,-0.004956972569718181
5.574e-07,-0.0022225975697181813
5.575e-07,0.0030430274302818182
5.576e-07,0.004699277430281819
5.577e-07,0.0030430274302818182
5.578e-07,0.0011211524302818187
5.579e-07,-0.0009569728748281814
5.58e-07,-0.004706972569718181
5.581e-07,-0.008956972569718181
5.582e-07,-0.010597597569718181
5.583e-07,-0.008956972569718181
5.584e-07,-0.004816347569718181
5.585e-07,-0.0009569728748281814
5.586e-07,0.00046490243028181853
5.587e-07,-0.0009569728748281814
5.588e-07,-0.0035819725697181816
5.589e-07,-0.004956972569718181
5.59e-07,-0.0036757225697181812
5.591e-07,-0.0009569728748281814
5.592e-07,0.0014649024302818186
5.593e-07,0.0030430274302818182
5.594e-07,0.0026367774302818187
5.595e-07,-0.0009569728748281814
5.596e-07,-0.0064725975697181816
5.597e-07,-0.008956972569718181
5.598e-07,-0.005706972569718182
5.599e-07,-0.0009569728748281814
5.6e-07,0.0005586524302818186
5.601e-07,-0.0009569728748281814
5.602e-07,-0.0019413478697181813
5.603e-07,-0.0009569728748281814
5.604e-07,0.0003086524302818186
5.605e-07,-0.0009569728748281814
5.606e-07,-0.004035097569718182
5.607e-07,-0.004956972569718181
5.608e-07,-0.0014257228697181815
5.609e-07,0.0030430274302818182
5.61e-07,0.004246152430281818
5.611e-07,0.0030430274302818182
5.612e-07,0.0024180274302818185
5.613e-07,0.0030430274302818182
5.614e-07,0.0035742774302818187
5.615e-07,0.0030430274302818182
5.616e-07,0.0023555274302818185
5.617e-07,0.0030430274302818182
5.618e-07,0.004136777430281818
5.619e-07,0.0030430274302818182
5.62e-07,-0.0003007228697181814
5.621e-07,-0.0009569728748281814
5.622e-07,0.004183652430281818
5.623e-07,0.011043031430281819
5.624e-07,0.012543031430281818
5.625e-07,0.007043027430281819
5.626e-07,-0.0010975978697181814
5.627e-07,-0.004956972569718181
5.628e-07,-0.0030194725697181815
5.629e-07,-0.0009569728748281814
5.63e-07,-0.0026913475697181817
5.631e-07,-0.004956972569718181
5.632e-07,-0.0035975975697181816
5.633e-07,-0.0009569728748281814
5.634e-07,-0.0013944728697181815
5.635e-07,-0.004956972569718181
5.636e-07,-0.006878847569718181
5.637e-07,-0.004956972569718181
5.638e-07,-0.0012069728697181813
5.639e-07,-0.0009569728748281814
5.64e-07,-0.0054725975697181815
5.641e-07,-0.008956972569718181
5.642e-07,-0.006316347569718181
5.643e-07,-0.0009569728748281814
5.644e-07,0.0020117774302818186
5.645e-07,0.0030430274302818182
5.646e-07,0.004011777430281818
5.647e-07,0.0030430274302818182
5.648e-07,-0.0013007228697181814
5.649e-07,-0.004956972569718181
5.65e-07,-0.004035097569718182
5.651e-07,-0.0009569728748281814
5.652e-07,4.302713028181849e-05
5.653e-07,-0.0009569728748281814
5.654e-07,-0.0014569728697181815
5.655e-07,-0.0009569728748281814
5.656e-07,0.00046490243028181853
5.657e-07,0.0030430274302818182
5.658e-07,0.005214902430281818
5.659e-07,0.0030430274302818182
5.66e-07,-0.0028632225697181814
5.661e-07,-0.004956972569718181
5.662e-07,0.0007305274302818186
5.663e-07,0.007043027430281819
5.664e-07,0.006746152430281819
5.665e-07,0.0030430274302818182
5.666e-07,0.0019336524302818185
5.667e-07,0.0030430274302818182
5.668e-07,0.0031211524302818183
5.669e-07,0.0030430274302818182
5.67e-07,0.004839902430281819
5.671e-07,0.007043027430281819
5.672e-07,0.006464902430281819
5.673e-07,0.0030430274302818182
5.674e-07,-0.00039447286971818147
5.675e-07,-0.0009569728748281814
5.676e-07,0.0014649024302818186
5.677e-07,0.0030430274302818182
5.678e-07,0.0014649024302818186
5.679e-07,-0.0009569728748281814
5.68e-07,-0.0004725978697181814
5.681e-07,0.0030430274302818182
5.682e-07,0.006480527430281819
5.683e-07,0.007043027430281819
5.684e-07,0.004964902430281818
5.685e-07,0.0030430274302818182
5.686e-07,0.0028711524302818185
5.687e-07,0.0030430274302818182
5.688e-07,0.0016836524302818187
5.689e-07,-0.0009569728748281814
5.69e-07,-0.0023007225697181813
5.691e-07,-0.0009569728748281814
5.692e-07,0.0017149024302818188
5.693e-07,0.0030430274302818182
5.694e-07,0.0024961524302818186
5.695e-07,0.0030430274302818182
5.696e-07,0.006761777430281819
5.697e-07,0.011043031430281819
5.698e-07,0.01135553143028182
5.699e-07,0.007043027430281819
5.7e-07,0.0004336524302818185
5.701e-07,-0.004956972569718181
5.702e-07,-0.006769472569718182
5.703e-07,-0.004956972569718181
5.704e-07,-0.0008475978697181814
5.705e-07,0.0030430274302818182
5.706e-07,0.004683652430281819
5.707e-07,0.0030430274302818182
5.708e-07,-3.509786971818147e-05
5.709e-07,-0.0009569728748281814
5.71e-07,0.0015899024302818187
5.711e-07,0.0030430274302818182
5.712e-07,0.0008555274302818187
5.713e-07,-0.0009569728748281814
5.714e-07,0.0009649024302818185
5.715e-07,0.0030430274302818182
5.716e-07,0.0024024024302818185
5.717e-07,0.0030430274302818182
5.718e-07,0.007652402430281818
5.719e-07,0.011043031430281819
5.72e-07,0.007996152430281818
5.721e-07,0.0030430274302818182
5.722e-07,0.0026680274302818188
5.723e-07,0.007043027430281819
5.724e-07,0.010011781430281818
5.725e-07,0.007043027430281819
5.726e-07,-0.00016009786971818147
5.727e-07,-0.004956972569718181
5.728e-07,-0.0036132225697181816
5.729e-07,-0.0009569728748281814
5.73e-07,-0.0018788478697181815
5.731e-07,-0.004956972569718181
5.732e-07,-0.004722597569718181
5.733e-07,-0.0009569728748281814
5.734e-07,0.0035899024302818187
5.735e-07,0.007043027430281819
5.736e-07,0.008371152430281819
5.737e-07,0.007043027430281819
5.738e-07,0.003996152430281818
5.739e-07,0.0030430274302818182
5.74e-07,0.005199277430281818
5.741e-07,0.007043027430281819
5.742e-07,0.004652402430281819
5.743e-07,-0.0009569728748281814
5.744e-07,-0.006222597569718181
5.745e-07,-0.008956972569718181
5.746e-07,-0.00822259756971818
5.747e-07,-0.004956972569718181
5.748e-07,-0.00022259786971818142
5.749e-07,0.0030430274302818182
5.75e-07,0.003730527430281819
5.751e-07,0.0030430274302818182
5.752e-07,0.0027930274302818184
5.753e-07,0.0030430274302818182
5.754e-07,0.0030899024302818183
5.755e-07,0.0030430274302818182
5.756e-07,0.0030742774302818182
5.757e-07,0.0030430274302818182
5.758e-07,0.0026524024302818187
5.759e-07,0.0030430274302818182
5.76e-07,0.003996152430281818
5.761e-07,0.0030430274302818182
5.762e-07,0.00023052743028181854
5.763e-07,-0.0009569728748281814
5.764e-07,0.0013867774302818185
5.765e-07,0.0030430274302818182
5.766e-07,0.0010742774302818186
5.767e-07,-0.0009569728748281814
5.768e-07,0.0016211524302818187
5.769e-07,0.007043027430281819
5.77e-07,0.010636781430281819
5.771e-07,0.011043031430281819
5.772e-07,0.009433651430281818
5.773e-07,0.007043027430281819
5.774e-07,0.004480527430281819
5.775e-07,0.0030430274302818182
5.776e-07,0.0030742774302818182
5.777e-07,0.0030430274302818182
5.778e-07,0.0024336524302818185
5.779e-07,0.0030430274302818182
5.78e-07,0.005449277430281819
5.781e-07,0.007043027430281819
5.782e-07,0.006636777430281819
5.783e-07,0.007043027430281819
5.784e-07,0.009558651430281818
5.785e-07,0.011043031430281819
5.786e-07,0.007871152430281818
5.787e-07,0.0030430274302818182
5.788e-07,0.0011992774302818188
5.789e-07,0.0030430274302818182
5.79e-07,0.004949277430281818
5.791e-07,0.0030430274302818182
5.792e-07,-0.0027850975697181813
5.793e-07,-0.008956972569718181
5.794e-07,-0.010956968569718182
5.795e-07,-0.008956972569718181
5.796e-07,-0.004769472569718181
5.797e-07,-0.0009569728748281814
5.798e-07,0.0019024024302818185
5.799e-07,0.0030430274302818182
5.8e-07,0.0029180274302818185
5.801e-07,0.0030430274302818182
5.802e-07,0.0035586524302818187
5.803e-07,0.0030430274302818182
5.804e-07,0.0007617774302818186
5.805e-07,-0.0009569728748281814
5.806e-07,1.177713028181857e-05
5.807e-07,0.0030430274302818182
5.808e-07,0.004808652430281819
5.809e-07,0.0030430274302818182
5.81e-07,-0.0014257228697181815
5.811e-07,-0.004956972569718181
5.812e-07,-0.0043944725697181814
5.813e-07,-0.0009569728748281814
5.814e-07,0.0024024024302818185
5.815e-07,0.0030430274302818182
5.816e-07,0.0011992774302818188
5.817e-07,-0.0009569728748281814
5.818e-07,-0.0015350978697181814
5.819e-07,-0.0009569728748281814
5.82e-07,0.0004336524302818185
5.821e-07,0.0030430274302818182
5.822e-07,0.006105527430281818
5.823e-07,0.007043027430281819
5.824e-07,0.004855527430281819
5.825e-07,0.0030430274302818182
5.826e-07,0.0043555274302818185
5.827e-07,0.007043027430281819
5.828e-07,0.006839902430281819
5.829e-07,0.0030430274302818182
5.83e-07,-0.0011757228697181815
5.831e-07,-0.0009569728748281814
5.832e-07,0.003824277430281819
5.833e-07,0.007043027430281819
5.834e-07,0.0044024024302818186
5.835e-07,-0.0009569728748281814
5.836e-07,-0.003925722569718182
5.837e-07,-0.004956972569718181
5.838e-07,-0.005660097569718182
5.839e-07,-0.004956972569718181
5.84e-07,-0.0009413478697181814
5.841e-07,0.0030430274302818182
5.842e-07,0.003902402430281819
5.843e-07,0.0030430274302818182
5.844e-07,0.0029024024302818185
5.845e-07,0.0030430274302818182
5.846e-07,0.0025899024302818187
5.847e-07,0.0030430274302818182
5.848e-07,0.005152402430281818
5.849e-07,0.007043027430281819
5.85e-07,0.006136777430281818
5.851e-07,0.0030430274302818182
5.852e-07,8.990243028181863e-05
5.853e-07,-0.0009569728748281814
5.854e-07,-0.0005350978697181814
5.855e-07,-0.0009569728748281814
5.856e-07,-0.0020507225697181815
5.857e-07,-0.0009569728748281814
5.858e-07,0.0033711524302818185
